stock,period,datetime,open,high,low,close,volume,amount,day,raw_close,cum_dr,asof,new_event_day,new_dr
000001.SZ,1d,2016-01-04,7.667825984657465,7.686995549619109,7.175807150641944,7.239705700514089,563497.0,660376153.12,20160104,11.33,1.5649807421309212,20251015,20251015,1.021182
000001.SZ,1d,2016-01-05,7.201366570590801,7.393062220207239,7.124688310744228,7.284434685424592,663269.0,755531353.7200001,20160105,11.4,1.5649807421309212,20251015,20251015,1.021182
000001.SZ,1d,2016-01-06,7.2972143953990205,7.386672365220025,7.278044830437377,7.367502800258381,515706.0,591698520.3600001,20160106,11.530000000000001,1.5649807421309212,20251015,20251015,1.021182
000001.SZ,1d,2016-01-07,7.290824540411806,7.290824540411806,6.971331791051078,6.990501356012722,174761.0,194869493.47000003,20160107,10.94,1.5649807421309212,20251015,20251015,1.021182
000001.SZ,1d,2016-01-08,7.163027440667515,7.214146280565232,6.964941936063864,7.105518745782584,747527.0,831334546.23,20160108,11.120000000000001,1.5649807421309212,20251015,20251015,1.021182
000001.SZ,1d,2016-01-11,7.028840485936009,7.079959325833726,6.8243651263451435,6.87548396624286,732013.0,800683640.99,20160111,10.76,1.5649807421309212,20251015,20251015,1.021182
000001.SZ,1d,2016-01-12,6.920212951153362,6.971331791051078,6.798805706396285,6.907433241178933,561642.0,605970836.99,20160112,10.81,1.5649807421309212,20251015,20251015,1.021182
000001.SZ,1d,2016-01-13,6.9585520810766495,6.9905013560127225,6.837144836319573,6.843534691306788,391709.0,424371697.73,20160113,10.71,1.5649807421309212,20251015,20251015,1.021182
000001.SZ,1d,2016-01-14,6.766856431460212,6.901043386191718,6.696568026600852,6.881873821230074,666314.0,708535004.7,20160114,10.77,1.5649807421309212,20251015,20251015,1.021182
000001.SZ,1d,2016-01-15,6.811585416370715,6.901043386191718,6.658228896677565,6.683788316626423,448202.0,474908142.0300001,20160115,10.459999999999999,1.5649807421309212,20251015,20251015,1.021182
000001.SZ,1d,2016-01-18,6.607110056779849,6.747686866498569,6.581550636830991,6.651839041690351,421040.0,439917816.17999995,20160118,10.41,1.5649807421309212,20251015,20251015,1.021182
000001.SZ,1d,2016-01-19,6.677398461639208,6.888263676217289,6.651839041690351,6.843534691306788,501109.0,532074699.5,20160119,10.71,1.5649807421309212,20251015,20251015,1.021182
000001.SZ,1d,2016-01-20,6.837144836319572,6.901043386191717,6.671008606651994,6.734907156524139,603752.0,640968946.8700001,20160120,10.54,1.5649807421309212,20251015,20251015,1.021182
000001.SZ,1d,2016-01-21,6.696568026600852,6.869094111255645,6.594330346805419,6.594330346805419,606145.0,638127876.8299999,20160121,10.32,1.5649807421309212,20251015,20251015,1.021182
000001.SZ,1d,2016-01-22,6.645449186703136,6.67739846163921,6.530431796933274,6.645449186703136,466752.0,482984450.37000006,20160122,10.4,1.5649807421309212,20251015,20251015,1.021182
000001.SZ,1d,2016-01-25,6.645449186703136,6.671008606651994,6.600720201792634,6.626279621741491,376431.0,390734876.74,20160125,10.37,1.5649807421309212,20251015,20251015,1.021182
000001.SZ,1d,2016-01-26,6.594330346805419,6.594330346805419,6.30039701739355,6.306786872380764,647901.0,653561593.37,20160126,9.87,1.5649807421309212,20251015,20251015,1.021182
000001.SZ,1d,2016-01-27,6.345126002304052,6.377075277240125,6.134260787725972,6.313176727367979,569037.0,558510640.86,20160127,9.879999999999999,1.5649807421309212,20251015,20251015,1.021182
000001.SZ,1d,2016-01-28,6.274837597444692,6.319566582355194,6.166210062662045,6.191769482610902,302540.0,296055319.24,20160128,9.69,1.5649807421309212,20251015,20251015,1.021182
000001.SZ,1d,2016-01-29,6.223718757546975,6.44097382711227,6.191769482610902,6.389854987214553,544435.0,540544459.55,20160129,10.0,1.5649807421309212,20251015,20251015,1.021182
000001.SZ,1d,2016-02-01,6.377075277240125,6.396244842201768,6.223718757546975,6.262057887470263,417732.0,412635642.62999994,20160201,9.8,1.5649807421309212,20251015,20251015,1.021182
000001.SZ,1d,2016-02-02,6.262057887470262,6.409024552176197,6.2492781774958335,6.35790571227848,369104.0,367360499.7,20160202,9.95,1.5649807421309212,20251015,20251015,1.021182
000001.SZ,1d,2016-02-03,6.294007162406335,6.3195665823551925,6.242888322508619,6.294007162406335,274572.0,269997835.61,20160203,9.85,1.5649807421309212,20251015,20251015,1.021182
000001.SZ,1d,2016-02-04,6.319566582355194,6.389854987214553,6.3131767273679795,6.357905712278482,373099.0,370586187.52000004,20160204,9.950000000000001,1.5649807421309212,20251015,20251015,1.021182
000001.SZ,1d,2016-02-05,6.364295567265696,6.370685422252911,6.332346292329623,6.338736147316838,270893.0,269184383.53,20160205,9.92,1.5649807421309212,20251015,20251015,1.021182
000001.SZ,1d,2016-02-15,6.172599917649259,6.294007162406335,6.166210062662045,6.255668032483049,278499.0,271173372.44,20160215,9.790000000000001,1.5649807421309212,20251015,20251015,1.021182
000001.SZ,1d,2016-02-16,6.287617307419121,6.409024552176197,6.2812274524319065,6.396244842201768,428386.0,427507774.18,20160216,10.01,1.5649807421309212,20251015,20251015,1.021182
000001.SZ,1d,2016-02-17,6.409024552176197,6.530431796933274,6.3834651322273395,6.485702812022772,585167.0,590538918.7800001,20160217,10.15,1.5649807421309212,20251015,20251015,1.021182
000001.SZ,1d,2016-02-18,6.504872376984416,6.530431796933274,6.447363682099485,6.447363682099485,406178.0,412337569.83000004,20160218,10.09,1.5649807421309212,20251015,20251015,1.021182
000001.SZ,1d,2016-02-19,6.447363682099485,6.479312957035558,6.3834651322273395,6.4154144071634125,318898.0,320939651.99,20160219,10.040000000000001,1.5649807421309212,20251015,20251015,1.021182
000001.SZ,1d,2016-02-22,6.472923102048344,6.587940491818205,6.428194117137841,6.575160781843777,617739.0,630251514.49,20160222,10.290000000000001,1.5649807421309212,20251015,20251015,1.021182
000001.SZ,1d,2016-02-23,6.575160781843777,6.575160781843777,6.421804262150627,6.466533247061129,425874.0,432315311.35,20160223,10.120000000000001,1.5649807421309212,20251015,20251015,1.021182
000001.SZ,1d,2016-02-24,6.428194117137841,6.485702812022772,6.396244842201768,6.485702812022772,300103.0,302498026.09,20160224,10.15,1.5649807421309212,20251015,20251015,1.021182
000001.SZ,1d,2016-02-25,6.466533247061128,6.472923102048342,6.134260787725972,6.1789897726364735,622072.0,615004743.2700001,20160225,9.67,1.5649807421309212,20251015,20251015,1.021182
000001.SZ,1d,2016-02-26,6.242888322508619,6.2812274524319065,6.172599917649259,6.255668032483049,392154.0,382634662.72,20160226,9.790000000000001,1.5649807421309212,20251015,20251015,1.021182
000001.SZ,1d,2016-02-29,6.255668032483047,6.268447742457478,6.019243397956109,6.108701367777114,566896.0,542183971.78,20160229,9.56,1.5649807421309212,20251015,20251015,1.021182
000001.SZ,1d,2016-03-01,6.1470404977004005,6.242888322508619,6.121481077751542,6.198159337598117,377910.0,365149008.02000004,20160301,9.7,1.5649807421309212,20251015,20251015,1.021182
000001.SZ,1d,2016-03-02,6.23010861253419,6.472923102048344,6.210939047572547,6.4537535370867,676613.0,673626229.31,20160302,10.100000000000001,1.5649807421309212,20251015,20251015,1.021182
000001.SZ,1d,2016-03-03,6.4473636820994855,6.504872376984417,6.4154144071634125,6.460143392073915,553089.0,559045201.6200001,20160303,10.110000000000001,1.5649807421309212,20251015,20251015,1.021182
000001.SZ,1d,2016-03-04,6.447363682099485,6.709347736575282,6.434583972125056,6.645449186703136,1381249.0,1429273062.74,20160304,10.4,1.5649807421309212,20251015,20251015,1.021182
000001.SZ,1d,2016-03-07,6.6134999117670645,6.702957881588067,6.581550636830991,6.607110056779849,606352.0,630155599.1600001,20160307,10.34,1.5649807421309212,20251015,20251015,1.021182
000001.SZ,1d,2016-03-08,6.6198897667542775,6.6198897667542775,6.351515857291266,6.568770926856561,643156.0,650471607.35,20160308,10.28,1.5649807421309212,20251015,20251015,1.021182
000001.SZ,1d,2016-03-09,6.479312957035558,6.530431796933274,6.4154144071634125,6.498482521997202,325900.0,330124892.38,20160309,10.170000000000002,1.5649807421309212,20251015,20251015,1.021182
000001.SZ,1d,2016-03-10,6.543211506907703,6.6134999117670645,6.472923102048344,6.485702812022772,474020.0,486414240.72,20160310,10.15,1.5649807421309212,20251015,20251015,1.021182
000001.SZ,1d,2016-03-11,6.4537535370867,6.530431796933274,6.4154144071634125,6.492092667009986,383736.0,389638934.2,20160311,10.16,1.5649807421309212,20251015,20251015,1.021182
000001.SZ,1d,2016-03-14,6.52404194194606,6.683788316626424,6.52404194194606,6.555991216882133,655158.0,679161304.98,20160314,10.260000000000002,1.5649807421309212,20251015,20251015,1.021182
000001.SZ,1d,2016-03-15,6.568770926856561,6.6198897667542775,6.492092667009986,6.594330346805419,417920.0,428786691.82,20160315,10.32,1.5649807421309212,20251015,20251015,1.021182
000001.SZ,1d,2016-03-16,6.562381071869346,6.677398461639208,6.549601361894918,6.613499911767063,664886.0,690087713.0500001,20160316,10.35,1.5649807421309212,20251015,20251015,1.021182
000001.SZ,1d,2016-03-17,6.619889766754278,6.696568026600852,6.581550636830991,6.658228896677565,610996.0,635181313.4699999,20160317,10.42,1.5649807421309212,20251015,20251015,1.021182
000001.SZ,1d,2016-03-18,6.658228896677565,6.7540767214857835,6.645449186703136,6.73490715652414,797215.0,836565552.7900001,20160318,10.540000000000001,1.5649807421309212,20251015,20251015,1.021182
000001.SZ,1d,2016-03-21,6.741297011511355,6.939382516115006,6.741297011511355,6.901043386191718,920432.0,987764461.92,20160321,10.8,1.5649807421309212,20251015,20251015,1.021182
000001.SZ,1d,2016-03-22,6.881873821230074,6.990501356012722,6.830754981332357,6.849924546294001,625482.0,675406611.44,20160322,10.719999999999999,1.5649807421309212,20251015,20251015,1.021182
000001.SZ,1d,2016-03-23,6.843534691306787,6.881873821230074,6.779636141434641,6.837144836319572,430278.0,458963272.7,20160323,10.7,1.5649807421309212,20251015,20251015,1.021182
000001.SZ,1d,2016-03-24,6.779636141434641,6.792415851409071,6.709347736575282,6.7221274465497105,372406.0,393411544.51,20160324,10.52,1.5649807421309212,20251015,20251015,1.021182
000001.SZ,1d,2016-03-25,6.715737591562496,6.773246286447427,6.709347736575282,6.766856431460212,237070.0,250338489.56000003,20160325,10.59,1.5649807421309212,20251015,20251015,1.021182
000001.SZ,1d,2016-03-28,6.7860259964218566,6.8051955613835,6.67739846163921,6.696568026600852,358621.0,378973327.48,20160328,10.48,1.5649807421309212,20251015,20251015,1.021182
000001.SZ,1d,2016-03-29,6.715737591562497,6.722127446549711,6.632669476728707,6.664618751664781,318317.0,332422397.07,20160329,10.430000000000001,1.5649807421309212,20251015,20251015,1.021182
000001.SZ,1d,2016-03-30,6.696568026600852,6.837144836319573,6.690178171613638,6.837144836319573,539699.0,572627417.13,20160330,10.700000000000001,1.5649807421309212,20251015,20251015,1.021182
000001.SZ,1d,2016-03-31,6.843534691306788,6.869094111255645,6.798805706396285,6.798805706396285,418387.0,447266281.73,20160331,10.64,1.5649807421309212,20251015,20251015,1.021182
000001.SZ,1d,2016-04-01,6.786025996421856,6.830754981332357,6.709347736575282,6.811585416370715,369341.0,391830399.33,20160401,10.66,1.5649807421309212,20251015,20251015,1.021182
000001.SZ,1d,2016-04-05,6.786025996421856,6.907433241178933,6.709347736575282,6.837144836319572,592308.0,632378859.33,20160405,10.7,1.5649807421309212,20251015,20251015,1.021182
000001.SZ,1d,2016-04-06,6.8243651263451435,6.869094111255645,6.779636141434641,6.849924546294001,435259.0,464962437.13000005,20160406,10.719999999999999,1.5649807421309212,20251015,20251015,1.021182
000001.SZ,1d,2016-04-07,6.849924546294002,6.8563144012812165,6.766856431460212,6.766856431460212,377719.0,401949050.57000005,20160407,10.59,1.5649807421309212,20251015,20251015,1.021182
000001.SZ,1d,2016-04-08,6.741297011511355,6.817975271357929,6.709347736575282,6.7540767214857835,376553.0,397998243.93,20160408,10.57,1.5649807421309212,20251015,20251015,1.021182
000001.SZ,1d,2016-04-11,6.773246286447427,6.901043386191717,6.773246286447427,6.849924546294001,786386.0,840486348.21,20160411,10.719999999999999,1.5649807421309212,20251015,20251015,1.021182
000001.SZ,1d,2016-04-12,6.837144836319573,6.843534691306788,6.7860259964218566,6.81797527135793,298599.0,318538001.82000005,20160412,10.670000000000002,1.5649807421309212,20251015,20251015,1.021182
000001.SZ,1d,2016-04-13,6.8563144012812165,7.009670920974366,6.843534691306788,6.907433241178933,856760.0,929858588.49,20160413,10.81,1.5649807421309212,20251015,20251015,1.021182
000001.SZ,1d,2016-04-14,6.952162226089435,6.964941936063864,6.894653531204504,6.926602806140577,323646.0,350702741.47,20160414,10.840000000000002,1.5649807421309212,20251015,20251015,1.021182
000001.SZ,1d,2016-04-15,6.926602806140576,6.9905013560127225,6.901043386191718,6.952162226089435,497224.0,541052858.38,20160415,10.88,1.5649807421309212,20251015,20251015,1.021182
000001.SZ,1d,2016-04-18,6.913823096166148,6.93299266112779,6.8563144012812165,6.8563144012812165,350654.0,377791436.76,20160418,10.73,1.5649807421309212,20251015,20251015,1.021182
000001.SZ,1d,2016-04-19,6.881873821230076,6.907433241178933,6.843534691306788,6.881873821230076,218239.0,234479844.29,20160419,10.770000000000001,1.5649807421309212,20251015,20251015,1.021182
000001.SZ,1d,2016-04-20,6.881873821230074,6.888263676217289,6.6198897667542775,6.7221274465497105,606586.0,640149677.08,20160420,10.52,1.5649807421309212,20251015,20251015,1.021182
000001.SZ,1d,2016-04-21,6.722127446549711,6.792415851409071,6.67739846163921,6.715737591562497,558799.0,588731547.4699999,20160421,10.510000000000002,1.5649807421309212,20251015,20251015,1.021182
000001.SZ,1d,2016-04-22,6.683788316626424,6.7860259964218566,6.651839041690351,6.741297011511355,359677.0,379176139.25,20160422,10.55,1.5649807421309212,20251015,20251015,1.021182
000001.SZ,1d,2016-04-25,6.747686866498569,6.747686866498569,6.658228896677565,6.709347736575282,349257.0,366533376.73,20160425,10.5,1.5649807421309212,20251015,20251015,1.021182
000001.SZ,1d,2016-04-26,6.696568026600852,6.773246286447428,6.683788316626424,6.766856431460213,291699.0,306962513.0,20160426,10.590000000000002,1.5649807421309212,20251015,20251015,1.021182
000001.SZ,1d,2016-04-27,6.760466576472998,6.779636141434641,6.7221274465497105,6.7540767214857835,239553.0,253308584.05,20160427,10.57,1.5649807421309212,20251015,20251015,1.021182
000001.SZ,1d,2016-04-28,6.760466576472998,6.875483966242861,6.73490715652414,6.811585416370715,457460.0,487261220.54,20160428,10.66,1.5649807421309212,20251015,20251015,1.021182
000001.SZ,1d,2016-04-29,6.798805706396285,6.798805706396285,6.741297011511355,6.7540767214857835,404977.0,428582155.01,20160429,10.57,1.5649807421309212,20251015,20251015,1.021182
000001.SZ,1d,2016-05-03,6.760466576472998,6.849924546294001,6.7221274465497105,6.8243651263451435,489102.0,521137502.43000007,20160503,10.68,1.5649807421309212,20251015,20251015,1.021182
000001.SZ,1d,2016-05-04,6.8243651263451435,6.869094111255645,6.811585416370715,6.849924546294002,412435.0,441848167.65000004,20160504,10.72,1.5649807421309212,20251015,20251015,1.021182
000001.SZ,1d,2016-05-05,6.830754981332357,6.849924546294002,6.8051955613835,6.849924546294002,239516.0,256002095.85999998,20160505,10.72,1.5649807421309212,20251015,20251015,1.021182
000001.SZ,1d,2016-05-06,6.8563144012812165,6.8563144012812165,6.7221274465497105,6.7221274465497105,346545.0,367408584.52,20160506,10.52,1.5649807421309212,20251015,20251015,1.021182
000001.SZ,1d,2016-05-09,6.709347736575282,6.728517301536926,6.594330346805419,6.613499911767063,411171.0,428356624.07,20160509,10.35,1.5649807421309212,20251015,20251015,1.021182
000001.SZ,1d,2016-05-10,6.607110056779849,6.626279621741491,6.562381071869346,6.568770926856561,292599.0,301767207.97,20160510,10.28,1.5649807421309212,20251015,20251015,1.021182
000001.SZ,1d,2016-05-11,6.581550636830991,6.671008606651995,6.581550636830991,6.626279621741493,327289.0,339005275.76,20160511,10.370000000000001,1.5649807421309212,20251015,20251015,1.021182
000001.SZ,1d,2016-05-12,6.587940491818205,6.645449186703136,6.549601361894918,6.632669476728707,325885.0,336792700.57,20160512,10.38,1.5649807421309212,20251015,20251015,1.021182
000001.SZ,1d,2016-05-13,6.613499911767063,6.645449186703136,6.600720201792634,6.613499911767063,184266.0,191007255.66,20160513,10.35,1.5649807421309212,20251015,20251015,1.021182
000001.SZ,1d,2016-05-16,6.594330346805419,6.6198897667542775,6.549601361894918,6.6198897667542775,215224.0,221931208.07000002,20160516,10.36,1.5649807421309212,20251015,20251015,1.021182
000001.SZ,1d,2016-05-17,6.6198897667542775,6.626279621741493,6.543211506907703,6.581550636830991,250424.0,257859628.95000002,20160517,10.3,1.5649807421309212,20251015,20251015,1.021182
000001.SZ,1d,2016-05-18,6.575160781843775,6.594330346805419,6.498482521997201,6.581550636830991,534150.0,547076639.38,20160518,10.3,1.5649807421309212,20251015,20251015,1.021182
000001.SZ,1d,2016-05-19,6.562381071869346,6.594330346805419,6.549601361894918,6.549601361894918,170777.0,175591500.42,20160519,10.25,1.5649807421309212,20251015,20251015,1.021182
000001.SZ,1d,2016-05-20,6.543211506907703,6.600720201792634,6.51126223197163,6.58155063683099,206703.0,212277642.00000003,20160520,10.299999999999999,1.5649807421309212,20251015,20251015,1.021182
000001.SZ,1d,2016-05-23,6.600720201792634,6.607110056779849,6.549601361894918,6.568770926856561,323646.0,333300178.49,20160523,10.28,1.5649807421309212,20251015,20251015,1.021182
000001.SZ,1d,2016-05-24,6.562381071869346,6.568770926856561,6.51126223197163,6.5240419419460585,259294.0,265042286.91000003,20160524,10.209999999999999,1.5649807421309212,20251015,20251015,1.021182
000001.SZ,1d,2016-05-25,6.549601361894918,6.568770926856561,6.51126223197163,6.536821651920488,204235.0,209019882.70000002,20160525,10.229999999999999,1.5649807421309212,20251015,20251015,1.021182
000001.SZ,1d,2016-05-26,6.530431796933274,6.562381071869346,6.498482521997201,6.530431796933274,261396.0,266736775.84,20160526,10.22,1.5649807421309212,20251015,20251015,1.021182
000001.SZ,1d,2016-05-27,6.530431796933273,6.575160781843775,6.51126223197163,6.562381071869346,222818.0,228377555.01999998,20160527,10.27,1.5649807421309212,20251015,20251015,1.021182
000001.SZ,1d,2016-05-30,6.5496013618949185,6.568770926856562,6.5176520869588455,6.568770926856562,380946.0,390119748.19,20160530,10.280000000000001,1.5649807421309212,20251015,20251015,1.021182
000001.SZ,1d,2016-05-31,6.555991216882132,6.7540767214857835,6.555991216882132,6.741297011511354,946467.0,991668174.78,20160531,10.549999999999999,1.5649807421309212,20251015,20251015,1.021182
000001.SZ,1d,2016-06-01,6.715737591562496,6.741297011511354,6.671008606651994,6.696568026600851,556750.0,584161145.13,20160601,10.479999999999999,1.5649807421309212,20251015,20251015,1.021182
000001.SZ,1d,2016-06-02,6.690178171613638,6.696568026600852,6.658228896677565,6.683788316626423,293036.0,306269383.37,20160602,10.459999999999999,1.5649807421309212,20251015,20251015,1.021182
000001.SZ,1d,2016-06-03,6.690178171613638,6.7221274465497105,6.651839041690351,6.709347736575282,423389.0,443039580.98,20160603,10.5,1.5649807421309212,20251015,20251015,1.021182
000001.SZ,1d,2016-06-06,6.715737591562497,6.728517301536926,6.67739846163921,6.715737591562497,338332.0,354998364.13,20160606,10.510000000000002,1.5649807421309212,20251015,20251015,1.021182
000001.SZ,1d,2016-06-07,6.7221274465497105,6.728517301536926,6.696568026600852,6.7221274465497105,229282.0,240887148.70000002,20160607,10.52,1.5649807421309212,20251015,20251015,1.021182
000001.SZ,1d,2016-06-08,6.73490715652414,6.73490715652414,6.683788316626424,6.709347736575282,268188.0,281651740.87,20160608,10.5,1.5649807421309212,20251015,20251015,1.021182
000001.SZ,1d,2016-06-13,6.683788316626424,6.690178171613638,6.600720201792634,6.600720201792634,344816.0,358996277.49999994,20160613,10.33,1.5649807421309212,20251015,20251015,1.021182
000001.SZ,1d,2016-06-14,6.607110056779849,6.651839041690351,6.594330346805419,6.645449186703136,273637.0,283578296.52,20160614,10.4,1.5649807421309212,20251015,20251015,1.021182
000001.SZ,1d,2016-06-15,6.600720201792634,6.696568026600852,6.594330346805419,6.671008606651994,378172.0,394033686.13,20160615,10.44,1.5649807421309212,20251015,20251015,1.021182
000001.SZ,1d,2016-06-16,6.671008421346196,6.694360842891165,6.639871859286237,6.671008421346196,386670.0,331192444.67,20160616,8.569999999999999,1.2846633460358592,20251015,20251015,1.021182
000001.SZ,1d,2016-06-17,6.6710084213461975,6.702144983406157,6.647655999801229,6.6787925618611865,315173.0,270236697.97,20160617,8.58,1.2846633460358592,20251015,20251015,1.021182
000001.SZ,1d,2016-06-20,6.686576702376176,6.694360842891165,6.663224280831208,6.694360842891165,270731.0,232205297.92,20160620,8.6,1.2846633460358592,20251015,20251015,1.021182
000001.SZ,1d,2016-06-21,6.702144983406155,6.733281545466115,6.6787925618611865,6.702144983406155,380749.0,327940703.41,20160621,8.61,1.2846633460358592,20251015,20251015,1.021182
000001.SZ,1d,2016-06-22,6.694360842891165,6.795554669586033,6.6787925618611865,6.795554669586033,478002.0,413947368.64000005,20160622,8.73,1.2846633460358592,20251015,20251015,1.021182
000001.SZ,1d,2016-06-23,6.7488498264960946,6.772202248041064,6.717713264436136,6.741065685981105,335614.0,290490407.0,20160623,8.66,1.2846633460358592,20251015,20251015,1.021182
000001.SZ,1d,2016-06-24,6.725497404951124,6.772202248041062,6.632087718771248,6.6710084213461975,427664.0,367771053.91,20160624,8.57,1.2846633460358592,20251015,20251015,1.021182
000001.SZ,1d,2016-06-27,6.6710084213461975,6.725497404951126,6.647655999801229,6.702144983406157,325214.0,280044073.17999995,20160627,8.610000000000001,1.2846633460358592,20251015,20251015,1.021182
000001.SZ,1d,2016-06-28,6.6787925618611865,6.725497404951126,6.663224280831208,6.717713264436136,336519.0,289122213.99,20160628,8.63,1.2846633460358592,20251015,20251015,1.021182
000001.SZ,1d,2016-06-29,6.717713264436136,6.764418107526074,6.709929123921146,6.764418107526074,369611.0,319908689.63,20160629,8.690000000000001,1.2846633460358592,20251015,20251015,1.021182
000001.SZ,1d,2016-06-30,6.764418107526073,6.803338810101023,6.741065685981105,6.772202248041062,362204.0,315051854.72999996,20160630,8.7,1.2846633460358592,20251015,20251015,1.021182
000001.SZ,1d,2016-07-01,6.764418107526073,6.795554669586033,6.7566339670110835,6.779986388556052,348930.0,303652375.25,20160701,8.709999999999999,1.2846633460358592,20251015,20251015,1.021182
000001.SZ,1d,2016-07-04,6.764418107526073,6.896748496280899,6.7488498264960946,6.857827793705951,608257.0,534656909.55,20160704,8.81,1.2846633460358592,20251015,20251015,1.021182
000001.SZ,1d,2016-07-05,6.850043653190959,6.87339607473593,6.826691231645992,6.857827793705949,422037.0,371422814.75,20160705,8.809999999999999,1.2846633460358592,20251015,20251015,1.021182
000001.SZ,1d,2016-07-06,6.850043653190959,6.86561193422094,6.818907091131002,6.84225951267597,322950.0,283827375.8,20160706,8.79,1.2846633460358592,20251015,20251015,1.021182
000001.SZ,1d,2016-07-07,6.842259512675971,6.850043653190961,6.803338810101023,6.8344753721609806,312853.0,274337185.84000003,20160707,8.78,1.2846633460358592,20251015,20251015,1.021182
000001.SZ,1d,2016-07-08,6.842259512675971,6.842259512675971,6.795554669586033,6.803338810101023,261342.0,228778674.11,20160708,8.74,1.2846633460358592,20251015,20251015,1.021182
000001.SZ,1d,2016-07-11,6.811122950616012,6.842259512675971,6.803338810101023,6.811122950616012,365372.0,320333760.68,20160711,8.75,1.2846633460358592,20251015,20251015,1.021182
000001.SZ,1d,2016-07-12,6.811122950616012,6.920100917825868,6.803338810101023,6.912316777310879,711832.0,627505578.42,20160712,8.88,1.2846633460358592,20251015,20251015,1.021182
000001.SZ,1d,2016-07-13,6.912316777310878,7.044647166065703,6.896748496280899,6.997942322975765,798288.0,716797025.3100001,20160713,8.99,1.2846633460358592,20251015,20251015,1.021182
000001.SZ,1d,2016-07-14,6.9823740419457865,7.005726463490755,6.935669198855848,6.959021620400817,359699.0,321889343.31,20160714,8.94,1.2846633460358592,20251015,20251015,1.021182
000001.SZ,1d,2016-07-15,6.966805760915806,7.005726463490755,6.935669198855848,6.997942322975765,352033.0,315555253.54,20160715,8.99,1.2846633460358592,20251015,20251015,1.021182
000001.SZ,1d,2016-07-18,6.997942322975765,7.067999587610673,6.9823740419457865,7.036863025550715,506934.0,457358031.39,20160718,9.040000000000001,1.2846633460358592,20251015,20251015,1.021182
000001.SZ,1d,2016-07-19,7.036863025550715,7.044647166065705,6.966805760915808,6.9823740419457865,362787.0,326046531.03999996,20160719,8.97,1.2846633460358592,20251015,20251015,1.021182
000001.SZ,1d,2016-07-20,6.974589901430797,6.997942322975765,6.966805760915808,6.974589901430797,310926.0,278737194.12,20160720,8.96,1.2846633460358592,20251015,20251015,1.021182
000001.SZ,1d,2016-07-21,6.966805760915808,7.013510604005746,6.966805760915808,6.997942322975765,340261.0,305710332.75,20160721,8.99,1.2846633460358592,20251015,20251015,1.021182
000001.SZ,1d,2016-07-22,6.997942322975765,6.997942322975765,6.943453339370837,6.959021620400817,295549.0,264379250.43,20160722,8.94,1.2846633460358592,20251015,20251015,1.021182
000001.SZ,1d,2016-07-25,6.951237479885827,6.990158182460776,6.935669198855848,6.990158182460776,264682.0,236937494.08,20160725,8.98,1.2846633460358592,20251015,20251015,1.021182
000001.SZ,1d,2016-07-26,6.9823740419457865,7.099136149670633,6.9823740419457865,7.091352009155643,546556.0,494506420.12000006,20160726,9.110000000000001,1.2846633460358592,20251015,20251015,1.021182
000001.SZ,1d,2016-07-27,7.099136149670633,7.1380568522455805,6.935669198855848,7.013510604005745,818678.0,741263303.03,20160727,9.01,1.2846633460358592,20251015,20251015,1.021182
000001.SZ,1d,2016-07-28,6.990158182460776,7.091352009155643,6.9823740419457865,7.067999587610673,479910.0,434490536.62,20160728,9.08,1.2846633460358592,20251015,20251015,1.021182
000001.SZ,1d,2016-07-29,7.067999587610673,7.192545835850509,7.029078885035724,7.161409273790549,671425.0,614972669.3,20160729,9.2,1.2846633460358592,20251015,20251015,1.021182
000001.SZ,1d,2016-08-01,7.14584099276057,7.270387241000406,7.1380568522455805,7.223682397910467,759324.0,702466616.0,20160801,9.28,1.2846633460358592,20251015,20251015,1.021182
000001.SZ,1d,2016-08-02,7.192545835850509,7.208114116880488,7.1380568522455805,7.200329976365499,449165.0,413484595.07000005,20160802,9.25,1.2846633460358592,20251015,20251015,1.021182
000001.SZ,1d,2016-08-03,7.16919341430554,7.17697755482053,7.122488571215602,7.14584099276057,424622.0,389817535.11,20160803,9.18,1.2846633460358592,20251015,20251015,1.021182
000001.SZ,1d,2016-08-04,7.1380568522455805,7.14584099276057,6.951237479885827,6.997942322975765,1344462.0,1210346973.56,20160804,8.99,1.2846633460358592,20251015,20251015,1.021182
000001.SZ,1d,2016-08-05,6.997942322975765,7.0602154470956835,6.966805760915808,7.036863025550715,725948.0,654998092.94,20160805,9.040000000000001,1.2846633460358592,20251015,20251015,1.021182
000001.SZ,1d,2016-08-08,7.036863025550714,7.091352009155642,7.013510604005745,7.091352009155642,398479.0,361191045.29,20160808,9.11,1.2846633460358592,20251015,20251015,1.021182
000001.SZ,1d,2016-08-09,7.075783728125662,7.122488571215602,7.0602154470956835,7.122488571215602,415676.0,378720688.32000005,20160809,9.15,1.2846633460358592,20251015,20251015,1.021182
000001.SZ,1d,2016-08-10,7.122488571215602,7.145840992760571,7.099136149670633,7.114704430700612,436655.0,399656990.64000005,20160810,9.14,1.2846633460358592,20251015,20251015,1.021182
000001.SZ,1d,2016-08-11,7.114704430700612,7.2781713815153966,7.106920290185622,7.17697755482053,935576.0,866594867.9,20160811,9.22,1.2846633460358592,20251015,20251015,1.021182
000001.SZ,1d,2016-08-12,7.161409273790549,7.41828591078521,7.14584099276057,7.394933489240241,1370021.0,1282336292.04,20160812,9.5,1.2846633460358592,20251015,20251015,1.021182
000001.SZ,1d,2016-08-15,7.43385419181519,7.628457704689932,7.402717629755231,7.535048018510056,1897552.0,1835196865.56,20160815,9.68,1.2846633460358592,20251015,20251015,1.021182
000001.SZ,1d,2016-08-16,7.535048018510058,7.535048018510058,7.3637969271802834,7.410501770270222,1099558.0,1050479545.3100001,20160816,9.520000000000001,1.2846633460358592,20251015,20251015,1.021182
000001.SZ,1d,2016-08-17,7.410501770270221,7.472774894390138,7.379365208210262,7.433854191815191,560725.0,534926047.02,20160817,9.55,1.2846633460358592,20251015,20251015,1.021182
000001.SZ,1d,2016-08-18,7.4416383323301805,7.464990753875149,7.340444505635313,7.394933489240241,691504.0,658183955.01,20160818,9.5,1.2846633460358592,20251015,20251015,1.021182
000001.SZ,1d,2016-08-19,7.387149348725252,7.410501770270221,7.340444505635313,7.402717629755231,505334.0,478779724.24,20160819,9.51,1.2846633460358592,20251015,20251015,1.021182
000001.SZ,1d,2016-08-22,7.394933489240241,7.402717629755231,7.285955522030385,7.317092084090343,979432.0,922426435.12,20160822,9.399999999999999,1.2846633460358592,20251015,20251015,1.021182
000001.SZ,1d,2016-08-23,7.301523803060365,7.356012786665294,7.293739662545376,7.317092084090345,890656.0,838185900.5899999,20160823,9.4,1.2846633460358592,20251015,20251015,1.021182
000001.SZ,1d,2016-08-24,7.324876224605334,7.340444505635315,7.301523803060365,7.340444505635315,732281.0,688971683.08,20160824,9.430000000000001,1.2846633460358592,20251015,20251015,1.021182
000001.SZ,1d,2016-08-25,7.332660365120324,7.356012786665293,7.270387241000406,7.348228646150303,617389.0,580648481.91,20160825,9.44,1.2846633460358592,20251015,20251015,1.021182
000001.SZ,1d,2016-08-26,7.356012786665294,7.371581067695273,7.317092084090345,7.356012786665294,502233.0,473688076.59,20160826,9.450000000000001,1.2846633460358592,20251015,20251015,1.021182
000001.SZ,1d,2016-08-29,7.324876224605334,7.356012786665294,7.301523803060365,7.332660365120324,565231.0,532295362.01000005,20160829,9.42,1.2846633460358592,20251015,20251015,1.021182
000001.SZ,1d,2016-08-30,7.332660365120324,7.371581067695273,7.324876224605334,7.371581067695273,595081.0,561854066.27,20160830,9.47,1.2846633460358592,20251015,20251015,1.021182
000001.SZ,1d,2016-08-31,7.363796927180282,7.394933489240241,7.340444505635313,7.387149348725252,489746.0,463875762.93,20160831,9.49,1.2846633460358592,20251015,20251015,1.021182
000001.SZ,1d,2016-09-01,7.387149348725252,7.410501770270221,7.332660365120324,7.356012786665293,480131.0,454848634.31,20160901,9.45,1.2846633460358592,20251015,20251015,1.021182
000001.SZ,1d,2016-09-02,7.340444505635313,7.363796927180282,7.332660365120324,7.356012786665293,368796.0,348054367.10999995,20160902,9.45,1.2846633460358592,20251015,20251015,1.021182
000001.SZ,1d,2016-09-05,7.3637969271802834,7.3637969271802834,7.317092084090345,7.332660365120324,469936.0,443204803.58,20160905,9.42,1.2846633460358592,20251015,20251015,1.021182
000001.SZ,1d,2016-09-06,7.332660365120324,7.340444505635313,7.285955522030385,7.324876224605334,574738.0,539813283.55,20160906,9.41,1.2846633460358592,20251015,20251015,1.021182
000001.SZ,1d,2016-09-07,7.324876224605334,7.332660365120325,7.293739662545376,7.317092084090345,459373.0,431984158.6100001,20160907,9.4,1.2846633460358592,20251015,20251015,1.021182
000001.SZ,1d,2016-09-08,7.309307943575355,7.332660365120324,7.301523803060365,7.317092084090345,295218.0,277503757.8,20160908,9.4,1.2846633460358592,20251015,20251015,1.021182
000001.SZ,1d,2016-09-09,7.317092084090343,7.340444505635313,7.285955522030385,7.301523803060364,327431.0,307527271.24,20160909,9.379999999999999,1.2846633460358592,20251015,20251015,1.021182
000001.SZ,1d,2016-09-12,7.231466538425458,7.254818959970427,7.106920290185622,7.130272711730591,756581.0,697759184.1,20160912,9.16,1.2846633460358592,20251015,20251015,1.021182
000001.SZ,1d,2016-09-13,7.14584099276057,7.16919341430554,7.114704430700612,7.153625133275561,460931.0,423113832.02000004,20160913,9.190000000000001,1.2846633460358592,20251015,20251015,1.021182
000001.SZ,1d,2016-09-14,7.1380568522455805,7.145840992760571,7.044647166065705,7.052431306580694,421481.0,384081266.46000004,20160914,9.06,1.2846633460358592,20251015,20251015,1.021182
000001.SZ,1d,2016-09-19,7.044647166065705,7.114704430700612,7.044647166065705,7.099136149670633,354348.0,322575925.94,20160919,9.120000000000001,1.2846633460358592,20251015,20251015,1.021182
000001.SZ,1d,2016-09-20,7.099136149670633,7.099136149670633,7.036863025550715,7.067999587610673,436678.0,396359321.31,20160920,9.08,1.2846633460358592,20251015,20251015,1.021182
000001.SZ,1d,2016-09-21,7.067999587610673,7.083567868640652,7.029078885035724,7.067999587610673,405665.0,367767497.46,20160921,9.08,1.2846633460358592,20251015,20251015,1.021182
000001.SZ,1d,2016-09-22,7.083567868640652,7.14584099276057,7.075783728125662,7.130272711730591,494613.0,451909020.47999996,20160922,9.16,1.2846633460358592,20251015,20251015,1.021182
000001.SZ,1d,2016-09-23,7.130272711730591,7.153625133275561,7.114704430700612,7.122488571215602,288798.0,264699513.1,20160923,9.15,1.2846633460358592,20251015,20251015,1.021182
000001.SZ,1d,2016-09-26,7.106920290185622,7.106920290185622,7.036863025550715,7.036863025550715,439481.0,398771864.85,20160926,9.040000000000001,1.2846633460358592,20251015,20251015,1.021182
000001.SZ,1d,2016-09-27,7.036863025550714,7.0602154470956835,7.013510604005745,7.052431306580694,401323.0,362769231.03,20160927,9.06,1.2846633460358592,20251015,20251015,1.021182
000001.SZ,1d,2016-09-28,7.052431306580693,7.052431306580693,7.029078885035724,7.044647166065703,271366.0,245499467.89,20160928,9.049999999999999,1.2846633460358592,20251015,20251015,1.021182
000001.SZ,1d,2016-09-29,7.044647166065705,7.067999587610673,7.044647166065705,7.052431306580694,303664.0,275239667.40999997,20160929,9.06,1.2846633460358592,20251015,20251015,1.021182
000001.SZ,1d,2016-09-30,7.052431306580694,7.083567868640654,7.044647166065705,7.0602154470956835,308084.0,279526475.64000005,20160930,9.07,1.2846633460358592,20251015,20251015,1.021182
000001.SZ,1d,2016-10-10,7.083567868640652,7.1380568522455805,7.067999587610673,7.099136149670631,611381.0,557122276.5,20161010,9.12,1.2846633460358592,20251015,20251015,1.021182
000001.SZ,1d,2016-10-11,7.106920290185621,7.1224885712156,7.091352009155642,7.1224885712156,363370.0,331886515.46000004,20161011,9.149999999999999,1.2846633460358592,20251015,20251015,1.021182
000001.SZ,1d,2016-10-12,7.114704430700612,7.130272711730591,7.099136149670633,7.106920290185622,270316.0,246995531.01,20161012,9.13,1.2846633460358592,20251015,20251015,1.021182
000001.SZ,1d,2016-10-13,7.067999587610673,7.091352009155643,7.044647166065705,7.0602154470956835,632367.0,574142476.2700001,20161013,9.07,1.2846633460358592,20251015,20251015,1.021182
000001.SZ,1d,2016-10-14,7.052431306580694,7.075783728125664,7.036863025550715,7.075783728125664,335411.0,304218676.83,20161014,9.090000000000002,1.2846633460358592,20251015,20251015,1.021182
000001.SZ,1d,2016-10-17,7.067999587610673,7.075783728125662,7.029078885035724,7.044647166065703,359223.0,325582450.32,20161017,9.049999999999999,1.2846633460358592,20251015,20251015,1.021182
000001.SZ,1d,2016-10-18,7.029078885035724,7.075783728125662,7.029078885035724,7.075783728125662,593737.0,537784120.36,20161018,9.09,1.2846633460358592,20251015,20251015,1.021182
000001.SZ,1d,2016-10-19,7.075783728125662,7.091352009155643,7.044647166065705,7.067999587610673,482636.0,438299029.51,20161019,9.08,1.2846633460358592,20251015,20251015,1.021182
000001.SZ,1d,2016-10-20,7.067999587610673,7.075783728125662,7.044647166065705,7.0602154470956835,342844.0,310966016.7,20161020,9.07,1.2846633460358592,20251015,20251015,1.021182
000001.SZ,1d,2016-10-21,7.067999587610673,7.106920290185622,7.052431306580694,7.106920290185622,683896.0,621549844.97,20161021,9.13,1.2846633460358592,20251015,20251015,1.021182
000001.SZ,1d,2016-10-24,7.106920290185622,7.239250678940448,7.099136149670633,7.192545835850509,915677.0,844746080.61,20161024,9.24,1.2846633460358592,20251015,20251015,1.021182
000001.SZ,1d,2016-10-25,7.200329976365499,7.208114116880488,7.14584099276057,7.169193414305539,500752.0,461542701.14000005,20161025,9.209999999999999,1.2846633460358592,20251015,20251015,1.021182
000001.SZ,1d,2016-10-26,7.17697755482053,7.17697755482053,7.106920290185622,7.122488571215602,440452.0,403750809.07000005,20161026,9.15,1.2846633460358592,20251015,20251015,1.021182
000001.SZ,1d,2016-10-27,7.130272711730591,7.138056852245582,7.099136149670633,7.130272711730591,324140.0,296216914.82,20161027,9.16,1.2846633460358592,20251015,20251015,1.021182
000001.SZ,1d,2016-10-28,7.130272711730591,7.184761695335519,7.114704430700612,7.1380568522455805,541997.0,497615050.8,20161028,9.17,1.2846633460358592,20251015,20251015,1.021182
000001.SZ,1d,2016-10-31,7.122488571215602,7.130272711730591,7.075783728125662,7.122488571215602,493596.0,450148883.09,20161031,9.15,1.2846633460358592,20251015,20251015,1.021182
000001.SZ,1d,2016-11-01,7.114704430700611,7.130272711730591,7.091352009155642,7.114704430700611,525415.0,480117542.32000005,20161101,9.139999999999999,1.2846633460358592,20251015,20251015,1.021182
000001.SZ,1d,2016-11-02,7.114704430700612,7.114704430700612,7.044647166065705,7.0602154470956835,633586.0,576083788.2400001,20161102,9.07,1.2846633460358592,20251015,20251015,1.021182
000001.SZ,1d,2016-11-03,7.052431306580694,7.114704430700612,7.044647166065705,7.106920290185622,616871.0,561464947.1899999,20161103,9.13,1.2846633460358592,20251015,20251015,1.021182
000001.SZ,1d,2016-11-04,7.091352009155642,7.1380568522455805,7.083567868640652,7.091352009155642,508117.0,463831938.55,20161104,9.11,1.2846633460358592,20251015,20251015,1.021182
000001.SZ,1d,2016-11-07,7.083567868640652,7.099136149670633,7.0602154470956835,7.099136149670633,497240.0,452447930.56000006,20161107,9.120000000000001,1.2846633460358592,20251015,20251015,1.021182
000001.SZ,1d,2016-11-08,7.099136149670631,7.122488571215602,7.083567868640652,7.122488571215602,806694.0,736747217.08,20161108,9.15,1.2846633460358592,20251015,20251015,1.021182
000001.SZ,1d,2016-11-09,7.114704430700612,7.114704430700612,7.013510604005745,7.0602154470956835,722616.0,656061960.6999999,20161109,9.07,1.2846633460358592,20251015,20251015,1.021182
000001.SZ,1d,2016-11-10,7.083567868640652,7.130272711730591,7.083567868640652,7.114704430700611,631998.0,576898452.74,20161110,9.139999999999999,1.2846633460358592,20251015,20251015,1.021182
000001.SZ,1d,2016-11-11,7.114704430700611,7.14584099276057,7.091352009155642,7.14584099276057,812269.0,742969896.6100001,20161111,9.18,1.2846633460358592,20251015,20251015,1.021182
000001.SZ,1d,2016-11-14,7.130272711730591,7.200329976365499,7.130272711730591,7.17697755482053,975078.0,898058354.0100001,20161114,9.22,1.2846633460358592,20251015,20251015,1.021182
000001.SZ,1d,2016-11-15,7.161409273790549,7.192545835850509,7.14584099276057,7.184761695335519,554342.0,510596178.35,20161115,9.23,1.2846633460358592,20251015,20251015,1.021182
000001.SZ,1d,2016-11-16,7.184761695335519,7.192545835850509,7.161409273790551,7.184761695335519,415842.0,383425739.88,20161116,9.23,1.2846633460358592,20251015,20251015,1.021182
000001.SZ,1d,2016-11-17,7.176977554820528,7.176977554820528,7.14584099276057,7.169193414305539,505324.0,464611128.37,20161117,9.209999999999999,1.2846633460358592,20251015,20251015,1.021182
000001.SZ,1d,2016-11-18,7.16919341430554,7.16919341430554,7.130272711730591,7.14584099276057,517597.0,475289972.51000005,20161118,9.18,1.2846633460358592,20251015,20251015,1.021182
000001.SZ,1d,2016-11-21,7.14584099276057,7.223682397910467,7.1380568522455805,7.192545835850509,850243.0,785475676.61,20161121,9.24,1.2846633460358592,20251015,20251015,1.021182
000001.SZ,1d,2016-11-22,7.192545835850509,7.285955522030386,7.184761695335519,7.285955522030386,1180256.0,1097408714.34,20161122,9.360000000000001,1.2846633460358592,20251015,20251015,1.021182
000001.SZ,1d,2016-11-23,7.270387241000406,7.4416383323301805,7.270387241000406,7.356012786665293,1752869.0,1660465709.36,20161123,9.45,1.2846633460358592,20251015,20251015,1.021182
000001.SZ,1d,2016-11-24,7.348228646150303,7.410501770270221,7.332660365120324,7.371581067695273,779748.0,738580569.2900001,20161124,9.47,1.2846633460358592,20251015,20251015,1.021182
000001.SZ,1d,2016-11-25,7.379365208210262,7.488343175420119,7.3637969271802834,7.488343175420119,1013674.0,968127766.3299999,20161125,9.620000000000001,1.2846633460358592,20251015,20251015,1.021182
000001.SZ,1d,2016-11-28,7.542832159025046,7.612889423659953,7.472774894390138,7.496127315935107,1279689.0,1240686233.53,20161128,9.629999999999999,1.2846633460358592,20251015,20251015,1.021182
000001.SZ,1d,2016-11-29,7.464990753875149,7.550616299540037,7.433854191815191,7.488343175420119,887779.0,854308658.4000001,20161129,9.620000000000001,1.2846633460358592,20251015,20251015,1.021182
000001.SZ,1d,2016-11-30,7.511695596965088,7.566184580570016,7.394933489240241,7.433854191815191,1025963.0,985758449.84,20161130,9.55,1.2846633460358592,20251015,20251015,1.021182
000001.SZ,1d,2016-12-01,7.44942247284517,7.496127315935109,7.433854191815191,7.47277489439014,646004.0,619633746.85,20161201,9.600000000000001,1.2846633460358592,20251015,20251015,1.021182
000001.SZ,1d,2016-12-02,7.472774894390138,7.472774894390138,7.348228646150303,7.43385419181519,829686.0,790044441.9300001,20161202,9.549999999999999,1.2846633460358592,20251015,20251015,1.021182
000001.SZ,1d,2016-12-05,7.394933489240241,7.426070051300202,7.324876224605334,7.3637969271802834,764365.0,723222053.6400001,20161205,9.46,1.2846633460358592,20251015,20251015,1.021182
000001.SZ,1d,2016-12-06,7.379365208210262,7.410501770270222,7.356012786665294,7.387149348725252,602902.0,571585177.5,20161206,9.49,1.2846633460358592,20251015,20251015,1.021182
000001.SZ,1d,2016-12-07,7.379365208210262,7.387149348725252,7.324876224605334,7.379365208210262,493404.0,466085503.37,20161207,9.48,1.2846633460358592,20251015,20251015,1.021182
000001.SZ,1d,2016-12-08,7.394933489240241,7.43385419181519,7.340444505635313,7.410501770270221,671452.0,638058504.08,20161208,9.52,1.2846633460358592,20251015,20251015,1.021182
000001.SZ,1d,2016-12-09,7.394933489240241,7.589537002114985,7.379365208210262,7.511695596965088,1514199.0,1460778328.2,20161209,9.65,1.2846633460358592,20251015,20251015,1.021182
000001.SZ,1d,2016-12-12,7.511695596965088,7.605105283144964,7.348228646150303,7.394933489240241,1256874.0,1206662616.99,20161212,9.5,1.2846633460358592,20251015,20251015,1.021182
000001.SZ,1d,2016-12-13,7.379365208210262,7.394933489240241,7.262603100485416,7.332660365120324,645771.0,607769965.5799999,20161213,9.42,1.2846633460358592,20251015,20251015,1.021182
000001.SZ,1d,2016-12-14,7.332660365120324,7.402717629755231,7.317092084090345,7.317092084090345,597705.0,564787516.4599999,20161214,9.4,1.2846633460358592,20251015,20251015,1.021182
000001.SZ,1d,2016-12-15,7.293739662545376,7.324876224605334,7.16919341430554,7.200329976365499,827612.0,767751835.57,20161215,9.25,1.2846633460358592,20251015,20251015,1.021182
000001.SZ,1d,2016-12-16,7.192545835850509,7.231466538425458,7.16919341430554,7.200329976365499,396813.0,366925349.32000005,20161216,9.25,1.2846633460358592,20251015,20251015,1.021182
000001.SZ,1d,2016-12-19,7.17697755482053,7.184761695335519,7.1380568522455805,7.161409273790549,494010.0,453899744.36,20161219,9.2,1.2846633460358592,20251015,20251015,1.021182
000001.SZ,1d,2016-12-20,7.161409273790549,7.161409273790549,7.067999587610673,7.091352009155642,636638.0,580118167.69,20161220,9.11,1.2846633460358592,20251015,20251015,1.021182
000001.SZ,1d,2016-12-21,7.099136149670631,7.130272711730591,7.091352009155642,7.130272711730591,369920.0,338201446.46000004,20161221,9.16,1.2846633460358592,20251015,20251015,1.021182
000001.SZ,1d,2016-12-22,7.1224885712156,7.130272711730591,7.091352009155642,7.114704430700611,341341.0,311546856.93,20161222,9.139999999999999,1.2846633460358592,20251015,20251015,1.021182
000001.SZ,1d,2016-12-23,7.114704430700612,7.114704430700612,7.0602154470956835,7.067999587610673,382912.0,348140451.36999995,20161223,9.08,1.2846633460358592,20251015,20251015,1.021182
000001.SZ,1d,2016-12-26,7.052431306580693,7.106920290185621,7.021294744520734,7.099136149670631,302058.0,273934287.19,20161226,9.12,1.2846633460358592,20251015,20251015,1.021182
000001.SZ,1d,2016-12-27,7.099136149670633,7.106920290185622,7.0602154470956835,7.067999587610673,268841.0,244788273.85999998,20161227,9.08,1.2846633460358592,20251015,20251015,1.021182
000001.SZ,1d,2016-12-28,7.067999587610673,7.091352009155643,7.036863025550715,7.052431306580694,336055.0,304898614.02,20161228,9.06,1.2846633460358592,20251015,20251015,1.021182
000001.SZ,1d,2016-12-29,7.0602154470956835,7.075783728125662,7.044647166065705,7.067999587610673,338758.0,307183503.28,20161229,9.08,1.2846633460358592,20251015,20251015,1.021182
000001.SZ,1d,2016-12-30,7.067999587610673,7.083567868640652,7.052431306580694,7.083567868640652,302607.0,274882698.47,20161230,9.1,1.2846633460358592,20251015,20251015,1.021182
000001.SZ,1d,2017-01-03,7.091352009155642,7.14584099276057,7.075783728125662,7.130272711730591,459840.0,420595176.46000004,20170103,9.16,1.2846633460358592,20251015,20251015,1.021182
000001.SZ,1d,2017-01-04,7.122488571215602,7.14584099276057,7.114704430700612,7.130272711730591,449329.0,411503444.03,20170104,9.16,1.2846633460358592,20251015,20251015,1.021182
000001.SZ,1d,2017-01-05,7.1380568522455805,7.14584099276057,7.122488571215602,7.1380568522455805,344372.0,315769693.5,20170105,9.17,1.2846633460358592,20251015,20251015,1.021182
000001.SZ,1d,2017-01-06,7.1380568522455805,7.1380568522455805,7.091352009155642,7.106920290185621,358154.0,327176433.93,20170106,9.129999999999999,1.2846633460358592,20251015,20251015,1.021182
000001.SZ,1d,2017-01-09,7.106920290185621,7.1380568522455805,7.091352009155642,7.1224885712156,361081.0,329994604.0,20170109,9.149999999999999,1.2846633460358592,20251015,20251015,1.021182
000001.SZ,1d,2017-01-10,7.122488571215602,7.130272711730591,7.114704430700612,7.122488571215602,241053.0,220575131.96,20170110,9.15,1.2846633460358592,20251015,20251015,1.021182
000001.SZ,1d,2017-01-11,7.114704430700612,7.1380568522455805,7.106920290185622,7.114704430700612,303430.0,277553207.26000005,20170111,9.14,1.2846633460358592,20251015,20251015,1.021182
000001.SZ,1d,2017-01-12,7.106920290185622,7.1380568522455805,7.106920290185622,7.122488571215602,428006.0,391869402.76,20170112,9.15,1.2846633460358592,20251015,20251015,1.021182
000001.SZ,1d,2017-01-13,7.114704430700612,7.153625133275561,7.099136149670633,7.130272711730591,434301.0,397601906.25,20170113,9.16,1.2846633460358592,20251015,20251015,1.021182
000001.SZ,1d,2017-01-16,7.122488571215602,7.130272711730591,7.0602154470956835,7.114704430700612,683165.0,623025820.2700001,20170116,9.14,1.2846633460358592,20251015,20251015,1.021182
000001.SZ,1d,2017-01-17,7.099136149670631,7.130272711730591,7.083567868640652,7.122488571215602,545552.0,498179703.17,20170117,9.15,1.2846633460358592,20251015,20251015,1.021182
000001.SZ,1d,2017-01-18,7.114704430700612,7.153625133275561,7.106920290185622,7.1380568522455805,574269.0,526426595.69000006,20170118,9.17,1.2846633460358592,20251015,20251015,1.021182
000001.SZ,1d,2017-01-19,7.122488571215602,7.192545835850509,7.122488571215602,7.14584099276057,437712.0,402445639.34,20170119,9.18,1.2846633460358592,20251015,20251015,1.021182
000001.SZ,1d,2017-01-20,7.1380568522455805,7.184761695335519,7.1380568522455805,7.17697755482053,393328.0,361865155.13000005,20170120,9.22,1.2846633460358592,20251015,20251015,1.021182
000001.SZ,1d,2017-01-23,7.17697755482053,7.208114116880489,7.161409273790551,7.17697755482053,420299.0,388019072.55999994,20170123,9.22,1.2846633460358592,20251015,20251015,1.021182
000001.SZ,1d,2017-01-24,7.184761695335519,7.223682397910468,7.161409273790551,7.215898257395479,470244.0,434787729.13000005,20170124,9.270000000000001,1.2846633460358592,20251015,20251015,1.021182
000001.SZ,1d,2017-01-25,7.2158982573954775,7.223682397910467,7.200329976365499,7.208114116880488,304401.0,281976294.07000005,20170125,9.26,1.2846633460358592,20251015,20251015,1.021182
000001.SZ,1d,2017-01-26,7.2158982573954775,7.270387241000406,7.208114116880488,7.262603100485416,420712.0,391844286.24,20170126,9.33,1.2846633460358592,20251015,20251015,1.021182
000001.SZ,1d,2017-02-03,7.270387241000406,7.285955522030386,7.184761695335519,7.208114116880488,315472.0,292617943.26000005,20170203,9.26,1.2846633460358592,20251015,20251015,1.021182
000001.SZ,1d,2017-02-06,7.208114116880488,7.254818959970427,7.208114116880488,7.247034819455437,516786.0,480441331.03999996,20170206,9.31,1.2846633460358592,20251015,20251015,1.021182
000001.SZ,1d,2017-02-07,7.247034819455436,7.254818959970427,7.2158982573954775,7.239250678940446,396884.0,368755274.2,20170207,9.299999999999999,1.2846633460358592,20251015,20251015,1.021182
000001.SZ,1d,2017-02-08,7.231466538425458,7.239250678940448,7.192545835850509,7.239250678940448,360272.0,333975401.82000005,20170208,9.3,1.2846633460358592,20251015,20251015,1.021182
000001.SZ,1d,2017-02-09,7.239250678940446,7.262603100485416,7.223682397910467,7.247034819455436,342855.0,319201023.28000003,20170209,9.309999999999999,1.2846633460358592,20251015,20251015,1.021182
000001.SZ,1d,2017-02-10,7.254818959970427,7.285955522030386,7.247034819455437,7.262603100485416,482743.0,450701345.31000006,20170210,9.33,1.2846633460358592,20251015,20251015,1.021182
000001.SZ,1d,2017-02-13,7.270387241000406,7.348228646150303,7.262603100485416,7.324876224605334,638364.0,599951024.32,20170213,9.41,1.2846633460358592,20251015,20251015,1.021182
000001.SZ,1d,2017-02-14,7.324876224605334,7.332660365120325,7.293739662545376,7.317092084090345,362404.0,340318431.40000004,20170214,9.4,1.2846633460358592,20251015,20251015,1.021182
000001.SZ,1d,2017-02-15,7.317092084090345,7.426070051300202,7.309307943575355,7.356012786665294,756613.0,716759655.28,20170215,9.450000000000001,1.2846633460358592,20251015,20251015,1.021182
000001.SZ,1d,2017-02-16,7.356012786665293,7.394933489240241,7.332660365120324,7.363796927180282,411161.0,388636225.1999999,20170216,9.459999999999999,1.2846633460358592,20251015,20251015,1.021182
000001.SZ,1d,2017-02-17,7.3637969271802834,7.387149348725252,7.293739662545376,7.309307943575355,423774.0,400161795.09,20170217,9.39,1.2846633460358592,20251015,20251015,1.021182
000001.SZ,1d,2017-02-20,7.317092084090345,7.457206613360159,7.317092084090345,7.4416383323301805,898755.0,855710805.5000001,20170220,9.56,1.2846633460358592,20251015,20251015,1.021182
000001.SZ,1d,2017-02-21,7.433854191815191,7.488343175420119,7.426070051300202,7.44942247284517,646584.0,618761069.26,20170221,9.57,1.2846633460358592,20251015,20251015,1.021182
000001.SZ,1d,2017-02-22,7.44942247284517,7.44942247284517,7.394933489240241,7.44942247284517,462966.0,441528339.71,20170222,9.57,1.2846633460358592,20251015,20251015,1.021182
000001.SZ,1d,2017-02-23,7.433854191815191,7.44942247284517,7.379365208210262,7.402717629755231,335327.0,319293836.59,20170223,9.51,1.2846633460358592,20251015,20251015,1.021182
000001.SZ,1d,2017-02-24,7.394933489240241,7.426070051300202,7.379365208210262,7.394933489240241,332500.0,316020789.4,20170224,9.5,1.2846633460358592,20251015,20251015,1.021182
000001.SZ,1d,2017-02-27,7.394933489240241,7.394933489240241,7.332660365120324,7.340444505635313,407341.0,384781015.65000004,20170227,9.43,1.2846633460358592,20251015,20251015,1.021182
000001.SZ,1d,2017-02-28,7.340444505635313,7.402717629755231,7.332660365120324,7.379365208210262,369719.0,350366892.5,20170228,9.48,1.2846633460358592,20251015,20251015,1.021182
000001.SZ,1d,2017-03-01,7.387149348725252,7.433854191815191,7.371581067695273,7.387149348725252,346993.0,330157963.40000004,20170301,9.49,1.2846633460358592,20251015,20251015,1.021182
000001.SZ,1d,2017-03-02,7.402717629755231,7.4260700513002,7.332660365120324,7.340444505635313,403628.0,382395883.84000003,20170302,9.43,1.2846633460358592,20251015,20251015,1.021182
000001.SZ,1d,2017-03-03,7.324876224605334,7.340444505635313,7.285955522030385,7.317092084090343,342655.0,321952549.22,20170303,9.399999999999999,1.2846633460358592,20251015,20251015,1.021182
000001.SZ,1d,2017-03-06,7.317092084090345,7.3637969271802834,7.309307943575355,7.356012786665294,404511.0,381212304.19000006,20170306,9.450000000000001,1.2846633460358592,20251015,20251015,1.021182
000001.SZ,1d,2017-03-07,7.348228646150303,7.3637969271802834,7.317092084090345,7.356012786665294,294672.0,277747415.4200001,20170307,9.450000000000001,1.2846633460358592,20251015,20251015,1.021182
000001.SZ,1d,2017-03-08,7.340444505635313,7.356012786665294,7.317092084090345,7.332660365120324,244438.0,230425150.54000002,20170308,9.42,1.2846633460358592,20251015,20251015,1.021182
000001.SZ,1d,2017-03-09,7.324876224605334,7.340444505635313,7.285955522030385,7.301523803060364,378169.0,354813687.5,20170309,9.379999999999999,1.2846633460358592,20251015,20251015,1.021182
000001.SZ,1d,2017-03-10,7.301523803060364,7.324876224605334,7.285955522030385,7.317092084090343,390182.0,366140052.24,20170310,9.399999999999999,1.2846633460358592,20251015,20251015,1.021182
000001.SZ,1d,2017-03-13,7.309307943575355,7.356012786665294,7.293739662545376,7.348228646150305,545304.0,513148481.04,20170313,9.440000000000001,1.2846633460358592,20251015,20251015,1.021182
000001.SZ,1d,2017-03-14,7.340444505635313,7.3637969271802834,7.324876224605334,7.348228646150303,404484.0,381594066.95,20170314,9.44,1.2846633460358592,20251015,20251015,1.021182
000001.SZ,1d,2017-03-15,7.332660365120324,7.379365208210262,7.332660365120324,7.379365208210262,546560.0,515943748.1,20170315,9.48,1.2846633460358592,20251015,20251015,1.021182
000001.SZ,1d,2017-03-16,7.379365208210262,7.418285910785212,7.356012786665294,7.410501770270222,635953.0,603450064.0699999,20170316,9.520000000000001,1.2846633460358592,20251015,20251015,1.021182
000001.SZ,1d,2017-03-17,7.356012786665294,7.3637969271802834,7.239250678940448,7.247034819455437,1583647.0,1482736995.3700001,20170317,9.31,1.2846633460358592,20251015,20251015,1.021182
000001.SZ,1d,2017-03-20,7.231466538425458,7.247034819455437,7.17697755482053,7.200329976365499,715021.0,661887015.08,20170320,9.25,1.2846633460358592,20251015,20251015,1.021182
000001.SZ,1d,2017-03-21,7.2003299763654995,7.208114116880489,7.161409273790551,7.192545835850509,554648.0,511914333.09000003,20170321,9.24,1.2846633460358592,20251015,20251015,1.021182
000001.SZ,1d,2017-03-22,7.161409273790551,7.17697755482053,7.114704430700612,7.130272711730591,566123.0,519331026.2700001,20170322,9.16,1.2846633460358592,20251015,20251015,1.021182
000001.SZ,1d,2017-03-23,7.130272711730591,7.192545835850509,7.122488571215602,7.161409273790551,433588.0,398986562.09000003,20170323,9.200000000000001,1.2846633460358592,20251015,20251015,1.021182
000001.SZ,1d,2017-03-24,7.161409273790549,7.192545835850509,7.130272711730591,7.153625133275559,710827.0,653533829.8800001,20170324,9.19,1.2846633460358592,20251015,20251015,1.021182
000001.SZ,1d,2017-03-27,7.099136149670631,7.153625133275559,7.067999587610673,7.114704430700612,985012.0,900094460.9200001,20170327,9.14,1.2846633460358592,20251015,20251015,1.021182
000001.SZ,1d,2017-03-28,7.130272711730591,7.1380568522455805,7.083567868640652,7.099136149670631,481372.0,439405816.17,20170328,9.12,1.2846633460358592,20251015,20251015,1.021182
000001.SZ,1d,2017-03-29,7.106920290185621,7.122488571215602,7.075783728125662,7.091352009155642,601140.0,548060692.96,20170329,9.11,1.2846633460358592,20251015,20251015,1.021182
000001.SZ,1d,2017-03-30,7.099136149670633,7.099136149670633,7.052431306580694,7.067999587610673,687285.0,623995512.84,20170330,9.08,1.2846633460358592,20251015,20251015,1.021182
000001.SZ,1d,2017-03-31,7.067999587610673,7.14584099276057,7.067999587610673,7.1380568522455805,633121.0,578579035.11,20170331,9.17,1.2846633460358592,20251015,20251015,1.021182
000001.SZ,1d,2017-04-05,7.130272711730591,7.17697755482053,7.122488571215602,7.16919341430554,499150.0,458567834.2,20170405,9.21,1.2846633460358592,20251015,20251015,1.021182
000001.SZ,1d,2017-04-06,7.161409273790549,7.17697755482053,7.1380568522455805,7.161409273790549,434391.0,399118983.36,20170406,9.2,1.2846633460358592,20251015,20251015,1.021182
000001.SZ,1d,2017-04-07,7.153625133275559,7.17697755482053,7.1380568522455805,7.161409273790549,514844.0,473366404.45000005,20170407,9.2,1.2846633460358592,20251015,20251015,1.021182
000001.SZ,1d,2017-04-10,7.161409273790549,7.169193414305539,7.1380568522455805,7.14584099276057,401343.0,368682024.90000004,20170410,9.18,1.2846633460358592,20251015,20251015,1.021182
000001.SZ,1d,2017-04-11,7.1380568522455805,7.153625133275559,7.075783728125662,7.122488571215602,612437.0,560304072.91,20170411,9.15,1.2846633460358592,20251015,20251015,1.021182
000001.SZ,1d,2017-04-12,7.130272711730591,7.1380568522455805,7.083567868640652,7.099136149670631,455336.0,416101249.02,20170412,9.12,1.2846633460358592,20251015,20251015,1.021182
000001.SZ,1d,2017-04-13,7.091352009155642,7.114704430700611,7.083567868640652,7.099136149670631,357442.0,325949861.06,20170413,9.12,1.2846633460358592,20251015,20251015,1.021182
000001.SZ,1d,2017-04-14,7.091352009155643,7.099136149670633,7.052431306580694,7.067999587610673,490500.0,445637458.07,20170414,9.08,1.2846633460358592,20251015,20251015,1.021182
000001.SZ,1d,2017-04-17,7.067999587610673,7.091352009155643,7.044647166065705,7.083567868640654,531892.0,483130499.71999997,20170417,9.100000000000001,1.2846633460358592,20251015,20251015,1.021182
000001.SZ,1d,2017-04-18,7.075783728125662,7.083567868640654,7.044647166065705,7.044647166065705,335376.0,304162860.29,20170418,9.05,1.2846633460358592,20251015,20251015,1.021182
000001.SZ,1d,2017-04-19,7.029078885035725,7.036863025550715,6.927885058340858,6.935669198855848,799668.0,714963673.1400001,20170419,8.91,1.2846633460358592,20251015,20251015,1.021182
000001.SZ,1d,2017-04-20,6.927885058340858,6.959021620400818,6.920100917825868,6.943453339370837,437629.0,390063543.84000003,20170420,8.92,1.2846633460358592,20251015,20251015,1.021182
000001.SZ,1d,2017-04-21,6.943453339370837,6.997942322975765,6.927885058340858,6.9823740419457865,325408.0,291126076.24,20170421,8.97,1.2846633460358592,20251015,20251015,1.021182
000001.SZ,1d,2017-04-24,6.9823740419457865,6.990158182460776,6.920100917825868,6.951237479885827,394995.0,352926394.67,20170424,8.93,1.2846633460358592,20251015,20251015,1.021182
000001.SZ,1d,2017-04-25,6.951237479885827,7.013510604005745,6.951237479885827,7.005726463490755,377933.0,339230143.96999997,20170425,9.0,1.2846633460358592,20251015,20251015,1.021182
000001.SZ,1d,2017-04-26,7.005726463490755,7.013510604005746,6.974589901430797,6.997942322975765,382147.0,343316092.51000005,20170426,8.99,1.2846633460358592,20251015,20251015,1.021182
000001.SZ,1d,2017-04-27,6.9823740419457865,6.990158182460776,6.935669198855848,6.9823740419457865,387392.0,346186989.88,20170427,8.97,1.2846633460358592,20251015,20251015,1.021182
000001.SZ,1d,2017-04-28,6.974589901430796,6.997942322975765,6.943453339370837,6.997942322975765,286446.0,256106698.72,20170428,8.99,1.2846633460358592,20251015,20251015,1.021182
000001.SZ,1d,2017-05-02,6.974589901430797,6.974589901430797,6.927885058340858,6.959021620400817,311026.0,277665881.67,20170502,8.94,1.2846633460358592,20251015,20251015,1.021182
000001.SZ,1d,2017-05-03,6.943453339370837,6.951237479885827,6.920100917825868,6.935669198855848,280310.0,249660877.22,20170503,8.91,1.2846633460358592,20251015,20251015,1.021182
000001.SZ,1d,2017-05-04,6.920100917825868,6.920100917825868,6.787770529071043,6.803338810101023,696517.0,613783434.3100001,20170504,8.74,1.2846633460358592,20251015,20251015,1.021182
000001.SZ,1d,2017-05-05,6.803338810101023,6.818907091131002,6.6787925618611865,6.717713264436136,623700.0,539541739.86,20170505,8.63,1.2846633460358592,20251015,20251015,1.021182
000001.SZ,1d,2017-05-08,6.694360842891167,6.709929123921146,6.647655999801229,6.6710084213461975,460089.0,394424117.19,20170508,8.57,1.2846633460358592,20251015,20251015,1.021182
000001.SZ,1d,2017-05-09,6.663224280831208,6.725497404951126,6.655440140316218,6.725497404951126,324194.0,279119676.49,20170509,8.64,1.2846633460358592,20251015,20251015,1.021182
000001.SZ,1d,2017-05-10,6.717713264436136,6.850043653190961,6.709929123921146,6.748849826496095,573077.0,498675307.83000004,20170510,8.670000000000002,1.2846633460358592,20251015,20251015,1.021182
000001.SZ,1d,2017-05-11,6.733281545466115,6.787770529071042,6.694360842891165,6.772202248041062,503643.0,436444282.31000006,20170511,8.7,1.2846633460358592,20251015,20251015,1.021182
000001.SZ,1d,2017-05-12,6.7566339670110835,6.927885058340858,6.725497404951126,6.927885058340858,917968.0,809131900.1400001,20170512,8.9,1.2846633460358592,20251015,20251015,1.021182
000001.SZ,1d,2017-05-15,6.920100917825868,6.966805760915808,6.857827793705951,6.8967484962809,536578.0,476417671.71999997,20170515,8.860000000000001,1.2846633460358592,20251015,20251015,1.021182
000001.SZ,1d,2017-05-16,6.88118021525092,6.888964355765909,6.795554669586033,6.88118021525092,524872.0,461069300.97,20170516,8.84,1.2846633460358592,20251015,20251015,1.021182
000001.SZ,1d,2017-05-17,6.857827793705951,6.857827793705951,6.811122950616012,6.826691231645992,417338.0,365987542.61,20170517,8.77,1.2846633460358592,20251015,20251015,1.021182
000001.SZ,1d,2017-05-18,6.787770529071043,6.8266912316459925,6.779986388556054,6.795554669586033,227401.0,198765579.76000002,20170518,8.73,1.2846633460358592,20251015,20251015,1.021182
000001.SZ,1d,2017-05-19,6.803338810101023,6.818907091131002,6.7566339670110835,6.764418107526073,294270.0,256396867.64000002,20170519,8.69,1.2846633460358592,20251015,20251015,1.021182
000001.SZ,1d,2017-05-22,6.7566339670110835,6.795554669586031,6.702144983406155,6.7566339670110835,679120.0,588546725.07,20170522,8.68,1.2846633460358592,20251015,20251015,1.021182
000001.SZ,1d,2017-05-23,6.7488498264960946,6.88118021525092,6.725497404951126,6.842259512675971,800040.0,702123772.9800001,20170523,8.790000000000001,1.2846633460358592,20251015,20251015,1.021182
000001.SZ,1d,2017-05-24,6.8344753721609806,6.87339607473593,6.7566339670110835,6.857827793705951,532376.0,466560635.92,20170524,8.81,1.2846633460358592,20251015,20251015,1.021182
000001.SZ,1d,2017-05-25,6.84225951267597,7.114704430700611,6.8344753721609806,7.083567868640652,1621543.0,1462763018.52,20170525,9.1,1.2846633460358592,20251015,20251015,1.021182
000001.SZ,1d,2017-05-26,7.067999587610673,7.106920290185622,7.036863025550715,7.083567868640654,895365.0,813387170.15,20170526,9.100000000000001,1.2846633460358592,20251015,20251015,1.021182
000001.SZ,1d,2017-05-31,7.083567868640652,7.184761695335519,7.052431306580694,7.161409273790551,1033210.0,948741889.7,20170531,9.200000000000001,1.2846633460358592,20251015,20251015,1.021182
000001.SZ,1d,2017-06-01,7.161409273790551,7.184761695335519,7.099136149670633,7.153625133275561,566182.0,519544675.84,20170601,9.190000000000001,1.2846633460358592,20251015,20251015,1.021182
000001.SZ,1d,2017-06-02,7.14584099276057,7.231466538425458,7.114704430700612,7.1380568522455805,770757.0,710119498.0999999,20170602,9.17,1.2846633460358592,20251015,20251015,1.021182
000001.SZ,1d,2017-06-05,7.106920290185622,7.1380568522455805,6.997942322975765,7.029078885035724,634132.0,573460396.83,20170605,9.03,1.2846633460358592,20251015,20251015,1.021182
000001.SZ,1d,2017-06-06,7.013510604005745,7.052431306580694,6.997942322975765,7.036863025550715,355341.0,320520904.30999994,20170606,9.040000000000001,1.2846633460358592,20251015,20251015,1.021182
000001.SZ,1d,2017-06-07,7.021294744520734,7.122488571215602,7.013510604005745,7.106920290185621,645723.0,587357671.1600001,20170607,9.129999999999999,1.2846633460358592,20251015,20251015,1.021182
000001.SZ,1d,2017-06-08,7.091352009155642,7.122488571215602,7.067999587610673,7.106920290185622,383004.0,348860774.29999995,20170608,9.13,1.2846633460358592,20251015,20251015,1.021182
000001.SZ,1d,2017-06-09,7.122488571215602,7.17697755482053,7.099136149670633,7.122488571215602,685468.0,628281688.31,20170609,9.15,1.2846633460358592,20251015,20251015,1.021182
000001.SZ,1d,2017-06-12,7.122488571215602,7.153625133275559,7.083567868640652,7.091352009155642,504578.0,461493689.83,20170612,9.11,1.2846633460358592,20251015,20251015,1.021182
000001.SZ,1d,2017-06-13,7.091352009155643,7.114704430700612,7.044647166065705,7.099136149670633,448434.0,407876695.89000005,20170613,9.120000000000001,1.2846633460358592,20251015,20251015,1.021182
000001.SZ,1d,2017-06-14,7.099136149670633,7.106920290185622,7.036863025550715,7.067999587610673,375444.0,340596135.74,20170614,9.08,1.2846633460358592,20251015,20251015,1.021182
000001.SZ,1d,2017-06-15,7.067999587610673,7.067999587610673,7.029078885035724,7.036863025550714,337797.0,305610500.17,20170615,9.04,1.2846633460358592,20251015,20251015,1.021182
000001.SZ,1d,2017-06-16,7.036863025550714,7.067999587610673,7.013510604005745,7.021294744520734,285991.0,258559005.29,20170616,9.02,1.2846633460358592,20251015,20251015,1.021182
000001.SZ,1d,2017-06-19,7.029078885035724,7.122488571215602,7.021294744520734,7.106920290185621,489704.0,446000772.99,20170619,9.129999999999999,1.2846633460358592,20251015,20251015,1.021182
000001.SZ,1d,2017-06-20,7.099136149670631,7.130272711730591,7.075783728125662,7.099136149670631,313615.0,286053883.71000004,20170620,9.12,1.2846633460358592,20251015,20251015,1.021182
000001.SZ,1d,2017-06-21,7.1380568522455805,7.14584099276057,7.091352009155642,7.1224885712156,496932.0,454488888.04,20170621,9.149999999999999,1.2846633460358592,20251015,20251015,1.021182
000001.SZ,1d,2017-06-22,7.122488571215602,7.317092084090345,7.114704430700612,7.200329976365499,1426958.0,1325210564.6399999,20170622,9.25,1.2846633460358592,20251015,20251015,1.021182
000001.SZ,1d,2017-06-23,7.184761695335519,7.2158982573954775,7.130272711730591,7.200329976365499,584004.0,538303574.27,20170623,9.25,1.2846633460358592,20251015,20251015,1.021182
000001.SZ,1d,2017-06-26,7.208114116880488,7.317092084090345,7.208114116880488,7.239250678940446,710769.0,663762850.0400001,20170626,9.299999999999999,1.2846633460358592,20251015,20251015,1.021182
000001.SZ,1d,2017-06-27,7.239250678940446,7.309307943575353,7.2158982573954775,7.285955522030385,546016.0,509162008.98,20170627,9.36,1.2846633460358592,20251015,20251015,1.021182
000001.SZ,1d,2017-06-28,7.278171381515396,7.387149348725252,7.262603100485416,7.340444505635313,1168796.0,1102438099.9,20170628,9.43,1.2846633460358592,20251015,20251015,1.021182
000001.SZ,1d,2017-06-29,7.340444505635315,7.356012786665294,7.293739662545376,7.340444505635315,488804.0,459810415.61999995,20170629,9.430000000000001,1.2846633460358592,20251015,20251015,1.021182
000001.SZ,1d,2017-06-30,7.317092084090345,7.340444505635313,7.247034819455437,7.309307943575355,499633.0,468003516.71999997,20170630,9.39,1.2846633460358592,20251015,20251015,1.021182
000001.SZ,1d,2017-07-03,7.317092084090345,7.340444505635313,7.270387241000406,7.317092084090345,388349.0,364465847.32,20170703,9.4,1.2846633460358592,20251015,20251015,1.021182
000001.SZ,1d,2017-07-04,7.317092084090345,7.324876224605334,7.239250678940448,7.270387241000406,488362.0,456577021.24999994,20170704,9.34,1.2846633460358592,20251015,20251015,1.021182
000001.SZ,1d,2017-07-05,7.231466538425456,7.301523803060364,7.2158982573954775,7.2937396625453745,567720.0,529294114.23999995,20170705,9.37,1.2846633460358592,20251015,20251015,1.021182
000001.SZ,1d,2017-07-06,7.285955522030386,7.324876224605334,7.247034819455437,7.317092084090345,738911.0,691387184.15,20170706,9.4,1.2846633460358592,20251015,20251015,1.021182
000001.SZ,1d,2017-07-07,7.2937396625453745,7.379365208210262,7.270387241000406,7.371581067695273,760369.0,717084352.1800001,20170707,9.47,1.2846633460358592,20251015,20251015,1.021182
000001.SZ,1d,2017-07-10,7.356012786665293,7.5194797374800775,7.348228646150303,7.464990753875149,1360815.0,1303090005.3600001,20170710,9.59,1.2846633460358592,20251015,20251015,1.021182
000001.SZ,1d,2017-07-11,7.480559034905128,8.142210978679255,7.480559034905128,7.9787440278644715,3812086.0,3842010171.29,20170711,10.25,1.2846633460358592,20251015,20251015,1.021182
000001.SZ,1d,2017-07-12,7.994312308894452,8.235620664859134,7.939823325289524,8.04880129249938,2998844.0,3113681338.88,20170712,10.340000000000002,1.2846633460358592,20251015,20251015,1.021182
000001.SZ,1d,2017-07-13,8.01766473043942,8.484713161338805,7.970959887349482,8.484713161338805,2994534.0,3180144566.46,20170713,10.9,1.2846633460358592,20251015,20251015,1.021182
000001.SZ,1d,2017-07-14,8.414655896703897,8.515849723398762,8.29789378897905,8.484713161338805,1722570.0,1864449201.5,20170714,10.9,1.2846633460358592,20251015,20251015,1.021182
000001.SZ,1d,2017-07-17,8.523633863913753,8.819431203483362,8.344598632068989,8.414655896703897,3273123.0,3608692279.05,20170717,10.81,1.2846633460358592,20251015,20251015,1.021182
000001.SZ,1d,2017-07-18,8.36795105361396,8.671532533698558,8.266757226919092,8.60147526906365,2349431.0,2558433986.13,20170718,11.05,1.2846633460358592,20251015,20251015,1.021182
000001.SZ,1d,2017-07-19,8.554770425973711,8.710453236273507,8.469144880308825,8.63261183112361,1933075.0,2131336294.18,20170719,11.090000000000002,1.2846633460358592,20251015,20251015,1.021182
000001.SZ,1d,2017-07-20,8.624827690608619,8.733805657818476,8.492497301853794,8.539202144943733,1537338.0,1695060974.17,20170720,10.97,1.2846633460358592,20251015,20251015,1.021182
000001.SZ,1d,2017-07-21,8.554999925788518,8.649792168733542,8.444408975685988,8.60239604726103,1501020.0,1625416436.89,20170721,10.889999999999999,1.2659263698359173,20251015,20251015,1.021182
000001.SZ,1d,2017-07-24,8.547100572209766,8.736685058099816,8.476006390000997,8.649792168733544,1692664.0,1846886678.93,20170724,10.950000000000001,1.2659263698359173,20251015,20251015,1.021182
000001.SZ,1d,2017-07-25,8.673490229469799,8.902571483253611,8.649792168733544,8.689288936627305,1954768.0,2172114597.09,20170725,11.000000000000002,1.2659263698359173,20251015,20251015,1.021182
000001.SZ,1d,2017-07-26,8.626094107997286,8.83147730104484,8.420710914949732,8.483905743579749,1697412.0,1846282151.7699997,20170726,10.74,1.2659263698359173,20251015,20251015,1.021182
000001.SZ,1d,2017-07-27,8.468107036422245,8.507603804316005,8.318019318425955,8.365415439898468,1194490.0,1273888886.18,20170727,10.59,1.2659263698359173,20251015,20251015,1.021182
000001.SZ,1d,2017-07-28,8.381214147055971,8.539201218631014,8.357516086319716,8.483905743579749,819195.0,877769279.49,20170728,10.74,1.2659263698359173,20251015,20251015,1.021182
000001.SZ,1d,2017-07-31,8.531301865052262,8.547100572209766,8.25482448979594,8.428610268528486,1575864.0,1671814035.24,20170731,10.670000000000002,1.2659263698359173,20251015,20251015,1.021182
000001.SZ,1d,2017-08-01,8.404912207792227,8.75248376525732,8.373314793477219,8.720886350942312,2035709.0,2222887933.96,20170801,11.04,1.2659263698359173,20251015,20251015,1.021182
000001.SZ,1d,2017-08-02,8.728785704521064,8.957866958304876,8.657691522312296,8.807779240308585,2062069.0,2307726682.9399996,20170802,11.15,1.2659263698359173,20251015,20251015,1.021182
000001.SZ,1d,2017-08-03,8.799879886729833,8.86307471535985,8.665590875891048,8.697188290206055,984219.0,1090954131.84,20170803,11.01,1.2659263698359173,20251015,20251015,1.021182
000001.SZ,1d,2017-08-04,8.689288936627303,8.918370190411114,8.633993461576038,8.82357794746609,1353951.0,1511389828.31,20170804,11.17,1.2659263698359173,20251015,20251015,1.021182
000001.SZ,1d,2017-08-07,8.736685058099816,8.82357794746609,8.610295400839783,8.689288936627303,860644.0,946975699.5600001,20170807,11.0,1.2659263698359173,20251015,20251015,1.021182
000001.SZ,1d,2017-08-08,8.689288936627303,8.776181825993577,8.618194754418536,8.728785704521064,689567.0,758872028.53,20170808,11.05,1.2659263698359173,20251015,20251015,1.021182
000001.SZ,1d,2017-08-09,8.657691522312295,8.705087643784807,8.436509622107236,8.476006390000997,1042321.0,1126512107.8200002,20170809,10.73,1.2659263698359173,20251015,20251015,1.021182
000001.SZ,1d,2017-08-10,8.452308329264742,8.547100572209766,8.325918672004708,8.389113500634725,959879.0,1026676005.5000001,20170810,10.620000000000001,1.2659263698359173,20251015,20251015,1.021182
000001.SZ,1d,2017-08-11,8.278522550532195,8.325918672004708,7.891454225173343,7.915152285909598,2440643.0,2501779371.25,20170811,10.02,1.2659263698359173,20251015,20251015,1.021182
000001.SZ,1d,2017-08-14,8.002045175275873,8.096837418220899,7.930950993067103,8.07313935748464,1157664.0,1175479138.54,20170814,10.22,1.2659263698359173,20251015,20251015,1.021182
000001.SZ,1d,2017-08-15,8.088938064642145,8.302220611268453,8.065240003905888,8.14423353969341,1075162.0,1116749994.49,20170815,10.31,1.2659263698359173,20251015,20251015,1.021182
000001.SZ,1d,2017-08-16,8.128434832535905,8.191629661165923,8.017843882433375,8.167931600429664,756806.0,778517621.68,20170816,10.34,1.2659263698359173,20251015,20251015,1.021182
000001.SZ,1d,2017-08-17,8.175830954008418,8.231126429059684,8.128434832535905,8.231126429059684,553642.0,573093949.61,20170817,10.420000000000002,1.2659263698359173,20251015,20251015,1.021182
000001.SZ,1d,2017-08-18,8.18373030758717,8.37331479347722,8.128434832535905,8.246925136217188,616520.0,643188717.2099999,20170818,10.440000000000001,1.2659263698359173,20251015,20251015,1.021182
000001.SZ,1d,2017-08-21,8.239025782638434,8.310119964847203,8.207428368323427,8.26272384337469,399154.0,417653110.84999996,20170821,10.46,1.2659263698359173,20251015,20251015,1.021182
000001.SZ,1d,2017-08-22,8.278522550532195,8.420710914949732,8.191629661165923,8.412811561370981,875681.0,922881865.79,20170822,10.65,1.2659263698359173,20251015,20251015,1.021182
000001.SZ,1d,2017-08-23,8.397012854213475,8.673490229469799,8.365415439898468,8.610295400839783,1319151.0,1430051908.04,20170823,10.9,1.2659263698359173,20251015,20251015,1.021182
000001.SZ,1d,2017-08-24,8.602396047261031,8.776181825993577,8.56289927936727,8.633993461576038,924248.0,1014933651.98,20170824,10.93,1.2659263698359173,20251015,20251015,1.021182
000001.SZ,1d,2017-08-25,8.64189281515479,8.82357794746609,8.610295400839783,8.776181825993577,963940.0,1068994547.06,20170825,11.110000000000001,1.2659263698359173,20251015,20251015,1.021182
000001.SZ,1d,2017-08-28,8.768282472414825,9.115854029879916,8.768282472414825,8.965766311883627,1603938.0,1828380086.0000002,20170828,11.35,1.2659263698359173,20251015,20251015,1.021182
000001.SZ,1d,2017-08-29,8.926269543989866,9.273841101454959,8.910470836832362,9.218545626403694,1357983.0,1569230034.16,20170829,11.67,1.2659263698359173,20251015,20251015,1.021182
000001.SZ,1d,2017-08-30,9.226444979982446,9.242243687139949,8.965766311883627,9.028961140513644,1096674.0,1264128140.6799998,20170830,11.43,1.2659263698359173,20251015,20251015,1.021182
000001.SZ,1d,2017-08-31,8.997363726198635,9.036860494092394,8.807779240308585,8.910470836832364,1151786.0,1297730595.7200003,20170831,11.280000000000001,1.2659263698359173,20251015,20251015,1.021182
000001.SZ,1d,2017-09-01,8.910470836832364,8.997363726198635,8.807779240308585,8.855175361781098,959976.0,1080996319.27,20170901,11.21,1.2659263698359173,20251015,20251015,1.021182
000001.SZ,1d,2017-09-04,8.83147730104484,9.258042394297455,8.82357794746609,9.258042394297455,1352325.0,1551875033.9,20170904,11.72,1.2659263698359173,20251015,20251015,1.021182
000001.SZ,1d,2017-09-05,9.226444979982446,9.43182817303,9.163250151352429,9.194847565667436,1287518.0,1513759541.19,20170905,11.639999999999999,1.2659263698359173,20251015,20251015,1.021182
000001.SZ,1d,2017-09-06,9.155350797773677,9.38443205155749,9.068457908407405,9.24224368713995,791621.0,925519043.82,20170906,11.700000000000001,1.2659263698359173,20251015,20251015,1.021182
000001.SZ,1d,2017-09-07,9.20274691924619,9.281740455033711,8.997363726198635,9.036860494092396,614187.0,711036421.43,20170907,11.440000000000001,1.2659263698359173,20251015,20251015,1.021182
000001.SZ,1d,2017-09-08,9.0526592012499,9.194847565667438,8.989464372619883,9.076357261986157,481276.0,553644520.36,20170908,11.49,1.2659263698359173,20251015,20251015,1.021182
000001.SZ,1d,2017-09-11,9.115854029879918,9.234344333561198,8.926269543989866,8.989464372619883,699472.0,801825014.63,20170911,11.38,1.2659263698359173,20251015,20251015,1.021182
000001.SZ,1d,2017-09-12,8.989464372619882,9.115854029879916,8.90257148325361,9.115854029879916,846183.0,962032172.14,20170912,11.54,1.2659263698359173,20251015,20251015,1.021182
000001.SZ,1d,2017-09-13,9.076357261986157,9.115854029879916,8.957866958304875,9.028961140513644,668237.0,765028184.64,20170913,11.43,1.2659263698359173,20251015,20251015,1.021182
000001.SZ,1d,2017-09-14,9.028961140513644,9.155350797773677,8.878873422517353,8.94206825114737,883087.0,1005775578.2400001,20170914,11.32,1.2659263698359173,20251015,20251015,1.021182
000001.SZ,1d,2017-09-15,8.918370190411116,8.94206825114737,8.807779240308585,8.918370190411116,646094.0,726061100.4500002,20170915,11.290000000000001,1.2659263698359173,20251015,20251015,1.021182
000001.SZ,1d,2017-09-18,8.886772776096107,8.94206825114737,8.847276008202346,8.886772776096107,607612.0,684223023.19,20170918,11.250000000000002,1.2659263698359173,20251015,20251015,1.021182
000001.SZ,1d,2017-09-19,8.886772776096105,8.957866958304875,8.75248376525732,8.791980533151081,764212.0,853815999.65,20170919,11.13,1.2659263698359173,20251015,20251015,1.021182
000001.SZ,1d,2017-09-20,8.799879886729833,8.981565019041131,8.728785704521064,8.918370190411116,787154.0,884640964.2099999,20170920,11.290000000000001,1.2659263698359173,20251015,20251015,1.021182
000001.SZ,1d,2017-09-21,8.89467212967486,9.092155969143661,8.847276008202346,9.0526592012499,692407.0,788605300.87,20170921,11.46,1.2659263698359173,20251015,20251015,1.021182
000001.SZ,1d,2017-09-22,9.028961140513644,9.100055322722413,8.934168897568618,9.036860494092396,593927.0,677622489.51,20170922,11.440000000000001,1.2659263698359173,20251015,20251015,1.021182
000001.SZ,1d,2017-09-25,9.036860494092394,9.044759847671147,8.83147730104484,8.918370190411114,532391.0,602270302.75,20170925,11.29,1.2659263698359173,20251015,20251015,1.021182
000001.SZ,1d,2017-09-26,8.89467212967486,8.926269543989866,8.657691522312296,8.728785704521064,967460.0,1074228193.8000002,20170926,11.05,1.2659263698359173,20251015,20251015,1.021182
000001.SZ,1d,2017-09-27,8.697188290206055,8.75248376525732,8.610295400839783,8.633993461576038,727188.0,798377280.0500001,20170927,10.93,1.2659263698359173,20251015,20251015,1.021182
000001.SZ,1d,2017-09-28,8.673490229469799,8.673490229469799,8.547100572209766,8.594496693682279,517220.0,563485127.39,20170928,10.88,1.2659263698359173,20251015,20251015,1.021182
000001.SZ,1d,2017-09-29,8.626094107997286,8.815678593887338,8.578697986524773,8.776181825993577,682280.0,753852534.72,20170929,11.11,1.2659263698359173,20251015,20251015,1.021182
000001.SZ,1d,2017-10-09,9.139552090616172,9.194847565667438,8.894672129674857,8.926269543989866,1325227.0,1520609511.5700002,20171009,11.299999999999999,1.2659263698359173,20251015,20251015,1.021182
000001.SZ,1d,2017-10-10,8.949967604726123,9.084256615564907,8.949967604726123,9.060558554828653,747925.0,853665849.11,20171010,11.47,1.2659263698359173,20251015,20251015,1.021182
000001.SZ,1d,2017-10-11,9.068457908407405,9.147451444194925,8.957866958304875,9.107954676301164,658077.0,756203405.4,20171011,11.53,1.2659263698359173,20251015,20251015,1.021182
000001.SZ,1d,2017-10-12,9.115854029879918,9.147451444194925,9.060558554828653,9.12375338345867,578065.0,667148377.69,20171012,11.55,1.2659263698359173,20251015,20251015,1.021182
000001.SZ,1d,2017-10-13,9.13165273703742,9.13165273703742,8.886772776096105,8.973665665462379,737375.0,839662734.96,20171013,11.36,1.2659263698359173,20251015,20251015,1.021182
000001.SZ,1d,2017-10-16,8.973665665462379,9.16325015135243,8.918370190411116,9.155350797773679,1036250.0,1190724204.76,20171016,11.590000000000002,1.2659263698359173,20251015,20251015,1.021182
000001.SZ,1d,2017-10-17,9.179048858509933,9.20274691924619,9.068457908407405,9.09215596914366,506372.0,585333998.33,20171017,11.51,1.2659263698359173,20251015,20251015,1.021182
000001.SZ,1d,2017-10-18,9.107954676301164,9.242243687139949,9.09215596914366,9.234344333561198,871365.0,1011050927.6999999,20171018,11.69,1.2659263698359173,20251015,20251015,1.021182
000001.SZ,1d,2017-10-19,9.194847565667438,9.258042394297455,9.139552090616172,9.186948212088685,722764.0,841546799.4000001,20171019,11.63,1.2659263698359173,20251015,20251015,1.021182
000001.SZ,1d,2017-10-20,9.155350797773677,9.155350797773677,9.01316243335614,9.068457908407405,461808.0,529747048.15999997,20171020,11.48,1.2659263698359173,20251015,20251015,1.021182
000001.SZ,1d,2017-10-23,8.997363726198635,9.005263079777388,8.807779240308585,8.839376654623592,1074465.0,1206888281.81,20171023,11.19,1.2659263698359173,20251015,20251015,1.021182
000001.SZ,1d,2017-10-24,8.847276008202344,9.021061786934892,8.83147730104484,8.997363726198635,618871.0,700896871.75,20171024,11.39,1.2659263698359173,20251015,20251015,1.021182
000001.SZ,1d,2017-10-25,8.973665665462379,8.981565019041131,8.886772776096105,8.90257148325361,418573.0,472708177.86,20171025,11.27,1.2659263698359173,20251015,20251015,1.021182
000001.SZ,1d,2017-10-26,8.886772776096107,8.94206825114737,8.784081179572329,8.831477301044842,928996.0,1041707022.8800001,20171026,11.180000000000001,1.2659263698359173,20251015,20251015,1.021182
000001.SZ,1d,2017-10-27,8.839376654623592,9.13165273703742,8.83147730104484,9.13165273703742,1360086.0,1548543731.64,20171027,11.56,1.2659263698359173,20251015,20251015,1.021182
000001.SZ,1d,2017-10-30,9.12375338345867,9.265941747876207,9.044759847671148,9.13165273703742,1278246.0,1484495472.5400002,20171030,11.56,1.2659263698359173,20251015,20251015,1.021182
000001.SZ,1d,2017-10-31,9.12375338345867,9.147451444194925,8.997363726198635,9.115854029879918,627491.0,721237474.23,20171031,11.540000000000001,1.2659263698359173,20251015,20251015,1.021182
000001.SZ,1d,2017-11-01,9.13165273703742,9.155350797773677,8.94206825114737,9.005263079777388,692617.0,792881042.8199999,20171101,11.4,1.2659263698359173,20251015,20251015,1.021182
000001.SZ,1d,2017-11-02,8.973665665462379,9.147451444194925,8.894672129674857,9.115854029879916,604308.0,689229873.86,20171102,11.54,1.2659263698359173,20251015,20251015,1.021182
000001.SZ,1d,2017-11-03,9.076357261986157,9.226444979982446,8.965766311883627,8.997363726198634,743343.0,852032107.89,20171103,11.389999999999999,1.2659263698359173,20251015,20251015,1.021182
000001.SZ,1d,2017-11-06,9.021061786934892,9.021061786934892,8.760383118836073,8.910470836832362,1029902.0,1157303985.6000001,20171106,11.28,1.2659263698359173,20251015,20251015,1.021182
000001.SZ,1d,2017-11-07,8.90257148325361,9.550318476711281,8.886772776096105,9.416029465872496,2477163.0,2914269160.44,20171107,11.92,1.2659263698359173,20251015,20251015,1.021182
000001.SZ,1d,2017-11-08,9.479224294502513,9.945286155648887,9.423928819451248,9.58191589102629,4262825.0,5199224276.82,20171108,12.129999999999999,1.2659263698359173,20251015,20251015,1.021182
000001.SZ,1d,2017-11-09,9.637211366077556,9.929487448491383,9.597714598183794,9.739902962601333,2295289.0,2839861735.04,20171109,12.33,1.2659263698359173,20251015,20251015,1.021182
000001.SZ,1d,2017-11-10,9.771500376916341,9.913688741333878,9.597714598183794,9.716204901865076,1757552.0,2167126597.89,20171110,12.3,1.2659263698359173,20251015,20251015,1.021182
000001.SZ,1d,2017-11-13,9.755701669758835,10.348153188165243,9.755701669758835,10.190166116590202,2566906.0,3307955288.7400002,20171113,12.9,1.2659263698359173,20251015,20251015,1.021182
000001.SZ,1d,2017-11-14,10.229662884483963,10.474542845425276,10.119071934381433,10.229662884483963,1780302.0,2318092534.3199997,20171114,12.950000000000001,1.2659263698359173,20251015,20251015,1.021182
000001.SZ,1d,2017-11-15,10.190166116590202,10.371851248901498,10.087474520066424,10.190166116590202,1263052.0,1627912725.03,20171115,12.9,1.2659263698359173,20251015,20251015,1.021182
000001.SZ,1d,2017-11-16,10.190166116590202,10.363951895322748,10.008480984278902,10.348153188165243,1200814.0,1550701791.1,20171116,13.1,1.2659263698359173,20251015,20251015,1.021182
000001.SZ,1d,2017-11-17,10.403448663216508,10.63252991700032,10.29285771311398,10.41134801679526,2064149.0,2731215933.7500005,20171117,13.180000000000001,1.2659263698359173,20251015,20251015,1.021182
000001.SZ,1d,2017-11-20,10.3718512489015,11.256578849721734,10.308656420271483,11.256578849721734,2843925.0,3860145472.82,20171120,14.25,1.2659263698359173,20251015,20251015,1.021182
000001.SZ,1d,2017-11-21,11.114390485304197,11.683143942974347,11.066994363831684,11.414565921296775,2495327.0,3609849024.92,20171121,14.45,1.2659263698359173,20251015,20251015,1.021182
000001.SZ,1d,2017-11-22,11.438263982033032,12.038614854018192,11.438263982033032,11.928023903915662,2570231.0,3839501153.96,20171122,15.1,1.2659263698359173,20251015,20251015,1.021182
000001.SZ,1d,2017-11-23,11.967520671809423,12.038614854018192,11.114390485304197,11.335572385509256,2429142.0,3562843399.78,20171123,14.35,1.2659263698359173,20251015,20251015,1.021182
000001.SZ,1d,2017-11-24,11.288176264036743,11.525156871399307,10.885309231520386,11.501458810663049,2630189.0,3732597275.58,20171124,14.56,1.2659263698359173,20251015,20251015,1.021182
000001.SZ,1d,2017-11-27,11.296075617615495,11.296075617615495,10.86161117078413,11.003799535201667,2064085.0,2878491901.4700003,20171127,13.93,1.2659263698359173,20251015,20251015,1.021182
000001.SZ,1d,2017-11-28,10.94060470657165,10.94060470657165,10.585133795527806,10.822114402890369,1766432.0,2396540133.1,20171128,13.700000000000001,1.2659263698359173,20251015,20251015,1.021182
000001.SZ,1d,2017-11-29,10.845812463626626,11.003799535201669,10.640429270579071,10.916906645835395,1564094.0,2148312654.9900002,20171129,13.82,1.2659263698359173,20251015,20251015,1.021182
000001.SZ,1d,2017-11-30,10.822114402890369,10.845812463626626,10.474542845425276,10.569335088370302,1379635.0,1866700884.5900002,20171130,13.379999999999999,1.2659263698359173,20251015,20251015,1.021182
000001.SZ,1d,2017-12-01,10.585133795527806,10.648328624157823,10.237562238062715,10.269159652377722,1784933.0,2354299656.82,20171201,13.0,1.2659263698359173,20251015,20251015,1.021182
000001.SZ,1d,2017-12-04,10.308656420271483,10.56143573479155,10.269159652377722,10.506140259740286,1454023.0,1923315712.98,20171204,13.3,1.2659263698359173,20251015,20251015,1.021182
000001.SZ,1d,2017-12-05,10.387649956059004,10.656227977736576,10.348153188165243,10.506140259740285,1723681.0,2301867653.6200004,20171205,13.299999999999999,1.2659263698359173,20251015,20251015,1.021182
000001.SZ,1d,2017-12-06,10.474542845425278,10.48244219900403,10.103273227223928,10.332354481007739,1619844.0,2104168537.1000001,20171206,13.08,1.2659263698359173,20251015,20251015,1.021182
000001.SZ,1d,2017-12-07,10.308656420271483,10.379750602480252,10.07167581290892,10.134870641538937,1181957.0,1526953344.35,20171207,12.83,1.2659263698359173,20251015,20251015,1.021182
000001.SZ,1d,2017-12-08,10.18226676301145,10.340253834586491,10.07167581290892,10.340253834586491,1351315.0,1751423112.52,20171208,13.09,1.2659263698359173,20251015,20251015,1.021182
000001.SZ,1d,2017-12-11,10.332354481007739,10.719422806366591,10.174367409432698,10.664127331315328,2261952.0,2980735572.46,20171211,13.5,1.2659263698359173,20251015,20251015,1.021182
000001.SZ,1d,2017-12-12,10.585133795527806,10.648328624157823,10.284958359535226,10.284958359535226,1743405.0,2302354901.4999995,20171212,13.02,1.2659263698359173,20251015,20251015,1.021182
000001.SZ,1d,2017-12-13,10.269159652377722,10.427146723952765,10.174367409432698,10.3718512489015,1289248.0,1679022035.87,20171213,13.13,1.2659263698359173,20251015,20251015,1.021182
000001.SZ,1d,2017-12-14,10.387649956059004,10.514039613319037,10.198065470168954,10.269159652377722,1001997.0,1311131917.6599998,20171214,13.0,1.2659263698359173,20251015,20251015,1.021182
000001.SZ,1d,2017-12-15,10.190166116590202,10.213864177326457,10.008480984278902,10.047977752172665,1099952.0,1405372004.0400002,20171215,12.72,1.2659263698359173,20251015,20251015,1.021182
000001.SZ,1d,2017-12-18,10.055877105751415,10.198065470168954,9.984782923542648,10.07167581290892,805464.0,1029422753.2800001,20171218,12.75,1.2659263698359173,20251015,20251015,1.021182
000001.SZ,1d,2017-12-19,10.103273227223928,10.521938966897789,10.063776459330168,10.490341552582782,2397942.0,3138687565.9,20171219,13.280000000000001,1.2659263698359173,20251015,20251015,1.021182
000001.SZ,1d,2017-12-20,10.427146723952765,10.514039613319037,10.3718512489015,10.474542845425278,1106245.0,1463802116.67,20171220,13.260000000000002,1.2659263698359173,20251015,20251015,1.021182
000001.SZ,1d,2017-12-21,10.41134801679526,10.806315695732865,10.395549309637756,10.695724745630336,1485203.0,2005617683.8600001,20171221,13.540000000000001,1.2659263698359173,20251015,20251015,1.021182
000001.SZ,1d,2017-12-22,10.664127331315328,10.766818927839104,10.624630563421567,10.679926038472832,742900.0,1004525768.54,20171222,13.520000000000001,1.2659263698359173,20251015,20251015,1.021182
000001.SZ,1d,2017-12-25,10.67992603847283,10.948504060150402,10.395549309637756,10.466643491846524,1585567.0,2145040658.23,20171225,13.25,1.2659263698359173,20251015,20251015,1.021182
000001.SZ,1d,2017-12-26,10.474542845425276,10.814215049311617,10.419247370374011,10.79051698857536,1123688.0,1510826264.4400003,20171226,13.66,1.2659263698359173,20251015,20251015,1.021182
000001.SZ,1d,2017-12-27,10.727322159945343,10.885309231520385,10.419247370374011,10.498240906161532,1366566.0,1848165006.46,20171227,13.29,1.2659263698359173,20251015,20251015,1.021182
000001.SZ,1d,2017-12-28,10.49034155258278,10.632529917000317,10.284958359535226,10.435046077531515,1553030.0,2052944539.1400003,20171228,13.209999999999999,1.2659263698359173,20251015,20251015,1.021182
000001.SZ,1d,2017-12-29,10.435046077531515,10.608831856264063,10.348153188165243,10.506140259740285,982915.0,1303222040.36,20171229,13.299999999999999,1.2659263698359173,20251015,20251015,1.021182
000001.SZ,1d,2018-01-02,10.545637027634045,11.003799535201667,10.521938966897789,10.822114402890369,2081592.0,2856543822.1800003,20180102,13.700000000000001,1.2659263698359173,20251015,20251015,1.021182
000001.SZ,1d,2018-01-03,10.845812463626626,10.948504060150404,10.427146723952765,10.529838320476543,2962498.0,4006220766.94,20180103,13.330000000000002,1.2659263698359173,20251015,20251015,1.021182
000001.SZ,1d,2018-01-04,10.521938966897789,10.56143573479155,10.3718512489015,10.466643491846524,1854509.0,2454543516.41,20180104,13.25,1.2659263698359173,20251015,20251015,1.021182
000001.SZ,1d,2018-01-05,10.435046077531517,10.545637027634045,10.387649956059004,10.506140259740286,1210312.0,1603289517.9300003,20180105,13.3,1.2659263698359173,20251015,20251015,1.021182
000001.SZ,1d,2018-01-08,10.466643491846524,10.498240906161532,10.158568702275193,10.237562238062713,2158620.0,2806099169.66,20180108,12.959999999999999,1.2659263698359173,20251015,20251015,1.021182
000001.SZ,1d,2018-01-09,10.237562238062713,10.427146723952763,10.205964823747706,10.332354481007739,1344345.0,1754315792.47,20180109,13.08,1.2659263698359173,20251015,20251015,1.021182
000001.SZ,1d,2018-01-10,10.30075706669273,10.656227977736576,10.205964823747706,10.640429270579071,2403277.0,3196055830.9100003,20180110,13.47,1.2659263698359173,20251015,20251015,1.021182
000001.SZ,1d,2018-01-11,10.593033149106558,10.735221513524095,10.482442199004028,10.585133795527806,1443877.0,1937494294.07,20180111,13.4,1.2659263698359173,20251015,20251015,1.021182
000001.SZ,1d,2018-01-12,10.624630563421565,10.806315695732865,10.593033149106558,10.703624099209089,1353991.0,1833435672.07,20180112,13.55,1.2659263698359173,20251015,20251015,1.021182
000001.SZ,1d,2018-01-15,10.672026684894078,11.319773678351751,10.664127331315328,11.217082081827973,3122394.0,4376707088.52,20180115,14.2,1.2659263698359173,20251015,20251015,1.021182
000001.SZ,1d,2018-01-16,11.193384021091717,11.35927044624551,11.074893717410436,11.217082081827973,2444549.0,3479177087.3,20180116,14.2,1.2659263698359173,20251015,20251015,1.021182
000001.SZ,1d,2018-01-17,11.319773678351753,11.691043296553099,11.217082081827975,11.24078014256423,2656294.0,3849312882.21,20180117,14.23,1.2659263698359173,20251015,20251015,1.021182
000001.SZ,1d,2018-01-18,11.375069153403016,11.627848467923084,11.28027691045799,11.627848467923084,2148026.0,3120455742.3500004,20180118,14.72,1.2659263698359173,20251015,20251015,1.021182
000001.SZ,1d,2018-01-19,11.691043296553099,11.951721964651918,11.596251053608073,11.691043296553099,2571146.0,3832857440.2999997,20180119,14.799999999999999,1.2659263698359173,20251015,20251015,1.021182
000001.SZ,1d,2018-01-22,11.533056224978058,11.801634246655627,11.398767214139271,11.406666567718023,2073867.0,3032799070.35,20180122,14.44,1.2659263698359173,20251015,20251015,1.021182
000001.SZ,1d,2018-01-23,11.343471739088006,11.77003683234062,11.319773678351751,11.572552992871818,2388791.0,3492462005.57,20180123,14.65,1.2659263698359173,20251015,20251015,1.021182
000001.SZ,1d,2018-01-24,11.58045234645057,11.912225196758158,11.454062689190536,11.564653639293066,2591292.0,3838734922.63,20180124,14.64,1.2659263698359173,20251015,20251015,1.021182
000001.SZ,1d,2018-01-25,11.414565921296775,11.430364628454281,11.059095010252932,11.217082081827973,2369984.0,3360822344.56,20180125,14.2,1.2659263698359173,20251015,20251015,1.021182
000001.SZ,1d,2018-01-26,11.201283374670469,11.327673031930503,11.074893717410436,11.098591778146691,2032988.0,2885104627.01,20180126,14.049999999999999,1.2659263698359173,20251015,20251015,1.021182
000001.SZ,1d,2018-01-29,11.098591778146691,11.256578849721734,10.743120867102848,10.853711817205378,2090546.0,2911452095.24,20180129,13.74,1.2659263698359173,20251015,20251015,1.021182
000001.SZ,1d,2018-01-30,10.822114402890369,10.932705352992897,10.703624099209089,10.782617634996608,1094739.0,1497708872.6299999,20180130,13.65,1.2659263698359173,20251015,20251015,1.021182
000001.SZ,1d,2018-01-31,10.74312086710285,11.098591778146693,10.687825392051584,11.098591778146693,1747729.0,2423104767.05,20180131,14.05,1.2659263698359173,20251015,20251015,1.021182
000001.SZ,1d,2018-02-01,11.019598242359171,11.296075617615495,10.932705352992897,11.082793070989187,2005614.0,2821583609.2299995,20180201,14.03,1.2659263698359173,20251015,20251015,1.021182
000001.SZ,1d,2018-02-02,10.988000828044163,11.138088546040454,10.766818927839104,11.098591778146693,1176512.0,1637619618.3200002,20180202,14.05,1.2659263698359173,20251015,20251015,1.021182
000001.SZ,1d,2018-02-05,10.90110793867789,11.509358164241801,10.845812463626626,11.493559457084297,2331997.0,3326355314.78,20180205,14.55,1.2659263698359173,20251015,20251015,1.021182
000001.SZ,1d,2018-02-06,11.24078014256423,11.319773678351751,11.003799535201667,11.059095010252932,2582872.0,3641294710.26,20180206,14.0,1.2659263698359173,20251015,20251015,1.021182
000001.SZ,1d,2018-02-07,11.232880788985478,11.296075617615495,10.079575166487672,10.205964823747706,3345716.0,4521586590.190001,20180207,12.92,1.2659263698359173,20251015,20251015,1.021182
000001.SZ,1d,2018-02-08,10.134870641538939,10.205964823747706,9.897890034176374,9.905789387755126,2137815.0,2711464886.05,20180208,12.540000000000001,1.2659263698359173,20251015,20251015,1.021182
000001.SZ,1d,2018-02-09,9.54241912313253,9.54241912313253,8.989464372619883,9.234344333561198,2824949.0,3308553501.5200005,20180209,11.690000000000001,1.2659263698359173,20251015,20251015,1.021182
000001.SZ,1d,2018-02-12,9.305438515769968,9.352834637242479,9.13165273703742,9.258042394297455,1228782.0,1439644312.04,20180212,11.72,1.2659263698359173,20251015,20251015,1.021182
000001.SZ,1d,2018-02-13,9.376532697978735,9.645110719656307,9.352834637242479,9.43182817303,1298178.0,1562420005.24,20180213,11.94,1.2659263698359173,20251015,20251015,1.021182
000001.SZ,1d,2018-02-14,9.447626880187503,9.502922355238768,9.289639808612462,9.479224294502513,864190.0,1030474410.4399999,20180214,12.0,1.2659263698359173,20251015,20251015,1.021182
000001.SZ,1d,2018-02-22,9.676708133971315,9.897890034176374,9.676708133971315,9.84259455912511,1268406.0,1573562575.57,20180222,12.46,1.2659263698359173,20251015,20251015,1.021182
000001.SZ,1d,2018-02-23,9.937386802070137,10.103273227223928,9.834695205546359,9.961084862806391,1013663.0,1278185721.74,20180223,12.610000000000001,1.2659263698359173,20251015,20251015,1.021182
000001.SZ,1d,2018-02-26,10.087474520066426,10.150669348696441,9.834695205546359,9.976883569963896,1045758.0,1318960463.96,20180226,12.63,1.2659263698359173,20251015,20251015,1.021182
000001.SZ,1d,2018-02-27,9.984782923542646,10.032179045015159,9.629312012498803,9.700406194707572,1285869.0,1590018492.14,20180227,12.28,1.2659263698359173,20251015,20251015,1.021182
000001.SZ,1d,2018-02-28,9.558217830290033,9.629312012498803,9.423928819451248,9.518721062396272,1214145.0,1463313702.75,20180228,12.049999999999999,1.2659263698359173,20251015,20251015,1.021182
000001.SZ,1d,2018-03-01,9.416029465872496,9.597714598183794,9.400230758714992,9.510821708817522,886957.0,1069354491.03,20180301,12.040000000000001,1.2659263698359173,20251015,20251015,1.021182
000001.SZ,1d,2018-03-02,9.416029465872496,9.51082170881752,9.360733990821231,9.439727526608753,663124.0,791736473.27,20180302,11.95,1.2659263698359173,20251015,20251015,1.021182
000001.SZ,1d,2018-03-05,9.42392881945125,9.54241912313253,9.321237222927472,9.368633344399985,754183.0,897244265.05,20180305,11.860000000000001,1.2659263698359173,20251015,20251015,1.021182
000001.SZ,1d,2018-03-06,9.439727526608753,9.566117183868785,9.297539162191214,9.558217830290033,1150162.0,1373438382.66,20180306,12.1,1.2659263698359173,20251015,20251015,1.021182
000001.SZ,1d,2018-03-07,9.597714598183794,9.747802316180085,9.510821708817522,9.518721062396274,1427570.0,1744085270.0400002,20180307,12.05,1.2659263698359173,20251015,20251015,1.021182
000001.SZ,1d,2018-03-08,9.518721062396274,9.597714598183794,9.439727526608753,9.566117183868787,689755.0,832153697.14,20180308,12.110000000000001,1.2659263698359173,20251015,20251015,1.021182
000001.SZ,1d,2018-03-09,9.597714598183794,9.637211366077556,9.463425587345009,9.550318476711281,943876.0,1139043574.6299999,20180309,12.09,1.2659263698359173,20251015,20251015,1.021182
000001.SZ,1d,2018-03-12,9.597714598183794,9.6135133053413,9.439727526608753,9.50292235523877,1268701.0,1526643478.9199998,20180312,12.030000000000001,1.2659263698359173,20251015,20251015,1.021182
000001.SZ,1d,2018-03-13,9.51082170881752,9.653010073235059,9.479224294502513,9.495023001660016,1082267.0,1309543466.56,20180313,12.02,1.2659263698359173,20251015,20251015,1.021182
000001.SZ,1d,2018-03-14,9.463425587345009,9.479224294502513,9.344935283663727,9.416029465872496,635594.0,757090756.4300001,20180314,11.92,1.2659263698359173,20251015,20251015,1.021182
000001.SZ,1d,2018-03-15,9.31333786934872,9.360733990821231,9.210646272824942,9.250143040718703,1155694.0,1356878634.17,20180315,11.71,1.2659263698359173,20251015,20251015,1.021182
000001.SZ,1d,2018-03-16,9.258042394297455,9.360733990821233,9.194847565667438,9.194847565667438,962983.0,1130784170.87,20180316,11.64,1.2659263698359173,20251015,20251015,1.021182
000001.SZ,1d,2018-03-19,9.210646272824942,9.352834637242479,9.171149504931181,9.344935283663727,808538.0,947664744.37,20180319,11.83,1.2659263698359173,20251015,20251015,1.021182
000001.SZ,1d,2018-03-20,9.273841101454959,9.38443205155749,9.258042394297455,9.337035930084975,776150.0,916858475.86,20180320,11.82,1.2659263698359173,20251015,20251015,1.021182
000001.SZ,1d,2018-03-21,9.439727526608753,9.574016537447537,9.360733990821231,9.400230758714992,1445109.0,1736437401.21,20180321,11.9,1.2659263698359173,20251015,20251015,1.021182
000001.SZ,1d,2018-03-22,9.400230758714992,9.455526233766257,9.179048858509933,9.210646272824942,984278.0,1155741055.8700001,20180322,11.66,1.2659263698359173,20251015,20251015,1.021182
000001.SZ,1d,2018-03-23,8.886772776096105,8.965766311883627,8.626094107997286,8.957866958304875,1825690.0,2037734400.0900002,20180323,11.34,1.2659263698359173,20251015,20251015,1.021182
000001.SZ,1d,2018-03-26,8.807779240308584,8.847276008202344,8.578697986524773,8.633993461576038,1383598.0,1519435011.09,20180326,10.93,1.2659263698359173,20251015,20251015,1.021182
000001.SZ,1d,2018-03-27,8.768282472414825,8.82357794746609,8.578697986524773,8.64189281515479,1103933.0,1213989931.1799998,20180327,10.94,1.2659263698359173,20251015,20251015,1.021182
000001.SZ,1d,2018-03-28,8.570798632946023,8.799879886729833,8.52340251147351,8.602396047261031,1099023.0,1201023442.2099998,20180328,10.89,1.2659263698359173,20251015,20251015,1.021182
000001.SZ,1d,2018-03-29,8.626094107997286,8.82357794746609,8.33381802558346,8.728785704521064,1330602.0,1445281829.8600001,20180329,11.05,1.2659263698359173,20251015,20251015,1.021182
000001.SZ,1d,2018-03-30,8.720886350942312,8.728785704521064,8.594496693682279,8.610295400839783,752173.0,823438180.73,20180330,10.9,1.2659263698359173,20251015,20251015,1.021182
000001.SZ,1d,2018-04-02,8.586597340103527,8.681389583048551,8.452308329264742,8.460207682843494,1109316.0,1200911980.3799999,20180402,10.71,1.2659263698359173,20251015,20251015,1.021182
000001.SZ,1d,2018-04-03,8.373314793477219,8.428610268528484,8.302220611268451,8.341717379162212,890745.0,942237800.69,20180403,10.56,1.2659263698359173,20251015,20251015,1.021182
000001.SZ,1d,2018-04-04,8.436509622107236,8.697188290206055,8.373314793477219,8.586597340103525,1602488.0,1737258898.2800002,20180404,10.87,1.2659263698359173,20251015,20251015,1.021182
000001.SZ,1d,2018-04-09,8.531301865052262,8.768282472414825,8.476006390000997,8.705087643784807,1074795.0,1180084371.5900002,20180409,11.02,1.2659263698359173,20251015,20251015,1.021182
000001.SZ,1d,2018-04-10,8.70508764378481,9.0526592012499,8.665590875891048,9.021061786934892,1390950.0,1562265089.74,20180410,11.42,1.2659263698359173,20251015,20251015,1.021182
000001.SZ,1d,2018-04-11,8.997363726198635,9.416029465872498,8.989464372619883,9.344935283663727,2095970.0,2458982163.44,20180411,11.83,1.2659263698359173,20251015,20251015,1.021182
000001.SZ,1d,2018-04-12,9.321237222927472,9.344935283663727,9.021061786934892,9.100055322722412,1173128.0,1364675848.46,20180412,11.52,1.2659263698359173,20251015,20251015,1.021182
000001.SZ,1d,2018-04-13,9.194847565667438,9.31333786934872,9.044759847671148,9.139552090616172,1300255.0,1516155527.17,20180413,11.57,1.2659263698359173,20251015,20251015,1.021182
000001.SZ,1d,2018-04-16,9.060558554828651,9.060558554828651,8.71298699736356,8.768282472414825,1427072.0,1593706086.4,20180416,11.1,1.2659263698359173,20251015,20251015,1.021182
000001.SZ,1d,2018-04-17,8.784081179572327,9.044759847671147,8.776181825993577,8.855175361781097,1301891.0,1468159349.6599998,20180417,11.209999999999999,1.2659263698359173,20251015,20251015,1.021182
000001.SZ,1d,2018-04-18,9.044759847671147,9.171149504931181,8.910470836832362,9.084256615564907,1475845.0,1692722923.5,20180418,11.5,1.2659263698359173,20251015,20251015,1.021182
000001.SZ,1d,2018-04-19,9.100055322722412,9.234344333561198,9.021061786934892,9.060558554828653,849131.0,979593564.5999999,20180419,11.47,1.2659263698359173,20251015,20251015,1.021182
000001.SZ,1d,2018-04-20,9.092155969143661,9.147451444194926,8.847276008202346,8.965766311883629,958690.0,1090801311.42,20180420,11.350000000000001,1.2659263698359173,20251015,20251015,1.021182
000001.SZ,1d,2018-04-23,8.926269543989866,9.171149504931181,8.894672129674857,9.139552090616172,1070289.0,1228544006.32,20180423,11.57,1.2659263698359173,20251015,20251015,1.021182
000001.SZ,1d,2018-04-24,9.186948212088685,9.43182817303,9.147451444194925,9.368633344399983,1461098.0,1725152198.09,20180424,11.86,1.2659263698359173,20251015,20251015,1.021182
000001.SZ,1d,2018-04-25,9.289639808612463,9.329136576506224,9.186948212088685,9.226444979982448,730286.0,854713248.8800001,20180425,11.680000000000001,1.2659263698359173,20251015,20251015,1.021182
000001.SZ,1d,2018-04-26,9.210646272824942,9.234344333561198,8.934168897568618,9.021061786934892,874235.0,1002483154.12,20180426,11.42,1.2659263698359173,20251015,20251015,1.021182
000001.SZ,1d,2018-04-27,9.076357261986157,9.092155969143661,8.397012854213477,8.570798632946023,2709795.0,2958464277.86,20180427,10.850000000000001,1.2659263698359173,20251015,20251015,1.021182
000001.SZ,1d,2018-05-02,8.665590875891048,8.712986997363561,8.531301865052262,8.594496693682279,1190523.0,1295804420.86,20180502,10.88,1.2659263698359173,20251015,20251015,1.021182
000001.SZ,1d,2018-05-03,8.578697986524773,8.594496693682279,8.349616732740964,8.491805097158501,1281355.0,1372765845.8300002,20180503,10.75,1.2659263698359173,20251015,20251015,1.021182
000001.SZ,1d,2018-05-04,8.476006390000997,8.554999925788518,8.420710914949732,8.436509622107236,710509.0,761302468.67,20180504,10.68,1.2659263698359173,20251015,20251015,1.021182
000001.SZ,1d,2018-05-07,8.452308329264742,8.554999925788518,8.40491220779223,8.539201218631014,974309.0,1046743101.9200001,20180507,10.81,1.2659263698359173,20251015,20251015,1.021182
000001.SZ,1d,2018-05-08,8.554999925788518,8.807779240308585,8.531301865052262,8.697188290206057,1373305.0,1511546681.16,20180508,11.010000000000002,1.2659263698359173,20251015,20251015,1.021182
000001.SZ,1d,2018-05-09,8.673490229469799,8.712986997363561,8.594496693682279,8.665590875891048,627656.0,687036874.44,20180509,10.97,1.2659263698359173,20251015,20251015,1.021182
000001.SZ,1d,2018-05-10,8.71298699736356,8.760383118836073,8.618194754418536,8.697188290206055,552735.0,607349997.23,20180510,11.01,1.2659263698359173,20251015,20251015,1.021182
000001.SZ,1d,2018-05-11,8.720886350942312,8.791980533151081,8.657691522312296,8.697188290206057,772369.0,853271166.64,20180511,11.010000000000002,1.2659263698359173,20251015,20251015,1.021182
000001.SZ,1d,2018-05-14,8.760383118836073,8.870974068938601,8.71298699736356,8.83147730104484,1039297.0,1158064201.07,20180514,11.18,1.2659263698359173,20251015,20251015,1.021182
000001.SZ,1d,2018-05-15,8.83147730104484,8.839376654623592,8.705087643784807,8.784081179572327,669261.0,742590447.6500001,20180515,11.12,1.2659263698359173,20251015,20251015,1.021182
000001.SZ,1d,2018-05-16,8.744584411678568,8.744584411678568,8.602396047261031,8.610295400839783,714362.0,782694669.6899999,20180516,10.9,1.2659263698359173,20251015,20251015,1.021182
000001.SZ,1d,2018-05-17,8.618194754418536,8.64189281515479,8.515503157894758,8.547100572209764,586494.0,635675440.98,20180517,10.819999999999999,1.2659263698359173,20251015,20251015,1.021182
000001.SZ,1d,2018-05-18,8.539201218631014,8.665590875891048,8.499704450737253,8.657691522312295,578384.0,628250184.9200001,20180518,10.959999999999999,1.2659263698359173,20251015,20251015,1.021182
000001.SZ,1d,2018-05-21,8.744584411678568,8.776181825993577,8.633993461576038,8.649792168733542,763533.0,838750577.6500001,20180521,10.95,1.2659263698359173,20251015,20251015,1.021182
000001.SZ,1d,2018-05-22,8.649792168733544,8.673490229469799,8.52340251147351,8.578697986524775,589871.0,639815249.44,20180522,10.860000000000001,1.2659263698359173,20251015,20251015,1.021182
000001.SZ,1d,2018-05-23,8.547100572209766,8.547100572209766,8.389113500634725,8.412811561370981,991016.0,1058587812.32,20180523,10.65,1.2659263698359173,20251015,20251015,1.021182
000001.SZ,1d,2018-05-24,8.420710914949732,8.436509622107236,8.357516086319716,8.381214147055971,688152.0,730678763.88,20180524,10.61,1.2659263698359173,20251015,20251015,1.021182
000001.SZ,1d,2018-05-25,8.381214147055973,8.428610268528484,8.33381802558346,8.365415439898468,593335.0,629735450.6,20180525,10.59,1.2659263698359173,20251015,20251015,1.021182
000001.SZ,1d,2018-05-28,8.357516086319716,8.420710914949732,8.302220611268451,8.365415439898468,569400.0,602590746.57,20180528,10.59,1.2659263698359173,20251015,20251015,1.021182
000001.SZ,1d,2018-05-29,8.357516086319716,8.397012854213475,8.175830954008417,8.199529014744673,889494.0,930386966.6300001,20180529,10.379999999999999,1.2659263698359173,20251015,20251015,1.021182
000001.SZ,1d,2018-05-30,8.128434832535905,8.128434832535905,7.9388503466458555,7.962548407382111,1124447.0,1139918753.16,20180530,10.08,1.2659263698359173,20251015,20251015,1.021182
000001.SZ,1d,2018-05-31,7.986246468118367,8.049441296748384,7.915152285909598,8.041541943169632,987360.0,999216332.96,20180531,10.18,1.2659263698359173,20251015,20251015,1.021182
000001.SZ,1d,2018-06-01,8.017843882433375,8.128434832535905,7.954649053803359,8.049441296748384,597211.0,608398867.4599999,20180601,10.19,1.2659263698359173,20251015,20251015,1.021182
000001.SZ,1d,2018-06-04,8.081038711063393,8.14423353969341,8.017843882433375,8.112636125378401,593038.0,608291978.44,20180604,10.27,1.2659263698359173,20251015,20251015,1.021182
000001.SZ,1d,2018-06-05,8.128434832535904,8.136334186114656,7.986246468118367,8.104736771799649,656540.0,670740302.01,20180605,10.26,1.2659263698359173,20251015,20251015,1.021182
000001.SZ,1d,2018-06-06,8.096837418220897,8.104736771799649,7.9783471145396145,8.009944528854623,712743.0,724032796.29,20180606,10.139999999999999,1.2659263698359173,20251015,20251015,1.021182
000001.SZ,1d,2018-06-07,8.057340650327136,8.26272384337469,8.041541943169632,8.191629661165921,1262638.0,1306425478.0900002,20180607,10.37,1.2659263698359173,20251015,20251015,1.021182
000001.SZ,1d,2018-06-08,8.160032246850914,8.160032246850914,7.946749700224607,7.99414582169712,1099379.0,1114968856.53,20180608,10.120000000000001,1.2659263698359173,20251015,20251015,1.021182
000001.SZ,1d,2018-06-11,7.946749700224607,8.002045175275873,7.899353578752094,7.930950993067102,721374.0,724687998.61,20180611,10.04,1.2659263698359173,20251015,20251015,1.021182
000001.SZ,1d,2018-06-12,7.923051639488351,7.962548407382112,7.859856810858335,7.946749700224607,913300.0,914001701.46,20180612,10.06,1.2659263698359173,20251015,20251015,1.021182
000001.SZ,1d,2018-06-13,7.930950993067103,7.946749700224607,7.859856810858335,7.859856810858335,530584.0,530483756.71000004,20180613,9.950000000000001,1.2659263698359173,20251015,20251015,1.021182
000001.SZ,1d,2018-06-14,7.859856810858333,8.017843882433375,7.8361587501220775,7.954649053803359,866392.0,872487574.2800001,20180614,10.07,1.2659263698359173,20251015,20251015,1.021182
000001.SZ,1d,2018-06-15,7.962548407382111,8.128434832535905,7.946749700224607,8.03364258959088,1248707.0,1273412999.36,20180615,10.17,1.2659263698359173,20251015,20251015,1.021182
000001.SZ,1d,2018-06-19,7.9388503466458555,8.017843882433375,7.757165214334557,7.796661982228318,1565874.0,1565756559.87,20180619,9.870000000000001,1.2659263698359173,20251015,20251015,1.021182
000001.SZ,1d,2018-06-20,7.796661982228316,7.859856810858333,7.709769092862044,7.828259396543325,763637.0,752950700.66,20180620,9.91,1.2659263698359173,20251015,20251015,1.021182
000001.SZ,1d,2018-06-21,7.844058103700829,7.930950993067102,7.788762628649565,7.788762628649565,840070.0,836014838.1400001,20180621,9.86,1.2659263698359173,20251015,20251015,1.021182
000001.SZ,1d,2018-06-22,7.741366507177052,7.796661982228316,7.717668446440795,7.780863275070812,657818.0,645752909.26,20180622,9.85,1.2659263698359173,20251015,20251015,1.021182
000001.SZ,1d,2018-06-25,7.828259396543325,7.836158750122078,7.409593656869465,7.472788485499482,1195212.0,1154559080.5,20180625,9.46,1.2659263698359173,20251015,20251015,1.021182
000001.SZ,1d,2018-06-26,7.417493010448217,7.456989778341977,7.180512403085653,7.3937949497119595,1124156.0,1042528543.9899999,20180626,9.36,1.2659263698359173,20251015,20251015,1.021182
000001.SZ,1d,2018-06-27,7.354298181818199,7.425392364026967,7.13311628161314,7.180512403085653,1045142.0,958871648.21,20180627,9.09,1.2659263698359173,20251015,20251015,1.021182
000001.SZ,1d,2018-06-28,7.069921452983125,7.172613049506903,7.006726624353108,7.046223392246869,1110764.0,996801234.6999999,20180628,8.920000000000002,1.2659263698359173,20251015,20251015,1.021182
000001.SZ,1d,2018-06-29,7.117317574455638,7.212109817400663,7.077820806561877,7.180512403085655,675299.0,611346088.6899999,20180629,9.090000000000002,1.2659263698359173,20251015,20251015,1.021182
000001.SZ,1d,2018-07-02,7.148914988770645,7.148914988770645,6.753947309833041,6.801343431305554,1315520.0,1158545868.8100002,20180702,8.610000000000001,1.2659263698359173,20251015,20251015,1.021182
000001.SZ,1d,2018-07-03,6.8645382599355695,6.872437613514322,6.674953774045519,6.848739552778065,1274838.0,1096657033.32,20180703,8.67,1.2659263698359173,20251015,20251015,1.021182
000001.SZ,1d,2018-07-04,6.817142138463057,6.9119343814080825,6.801343431305552,6.801343431305552,711153.0,617278559.96,20180704,8.61,1.2659263698359173,20251015,20251015,1.021182
000001.SZ,1d,2018-07-05,6.809242784884306,6.896135674250578,6.753947309833041,6.793444077726802,835768.0,722169579.0,20180705,8.600000000000001,1.2659263698359173,20251015,20251015,1.021182
000001.SZ,1d,2018-07-06,6.801343431305552,6.935632442144338,6.674953774045519,6.840840199199314,988282.0,852071526.9799999,20180706,8.66,1.2659263698359173,20251015,20251015,1.021182
000001.SZ,1d,2018-07-09,6.8645382599355695,7.13311628161314,6.856638906356817,7.13311628161314,1409954.0,1255007609.99,20180709,9.03,1.2659263698359173,20251015,20251015,1.021182
000001.SZ,1d,2018-07-10,7.12521692803439,7.12521692803439,7.022525331510612,7.093619513719381,896862.0,803038965.2500001,20180710,8.98,1.2659263698359173,20251015,20251015,1.021182
000001.SZ,1d,2018-07-11,6.919833734986835,6.975129210038099,6.856638906356817,6.935632442144338,851296.0,744765824.8900001,20180711,8.78,1.2659263698359173,20251015,20251015,1.021182
000001.SZ,1d,2018-07-12,6.903518252118209,7.200530083895389,6.887463558508632,7.128283962652291,1140492.0,1008658828.6700001,20180712,8.88,1.2457416183930938,20251015,20251015,1.021182
000001.SZ,1d,2018-07-13,7.160393349871445,7.176448043481022,7.080119881823559,7.128283962652291,603378.0,535401175.45,20180713,8.88,1.2457416183930938,20251015,20251015,1.021182
000001.SZ,1d,2018-07-16,7.104201922237924,7.144338656261868,6.975764373361306,7.00787376058046,689845.0,603427713.21,20180716,8.729999999999999,1.2457416183930938,20251015,20251015,1.021182
000001.SZ,1d,2018-07-17,7.01590110738525,7.023928454190038,6.951682332946941,6.999846413775673,375356.0,326396994.95,20180717,8.72,1.2457416183930938,20251015,20251015,1.021182
000001.SZ,1d,2018-07-18,7.023928454190038,7.104201922237924,6.975764373361306,6.983791720166095,525152.0,460697377.12000006,20180718,8.7,1.2457416183930938,20251015,20251015,1.021182
000001.SZ,1d,2018-07-19,7.023928454190038,7.072092535018769,6.975764373361306,7.00787376058046,461372.0,403674308.23,20180719,8.729999999999999,1.2457416183930938,20251015,20251015,1.021182
000001.SZ,1d,2018-07-20,7.00787376058046,7.385159060405526,6.911545598922998,7.312912939162429,1754277.0,1576843937.1000001,20180720,9.11,1.2457416183930938,20251015,20251015,1.021182
000001.SZ,1d,2018-07-23,7.256721511528908,7.585842730525241,7.224612124309754,7.561760690110876,1781688.0,1646028021.04,20180723,9.42,1.2457416183930938,20251015,20251015,1.021182
000001.SZ,1d,2018-07-24,7.5376786496965105,7.698225585792282,7.489514568867778,7.545705996501299,1425894.0,1348746826.8300002,20180724,9.4,1.2457416183930938,20251015,20251015,1.021182
000001.SZ,1d,2018-07-25,7.577815383720453,7.601897424134819,7.489514568867778,7.529651302891722,614122.0,575752176.95,20180725,9.38,1.2457416183930938,20251015,20251015,1.021182
000001.SZ,1d,2018-07-26,7.545705996501299,7.609924770939608,7.393186407210315,7.425295794429469,833358.0,778429753.7900001,20180726,9.25,1.2457416183930938,20251015,20251015,1.021182
000001.SZ,1d,2018-07-27,7.4654325284534115,7.513596609282144,7.369104366795948,7.425295794429469,515126.0,477527419.46,20180727,9.25,1.2457416183930938,20251015,20251015,1.021182
000001.SZ,1d,2018-07-30,7.48148722206299,7.617952117744396,7.433323141234258,7.5376786496965105,706385.0,661767547.55,20180730,9.39,1.2457416183930938,20251015,20251015,1.021182
000001.SZ,1d,2018-07-31,7.521623956086932,7.617952117744396,7.425295794429469,7.561760690110876,720150.0,674484650.66,20180731,9.42,1.2457416183930938,20251015,20251015,1.021182
000001.SZ,1d,2018-08-01,7.561760690110876,7.625979464549185,7.312912939162429,7.345022326381582,814081.0,759282229.65,20180801,9.149999999999999,1.2457416183930938,20251015,20251015,1.021182
000001.SZ,1d,2018-08-02,7.328967632772007,7.345022326381583,7.128283962652291,7.176448043481023,931401.0,839272254.36,20180802,8.940000000000001,1.2457416183930938,20251015,20251015,1.021182
000001.SZ,1d,2018-08-03,7.168420696676233,7.30488559235764,7.152366003066656,7.152366003066656,476546.0,428641526.2,20180803,8.91,1.2457416183930938,20251015,20251015,1.021182
000001.SZ,1d,2018-08-06,7.176448043481023,7.3129129391624295,7.13631130945708,7.176448043481023,554010.0,497906686.27000004,20180806,8.940000000000001,1.2457416183930938,20251015,20251015,1.021182
000001.SZ,1d,2018-08-07,7.1925027370906,7.361077019991161,7.128283962652291,7.361077019991161,690423.0,624359656.36,20180807,9.17,1.2457416183930938,20251015,20251015,1.021182
000001.SZ,1d,2018-08-08,7.353049673186372,7.353049673186372,7.256721511528909,7.264748858333697,578953.0,527526989.83,20180808,9.05,1.2457416183930938,20251015,20251015,1.021182
000001.SZ,1d,2018-08-09,7.256721511528908,7.505569262477355,7.2406668179193305,7.457405181648623,806783.0,746469808.0899999,20180809,9.29,1.2457416183930938,20251015,20251015,1.021182
000001.SZ,1d,2018-08-10,7.465432528453413,7.48148722206299,7.353049673186372,7.409241100819893,424168.0,391366341.57,20180810,9.23,1.2457416183930938,20251015,20251015,1.021182
000001.SZ,1d,2018-08-13,7.320940285967218,7.353049673186372,7.144338656261868,7.264748858333697,818491.0,736947790.49,20180813,9.05,1.2457416183930938,20251015,20251015,1.021182
000001.SZ,1d,2018-08-14,7.248694164724119,7.256721511528908,7.176448043481022,7.224612124309754,430240.0,386334617.9499999,20180814,9.0,1.2457416183930938,20251015,20251015,1.021182
000001.SZ,1d,2018-08-15,7.2406668179193305,7.2406668179193305,7.023928454190038,7.056037841409192,670442.0,594759517.14,20180815,8.79,1.2457416183930938,20251015,20251015,1.021182
000001.SZ,1d,2018-08-16,7.007873760580462,7.13631130945708,6.935627639337365,7.048010494604405,638272.0,559523123.02,20180816,8.780000000000001,1.2457416183930938,20251015,20251015,1.021182
000001.SZ,1d,2018-08-17,7.12828396265229,7.176448043481022,7.048010494604404,7.072092535018769,649476.0,576683267.1100001,20180817,8.809999999999999,1.2457416183930938,20251015,20251015,1.021182
000001.SZ,1d,2018-08-20,7.144338656261868,7.240666817919332,7.120256615847502,7.224612124309755,681322.0,609934725.59,20180820,9.000000000000002,1.2457416183930938,20251015,20251015,1.021182
000001.SZ,1d,2018-08-21,7.2406668179193305,7.433323141234258,7.232639471114542,7.409241100819893,1264474.0,1163292795.24,20180821,9.23,1.2457416183930938,20251015,20251015,1.021182
000001.SZ,1d,2018-08-22,7.41726844762468,7.497541915672568,7.328967632772007,7.457405181648625,982433.0,909598743.27,20180822,9.290000000000001,1.2457416183930938,20251015,20251015,1.021182
000001.SZ,1d,2018-08-23,7.465432528453413,7.561760690110876,7.409241100819893,7.513596609282145,729074.0,680941392.24,20180823,9.360000000000001,1.2457416183930938,20251015,20251015,1.021182
000001.SZ,1d,2018-08-24,7.473459875258201,8.252112515322697,7.457405181648625,8.051428845202983,3040408.0,2995071976.8100004,20180824,10.030000000000001,1.2457416183930938,20251015,20251015,1.021182
000001.SZ,1d,2018-08-27,8.043401498398193,8.372522717394528,8.00326476437425,8.372522717394528,2218424.0,2251527721.3500004,20180827,10.430000000000001,1.2457416183930938,20251015,20251015,1.021182
000001.SZ,1d,2018-08-28,8.300276596151429,8.372522717394526,8.220003128103542,8.260139862127486,1289777.0,1331917860.95,20180828,10.290000000000001,1.2457416183930938,20251015,20251015,1.021182
000001.SZ,1d,2018-08-29,8.22803047490833,8.29224924934664,8.147757006860445,8.244085168517907,901883.0,923581546.46,20180829,10.27,1.2457416183930938,20251015,20251015,1.021182
000001.SZ,1d,2018-08-30,8.244085168517907,8.308303942956217,8.091565579226925,8.123674966446078,994917.0,1013877514.26,20180830,10.12,1.2457416183930938,20251015,20251015,1.021182
000001.SZ,1d,2018-08-31,8.131702313250866,8.284221902541852,8.1076202728365,8.131702313250866,1310865.0,1337898869.57,20180831,10.129999999999999,1.2457416183930938,20251015,20251015,1.021182
000001.SZ,1d,2018-09-03,8.099592926031713,8.268167208932274,8.099592926031713,8.179866394079598,711695.0,725303291.73,20180903,10.19,1.2457416183930938,20251015,20251015,1.021182
000001.SZ,1d,2018-09-04,8.18789374088439,8.46885087905199,8.083538232422136,8.372522717394526,1296342.0,1339756563.51,20180904,10.43,1.2457416183930938,20251015,20251015,1.021182
000001.SZ,1d,2018-09-05,8.268167208932274,8.29224924934664,8.067483538812558,8.067483538812558,1179453.0,1202345697.97,20180905,10.05,1.2457416183930938,20251015,20251015,1.021182
000001.SZ,1d,2018-09-06,8.067483538812558,8.139729660055657,7.987210070764673,8.00326476437425,711777.0,713975749.0200001,20180906,9.97,1.2457416183930938,20251015,20251015,1.021182
000001.SZ,1d,2018-09-07,8.059456192007769,8.17183904727481,7.971155377155095,8.035374151593404,809035.0,815151722.99,20180907,10.01,1.2457416183930938,20251015,20251015,1.021182
000001.SZ,1d,2018-09-10,8.035374151593404,8.083538232422136,7.898909255911997,7.931018643131151,636989.0,631174169.9300001,20180910,9.879999999999999,1.2457416183930938,20251015,20251015,1.021182
000001.SZ,1d,2018-09-11,7.947073336740729,8.051428845202983,7.874827215497632,7.955100683545518,712967.0,707337570.1400001,20180911,9.91,1.2457416183930938,20251015,20251015,1.021182
000001.SZ,1d,2018-09-12,7.922991296326364,8.00326476437425,7.882854562302421,7.931018643131153,564829.0,558399563.21,20180912,9.88,1.2457416183930938,20251015,20251015,1.021182
000001.SZ,1d,2018-09-13,8.099592926031713,8.1076202728365,7.898909255911997,7.99523741756946,999725.0,993389970.35,20180913,9.959999999999999,1.2457416183930938,20251015,20251015,1.021182
000001.SZ,1d,2018-09-14,8.011292111179038,8.011292111179038,7.874827215497632,7.898909255911997,619750.0,611422480.21,20180914,9.84,1.2457416183930938,20251015,20251015,1.021182
000001.SZ,1d,2018-09-17,7.866799868692842,7.866799868692842,7.770471707035379,7.778499053840168,517082.0,502609643.63,20180917,9.69,1.2457416183930938,20251015,20251015,1.021182
000001.SZ,1d,2018-09-18,7.8106084410593235,8.12367496644608,7.7865264006449575,8.091565579226925,1126807.0,1120867543.02,20180918,10.080000000000002,1.2457416183930938,20251015,20251015,1.021182
000001.SZ,1d,2018-09-19,8.051428845202981,8.300276596151429,8.051428845202981,8.220003128103542,1231548.0,1257191505.9599998,20180919,10.24,1.2457416183930938,20251015,20251015,1.021182
000001.SZ,1d,2018-09-20,8.244085168517907,8.316331289761004,8.179866394079598,8.211975781298753,620348.0,636742814.2300001,20180920,10.229999999999999,1.2457416183930938,20251015,20251015,1.021182
000001.SZ,1d,2018-09-21,8.23605782171312,8.589261081123817,8.17183904727481,8.565179040709452,1624518.0,1707850487.8000002,20180921,10.67,1.2457416183930938,20251015,20251015,1.021182
000001.SZ,1d,2018-09-25,8.444768838637623,8.57320638751424,8.412659451418468,8.46885087905199,977014.0,1030715785.16,20180925,10.55,1.2457416183930938,20251015,20251015,1.021182
000001.SZ,1d,2018-09-26,8.51701495988072,8.765862710829168,8.444768838637623,8.597288427928607,1490513.0,1600626208.76,20180926,10.709999999999999,1.2457416183930938,20251015,20251015,1.021182
000001.SZ,1d,2018-09-27,8.549124347099875,8.701643936390859,8.484905572661567,8.621370468342974,880363.0,942200398.6200001,20180927,10.74,1.2457416183930938,20251015,20251015,1.021182
000001.SZ,1d,2018-09-28,8.653479855562127,9.046819848996769,8.653479855562127,8.870218219291418,2110242.0,2331358288.96,20180928,11.049999999999999,1.2457416183930938,20251015,20251015,1.021182
000001.SZ,1d,2018-10-08,8.58926108112382,8.661507202366916,8.388577411004103,8.388577411004103,1686358.0,1793455283.0900002,20181008,10.450000000000001,1.2457416183930938,20251015,20251015,1.021182
000001.SZ,1d,2018-10-09,8.396604757808893,8.58926108112382,8.340413330175371,8.476878225856778,1064084.0,1117946550.71,20181009,10.56,1.2457416183930938,20251015,20251015,1.021182
000001.SZ,1d,2018-10-10,8.4608235322472,8.557151693904665,8.332385983370584,8.388577411004103,995200.0,1045666180.93,20181010,10.450000000000001,1.2457416183930938,20251015,20251015,1.021182
000001.SZ,1d,2018-10-11,8.067483538812558,8.155784353665235,7.7865264006449575,7.914963949521575,1995143.0,1994186611.8000002,20181011,9.860000000000001,1.2457416183930938,20251015,20251015,1.021182
000001.SZ,1d,2018-10-12,8.00326476437425,8.300276596151429,7.922991296326364,8.268167208932274,1516810.0,1532651400.23,20181012,10.3,1.2457416183930938,20251015,20251015,1.021182
000001.SZ,1d,2018-10-15,8.340413330175371,8.40463210461368,8.099592926031713,8.11564761964129,1402685.0,1443043059.27,20181015,10.11,1.2457416183930938,20251015,20251015,1.021182
000001.SZ,1d,2018-10-16,8.139729660055657,8.4608235322472,8.12367496644608,8.324358636565796,1396921.0,1450020371.45,20181016,10.370000000000001,1.2457416183930938,20251015,20251015,1.021182
000001.SZ,1d,2018-10-17,8.428714145028046,8.46885087905199,8.139729660055657,8.29224924934664,1350889.0,1400306336.2199998,20181017,10.33,1.2457416183930938,20251015,20251015,1.021182
000001.SZ,1d,2018-10-18,8.260139862127486,8.260139862127486,8.075510885617348,8.099592926031713,1001156.0,1015654821.72,20181018,10.09,1.2457416183930938,20251015,20251015,1.021182
000001.SZ,1d,2018-10-19,7.987210070764672,8.653479855562127,7.9631280303503065,8.63742516195255,2083667.0,2173571254.6200004,20181019,10.76,1.2457416183930938,20251015,20251015,1.021182
000001.SZ,1d,2018-10-22,8.677561895976492,9.199339438287753,8.653479855562127,8.950491687339305,2645543.0,2932714470.7000003,20181022,11.149999999999999,1.2457416183930938,20251015,20251015,1.021182
000001.SZ,1d,2018-10-23,8.99062842136325,9.006683114972827,8.613343121538184,8.701643936390859,1602545.0,1759265958.65,20181023,10.84,1.2457416183930938,20251015,20251015,1.021182
000001.SZ,1d,2018-10-24,8.749808017219591,9.094983929825501,8.669534549171706,8.862190872486632,1829424.0,2026171911.6200004,20181024,11.040000000000001,1.2457416183930938,20251015,20251015,1.021182
000001.SZ,1d,2018-10-25,8.669534549171706,9.062874542606348,8.597288427928607,9.062874542606348,1685011.0,1855823739.15,20181025,11.290000000000001,1.2457416183930938,20251015,20251015,1.021182
000001.SZ,1d,2018-10-26,9.062874542606348,9.078929236215924,8.797972098048323,8.974573727753674,1299975.0,1448843512.3,20181026,11.180000000000001,1.2457416183930938,20251015,20251015,1.021182
000001.SZ,1d,2018-10-29,8.99062842136325,9.022737808582404,8.52504230668551,8.629397815147763,1591628.0,1725932497.6100001,20181029,10.750000000000002,1.2457416183930938,20251015,20251015,1.021182
000001.SZ,1d,2018-10-30,8.653479855562129,8.894300259705785,8.613343121538184,8.749808017219591,1501827.0,1641371787.2,20181030,10.9,1.2457416183930938,20251015,20251015,1.021182
000001.SZ,1d,2018-10-31,8.789944751243533,8.822054138462688,8.629397815147762,8.757835364024379,1152683.0,1252156775.98,20181031,10.91,1.2457416183930938,20251015,20251015,1.021182
000001.SZ,1d,2018-11-01,8.822054138462688,8.870218219291418,8.63742516195255,8.693616589586071,1542776.0,1679443449.7099998,20181101,10.83,1.2457416183930938,20251015,20251015,1.021182
000001.SZ,1d,2018-11-02,8.862190872486632,8.958519034144095,8.693616589586071,8.902327606510575,2212922.0,2439179135.98,20181102,11.09,1.2457416183930938,20251015,20251015,1.021182
000001.SZ,1d,2018-11-05,8.789944751243535,8.862190872486632,8.685589242781282,8.765862710829168,1291924.0,1409457171.3,20181105,10.92,1.2457416183930938,20251015,20251015,1.021182
000001.SZ,1d,2018-11-06,8.725725976805226,8.773890057633956,8.613343121538184,8.701643936390859,735725.0,795322638.26,20181106,10.84,1.2457416183930938,20251015,20251015,1.021182
000001.SZ,1d,2018-11-07,8.693616589586071,8.789944751243533,8.629397815147762,8.677561895976494,785597.0,851487053.87,20181107,10.81,1.2457416183930938,20251015,20251015,1.021182
000001.SZ,1d,2018-11-08,8.733753323610014,8.805999444853112,8.685589242781282,8.741780670414803,793976.0,864744243.04,20181108,10.89,1.2457416183930938,20251015,20251015,1.021182
000001.SZ,1d,2018-11-09,8.597288427928607,8.613343121538184,8.348440676980161,8.46885087905199,1629269.0,1716198382.75,20181109,10.55,1.2457416183930938,20251015,20251015,1.021182
000001.SZ,1d,2018-11-12,8.396604757808893,8.492932919466355,8.332385983370584,8.476878225856778,920333.0,965756504.35,20181112,10.56,1.2457416183930938,20251015,20251015,1.021182
000001.SZ,1d,2018-11-13,8.356468023784949,8.549124347099875,8.332385983370584,8.4608235322472,1072497.0,1126736143.27,20181113,10.540000000000001,1.2457416183930938,20251015,20251015,1.021182
000001.SZ,1d,2018-11-14,8.452796185442411,8.46885087905199,8.364495370589736,8.380550064199314,774239.0,810357748.16,20181114,10.44,1.2457416183930938,20251015,20251015,1.021182
000001.SZ,1d,2018-11-15,8.380550064199314,8.541097000295087,8.364495370589736,8.525042306685508,901461.0,949991801.2,20181115,10.62,1.2457416183930938,20251015,20251015,1.021182
000001.SZ,1d,2018-11-16,8.51701495988072,8.605315774733397,8.420686798223258,8.484905572661567,1059592.0,1123173219.43,20181116,10.57,1.2457416183930938,20251015,20251015,1.021182
000001.SZ,1d,2018-11-19,8.484905572661567,8.733753323610014,8.484905572661567,8.709671283195647,1360887.0,1466899416.6200001,20181119,10.85,1.2457416183930938,20251015,20251015,1.021182
000001.SZ,1d,2018-11-20,8.629397815147762,8.669534549171704,8.444768838637623,8.484905572661567,1033877.0,1099654683.02,20181120,10.57,1.2457416183930938,20251015,20251015,1.021182
000001.SZ,1d,2018-11-21,8.428714145028046,8.565179040709452,8.412659451418468,8.517014959880722,666157.0,705638355.22,20181121,10.610000000000001,1.2457416183930938,20251015,20251015,1.021182
000001.SZ,1d,2018-11-22,8.565179040709452,8.565179040709452,8.412659451418468,8.46885087905199,500267.0,527103281.19,20181122,10.55,1.2457416183930938,20251015,20251015,1.021182
000001.SZ,1d,2018-11-23,8.452796185442413,8.492932919466355,8.276194555737064,8.284221902541852,700358.0,730667665.37,20181123,10.32,1.2457416183930938,20251015,20251015,1.021182
000001.SZ,1d,2018-11-26,8.300276596151429,8.396604757808893,8.268167208932274,8.300276596151429,516569.0,535963342.8600001,20181126,10.34,1.2457416183930938,20251015,20251015,1.021182
000001.SZ,1d,2018-11-27,8.308303942956217,8.340413330175371,8.155784353665233,8.17183904727481,733448.0,752824120.3000001,20181127,10.18,1.2457416183930938,20251015,20251015,1.021182
000001.SZ,1d,2018-11-28,8.163811700470022,8.276194555737064,8.155784353665233,8.252112515322697,537751.0,550820246.7,20181128,10.28,1.2457416183930938,20251015,20251015,1.021182
000001.SZ,1d,2018-11-29,8.308303942956217,8.34041333017537,8.179866394079598,8.187893740884387,485284.0,499068827.02,20181129,10.2,1.2457416183930938,20251015,20251015,1.021182
000001.SZ,1d,2018-11-30,8.203948434493965,8.316331289761004,8.163811700470022,8.316331289761004,594715.0,610571532.6100001,20181130,10.36,1.2457416183930938,20251015,20251015,1.021182
000001.SZ,1d,2018-12-03,8.500960266271143,8.557151693904665,8.40463210461368,8.500960266271143,1064097.0,1126374829.79,20181203,10.59,1.2457416183930938,20251015,20251015,1.021182
000001.SZ,1d,2018-12-04,8.484905572661566,8.525042306685508,8.452796185442411,8.500960266271143,534813.0,565743744.88,20181204,10.59,1.2457416183930938,20251015,20251015,1.021182
000001.SZ,1d,2018-12-05,8.420686798223258,8.436741491832835,8.348440676980161,8.388577411004103,581545.0,608133290.28,20181205,10.450000000000001,1.2457416183930938,20251015,20251015,1.021182
000001.SZ,1d,2018-12-06,8.316331289761006,8.324358636565796,8.211975781298754,8.22803047490833,578866.0,594649682.9899999,20181206,10.25,1.2457416183930938,20251015,20251015,1.021182
000001.SZ,1d,2018-12-07,8.268167208932272,8.34041333017537,8.244085168517907,8.252112515322697,340216.0,351101370.35,20181207,10.28,1.2457416183930938,20251015,20251015,1.021182
000001.SZ,1d,2018-12-10,8.203948434493965,8.244085168517909,8.131702313250868,8.163811700470022,494818.0,504040653.97,20181210,10.17,1.2457416183930938,20251015,20251015,1.021182
000001.SZ,1d,2018-12-11,8.195921087689175,8.23605782171312,8.163811700470022,8.211975781298754,299089.0,305389210.46,20181211,10.23,1.2457416183930938,20251015,20251015,1.021182
000001.SZ,1d,2018-12-12,8.268167208932274,8.284221902541852,8.18789374088439,8.220003128103542,366379.0,375402863.91999996,20181212,10.24,1.2457416183930938,20251015,20251015,1.021182
000001.SZ,1d,2018-12-13,8.228030474908332,8.412659451418468,8.18789374088439,8.340413330175371,790845.0,819920689.17,20181213,10.39,1.2457416183930938,20251015,20251015,1.021182
000001.SZ,1d,2018-12-14,8.300276596151429,8.308303942956217,8.155784353665233,8.163811700470022,526675.0,539263012.14,20181214,10.17,1.2457416183930938,20251015,20251015,1.021182
000001.SZ,1d,2018-12-17,8.155784353665233,8.29224924934664,8.1076202728365,8.260139862127485,571274.0,584679512.2099999,20181217,10.29,1.2457416183930938,20251015,20251015,1.021182
000001.SZ,1d,2018-12-18,8.187893740884387,8.284221902541852,8.1076202728365,8.123674966446078,537744.0,547157562.7800001,20181218,10.12,1.2457416183930938,20251015,20251015,1.021182
000001.SZ,1d,2018-12-19,8.139729660055657,8.17183904727481,7.947073336740729,7.979182723959883,598007.0,600090171.1800001,20181219,9.94,1.2457416183930938,20251015,20251015,1.021182
000001.SZ,1d,2018-12-20,7.9631280303503065,8.00326476437425,7.730334973011438,7.794553747449746,990284.0,964202861.12,20181220,9.71,1.2457416183930938,20251015,20251015,1.021182
000001.SZ,1d,2018-12-21,7.770471707035379,7.786526400644957,7.489514568867778,7.585842730525241,1000616.0,944460332.35,20181221,9.45,1.2457416183930938,20251015,20251015,1.021182
000001.SZ,1d,2018-12-24,7.545705996501299,7.5858427305252425,7.473459875258201,7.561760690110876,509117.0,477186904.75,20181224,9.42,1.2457416183930938,20251015,20251015,1.021182
000001.SZ,1d,2018-12-25,7.457405181648625,7.569788036915665,7.393186407210315,7.497541915672568,586615.0,545235607.8500001,20181225,9.340000000000002,1.2457416183930938,20251015,20251015,1.021182
000001.SZ,1d,2018-12-26,7.505569262477355,7.561760690110876,7.441350488039046,7.4654325284534115,421140.0,393215140.96999997,20181226,9.299999999999999,1.2457416183930938,20251015,20251015,1.021182
000001.SZ,1d,2018-12-27,7.585842730525241,7.617952117744396,7.449377834843834,7.449377834843834,624593.0,586343755.0300001,20181227,9.28,1.2457416183930938,20251015,20251015,1.021182
000001.SZ,1d,2018-12-28,7.473459875258201,7.593870077330031,7.473459875258201,7.529651302891722,576604.0,541571004.8000001,20181228,9.38,1.2457416183930938,20251015,20251015,1.021182
000001.SZ,1d,2019-01-02,7.5376786496965105,7.561760690110876,7.353049673186372,7.377131713600737,539386.0,498695109.65999997,20190102,9.19,1.2457416183930938,20251015,20251015,1.021182
000001.SZ,1d,2019-01-03,7.369104366795948,7.489514568867778,7.345022326381583,7.449377834843836,415537.0,384457707.88,20190103,9.280000000000001,1.2457416183930938,20251015,20251015,1.021182
000001.SZ,1d,2019-01-04,7.41726844762468,7.882854562302421,7.401213754015104,7.8266631346689,1481159.0,1422149888.16,20190104,9.75,1.2457416183930938,20251015,20251015,1.021182
000001.SZ,1d,2019-01-07,7.898909255911999,7.9069366027167876,7.730334973011438,7.818635787864111,865687.0,841166430.7,20190107,9.74,1.2457416183930938,20251015,20251015,1.021182
000001.SZ,1d,2019-01-08,7.8106084410593235,7.818635787864111,7.722307626206649,7.754417013425803,402388.0,389247795.73,20190108,9.66,1.2457416183930938,20251015,20251015,1.021182
000001.SZ,1d,2019-01-09,7.818635787864111,8.091565579226925,7.7865264006449575,7.979182723959885,1233486.0,1229465116.69,20190109,9.940000000000001,1.2457416183930938,20251015,20251015,1.021182
000001.SZ,1d,2019-01-10,7.922991296326363,8.187893740884387,7.9149639495215744,8.1076202728365,1071817.0,1079711035.8,20190110,10.1,1.2457416183930938,20251015,20251015,1.021182
000001.SZ,1d,2019-01-11,8.11564761964129,8.203948434493965,8.067483538812558,8.18789374088439,696364.0,708001802.1700001,20190111,10.200000000000001,1.2457416183930938,20251015,20251015,1.021182
000001.SZ,1d,2019-01-14,8.203948434493965,8.22803047490833,8.083538232422136,8.11564761964129,500443.0,507862882.18000007,20190114,10.11,1.2457416183930938,20251015,20251015,1.021182
000001.SZ,1d,2019-01-15,8.11564761964129,8.252112515322697,8.099592926031713,8.220003128103542,542160.0,553027309.58,20190115,10.24,1.2457416183930938,20251015,20251015,1.021182
000001.SZ,1d,2019-01-16,8.220003128103542,8.428714145028046,8.211975781298754,8.412659451418468,977699.0,1017495116.1099999,20190116,10.48,1.2457416183930938,20251015,20251015,1.021182
000001.SZ,1d,2019-01-17,8.4608235322472,8.484905572661567,8.163811700470022,8.22803047490833,882811.0,910212066.3100001,20190117,10.25,1.2457416183930938,20251015,20251015,1.021182
000001.SZ,1d,2019-01-18,8.300276596151429,8.420686798223258,8.252112515322697,8.372522717394526,738793.0,769973637.95,20190118,10.43,1.2457416183930938,20251015,20251015,1.021182
000001.SZ,1d,2019-01-21,8.300276596151429,8.40463210461368,8.284221902541852,8.300276596151429,659355.0,684465646.24,20190121,10.34,1.2457416183930938,20251015,20251015,1.021182
000001.SZ,1d,2019-01-22,8.300276596151429,8.380550064199314,8.23605782171312,8.252112515322697,424413.0,438991450.35,20190122,10.28,1.2457416183930938,20251015,20251015,1.021182
000001.SZ,1d,2019-01-23,8.260139862127486,8.40463210461368,8.260139862127486,8.308303942956218,537876.0,559384396.28,20190123,10.350000000000001,1.2457416183930938,20251015,20251015,1.021182
000001.SZ,1d,2019-01-24,8.348440676980161,8.46885087905199,8.324358636565796,8.444768838637625,679240.0,711495718.15,20190124,10.520000000000001,1.2457416183930938,20251015,20251015,1.021182
000001.SZ,1d,2019-01-25,8.476878225856778,8.862190872486632,8.46885087905199,8.830081485267478,2108361.0,2299718224.86,20190125,11.0,1.2457416183930938,20251015,20251015,1.021182
000001.SZ,1d,2019-01-28,8.862190872486632,8.942464340534517,8.733753323610014,8.781917404438746,1035909.0,1141853833.8300002,20190128,10.940000000000001,1.2457416183930938,20251015,20251015,1.021182
000001.SZ,1d,2019-01-29,8.797972098048321,8.886272912900997,8.645452508757339,8.830081485267478,826631.0,904847854.0699999,20190129,11.0,1.2457416183930938,20251015,20251015,1.021182
000001.SZ,1d,2019-01-30,8.789944751243533,8.974573727753672,8.717698630000436,8.789944751243533,712001.0,785204571.5500001,20190130,10.95,1.2457416183930938,20251015,20251015,1.021182
000001.SZ,1d,2019-01-31,8.814026791657898,8.99062842136325,8.781917404438746,8.910354953315363,831622.0,922602874.5899999,20190131,11.1,1.2457416183930938,20251015,20251015,1.021182
000001.SZ,1d,2019-02-01,8.99062842136325,9.030765155387192,8.797972098048323,8.99062842136325,1014270.0,1127216186.16,20190201,11.200000000000001,1.2457416183930938,20251015,20251015,1.021182
000001.SZ,1d,2019-02-11,8.894300259705785,8.998655768168039,8.805999444853112,8.998655768168039,801936.0,889951528.7600001,20190211,11.21,1.2457416183930938,20251015,20251015,1.021182
000001.SZ,1d,2019-02-12,8.99062842136325,9.078929236215924,8.854163525681843,8.98260107455846,959936.0,1071873084.84,20190212,11.19,1.2457416183930938,20251015,20251015,1.021182
000001.SZ,1d,2019-02-13,8.982601074558461,9.15920270426381,8.926409646924942,9.135120663849445,1137365.0,1280182096.94,20190213,11.38,1.2457416183930938,20251015,20251015,1.021182
000001.SZ,1d,2019-02-14,9.070901889411134,9.094983929825501,8.98260107455846,9.030765155387192,869185.0,977818097.6200001,20190214,11.25,1.2457416183930938,20251015,20251015,1.021182
000001.SZ,1d,2019-02-15,9.014710461777616,9.014710461777616,8.749808017219591,8.789944751243535,1100127.0,1213914428.9,20190215,10.950000000000001,1.2457416183930938,20251015,20251015,1.021182
000001.SZ,1d,2019-02-18,8.87021821929142,9.119065970239868,8.862190872486632,9.119065970239868,1255522.0,1408279680.0900002,20190218,11.360000000000001,1.2457416183930938,20251015,20251015,1.021182
000001.SZ,1d,2019-02-19,9.119065970239866,9.327776987164372,9.022737808582404,9.046819848996769,1270882.0,1445281382.8999999,20190219,11.27,1.2457416183930938,20251015,20251015,1.021182
000001.SZ,1d,2019-02-20,9.094983929825501,9.255530865921273,9.030765155387192,9.15920270426381,832629.0,949430819.5100001,20190220,11.41,1.2457416183930938,20251015,20251015,1.021182
000001.SZ,1d,2019-02-21,9.135120663849444,9.27158555953085,9.054847195801557,9.119065970239866,754246.0,860591070.9,20190221,11.36,1.2457416183930938,20251015,20251015,1.021182
000001.SZ,1d,2019-02-22,9.111038623435078,9.287640253140427,8.950491687339307,9.263558212726062,1184047.0,1343020336.09,20190222,11.540000000000001,1.2457416183930938,20251015,20251015,1.021182
000001.SZ,1d,2019-02-25,9.391995761602681,10.14656636125281,9.287640253140427,10.074320240009714,2824935.0,3415946860.2000003,20190225,12.55,1.2457416183930938,20251015,20251015,1.021182
000001.SZ,1d,2019-02-26,10.074320240009714,10.09037493361929,9.753226367818169,9.793363101842111,2017544.0,2485673356.7699995,20190226,12.200000000000001,1.2457416183930938,20251015,20251015,1.021182
000001.SZ,1d,2019-02-27,9.825472489061266,10.162621054862388,9.753226367818169,9.953910037937883,1979013.0,2454404411.85,20190227,12.4,1.2457416183930938,20251015,20251015,1.021182
000001.SZ,1d,2019-02-28,9.986019425157037,10.122484320838444,9.84955452947563,9.921800650718728,1113099.0,1383110810.74,20190228,12.36,1.2457416183930938,20251015,20251015,1.021182
000001.SZ,1d,2019-03-01,10.018128812376192,10.258949216519852,9.793363101842111,10.242894522910275,1712679.0,2137669556.8100002,20190301,12.760000000000002,1.2457416183930938,20251015,20251015,1.021182
000001.SZ,1d,2019-03-04,10.194730442081543,10.740590024807169,10.130511667643233,10.427523499420412,2456830.0,3195011702.87,20190304,12.99,1.2457416183930938,20251015,20251015,1.021182
000001.SZ,1d,2019-03-05,10.363304724982102,10.66834390356407,10.307113297348582,10.483714927053931,1408422.0,1838251656.51,20190305,13.06,1.2457416183930938,20251015,20251015,1.021182
000001.SZ,1d,2019-03-06,10.483714927053931,10.55596104829703,10.307113297348582,10.499769620663509,1245760.0,1614670974.69,20190306,13.08,1.2457416183930938,20251015,20251015,1.021182
000001.SZ,1d,2019-03-07,10.483714927053931,10.483714927053931,10.074320240009714,10.226839829300696,1782057.0,2274151007.32,20190307,12.74,1.2457416183930938,20251015,20251015,1.021182
000001.SZ,1d,2019-03-08,10.026156159180982,10.194730442081541,9.833499835866053,9.873636569889998,1778162.0,2214572416.75,20190308,12.3,1.2457416183930938,20251015,20251015,1.021182
000001.SZ,1d,2019-03-11,9.873636569889998,10.026156159180982,9.672952899770282,9.889691263499575,1157650.0,1416000379.71,20190311,12.32,1.2457416183930938,20251015,20251015,1.021182
000001.SZ,1d,2019-03-12,10.026156159180982,10.14656636125281,9.825472489061266,9.921800650718728,1411794.0,1757797250.71,20190312,12.36,1.2457416183930938,20251015,20251015,1.021182
000001.SZ,1d,2019-03-13,9.905745957109152,10.074320240009714,9.737171674208591,9.929827997523518,1269427.0,1568387543.68,20190313,12.370000000000001,1.2457416183930938,20251015,20251015,1.021182
000001.SZ,1d,2019-03-14,9.897718610304363,10.130511667643232,9.84955452947563,9.97799207835225,1057467.0,1316372926.2,20190314,12.43,1.2457416183930938,20251015,20251015,1.021182
000001.SZ,1d,2019-03-15,9.90574595710915,10.178675748471964,9.90574595710915,10.03418350598577,1045406.0,1311323009.34,20190315,12.5,1.2457416183930938,20251015,20251015,1.021182
000001.SZ,1d,2019-03-18,10.058265546400136,10.387386765396467,9.889691263499575,10.363304724982102,1486454.0,1882483633.89,20190318,12.91,1.2457416183930938,20251015,20251015,1.021182
000001.SZ,1d,2019-03-19,10.371332071786892,10.387386765396467,10.122484320838444,10.266976563324638,957196.0,1221118294.2,20190319,12.79,1.2457416183930938,20251015,20251015,1.021182
000001.SZ,1d,2019-03-20,10.178675748471965,10.339222684567737,10.130511667643233,10.234867176105485,929996.0,1185477058.67,20190320,12.750000000000002,1.2457416183930938,20251015,20251015,1.021182
000001.SZ,1d,2019-03-21,10.25092186971506,10.275003910129428,10.098402280424079,10.186703095276753,860140.0,1092506482.84,20190321,12.69,1.2457416183930938,20251015,20251015,1.021182
000001.SZ,1d,2019-03-22,10.186703095276753,10.226839829300696,10.03418350598577,10.106429627228867,713502.0,898629416.83,20190322,12.59,1.2457416183930938,20251015,20251015,1.021182
000001.SZ,1d,2019-03-25,9.953910037937883,9.953910037937883,9.713089633794224,9.721116980599012,1179883.0,1445560160.24,20190325,12.11,1.2457416183930938,20251015,20251015,1.021182
000001.SZ,1d,2019-03-26,9.817445142256476,9.865609223085208,9.640843512551127,9.713089633794224,935393.0,1136721266.5500002,20190326,12.1,1.2457416183930938,20251015,20251015,1.021182
000001.SZ,1d,2019-03-27,9.825472489061266,10.010101465571402,9.777308408232534,9.937855344328305,922826.0,1138302657.13,20190327,12.379999999999999,1.2457416183930938,20251015,20251015,1.021182
000001.SZ,1d,2019-03-28,9.881663916694785,9.881663916694785,9.713089633794224,9.809417795451687,732467.0,892530627.33,20190328,12.219999999999999,1.2457416183930938,20251015,20251015,1.021182
000001.SZ,1d,2019-03-29,9.841527182670843,10.291058603739005,9.8013904486469,10.291058603739005,1669506.0,2108295393.9300003,20190329,12.82,1.2457416183930938,20251015,20251015,1.021182
000001.SZ,1d,2019-04-01,10.299085950543793,10.877054920488574,10.299085950543793,10.580043088711395,1951401.0,2588268668.8700004,20190401,13.18,1.2457416183930938,20251015,20251015,1.021182
000001.SZ,1d,2019-04-02,10.660316556759282,10.820863492855054,10.620179822735338,10.724535331197592,1100384.0,1466040987.0900002,20190402,13.360000000000001,1.2457416183930938,20251015,20251015,1.021182
000001.SZ,1d,2019-04-03,10.604125129125762,10.796781452440689,10.55596104829703,10.788754105635899,792915.0,1056166231.5300001,20190403,13.44,1.2457416183930938,20251015,20251015,1.021182
000001.SZ,1d,2019-04-04,10.78072675883111,11.238285526704061,10.78072675883111,11.12590267143702,2034365.0,2796366353.31,20190404,13.86,1.2457416183930938,20251015,20251015,1.021182
000001.SZ,1d,2019-04-08,11.158012058656176,11.583461439309971,11.01351981616998,11.206176139484908,1743176.0,2464536241.4700003,20190408,13.96,1.2457416183930938,20251015,20251015,1.021182
000001.SZ,1d,2019-04-09,11.13393001824181,11.222230833094486,11.037601856584347,11.085765937413079,781332.0,1080549202.28,20190409,13.81,1.2457416183930938,20251015,20251015,1.021182
000001.SZ,1d,2019-04-10,11.037601856584347,11.141957365046599,10.756644718416744,11.02154716297477,947135.0,1289475602.49,20190410,13.73,1.2457416183930938,20251015,20251015,1.021182
000001.SZ,1d,2019-04-11,11.02154716297477,11.206176139484908,10.828890839659842,10.869027573683786,655356.0,897382236.21,20190411,13.540000000000001,1.2457416183930938,20251015,20251015,1.021182
000001.SZ,1d,2019-04-12,10.828890839659842,10.90916430770773,10.604125129125762,10.772699412026324,774324.0,1035139673.9499999,20190412,13.420000000000002,1.2457416183930938,20251015,20251015,1.021182
000001.SZ,1d,2019-04-15,11.01351981616998,11.310531647947158,10.965355735341248,10.989437775755613,1533890.0,2134708981.63,20190415,13.69,1.2457416183930938,20251015,20251015,1.021182
000001.SZ,1d,2019-04-16,10.973383082146038,11.7038716413818,10.877054920488574,11.7038716413818,2379375.0,3379550307.18,20190416,14.58,1.2457416183930938,20251015,20251015,1.021182
000001.SZ,1d,2019-04-17,11.575434092505184,11.71189898818659,11.4229145032142,11.519242664871662,1004109.0,1443493493.4099998,20190417,14.35,1.2457416183930938,20251015,20251015,1.021182
000001.SZ,1d,2019-04-18,11.47910593084772,11.53529735848124,11.326586341556736,11.511215318066874,507045.0,721908800.5899999,20190418,14.34,1.2457416183930938,20251015,20251015,1.021182
000001.SZ,1d,2019-04-19,11.59951613291955,11.880473271087151,11.479105930847721,11.824281843453631,1246036.0,1814875936.7,20190419,14.73,1.2457416183930938,20251015,20251015,1.021182
000001.SZ,1d,2019-04-22,11.719926334991378,11.912582658306306,11.30250430114237,11.35869572877589,1322273.0,1899850004.34,20190422,14.15,1.2457416183930938,20251015,20251015,1.021182
000001.SZ,1d,2019-04-23,11.31855899475195,11.398832462799835,11.214203486289696,11.294476954337583,940687.0,1326465625.0800002,20190423,14.07,1.2457416183930938,20251015,20251015,1.021182
000001.SZ,1d,2019-04-24,11.599516132919549,11.719926334991378,11.36672307558068,11.59148878611476,1949723.0,2811131027.08,20190424,14.44,1.2457416183930938,20251015,20251015,1.021182
000001.SZ,1d,2019-04-25,11.543324705286029,11.752035722210534,11.342641035166315,11.342641035166315,1111476.0,1597895217.3200002,20190425,14.13,1.2457416183930938,20251015,20251015,1.021182
000001.SZ,1d,2019-04-26,11.302504301142372,11.438969196823779,10.997465122560405,11.069711243803502,1009421.0,1407987365.7900002,20190426,13.790000000000001,1.2457416183930938,20251015,20251015,1.021182
000001.SZ,1d,2019-04-29,11.158012058656174,11.503187971262086,11.12590267143702,11.318558994751948,1030695.0,1450714134.04,20190429,14.1,1.2457416183930938,20251015,20251015,1.021182
000001.SZ,1d,2019-04-30,11.230258179899273,11.278422260728005,10.909164307707728,11.117875324632232,1116570.0,1542958577.5900002,20190430,13.85,1.2457416183930938,20251015,20251015,1.021182
000001.SZ,1d,2019-05-06,10.515824314273088,10.716507984392802,10.20275778888633,10.33119533776295,2108667.0,2742409411.07,20190506,12.870000000000001,1.2457416183930938,20251015,20251015,1.021182
000001.SZ,1d,2019-05-07,10.459632886639566,10.507796967468298,10.21078513569112,10.395414112201259,1072658.0,1386247078.7,20190507,12.950000000000001,1.2457416183930938,20251015,20251015,1.021182
000001.SZ,1d,2019-05-08,10.21078513569112,10.363304724982102,10.03418350598577,10.114456974033654,975450.0,1236655982.73,20190508,12.6,1.2457416183930938,20251015,20251015,1.021182
000001.SZ,1d,2019-05-09,10.050238199595347,10.098402280424079,9.672952899770282,9.761253714622956,1557151.0,1904905488.71,20190509,12.16,1.2457416183930938,20251015,20251015,1.021182
000001.SZ,1d,2019-05-10,9.90574595710915,10.234867176105485,9.713089633794224,10.178675748471964,1192399.0,1489975624.98,20190510,12.68,1.2457416183930938,20251015,20251015,1.021182
000001.SZ,1d,2019-05-13,9.897718610304363,10.066292893204924,9.817445142256476,9.873636569889998,741917.0,916213719.48,20190513,12.3,1.2457416183930938,20251015,20251015,1.021182
000001.SZ,1d,2019-05-14,9.793363101842111,10.234867176105485,9.761253714622956,10.026156159180982,1182598.0,1477008362.9199998,20190514,12.49,1.2457416183930938,20251015,20251015,1.021182
000001.SZ,1d,2019-05-15,10.098402280424079,10.523851661077874,10.09037493361929,10.371332071786892,1103988.0,1417050112.5900002,20190515,12.92,1.2457416183930938,20251015,20251015,1.021182
000001.SZ,1d,2019-05-16,10.379359418591681,10.427523499420413,10.258949216519852,10.315140644153372,634901.0,816740932.1200001,20190516,12.850000000000001,1.2457416183930938,20251015,20251015,1.021182
000001.SZ,1d,2019-05-17,10.371332071786892,10.37935941859168,9.921800650718728,9.986019425157037,965000.0,1208569909.79,20190517,12.44,1.2457416183930938,20251015,20251015,1.021182
000001.SZ,1d,2019-05-20,9.91377330391394,10.066292893204922,9.833499835866053,9.937855344328307,786435.0,971222474.19,20190520,12.38,1.2457416183930938,20251015,20251015,1.021182
000001.SZ,1d,2019-05-21,9.953910037937883,10.218812482495906,9.921800650718728,10.0823475868145,731210.0,919191240.9100001,20190521,12.559999999999999,1.2457416183930938,20251015,20251015,1.021182
000001.SZ,1d,2019-05-22,10.09037493361929,10.09037493361929,9.889691263499575,9.953910037937883,506230.0,628437470.0600001,20190522,12.4,1.2457416183930938,20251015,20251015,1.021182
000001.SZ,1d,2019-05-23,9.825472489061266,9.96996473154746,9.745199021013379,9.86560922308521,666855.0,817850530.3199999,20190523,12.290000000000001,1.2457416183930938,20251015,20251015,1.021182
000001.SZ,1d,2019-05-24,9.91377330391394,9.994046771961827,9.881663916694785,9.91377330391394,495526.0,613106248.37,20190524,12.35,1.2457416183930938,20251015,20251015,1.021182
000001.SZ,1d,2019-05-27,9.801390448646899,9.96996473154746,9.576624738112818,9.929827997523516,1048425.0,1275632724.48,20190527,12.37,1.2457416183930938,20251015,20251015,1.021182
000001.SZ,1d,2019-05-28,9.881663916694785,10.074320240009712,9.841527182670843,10.026156159180982,880703.0,1094063186.24,20190528,12.49,1.2457416183930938,20251015,20251015,1.021182
000001.SZ,1d,2019-05-29,9.921800650718728,10.106429627228867,9.841527182670843,9.953910037937883,666411.0,827828661.23,20190529,12.4,1.2457416183930938,20251015,20251015,1.021182
000001.SZ,1d,2019-05-30,9.889691263499575,9.937855344328305,9.721116980599012,9.809417795451687,646284.0,787801007.39,20190530,12.219999999999999,1.2457416183930938,20251015,20251015,1.021182
000001.SZ,1d,2019-05-31,9.761253714622956,9.953910037937883,9.721116980599012,9.777308408232534,686794.0,839375709.99,20190531,12.18,1.2457416183930938,20251015,20251015,1.021182
000001.SZ,1d,2019-06-03,9.809417795451688,9.897718610304363,9.488323923260143,9.552542697698453,1512719.0,1816591876.76,20190603,11.9,1.2457416183930938,20251015,20251015,1.021182
000001.SZ,1d,2019-06-04,9.544515350893663,9.584652084917606,9.311722293554794,9.512405963674508,974655.0,1147709578.0800002,20190604,11.85,1.2457416183930938,20251015,20251015,1.021182
000001.SZ,1d,2019-06-05,9.608734125331972,9.745199021013379,9.56859739130803,9.608734125331972,748892.0,899331716.0500001,20190605,11.97,1.2457416183930938,20251015,20251015,1.021182
000001.SZ,1d,2019-06-06,9.608734125331972,9.68900759337986,9.544515350893665,9.56859739130803,433665.0,519425127.17999995,20190606,11.92,1.2457416183930938,20251015,20251015,1.021182
000001.SZ,1d,2019-06-10,9.640843512551127,10.010101465571404,9.616761472136762,9.90574595710915,1144668.0,1404223620.41,20190610,12.34,1.2457416183930938,20251015,20251015,1.021182
000001.SZ,1d,2019-06-11,9.90574595710915,10.21078513569112,9.873636569889998,10.154593708057599,1251087.0,1574105212.1800003,20190611,12.65,1.2457416183930938,20251015,20251015,1.021182
000001.SZ,1d,2019-06-12,10.138539014448021,10.162621054862388,9.986019425157037,10.09037493361929,657310.0,825178004.4200001,20190612,12.57,1.2457416183930938,20251015,20251015,1.021182
000001.SZ,1d,2019-06-13,10.066292893204922,10.178675748471964,9.97799207835225,10.106429627228867,530000.0,666277695.76,20190613,12.59,1.2457416183930938,20251015,20251015,1.021182
000001.SZ,1d,2019-06-14,10.106429627228868,10.186703095276753,9.994046771961827,10.026156159180982,483191.0,606815214.15,20190614,12.49,1.2457416183930938,20251015,20251015,1.021182
000001.SZ,1d,2019-06-17,10.018128812376192,10.26697656332464,10.018128812376192,10.170648401667176,619815.0,786223580.98,20190617,12.67,1.2457416183930938,20251015,20251015,1.021182
000001.SZ,1d,2019-06-18,10.170648401667176,10.31514064415337,10.106429627228867,10.275003910129428,483555.0,616237571.71,20190618,12.8,1.2457416183930938,20251015,20251015,1.021182
000001.SZ,1d,2019-06-19,10.66834390356407,10.748617371611957,10.443578193029989,10.491742273858721,1143226.0,1504997837.9,20190619,13.07,1.2457416183930938,20251015,20251015,1.021182
000001.SZ,1d,2019-06-20,10.572015741906608,11.198148792680119,10.531879007882663,11.07773859060829,1529191.0,2083209238.7299998,20190620,13.8,1.2457416183930938,20251015,20251015,1.021182
000001.SZ,1d,2019-06-21,11.045629203389135,11.13393001824181,10.90113696090294,10.949301041731673,1011129.0,1384099587.01,20190621,13.64,1.2457416183930938,20251015,20251015,1.021182
000001.SZ,1d,2019-06-24,10.989437775755613,11.101820631022655,10.925219001317306,10.989437775755613,659572.0,904433349.2900001,20190624,13.69,1.2457416183930938,20251015,20251015,1.021182
000001.SZ,1d,2019-06-25,11.01351981616998,11.01351981616998,10.491742273858721,10.78072675883111,1469227.0,1954855785.9299998,20190625,13.43,1.2457416183930938,20251015,20251015,1.021182
000001.SZ,1d,2019-06-26,10.764500424492153,10.95107428264085,10.699605169483911,10.845619493252457,546504.0,731207282.9,20190626,13.37,1.2327557691211712,20251015,20251015,1.021182
000001.SZ,1d,2019-06-27,10.951074282640851,11.23499102330191,10.910514748260699,11.121424327037486,925074.0,1270042461.29,20190627,13.71,1.2327557691211712,20251015,20251015,1.021182
000001.SZ,1d,2019-06-28,11.137648140789546,11.186319582045728,11.015969537649092,11.178207675169697,498093.0,682679970.2,20190628,13.78,1.2327557691211712,20251015,20251015,1.021182
000001.SZ,1d,2019-07-01,11.364781533318395,11.502683950210908,11.25121483705397,11.299886278310153,960636.0,1347792874.8,20190701,13.930000000000001,1.2327557691211712,20251015,20251015,1.021182
000001.SZ,1d,2019-07-02,11.259326743929998,11.551355391467089,11.243102930177939,11.502683950210907,1052744.0,1481211353.19,20190702,14.18,1.2327557691211712,20251015,20251015,1.021182
000001.SZ,1d,2019-07-03,11.502683950210908,11.527019670839,11.25121483705397,11.364781533318395,769078.0,1076744400.79,20190703,14.010000000000002,1.2327557691211712,20251015,20251015,1.021182
000001.SZ,1d,2019-07-04,11.364781533318395,11.583803018971212,11.25932674393,11.348557719566333,621292.0,873624287.32,20190704,13.99,1.2327557691211712,20251015,20251015,1.021182
000001.SZ,1d,2019-07-05,11.31611009206221,11.340445812690302,11.105200513285425,11.291774371434121,749196.0,1037357175.72,20190705,13.92,1.2327557691211712,20251015,20251015,1.021182
000001.SZ,1d,2019-07-08,11.21065530267382,11.25932674393,10.910514748260699,11.024081444525123,778413.0,1061095712.61,20190708,13.590000000000002,1.2327557691211712,20251015,20251015,1.021182
000001.SZ,1d,2019-07-09,11.056529072029242,11.121424327037484,10.902402841384667,11.024081444525121,494296.0,670391720.57,20190709,13.59,1.2327557691211712,20251015,20251015,1.021182
000001.SZ,1d,2019-07-10,11.040305258277183,11.113312420161456,10.94296237576482,10.999745723897032,358220.0,487071876.75000006,20190710,13.56,1.2327557691211712,20251015,20251015,1.021182
000001.SZ,1d,2019-07-11,11.097088606409397,11.178207675169698,10.975410003268943,10.983521910144972,484183.0,660588299.89,20190711,13.540000000000001,1.2327557691211712,20251015,20251015,1.021182
000001.SZ,1d,2019-07-12,11.032193351401153,11.54324348459106,11.015969537649092,11.454012508954728,1465366.0,2055749881.65,20190712,14.120000000000001,1.2327557691211712,20251015,20251015,1.021182
000001.SZ,1d,2019-07-15,11.381005347070452,11.454012508954726,11.226879116425879,11.356669626442363,841282.0,1175798104.87,20190715,14.0,1.2327557691211712,20251015,20251015,1.021182
000001.SZ,1d,2019-07-16,11.332333905814274,11.348557719566333,11.121424327037486,11.153871954541607,722780.0,998151578.95,20190716,13.75,1.2327557691211712,20251015,20251015,1.021182
000001.SZ,1d,2019-07-17,11.113312420161455,11.202543395797788,11.040305258277183,11.105200513285425,410020.0,561944451.84,20190717,13.69,1.2327557691211712,20251015,20251015,1.021182
000001.SZ,1d,2019-07-18,11.072752885781304,11.202543395797788,10.999745723897032,11.088976699533365,422826.0,578067487.97,20190718,13.67,1.2327557691211712,20251015,20251015,1.021182
000001.SZ,1d,2019-07-19,11.145760047665576,11.421564881450605,11.097088606409395,11.348557719566333,866390.0,1207316526.53,20190719,13.99,1.2327557691211712,20251015,20251015,1.021182
000001.SZ,1d,2019-07-22,11.324221998938242,11.372893440194423,11.161983861417637,11.234991023301909,582283.0,807249426.05,20190722,13.85,1.2327557691211712,20251015,20251015,1.021182
000001.SZ,1d,2019-07-23,11.24310293017794,11.25121483705397,11.072752885781304,11.161983861417637,504004.0,692328447.63,20190723,13.76,1.2327557691211712,20251015,20251015,1.021182
000001.SZ,1d,2019-07-24,11.25121483705397,11.364781533318395,11.186319582045728,11.25932674393,570276.0,793387782.2,20190724,13.88,1.2327557691211712,20251015,20251015,1.021182
000001.SZ,1d,2019-07-25,11.291774371434121,11.57569111209518,11.234991023301909,11.518907763962968,1087826.0,1534889645.77,20190725,14.2,1.2327557691211712,20251015,20251015,1.021182
000001.SZ,1d,2019-07-26,11.502683950210907,11.559467298343119,11.421564881450605,11.54324348459106,635305.0,901074107.51,20190726,14.23,1.2327557691211712,20251015,20251015,1.021182
000001.SZ,1d,2019-07-29,11.559467298343119,11.721705435863724,11.502683950210907,11.59191492584724,715576.0,1023261763.08,20190729,14.29,1.2327557691211712,20251015,20251015,1.021182
000001.SZ,1d,2019-07-30,11.608138739599301,11.802824504624027,11.591914925847242,11.656810180855484,796634.0,1148582412.5600002,20190730,14.370000000000001,1.2327557691211712,20251015,20251015,1.021182
000001.SZ,1d,2019-07-31,11.600026832723271,11.616250646475331,11.421564881450605,11.462124415830758,634723.0,899227865.95,20190731,14.13,1.2327557691211712,20251015,20251015,1.021182
000001.SZ,1d,2019-08-01,11.405341067698544,11.510795857086938,11.30799818518618,11.437788695202665,527981.0,742308285.2,20190801,14.1,1.2327557691211712,20251015,20251015,1.021182
000001.SZ,1d,2019-08-02,11.170095768293667,11.25932674393,11.080864792657334,11.145760047665576,969926.0,1333400773.79,20190802,13.74,1.2327557691211712,20251015,20251015,1.021182
000001.SZ,1d,2019-08-05,11.032193351401153,11.064640978905272,10.764500424492153,10.829395679500395,893082.0,1201885399.11,20190805,13.35,1.2327557691211712,20251015,20251015,1.021182
000001.SZ,1d,2019-08-06,10.626598007599641,10.91862665513673,10.56981465946743,10.845619493252457,882499.0,1166971469.04,20190806,13.370000000000001,1.2327557691211712,20251015,20251015,1.021182
000001.SZ,1d,2019-08-07,10.94296237576482,11.064640978905274,10.845619493252457,10.983521910144972,793038.0,1070736943.88,20190807,13.540000000000001,1.2327557691211712,20251015,20251015,1.021182
000001.SZ,1d,2019-08-08,11.275550557682061,11.762264970243876,11.234991023301909,11.664922087731512,2330715.0,3313302100.1800003,20190808,14.379999999999999,1.2327557691211712,20251015,20251015,1.021182
000001.SZ,1d,2019-08-09,11.802824504624027,12.046181710904936,11.705481622111664,11.778488783995936,2060575.0,3021884306.17,20190809,14.52,1.2327557691211712,20251015,20251015,1.021182
000001.SZ,1d,2019-08-12,11.851495945880208,12.265203196557751,11.843384039004178,12.265203196557751,2733425.0,4084497902.64,20190812,15.12,1.2327557691211712,20251015,20251015,1.021182
000001.SZ,1d,2019-08-13,12.167860314045388,12.232755569053632,11.956950735268602,12.078629338409057,1293736.0,1925835288.3000002,20190813,14.89,1.2327557691211712,20251015,20251015,1.021182
000001.SZ,1d,2019-08-14,12.281427010309812,12.346322265318054,12.005622176524785,12.143524593417299,1360546.0,2038261151.5400002,20190814,14.97,1.2327557691211712,20251015,20251015,1.021182
000001.SZ,1d,2019-08-15,11.875831666508299,12.135412686541267,11.843384039004178,12.119188872789207,897376.0,1333117725.96,20190815,14.94,1.2327557691211712,20251015,20251015,1.021182
000001.SZ,1d,2019-08-16,12.240867475929663,12.281427010309812,11.989398362772723,12.086741245285086,986902.0,1474900257.6000001,20190816,14.9,1.2327557691211712,20251015,20251015,1.021182
000001.SZ,1d,2019-08-19,12.094853152161116,12.119188872789207,11.778488783995936,12.102965059037146,2292956.0,3368207935.07,20190819,14.92,1.2327557691211712,20251015,20251015,1.021182
000001.SZ,1d,2019-08-20,12.102965059037146,12.330098451565993,11.981286455896692,12.159748407169358,1921041.0,2872304200.9100003,20190820,14.99,1.2327557691211712,20251015,20251015,1.021182
000001.SZ,1d,2019-08-21,12.062405524656997,12.078629338409057,11.664922087731513,11.721705435863726,1990131.0,2902251100.57,20190821,14.450000000000001,1.2327557691211712,20251015,20251015,1.021182
000001.SZ,1d,2019-08-22,11.681145901483573,11.721705435863726,11.51890776396297,11.608138739599301,1353071.0,1935208499.0500002,20190822,14.31,1.2327557691211712,20251015,20251015,1.021182
000001.SZ,1d,2019-08-23,11.656810180855482,11.956950735268602,11.640586367103422,11.88394357338433,1636867.0,2388239081.28,20190823,14.65,1.2327557691211712,20251015,20251015,1.021182
000001.SZ,1d,2019-08-26,11.697369715235634,11.762264970243876,11.478348229582817,11.559467298343119,1415122.0,2018498039.72,20190826,14.25,1.2327557691211712,20251015,20251015,1.021182
000001.SZ,1d,2019-08-27,11.648698273979452,11.746041156491815,11.551355391467089,11.608138739599301,1356713.0,1948127123.02,20190827,14.31,1.2327557691211712,20251015,20251015,1.021182
000001.SZ,1d,2019-08-28,11.56757920521915,11.583803018971212,11.397229160822516,11.575691112095182,829657.0,1176329095.67,20190828,14.270000000000001,1.2327557691211712,20251015,20251015,1.021182
000001.SZ,1d,2019-08-29,11.53513157771503,11.551355391467089,11.421564881450605,11.462124415830758,609034.0,861177482.39,20190829,14.13,1.2327557691211712,20251015,20251015,1.021182
000001.SZ,1d,2019-08-30,11.59191492584724,11.673033994607541,11.437788695202665,11.486460136458847,798500.0,1136119659.76,20190830,14.16,1.2327557691211712,20251015,20251015,1.021182
000001.SZ,1d,2019-09-02,11.478348229582815,11.762264970243876,11.445900602078696,11.721705435863724,1360201.0,1955673136.8999999,20190902,14.45,1.2327557691211712,20251015,20251015,1.021182
000001.SZ,1d,2019-09-03,11.746041156491815,11.770376877119906,11.559467298343119,11.600026832723271,858653.0,1230606485.0300002,20190903,14.3,1.2327557691211712,20251015,20251015,1.021182
000001.SZ,1d,2019-09-04,11.616250646475331,11.762264970243876,11.608138739599301,11.713593528987696,973964.0,1404037295.8,20190904,14.440000000000001,1.2327557691211712,20251015,20251015,1.021182
000001.SZ,1d,2019-09-05,11.810936411500059,12.046181710904936,11.802824504624027,11.827160225252118,1768051.0,2599478258.9100003,20190905,14.58,1.2327557691211712,20251015,20251015,1.021182
000001.SZ,1d,2019-09-06,11.932615014640511,12.013734083400815,11.85960785275624,12.013734083400815,986432.0,1451264912.6499999,20190906,14.81,1.2327557691211712,20251015,20251015,1.021182
000001.SZ,1d,2019-09-09,12.151636500293328,12.167860314045388,11.843384039004178,11.91639120088845,1299839.0,1918042303.9099998,20190909,14.69,1.2327557691211712,20251015,20251015,1.021182
000001.SZ,1d,2019-09-10,11.843384039004178,11.8758316665083,11.689257808359605,11.802824504624027,796870.0,1155180739.29,20190910,14.55,1.2327557691211712,20251015,20251015,1.021182
000001.SZ,1d,2019-09-11,11.84338403900418,11.932615014640511,11.729817342739755,11.810936411500059,818614.0,1192674258.6000001,20190911,14.56,1.2327557691211712,20251015,20251015,1.021182
000001.SZ,1d,2019-09-12,11.892055480260362,11.989398362772723,11.786600690871968,11.908279294012422,1150687.0,1682911849.7800002,20190912,14.680000000000001,1.2327557691211712,20251015,20251015,1.021182
000001.SZ,1d,2019-09-16,11.924503107764481,11.940726921516543,11.681145901483573,11.721705435863726,929894.0,1349401481.22,20190916,14.450000000000001,1.2327557691211712,20251015,20251015,1.021182
000001.SZ,1d,2019-09-17,11.648698273979452,11.721705435863724,11.502683950210907,11.551355391467089,882655.0,1261416554.2900002,20190917,14.24,1.2327557691211712,20251015,20251015,1.021182
000001.SZ,1d,2019-09-18,11.551355391467089,11.746041156491815,11.551355391467089,11.689257808359605,820436.0,1179079988.0200002,20190918,14.41,1.2327557691211712,20251015,20251015,1.021182
000001.SZ,1d,2019-09-19,11.746041156491815,12.078629338409057,11.746041156491815,12.038069804028904,1884020.0,2777383508.48,20190919,14.84,1.2327557691211712,20251015,20251015,1.021182
000001.SZ,1d,2019-09-20,12.127300779665237,12.4923365890866,12.111076965913178,12.443665147830417,2644285.0,4020646521.9500003,20190920,15.34,1.2327557691211712,20251015,20251015,1.021182
000001.SZ,1d,2019-09-23,12.443665147830417,12.54911993721881,12.313874637813933,12.476112775334538,1403282.0,2148740448.83,20190923,15.379999999999999,1.2327557691211712,20251015,20251015,1.021182
000001.SZ,1d,2019-09-24,12.54911993721881,12.605903285351022,12.313874637813933,12.313874637813933,1129103.0,1726238272.95,20190924,15.18,1.2327557691211712,20251015,20251015,1.021182
000001.SZ,1d,2019-09-25,12.330098451565993,12.85737239850796,12.321986544689963,12.776253329747659,1938892.0,3024598930.57,20190925,15.75,1.2327557691211712,20251015,20251015,1.021182
000001.SZ,1d,2019-09-26,12.86548430538399,13.011498629152536,12.703246167863385,12.743805702243538,1686592.0,2673096951.2300005,20190926,15.71,1.2327557691211712,20251015,20251015,1.021182
000001.SZ,1d,2019-09-27,12.857372398507962,12.979051001648415,12.735693795367508,12.897931932888113,1007706.0,1598567052.2,20190927,15.9,1.2327557691211712,20251015,20251015,1.021182
000001.SZ,1d,2019-09-30,12.776253329747659,12.889820026012082,12.630239005979114,12.646462819731173,1046363.0,1645828526.9,20190930,15.59,1.2327557691211712,20251015,20251015,1.021182
000001.SZ,1d,2019-10-08,12.654574726607205,13.165624859797111,12.654574726607205,13.14128913916902,1386676.0,2225024598.59,20191008,16.2,1.2327557691211712,20251015,20251015,1.021182
000001.SZ,1d,2019-10-09,13.060170070408716,13.400870159201988,12.995274815400474,13.18184867354917,1316693.0,2145061763.15,20191009,16.25,1.2327557691211712,20251015,20251015,1.021182
000001.SZ,1d,2019-10-10,13.198072487301232,13.198072487301232,12.970939094772385,13.173736766673143,879746.0,1418751875.7800002,20191010,16.240000000000002,1.2327557691211712,20251015,20251015,1.021182
000001.SZ,1d,2019-10-11,13.14128913916902,13.749682154871289,13.14128913916902,13.636115458606865,1405422.0,2335030599.2500005,20191011,16.81,1.2327557691211712,20251015,20251015,1.021182
000001.SZ,1d,2019-10-14,13.765905968623352,14.276956101813257,13.7253464342432,13.968703640524108,1557637.0,2688929547.26,20191014,17.220000000000002,1.2327557691211712,20251015,20251015,1.021182
000001.SZ,1d,2019-10-15,13.993039361152197,14.0741584299125,13.644227365482896,13.936256013019985,881955.0,1503633369.4900002,20191015,17.18,1.2327557691211712,20251015,20251015,1.021182
000001.SZ,1d,2019-10-16,14.001151268028226,14.147165591796771,13.490101134838321,13.619891644854805,1267671.0,2146150627.2600002,20191016,16.79,1.2327557691211712,20251015,20251015,1.021182
000001.SZ,1d,2019-10-17,13.70912262049114,13.790241689251442,13.425205879830079,13.546884482970533,1126182.0,1887045621.02,20191017,16.7,1.2327557691211712,20251015,20251015,1.021182
000001.SZ,1d,2019-10-18,13.628003551730837,13.822689316755561,13.327862997317716,13.392758252325956,1196799.0,1999012671.73,20191018,16.509999999999998,1.2327557691211712,20251015,20251015,1.021182
000001.SZ,1d,2019-10-21,13.327862997317716,13.765905968623349,13.327862997317716,13.701010713615108,945952.0,1589276085.98,20191021,16.89,1.2327557691211712,20251015,20251015,1.021182
000001.SZ,1d,2019-10-22,13.717234527367168,13.73345834111923,13.003386722276506,13.319751090441686,1883531.0,3072547165.9700003,20191022,16.42,1.2327557691211712,20251015,20251015,1.021182
000001.SZ,1d,2019-10-23,13.238632021681383,13.522548762342444,13.165624859797111,13.344086811069776,967534.0,1590781971.78,20191023,16.45,1.2327557691211712,20251015,20251015,1.021182
000001.SZ,1d,2019-10-24,13.384646345449928,13.790241689251442,13.335974904193748,13.684786899863049,1109214.0,1861032918.48,20191024,16.87,1.2327557691211712,20251015,20251015,1.021182
000001.SZ,1d,2019-10-25,13.611779737978775,13.75779406174732,13.449541600458172,13.69289880673908,691435.0,1161100080.0000002,20191025,16.880000000000003,1.2327557691211712,20251015,20251015,1.021182
000001.SZ,1d,2019-10-28,13.77401787549938,13.822689316755561,13.368422531697867,13.514436855466412,1070131.0,1780873358.2599998,20191028,16.66,1.2327557691211712,20251015,20251015,1.021182
000001.SZ,1d,2019-10-29,13.538772576094502,13.73345834111923,13.433317786706109,13.717234527367168,788864.0,1322036352.42,20191029,16.91,1.2327557691211712,20251015,20251015,1.021182
000001.SZ,1d,2019-10-30,13.628003551730837,13.75779406174732,13.319751090441686,13.327862997317718,854317.0,1420644944.87,20191030,16.430000000000003,1.2327557691211712,20251015,20251015,1.021182
000001.SZ,1d,2019-10-31,13.319751090441686,13.360310624821839,13.173736766673143,13.189960580425202,862569.0,1407006434.79,20191031,16.26,1.2327557691211712,20251015,20251015,1.021182
000001.SZ,1d,2019-11-01,13.262967742309476,13.790241689251442,13.206184394177264,13.676674992987017,1254655.0,2096068960.5900002,20191101,16.86,1.2327557691211712,20251015,20251015,1.021182
000001.SZ,1d,2019-11-04,13.77401787549938,13.993039361152197,13.603667831102744,13.725346434243198,889824.0,1507910818.55,20191104,16.919999999999998,1.2327557691211712,20251015,20251015,1.021182
000001.SZ,1d,2019-11-05,13.628003551730837,14.147165591796771,13.619891644854805,13.911920292391894,1172485.0,2010924199.94,20191105,17.15,1.2327557691211712,20251015,20251015,1.021182
000001.SZ,1d,2019-11-06,13.83891313050762,14.001151268028226,13.692898806739077,13.757794061747317,863325.0,1470233502.73,20191106,16.959999999999997,1.2327557691211712,20251015,20251015,1.021182
000001.SZ,1d,2019-11-07,13.73345834111923,13.847025037383652,13.587444017350684,13.701010713615108,711896.0,1200671649.42,20191107,16.89,1.2327557691211712,20251015,20251015,1.021182
000001.SZ,1d,2019-11-08,13.77401787549938,13.806465503003501,13.498213041714353,13.506324948590384,849139.0,1421088326.1499999,20191108,16.650000000000002,1.2327557691211712,20251015,20251015,1.021182
000001.SZ,1d,2019-11-11,13.384646345449928,13.408982066078016,13.14128913916902,13.20618439417726,953515.0,1556517253.18,20191111,16.279999999999998,1.2327557691211712,20251015,20251015,1.021182
000001.SZ,1d,2019-11-12,13.214296301053292,13.279191556061535,13.108841511664899,13.246743928557414,516266.0,840769286.54,20191112,16.330000000000002,1.2327557691211712,20251015,20251015,1.021182
000001.SZ,1d,2019-11-13,13.214296301053292,13.352198717945804,13.027722442904595,13.246743928557413,655120.0,1067975601.16,20191113,16.33,1.2327557691211712,20251015,20251015,1.021182
000001.SZ,1d,2019-11-14,13.327862997317716,13.368422531697867,13.18184867354917,13.238632021681383,468899.0,767006342.15,20191114,16.32,1.2327557691211712,20251015,20251015,1.021182
000001.SZ,1d,2019-11-15,13.295415369813595,13.425205879830079,13.173736766673143,13.254855835433446,569227.0,933539572.45,20191115,16.340000000000003,1.2327557691211712,20251015,20251015,1.021182
000001.SZ,1d,2019-11-18,13.262967742309476,13.425205879830079,13.165624859797111,13.344086811069776,557918.0,915983935.5500001,20191118,16.45,1.2327557691211712,20251015,20251015,1.021182
000001.SZ,1d,2019-11-19,13.344086811069776,13.368422531697867,13.230520114805351,13.311639183565656,562120.0,920998203.3399999,20191119,16.41,1.2327557691211712,20251015,20251015,1.021182
000001.SZ,1d,2019-11-20,13.222408207929323,13.222408207929323,12.792477143499719,12.85737239850796,1724383.0,2747598383.4000006,20191120,15.85,1.2327557691211712,20251015,20251015,1.021182
000001.SZ,1d,2019-11-21,12.776253329747659,12.873596212260022,12.678910447235296,12.865484305383992,772563.0,1218516399.48,20191121,15.860000000000001,1.2327557691211712,20251015,20251015,1.021182
000001.SZ,1d,2019-11-22,12.889820026012082,12.914155746640173,12.614015192227054,12.646462819731173,773473.0,1216064537.8300002,20191122,15.59,1.2327557691211712,20251015,20251015,1.021182
000001.SZ,1d,2019-11-25,12.687022354111326,12.849260491631933,12.605903285351024,12.81681286412781,783257.0,1233388886.1599998,20191125,15.8,1.2327557691211712,20251015,20251015,1.021182
000001.SZ,1d,2019-11-26,12.889820026012082,12.889820026012082,12.565343750970872,12.670798540359266,815297.0,1271594662.99,20191126,15.620000000000001,1.2327557691211712,20251015,20251015,1.021182
000001.SZ,1d,2019-11-27,12.687022354111326,12.687022354111326,12.48422468221057,12.549119937218812,476169.0,736584294.07,20191127,15.47,1.2327557691211712,20251015,20251015,1.021182
000001.SZ,1d,2019-11-28,12.54911993721881,12.605903285351022,12.524784216590719,12.565343750970872,378016.0,585252046.59,20191128,15.49,1.2327557691211712,20251015,20251015,1.021182
000001.SZ,1d,2019-11-29,12.605903285351022,12.614015192227052,12.313874637813933,12.403105613450267,653866.0,1001451096.26,20191129,15.29,1.2327557691211712,20251015,20251015,1.021182
000001.SZ,1d,2019-12-02,12.451777054706447,12.51667230971469,12.354434172194086,12.459888961582479,553877.0,849784129.4100001,20191202,15.360000000000001,1.2327557691211712,20251015,20251015,1.021182
000001.SZ,1d,2019-12-03,12.411217520326296,12.541008030342782,12.338210358442025,12.53289612346675,455418.0,700293548.85,20191203,15.450000000000001,1.2327557691211712,20251015,20251015,1.021182
000001.SZ,1d,2019-12-04,12.44366514783042,12.50044849596263,12.338210358442025,12.419329427202328,524545.0,802110334.25,20191204,15.31,1.2327557691211712,20251015,20251015,1.021182
000001.SZ,1d,2019-12-05,12.451777054706449,12.557231844094842,12.411217520326296,12.516672309714691,557084.0,857682575.8100001,20191205,15.430000000000001,1.2327557691211712,20251015,20251015,1.021182
000001.SZ,1d,2019-12-06,12.549119937218812,12.751917609119568,12.541008030342782,12.654574726607205,712615.0,1109423061.49,20191206,15.600000000000001,1.2327557691211712,20251015,20251015,1.021182
000001.SZ,1d,2019-12-09,12.670798540359264,12.670798540359264,12.451777054706447,12.50044849596263,605992.0,935135952.74,20191209,15.41,1.2327557691211712,20251015,20251015,1.021182
000001.SZ,1d,2019-12-10,12.459888961582477,12.47611277533454,12.370657985946146,12.435553240954388,556383.0,851377532.72,20191210,15.33,1.2327557691211712,20251015,20251015,1.021182
000001.SZ,1d,2019-12-11,12.47611277533454,12.719469981615449,12.411217520326296,12.703246167863385,871505.0,1351786530.59,20191211,15.66,1.2327557691211712,20251015,20251015,1.021182
000001.SZ,1d,2019-12-12,12.703246167863387,12.711358074739417,12.597791378474994,12.654574726607205,478998.0,747519511.1,20191212,15.600000000000001,1.2327557691211712,20251015,20251015,1.021182
000001.SZ,1d,2019-12-13,12.85737239850796,13.07639388416078,12.792477143499719,13.07639388416078,1053103.0,1680707282.0600002,20191213,16.12,1.2327557691211712,20251015,20251015,1.021182
000001.SZ,1d,2019-12-16,13.07639388416078,13.09261769791284,12.873596212260022,13.08450579103681,787952.0,1262802471.74,20191216,16.130000000000003,1.2327557691211712,20251015,20251015,1.021182
000001.SZ,1d,2019-12-17,12.979051001648415,13.490101134838321,12.962827187896355,13.384646345449928,1203104.0,1969891323.5900002,20191217,16.5,1.2327557691211712,20251015,20251015,1.021182
000001.SZ,1d,2019-12-18,13.327862997317716,13.514436855466412,13.311639183565656,13.352198717945807,797091.0,1317608543.24,20191218,16.46,1.2327557691211712,20251015,20251015,1.021182
000001.SZ,1d,2019-12-19,13.425205879830079,13.579332110474656,13.335974904193748,13.425205879830079,675536.0,1119925969.1100001,20191219,16.55,1.2327557691211712,20251015,20251015,1.021182
000001.SZ,1d,2019-12-20,13.425205879830079,13.530660669218472,13.335974904193748,13.4576535073342,644478.0,1067869779.7799999,20191220,16.59,1.2327557691211712,20251015,20251015,1.021182
000001.SZ,1d,2019-12-23,13.530660669218475,13.530660669218475,13.11695341854093,13.173736766673143,715792.0,1173372080.8400002,20191223,16.240000000000002,1.2327557691211712,20251015,20251015,1.021182
000001.SZ,1d,2019-12-24,13.165624859797111,13.384646345449928,13.165624859797111,13.303527276689627,459128.0,752351618.1899999,20191224,16.400000000000002,1.2327557691211712,20251015,20251015,1.021182
000001.SZ,1d,2019-12-25,13.34408681106978,13.43331778670611,13.173736766673143,13.222408207929323,414917.0,679664596.6700001,20191225,16.3,1.2327557691211712,20251015,20251015,1.021182
000001.SZ,1d,2019-12-26,13.254855835433444,13.368422531697867,13.238632021681383,13.360310624821835,372033.0,610381757.75,20191226,16.47,1.2327557691211712,20251015,20251015,1.021182
000001.SZ,1d,2019-12-27,13.40898206607802,13.73345834111923,13.327862997317716,13.490101134838321,1042574.0,1741473179.3,20191227,16.63,1.2327557691211712,20251015,20251015,1.021182
000001.SZ,1d,2019-12-30,13.352198717945807,13.490101134838323,13.060170070408718,13.44142969358214,976970.0,1603152786.5900002,20191230,16.57,1.2327557691211712,20251015,20251015,1.021182
000001.SZ,1d,2019-12-31,13.44142969358214,13.490101134838321,13.230520114805351,13.344086811069776,704442.0,1154704348.9199998,20191231,16.45,1.2327557691211712,20251015,20251015,1.021182
000001.SZ,1d,2020-01-02,13.506324948590384,13.749682154871289,13.425205879830079,13.684786899863049,1530231.0,2571196482.14,20200102,16.87,1.2327557691211712,20251015,20251015,1.021182
000001.SZ,1d,2020-01-03,13.741570247995261,14.04171080240838,13.7253464342432,13.936256013019989,1116194.0,1914495474.63,20200103,17.180000000000003,1.2327557691211712,20251015,20251015,1.021182
000001.SZ,1d,2020-01-06,13.798353596127471,14.06604652303647,13.717234527367168,13.847025037383652,862083.0,1477930193.19,20200106,17.07,1.2327557691211712,20251015,20251015,1.021182
000001.SZ,1d,2020-01-07,13.895696478639833,14.017375081780287,13.749682154871289,13.911920292391894,728607.0,1247047135.26,20200107,17.15,1.2327557691211712,20251015,20251015,1.021182
000001.SZ,1d,2020-01-08,13.790241689251442,13.830801223631592,13.490101134838321,13.514436855466412,847824.0,1423608811.1799998,20200108,16.66,1.2327557691211712,20251015,20251015,1.021182
000001.SZ,1d,2020-01-09,13.636115458606868,13.73345834111923,13.40898206607802,13.619891644854807,1031636.0,1725326806.2500002,20200109,16.790000000000003,1.2327557691211712,20251015,20251015,1.021182
000001.SZ,1d,2020-01-10,13.619891644854805,13.636115458606865,13.400870159201988,13.538772576094503,585548.0,975154818.7800001,20200110,16.69,1.2327557691211712,20251015,20251015,1.021182
000001.SZ,1d,2020-01-13,13.587444017350684,13.814577409879533,13.47387732108626,13.78212978237541,872133.0,1468271683.72,20200113,16.99,1.2327557691211712,20251015,20251015,1.021182
000001.SZ,1d,2020-01-14,13.782129782375412,14.00926317490426,13.595555924226716,13.595555924226716,1304493.0,2217608852.69,20200114,16.76,1.2327557691211712,20251015,20251015,1.021182
000001.SZ,1d,2020-01-15,13.619891644854805,13.676674992987017,13.344086811069776,13.400870159201988,859439.0,1424889228.07,20200115,16.52,1.2327557691211712,20251015,20251015,1.021182
000001.SZ,1d,2020-01-16,13.400870159201988,13.44142969358214,13.14128913916902,13.246743928557413,1028104.0,1678888507.83,20200116,16.33,1.2327557691211712,20251015,20251015,1.021182
000001.SZ,1d,2020-01-17,13.287303462937567,13.425205879830079,13.262967742309476,13.295415369813595,605436.0,995909007.3499999,20200117,16.39,1.2327557691211712,20251015,20251015,1.021182
000001.SZ,1d,2020-01-20,13.327862997317716,13.473877321086263,13.262967742309476,13.34408681106978,746074.0,1226464649.55,20200120,16.450000000000003,1.2327557691211712,20251015,20251015,1.021182
000001.SZ,1d,2020-01-21,13.254855835433444,13.254855835433444,12.922267653516203,12.979051001648415,896603.0,1442171431.55,20200121,16.0,1.2327557691211712,20251015,20251015,1.021182
000001.SZ,1d,2020-01-22,12.914155746640175,13.108841511664899,12.743805702243538,13.052058163532687,719464.0,1150933398.98,20200122,16.09,1.2327557691211712,20251015,20251015,1.021182
000001.SZ,1d,2020-01-23,12.914155746640173,12.914155746640173,12.48422468221057,12.605903285351024,1100592.0,1723394336.66,20200123,15.540000000000001,1.2327557691211712,20251015,20251015,1.021182
000001.SZ,1d,2020-02-03,11.348557719566333,11.924503107764481,11.348557719566333,11.348557719566333,2259194.0,3201454164.92,20200203,13.99,1.2327557691211712,20251015,20251015,1.021182
000001.SZ,1d,2020-02-04,11.397229160822514,11.89205548026036,11.372893440194423,11.843384039004178,1706172.0,2442932842.71,20200204,14.6,1.2327557691211712,20251015,20251015,1.021182
000001.SZ,1d,2020-02-05,11.835272132128148,12.078629338409057,11.616250646475331,11.86771975963227,1491380.0,2177632043.62,20200205,14.63,1.2327557691211712,20251015,20251015,1.021182
000001.SZ,1d,2020-02-06,12.013734083400815,12.062405524656995,11.770376877119906,11.981286455896692,1185815.0,1740107625.4199998,20200206,14.77,1.2327557691211712,20251015,20251015,1.021182
000001.SZ,1d,2020-02-07,11.843384039004178,11.91639120088845,11.689257808359605,11.85960785275624,924852.0,1345053255.67,20200207,14.620000000000001,1.2327557691211712,20251015,20251015,1.021182
000001.SZ,1d,2020-02-10,11.770376877119908,11.786600690871968,11.600026832723271,11.762264970243876,1339495.0,1931983482.1000001,20200210,14.5,1.2327557691211712,20251015,20251015,1.021182
000001.SZ,1d,2020-02-11,11.843384039004178,12.11918887278921,11.810936411500059,11.997510269648755,1407507.0,2077194138.9199998,20200211,14.790000000000001,1.2327557691211712,20251015,20251015,1.021182
000001.SZ,1d,2020-02-12,11.997510269648753,12.021845990276844,11.843384039004178,11.981286455896692,1070503.0,1573229042.5500002,20200212,14.77,1.2327557691211712,20251015,20251015,1.021182
000001.SZ,1d,2020-02-13,11.932615014640511,12.070517431533025,11.851495945880208,11.883943573384329,1013205.0,1491327713.78,20200213,14.649999999999999,1.2327557691211712,20251015,20251015,1.021182
000001.SZ,1d,2020-02-14,11.965062642144634,12.281427010309812,11.924503107764481,12.192196034673481,1512434.0,2253906452.48,20200214,15.030000000000001,1.2327557691211712,20251015,20251015,1.021182
000001.SZ,1d,2020-02-17,12.200307941549509,12.468000868458509,12.111076965913178,12.468000868458509,1543696.0,2337993586.1200004,20200217,15.37,1.2327557691211712,20251015,20251015,1.021182
000001.SZ,1d,2020-02-18,12.435553240954388,12.435553240954388,12.17597222092142,12.330098451565993,973612.0,1478274222.5800002,20200218,15.2,1.2327557691211712,20251015,20251015,1.021182
000001.SZ,1d,2020-02-19,12.248979382805691,12.468000868458509,12.232755569053632,12.362546079070116,874106.0,1333730218.9699998,20200219,15.24,1.2327557691211712,20251015,20251015,1.021182
000001.SZ,1d,2020-02-20,12.386881799698205,12.670798540359264,12.248979382805691,12.646462819731173,1235444.0,1897923029.0400002,20200220,15.59,1.2327557691211712,20251015,20251015,1.021182
000001.SZ,1d,2020-02-21,12.565343750970872,12.751917609119568,12.53289612346675,12.638350912855145,995071.0,1546692930.16,20200221,15.580000000000002,1.2327557691211712,20251015,20251015,1.021182
000001.SZ,1d,2020-02-24,12.541008030342782,12.541008030342782,12.289538917185842,12.354434172194086,1191794.0,1820183854.52,20200224,15.23,1.2327557691211712,20251015,20251015,1.021182
000001.SZ,1d,2020-02-25,12.16786031404539,12.273315103433783,11.989398362772723,12.20030794154951,1144575.0,1710369786.03,20200225,15.040000000000001,1.2327557691211712,20251015,20251015,1.021182
000001.SZ,1d,2020-02-26,11.981286455896694,12.386881799698207,11.924503107764481,12.159748407169358,1176599.0,1769612245.3700001,20200226,14.99,1.2327557691211712,20251015,20251015,1.021182
000001.SZ,1d,2020-02-27,12.135412686541269,12.289538917185842,12.078629338409057,12.257091289681723,975270.0,1464605739.4600003,20200227,15.110000000000001,1.2327557691211712,20251015,20251015,1.021182
000001.SZ,1d,2020-02-28,12.046181710904936,12.20030794154951,11.729817342739755,11.762264970243876,1300644.0,1906892413.3100002,20200228,14.5,1.2327557691211712,20251015,20251015,1.021182
000001.SZ,1d,2020-03-02,11.802824504624027,12.127300779665239,11.729817342739755,11.997510269648755,1116580.0,1647432269.71,20200302,14.790000000000001,1.2327557691211712,20251015,20251015,1.021182
000001.SZ,1d,2020-03-03,12.135412686541269,12.159748407169358,11.86771975963227,11.940726921516543,1153584.0,1705816271.89,20200303,14.72,1.2327557691211712,20251015,20251015,1.021182
000001.SZ,1d,2020-03-04,11.90827929401242,11.989398362772723,11.770376877119906,11.91639120088845,862595.0,1261123063.8300002,20200304,14.69,1.2327557691211712,20251015,20251015,1.021182
000001.SZ,1d,2020-03-05,12.005622176524785,12.687022354111326,11.948838828392573,12.48422468221057,2686602.0,4089493523.03,20200305,15.39,1.2327557691211712,20251015,20251015,1.021182
000001.SZ,1d,2020-03-06,12.313874637813933,12.386881799698205,12.18408412779745,12.19219603467348,1228531.0,1858691259.32,20200306,15.03,1.2327557691211712,20251015,20251015,1.021182
000001.SZ,1d,2020-03-09,11.932615014640511,11.948838828392573,11.697369715235634,11.721705435863724,1665793.0,2420392130.73,20200309,14.45,1.2327557691211712,20251015,20251015,1.021182
000001.SZ,1d,2020-03-10,11.664922087731513,12.046181710904936,11.664922087731513,11.973174549020664,1167864.0,1709084565.32,20200310,14.760000000000002,1.2327557691211712,20251015,20251015,1.021182
000001.SZ,1d,2020-03-11,11.981286455896694,12.070517431533027,11.85960785275624,11.916391200888452,814381.0,1201250682.1599998,20200311,14.690000000000001,1.2327557691211712,20251015,20251015,1.021182
000001.SZ,1d,2020-03-12,11.88394357338433,12.038069804028906,11.786600690871968,11.908279294012422,986497.0,1447436641.92,20200312,14.680000000000001,1.2327557691211712,20251015,20251015,1.021182
000001.SZ,1d,2020-03-13,11.275550557682061,11.827160225252118,11.275550557682061,11.778488783995936,1169765.0,1669009835.48,20200313,14.52,1.2327557691211712,20251015,20251015,1.021182
000001.SZ,1d,2020-03-16,11.721705435863724,11.729817342739755,11.153871954541607,11.153871954541607,1406202.0,1975824191.21,20200316,13.75,1.2327557691211712,20251015,20251015,1.021182
000001.SZ,1d,2020-03-17,11.153871954541607,11.332333905814274,10.65093372822773,10.878067120756578,1177849.0,1582506075.02,20200317,13.41,1.2327557691211712,20251015,20251015,1.021182
000001.SZ,1d,2020-03-18,10.878067120756578,10.991633817021002,10.261562198178279,10.31023363943446,1384784.0,1816836893.63,20200318,12.71,1.2327557691211712,20251015,20251015,1.021182
000001.SZ,1d,2020-03-19,10.285897918806368,10.33456936006255,9.66128108935204,9.920862109385007,1891457.0,2313863663.4799995,20200319,12.23,1.2327557691211712,20251015,20251015,1.021182
000001.SZ,1d,2020-03-20,10.058764526277521,10.285897918806368,9.945197830013099,10.156107408789884,1578352.0,1967487818.45,20200320,12.52,1.2327557691211712,20251015,20251015,1.021182
000001.SZ,1d,2020-03-23,9.734288251236311,10.01820499189737,9.677504903104099,9.855966854376765,1071113.0,1300469494.43,20200323,12.15,1.2327557691211712,20251015,20251015,1.021182
000001.SZ,1d,2020-03-24,10.058764526277521,10.285897918806368,9.953309736889128,10.229114570674156,1180200.0,1472909399.72,20200324,12.61,1.2327557691211712,20251015,20251015,1.021182
000001.SZ,1d,2020-03-25,10.448136056326975,10.602262286971548,10.30212173255843,10.440024149450945,1136957.0,1467534956.1599998,20200325,12.870000000000001,1.2327557691211712,20251015,20251015,1.021182
000001.SZ,1d,2020-03-26,10.367016987566672,10.821283772624366,10.318345546310491,10.594150380095519,1075192.0,1408651057.3400002,20200326,13.06,1.2327557691211712,20251015,20251015,1.021182
000001.SZ,1d,2020-03-27,10.748276610740094,10.853731400128488,10.61037419384758,10.66715754197979,653018.0,861618663.0500001,20200327,13.15,1.2327557691211712,20251015,20251015,1.021182
000001.SZ,1d,2020-03-30,10.423800335698884,10.577926566343457,10.35079317381461,10.496807497583156,661738.0,852956240.25,20200330,12.94,1.2327557691211712,20251015,20251015,1.021182
000001.SZ,1d,2020-03-31,10.586038473219489,10.618486100723612,10.367016987566672,10.383240801318733,513370.0,662915471.38,20200331,12.8,1.2327557691211712,20251015,20251015,1.021182
000001.SZ,1d,2020-04-01,10.431912242574914,10.65093372822773,10.399464615070793,10.456247963203005,520836.0,676070117.75,20200401,12.89,1.2327557691211712,20251015,20251015,1.021182
000001.SZ,1d,2020-04-02,10.34268126693858,10.521143218211247,10.269674105054309,10.521143218211247,518365.0,663197628.3500001,20200402,12.97,1.2327557691211712,20251015,20251015,1.021182
000001.SZ,1d,2020-04-03,10.399464615070793,10.456247963203005,10.180443129417975,10.229114570674158,825348.0,1047282400.16,20200403,12.610000000000001,1.2327557691211712,20251015,20251015,1.021182
000001.SZ,1d,2020-04-07,10.456247963203005,10.496807497583157,10.391352708194763,10.448136056326975,870313.0,1121200115.4100003,20200407,12.88,1.2327557691211712,20251015,20251015,1.021182
000001.SZ,1d,2020-04-08,10.448136056326975,10.480583683831094,10.318345546310491,10.367016987566672,528716.0,676604872.29,20200408,12.780000000000001,1.2327557691211712,20251015,20251015,1.021182
000001.SZ,1d,2020-04-09,10.448136056326975,10.456247963203005,10.318345546310491,10.33456936006255,408553.0,522027888.31,20200409,12.74,1.2327557691211712,20251015,20251015,1.021182
000001.SZ,1d,2020-04-10,10.35079317381461,10.529255125087277,10.261562198178279,10.375128894442703,666674.0,853689950.23,20200410,12.790000000000001,1.2327557691211712,20251015,20251015,1.021182
000001.SZ,1d,2020-04-13,10.277786011930338,10.31023363943446,10.115547874409733,10.212890756922096,446214.0,562008050.35,20200413,12.59,1.2327557691211712,20251015,20251015,1.021182
000001.SZ,1d,2020-04-14,10.261562198178279,10.431912242574914,10.196666943170037,10.431912242574914,686086.0,874856562.2800001,20200414,12.86,1.2327557691211712,20251015,20251015,1.021182
000001.SZ,1d,2020-04-15,10.431912242574914,10.488695590707126,10.367016987566672,10.440024149450945,656396.0,843649273.39,20200415,12.870000000000001,1.2327557691211712,20251015,20251015,1.021182
000001.SZ,1d,2020-04-16,10.375128894442703,10.375128894442703,10.172331222541946,10.28589791880637,789154.0,997623816.4499999,20200416,12.680000000000001,1.2327557691211712,20251015,20251015,1.021182
000001.SZ,1d,2020-04-17,10.35890508069064,10.577926566343459,10.261562198178279,10.456247963203005,1331164.0,1713215766.82,20200417,12.89,1.2327557691211712,20251015,20251015,1.021182
000001.SZ,1d,2020-04-20,10.431912242574914,10.586038473219487,10.35890508069064,10.537367031963306,818455.0,1058524019.15,20200420,12.99,1.2327557691211712,20251015,20251015,1.021182
000001.SZ,1d,2020-04-21,10.788836145120245,11.113312420161456,10.788836145120245,10.910514748260699,2122448.0,2861879086.0899997,20200421,13.450000000000001,1.2327557691211712,20251015,20251015,1.021182
000001.SZ,1d,2020-04-22,10.845619493252457,10.886179027632608,10.675269448855822,10.732052796988034,1032803.0,1368222854.7100003,20200422,13.23,1.2327557691211712,20251015,20251015,1.021182
000001.SZ,1d,2020-04-23,10.732052796988032,10.796948051996274,10.63470991447567,10.732052796988032,646990.0,855052110.23,20200423,13.229999999999999,1.2327557691211712,20251015,20251015,1.021182
000001.SZ,1d,2020-04-24,10.683381355731852,10.772612331368183,10.63470991447567,10.740164703864064,566002.0,747473770.46,20200424,13.24,1.2327557691211712,20251015,20251015,1.021182
000001.SZ,1d,2020-04-27,10.788836145120245,11.064640978905274,10.748276610740094,10.95107428264085,936830.0,1263809737.41,20200427,13.5,1.2327557691211712,20251015,20251015,1.021182
000001.SZ,1d,2020-04-28,10.910514748260699,10.99974572389703,10.764500424492153,10.967298096392911,771564.0,1038718080.27,20200428,13.52,1.2327557691211712,20251015,20251015,1.021182
000001.SZ,1d,2020-04-29,10.93485046888879,11.437788695202666,10.910514748260699,11.372893440194424,1108722.0,1541638203.4799998,20200429,14.020000000000001,1.2327557691211712,20251015,20251015,1.021182
000001.SZ,1d,2020-04-30,11.372893440194424,11.616250646475331,11.25932674393,11.299886278310153,819540.0,1155968238.1299999,20200430,13.930000000000001,1.2327557691211712,20251015,20251015,1.021182
000001.SZ,1d,2020-05-06,11.161983861417637,11.26743865080603,11.040305258277183,11.170095768293667,1008998.0,1382727481.73,20200506,13.77,1.2327557691211712,20251015,20251015,1.021182
000001.SZ,1d,2020-05-07,11.161983861417637,11.161983861417637,11.032193351401153,11.105200513285425,662749.0,904349531.9899999,20200507,13.69,1.2327557691211712,20251015,20251015,1.021182
000001.SZ,1d,2020-05-08,11.161983861417637,11.372893440194423,11.097088606409395,11.31611009206221,934782.0,1297924588.29,20200508,13.95,1.2327557691211712,20251015,20251015,1.021182
000001.SZ,1d,2020-05-11,11.291774371434121,11.462124415830758,11.275550557682061,11.356669626442363,612862.0,859156594.2199999,20200511,14.0,1.2327557691211712,20251015,20251015,1.021182
000001.SZ,1d,2020-05-12,11.316110092062212,11.397229160822516,11.129536233913516,11.186319582045728,558511.0,772109502.04,20200512,13.790000000000001,1.2327557691211712,20251015,20251015,1.021182
000001.SZ,1d,2020-05-13,11.153871954541607,11.178207675169698,10.975410003268943,11.056529072029244,640359.0,871062043.61,20200513,13.63,1.2327557691211712,20251015,20251015,1.021182
000001.SZ,1d,2020-05-14,10.991633817021002,11.024081444525121,10.723940890112003,10.788836145120245,944672.0,1259440848.2399998,20200514,13.3,1.2327557691211712,20251015,20251015,1.021182
000001.SZ,1d,2020-05-15,10.861843307004518,10.894290934508637,10.65904563510376,10.732052796988034,756794.0,1004313267.9300001,20200515,13.23,1.2327557691211712,20251015,20251015,1.021182
000001.SZ,1d,2020-05-18,10.707717076359943,10.821283772624367,10.642821821351701,10.707717076359943,637209.0,843479669.71,20200518,13.200000000000001,1.2327557691211712,20251015,20251015,1.021182
000001.SZ,1d,2020-05-19,10.878067120756578,10.910514748260699,10.764500424492153,10.837507586376425,600369.0,801755671.01,20200519,13.36,1.2327557691211712,20251015,20251015,1.021182
000001.SZ,1d,2020-05-20,10.853731400128487,11.048417165153213,10.764500424492153,10.95918618951688,690851.0,929928885.9300001,20200520,13.51,1.2327557691211712,20251015,20251015,1.021182
000001.SZ,1d,2020-05-21,10.967298096392911,11.007857630773062,10.837507586376425,10.869955213880546,552312.0,742797057.29,20200521,13.399999999999999,1.2327557691211712,20251015,20251015,1.021182
000001.SZ,1d,2020-05-22,10.813171865748336,10.821283772624366,10.480583683831094,10.480583683831094,856237.0,1119433491.01,20200522,12.92,1.2327557691211712,20251015,20251015,1.021182
000001.SZ,1d,2020-05-25,10.521143218211247,10.529255125087277,10.35079317381461,10.513031311335215,410171.0,528769352.5,20200525,12.959999999999999,1.2327557691211712,20251015,20251015,1.021182
000001.SZ,1d,2020-05-26,10.561702752591398,10.602262286971548,10.496807497583156,10.577926566343457,396212.0,515451849.4,20200526,13.04,1.2327557691211712,20251015,20251015,1.021182
000001.SZ,1d,2020-05-27,10.586038473219489,10.699605169483913,10.513031311335217,10.545478938839338,482963.0,630305864.0899999,20200527,13.0,1.2327557691211712,20251015,20251015,1.021182
000001.SZ,1d,2020-05-28,10.619738725159591,10.875536627630412,10.570229453713624,10.784769629979476,960760.0,1255226999.49,20200528,13.07,1.21189422198394,20251015,20251015,1.021182
000001.SZ,1d,2020-05-29,10.735260358533509,10.760014994256492,10.66099645136456,10.727008813292516,457808.0,594502123.85,20200529,13.0,1.21189422198394,20251015,20251015,1.021182
000001.SZ,1d,2020-06-01,10.809524265702457,11.048819077691292,10.793021175220469,10.991058261004332,882961.0,1173619006.66,20200601,13.32,1.21189422198394,20251015,20251015,1.021182
000001.SZ,1d,2020-06-02,10.966303625281348,11.246856163475153,10.958052080040355,11.1808438015472,883459.0,1194375822.0600002,20200602,13.55,1.21189422198394,20251015,20251015,1.021182
000001.SZ,1d,2020-06-03,11.255107708716148,11.453144794500009,11.139586075342228,11.172592256306203,956803.0,1308782294.7,20200603,13.54,1.21189422198394,20251015,20251015,1.021182
000001.SZ,1d,2020-06-04,11.16434071106521,11.255107708716148,11.06532216817328,11.197346892029188,583066.0,788707630.29,20200604,13.57,1.21189422198394,20251015,20251015,1.021182
000001.SZ,1d,2020-06-05,11.22210152775217,11.238604618234158,11.081825258655268,11.213849982511176,383027.0,517232135.8,20200605,13.59,1.21189422198394,20251015,20251015,1.021182
000001.SZ,1d,2020-06-08,11.288113889680124,11.428390158777026,11.205598437270181,11.238604618234158,585972.0,802115792.0600001,20200608,13.62,1.21189422198394,20251015,20251015,1.021182
000001.SZ,1d,2020-06-09,11.255107708716148,11.329371615885096,11.164340711065211,11.279862344439131,474300.0,646895834.84,20200609,13.670000000000002,1.21189422198394,20251015,20251015,1.021182
000001.SZ,1d,2020-06-10,11.312868525403108,11.312868525403108,11.057070622932285,11.131334530101233,580476.0,781995749.3600001,20200610,13.49,1.21189422198394,20251015,20251015,1.021182
000001.SZ,1d,2020-06-11,11.040567532450297,11.048819077691292,10.727008813292516,10.793021175220469,1349040.0,1774199978.6799998,20200611,13.08,1.21189422198394,20251015,20251015,1.021182
000001.SZ,1d,2020-06-12,10.644493360882572,10.743511903774504,10.619738725159591,10.71875726805152,1030551.0,1331618728.51,20200612,12.99,1.21189422198394,20251015,20251015,1.021182
000001.SZ,1d,2020-06-15,10.603235634677603,10.702254177569532,10.561977908472631,10.57848099895462,660313.0,850767506.4300001,20200615,12.82,1.21189422198394,20251015,20251015,1.021182
000001.SZ,1d,2020-06-16,10.644493360882572,10.71875726805152,10.611487179918596,10.636241815641577,718059.0,927043687.82,20200616,12.889999999999999,1.21189422198394,20251015,20251015,1.021182
000001.SZ,1d,2020-06-17,10.63624181564158,10.66099645136456,10.528971727508653,10.6032356346776,716468.0,918251153.1899999,20200617,12.85,1.21189422198394,20251015,20251015,1.021182
000001.SZ,1d,2020-06-18,10.528971727508653,10.561977908472631,10.388695458411751,10.528971727508653,1119648.0,1419972017.43,20200618,12.76,1.21189422198394,20251015,20251015,1.021182
000001.SZ,1d,2020-06-19,10.50421709178567,10.594984089436608,10.40519854889374,10.56197790847263,1539522.0,1954584919.95,20200619,12.799999999999999,1.21189422198394,20251015,20251015,1.021182
000001.SZ,1d,2020-06-22,10.512468637026664,10.528971727508655,10.413450094134735,10.429953184616723,1319080.0,1671023278.9900002,20200622,12.64,1.21189422198394,20251015,20251015,1.021182
000001.SZ,1d,2020-06-23,10.438204729857716,10.471210910821693,10.330934641724792,10.396947003652745,990807.0,1248046646.7199998,20200623,12.6,1.21189422198394,20251015,20251015,1.021182
000001.SZ,1d,2020-06-24,10.429953184616721,10.627990270400584,10.396947003652745,10.56197790847263,1523220.0,1946329095.3100002,20200624,12.799999999999999,1.21189422198394,20251015,20251015,1.021182
000001.SZ,1d,2020-06-29,10.660996451364563,10.702254177569532,10.487714001303683,10.561977908472631,1038480.0,1330678288.8300002,20200629,12.8,1.21189422198394,20251015,20251015,1.021182
000001.SZ,1d,2020-06-30,10.586732544195613,10.627990270400584,10.495965546544676,10.561977908472631,937940.0,1199181601.42,20200630,12.8,1.21189422198394,20251015,20251015,1.021182
000001.SZ,1d,2020-07-01,10.553726363231636,10.850781991907429,10.512468637026664,10.826027356184447,1697390.0,2202800843.9700003,20200701,13.120000000000001,1.21189422198394,20251015,20251015,1.021182
000001.SZ,1d,2020-07-02,10.793021175220469,11.131334530101233,10.702254177569532,11.081825258655268,2590501.0,3433511084.46,20200702,13.430000000000001,1.21189422198394,20251015,20251015,1.021182
000001.SZ,1d,2020-07-03,11.197346892029188,11.816212785103755,11.189095346788193,11.758451968416795,3768334.0,5280918011.400001,20200703,14.25,1.21189422198394,20251015,20251015,1.021182
000001.SZ,1d,2020-07-06,12.047256051851594,12.938422937878972,12.039004506610599,12.938422937878972,4711461.0,7168653356.250001,20200706,15.68,1.21189422198394,20251015,20251015,1.021182
000001.SZ,1d,2020-07-07,13.450018742820616,13.722319735773427,12.402072497214347,12.773392033059087,3964427.0,6267919683.040001,20200707,15.48,1.21189422198394,20251015,20251015,1.021182
000001.SZ,1d,2020-07-08,12.567103402034231,13.202472385590788,12.567103402034231,13.004435299806927,2631339.0,4095447757.1699996,20200708,15.76,1.21189422198394,20251015,20251015,1.021182
000001.SZ,1d,2020-07-09,12.921919847396984,12.921919847396984,12.633115763962186,12.814649759264059,2243994.0,3469517329.73,20200709,15.530000000000001,1.21189422198394,20251015,20251015,1.021182
000001.SZ,1d,2020-07-10,12.666121944926163,12.773392033059087,12.179280775707502,12.261796228117444,2158773.0,3254272377.89,20200710,14.86,1.21189422198394,20251015,20251015,1.021182
000001.SZ,1d,2020-07-13,12.129771504261535,12.443330223419318,11.964740599441651,12.286550863840427,1937160.0,2871414844.76,20200713,14.89,1.21189422198394,20251015,20251015,1.021182
000001.SZ,1d,2020-07-14,12.294802409081422,12.534097221070255,12.005998325646623,12.113268413779549,1953566.0,2891773817.07,20200714,14.680000000000001,1.21189422198394,20251015,20251015,1.021182
000001.SZ,1d,2020-07-15,12.195783866189492,12.261796228117445,11.741948877934808,11.774955058898783,2042563.0,2947173149.7200003,20200715,14.27,1.21189422198394,20251015,20251015,1.021182
000001.SZ,1d,2020-07-16,11.799709694621768,12.005998325646623,11.651181880283872,11.675936516006853,1930891.0,2771496391.19,20200716,14.15,1.21189422198394,20251015,20251015,1.021182
000001.SZ,1d,2020-07-17,11.692439606488843,11.78320660413978,11.510905611186969,11.66768497076586,1291347.0,1821043927.51,20200717,14.14,1.21189422198394,20251015,20251015,1.021182
000001.SZ,1d,2020-07-20,11.741948877934808,12.187532320948495,11.634678789801882,12.154526139984519,1979632.0,2872758056.19,20200720,14.73,1.21189422198394,20251015,20251015,1.021182
000001.SZ,1d,2020-07-21,12.113268413779547,12.113268413779547,11.88222514703171,11.956489054200658,1252866.0,1815570300.6,20200721,14.49,1.21189422198394,20251015,20251015,1.021182
000001.SZ,1d,2020-07-22,11.956489054200658,12.088513778056566,11.774955058898783,11.890476692272703,1312952.0,1895447229.4099998,20200722,14.41,1.21189422198394,20251015,20251015,1.021182
000001.SZ,1d,2020-07-23,11.750200423175801,11.791458149380773,11.395383977813049,11.560414882632934,2027526.0,2838535210.7500005,20200723,14.01,1.21189422198394,20251015,20251015,1.021182
000001.SZ,1d,2020-07-24,11.527408701668957,11.543911792150945,11.073573713414273,11.139586075342228,1830882.0,2504647111.34,20200724,13.5,1.21189422198394,20251015,20251015,1.021182
000001.SZ,1d,2020-07-27,11.27986234443913,11.288113889680124,10.809524265702457,10.925045899076377,1880653.0,2497551472.2799997,20200727,13.24,1.21189422198394,20251015,20251015,1.021182
000001.SZ,1d,2020-07-28,11.00756135148632,11.081825258655268,10.875536627630412,11.00756135148632,1217006.0,1618089558.6,20200728,13.34,1.21189422198394,20251015,20251015,1.021182
000001.SZ,1d,2020-07-29,11.015812896727315,11.246856163475153,10.900291263353395,11.172592256306205,1519580.0,2043847472.9400003,20200729,13.540000000000001,1.21189422198394,20251015,20251015,1.021182
000001.SZ,1d,2020-07-30,11.139586075342228,11.147837620583223,11.032315987209303,11.032315987209303,964068.0,1294444933.22,20200730,13.370000000000001,1.21189422198394,20251015,20251015,1.021182
000001.SZ,1d,2020-07-31,10.958052080040353,11.16434071106521,10.933297444317372,11.00756135148632,1165822.0,1559068291.6299999,20200731,13.34,1.21189422198394,20251015,20251015,1.021182
000001.SZ,1d,2020-08-03,11.114831439619243,11.238604618234158,11.081825258655268,11.213849982511176,1445096.0,1954607257.49,20200803,13.59,1.21189422198394,20251015,20251015,1.021182
000001.SZ,1d,2020-08-04,11.271610799198136,11.675936516006853,11.12308298486024,11.585169518355917,2445663.0,3388510059.2700005,20200804,14.040000000000001,1.21189422198394,20251015,20251015,1.021182
000001.SZ,1d,2020-08-05,11.403635523054044,11.428390158777027,11.23860461823416,11.35412625160808,1440203.0,1980352978.3400002,20200805,13.760000000000002,1.21189422198394,20251015,20251015,1.021182
000001.SZ,1d,2020-08-06,11.403635523054044,11.519157156427964,11.263359253957141,11.469647884981997,1352511.0,1868047342.49,20200806,13.9,1.21189422198394,20251015,20251015,1.021182
000001.SZ,1d,2020-08-07,11.387132432572056,11.469647884981997,11.23860461823416,11.304616980162113,988678.0,1356305781.15,20200807,13.700000000000001,1.21189422198394,20251015,20251015,1.021182
000001.SZ,1d,2020-08-10,11.279862344439131,11.568666427873929,11.23860461823416,11.510905611186969,1587710.0,2208568316.4900002,20200810,13.950000000000001,1.21189422198394,20251015,20251015,1.021182
000001.SZ,1d,2020-08-11,11.527408701668957,12.096765323297559,11.527408701668957,11.659433425524865,2603308.0,3748036828.23,20200811,14.13,1.21189422198394,20251015,20251015,1.021182
000001.SZ,1d,2020-08-12,11.72544578745282,11.964740599441651,11.675936516006853,11.865722056549721,1596812.0,2287731088.15,20200812,14.38,1.21189422198394,20251015,20251015,1.021182
000001.SZ,1d,2020-08-13,11.88222514703171,11.931734418477676,11.66768497076586,11.700691151729835,837262.0,1190139725.41,20200813,14.18,1.21189422198394,20251015,20251015,1.021182
000001.SZ,1d,2020-08-14,11.634678789801882,11.972992144682646,11.601672608837905,11.93998596371867,1103216.0,1578543607.1,20200814,14.47,1.21189422198394,20251015,20251015,1.021182
000001.SZ,1d,2020-08-17,12.047256051851596,12.666121944926163,12.005998325646623,12.534097221070255,3268028.0,4923669137.3,20200817,15.190000000000001,1.21189422198394,20251015,20251015,1.021182
000001.SZ,1d,2020-08-18,12.542348766311248,12.624864218721191,12.303053954322415,12.501091040106278,1350261.0,2033477707.99,20200818,15.15,1.21189422198394,20251015,20251015,1.021182
000001.SZ,1d,2020-08-19,12.468084859142301,12.666121944926163,12.344311680527387,12.459833313901306,1420928.0,2154215097.0600004,20200819,15.100000000000001,1.21189422198394,20251015,20251015,1.021182
000001.SZ,1d,2020-08-20,12.38556940673236,12.492839494865283,11.989495235164636,12.0390045066106,1333802.0,1962605013.7,20200820,14.590000000000002,1.21189422198394,20251015,20251015,1.021182
000001.SZ,1d,2020-08-21,12.13802304950253,12.13802304950253,11.816212785103755,11.923482873236681,1234517.0,1787278581.3400002,20200821,14.450000000000001,1.21189422198394,20251015,20251015,1.021182
000001.SZ,1d,2020-08-24,11.964740599441651,12.13802304950253,11.890476692272703,11.931734418477676,919449.0,1338031969.4,20200824,14.46,1.21189422198394,20251015,20251015,1.021182
000001.SZ,1d,2020-08-25,12.014249870887618,12.121519959020544,11.931734418477676,12.047256051851596,748320.0,1090756854.22,20200825,14.600000000000001,1.21189422198394,20251015,20251015,1.021182
000001.SZ,1d,2020-08-26,12.047256051851596,12.05550759709259,11.78320660413978,11.857470511308728,734118.0,1057274169.74,20200826,14.370000000000001,1.21189422198394,20251015,20251015,1.021182
000001.SZ,1d,2020-08-27,11.882225147031708,11.931734418477674,11.642930335042875,11.931734418477674,626667.0,895618648.57,20200827,14.459999999999999,1.21189422198394,20251015,20251015,1.021182
000001.SZ,1d,2020-08-28,11.76670351365779,12.52584567582926,11.76670351365779,12.484587949624288,2410400.0,3599035694.78,20200828,15.129999999999999,1.21189422198394,20251015,20251015,1.021182
000001.SZ,1d,2020-08-31,12.624864218721191,12.938422937878972,12.36906631625037,12.443330223419318,1797130.0,2760350322.28,20200831,15.08,1.21189422198394,20251015,20251015,1.021182
000001.SZ,1d,2020-09-01,12.344311680527387,12.567103402034231,12.278299318599434,12.492839494865283,813643.0,1228342741.95,20200901,15.14,1.21189422198394,20251015,20251015,1.021182
000001.SZ,1d,2020-09-02,12.385569406732358,12.814649759264059,12.385569406732358,12.64136730920318,1679383.0,2575966637.51,20200902,15.32,1.21189422198394,20251015,20251015,1.021182
000001.SZ,1d,2020-09-03,12.64136730920318,12.649618854444174,12.245293137635455,12.294802409081422,1279842.0,1919266726.0100002,20200903,14.9,1.21189422198394,20251015,20251015,1.021182
000001.SZ,1d,2020-09-04,12.154526139984519,12.42682713293733,12.047256051851594,12.344311680527387,909890.0,1353550808.28,20200904,14.959999999999999,1.21189422198394,20251015,20251015,1.021182
000001.SZ,1d,2020-09-07,12.278299318599434,12.575354947275226,12.237041592394462,12.327808590045398,1031377.0,1551971380.96,20200907,14.94,1.21189422198394,20251015,20251015,1.021182
000001.SZ,1d,2020-09-08,12.377317861491363,12.732134306854116,12.377317861491363,12.732134306854116,1407602.0,2154220778.29,20200908,15.43,1.21189422198394,20251015,20251015,1.021182
000001.SZ,1d,2020-09-09,12.591858037757214,12.839404394987042,12.48458794962429,12.550600311552243,1013572.0,1554005575.35,20200909,15.21,1.21189422198394,20251015,20251015,1.021182
000001.SZ,1d,2020-09-10,12.64136730920318,12.773392033059087,12.54234876631125,12.65787039968517,957092.0,1469402768.28,20200910,15.340000000000002,1.21189422198394,20251015,20251015,1.021182
000001.SZ,1d,2020-09-11,12.52584567582926,12.624864218721191,12.228790047153467,12.385569406732358,954236.0,1431844020.44,20200911,15.01,1.21189422198394,20251015,20251015,1.021182
000001.SZ,1d,2020-09-14,12.385569406732358,12.624864218721191,12.31130549956341,12.624864218721191,680251.0,1027508108.5500001,20200914,15.3,1.21189422198394,20251015,20251015,1.021182
000001.SZ,1d,2020-09-15,12.54234876631125,12.773392033059087,12.501091040106278,12.666121944926163,657133.0,1007999044.1099999,20200915,15.35,1.21189422198394,20251015,20251015,1.021182
000001.SZ,1d,2020-09-16,12.64136730920318,12.822901304505054,12.550600311552243,12.74038585209511,722415.0,1114667832.1100001,20200916,15.440000000000001,1.21189422198394,20251015,20251015,1.021182
000001.SZ,1d,2020-09-17,12.822901304505054,12.97142911884295,12.707379671131134,12.847655940228035,988216.0,1543414501.54,20200917,15.57,1.21189422198394,20251015,20251015,1.021182
000001.SZ,1d,2020-09-18,12.888913666433005,13.276736292759736,12.806398214023064,13.260233202277748,1373193.0,2186759087.8100004,20200918,16.07,1.21189422198394,20251015,20251015,1.021182
000001.SZ,1d,2020-09-21,13.202472385590788,13.24373011179576,12.963177573601955,13.08695075221687,896162.0,1418370973.91,20200921,15.860000000000001,1.21189422198394,20251015,20251015,1.021182
000001.SZ,1d,2020-09-22,12.930171392637979,13.07044766173488,12.69912812589014,12.847655940228035,867756.0,1354536272.84,20200922,15.57,1.21189422198394,20251015,20251015,1.021182
000001.SZ,1d,2020-09-23,12.864159030710024,13.062196116493887,12.79814666878207,12.897165211674,599200.0,939763265.95,20200923,15.629999999999999,1.21189422198394,20251015,20251015,1.021182
000001.SZ,1d,2020-09-24,12.864159030710026,12.880662121192014,12.476336404383295,12.476336404383295,1061011.0,1623376200.8100002,20200924,15.120000000000001,1.21189422198394,20251015,20251015,1.021182
000001.SZ,1d,2020-09-25,12.542348766311248,12.633115763962184,12.4680848591423,12.534097221070255,614087.0,933035044.4699999,20200925,15.19,1.21189422198394,20251015,20251015,1.021182
000001.SZ,1d,2020-09-28,12.534097221070255,12.682625035408151,12.360814771009375,12.633115763962186,612711.0,932800766.0300001,20200928,15.31,1.21189422198394,20251015,20251015,1.021182
000001.SZ,1d,2020-09-29,12.69912812589014,12.715631216372127,12.179280775707502,12.212286956671479,1182374.0,1766848544.72,20200929,14.799999999999999,1.21189422198394,20251015,20251015,1.021182
000001.SZ,1d,2020-09-30,12.212286956671479,12.60010958299821,12.212286956671479,12.517594130588266,1217065.0,1838547595.4599998,20200930,15.17,1.21189422198394,20251015,20251015,1.021182
000001.SZ,1d,2020-10-09,12.624864218721191,12.831152849746047,12.48458794962429,12.525845675829261,900426.0,1376995906.6,20201009,15.180000000000001,1.21189422198394,20251015,20251015,1.021182
000001.SZ,1d,2020-10-12,12.558851856793238,13.24373011179576,12.550600311552243,13.119956933180847,1591347.0,2509002885.3100004,20201012,15.9,1.21189422198394,20251015,20251015,1.021182
000001.SZ,1d,2020-10-13,13.119956933180847,13.293239383241724,13.01268684504792,13.251981657036753,908819.0,1453986337.96,20201013,16.06,1.21189422198394,20251015,20251015,1.021182
000001.SZ,1d,2020-10-14,13.235478566554765,13.30149092848272,13.037441480770903,13.227227021313771,662562.0,1057937816.08,20201014,16.03,1.21189422198394,20251015,20251015,1.021182
000001.SZ,1d,2020-10-15,13.367503290410673,13.961614547762256,13.326245564205701,13.664558919086465,1600062.0,2654379585.66,20201015,16.56,1.21189422198394,20251015,20251015,1.021182
000001.SZ,1d,2020-10-16,13.664558919086465,14.332934083606997,13.648055828604477,14.110142362100152,2095614.0,3589229558.5699997,20201016,17.099999999999998,1.21189422198394,20251015,20251015,1.021182
000001.SZ,1d,2020-10-19,14.27517326692004,14.93529688619958,14.27517326692004,14.423701081257937,2016106.0,3571336006.25,20201019,17.48,1.21189422198394,20251015,20251015,1.021182
000001.SZ,1d,2020-10-20,14.423701081257937,14.522719624149868,14.233915540715069,14.4732103527039,960072.0,1673173355.6499999,20201020,17.54,1.21189422198394,20251015,20251015,1.021182
000001.SZ,1d,2020-10-21,14.555725805113845,14.852781433789639,14.299927902643024,14.77851752662069,1244560.0,2204040364.8,20201021,17.91,1.21189422198394,20251015,20251015,1.021182
000001.SZ,1d,2020-10-22,14.803272162343672,15.265358695839348,14.27517326692004,14.489713443185892,1890519.0,3342069010.79,20201022,17.560000000000002,1.21189422198394,20251015,20251015,1.021182
000001.SZ,1d,2020-10-23,14.464958807462908,15.49640196258719,14.464958807462908,14.960051521922564,1698502.0,3105623948.39,20201023,18.130000000000003,1.21189422198394,20251015,20251015,1.021182
000001.SZ,1d,2020-10-26,15.01781233860952,15.092076245778468,14.398946445534953,14.605235076559808,1175599.0,2085800598.85,20201026,17.7,1.21189422198394,20251015,20251015,1.021182
000001.SZ,1d,2020-10-27,14.852781433789637,14.852781433789637,14.440204171739925,14.654744348005776,1034865.0,1839243224.79,20201027,17.76,1.21189422198394,20251015,20251015,1.021182
000001.SZ,1d,2020-10-28,14.654744348005773,14.770265981379692,14.266921721679045,14.547474259872848,1205824.0,2125604541.75,20201028,17.63,1.21189422198394,20251015,20251015,1.021182
000001.SZ,1d,2020-10-29,14.473210352703903,14.795020617102676,14.316430993125012,14.662995893246771,846604.0,1498040947.7,20201029,17.770000000000003,1.21189422198394,20251015,20251015,1.021182
000001.SZ,1d,2020-10-30,14.638241257523788,15.149837062465432,14.522719624149868,14.646492802764781,1007804.0,1813064343.1200001,20201030,17.75,1.21189422198394,20251015,20251015,1.021182
000001.SZ,1d,2020-11-02,14.56397735035484,14.894039159994609,14.299927902643024,14.547474259872851,968453.0,1702741437.95,20201102,17.630000000000003,1.21189422198394,20251015,20251015,1.021182
000001.SZ,1d,2020-11-03,14.613486621800805,15.13333397198344,14.605235076559808,14.81977525282566,957869.0,1727488481.5,20201103,17.96,1.21189422198394,20251015,20251015,1.021182
000001.SZ,1d,2020-11-04,15.141585517224437,15.24885560535736,14.81977525282566,15.116830881501452,1247636.0,2275824963.43,20201104,18.32,1.21189422198394,20251015,20251015,1.021182
000001.SZ,1d,2020-11-05,15.158088607706421,15.265358695839348,14.4732103527039,14.605235076559808,1429469.0,2558562453.1800003,20201105,17.7,1.21189422198394,20251015,20251015,1.021182
000001.SZ,1d,2020-11-06,14.613486621800801,14.646492802764781,14.209160904992084,14.555725805113845,848782.0,1486492208.3700001,20201106,17.64,1.21189422198394,20251015,20251015,1.021182
000001.SZ,1d,2020-11-09,14.580480440836824,14.852781433789637,14.4732103527039,14.72075670993373,951424.0,1688807401.7,20201109,17.84,1.21189422198394,20251015,20251015,1.021182
000001.SZ,1d,2020-11-10,14.852781433789637,15.265358695839348,14.795020617102676,14.943548431440572,1021063.0,1854142808.8500001,20201110,18.11,1.21189422198394,20251015,20251015,1.021182
000001.SZ,1d,2020-11-11,15.017812338609524,15.100327791019465,14.522719624149868,14.696002074210748,940130.0,1677811478.7400002,20201111,17.810000000000002,1.21189422198394,20251015,20251015,1.021182
000001.SZ,1d,2020-11-12,14.696002074210744,14.803272162343669,14.398946445534953,14.572228895595833,677258.0,1197284181.1100001,20201112,17.66,1.21189422198394,20251015,20251015,1.021182
000001.SZ,1d,2020-11-13,14.374191809811972,14.415449536016943,13.771829007219392,14.176154724028109,1289189.0,2191492021.21,20201113,17.18,1.21189422198394,20251015,20251015,1.021182
000001.SZ,1d,2020-11-16,14.093639271618164,14.382443355052965,13.94511145728027,14.332934083606997,759857.0,1308190459.6,20201116,17.369999999999997,1.21189422198394,20251015,20251015,1.021182
000001.SZ,1d,2020-11-17,14.341185628847992,14.795020617102676,14.233915540715069,14.712505164692733,852931.0,1509511577.97,20201117,17.83,1.21189422198394,20251015,20251015,1.021182
000001.SZ,1d,2020-11-18,14.671247438487764,15.265358695839348,14.646492802764781,15.232352514875373,1373401.0,2508632642.49,20201118,18.46,1.21189422198394,20251015,20251015,1.021182
000001.SZ,1d,2020-11-19,15.339622603008296,15.661432867407072,15.100327791019465,15.554162779274149,1211741.0,2270476474.58,20201119,18.85,1.21189422198394,20251015,20251015,1.021182
000001.SZ,1d,2020-11-20,15.537659688792157,15.669684412648065,15.281861786321336,15.56241432451514,673919.0,1265262915.5900002,20201120,18.86,1.21189422198394,20251015,20251015,1.021182
000001.SZ,1d,2020-11-23,15.554162779274149,16.189531762830704,15.512905053069176,16.189531762830704,1165858.0,2252290578.43,20201123,19.62,1.21189422198394,20251015,20251015,1.021182
000001.SZ,1d,2020-11-24,16.189531762830704,16.23904103427667,15.818212226985965,15.974991586564856,678543.0,1313496136.53,20201124,19.360000000000003,1.21189422198394,20251015,20251015,1.021182
000001.SZ,1d,2020-11-25,16.074010129456784,16.255544124758657,15.719193684094032,15.727445229335029,552585.0,1068352014.21,20201125,19.060000000000002,1.21189422198394,20251015,20251015,1.021182
000001.SZ,1d,2020-11-26,15.719193684094032,16.18128021758971,15.702690593612044,16.090513219938774,639658.0,1240074378.13,20201126,19.5,1.21189422198394,20251015,20251015,1.021182
000001.SZ,1d,2020-11-27,16.503090481988487,16.503090481988487,15.991494677046841,16.255544124758657,753774.0,1479430635.59,20201127,19.7,1.21189422198394,20251015,20251015,1.021182
000001.SZ,1d,2020-11-30,16.42057502957854,17.229226463195978,16.164777127107723,16.288550305722634,1581441.0,3213680470.07,20201130,19.74,1.21189422198394,20251015,20251015,1.021182
000001.SZ,1d,2020-12-01,16.25554412475866,16.923919289279194,16.00799776752883,16.54434820819346,1263720.0,2516010782.4900002,20201201,20.05,1.21189422198394,20251015,20251015,1.021182
000001.SZ,1d,2020-12-02,16.445329665301525,16.55259975343445,16.10701631042076,16.197783308071696,889385.0,1758639187.8400002,20201202,19.63,1.21189422198394,20251015,20251015,1.021182
000001.SZ,1d,2020-12-03,16.321556486686614,16.387568848614567,15.818212226985965,16.12351940090275,714452.0,1393085020.58,20201203,19.540000000000003,1.21189422198394,20251015,20251015,1.021182
000001.SZ,1d,2020-12-04,16.06575858421579,16.06575858421579,15.653181322166077,15.925482315118886,891348.0,1707639065.1,20201204,19.299999999999997,1.21189422198394,20251015,20251015,1.021182
000001.SZ,1d,2020-12-07,15.933733860359881,15.999746222287836,15.413886510177244,15.603672050720112,873807.0,1655173465.4,20201207,18.91,1.21189422198394,20251015,20251015,1.021182
000001.SZ,1d,2020-12-08,15.611923595961109,15.702690593612044,15.290113331562333,15.438641145900228,719648.0,1345951734.38,20201208,18.71,1.21189422198394,20251015,20251015,1.021182
000001.SZ,1d,2020-12-09,15.50465350782818,15.719193684094032,15.413886510177244,15.438641145900228,677221.0,1277484440.94,20201209,18.71,1.21189422198394,20251015,20251015,1.021182
000001.SZ,1d,2020-12-10,15.455144236382216,15.578917414997129,15.224100969634376,15.389131874454261,607867.0,1130916254.15,20201210,18.65,1.21189422198394,20251015,20251015,1.021182
000001.SZ,1d,2020-12-11,15.438641145900226,15.512905053069174,15.034315429091508,15.281861786321336,887794.0,1642392314.27,20201211,18.52,1.21189422198394,20251015,20251015,1.021182
000001.SZ,1d,2020-12-14,15.347874148249293,15.727445229335025,15.265358695839348,15.578917414997129,835992.0,1575396008.32,20201214,18.88,1.21189422198394,20251015,20251015,1.021182
000001.SZ,1d,2020-12-15,15.512905053069176,15.554162779274149,14.976554612404552,15.463395781623213,788858.0,1458268620.75,20201215,18.740000000000002,1.21189422198394,20251015,20251015,1.021182
000001.SZ,1d,2020-12-16,15.512905053069176,15.760451410299003,15.331371057767305,15.686187503130057,689070.0,1302133815.28,20201216,19.01,1.21189422198394,20251015,20251015,1.021182
000001.SZ,1d,2020-12-17,15.603672050720112,15.73569677457602,15.347874148249293,15.636678231684092,686141.0,1294658299.27,20201217,18.950000000000003,1.21189422198394,20251015,20251015,1.021182
000001.SZ,1d,2020-12-18,15.67793595788906,15.760451410299003,15.042566974332505,15.149837062465428,1058756.0,1959764074.98,20201218,18.36,1.21189422198394,20251015,20251015,1.021182
000001.SZ,1d,2020-12-21,15.100327791019465,15.380880329213268,14.87753606951262,15.083824700537477,906878.0,1662649810.0500002,20201221,18.28,1.21189422198394,20251015,20251015,1.021182
000001.SZ,1d,2020-12-22,15.149837062465428,15.389131874454261,14.753762890897704,14.770265981379692,1028738.0,1873638734.0600002,20201222,17.9,1.21189422198394,20251015,20251015,1.021182
000001.SZ,1d,2020-12-23,14.81977525282566,14.910542250476597,14.679498983728756,14.852781433789637,750083.0,1345650736.09,20201223,18.0,1.21189422198394,20251015,20251015,1.021182
000001.SZ,1d,2020-12-24,14.976554612404552,15.257107150598356,14.894039159994609,15.067321610055489,632950.0,1155767283.67,20201224,18.26,1.21189422198394,20251015,20251015,1.021182
000001.SZ,1d,2020-12-25,15.067321610055489,15.067321610055489,14.687750528969753,14.885787614753612,577077.0,1038128197.3900001,20201225,18.04,1.21189422198394,20251015,20251015,1.021182
000001.SZ,1d,2020-12-28,14.869284524271624,15.56241432451514,14.81977525282566,15.554162779274149,1270337.0,2352947321.9700003,20201228,18.85,1.21189422198394,20251015,20251015,1.021182
000001.SZ,1d,2020-12-29,15.570665869756136,15.925482315118888,15.430389600659232,15.818212226985962,963092.0,1837947238.25,20201229,19.169999999999998,1.21189422198394,20251015,20251015,1.021182
000001.SZ,1d,2020-12-30,15.67793595788906,15.842966862708945,15.44689269114122,15.842966862708945,978498.0,1854082812.28,20201230,19.2,1.21189422198394,20251015,20251015,1.021182
000001.SZ,1d,2020-12-31,15.85121840794994,16.156525581866724,15.694439048371049,15.958488496082865,924503.0,1781736285.58,20201231,19.34,1.21189422198394,20251015,20251015,1.021182
000001.SZ,1d,2021-01-04,15.760451410299003,15.760451410299003,15.215849424393385,15.347874148249293,1554216.0,2891682312.0499997,20210104,18.6,1.21189422198394,20251015,20251015,1.021182
000001.SZ,1d,2021-01-05,15.182843243429408,15.24885560535736,14.687750528969753,14.99305770288654,1821352.0,3284606913.9100003,20210105,18.17,1.21189422198394,20251015,20251015,1.021182
000001.SZ,1d,2021-01-06,14.918793795717589,16.140022491384737,14.852781433789637,16.140022491384737,1934945.0,3648521909.1000004,20210106,19.56,1.21189422198394,20251015,20251015,1.021182
000001.SZ,1d,2021-01-07,16.10701631042076,16.486587391506497,15.867721498431928,16.420575029578544,1584185.0,3111274625.37,20210107,19.900000000000002,1.21189422198394,20251015,20251015,1.021182
000001.SZ,1d,2021-01-08,16.42057502957854,16.585605934398426,15.933733860359881,16.37931730337357,1195473.0,2348316363.18,20210108,19.849999999999998,1.21189422198394,20251015,20251015,1.021182
000001.SZ,1d,2021-01-11,16.503090481988487,17.031189377412115,16.503090481988487,16.816649201146266,1790457.0,3652546646.82,20210111,20.38,1.21189422198394,20251015,20251015,1.021182
000001.SZ,1d,2021-01-12,16.82490074638726,17.328245006087908,16.65161829632638,17.328245006087908,1288166.0,2657687440.67,20210112,21.0,1.21189422198394,20251015,20251015,1.021182
000001.SZ,1d,2021-01-13,17.32824500608791,17.336496551328906,16.833152291628256,17.080698648858085,1049120.0,2161849708.0400004,20210113,20.700000000000003,1.21189422198394,20251015,20251015,1.021182
000001.SZ,1d,2021-01-14,17.064195558376092,17.237478008436973,16.46183275578351,16.643366751085384,1130156.0,2306404546.81,20210114,20.169999999999998,1.21189422198394,20251015,20251015,1.021182
000001.SZ,1d,2021-01-15,17.328245006087908,18.11214180398236,17.17971719175001,17.328245006087908,2480689.0,5311218074.76,20210115,21.0,1.21189422198394,20251015,20251015,1.021182
000001.SZ,1d,2021-01-18,17.493275910907794,18.797020058984884,17.493275910907794,18.73100769705693,2157302.0,4792909447.95,20210118,22.7,1.21189422198394,20251015,20251015,1.021182
000001.SZ,1d,2021-01-19,18.57422833747804,18.84652933043085,18.194657256392304,18.43395206838114,1242088.0,2790056611.29,20210119,22.34,1.21189422198394,20251015,20251015,1.021182
000001.SZ,1d,2021-01-20,18.277172708802247,18.953799418563776,18.252418073079266,18.541222156514063,1280793.0,2889249850.4500003,20210120,22.470000000000002,1.21189422198394,20251015,20251015,1.021182
000001.SZ,1d,2021-01-21,18.56597679223705,18.813523149466874,18.277172708802247,18.3431850707302,944779.0,2114252731.64,20210121,22.23,1.21189422198394,20251015,20251015,1.021182
000001.SZ,1d,2021-01-22,18.3431850707302,18.3431850707302,17.749073813378615,18.178154165910318,924434.0,2025834761.5400002,20210122,22.03,1.21189422198394,20251015,20251015,1.021182
000001.SZ,1d,2021-01-25,17.922356263439493,18.648492244646988,17.683061451450662,18.55772524699605,1028365.0,2269032820.67,20210125,22.49,1.21189422198394,20251015,20251015,1.021182
000001.SZ,1d,2021-01-26,18.400945887417162,19.242603501998573,18.400945887417162,18.45870670410412,1126721.0,2558575511.9700003,20210126,22.37,1.21189422198394,20251015,20251015,1.021182
000001.SZ,1d,2021-01-27,18.409197432658154,19.366376680613484,18.409197432658154,19.04456641621471,1294153.0,2976800955.73,20210127,23.08,1.21189422198394,20251015,20251015,1.021182
000001.SZ,1d,2021-01-28,18.79702005898488,19.127081868624654,18.524719066032073,18.821774694707866,857477.0,1948881146.95,20210128,22.81,1.21189422198394,20251015,20251015,1.021182
000001.SZ,1d,2021-01-29,18.82177469470787,19.424137497300446,18.739259242297926,19.052817961455705,1240258.0,2864101419.33,20210129,23.09,1.21189422198394,20251015,20251015,1.021182
000001.SZ,1d,2021-02-01,18.978554054286757,20.62061155724461,18.73100769705693,20.257543566640866,1475239.0,3529556986.77,20210201,24.55,1.21189422198394,20251015,20251015,1.021182
000001.SZ,1d,2021-02-02,19.292112773444536,19.886224030796125,18.90429014711781,19.209597321034597,2416169.0,5679179941.74,20210202,23.28,1.21189422198394,20251015,20251015,1.021182
000001.SZ,1d,2021-02-03,19.374628225854483,20.777390916823503,19.292112773444536,20.587605376280635,1923272.0,4690176486.28,20210203,24.95,1.21189422198394,20251015,20251015,1.021182
000001.SZ,1d,2021-02-04,19.95223639272408,20.826900188269466,19.83671475935016,20.298801292845834,1255248.0,3084553750.95,20210204,24.599999999999998,1.21189422198394,20251015,20251015,1.021182
000001.SZ,1d,2021-02-05,20.298801292845834,20.884661004956428,20.026500299893026,20.571102285798645,1015576.0,2517804159.63,20210205,24.93,1.21189422198394,20251015,20251015,1.021182
000001.SZ,1d,2021-02-08,20.546347650075667,20.546347650075667,19.886224030796125,20.46383219766572,1084265.0,2650948251.3799996,20210208,24.8,1.21189422198394,20251015,20251015,1.021182
000001.SZ,1d,2021-02-09,20.45558065242473,20.4968383786297,19.943984847483087,20.28229820236385,942094.0,2302978158.4,20210209,24.580000000000002,1.21189422198394,20251015,20251015,1.021182
000001.SZ,1d,2021-02-10,20.298801292845834,20.59585692152163,19.292112773444536,19.655180764048286,1918867.0,4569741959.900001,20210210,23.82,1.21189422198394,20251015,20251015,1.021182
000001.SZ,1d,2021-02-18,19.803708578386182,20.257543566640866,19.374628225854483,20.05125493561601,1505231.0,3619387651.7099996,20210218,24.3,1.21189422198394,20251015,20251015,1.021182
000001.SZ,1d,2021-02-19,19.770702397422205,19.960487937965073,19.44889213302343,19.67993539977127,922583.0,2197558286.91,20210219,23.85,1.21189422198394,20251015,20251015,1.021182
000001.SZ,1d,2021-02-22,19.6386776735663,19.6386776735663,18.367939706453186,18.466958249345115,1956842.0,4445818547.6,20210222,22.380000000000003,1.21189422198394,20251015,20251015,1.021182
000001.SZ,1d,2021-02-23,18.466958249345115,18.71450460657494,18.004871715849436,18.095638713500374,1870460.0,4160776611.3100004,20210223,21.93,1.21189422198394,20251015,20251015,1.021182
000001.SZ,1d,2021-02-24,18.376191251694177,18.38444279693517,17.790331539583587,18.285424254043242,1428500.0,3144209051.81,20210224,22.16,1.21189422198394,20251015,20251015,1.021182
000001.SZ,1d,2021-02-25,18.4834613398271,18.61548606368301,17.889350082475517,18.22766343735628,1593403.0,3524600794.46,20210225,22.09,1.21189422198394,20251015,20251015,1.021182
000001.SZ,1d,2021-02-26,17.823337720547563,18.120393349223356,17.50152745614879,17.641803725245694,1124977.0,2424653753.46,20210226,21.380000000000003,1.21189422198394,20251015,20251015,1.021182
000001.SZ,1d,2021-03-01,17.773828449101597,17.889350082475517,17.476772820425804,17.69956454193265,1125387.0,2408050906.4,20210301,21.45,1.21189422198394,20251015,20251015,1.021182
000001.SZ,1d,2021-03-02,17.839840811029553,18.277172708802247,17.54278518235376,17.864595446752535,1473425.0,3196536981.14,20210302,21.650000000000002,1.21189422198394,20251015,20251015,1.021182
000001.SZ,1d,2021-03-03,17.806834630065577,19.044566416214714,17.707816087173644,18.986805599527752,1919635.0,4320024431.320001,20210303,23.01,1.21189422198394,20251015,20251015,1.021182
000001.SZ,1d,2021-03-04,18.788768513743893,19.382879771095478,18.68974997085196,18.912541692358804,1213579.0,2799747146.4100003,20210304,22.92,1.21189422198394,20251015,20251015,1.021182
000001.SZ,1d,2021-03-05,18.73100769705693,18.96205096380477,18.037877896813413,18.43395206838114,880171.0,1960439115.0400002,20210305,22.34,1.21189422198394,20251015,20251015,1.021182
000001.SZ,1d,2021-03-08,18.516467520791082,18.722756151815936,17.724319177655634,17.823337720547563,993774.0,2189190957.56,20210308,21.6,1.21189422198394,20251015,20251015,1.021182
000001.SZ,1d,2021-03-09,17.88935008247552,18.08738716825938,16.981680105966152,17.204471827472997,1361895.0,2882931927.56,20210309,20.85,1.21189422198394,20251015,20251015,1.021182
000001.SZ,1d,2021-03-10,17.196220282232,17.25398109891896,16.734133748736326,16.833152291628256,1149417.0,2356185003.94,20210310,20.400000000000002,1.21189422198394,20251015,20251015,1.021182
000001.SZ,1d,2021-03-11,16.98168010596615,17.64180372524569,16.965177015484162,17.551036727594752,1048659.0,2213107787.13,20210311,21.27,1.21189422198394,20251015,20251015,1.021182
000001.SZ,1d,2021-03-12,17.633552180004695,17.905853172957507,17.493275910907794,17.724319177655634,697201.0,1494219075.5,20210312,21.48,1.21189422198394,20251015,20251015,1.021182
000001.SZ,1d,2021-03-15,17.658306815727677,18.252418073079266,17.419012003738846,17.823337720547563,958749.0,2077984893.9499998,20210315,21.599999999999998,1.21189422198394,20251015,20251015,1.021182
000001.SZ,1d,2021-03-16,17.823337720547563,18.24416652783827,17.551036727594752,17.87284699199353,939684.0,2038470660.5300002,20210316,21.66,1.21189422198394,20251015,20251015,1.021182
000001.SZ,1d,2021-03-17,17.699564541932652,17.782079994342592,17.24572955367797,17.493275910907798,821489.0,1738185857.1,20210317,21.200000000000003,1.21189422198394,20251015,20251015,1.021182
000001.SZ,1d,2021-03-18,17.575791363317737,17.930607808680488,17.328245006087908,17.930607808680488,691610.0,1483801548.9800003,20210318,21.73,1.21189422198394,20251015,20251015,1.021182
000001.SZ,1d,2021-03-19,17.765576903860605,17.864595446752535,16.808397655905274,16.890913108315218,1525622.0,3159181042.9600005,20210319,20.470000000000002,1.21189422198394,20251015,20251015,1.021182
000001.SZ,1d,2021-03-22,16.956925470243167,17.782079994342592,16.94042237976118,17.782079994342592,1451190.0,3087549484.44,20210322,21.55,1.21189422198394,20251015,20251015,1.021182
000001.SZ,1d,2021-03-23,17.798583084824582,17.864595446752535,17.29523882512393,17.518030546630776,682903.0,1448043613.41,20210323,21.23,1.21189422198394,20251015,20251015,1.021182
000001.SZ,1d,2021-03-24,17.50152745614879,17.559288272835747,16.874410017833224,16.940422379761177,850085.0,1757688572.4800003,20210324,20.529999999999998,1.21189422198394,20251015,20251015,1.021182
000001.SZ,1d,2021-03-25,16.981680105966152,17.18796873699101,16.833152291628256,17.121956375063057,492666.0,1017166048.68,20210325,20.750000000000004,1.21189422198394,20251015,20251015,1.021182
000001.SZ,1d,2021-03-26,17.196220282232,17.65830681572768,17.13020792030405,17.443766639461828,822108.0,1733412579.12,20210326,21.14,1.21189422198394,20251015,20251015,1.021182
000001.SZ,1d,2021-03-29,17.559288272835747,17.864595446752535,17.493275910907794,17.732570722896625,785667.0,1684397866.28,20210329,21.49,1.21189422198394,20251015,20251015,1.021182
000001.SZ,1d,2021-03-30,17.641803725245694,18.095638713500374,17.50152745614879,18.095638713500374,738655.0,1601238499.0600002,20210330,21.93,1.21189422198394,20251015,20251015,1.021182
000001.SZ,1d,2021-03-31,17.963613989644468,18.211160346874294,17.823337720547563,18.161651075428328,777028.0,1699922183.9799998,20210331,22.01,1.21189422198394,20251015,20251015,1.021182
000001.SZ,1d,2021-04-01,18.219411892115286,18.24416652783827,17.74082226813762,17.97186553488546,544449.0,1183868023.6599998,20210401,21.78,1.21189422198394,20251015,20251015,1.021182
000001.SZ,1d,2021-04-02,17.905853172957507,17.930607808680488,17.6253006347637,17.74082226813762,581084.0,1249405387.16,20210402,21.5,1.21189422198394,20251015,20251015,1.021182
000001.SZ,1d,2021-04-06,17.782079994342592,18.22766343735628,17.749073813378615,17.88935008247552,401103.0,873387016.62,20210406,21.680000000000003,1.21189422198394,20251015,20251015,1.021182
000001.SZ,1d,2021-04-07,18.054380987295403,18.095638713500374,17.58404290855873,17.85634390151154,517605.0,1116774452.27,20210407,21.639999999999997,1.21189422198394,20251015,20251015,1.021182
000001.SZ,1d,2021-04-08,17.707816087173644,17.930607808680488,17.600545999040722,17.79033153958359,383030.0,825170840.99,20210408,21.560000000000002,1.21189422198394,20251015,20251015,1.021182
000001.SZ,1d,2021-04-09,17.9141047181985,17.922356263439497,17.394257368015865,17.575791363317737,398960.0,849870878.04,20210409,21.3,1.21189422198394,20251015,20251015,1.021182
000001.SZ,1d,2021-04-12,17.749073813378615,17.749073813378615,17.02293783217112,17.080698648858082,594743.0,1240067319.93,20210412,20.7,1.21189422198394,20251015,20251015,1.021182
000001.SZ,1d,2021-04-13,17.09720173934007,17.229226463195978,16.989931651207144,17.14671101078604,499904.0,1036992692.52,20210413,20.78,1.21189422198394,20251015,20251015,1.021182
000001.SZ,1d,2021-04-14,17.154962556027034,17.278735734641945,16.849655382110246,17.0559440131351,537438.0,1113001541.55,20210414,20.67,1.21189422198394,20251015,20251015,1.021182
000001.SZ,1d,2021-04-15,17.13020792030405,17.138459465545044,16.56910284391644,16.80014611066428,735865.0,1494016040.7500002,20210415,20.360000000000003,1.21189422198394,20251015,20251015,1.021182
000001.SZ,1d,2021-04-16,16.800146110664276,16.857906927351237,16.346311122409592,16.717630658254333,729998.0,1466509057.44,20210416,20.259999999999998,1.21189422198394,20251015,20251015,1.021182
000001.SZ,1d,2021-04-19,16.52784511771147,17.526282091871774,16.42882657481954,17.452018184702823,1112283.0,2304021478.31,20210419,21.15,1.21189422198394,20251015,20251015,1.021182
000001.SZ,1d,2021-04-20,17.394257368015865,18.112141803982365,17.26223264415996,17.89760162771651,834773.0,1798249024.3,20210420,21.69,1.21189422198394,20251015,20251015,1.021182
000001.SZ,1d,2021-04-21,18.400945887417162,19.135333413865645,18.392694342176167,18.98680559952775,1597100.0,3644577541.25,20210421,23.009999999999998,1.21189422198394,20251015,20251015,1.021182
000001.SZ,1d,2021-04-22,19.13533341386565,19.168339594829625,18.797020058984884,18.96205096380477,829694.0,1905208911.5900002,20210422,22.98,1.21189422198394,20251015,20251015,1.021182
000001.SZ,1d,2021-04-23,19.242603501998573,19.51490449495138,19.03631487097372,19.21784886627559,823230.0,1920413502.35,20210423,23.29,1.21189422198394,20251015,20251015,1.021182
000001.SZ,1d,2021-04-26,19.696438490253257,19.993494118929053,18.896038601876818,18.929044782840794,872418.0,2037109597.0100002,20210426,22.94,1.21189422198394,20251015,20251015,1.021182
000001.SZ,1d,2021-04-27,18.937296328081786,19.135333413865645,18.863032420912837,18.92904478284079,470431.0,1083043579.27,20210427,22.939999999999998,1.21189422198394,20251015,20251015,1.021182
000001.SZ,1d,2021-04-28,19.21784886627559,19.3498735901315,18.797020058984884,19.26735813772156,593838.0,1375141409.72,20210428,23.35,1.21189422198394,20251015,20251015,1.021182
000001.SZ,1d,2021-04-29,19.259106592480563,19.56441376639735,19.069321051937695,19.465395223505418,614837.0,1439823965.34,20210429,23.59,1.21189422198394,20251015,20251015,1.021182
000001.SZ,1d,2021-04-30,19.26735813772156,19.382879771095478,18.986805599527752,19.21784886627559,561981.0,1308177202.7800002,20210430,23.290000000000003,1.21189422198394,20251015,20251015,1.021182
000001.SZ,1d,2021-05-06,19.0610695066967,19.556162221156356,19.0610695066967,19.39113131633647,500295.0,1174181608.06,20210506,23.5,1.21189422198394,20251015,20251015,1.021182
000001.SZ,1d,2021-05-07,19.531407585433374,20.05125493561601,19.300364318685535,19.844966304591154,802214.0,1929112374.46,20210507,24.05,1.21189422198394,20251015,20251015,1.021182
000001.SZ,1d,2021-05-10,19.803708578386182,19.83671475935016,18.995057144768747,19.688186945012262,661439.0,1566860764.0900002,20210510,23.86,1.21189422198394,20251015,20251015,1.021182
000001.SZ,1d,2021-05-11,19.4901498592284,19.597419947361328,19.028063325732724,19.41588595205945,497223.0,1161846399.0600002,20210511,23.529999999999998,1.21189422198394,20251015,20251015,1.021182
000001.SZ,1d,2021-05-12,19.21784886627559,19.50665294971039,18.879535511394828,19.43238904254144,533265.0,1245517716.8700001,20210512,23.55,1.21189422198394,20251015,20251015,1.021182
000001.SZ,1d,2021-05-13,19.40763440681846,19.465395223505418,18.84652933043085,19.03631487097372,549653.0,1271946298.62,20210513,23.07,1.21189422198394,20251015,20251015,1.021182
000001.SZ,1d,2021-05-14,19.24421240479275,19.48538879188825,18.79512533916665,19.393908093334787,563785.0,1300250943.6000001,20210514,23.32,1.2024394406620147,20251015,20251015,1.021182
000001.SZ,1d,2021-05-17,19.252528831933976,19.809729450395995,19.08620028910949,19.626768053289062,527565.0,1241605192.3400002,20210517,23.599999999999998,1.2024394406620147,20251015,20251015,1.021182
000001.SZ,1d,2021-05-18,19.83467873181967,20.0509058374915,19.46043951046458,19.87626086752579,395415.0,939786731.9499999,20210518,23.900000000000002,1.2024394406620147,20251015,20251015,1.021182
000001.SZ,1d,2021-05-19,19.809729450395995,20.067538691773944,19.56023663615927,19.626768053289062,429420.0,1022553739.18,20210519,23.599999999999998,1.2024394406620147,20251015,20251015,1.021182
000001.SZ,1d,2021-05-20,19.468755937605806,19.826362304678444,19.352325957628665,19.809729450395995,405788.0,957478853.76,20210520,23.82,1.2024394406620147,20251015,20251015,1.021182
000001.SZ,1d,2021-05-21,19.859628013243345,20.03427298320905,19.152731706239287,19.5352873547356,539336.0,1263058114.62,20210521,23.490000000000002,1.2024394406620147,20251015,20251015,1.021182
000001.SZ,1d,2021-05-24,19.526970927594373,19.626768053289066,19.285794540498873,19.526970927594373,343936.0,806092207.23,20210524,23.48,1.2024394406620147,20251015,20251015,1.021182
000001.SZ,1d,2021-05-25,19.57686949044172,20.566524320247396,19.5020216461707,20.45841076741148,972375.0,2363145902.7,20210525,24.599999999999998,1.2024394406620147,20251015,20251015,1.021182
000001.SZ,1d,2021-05-26,20.49167647597638,20.89086497875514,20.37524649599924,20.799384280201675,919264.0,2286540248.86,20210526,25.01,1.2024394406620147,20251015,20251015,1.021182
000001.SZ,1d,2021-05-27,20.71622000878943,20.924130687320037,20.391879350281688,20.616422883094742,504091.0,1246712048.75,20210527,24.79,1.2024394406620147,20251015,20251015,1.021182
000001.SZ,1d,2021-05-28,20.524942184541274,20.549891465964947,20.092487973197617,20.37524649599924,492401.0,1200523315.7,20210528,24.5,1.2024394406620147,20251015,20251015,1.021182
000001.SZ,1d,2021-05-31,20.23386723459843,20.400195777422915,19.884577294667015,20.125753681762514,515351.0,1244209045.99,20210531,24.2,1.2024394406620147,20251015,20251015,1.021182
000001.SZ,1d,2021-06-01,20.125753681762514,20.167335817468636,19.543603781876822,19.89289372180824,625018.0,1490476624.5600002,20210601,23.92,1.2024394406620147,20251015,20251015,1.021182
000001.SZ,1d,2021-06-02,19.867944440384566,19.892893721808235,19.443806656182133,19.867944440384566,497527.0,1176608126.9900002,20210602,23.89,1.2024394406620147,20251015,20251015,1.021182
000001.SZ,1d,2021-06-03,19.726565178983755,20.07585511891517,19.693299470418857,19.768147314689873,400901.0,958876472.45,20210603,23.77,1.2024394406620147,20251015,20251015,1.021182
000001.SZ,1d,2021-06-04,19.95110871179681,20.757802144495553,19.79309659611355,20.408512204564136,756739.0,1851425837.6100001,20210604,24.54,1.2024394406620147,20251015,20251015,1.021182
000001.SZ,1d,2021-06-07,20.358613641716794,20.358613641716794,19.901210148949463,20.20891795317476,447914.0,1081738832.95,20210607,24.3,1.2024394406620147,20251015,20251015,1.021182
000001.SZ,1d,2021-06-08,20.084171546056393,20.43346148598781,19.91784300323191,20.400195777422912,570078.0,1384120301.27,20210608,24.529999999999998,1.2024394406620147,20251015,20251015,1.021182
000001.SZ,1d,2021-06-09,20.31703150601067,20.691270727365758,20.109120827480066,20.4999929031176,453832.0,1116771375.46,20210609,24.65,1.2024394406620147,20251015,20251015,1.021182
000001.SZ,1d,2021-06-10,20.50830933025883,20.840966415907797,20.084171546056396,20.125753681762518,530215.0,1294972566.6500003,20210610,24.200000000000003,1.2024394406620147,20251015,20251015,1.021182
000001.SZ,1d,2021-06-11,20.217234380315983,20.25050008888088,19.227579550510303,19.43549022904091,834665.0,1965393115.4999998,20210611,23.37,1.2024394406620147,20251015,20251015,1.021182
000001.SZ,1d,2021-06-15,19.41885737475846,19.48538879188825,18.96145388199113,19.310743821922546,660623.0,1524503477.67,20210615,23.220000000000002,1.2024394406620147,20251015,20251015,1.021182
000001.SZ,1d,2021-06-16,19.310743821922546,19.46043951046458,19.136098851956838,19.344009530487444,378208.0,878470834.12,20210616,23.26,1.2024394406620147,20251015,20251015,1.021182
000001.SZ,1d,2021-06-17,19.144415279098062,19.70161589756008,19.144415279098062,19.210946696227854,453282.0,1059121804.3299999,20210617,23.099999999999998,1.2024394406620147,20251015,20251015,1.021182
000001.SZ,1d,2021-06-18,19.235895977651527,19.360642384769893,18.620480369200937,18.836707474872767,694099.0,1574437729.5800002,20210618,22.650000000000002,1.2024394406620147,20251015,20251015,1.021182
000001.SZ,1d,2021-06-21,18.79512533916665,18.853340329155216,18.30445613783442,18.429202544952783,718273.0,1600119859.9500003,20210621,22.16,1.2024394406620147,20251015,20251015,1.021182
000001.SZ,1d,2021-06-22,18.612163942059713,19.20263026908663,18.5040503892238,19.10283314339194,757751.0,1720058046.82,20210622,22.97,1.2024394406620147,20251015,20251015,1.021182
000001.SZ,1d,2021-06-23,19.003036017697248,19.468755937605806,18.894922464861335,19.24421240479275,447908.0,1035835695.88,20210623,23.14,1.2024394406620147,20251015,20251015,1.021182
000001.SZ,1d,2021-06-24,19.152731706239287,19.227579550510303,18.86165675629644,19.194313841945405,390283.0,894502108.5799999,20210624,23.08,1.2024394406620147,20251015,20251015,1.021182
000001.SZ,1d,2021-06-25,19.194313841945405,19.626768053289062,19.177680987662956,19.427173801899684,559973.0,1310287389.9,20210625,23.36,1.2024394406620147,20251015,20251015,1.021182
000001.SZ,1d,2021-06-28,19.427173801899684,19.452123083323357,18.695328213471957,18.94482102770868,626257.0,1425702202.01,20210628,22.78,1.2024394406620147,20251015,20251015,1.021182
000001.SZ,1d,2021-06-29,18.778492484884197,18.953137454849905,18.296139710693197,18.57889823349482,1049749.0,2341926371.42,20210629,22.34,1.2024394406620147,20251015,20251015,1.021182
000001.SZ,1d,2021-06-30,18.595531087777267,19.069567434827043,18.587214660636043,18.811758193449094,403435.0,913285187.0999999,20210630,22.62,1.2024394406620147,20251015,20251015,1.021182
000001.SZ,1d,2021-07-01,18.969770309132354,19.543603781876822,18.728593922036854,19.294110967640098,664833.0,1530548798.57,20210701,23.2,1.2024394406620147,20251015,20251015,1.021182
000001.SZ,1d,2021-07-02,18.894922464861338,18.911555319143787,18.096545459303815,18.138127595009937,1070678.0,2360189793.98,20210702,21.810000000000002,1.2024394406620147,20251015,20251015,1.021182
000001.SZ,1d,2021-07-05,18.038330469315248,18.420886117811555,17.539344840841796,18.34603827354054,859341.0,1859394323.75,20210705,22.06,1.2024394406620147,20251015,20251015,1.021182
000001.SZ,1d,2021-07-06,18.362671127822992,19.127782424815614,18.171393303574835,18.94482102770868,791957.0,1784792785.5700002,20210706,22.78,1.2024394406620147,20251015,20251015,1.021182
000001.SZ,1d,2021-07-07,18.86165675629644,19.169364560521736,18.711961067754405,18.753543203460527,468945.0,1063910095.8299999,20210707,22.55,1.2024394406620147,20251015,20251015,1.021182
000001.SZ,1d,2021-07-08,18.94482102770868,18.94482102770868,17.63082553939526,17.88863478077321,1457059.0,3140657439.76,20210708,21.509999999999998,1.2024394406620147,20251015,20251015,1.021182
000001.SZ,1d,2021-07-09,17.713989810807504,17.9884319064679,17.481129850853225,17.68904052938383,762365.0,1625461607.71,20210709,21.27,1.2024394406620147,20251015,20251015,1.021182
000001.SZ,1d,2021-07-12,17.880318353631985,17.880318353631985,17.373016298017312,17.597559830830363,877901.0,1859059510.48,20210712,21.16,1.2024394406620147,20251015,20251015,1.021182
000001.SZ,1d,2021-07-13,17.58924340368914,17.7472555193724,17.081941348074466,17.564294122265466,657614.0,1382029130.1100001,20210713,21.119999999999997,1.2024394406620147,20251015,20251015,1.021182
000001.SZ,1d,2021-07-14,17.464496996570777,17.464496996570777,16.973827795238552,17.2649027451814,847951.0,1755810875.16,20210714,20.76,1.2024394406620147,20251015,20251015,1.021182
000001.SZ,1d,2021-07-15,17.2316370366165,18.063279750738918,17.15678919234548,17.980115479326674,956003.0,2040266258.5900002,20210715,21.619999999999997,1.2024394406620147,20251015,20251015,1.021182
000001.SZ,1d,2021-07-16,17.80547050936097,18.14644402215116,17.713989810807504,17.7472555193724,573003.0,1230180813.02,20210716,21.34,1.2024394406620147,20251015,20251015,1.021182
000001.SZ,1d,2021-07-19,17.763888373654847,17.822103363643418,17.281535599463847,17.639141966536485,522136.0,1098434741.86,20210719,21.21,1.2024394406620147,20251015,20251015,1.021182
000001.SZ,1d,2021-07-20,17.547661267983017,17.63082553939526,17.023726358085895,17.13183991092181,804034.0,1665315545.53,20210720,20.599999999999998,1.2024394406620147,20251015,20251015,1.021182
000001.SZ,1d,2021-07-21,17.11520705663936,17.298168453746296,16.799182825272844,17.007093503803446,753077.0,1535327561.83,20210721,20.45,1.2024394406620147,20251015,20251015,1.021182
000001.SZ,1d,2021-07-22,17.00709350380345,17.18173847376916,16.83244853383774,16.94887851381488,868648.0,1773999331.02,20210722,20.380000000000003,1.2024394406620147,20251015,20251015,1.021182
000001.SZ,1d,2021-07-23,16.948878513814876,16.948878513814876,16.63285428244836,16.716018553860604,727404.0,1461467511.7900002,20210723,20.1,1.2024394406620147,20251015,20251015,1.021182
000001.SZ,1d,2021-07-26,16.599588573883462,16.624537855307135,15.327175221276162,15.634883025501459,1451304.0,2770236696.2900004,20210726,18.8,1.2024394406620147,20251015,20251015,1.021182
000001.SZ,1d,2021-07-27,15.693098015490028,15.792895141184719,14.636911768554558,14.769974602814145,1357551.0,2461708369.8399997,20210727,17.76,1.2024394406620147,20251015,20251015,1.021182
000001.SZ,1d,2021-07-28,14.844822447085162,15.027783844192093,14.70344318568435,14.761658175672919,1062994.0,1898562591.76,20210728,17.75,1.2024394406620147,20251015,20251015,1.021182
000001.SZ,1d,2021-07-29,14.894721009932505,15.169163105592906,14.786607457096592,14.936303145638627,872378.0,1566107824.4,20210729,17.96,1.2024394406620147,20251015,20251015,1.021182
000001.SZ,1d,2021-07-30,14.903037437073731,15.011150989909645,14.337520391470488,14.711759612825574,950156.0,1679747318.2799997,20210730,17.69,1.2024394406620147,20251015,20251015,1.021182
000001.SZ,1d,2021-08-02,14.670177477119454,15.085998834180662,14.287621828623141,14.977885281344745,1159923.0,2056014242.9099998,20210802,18.009999999999998,1.2024394406620147,20251015,20251015,1.021182
000001.SZ,1d,2021-08-03,14.961252427062298,15.094315261321885,14.686810331401901,14.878088155650058,896949.0,1609422575.43,20210803,17.89,1.2024394406620147,20251015,20251015,1.021182
000001.SZ,1d,2021-08-04,15.002834562768422,15.027783844192093,14.636911768554558,14.811556738520267,729620.0,1300164293.35,20210804,17.810000000000002,1.2024394406620147,20251015,20251015,1.021182
000001.SZ,1d,2021-08-05,14.7200760399668,15.011150989909645,14.62027891427211,14.703443185684353,621574.0,1104903004.6999998,20210805,17.680000000000003,1.2024394406620147,20251015,20251015,1.021182
000001.SZ,1d,2021-08-06,14.595329632848436,14.88640458279128,14.512165361436193,14.853138874226385,567454.0,1005870948.8,20210806,17.86,1.2024394406620147,20251015,20251015,1.021182
000001.SZ,1d,2021-08-09,14.894721009932505,16.009122246856546,14.836506019943936,15.851110131173286,1752798.0,3313803230.96,20210809,19.06,1.2024394406620147,20251015,20251015,1.021182
000001.SZ,1d,2021-08-10,15.876059412596963,16.616221428165915,15.718047296913701,16.40831074963531,1301988.0,2535427989.3100004,20210810,19.730000000000004,1.2024394406620147,20251015,20251015,1.021182
000001.SZ,1d,2021-08-11,16.624537855307135,17.11520705663936,16.383361468211632,16.4748421667651,1048308.0,2104975144.53,20210811,19.81,1.2024394406620147,20251015,20251015,1.021182
000001.SZ,1d,2021-08-12,16.45820931248265,16.882347096685084,16.325146478223065,16.541373583894895,666458.0,1330388046.16,20210812,19.89,1.2024394406620147,20251015,20251015,1.021182
000001.SZ,1d,2021-08-13,16.449892885341427,16.56632286531857,16.21703292538715,16.541373583894895,562885.0,1110191399.0,20210813,19.89,1.2024394406620147,20251015,20251015,1.021182
000001.SZ,1d,2021-08-16,16.707702126719376,16.799182825272844,16.27524791537572,16.591272146742238,627050.0,1247681171.0,20210816,19.95,1.2024394406620147,20251015,20251015,1.021182
000001.SZ,1d,2021-08-17,16.508107875329994,16.81581567955529,16.308513623940616,16.35841218678796,476022.0,947385521.39,20210817,19.669999999999998,1.2024394406620147,20251015,20251015,1.021182
000001.SZ,1d,2021-08-18,16.358412186787962,17.63082553939526,16.258615061093273,17.14847276520426,1332732.0,2732213549.09,20210818,20.62,1.2024394406620147,20251015,20251015,1.021182
000001.SZ,1d,2021-08-19,17.03204278522712,17.14847276520426,16.64948713673081,16.91561280524998,649976.0,1315320351.8400002,20210819,20.34,1.2024394406620147,20251015,20251015,1.021182
000001.SZ,1d,2021-08-20,16.607905001024687,16.69106927243693,15.551718754089215,16.150501508257356,1614628.0,3119152554.9300003,20210820,19.419999999999998,1.2024394406620147,20251015,20251015,1.021182
000001.SZ,1d,2021-08-23,16.21703292538715,16.67443641815448,15.892692266879408,16.050704382562667,1191849.0,2315871646.1299996,20210823,19.3,1.2024394406620147,20251015,20251015,1.021182
000001.SZ,1d,2021-08-24,16.09228651826879,16.60790500102469,15.97585653829165,16.10060294541001,868953.0,1690760837.07,20210824,19.36,1.2024394406620147,20251015,20251015,1.021182
000001.SZ,1d,2021-08-25,16.150501508257356,16.19208364396348,15.75962943261982,15.934274402585528,698084.0,1341330418.51,20210825,19.16,1.2024394406620147,20251015,20251015,1.021182
000001.SZ,1d,2021-08-26,15.967540111150424,16.01743867399777,15.310542366993715,15.352124502699837,951619.0,1783725035.2600002,20210826,18.46,1.2024394406620147,20251015,20251015,1.021182
000001.SZ,1d,2021-08-27,15.435288774112076,15.70141444263125,15.227378095581471,15.293909512711265,728820.0,1354408976.91,20210827,18.389999999999997,1.2024394406620147,20251015,20251015,1.021182
000001.SZ,1d,2021-08-30,15.144213824169231,15.210745241299024,14.595329632848436,14.736708894249249,1252211.0,2221855858.7,20210830,17.720000000000002,1.2024394406620147,20251015,20251015,1.021182
000001.SZ,1d,2021-08-31,14.736708894249245,14.911353864214954,14.395735381459055,14.803240311379037,1174868.0,2072006842.05,20210831,17.799999999999997,1.2024394406620147,20251015,20251015,1.021182
000001.SZ,1d,2021-09-01,14.537114642859866,14.903037437073731,14.14624256722233,14.869771728508836,2316894.0,4046284162.5199995,20210901,17.880000000000003,1.2024394406620147,20251015,20251015,1.021182
000001.SZ,1d,2021-09-02,14.969568854203523,15.61825017121901,14.80324031137904,15.302225939852493,2422604.0,4454545280.06,20210902,18.400000000000002,1.2024394406620147,20251015,20251015,1.021182
000001.SZ,1d,2021-09-03,15.385390211264733,15.385390211264733,14.720076039966797,15.00283456276842,1394819.0,2523273155.42,20210903,18.04,1.2024394406620147,20251015,20251015,1.021182
000001.SZ,1d,2021-09-06,14.911353864214954,15.468554482676975,14.786607457096592,15.343808075558615,1515226.0,2780281080.51,20210906,18.450000000000003,1.2024394406620147,20251015,20251015,1.021182
000001.SZ,1d,2021-09-07,15.468554482676975,16.266931488234498,15.26064380414637,16.000805819715325,1622344.0,3067365668.7200003,20210907,19.240000000000002,1.2024394406620147,20251015,20251015,1.021182
000001.SZ,1d,2021-09-08,16.000805819715325,16.258615061093273,15.884375839738185,15.992489392574099,1026201.0,1979771479.65,20210908,19.23,1.2024394406620147,20251015,20251015,1.021182
000001.SZ,1d,2021-09-09,15.892692266879408,15.925957975444305,15.634883025501459,15.801211568325941,739506.0,1399536020.5,20210909,19.0,1.2024394406620147,20251015,20251015,1.021182
000001.SZ,1d,2021-09-10,15.709730869772477,17.27321917232262,15.668148734066355,17.10689062949814,2314945.0,4668361827.72,20210910,20.57,1.2024394406620147,20251015,20251015,1.021182
000001.SZ,1d,2021-09-13,16.93224565953243,17.056992066650793,16.4748421667651,16.807499252414065,1297228.0,2606152378.88,20210913,20.209999999999997,1.2024394406620147,20251015,20251015,1.021182
000001.SZ,1d,2021-09-14,16.782549970990395,16.85739781526141,16.025755101138994,16.108919372551238,1158173.0,2272080156.85,20210914,19.37,1.2024394406620147,20251015,20251015,1.021182
000001.SZ,1d,2021-09-15,16.059020809703892,17.456180569429556,15.959223684009203,16.233665779669597,841618.0,1639298361.44,20210915,19.52,1.2024394406620147,20251015,20251015,1.021182
000001.SZ,1d,2021-09-16,16.050704382562667,16.21703292538715,15.576668035512888,15.867742985455736,1176954.0,2234474948.1600003,20210916,19.080000000000002,1.2024394406620147,20251015,20251015,1.021182
000001.SZ,1d,2021-09-17,15.7180472969137,15.801211568325941,15.310542366993715,15.410339492688406,1124880.0,2098715196.6000001,20210917,18.53,1.2024394406620147,20251015,20251015,1.021182
000001.SZ,1d,2021-09-22,14.86145530136761,15.011150989909645,14.487216080012523,14.952935999921076,1473365.0,2616707242.58,20210922,17.98,1.2024394406620147,20251015,20251015,1.021182
000001.SZ,1d,2021-09-23,15.052733125615767,15.235694522722701,14.678493904260678,14.703443185684353,1379838.0,2465683704.6800003,20210923,17.680000000000003,1.2024394406620147,20251015,20251015,1.021182
000001.SZ,1d,2021-09-24,14.636911768554558,14.70344318568435,14.420684662882728,14.429001090023952,1265696.0,2209461934.4100003,20210924,17.35,1.2024394406620147,20251015,20251015,1.021182
000001.SZ,1d,2021-09-27,14.312571110046811,14.70344318568435,14.187824702928449,14.611962487130883,1140668.0,1979196739.27,20210927,17.57,1.2024394406620147,20251015,20251015,1.021182
000001.SZ,1d,2021-09-28,14.528798215718641,15.110948115604334,14.512165361436193,14.94461957277985,1293167.0,2311265535.64,20210928,17.97,1.2024394406620147,20251015,20251015,1.021182
000001.SZ,1d,2021-09-29,14.853138874226385,15.335491648417388,14.728392467108023,15.094315261321888,1230122.0,2225416488.1400003,20210929,18.150000000000002,1.2024394406620147,20251015,20251015,1.021182
000001.SZ,1d,2021-09-30,15.04441669847454,15.135897397028007,14.728392467108023,14.911353864214954,795611.0,1424675916.8600001,20210930,17.93,1.2024394406620147,20251015,20251015,1.021182
000001.SZ,1d,2021-10-08,15.110948115604334,15.709730869772477,14.986201708485972,15.50182019124187,1159201.0,2146983881.5400002,20211008,18.64,1.2024394406620147,20251015,20251015,1.021182
000001.SZ,1d,2021-10-11,15.801211568325941,16.41662717677653,15.801211568325941,16.133868653974908,1455338.0,2829310843.75,20211011,19.4,1.2024394406620147,20251015,20251015,1.021182
000001.SZ,1d,2021-10-12,16.050704382562667,16.39167789535286,15.967540111150424,16.092286518268786,1031232.0,2004823967.61,20211012,19.349999999999998,1.2024394406620147,20251015,20251015,1.021182
000001.SZ,1d,2021-10-13,16.050704382562667,16.55800643817734,15.942590829726754,16.283564342516947,807897.0,1577612469.53,20211013,19.580000000000002,1.2024394406620147,20251015,20251015,1.021182
000001.SZ,1d,2021-10-14,16.291880769658167,16.56632286531857,15.709730869772477,15.97585653829165,842990.0,1623970431.3999999,20211014,19.21,1.2024394406620147,20251015,20251015,1.021182
000001.SZ,1d,2021-10-15,15.801211568325941,16.549690011036116,15.801211568325941,16.350095759646738,993494.0,1948647236.8100002,20211015,19.66,1.2024394406620147,20251015,20251015,1.021182
000001.SZ,1d,2021-10-18,16.175450789681033,16.258615061093273,15.884375839738185,16.042387955421447,729623.0,1408737777.28,20211018,19.290000000000003,1.2024394406620147,20251015,20251015,1.021182
000001.SZ,1d,2021-10-19,15.925957975444305,16.366728613929187,15.925957975444305,16.275247915375722,682415.0,1330501301.75,20211019,19.570000000000004,1.2024394406620147,20251015,20251015,1.021182
000001.SZ,1d,2021-10-20,16.424943603917754,16.449892885341427,15.959223684009203,16.000805819715325,662956.0,1283356219.4900002,20211020,19.240000000000002,1.2024394406620147,20251015,20251015,1.021182
000001.SZ,1d,2021-10-21,16.233665779669597,16.682752845295703,16.009122246856546,16.63285428244836,1621661.0,3198266215.28,20211021,20.0,1.2024394406620147,20251015,20251015,1.021182
000001.SZ,1d,2021-10-22,16.765917116707946,17.123523483780588,16.466525739623876,16.666119991013254,1134964.0,2287284921.47,20211022,20.04,1.2024394406620147,20251015,20251015,1.021182
000001.SZ,1d,2021-10-25,16.39167789535286,16.799182825272844,16.21703292538715,16.73265140814305,730828.0,1458800089.77,20211025,20.12,1.2024394406620147,20251015,20251015,1.021182
000001.SZ,1d,2021-10-26,16.682752845295703,17.007093503803446,16.516424302471222,16.67443641815448,652807.0,1313475882.79,20211026,20.05,1.2024394406620147,20251015,20251015,1.021182
000001.SZ,1d,2021-10-27,16.63285428244836,16.774233543849167,16.291880769658167,16.566322865318565,687600.0,1365982833.66,20211027,19.919999999999998,1.2024394406620147,20251015,20251015,1.021182
000001.SZ,1d,2021-10-28,16.466525739623876,16.582955719601017,16.108919372551238,16.399994322494084,619011.0,1211946109.14,20211028,19.720000000000002,1.2024394406620147,20251015,20251015,1.021182
000001.SZ,1d,2021-10-29,16.325146478223065,16.416627176776533,16.067337236845116,16.21703292538715,539930.0,1052760273.1700001,20211029,19.5,1.2024394406620147,20251015,20251015,1.021182
000001.SZ,1d,2021-11-01,16.07565366398634,16.40831074963531,15.809527995467167,16.125552226833683,841490.0,1626762029.8,20211101,19.39,1.2024394406620147,20251015,20251015,1.021182
000001.SZ,1d,2021-11-02,16.108919372551238,16.208716498245927,14.9612524270623,15.119264542745562,1997691.0,3691356324.29,20211102,18.180000000000003,1.2024394406620147,20251015,20251015,1.021182
000001.SZ,1d,2021-11-03,15.052733125615767,15.169163105592906,14.844822447085162,14.994518135627198,1114972.0,2009325065.9299998,20211103,18.03,1.2024394406620147,20251015,20251015,1.021182
000001.SZ,1d,2021-11-04,15.036100271333318,15.052733125615767,14.80324031137904,14.86145530136761,983411.0,1760671898.39,20211104,17.87,1.2024394406620147,20251015,20251015,1.021182
000001.SZ,1d,2021-11-05,14.844822447085162,14.969568854203523,14.611962487130883,14.670177477119454,1096040.0,1942415605.07,20211105,17.64,1.2024394406620147,20251015,20251015,1.021182
000001.SZ,1d,2021-11-08,14.653544622837005,14.811556738520263,14.437317517165175,14.48721608001252,1376815.0,2406417771.9100003,20211108,17.419999999999998,1.2024394406620147,20251015,20251015,1.021182
000001.SZ,1d,2021-11-09,14.537114642859866,14.678493904260678,14.354153245752935,14.578696778565988,1240573.0,2163193119.31,20211109,17.53,1.2024394406620147,20251015,20251015,1.021182
000001.SZ,1d,2021-11-10,14.520481788577419,14.528798215718641,14.270988974340693,14.47058322573007,1220851.0,2109735147.17,20211110,17.4,1.2024394406620147,20251015,20251015,1.021182
000001.SZ,1d,2021-11-11,14.429001090023952,15.327175221276162,14.40405180860028,15.26064380414637,2084729.0,3752413858.84,20211111,18.35,1.2024394406620147,20251015,20251015,1.021182
000001.SZ,1d,2021-11-12,15.227378095581471,15.493503764100646,15.06104955275699,15.194112387016576,957546.0,1753072716.42,20211112,18.27,1.2024394406620147,20251015,20251015,1.021182
000001.SZ,1d,2021-11-15,15.260643804146367,15.493503764100646,15.135897397028007,15.327175221276162,655090.0,1203764095.71,20211115,18.43,1.2024394406620147,20251015,20251015,1.021182
000001.SZ,1d,2021-11-16,15.268960231287597,15.418655919829632,15.110948115604335,15.152530251310457,601110.0,1099113409.38,20211116,18.220000000000002,1.2024394406620147,20251015,20251015,1.021182
000001.SZ,1d,2021-11-17,15.094315261321888,15.219061668440249,14.952935999921076,15.06104955275699,664640.0,1203859180.01,20211117,18.11,1.2024394406620147,20251015,20251015,1.021182
000001.SZ,1d,2021-11-18,15.04441669847454,15.069365979898214,14.745025321390472,14.80324031137904,799844.0,1430058311.95,20211118,17.8,1.2024394406620147,20251015,20251015,1.021182
000001.SZ,1d,2021-11-19,14.80324031137904,15.169163105592903,14.720076039966797,15.094315261321885,786372.0,1414506380.3700001,20211119,18.15,1.2024394406620147,20251015,20251015,1.021182
000001.SZ,1d,2021-11-22,14.994518135627198,15.17747953273413,14.886404582791284,15.069365979898214,738618.0,1337768172.45,20211122,18.12,1.2024394406620147,20251015,20251015,1.021182
000001.SZ,1d,2021-11-23,15.06104955275699,15.26064380414637,14.70344318568435,14.869771728508832,1235978.0,2213817590.5600004,20211123,17.88,1.2024394406620147,20251015,20251015,1.021182
000001.SZ,1d,2021-11-24,14.778291029955367,14.927986718497403,14.686810331401901,14.86145530136761,741311.0,1316774397.9600003,20211124,17.87,1.2024394406620147,20251015,20251015,1.021182
000001.SZ,1d,2021-11-25,14.753341748531694,14.794923884237814,14.661861049978228,14.70344318568435,603533.0,1068221304.51,20211125,17.68,1.2024394406620147,20251015,20251015,1.021182
000001.SZ,1d,2021-11-26,14.653544622837005,14.695126758543124,14.570380351424763,14.620278914272106,694500.0,1219937312.76,20211126,17.58,1.2024394406620147,20251015,20251015,1.021182
000001.SZ,1d,2021-11-29,14.478899652871297,14.611962487130883,14.437317517165175,14.562063924283537,512595.0,895105981.97,20211129,17.509999999999998,1.2024394406620147,20251015,20251015,1.021182
000001.SZ,1d,2021-11-30,14.587013205707214,14.70344318568435,14.429001090023952,14.50384893429497,733616.0,1280384552.25,20211130,17.44,1.2024394406620147,20251015,20251015,1.021182
000001.SZ,1d,2021-12-01,14.495532507153746,14.778291029955367,14.445633944306401,14.670177477119454,706925.0,1243666842.2,20211201,17.64,1.2024394406620147,20251015,20251015,1.021182
000001.SZ,1d,2021-12-02,14.653544622837005,14.811556738520267,14.445633944306401,14.628595341413332,994798.0,1749164558.4199998,20211202,17.59,1.2024394406620147,20251015,20251015,1.021182
000001.SZ,1d,2021-12-03,14.670177477119454,14.720076039966797,14.478899652871297,14.678493904260677,707600.0,1242375057.32,20211203,17.65,1.2024394406620147,20251015,20251015,1.021182
000001.SZ,1d,2021-12-06,14.844822447085162,15.43528877411208,14.80324031137904,15.052733125615767,2145625.0,3896385171.79,20211206,18.1,1.2024394406620147,20251015,20251015,1.021182
000001.SZ,1d,2021-12-07,15.219061668440249,15.526769472665546,15.094315261321888,15.352124502699837,1616444.0,2979968976.77,20211207,18.46,1.2024394406620147,20251015,20251015,1.021182
000001.SZ,1d,2021-12-08,15.343808075558611,15.426972346970853,15.102631688463111,15.36044092984106,980281.0,1798691052.86,20211208,18.47,1.2024394406620147,20251015,20251015,1.021182
000001.SZ,1d,2021-12-09,15.37707378412351,15.851110131173288,15.27727665842882,15.551718754089215,1455887.0,2726663443.3,20211209,18.7,1.2024394406620147,20251015,20251015,1.021182
000001.SZ,1d,2021-12-10,15.393706638405956,15.551718754089215,15.194112387016576,15.285593085570042,989255.0,1824076523.0400002,20211210,18.38,1.2024394406620147,20251015,20251015,1.021182
000001.SZ,1d,2021-12-13,15.36044092984106,15.70141444263125,15.119264542745558,15.194112387016576,1314490.0,2427803721.72,20211213,18.27,1.2024394406620147,20251015,20251015,1.021182
000001.SZ,1d,2021-12-14,15.102631688463111,15.110948115604334,14.570380351424763,14.620278914272106,1937209.0,3434156327.9900002,20211214,17.58,1.2024394406620147,20251015,20251015,1.021182
000001.SZ,1d,2021-12-15,14.56206392428354,14.686810331401905,14.470583225730074,14.595329632848436,1294627.0,2269821045.32,20211215,17.55,1.2024394406620147,20251015,20251015,1.021182
000001.SZ,1d,2021-12-16,14.595329632848436,14.745025321390472,14.520481788577419,14.736708894249249,819480.0,1445483375.0399997,20211216,17.720000000000002,1.2024394406620147,20251015,20251015,1.021182
000001.SZ,1d,2021-12-17,14.720076039966797,14.761658175672919,14.611962487130883,14.611962487130883,602370.0,1062875482.9799999,20211217,17.57,1.2024394406620147,20251015,20251015,1.021182
000001.SZ,1d,2021-12-20,14.603646059989659,14.678493904260677,14.512165361436193,14.570380351424763,746435.0,1309029268.8100002,20211220,17.52,1.2024394406620147,20251015,20251015,1.021182
000001.SZ,1d,2021-12-21,14.545431070001092,14.728392467108023,14.537114642859866,14.628595341413332,893734.0,1572895581.5,20211221,17.59,1.2024394406620147,20251015,20251015,1.021182
000001.SZ,1d,2021-12-22,14.653544622837005,14.670177477119454,14.387418954317832,14.46226679858885,976928.0,1701772583.5200002,20211222,17.39,1.2024394406620147,20251015,20251015,1.021182
000001.SZ,1d,2021-12-23,14.470583225730074,14.495532507153746,14.312571110046814,14.40405180860028,1059576.0,1831122716.47,20211223,17.32,1.2024394406620147,20251015,20251015,1.021182
000001.SZ,1d,2021-12-24,14.412368235741505,14.429001090023952,14.312571110046814,14.395735381459057,488251.0,843109664.7700001,20211224,17.310000000000002,1.2024394406620147,20251015,20251015,1.021182
000001.SZ,1d,2021-12-27,14.412368235741505,14.429001090023952,14.270988974340693,14.320887537188037,731119.0,1260455319.19,20211227,17.22,1.2024394406620147,20251015,20251015,1.021182
000001.SZ,1d,2021-12-28,14.320887537188037,14.412368235741502,14.212773984352124,14.279305401481915,1126639.0,1934461075.51,20211228,17.169999999999998,1.2024394406620147,20251015,20251015,1.021182
000001.SZ,1d,2021-12-29,14.270988974340693,14.270988974340693,13.88843332584438,13.930015461550502,1469374.0,2480534592.86,20211229,16.75,1.2024394406620147,20251015,20251015,1.021182
000001.SZ,1d,2021-12-30,13.938331888691723,14.096344004374984,13.905066180126827,13.98823045153907,796664.0,1342374249.46,20211230,16.82,1.2024394406620147,20251015,20251015,1.021182
000001.SZ,1d,2021-12-31,14.021496160103966,14.054761868668862,13.638940511607654,13.705471928737445,1750761.0,2899617148.55,20211231,16.479999999999997,1.2024394406620147,20251015,20251015,1.021182
000001.SZ,1d,2022-01-04,13.705471928737449,13.855167617279484,13.455979114500723,13.855167617279484,1169259.0,1918887050.94,20220104,16.66,1.2024394406620147,20251015,20251015,1.021182
000001.SZ,1d,2022-01-05,13.788636200149691,14.320887537188039,13.763686918726018,14.26267254719947,1961998.0,3344124589.35,20220105,17.150000000000002,1.2024394406620147,20251015,20251015,1.021182
000001.SZ,1d,2022-01-06,14.22940683863457,14.362469672894157,14.137926140081106,14.237723265775797,1107885.0,1896535837.6,20220106,17.12,1.2024394406620147,20251015,20251015,1.021182
000001.SZ,1d,2022-01-07,14.221090411493346,14.37078610003538,14.187824702928449,14.304254682905588,1126631.0,1937710958.28,20220107,17.2,1.2024394406620147,20251015,20251015,1.021182
000001.SZ,1d,2022-01-10,14.37910252717661,14.487216080012523,14.16287542150478,14.295938255764366,909774.0,1563414572.47,20220110,17.19,1.2024394406620147,20251015,20251015,1.021182
000001.SZ,1d,2022-01-11,14.354153245752935,14.58701320570721,14.254356120058244,14.478899652871297,1581999.0,2752485391.2799997,20220111,17.41,1.2024394406620147,20251015,20251015,1.021182
000001.SZ,1d,2022-01-12,14.478899652871297,14.512165361436193,14.054761868668862,14.137926140081106,1502164.0,2561266412.25,20220112,17.0,1.2024394406620147,20251015,20251015,1.021182
000001.SZ,1d,2022-01-13,14.063078295810088,14.337520391470488,13.98823045153907,14.121293285798657,909423.0,1550319158.87,20220113,16.98,1.2024394406620147,20251015,20251015,1.021182
000001.SZ,1d,2022-01-14,14.137926140081106,14.154558994363553,13.555776240195414,13.580725521619087,2103095.0,3459950804.53,20220114,16.330000000000002,1.2024394406620147,20251015,20251015,1.021182
000001.SZ,1d,2022-01-17,13.597358375901536,13.705471928737449,13.406080551653378,13.489244823065622,1143689.0,1855633789.59,20220117,16.220000000000002,1.2024394406620147,20251015,20251015,1.021182
000001.SZ,1d,2022-01-18,13.514194104489292,13.755370491584792,13.439346260218274,13.738737637302345,1152974.0,1891094610.09,20220118,16.52,1.2024394406620147,20251015,20251015,1.021182
000001.SZ,1d,2022-01-19,13.755370491584792,13.880116898703154,13.605674803042758,13.722104783019896,988392.0,1630973587.2,20220119,16.5,1.2024394406620147,20251015,20251015,1.021182
000001.SZ,1d,2022-01-20,13.697155501596226,14.520481788577419,13.655573365890104,14.412368235741505,3031194.0,5195805549.58,20220120,17.330000000000002,1.2024394406620147,20251015,20251015,1.021182
000001.SZ,1d,2022-01-21,14.512165361436193,14.60364605998966,14.312571110046814,14.429001090023952,1481683.0,2575115124.6899996,20220121,17.35,1.2024394406620147,20251015,20251015,1.021182
000001.SZ,1d,2022-01-24,14.420684662882728,14.453950371447624,14.121293285798657,14.304254682905588,874771.0,1501390339.0100002,20220124,17.2,1.2024394406620147,20251015,20251015,1.021182
000001.SZ,1d,2022-01-25,14.204457557210898,14.204457557210898,13.979914024397845,14.01317973296274,1093284.0,1851999025.4199998,20220125,16.849999999999998,1.2024394406620147,20251015,20251015,1.021182
000001.SZ,1d,2022-01-26,14.096344004374984,14.221090411493346,13.755370491584792,13.846851190138258,984975.0,1646384984.37,20220126,16.65,1.2024394406620147,20251015,20251015,1.021182
000001.SZ,1d,2022-01-27,13.722104783019896,13.755370491584792,13.514194104489292,13.555776240195414,1024643.0,1677261296.33,20220127,16.3,1.2024394406620147,20251015,20251015,1.021182
000001.SZ,1d,2022-01-28,13.630624084466431,13.680522647313776,13.156587737416652,13.164904164557877,1675564.0,2695470330.62,20220128,15.83,1.2024394406620147,20251015,20251015,1.021182
000001.SZ,1d,2022-02-07,13.322916280241136,13.647256938748878,13.214802727405223,13.630624084466431,1515476.0,2451798485.84,20220207,16.39,1.2024394406620147,20251015,20251015,1.021182
000001.SZ,1d,2022-02-08,13.555776240195414,14.112976858657435,13.522510531630518,13.996546878680295,1754695.0,2950309012.49,20220208,16.830000000000002,1.2024394406620147,20251015,20251015,1.021182
000001.SZ,1d,2022-02-09,14.071394722951313,14.137926140081106,13.896749752985604,14.021496160103966,1051162.0,1774253636.5000002,20220209,16.86,1.2024394406620147,20251015,20251015,1.021182
000001.SZ,1d,2022-02-10,13.946648315832952,14.16287542150478,13.863484044420709,14.129609712939883,784557.0,1326848947.79,20220210,16.990000000000002,1.2024394406620147,20251015,20251015,1.021182
000001.SZ,1d,2022-02-11,14.16287542150478,14.420684662882728,14.16287542150478,14.221090411493348,1078139.0,1852167493.23,20220211,17.1,1.2024394406620147,20251015,20251015,1.021182
000001.SZ,1d,2022-02-14,14.221090411493348,14.26267254719947,13.730421210161122,13.788636200149691,1150659.0,1917613419.43,20220214,16.580000000000002,1.2024394406620147,20251015,20251015,1.021182
000001.SZ,1d,2022-02-15,13.722104783019896,13.863484044420709,13.389447697370931,13.539143385912965,1208264.0,1968985378.1799998,20220215,16.28,1.2024394406620147,20251015,20251015,1.021182
000001.SZ,1d,2022-02-16,13.597358375901536,13.74705406444357,13.480928395924396,13.647256938748878,782400.0,1282234150.21,20220216,16.41,1.2024394406620147,20251015,20251015,1.021182
000001.SZ,1d,2022-02-17,13.630624084466431,13.763686918726018,13.572409094477862,13.655573365890104,794502.0,1306514349.5900002,20220217,16.42,1.2024394406620147,20251015,20251015,1.021182
000001.SZ,1d,2022-02-18,13.572409094477862,13.946648315832949,13.564092667336636,13.946648315832949,802499.0,1330233365.6799998,20220218,16.77,1.2024394406620147,20251015,20251015,1.021182
000001.SZ,1d,2022-02-21,13.855167617279484,13.863484044420709,13.572409094477862,13.730421210161122,800995.0,1316023718.12,20220221,16.51,1.2024394406620147,20251015,20251015,1.021182
000001.SZ,1d,2022-02-22,13.564092667336636,13.672206220172553,13.439346260218274,13.497561250206845,894957.0,1454156224.87,20220222,16.23,1.2024394406620147,20251015,20251015,1.021182
000001.SZ,1d,2022-02-23,13.555776240195414,13.564092667336636,13.339549134523583,13.464295541641945,886742.0,1431289852.14,20220223,16.189999999999998,1.2024394406620147,20251015,20251015,1.021182
000001.SZ,1d,2022-02-24,13.414396978794601,13.431029833077051,13.139954883134205,13.23143558168767,1324087.0,2112842553.1000001,20220224,15.91,1.2024394406620147,20251015,20251015,1.021182
000001.SZ,1d,2022-02-25,13.297966998817463,13.372814843088483,13.198169873122774,13.223119154546445,726397.0,1157890268.48,20220225,15.9,1.2024394406620147,20251015,20251015,1.021182
000001.SZ,1d,2022-02-28,13.223119154546445,13.239752008828896,12.99025919459217,13.098372747428085,723990.0,1137154094.55,20220228,15.750000000000002,1.2024394406620147,20251015,20251015,1.021182
000001.SZ,1d,2022-03-01,13.13163845599298,13.264701290252567,12.99025919459217,13.239752008828896,935040.0,1474693965.21,20220301,15.920000000000002,1.2024394406620147,20251015,20251015,1.021182
000001.SZ,1d,2022-03-02,13.13163845599298,13.198169873122774,13.023524903157066,13.040157757439513,760761.0,1196321948.91,20220302,15.68,1.2024394406620147,20251015,20251015,1.021182
000001.SZ,1d,2022-03-03,13.081739893145635,13.148271310275428,12.998575621733394,13.065107038863188,578285.0,908171588.15,20220303,15.71,1.2024394406620147,20251015,20251015,1.021182
000001.SZ,1d,2022-03-04,12.99025919459217,12.998575621733394,12.707500671790548,12.749082807496668,990936.0,1523793664.71,20220304,15.330000000000002,1.2024394406620147,20251015,20251015,1.021182
000001.SZ,1d,2022-03-07,12.61601997323708,12.61601997323708,12.191882189034647,12.241780751881993,1113159.0,1655959941.77,20220307,14.72,1.2024394406620147,20251015,20251015,1.021182
000001.SZ,1d,2022-03-08,12.15861648046975,12.358210731859131,11.850908676244456,11.900807239091801,1003033.0,1463145930.4,20220308,14.31,1.2024394406620147,20251015,20251015,1.021182
000001.SZ,1d,2022-03-09,11.975655083362819,12.01723721906894,10.994316680698367,11.509935163454264,1800760.0,2492042993.23,20220309,13.84,1.2024394406620147,20251015,20251015,1.021182
000001.SZ,1d,2022-03-10,11.792693686255886,12.266730033305665,11.71784584198487,12.11703434476363,2249158.0,3269867788.2200003,20220310,14.57,1.2024394406620147,20251015,20251015,1.021182
000001.SZ,1d,2022-03-11,11.975655083362819,12.458007857553822,11.767744404832214,12.391476440424029,1493647.0,2187480610.66,20220311,14.9,1.2024394406620147,20251015,20251015,1.021182
000001.SZ,1d,2022-03-14,12.166932907610976,12.416425721847702,12.01723721906894,12.050502927633836,1118407.0,1637278471.46,20220314,14.49,1.2024394406620147,20251015,20251015,1.021182
000001.SZ,1d,2022-03-15,11.975655083362819,11.975655083362819,11.310340912064884,11.376872329194677,1781409.0,2479769555.05,20220315,13.68,1.2024394406620147,20251015,20251015,1.021182
000001.SZ,1d,2022-03-16,11.526568017736713,11.975655083362819,11.235493067793866,11.900807239091801,1531779.0,2141637065.8400002,20220316,14.31,1.2024394406620147,20251015,20251015,1.021182
000001.SZ,1d,2022-03-17,12.191882189034647,12.233464324740769,11.842592249103232,12.01723721906894,1730061.0,2506504217.46,20220317,14.450000000000001,1.2024394406620147,20251015,20251015,1.021182
000001.SZ,1d,2022-03-18,11.942389374797923,12.349894304717909,11.75942797769099,12.225147897599545,1528807.0,2222158762.02,20220318,14.700000000000001,1.2024394406620147,20251015,20251015,1.021182
000001.SZ,1d,2022-03-21,12.05881935477506,12.324945023294234,11.967338656221594,12.133667199046078,1208868.0,1765673892.12,20220321,14.59,1.2024394406620147,20251015,20251015,1.021182
000001.SZ,1d,2022-03-22,12.133667199046078,12.657602108943202,12.05881935477506,12.624336400378304,1628657.0,2443174055.8500004,20220322,15.18,1.2024394406620147,20251015,20251015,1.021182
000001.SZ,1d,2022-03-23,12.566121410389737,12.632652827519529,12.391476440424029,12.474640711836269,1050102.0,1577561341.66,20220323,15.0,1.2024394406620147,20251015,20251015,1.021182
000001.SZ,1d,2022-03-24,12.408109294706476,12.73244995321422,12.316628596153011,12.640969254660755,1002360.0,1518870080.3100002,20220324,15.200000000000001,1.2024394406620147,20251015,20251015,1.021182
000001.SZ,1d,2022-03-25,12.599387118954633,12.682551390366873,12.324945023294234,12.458007857553822,742933.0,1116354595.1599998,20220325,14.98,1.2024394406620147,20251015,20251015,1.021182
000001.SZ,1d,2022-03-28,12.308312169011787,12.516222847542391,12.166932907610976,12.349894304717909,727137.0,1078327302.93,20220328,14.850000000000001,1.2024394406620147,20251015,20251015,1.021182
000001.SZ,1d,2022-03-29,12.374843586141578,12.433058576130149,12.141983626187303,12.208515043317096,615643.0,909169631.2400001,20220329,14.68,1.2024394406620147,20251015,20251015,1.021182
000001.SZ,1d,2022-03-30,12.358210731859131,12.699184244649322,12.27504646044689,12.649285681801977,1236792.0,1859617040.6399999,20220330,15.209999999999999,1.2024394406620147,20251015,20251015,1.021182
000001.SZ,1d,2022-03-31,12.557804983248511,12.948677058886048,12.524539274683615,12.790664943202788,1163747.0,1789209946.79,20220331,15.38,1.2024394406620147,20251015,20251015,1.021182
000001.SZ,1d,2022-04-01,12.782348516061566,13.13163845599298,12.640969254660755,13.098372747428085,1484879.0,2319616863.0200005,20220401,15.750000000000002,1.2024394406620147,20251015,20251015,1.021182
000001.SZ,1d,2022-04-06,13.006892048874617,13.755370491584792,12.998575621733394,13.630624084466431,2488540.0,4064051491.84,20220406,16.39,1.2024394406620147,20251015,20251015,1.021182
000001.SZ,1d,2022-04-07,13.622307657325205,13.855167617279484,13.47261196878317,13.539143385912963,1659065.0,2724002904.78,20220407,16.279999999999998,1.2024394406620147,20251015,20251015,1.021182
000001.SZ,1d,2022-04-08,13.522510531630514,13.680522647313776,13.414396978794601,13.638940511607654,1066779.0,1741072072.4800003,20220408,16.4,1.2024394406620147,20251015,20251015,1.021182
000001.SZ,1d,2022-04-11,13.597358375901536,13.638940511607656,13.139954883134205,13.34786556166481,1416735.0,2277469055.78,20220411,16.05,1.2024394406620147,20251015,20251015,1.021182
000001.SZ,1d,2022-04-12,13.34786556166481,13.522510531630518,13.023524903157066,13.239752008828894,1039261.0,1654820082.5300002,20220412,15.92,1.2024394406620147,20251015,20251015,1.021182
000001.SZ,1d,2022-04-13,13.214802727405223,13.372814843088483,13.07342346600441,13.139954883134205,890628.0,1415496125.98,20220413,15.8,1.2024394406620147,20251015,20251015,1.021182
000001.SZ,1d,2022-04-14,13.306283425958688,13.514194104489292,13.239752008828894,13.339549134523583,929615.0,1493343952.1499999,20220414,16.04,1.2024394406620147,20251015,20251015,1.021182
000001.SZ,1d,2022-04-15,13.223119154546445,13.74705406444357,13.18985344598155,13.655573365890104,1231761.0,2014010094.33,20220415,16.42,1.2024394406620147,20251015,20251015,1.021182
000001.SZ,1d,2022-04-18,13.431029833077051,13.47261196878317,13.148271310275428,13.223119154546445,1086888.0,1734236523.8500001,20220418,15.9,1.2024394406620147,20251015,20251015,1.021182
000001.SZ,1d,2022-04-19,13.223119154546445,13.281334144535016,12.99025919459217,13.148271310275428,821772.0,1294226951.21,20220419,15.81,1.2024394406620147,20251015,20251015,1.021182
000001.SZ,1d,2022-04-20,13.148271310275428,13.34786556166481,13.056790611721963,13.181537018840325,716555.0,1137697846.98,20220420,15.850000000000001,1.2024394406620147,20251015,20251015,1.021182
000001.SZ,1d,2022-04-21,13.115005601710532,13.289650571676239,13.056790611721963,13.148271310275428,709891.0,1124663651.04,20220421,15.81,1.2024394406620147,20251015,20251015,1.021182
000001.SZ,1d,2022-04-22,13.006892048874617,13.464295541641947,12.807297797485237,13.356181988806032,921274.0,1468452957.95,20220422,16.06,1.2024394406620147,20251015,20251015,1.021182
000001.SZ,1d,2022-04-25,13.031841330298292,13.231435581687672,12.291679314729338,12.349894304717909,1664481.0,2527610217.4300003,20220425,14.850000000000001,1.2024394406620147,20251015,20251015,1.021182
000001.SZ,1d,2022-04-26,12.37484358614158,12.458007857553822,12.01723721906894,12.250097179023218,988210.0,1456929632.19,20220426,14.73,1.2024394406620147,20251015,20251015,1.021182
000001.SZ,1d,2022-04-27,12.458007857553822,13.015208476015841,12.441375003271373,13.015208476015841,1490295.0,2296798759.0,20220427,15.65,1.2024394406620147,20251015,20251015,1.021182
000001.SZ,1d,2022-04-28,12.948677058886048,13.248068435970119,12.782348516061566,13.015208476015841,911772.0,1426381925.81,20220428,15.65,1.2024394406620147,20251015,20251015,1.021182
000001.SZ,1d,2022-04-29,13.048474184580739,13.090056320286859,12.449691430412598,12.740766380355444,1645013.0,2503476827.84,20220429,15.32,1.2024394406620147,20251015,20251015,1.021182
000001.SZ,1d,2022-05-05,12.640969254660755,12.848879933191359,12.599387118954633,12.740766380355444,790196.0,1208735141.83,20220505,15.32,1.2024394406620147,20251015,20251015,1.021182
000001.SZ,1d,2022-05-06,12.491273566118718,12.640969254660753,12.399792867565251,12.441375003271373,832432.0,1250995594.77,20220506,14.96,1.2024394406620147,20251015,20251015,1.021182
000001.SZ,1d,2022-05-09,12.424742148988926,12.424742148988926,12.025553646210165,12.100401490481183,818621.0,1197104247.0600002,20220509,14.55,1.2024394406620147,20251015,20251015,1.021182
000001.SZ,1d,2022-05-10,12.05881935477506,12.141983626187303,11.734478696267317,12.133667199046078,992285.0,1425836927.23,20220510,14.59,1.2024394406620147,20251015,20251015,1.021182
000001.SZ,1d,2022-05-11,12.092085063339956,12.341577877576682,12.008920791927714,12.166932907610974,848574.0,1240700426.07,20220511,14.629999999999999,1.2024394406620147,20251015,20251015,1.021182
000001.SZ,1d,2022-05-12,12.042186500492612,12.108717917622407,11.91744009337425,11.959022229080372,685064.0,987061607.22,20220512,14.38,1.2024394406620147,20251015,20251015,1.021182
000001.SZ,1d,2022-05-13,12.05881935477506,12.191882189034647,12.050502927633836,12.150300053328525,676312.0,985962932.0899999,20220513,14.61,1.2024394406620147,20251015,20251015,1.021182
000001.SZ,1d,2022-05-16,12.191882189034647,12.250097179023218,11.934072947656697,11.983971510504043,668228.0,965652298.06,20220516,14.41,1.2024394406620147,20251015,20251015,1.021182
000001.SZ,1d,2022-05-17,12.067135781916285,12.241780751881993,11.909123666233025,12.233464324740769,931406.0,1357428406.7499998,20220517,14.71,1.2024394406620147,20251015,20251015,1.021182
000001.SZ,1d,2022-05-18,12.349894304717907,12.383160013282804,12.200198616175872,12.266730033305665,778578.0,1150500437.95,20220518,14.75,1.2024394406620147,20251015,20251015,1.021182
000001.SZ,1d,2022-05-19,12.100401490481183,12.225147897599543,12.05881935477506,12.15861648046975,590922.0,863214130.52,20220519,14.62,1.2024394406620147,20251015,20251015,1.021182
000001.SZ,1d,2022-05-20,12.225147897599543,12.507906420401165,12.200198616175872,12.491273566118718,948598.0,1415164711.31,20220520,15.02,1.2024394406620147,20251015,20251015,1.021182
000001.SZ,1d,2022-05-23,12.53285570182484,12.53285570182484,12.27504646044689,12.333261450435458,647726.0,962683728.68,20220523,14.83,1.2024394406620147,20251015,20251015,1.021182
000001.SZ,1d,2022-05-24,12.366527159000356,12.366527159000356,11.975655083362819,11.975655083362819,933557.0,1358693535.33,20220524,14.4,1.2024394406620147,20251015,20251015,1.021182
000001.SZ,1d,2022-05-25,12.000604364786492,12.050502927633836,11.892490811950578,11.967338656221594,603228.0,866228924.0199999,20220525,14.39,1.2024394406620147,20251015,20251015,1.021182
000001.SZ,1d,2022-05-26,11.983971510504043,12.000604364786492,11.701212987702421,11.80101011339711,1011318.0,1435689342.0400002,20220526,14.19,1.2024394406620147,20251015,20251015,1.021182
000001.SZ,1d,2022-05-27,11.884174384809352,11.934072947656697,11.734478696267317,11.792693686255886,723067.0,1029702185.9300001,20220527,14.18,1.2024394406620147,20251015,20251015,1.021182
000001.SZ,1d,2022-05-30,11.85922510338568,11.87585795766813,11.67626370627875,11.709529414843646,896901.0,1265573047.59,20220530,14.08,1.2024394406620147,20251015,20251015,1.021182
000001.SZ,1d,2022-05-31,11.701212987702421,11.792693686255886,11.642997997713852,11.776060831973439,938869.0,1325012047.99,20220531,14.16,1.2024394406620147,20251015,20251015,1.021182
000001.SZ,1d,2022-06-01,11.75942797769099,11.75942797769099,11.642997997713852,11.709529414843646,845299.0,1187423732.04,20220601,14.08,1.2024394406620147,20251015,20251015,1.021182
000001.SZ,1d,2022-06-02,11.659630851996301,11.667947279137525,11.543200872019161,11.601415862007732,979268.0,1363740797.79,20220602,13.950000000000001,1.2024394406620147,20251015,20251015,1.021182
000001.SZ,1d,2022-06-06,11.568150153442835,11.784377259114663,11.343606620629782,11.784377259114663,1710852.0,2370807610.48,20220606,14.17,1.2024394406620147,20251015,20251015,1.021182
000001.SZ,1d,2022-06-07,11.6596308519963,11.850908676244456,11.634681570572628,11.776060831973439,1315113.0,1860366715.71,20220607,14.16,1.2024394406620147,20251015,20251015,1.021182
000001.SZ,1d,2022-06-08,11.776060831973439,11.784377259114663,11.651314424855075,11.776060831973439,1145521.0,1613524957.8200002,20220608,14.16,1.2024394406620147,20251015,20251015,1.021182
000001.SZ,1d,2022-06-09,11.759427977690988,12.025553646210163,11.726162269126092,11.934072947656697,1632901.0,2339986707.88,20220609,14.35,1.2024394406620147,20251015,20251015,1.021182
000001.SZ,1d,2022-06-10,11.85922510338568,11.91744009337425,11.751111550549767,11.909123666233025,1346012.0,1914639698.1100001,20220610,14.32,1.2024394406620147,20251015,20251015,1.021182
000001.SZ,1d,2022-06-13,11.792693686255888,11.801010113397112,11.543200872019161,11.568150153442835,1547753.0,2163340108.91,20220613,13.91,1.2024394406620147,20251015,20251015,1.021182
000001.SZ,1d,2022-06-14,11.40182161061835,11.751111550549767,11.40182161061835,11.742795123408543,1151429.0,1602169897.9900002,20220614,14.120000000000001,1.2024394406620147,20251015,20251015,1.021182
000001.SZ,1d,2022-06-15,11.726162269126092,12.566121410389737,11.692896560561197,12.25841360616444,3413544.0,5010292726.77,20220615,14.74,1.2024394406620147,20251015,20251015,1.021182
000001.SZ,1d,2022-06-16,12.25841360616444,12.333261450435458,11.992287937645267,12.008920791927714,1332546.0,1939976254.7700002,20220616,14.44,1.2024394406620147,20251015,20251015,1.021182
000001.SZ,1d,2022-06-17,11.909123666233025,12.083768636198734,11.809326540538336,12.01723721906894,1053788.0,1513925913.67,20220617,14.450000000000001,1.2024394406620147,20251015,20251015,1.021182
000001.SZ,1d,2022-06-20,12.008920791927714,12.008920791927714,11.85922510338568,11.925756520515474,1032167.0,1479529786.97,20220620,14.34,1.2024394406620147,20251015,20251015,1.021182
000001.SZ,1d,2022-06-21,11.925756520515474,12.166932907610976,11.834275821962008,11.950705801939147,1321794.0,1905346056.7,20220621,14.370000000000001,1.2024394406620147,20251015,20251015,1.021182
000001.SZ,1d,2022-06-22,11.942389374797921,11.942389374797921,11.709529414843646,11.709529414843646,1056046.0,1498415783.73,20220622,14.08,1.2024394406620147,20251015,20251015,1.021182
000001.SZ,1d,2022-06-23,11.71784584198487,11.834275821962008,11.692896560561197,11.809326540538336,806028.0,1140899091.6399999,20220623,14.200000000000001,1.2024394406620147,20251015,20251015,1.021182
000001.SZ,1d,2022-06-24,11.809326540538335,11.850908676244456,11.734478696267317,11.834275821962006,866041.0,1227798687.09,20220624,14.229999999999999,1.2024394406620147,20251015,20251015,1.021182
000001.SZ,1d,2022-06-27,11.842592249103232,12.108717917622407,11.825959394820783,12.050502927633836,1497278.0,2166380438.04,20220627,14.49,1.2024394406620147,20251015,20251015,1.021182
000001.SZ,1d,2022-06-28,12.03387007335139,12.200198616175872,11.983971510504043,12.166932907610976,1125110.0,1638673242.41,20220628,14.63,1.2024394406620147,20251015,20251015,1.021182
000001.SZ,1d,2022-06-29,12.183565761893423,12.391476440424029,12.100401490481183,12.1752493347522,1266547.0,1865064678.4800003,20220629,14.64,1.2024394406620147,20251015,20251015,1.021182
000001.SZ,1d,2022-06-30,12.166932907610976,12.49127356611872,12.100401490481183,12.458007857553822,1548745.0,2304888691.73,20220630,14.98,1.2024394406620147,20251015,20251015,1.021182
000001.SZ,1d,2022-07-01,12.474640711836269,12.53285570182484,12.341577877576682,12.408109294706476,779243.0,1164030775.95,20220701,14.92,1.2024394406620147,20251015,20251015,1.021182
000001.SZ,1d,2022-07-04,12.433058576130149,12.458007857553822,12.266730033305665,12.424742148988924,834968.0,1241453402.1100001,20220704,14.94,1.2024394406620147,20251015,20251015,1.021182
000001.SZ,1d,2022-07-05,12.466324284695046,12.699184244649322,12.324945023294234,12.399792867565251,1115172.0,1674719025.12,20220705,14.91,1.2024394406620147,20251015,20251015,1.021182
000001.SZ,1d,2022-07-06,12.333261450435458,12.416425721847702,12.025553646210165,12.083768636198734,1043335.0,1520022514.77,20220706,14.530000000000001,1.2024394406620147,20251015,20251015,1.021182
000001.SZ,1d,2022-07-07,12.092085063339958,12.183565761893423,11.959022229080372,11.992287937645267,730161.0,1057696546.69,20220707,14.42,1.2024394406620147,20251015,20251015,1.021182
000001.SZ,1d,2022-07-08,12.058819354775062,12.183565761893423,11.950705801939147,12.092085063339958,639698.0,928850348.74,20220708,14.540000000000001,1.2024394406620147,20251015,20251015,1.021182
000001.SZ,1d,2022-07-11,12.05881935477506,12.11703434476363,11.942389374797921,12.025553646210163,611692.0,883613754.0500001,20220711,14.459999999999999,1.2024394406620147,20251015,20251015,1.021182
000001.SZ,1d,2022-07-12,11.983971510504043,12.250097179023218,11.959022229080372,11.992287937645267,742882.0,1078431989.61,20220712,14.42,1.2024394406620147,20251015,20251015,1.021182
000001.SZ,1d,2022-07-13,11.992287937645267,12.03387007335139,11.551517299160386,11.618048716290179,2175996.0,3056913117.8399997,20220713,13.97,1.2024394406620147,20251015,20251015,1.021182
000001.SZ,1d,2022-07-14,11.393505183477128,11.40182161061835,11.052531670686935,11.119063087816729,2632121.0,3534578702.13,20220714,13.370000000000001,1.2024394406620147,20251015,20251015,1.021182
000001.SZ,1d,2022-07-15,11.210543786370195,11.277075203499988,10.994316680698367,11.010949534980814,1598637.0,2139915274.0300002,20220715,13.24,1.2024394406620147,20251015,20251015,1.021182
000001.SZ,1d,2022-07-18,11.019265962122038,11.1772780778053,10.986000253557142,11.135695942099177,1153506.0,1536340973.1999998,20220718,13.39,1.2024394406620147,20251015,20251015,1.021182
000001.SZ,1d,2022-07-19,11.094113806393057,11.168961650664075,11.044215243545711,11.16064522352285,755597.0,1008562417.24,20220719,13.420000000000002,1.2024394406620147,20251015,20251015,1.021182
000001.SZ,1d,2022-07-20,11.168961650664073,11.202227359228969,11.10243023353428,11.135695942099176,801459.0,1073936299.76,20220720,13.389999999999999,1.2024394406620147,20251015,20251015,1.021182
000001.SZ,1d,2022-07-21,11.077480952110607,11.094113806393056,10.80303885645021,10.819671710732658,1970388.0,2588696130.23,20220721,13.01,1.2024394406620147,20251015,20251015,1.021182
000001.SZ,1d,2022-07-22,10.870459000250023,10.946653806326543,10.684205029840754,10.845060731557849,1376510.0,1755555714.49,20220722,12.81,1.1811828736674945,20251015,20251015,1.021182
000001.SZ,1d,2022-07-25,10.836594641993791,10.878925089814079,10.726535477661042,10.853526821121907,763956.0,976071707.3000001,20220725,12.82,1.1811828736674945,20251015,20251015,1.021182
000001.SZ,1d,2022-07-26,10.794264194173502,10.929721627198425,10.760399835917273,10.929721627198425,1024049.0,1314310442.31,20220726,12.91,1.1811828736674945,20251015,20251015,1.021182
000001.SZ,1d,2022-07-27,10.878925089814079,10.904323358506254,10.777332015045388,10.828128552429735,923914.0,1182889760.7399998,20220727,12.790000000000001,1.1811828736674945,20251015,20251015,1.021182
000001.SZ,1d,2022-07-28,10.845060731557849,10.929721627198427,10.819662462865677,10.904323358506254,750347.0,964903657.6600001,20220728,12.88,1.1811828736674945,20251015,20251015,1.021182
000001.SZ,1d,2022-07-29,10.904323358506254,10.921255537634368,10.709603298532928,10.7350015672251,831497.0,1059518584.7199999,20220729,12.68,1.1811828736674945,20251015,20251015,1.021182
000001.SZ,1d,2022-08-01,10.718069388096984,10.718069388096984,10.497951059431486,10.5148832385596,1025733.0,1277987010.0,20220801,12.42,1.1811828736674945,20251015,20251015,1.021182
000001.SZ,1d,2022-08-02,10.345561447278447,10.44715452204714,10.108510939484834,10.379425805534678,1373009.0,1664397666.12,20220802,12.26,1.1811828736674945,20251015,20251015,1.021182
000001.SZ,1d,2022-08-03,10.320163178586274,10.387891895098736,10.167773566433237,10.184705745561352,746137.0,905653324.71,20220803,12.03,1.1811828736674945,20251015,20251015,1.021182
000001.SZ,1d,2022-08-04,10.243968372509755,10.30323099945816,10.176239655997295,10.294764909894102,602676.0,729351710.0200001,20220804,12.16,1.1811828736674945,20251015,20251015,1.021182
000001.SZ,1d,2022-08-05,10.269366641201929,10.438688432483081,10.142375297741065,10.421756253354967,765298.0,930836354.1000001,20220805,12.31,1.1811828736674945,20251015,20251015,1.021182
000001.SZ,1d,2022-08-08,10.37095971597062,10.464086701175255,10.294764909894102,10.328629268150332,552000.0,674950920.8,20220808,12.2,1.1811828736674945,20251015,20251015,1.021182
000001.SZ,1d,2022-08-09,10.337095357714391,10.345561447278449,10.227036193381641,10.26090055163787,558448.0,677098632.5500001,20220809,12.12,1.1811828736674945,20251015,20251015,1.021182
000001.SZ,1d,2022-08-10,10.26090055163787,10.362493626406563,10.176239655997295,10.210104014253524,683023.0,825806007.7700001,20220810,12.059999999999999,1.1811828736674945,20251015,20251015,1.021182
000001.SZ,1d,2022-08-11,10.227036193381641,10.489484969867428,10.19317183512541,10.455620611611199,1399304.0,1710719478.1100001,20220811,12.350000000000001,1.1811828736674945,20251015,20251015,1.021182
000001.SZ,1d,2022-08-12,10.37942580553468,10.506417148995544,10.328629268150333,10.48101888030337,820504.0,1010612433.4000001,20220812,12.38,1.1811828736674945,20251015,20251015,1.021182
000001.SZ,1d,2022-08-15,10.40482407422685,10.464086701175255,10.235502282945697,10.252434462073813,1172010.0,1425087455.23,20220815,12.11,1.1811828736674945,20251015,20251015,1.021182
000001.SZ,1d,2022-08-16,10.252434462073813,10.328629268150332,10.243968372509755,10.269366641201929,631224.0,765907218.72,20220816,12.129999999999999,1.1811828736674945,20251015,20251015,1.021182
000001.SZ,1d,2022-08-17,10.286298820330044,10.5148832385596,10.218570103817584,10.497951059431486,1348507.0,1656961619.3600001,20220817,12.4,1.1811828736674945,20251015,20251015,1.021182
000001.SZ,1d,2022-08-18,10.565679775943947,10.616476313328294,10.294764909894102,10.37095971597062,1269701.0,1560630567.7,20220818,12.25,1.1811828736674945,20251015,20251015,1.021182
000001.SZ,1d,2022-08-19,10.387891895098736,10.794264194173502,10.354027536842505,10.641874582020465,2106417.0,2653471090.1000004,20220819,12.57,1.1811828736674945,20251015,20251015,1.021182
000001.SZ,1d,2022-08-22,10.650340671584523,10.7350015672251,10.506417148995544,10.582611955072062,1138077.0,1423361878.69,20220822,12.5,1.1811828736674945,20251015,20251015,1.021182
000001.SZ,1d,2022-08-23,10.540281507251775,10.574145865508006,10.396357984662794,10.447154522047141,921463.0,1137300431.45,20220823,12.340000000000002,1.1811828736674945,20251015,20251015,1.021182
000001.SZ,1d,2022-08-24,10.438688432483081,10.616476313328294,10.438688432483081,10.497951059431486,1295375.0,1613309589.13,20220824,12.4,1.1811828736674945,20251015,20251015,1.021182
000001.SZ,1d,2022-08-25,10.497951059431486,10.718069388096984,10.41329016379091,10.684205029840754,1064011.0,1329230362.3200002,20220825,12.620000000000001,1.1811828736674945,20251015,20251015,1.021182
000001.SZ,1d,2022-08-26,10.735001567225101,10.794264194173502,10.548747596815831,10.675738940276696,927634.0,1168951099.46,20220826,12.610000000000001,1.1811828736674945,20251015,20251015,1.021182
000001.SZ,1d,2022-08-29,10.582611955072062,10.633408492456407,10.421756253354967,10.5148832385596,924491.0,1145189174.15,20220829,12.42,1.1811828736674945,20251015,20251015,1.021182
000001.SZ,1d,2022-08-30,10.52334932812366,10.616476313328294,10.396357984662794,10.565679775943947,799712.0,991447627.25,20220830,12.48,1.1811828736674945,20251015,20251015,1.021182
000001.SZ,1d,2022-08-31,10.481018880303369,10.819662462865676,10.464086701175255,10.794264194173502,1653042.0,2091408314.7800002,20220831,12.75,1.1811828736674945,20251015,20251015,1.021182
000001.SZ,1d,2022-09-01,10.709603298532928,10.828128552429735,10.650340671584523,10.675738940276695,861982.0,1092666276.97,20220901,12.61,1.1811828736674945,20251015,20251015,1.021182
000001.SZ,1d,2022-09-02,10.684205029840752,10.743467656789157,10.523349328123658,10.59107804463612,786363.0,983433862.85,20220902,12.51,1.1811828736674945,20251015,20251015,1.021182
000001.SZ,1d,2022-09-05,10.548747596815831,10.667272850712639,10.472552790739313,10.641874582020465,632040.0,788451088.8000001,20220905,12.57,1.1811828736674945,20251015,20251015,1.021182
000001.SZ,1d,2022-09-06,10.650340671584523,10.718069388096984,10.523349328123658,10.582611955072062,731295.0,914692183.62,20220906,12.5,1.1811828736674945,20251015,20251015,1.021182
000001.SZ,1d,2022-09-07,10.514883238559602,10.514883238559602,10.396357984662794,10.438688432483083,979813.0,1208329758.8600001,20220907,12.330000000000002,1.1811828736674945,20251015,20251015,1.021182
000001.SZ,1d,2022-09-08,10.430222342919024,10.531815417687717,10.41329016379091,10.464086701175257,621117.0,768913483.55,20220908,12.360000000000001,1.1811828736674945,20251015,20251015,1.021182
000001.SZ,1d,2022-09-09,10.497951059431484,10.785798104609446,10.464086701175255,10.768865925481329,1951297.0,2469131334.35,20220909,12.719999999999999,1.1811828736674945,20251015,20251015,1.021182
000001.SZ,1d,2022-09-13,10.904323358506254,11.02284861240306,10.718069388096984,10.963585985454655,1722690.0,2223707380.1400003,20220913,12.95,1.1811828736674945,20251015,20251015,1.021182
000001.SZ,1d,2022-09-14,10.794264194173504,10.895857268942196,10.751933746353215,10.777332015045388,858036.0,1095054828.69,20220914,12.73,1.1811828736674945,20251015,20251015,1.021182
000001.SZ,1d,2022-09-15,10.83659464199379,11.09057732891552,10.811196373301618,11.005916433274944,1841018.0,2393239453.41,20220915,13.0,1.1811828736674945,20251015,20251015,1.021182
000001.SZ,1d,2022-09-16,10.938187716762483,10.963585985454657,10.633408492456407,10.633408492456407,1357448.0,1719252822.13,20220916,12.56,1.1811828736674945,20251015,20251015,1.021182
000001.SZ,1d,2022-09-19,10.616476313328294,10.726535477661042,10.565679775943947,10.641874582020465,632121.0,793491306.11,20220919,12.57,1.1811828736674945,20251015,20251015,1.021182
000001.SZ,1d,2022-09-20,10.675738940276695,10.692671119404812,10.430222342919024,10.44715452204714,889989.0,1102212203.6399999,20220920,12.34,1.1811828736674945,20251015,20251015,1.021182
000001.SZ,1d,2022-09-21,10.421756253354967,10.565679775943947,10.328629268150333,10.52334932812366,684197.0,845477181.51,20220921,12.430000000000001,1.1811828736674945,20251015,20251015,1.021182
000001.SZ,1d,2022-09-22,10.438688432483081,10.464086701175255,10.37095971597062,10.40482407422685,586133.0,720058210.3199999,20220922,12.29,1.1811828736674945,20251015,20251015,1.021182
000001.SZ,1d,2022-09-23,10.362493626406563,10.523349328123658,10.354027536842505,10.404824074226852,586441.0,722703127.6800001,20220923,12.290000000000001,1.1811828736674945,20251015,20251015,1.021182
000001.SZ,1d,2022-09-26,10.294764909894102,10.396357984662792,10.150841387305121,10.159307476869179,903729.0,1094060839.05,20220926,12.0,1.1811828736674945,20251015,20251015,1.021182
000001.SZ,1d,2022-09-27,10.159307476869179,10.294764909894102,9.998451775152084,10.286298820330044,789622.0,946732993.84,20220927,12.15,1.1811828736674945,20251015,20251015,1.021182
000001.SZ,1d,2022-09-28,10.235502282945697,10.37095971597062,10.091578760356718,10.252434462073813,780926.0,946211766.9,20220928,12.11,1.1811828736674945,20251015,20251015,1.021182
000001.SZ,1d,2022-09-29,10.37095971597062,10.396357984662794,10.006917864716142,10.040782222972371,917718.0,1100405198.17,20220929,11.86,1.1811828736674945,20251015,20251015,1.021182
000001.SZ,1d,2022-09-30,10.04924831253643,10.12544311861295,10.0153839542802,10.023850043844257,537230.0,638906947.7700001,20220930,11.84,1.1811828736674945,20251015,20251015,1.021182
000001.SZ,1d,2022-10-10,9.90532478994745,9.964587416895855,9.702138640410068,9.710604729974124,966080.0,1119089730.68,20221010,11.47,1.1811828736674945,20251015,20251015,1.021182
000001.SZ,1d,2022-10-11,9.769867356922529,9.803731715178758,9.659808192589779,9.719070819538182,415253.0,476749226.5,20221011,11.48,1.1811828736674945,20251015,20251015,1.021182
000001.SZ,1d,2022-10-12,9.693672550846008,9.837596073434987,9.609011655205432,9.820663894306874,559572.0,641776508.91,20221012,11.6,1.1811828736674945,20251015,20251015,1.021182
000001.SZ,1d,2022-10-13,9.744469088230355,9.769867356922529,9.575147296949202,9.600545565641374,852616.0,970021739.4,20221013,11.34,1.1811828736674945,20251015,20251015,1.021182
000001.SZ,1d,2022-10-14,9.69367255084601,9.846062162999047,9.651342103025721,9.76140126735847,1096062.0,1265486550.33,20221014,11.530000000000001,1.1811828736674945,20251015,20251015,1.021182
000001.SZ,1d,2022-10-17,9.668274282153835,9.752935177794411,9.600545565641374,9.719070819538182,1024823.0,1171523550.16,20221017,11.48,1.1811828736674945,20251015,20251015,1.021182
000001.SZ,1d,2022-10-18,9.778333446486586,9.854528252563105,9.702138640410068,9.719070819538182,946837.0,1091646643.7200003,20221018,11.48,1.1811828736674945,20251015,20251015,1.021182
000001.SZ,1d,2022-10-19,9.668274282153835,9.72753690910224,9.549749028257027,9.558215117821085,923990.0,1049700767.19,20221019,11.29,1.1811828736674945,20251015,20251015,1.021182
000001.SZ,1d,2022-10-20,9.50741858043674,9.575147296949202,9.448155953488337,9.482020311744566,781923.0,876967150.6100001,20221020,11.2,1.1811828736674945,20251015,20251015,1.021182
000001.SZ,1d,2022-10-21,9.490486401308626,9.524350759564856,9.371961147411819,9.388893326539932,785574.0,876648490.6099999,20221021,11.09,1.1811828736674945,20251015,20251015,1.021182
000001.SZ,1d,2022-10-24,9.388893326539932,9.39735941610399,8.982521027465166,8.990987117029222,1383391.0,1496043940.1299999,20221024,10.62,1.1811828736674945,20251015,20251015,1.021182
000001.SZ,1d,2022-10-25,9.058715833541685,9.151842818746319,8.974054937901109,9.016385385721398,1316979.0,1406437766.06,20221025,10.65,1.1811828736674945,20251015,20251015,1.021182
000001.SZ,1d,2022-10-26,9.007919296157338,9.084114102233857,8.982521027465166,9.024851475285454,1143830.0,1220733277.8500001,20221026,10.66,1.1811828736674945,20251015,20251015,1.021182
000001.SZ,1d,2022-10-27,9.058715833541685,9.117978460490088,9.024851475285454,9.04178365441357,957383.0,1024868047.2099999,20221027,10.68,1.1811828736674945,20251015,20251015,1.021182
000001.SZ,1d,2022-10-28,8.999453206593282,9.058715833541685,8.813199236184014,8.821665325748071,1057947.0,1114999302.1100001,20221028,10.42,1.1811828736674945,20251015,20251015,1.021182
000001.SZ,1d,2022-10-31,8.745470519671551,8.847063594440245,8.652343534466919,8.753936609235609,983096.0,1016230012.22,20221031,10.34,1.1811828736674945,20251015,20251015,1.021182
000001.SZ,1d,2022-11-01,8.787800967491838,9.04178365441357,8.770868788363725,9.033317564849511,1381234.0,1459758367.3200002,20221101,10.67,1.1811828736674945,20251015,20251015,1.021182
000001.SZ,1d,2022-11-02,8.982521027465166,9.04178365441357,8.872461863132417,8.999453206593282,1302988.0,1377816220.13,20221102,10.63,1.1811828736674945,20251015,20251015,1.021182
000001.SZ,1d,2022-11-03,8.923258400516763,8.948656669208935,8.78780096749184,8.838597504876187,983536.0,1028904286.0400001,20221103,10.440000000000001,1.1811828736674945,20251015,20251015,1.021182
000001.SZ,1d,2022-11-04,8.804733146619956,9.18570717700255,8.796267057055898,9.160308908310377,1776112.0,1903720943.5199997,20221104,10.82,1.1811828736674945,20251015,20251015,1.021182
000001.SZ,1d,2022-11-07,9.151842818746319,9.236503714386895,9.084114102233858,9.211105445694724,988082.0,1070554832.9,20221107,10.88,1.1811828736674945,20251015,20251015,1.021182
000001.SZ,1d,2022-11-08,9.21957153525878,9.244969803950953,9.126444550054146,9.18570717700255,583222.0,632835804.82,20221108,10.85,1.1811828736674945,20251015,20251015,1.021182
000001.SZ,1d,2022-11-09,9.177241087438492,9.380427236975876,9.160308908310377,9.219571535258781,832107.0,911153622.45,20221109,10.89,1.1811828736674945,20251015,20251015,1.021182
000001.SZ,1d,2022-11-10,9.134910639618203,9.228037624822838,9.050249743977627,9.202639356130664,552021.0,596916589.27,20221110,10.87,1.1811828736674945,20251015,20251015,1.021182
000001.SZ,1d,2022-11-11,9.422757684796164,9.871460431691219,9.321164610027472,9.676740371717893,2545071.0,2878557391.61,20221111,11.43,1.1811828736674945,20251015,20251015,1.021182
000001.SZ,1d,2022-11-14,9.90532478994745,10.396357984662794,9.90532478994745,10.116977029048892,3872084.0,4637823413.97,20221114,11.950000000000001,1.1811828736674945,20251015,20251015,1.021182
000001.SZ,1d,2022-11-15,10.040782222972371,10.311697089022216,10.0153839542802,10.167773566433237,1573901.0,1891249648.0500002,20221115,12.01,1.1811828736674945,20251015,20251015,1.021182
000001.SZ,1d,2022-11-16,10.133909208177007,10.201637924689468,9.98151959602397,10.006917864716142,1278693.0,1519133931.8500001,20221116,11.82,1.1811828736674945,20251015,20251015,1.021182
000001.SZ,1d,2022-11-17,9.998451775152084,10.023850043844257,9.803731715178758,9.896858700383392,1091047.0,1273790880.66,20221117,11.69,1.1811828736674945,20251015,20251015,1.021182
000001.SZ,1d,2022-11-18,9.939189148203681,9.973053506459912,9.7952656256147,9.812197804742816,868093.0,1011078679.59,20221118,11.59,1.1811828736674945,20251015,20251015,1.021182
000001.SZ,1d,2022-11-21,9.719070819538182,9.736002998666297,9.498952490872684,9.702138640410068,1047737.0,1189388618.26,20221121,11.46,1.1811828736674945,20251015,20251015,1.021182
000001.SZ,1d,2022-11-22,9.702138640410066,10.100044849920776,9.68520646128195,10.006917864716142,1491324.0,1748727406.58,20221122,11.82,1.1811828736674945,20251015,20251015,1.021182
000001.SZ,1d,2022-11-23,9.973053506459912,10.201637924689468,9.922256969075566,10.006917864716142,1247657.0,1483352651.7299998,20221123,11.82,1.1811828736674945,20251015,20251015,1.021182
000001.SZ,1d,2022-11-24,10.091578760356718,10.150841387305121,9.896858700383392,9.964587416895853,796719.0,941002372.9200001,20221124,11.77,1.1811828736674945,20251015,20251015,1.021182
000001.SZ,1d,2022-11-25,9.981519596023968,10.354027536842505,9.964587416895853,10.30323099945816,1760728.0,2130171604.6399999,20221125,12.17,1.1811828736674945,20251015,20251015,1.021182
000001.SZ,1d,2022-11-28,10.074646581228603,10.091578760356718,9.896858700383392,9.998451775152082,1331563.0,1568351120.1700003,20221128,11.809999999999999,1.1811828736674945,20251015,20251015,1.021182
000001.SZ,1d,2022-11-29,10.294764909894102,10.997450343710886,10.269366641201929,10.997450343710886,4749277.0,6026006641.970001,20221129,12.99,1.1811828736674945,20251015,20251015,1.021182
000001.SZ,1d,2022-11-30,10.921255537634368,11.293763478452904,10.853526821121907,11.031314701967117,3209628.0,4206404173.0800004,20221130,13.030000000000001,1.1811828736674945,20251015,20251015,1.021182
000001.SZ,1d,2022-12-01,11.327627836709135,11.564678344502749,11.065179060223349,11.09057732891552,2002689.0,2658203027.2,20221201,13.1,1.1811828736674945,20251015,20251015,1.021182
000001.SZ,1d,2022-12-02,11.12444168717175,11.13290777673581,10.743467656789157,10.921255537634368,1404203.0,1803658762.25,20221202,12.9,1.1811828736674945,20251015,20251015,1.021182
000001.SZ,1d,2022-12-05,11.082111239351462,11.48848353842623,11.014382522839002,11.454619180169999,2287627.0,3057231972.57,20221205,13.53,1.1811828736674945,20251015,20251015,1.021182
000001.SZ,1d,2022-12-06,11.293763478452904,11.564678344502749,11.217568672376386,11.369958284529423,1252579.0,1680593515.5000002,20221206,13.43,1.1811828736674945,20251015,20251015,1.021182
000001.SZ,1d,2022-12-07,11.285297388888848,11.319161747145078,11.031314701967117,11.13290777673581,1377377.0,1815667663.45,20221207,13.15,1.1811828736674945,20251015,20251015,1.021182
000001.SZ,1d,2022-12-08,11.13290777673581,11.446153090605943,11.107509508043638,11.310695657581022,1065723.0,1422047904.5,20221208,13.360000000000001,1.1811828736674945,20251015,20251015,1.021182
000001.SZ,1d,2022-12-09,11.344560015837251,11.640873150579267,11.302229568016962,11.59854270275898,1615832.0,2197501648.81,20221209,13.7,1.1811828736674945,20251015,20251015,1.021182
000001.SZ,1d,2022-12-12,11.496949627990288,11.496949627990288,11.05671297065929,11.09904341847958,1392584.0,1848277966.6,20221212,13.110000000000001,1.1811828736674945,20251015,20251015,1.021182
000001.SZ,1d,2022-12-13,11.13290777673581,11.310695657581022,11.124441687171752,11.209102582812328,902285.0,1194285343.0900002,20221213,13.24,1.1811828736674945,20251015,20251015,1.021182
000001.SZ,1d,2022-12-14,11.20063649324827,11.344560015837251,11.073645149787405,11.20063649324827,974061.0,1287867945.07,20221214,13.23,1.1811828736674945,20251015,20251015,1.021182
000001.SZ,1d,2022-12-15,11.12444168717175,11.242966941068557,10.955119895890597,11.09057732891552,835349.0,1094434005.98,20221215,13.1,1.1811828736674945,20251015,20251015,1.021182
000001.SZ,1d,2022-12-16,11.02284861240306,11.344560015837251,11.02284861240306,11.293763478452904,924252.0,1225269166.25,20221216,13.34,1.1811828736674945,20251015,20251015,1.021182
000001.SZ,1d,2022-12-19,11.285297388888848,11.403822642785654,10.963585985454657,11.039780791531175,1030866.0,1355435567.1599998,20221219,13.040000000000001,1.1811828736674945,20251015,20251015,1.021182
000001.SZ,1d,2022-12-20,10.980518164582772,11.073645149787405,10.726535477661042,10.80273028373756,896212.0,1150630681.38,20221220,12.76,1.1811828736674945,20251015,20251015,1.021182
000001.SZ,1d,2022-12-21,10.878925089814079,10.997450343710886,10.785798104609446,10.91278944807031,614590.0,791782473.2900001,20221221,12.89,1.1811828736674945,20251015,20251015,1.021182
000001.SZ,1d,2022-12-22,11.005916433274944,11.13290777673581,10.921255537634368,10.963585985454657,672394.0,876159828.48,20221222,12.950000000000001,1.1811828736674945,20251015,20251015,1.021182
000001.SZ,1d,2022-12-23,10.87892508981408,11.05671297065929,10.836594641993791,10.98898425414683,564426.0,730705958.53,20221223,12.98,1.1811828736674945,20251015,20251015,1.021182
000001.SZ,1d,2022-12-26,10.997450343710886,11.039780791531175,10.760399835917273,10.81119637330162,797120.0,1021903962.65,20221226,12.770000000000001,1.1811828736674945,20251015,20251015,1.021182
000001.SZ,1d,2022-12-27,10.895857268942196,11.192170403684212,10.895857268942196,11.09904341847958,886004.0,1160090119.01,20221227,13.110000000000001,1.1811828736674945,20251015,20251015,1.021182
000001.SZ,1d,2022-12-28,11.141373866299867,11.327627836709135,11.005916433274944,11.124441687171752,791192.0,1042402080.41,20221228,13.14,1.1811828736674945,20251015,20251015,1.021182
000001.SZ,1d,2022-12-29,11.065179060223349,11.115975597607694,10.878925089814079,11.031314701967117,666890.0,865144967.1,20221229,13.03,1.1811828736674945,20251015,20251015,1.021182
000001.SZ,1d,2022-12-30,11.039780791531175,11.242966941068559,10.972052075018714,11.141373866299867,818036.0,1074756753.75,20221230,13.16,1.1811828736674945,20251015,20251015,1.021182
000001.SZ,1d,2023-01-03,11.175238224556098,11.725534046219845,11.048246881095233,11.657805329707385,2194128.0,2971546989.04,20230103,13.770000000000001,1.1811828736674945,20251015,20251015,1.021182
000001.SZ,1d,2023-01-04,11.607008792323038,12.208101151371132,11.539280075810577,12.123440255730554,2189683.0,3110729449.03,20230104,14.32,1.1811828736674945,20251015,20251015,1.021182
000001.SZ,1d,2023-01-05,12.191168972243016,12.479016017420976,12.165770703550843,12.258897688755477,1665425.0,2417272355.99,20230105,14.48,1.1811828736674945,20251015,20251015,1.021182
000001.SZ,1d,2023-01-06,12.275829867883592,12.46208383829286,12.258897688755477,12.377422942652284,1195745.0,1747915169.2600002,20230106,14.620000000000001,1.1811828736674945,20251015,20251015,1.021182
000001.SZ,1d,2023-01-09,12.487482106985032,12.597541271317782,12.292762047011706,12.52981255480532,1057659.0,1561368487.3,20230109,14.799999999999999,1.1811828736674945,20251015,20251015,1.021182
000001.SZ,1d,2023-01-10,12.49594819654909,12.60600736088184,12.182702882678958,12.225033330499247,1269423.0,1851093716.76,20230110,14.440000000000001,1.1811828736674945,20251015,20251015,1.021182
000001.SZ,1d,2023-01-11,12.233499420063305,12.512880375677208,12.182702882678958,12.419753390472572,830566.0,1217450811.64,20230111,14.67,1.1811828736674945,20251015,20251015,1.021182
000001.SZ,1d,2023-01-12,12.50441428611315,12.50441428611315,12.301228136575766,12.419753390472573,625695.0,914367699.65,20230112,14.670000000000002,1.1811828736674945,20251015,20251015,1.021182
000001.SZ,1d,2023-01-13,12.419753390472572,12.656803898266187,12.31816031570388,12.656803898266187,949086.0,1407181074.2900002,20230113,14.950000000000001,1.1811828736674945,20251015,20251015,1.021182
000001.SZ,1d,2023-01-16,12.656803898266185,12.936184853880087,12.572143002625609,12.766863062598935,1560040.0,2356399992.83,20230116,15.08,1.1811828736674945,20251015,20251015,1.021182
000001.SZ,1d,2023-01-17,12.809193510419222,12.851523958239511,12.504414286113148,12.6737360773943,935835.0,1396151514.52,20230117,14.969999999999999,1.1811828736674945,20251015,20251015,1.021182
000001.SZ,1d,2023-01-18,12.656803898266185,12.851523958239511,12.622939540009956,12.792261331291108,718434.0,1083362997.53,20230118,15.11,1.1811828736674945,20251015,20251015,1.021182
000001.SZ,1d,2023-01-19,12.809193510419224,12.910786585187918,12.589075181753726,12.775329152162994,641875.0,963744633.47,20230119,15.090000000000002,1.1811828736674945,20251015,20251015,1.021182
000001.SZ,1d,2023-01-20,12.834591779111397,12.902320495623858,12.699134346086474,12.809193510419224,608590.0,920144805.73,20230120,15.13,1.1811828736674945,20251015,20251015,1.021182
000001.SZ,1d,2023-01-30,13.207099719929934,13.32562497382674,12.60600736088184,12.82612568954734,1374318.0,2096867649.37,20230130,15.15,1.1811828736674945,20251015,20251015,1.021182
000001.SZ,1d,2023-01-31,12.902320495623858,13.130904913853415,12.665269987830245,12.690668256522416,1030498.0,1568639326.21,20230131,14.99,1.1811828736674945,20251015,20251015,1.021182
000001.SZ,1d,2023-02-01,12.724532614778646,12.766863062598935,12.284295957447648,12.445151659164743,1653421.0,2426471972.5199995,20230201,14.7,1.1811828736674945,20251015,20251015,1.021182
000001.SZ,1d,2023-02-02,12.479016017420976,12.512880375677206,12.081109807910265,12.360490763524169,1577900.0,2280744883.13,20230202,14.6,1.1811828736674945,20251015,20251015,1.021182
000001.SZ,1d,2023-02-03,12.233499420063303,12.31816031570388,11.987982822705632,12.123440255730554,1246383.0,1782105890.79,20230203,14.32,1.1811828736674945,20251015,20251015,1.021182
000001.SZ,1d,2023-02-06,11.937186285321285,11.962584554013457,11.734000135783901,11.852525389680709,1317610.0,1838428709.03,20230206,14.0,1.1811828736674945,20251015,20251015,1.021182
000001.SZ,1d,2023-02-07,11.903321927065056,12.123440255730554,11.877923658372882,12.030313270525921,869460.0,1235297762.5400002,20230207,14.21,1.1811828736674945,20251015,20251015,1.021182
000001.SZ,1d,2023-02-08,12.055711539218095,12.123440255730554,11.877923658372882,11.88638974793694,657893.0,928708933.8500001,20230208,14.040000000000001,1.1811828736674945,20251015,20251015,1.021182
000001.SZ,1d,2023-02-09,11.860991479244769,12.10650807660244,11.81866103142448,11.962584554013459,830350.0,1174361963.28,20230209,14.13,1.1811828736674945,20251015,20251015,1.021182
000001.SZ,1d,2023-02-10,11.937186285321285,11.954118464449401,11.734000135783901,11.835593210552593,847284.0,1184283386.2,20230210,13.979999999999999,1.1811828736674945,20251015,20251015,1.021182
000001.SZ,1d,2023-02-13,11.801728852296362,11.801728852296362,11.513881807118404,11.700135777527672,1800054.0,2473405202.92,20230213,13.82,1.1811828736674945,20251015,20251015,1.021182
000001.SZ,1d,2023-02-14,11.725534046219845,11.835593210552595,11.683203598399556,11.81866103142448,909937.0,1263892077.72,20230214,13.96,1.1811828736674945,20251015,20251015,1.021182
000001.SZ,1d,2023-02-15,11.810194941860422,11.81866103142448,11.53081398624652,11.573144434066808,1250244.0,1713566672.72,20230215,13.670000000000002,1.1811828736674945,20251015,20251015,1.021182
000001.SZ,1d,2023-02-16,11.581610523630864,11.77633058360419,11.429220911477827,11.513881807118404,1279123.0,1757431083.85,20230216,13.6,1.1811828736674945,20251015,20251015,1.021182
000001.SZ,1d,2023-02-17,11.539280075810575,11.615474881887094,11.369958284529423,11.369958284529423,918364.0,1246777397.11,20230217,13.43,1.1811828736674945,20251015,20251015,1.021182
000001.SZ,1d,2023-02-20,11.429220911477827,11.979516733141574,11.42075482191377,11.979516733141574,2116191.0,2945969773.39,20230220,14.15,1.1811828736674945,20251015,20251015,1.021182
000001.SZ,1d,2023-02-21,11.903321927065056,12.021847180961862,11.784796673168248,11.937186285321285,990495.0,1393153377.3000002,20230221,14.1,1.1811828736674945,20251015,20251015,1.021182
000001.SZ,1d,2023-02-22,11.852525389680709,11.954118464449401,11.801728852296362,11.869457568808825,638922.0,895742534.3100001,20230222,14.02,1.1811828736674945,20251015,20251015,1.021182
000001.SZ,1d,2023-02-23,11.852525389680709,12.123440255730554,11.835593210552595,11.894855837500998,824491.0,1165539851.19,20230223,14.05,1.1811828736674945,20251015,20251015,1.021182
000001.SZ,1d,2023-02-24,11.869457568808826,11.877923658372882,11.683203598399556,11.734000135783903,729989.0,1012652971.88,20230224,13.860000000000001,1.1811828736674945,20251015,20251015,1.021182
000001.SZ,1d,2023-02-27,11.640873150579267,11.750932314912017,11.581610523630864,11.590076613194922,621462.0,854854040.5400001,20230227,13.69,1.1811828736674945,20251015,20251015,1.021182
000001.SZ,1d,2023-02-28,11.640873150579267,11.725534046219844,11.52234789668246,11.66627141927144,607936.0,833316018.4499999,20230228,13.78,1.1811828736674945,20251015,20251015,1.021182
000001.SZ,1d,2023-03-01,11.683203598399556,12.013381091397804,11.632407061015211,11.99644891226969,1223452.0,1719710647.06,20230301,14.17,1.1811828736674945,20251015,20251015,1.021182
000001.SZ,1d,2023-03-02,11.962584554013459,12.225033330499247,11.903321927065056,12.055711539218093,1015877.0,1447565979.98,20230302,14.24,1.1811828736674945,20251015,20251015,1.021182
000001.SZ,1d,2023-03-03,12.148838524422729,12.165770703550843,11.971050643577517,12.098041987038382,690954.0,985552120.63,20230303,14.290000000000001,1.1811828736674945,20251015,20251015,1.021182
000001.SZ,1d,2023-03-06,12.10650807660244,12.10650807660244,11.615474881887096,11.725534046219845,1455824.0,2023954547.2,20230306,13.850000000000001,1.1811828736674945,20251015,20251015,1.021182
000001.SZ,1d,2023-03-07,11.725534046219844,11.937186285321285,11.556212254938691,11.590076613194922,1279266.0,1773654737.03,20230307,13.69,1.1811828736674945,20251015,20251015,1.021182
000001.SZ,1d,2023-03-08,11.539280075810577,11.547746165374635,11.344560015837251,11.45461918017,1096898.0,1479838980.07,20230308,13.530000000000001,1.1811828736674945,20251015,20251015,1.021182
000001.SZ,1d,2023-03-09,11.463085269734059,11.496949627990288,11.115975597607694,11.175238224556098,1736065.0,2305765842.21,20230309,13.200000000000001,1.1811828736674945,20251015,20251015,1.021182
000001.SZ,1d,2023-03-10,11.005916433274944,11.234500851504501,11.005916433274944,11.124441687171752,856996.0,1128558359.5,20230310,13.14,1.1811828736674945,20251015,20251015,1.021182
000001.SZ,1d,2023-03-13,11.107509508043636,11.251433030632615,11.005916433274944,11.048246881095233,1000635.0,1309490079.38,20230313,13.05,1.1811828736674945,20251015,20251015,1.021182
000001.SZ,1d,2023-03-14,10.997450343710886,11.005916433274944,10.777332015045388,10.895857268942196,1149076.0,1474124198.8600001,20230314,12.870000000000001,1.1811828736674945,20251015,20251015,1.021182
000001.SZ,1d,2023-03-15,11.048246881095231,11.158306045427981,10.955119895890597,11.048246881095231,979364.0,1278262225.47,20230315,13.049999999999999,1.1811828736674945,20251015,20251015,1.021182
000001.SZ,1d,2023-03-16,10.91278944807031,11.031314701967117,10.836594641993791,10.853526821121907,916792.0,1182054433.62,20230316,12.82,1.1811828736674945,20251015,20251015,1.021182
000001.SZ,1d,2023-03-17,10.997450343710886,11.039780791531175,10.709603298532928,10.794264194173502,1556814.0,2000832407.83,20230317,12.75,1.1811828736674945,20251015,20251015,1.021182
000001.SZ,1d,2023-03-20,10.802730283737562,10.87892508981408,10.624942402892351,10.641874582020465,1188816.0,1505893658.68,20230320,12.57,1.1811828736674945,20251015,20251015,1.021182
000001.SZ,1d,2023-03-21,10.709603298532928,10.819662462865676,10.582611955072062,10.751933746353215,840743.0,1060914056.37,20230321,12.7,1.1811828736674945,20251015,20251015,1.021182
000001.SZ,1d,2023-03-22,10.794264194173502,10.904323358506254,10.760399835917273,10.828128552429735,876691.0,1121080753.38,20230322,12.790000000000001,1.1811828736674945,20251015,20251015,1.021182
000001.SZ,1d,2023-03-23,10.751933746353215,10.921255537634368,10.692671119404812,10.921255537634368,804306.0,1029380497.2700001,20230323,12.9,1.1811828736674945,20251015,20251015,1.021182
000001.SZ,1d,2023-03-24,10.878925089814079,10.887391179378136,10.80273028373756,10.853526821121907,621519.0,796319541.9700001,20230324,12.82,1.1811828736674945,20251015,20251015,1.021182
000001.SZ,1d,2023-03-27,10.836594641993791,10.845060731557849,10.548747596815831,10.667272850712639,1008422.0,1266945056.0299997,20230327,12.600000000000001,1.1811828736674945,20251015,20251015,1.021182
000001.SZ,1d,2023-03-28,10.718069388096984,10.777332015045388,10.624942402892351,10.70113720896887,673868.0,851797868.5600001,20230328,12.64,1.1811828736674945,20251015,20251015,1.021182
000001.SZ,1d,2023-03-29,10.777332015045388,10.785798104609446,10.582611955072062,10.608010223764234,596064.0,750687550.55,20230329,12.53,1.1811828736674945,20251015,20251015,1.021182
000001.SZ,1d,2023-03-30,10.624942402892351,10.760399835917273,10.506417148995544,10.7350015672251,824546.0,1035422932.0100001,20230330,12.68,1.1811828736674945,20251015,20251015,1.021182
000001.SZ,1d,2023-03-31,10.743467656789157,10.811196373301618,10.59107804463612,10.608010223764234,865492.0,1092263436.9,20230331,12.53,1.1811828736674945,20251015,20251015,1.021182
000001.SZ,1d,2023-04-03,10.624942402892351,10.743467656789159,10.548747596815831,10.726535477661043,740429.0,934285179.24,20230403,12.670000000000002,1.1811828736674945,20251015,20251015,1.021182
000001.SZ,1d,2023-04-04,10.70113720896887,10.76886592548133,10.65880676114858,10.709603298532928,647457.0,817726526.95,20230404,12.65,1.1811828736674945,20251015,20251015,1.021182
000001.SZ,1d,2023-04-06,10.667272850712639,10.675738940276695,10.582611955072062,10.650340671584523,563321.0,706480659.58,20230406,12.58,1.1811828736674945,20251015,20251015,1.021182
000001.SZ,1d,2023-04-07,10.641874582020465,10.743467656789157,10.582611955072062,10.684205029840752,607925.0,767354796.52,20230407,12.62,1.1811828736674945,20251015,20251015,1.021182
000001.SZ,1d,2023-04-10,10.70113720896887,10.751933746353215,10.650340671584523,10.7350015672251,640182.0,809943147.62,20230410,12.68,1.1811828736674945,20251015,20251015,1.021182
000001.SZ,1d,2023-04-11,10.751933746353215,10.768865925481329,10.599544134200176,10.616476313328292,777780.0,978302907.7900001,20230411,12.54,1.1811828736674945,20251015,20251015,1.021182
000001.SZ,1d,2023-04-12,10.650340671584525,10.658806761148583,10.540281507251775,10.565679775943947,909957.0,1136997696.1399999,20230412,12.48,1.1811828736674945,20251015,20251015,1.021182
000001.SZ,1d,2023-04-13,10.506417148995544,10.726535477661042,10.41329016379091,10.633408492456407,1131591.0,1413919037.13,20230413,12.56,1.1811828736674945,20251015,20251015,1.021182
000001.SZ,1d,2023-04-14,10.667272850712639,10.921255537634368,10.650340671584523,10.743467656789157,1297995.0,1653539530.91,20230414,12.69,1.1811828736674945,20251015,20251015,1.021182
000001.SZ,1d,2023-04-17,10.718069388096984,10.955119895890597,10.667272850712639,10.946653806326541,1304213.0,1669357649.18,20230417,12.93,1.1811828736674945,20251015,20251015,1.021182
000001.SZ,1d,2023-04-18,10.946653806326541,11.175238224556098,10.91278944807031,11.005916433274944,1538936.0,2009934874.5900002,20230418,13.0,1.1811828736674945,20251015,20251015,1.021182
000001.SZ,1d,2023-04-19,11.02284861240306,11.065179060223349,10.861992910685965,10.878925089814079,1014378.0,1309536001.8000002,20230419,12.85,1.1811828736674945,20251015,20251015,1.021182
000001.SZ,1d,2023-04-20,10.921255537634368,10.921255537634368,10.684205029840754,10.794264194173504,811788.0,1033330703.7800001,20230420,12.750000000000002,1.1811828736674945,20251015,20251015,1.021182
000001.SZ,1d,2023-04-21,10.751933746353215,10.861992910685965,10.565679775943947,10.582611955072062,918668.0,1160509766.03,20230421,12.5,1.1811828736674945,20251015,20251015,1.021182
000001.SZ,1d,2023-04-24,10.565679775943947,10.582611955072064,10.184705745561354,10.243968372509757,1467672.0,1798133966.9200003,20230424,12.100000000000001,1.1811828736674945,20251015,20251015,1.021182
000001.SZ,1d,2023-04-25,10.277832730765986,10.472552790739313,10.260900551637873,10.396357984662794,1301901.0,1595320169.74,20230425,12.280000000000001,1.1811828736674945,20251015,20251015,1.021182
000001.SZ,1d,2023-04-26,10.37095971597062,10.37095971597062,10.150841387305121,10.260900551637873,991260.0,1197555724.16,20230426,12.120000000000001,1.1811828736674945,20251015,20251015,1.021182
000001.SZ,1d,2023-04-27,10.210104014253526,10.455620611611197,10.159307476869179,10.379425805534678,1004093.0,1222755932.3700001,20230427,12.26,1.1811828736674945,20251015,20251015,1.021182
000001.SZ,1d,2023-04-28,10.379425805534678,10.819662462865677,10.345561447278449,10.624942402892351,1445254.0,1816868032.9800003,20230428,12.55,1.1811828736674945,20251015,20251015,1.021182
000001.SZ,1d,2023-05-04,10.497951059431486,10.861992910685965,10.320163178586274,10.777332015045388,1478264.0,1863146144.1599998,20230504,12.73,1.1811828736674945,20251015,20251015,1.021182
000001.SZ,1d,2023-05-05,10.819662462865676,11.099043418479578,10.794264194173502,10.929721627198425,1762189.0,2283981032.07,20230505,12.91,1.1811828736674945,20251015,20251015,1.021182
000001.SZ,1d,2023-05-08,10.955119895890597,11.42075482191377,10.870459000250023,11.276831299324789,2630719.0,3478891629.3500004,20230508,13.32,1.1811828736674945,20251015,20251015,1.021182
000001.SZ,1d,2023-05-09,11.344560015837251,11.513881807118404,11.115975597607694,11.141373866299867,2422534.0,3238716470.9700003,20230509,13.16,1.1811828736674945,20251015,20251015,1.021182
000001.SZ,1d,2023-05-10,11.149839955863925,11.226034761940445,10.836594641993791,10.870459000250023,1237053.0,1600189994.17,20230510,12.84,1.1811828736674945,20251015,20251015,1.021182
000001.SZ,1d,2023-05-11,10.963585985454657,11.107509508043638,10.836594641993791,10.87892508981408,903758.0,1166479364.8899999,20230511,12.850000000000001,1.1811828736674945,20251015,20251015,1.021182
000001.SZ,1d,2023-05-12,10.853526821121907,10.895857268942194,10.675738940276695,10.684205029840752,885604.0,1124579090.5400002,20230512,12.62,1.1811828736674945,20251015,20251015,1.021182
000001.SZ,1d,2023-05-15,10.735001567225101,10.87892508981408,10.540281507251775,10.861992910685967,928326.0,1173804243.15,20230515,12.830000000000002,1.1811828736674945,20251015,20251015,1.021182
000001.SZ,1d,2023-05-16,10.836594641993791,10.938187716762483,10.641874582020465,10.684205029840754,998302.0,1267712090.05,20230516,12.620000000000001,1.1811828736674945,20251015,20251015,1.021182
000001.SZ,1d,2023-05-17,10.650340671584523,10.701137208968868,10.531815417687715,10.574145865508005,754621.0,945315193.07,20230517,12.49,1.1811828736674945,20251015,20251015,1.021182
000001.SZ,1d,2023-05-18,10.641874582020465,10.70113720896887,10.523349328123658,10.574145865508005,687187.0,861347534.3199999,20230518,12.49,1.1811828736674945,20251015,20251015,1.021182
000001.SZ,1d,2023-05-19,10.523349328123658,10.531815417687715,10.430222342919024,10.44715452204714,688414.0,851165593.52,20230519,12.34,1.1811828736674945,20251015,20251015,1.021182
000001.SZ,1d,2023-05-22,10.421756253354967,10.540281507251775,10.421756253354967,10.48101888030337,549328.0,679754868.04,20230522,12.38,1.1811828736674945,20251015,20251015,1.021182
000001.SZ,1d,2023-05-23,10.48101888030337,10.506417148995544,10.337095357714391,10.337095357714391,694364.0,852871175.23,20230523,12.21,1.1811828736674945,20251015,20251015,1.021182
000001.SZ,1d,2023-05-24,10.328629268150332,10.33709535771439,10.167773566433237,10.167773566433237,824251.0,996600577.63,20230524,12.01,1.1811828736674945,20251015,20251015,1.021182
000001.SZ,1d,2023-05-25,10.150841387305121,10.159307476869179,9.998451775152084,10.100044849920776,882744.0,1050002541.88,20230525,11.93,1.1811828736674945,20251015,20251015,1.021182
000001.SZ,1d,2023-05-26,10.100044849920776,10.269366641201929,10.023850043844257,10.243968372509755,511429.0,613772897.17,20230526,12.1,1.1811828736674945,20251015,20251015,1.021182
000001.SZ,1d,2023-05-29,10.252434462073815,10.269366641201929,10.116977029048892,10.142375297741065,566074.0,680275577.83,20230529,11.98,1.1811828736674945,20251015,20251015,1.021182
000001.SZ,1d,2023-05-30,10.142375297741065,10.150841387305121,9.989985685588026,10.049248312536431,763997.0,906316373.6100001,20230530,11.870000000000001,1.1811828736674945,20251015,20251015,1.021182
000001.SZ,1d,2023-05-31,10.006917864716142,10.023850043844257,9.803731715178758,9.820663894306874,1179587.0,1376758356.6800003,20230531,11.6,1.1811828736674945,20251015,20251015,1.021182
000001.SZ,1d,2023-06-01,9.820663894306874,9.888392610819334,9.736002998666297,9.812197804742816,743023.0,861646489.19,20230601,11.59,1.1811828736674945,20251015,20251015,1.021182
000001.SZ,1d,2023-06-02,9.888392610819334,10.133909208177007,9.854528252563105,10.100044849920776,1221843.0,1446502669.25,20230602,11.93,1.1811828736674945,20251015,20251015,1.021182
000001.SZ,1d,2023-06-05,10.057714402100489,10.159307476869179,10.006917864716142,10.08311267079266,521846.0,620531416.4200001,20230605,11.91,1.1811828736674945,20251015,20251015,1.021182
000001.SZ,1d,2023-06-06,10.08311267079266,10.235502282945697,10.006917864716142,10.023850043844257,833273.0,997039311.52,20230606,11.84,1.1811828736674945,20251015,20251015,1.021182
000001.SZ,1d,2023-06-07,10.066180491664547,10.218570103817584,10.057714402100489,10.108510939484834,643698.0,770386878.4700001,20230607,11.940000000000001,1.1811828736674945,20251015,20251015,1.021182
000001.SZ,1d,2023-06-08,10.125443118612948,10.328629268150332,10.040782222972371,10.26090055163787,869397.0,1048266235.89,20230608,12.12,1.1811828736674945,20251015,20251015,1.021182
000001.SZ,1d,2023-06-09,10.210104014253526,10.235502282945697,10.032316133408314,10.057714402100487,1315285.0,1566929273.97,20230609,11.879999999999999,1.1811828736674945,20251015,20251015,1.021182
000001.SZ,1d,2023-06-12,10.006917864716142,10.074646581228603,9.956121327331795,9.981519596023968,758747.0,896015708.76,20230612,11.79,1.1811828736674945,20251015,20251015,1.021182
000001.SZ,1d,2023-06-13,9.956121327331795,10.023850043844257,9.896858700383392,9.964587416895853,849988.0,1000183566.9200002,20230613,11.77,1.1811828736674945,20251015,20251015,1.021182
000001.SZ,1d,2023-06-14,10.016621654244018,10.172724848855614,9.938570056938222,9.947242456638865,1069200.0,1237376775.64,20230614,11.47,1.1530833846665551,20251015,20251015,1.021182
000001.SZ,1d,2023-06-15,9.964587256040152,10.086000851849171,9.877863259033711,10.068656052447883,925301.0,1064567231.22,20230615,11.610000000000001,1.1530833846665551,20251015,20251015,1.021182
000001.SZ,1d,2023-06-16,10.068656052447881,10.120690450651747,10.033966453645306,10.086000851849171,842034.0,978869317.2900001,20230616,11.63,1.1530833846665551,20251015,20251015,1.021182
000001.SZ,1d,2023-06-19,10.086000851849171,10.086000851849171,9.895208058435,9.929897657237575,953997.0,1096351096.7099998,20230619,11.45,1.1530833846665551,20251015,20251015,1.021182
000001.SZ,1d,2023-06-20,9.921225257536932,9.93857005693822,9.843173660231134,9.851846059931779,544551.0,620374307.69,20230620,11.36,1.1530833846665551,20251015,20251015,1.021182
000001.SZ,1d,2023-06-21,9.851846059931779,9.95591485633951,9.83450126053049,9.843173660231134,616583.0,703681563.97,20230621,11.35,1.1530833846665551,20251015,20251015,1.021182
000001.SZ,1d,2023-06-26,9.799811661727913,9.799811661727913,9.669725666218252,9.695742865320183,676577.0,757975991.51,20230626,11.18,1.1530833846665551,20251015,20251015,1.021182
000001.SZ,1d,2023-06-27,9.71308766472147,9.817156461129201,9.68707046561954,9.782466862326624,461702.0,519520687.33000004,20230627,11.28,1.1530833846665551,20251015,20251015,1.021182
000001.SZ,1d,2023-06-28,9.782466862326626,9.825828860829846,9.73043246412276,9.799811661727913,365396.0,412039353.92999995,20230628,11.3,1.1530833846665551,20251015,20251015,1.021182
000001.SZ,1d,2023-06-29,9.791139262027269,9.791139262027269,9.68707046561954,9.695742865320183,485906.0,544534825.51,20230629,11.18,1.1530833846665551,20251015,20251015,1.021182
000001.SZ,1d,2023-06-30,9.695742865320183,9.808484061428558,9.669725666218252,9.739104863823405,519053.0,583494654.79,20230630,11.23,1.1530833846665551,20251015,20251015,1.021182
000001.SZ,1d,2023-07-03,9.747777263524048,9.99927685484273,9.739104863823405,9.964587256040152,885091.0,1009887428.65,20230703,11.49,1.1530833846665551,20251015,20251015,1.021182
000001.SZ,1d,2023-07-04,9.938570056938222,9.964587256040152,9.817156461129201,9.886535658734354,616301.0,701885269.78,20230704,11.4,1.1530833846665551,20251015,20251015,1.021182
000001.SZ,1d,2023-07-05,9.851846059931779,9.886535658734354,9.799811661727913,9.83450126053049,423482.0,479726282.46999997,20230705,11.34,1.1530833846665551,20251015,20251015,1.021182
000001.SZ,1d,2023-07-06,9.799811661727913,9.834501260530491,9.721760064422117,9.747777263524048,597096.0,672396816.4000001,20230706,11.24,1.1530833846665551,20251015,20251015,1.021182
000001.SZ,1d,2023-07-07,9.71308766472147,9.77379446262598,9.695742865320183,9.71308766472147,484441.0,543212455.87,20230707,11.2,1.1530833846665551,20251015,20251015,1.021182
000001.SZ,1d,2023-07-10,9.756449663224693,9.782466862326624,9.68707046561954,9.71308766472147,495882.0,556581581.65,20230710,11.2,1.1530833846665551,20251015,20251015,1.021182
000001.SZ,1d,2023-07-11,9.730432464122758,9.765122062925336,9.704415265020828,9.721760064422115,570809.0,640131787.1,20230711,11.209999999999999,1.1530833846665551,20251015,20251015,1.021182
000001.SZ,1d,2023-07-12,9.739104863823405,9.851846059931779,9.73043246412276,9.747777263524048,736084.0,830230820.88,20230712,11.24,1.1530833846665551,20251015,20251015,1.021182
000001.SZ,1d,2023-07-13,9.817156461129201,9.947242456638863,9.77379446262598,9.912552857836287,1124230.0,1281848378.9100003,20230713,11.43,1.1530833846665551,20251015,20251015,1.021182
000001.SZ,1d,2023-07-14,9.912552857836287,10.016621654244018,9.886535658734354,9.938570056938222,719147.0,825295738.24,20230714,11.46,1.1530833846665551,20251015,20251015,1.021182
000001.SZ,1d,2023-07-17,9.895208058435,9.895208058435,9.765122062925336,9.808484061428558,608343.0,687262893.86,20230717,11.31,1.1530833846665551,20251015,20251015,1.021182
000001.SZ,1d,2023-07-18,9.79113926202727,9.817156461129201,9.73043246412276,9.756449663224693,471966.0,531299772.68,20230718,11.25,1.1530833846665551,20251015,20251015,1.021182
000001.SZ,1d,2023-07-19,9.739104863823405,9.817156461129201,9.739104863823405,9.808484061428558,382196.0,430771279.03000003,20230719,11.31,1.1530833846665551,20251015,20251015,1.021182
000001.SZ,1d,2023-07-20,9.825828860829846,9.921225257536932,9.79113926202727,9.817156461129201,554070.0,629696111.29,20230720,11.32,1.1530833846665551,20251015,20251015,1.021182
000001.SZ,1d,2023-07-21,9.808484061428556,9.87786325903371,9.782466862326624,9.83450126053049,377103.0,427375950.49,20230721,11.34,1.1530833846665551,20251015,20251015,1.021182
000001.SZ,1d,2023-07-24,9.825828860829846,9.825828860829846,9.747777263524048,9.765122062925336,426852.0,480713395.70000005,20230724,11.26,1.1530833846665551,20251015,20251015,1.021182
000001.SZ,1d,2023-07-25,9.929897657237575,10.172724848855612,9.921225257536932,10.164052449154967,2032958.0,2358815159.63,20230725,11.719999999999999,1.1530833846665551,20251015,20251015,1.021182
000001.SZ,1d,2023-07-26,10.103345651250459,10.181397248556257,10.025294053944663,10.120690450651747,751663.0,875260135.14,20230726,11.67,1.1530833846665551,20251015,20251015,1.021182
000001.SZ,1d,2023-07-27,10.129362850352392,10.294138444664632,10.103345651250459,10.190069648256902,1115196.0,1314228293.8400002,20230727,11.75,1.1530833846665551,20251015,20251015,1.021182
000001.SZ,1d,2023-07-28,10.138035250053036,10.667051631792331,10.120690450651747,10.632362032989754,2347013.0,2839828236.6200004,20230728,12.26,1.1530833846665551,20251015,20251015,1.021182
000001.SZ,1d,2023-07-31,10.667051631792331,10.840499625805213,10.606344833887821,10.684396431193619,1854952.0,2288940410.58,20230731,12.32,1.1530833846665551,20251015,20251015,1.021182
000001.SZ,1d,2023-08-01,10.632362032989755,10.727758429696841,10.51962083688138,10.545638035983313,957735.0,1169570704.83,20230801,12.16,1.1530833846665551,20251015,20251015,1.021182
000001.SZ,1d,2023-08-02,10.458914038976872,10.615017233588466,10.346172842868496,10.432896839874937,1115900.0,1343864165.36,20230802,12.03,1.1530833846665551,20251015,20251015,1.021182
000001.SZ,1d,2023-08-03,10.398207241072361,10.727758429696841,10.363517642269786,10.693068830894264,1175848.0,1433255493.11,20230803,12.330000000000002,1.1530833846665551,20251015,20251015,1.021182
000001.SZ,1d,2023-08-04,10.771120428200062,10.866516824907148,10.589000034486533,10.667051631792331,1303131.0,1611435431.36,20230804,12.3,1.1530833846665551,20251015,20251015,1.021182
000001.SZ,1d,2023-08-07,10.589000034486533,10.62368963328911,10.510948437180737,10.545638035983313,646913.0,786506452.16,20230807,12.16,1.1530833846665551,20251015,20251015,1.021182
000001.SZ,1d,2023-08-08,10.510948437180735,10.589000034486533,10.406879640773006,10.493603637779447,725705.0,877489187.97,20230808,12.1,1.1530833846665551,20251015,20251015,1.021182
000001.SZ,1d,2023-08-09,10.458914038976872,10.58032763478589,10.450241639276227,10.554310435683956,577608.0,702060796.64,20230809,12.17,1.1530833846665551,20251015,20251015,1.021182
000001.SZ,1d,2023-08-10,10.536965636282668,10.589000034486533,10.458914038976872,10.545638035983313,475595.0,577123919.6800001,20230810,12.16,1.1530833846665551,20251015,20251015,1.021182
000001.SZ,1d,2023-08-11,10.554310435683956,10.641034432690399,10.31148324406592,10.31148324406592,943539.0,1132867239.31,20230811,11.89,1.1530833846665551,20251015,20251015,1.021182
000001.SZ,1d,2023-08-14,10.198742047957545,10.216086847358833,10.051311253046594,10.120690450651747,975920.0,1139185249.4600003,20230814,11.67,1.1530833846665551,20251015,20251015,1.021182
000001.SZ,1d,2023-08-15,10.138035250053036,10.23343164676012,10.059983652747238,10.172724848855614,712813.0,834163039.6,20230815,11.73,1.1530833846665551,20251015,20251015,1.021182
000001.SZ,1d,2023-08-16,10.120690450651747,10.276793645263343,10.068656052447881,10.172724848855612,572904.0,671706045.36,20230816,11.729999999999999,1.1530833846665551,20251015,20251015,1.021182
000001.SZ,1d,2023-08-17,10.120690450651749,10.146707649753681,9.938570056938222,10.033966453645306,965058.0,1116292661.67,20230817,11.57,1.1530833846665551,20251015,20251015,1.021182
000001.SZ,1d,2023-08-18,10.04263885334595,10.181397248556257,9.999276854842728,10.02529405394466,659819.0,767047286.8900001,20230818,11.559999999999999,1.1530833846665551,20251015,20251015,1.021182
000001.SZ,1d,2023-08-21,10.025294053944663,10.04263885334595,9.817156461129201,9.817156461129201,701498.0,799641423.7600001,20230821,11.32,1.1530833846665551,20251015,20251015,1.021182
000001.SZ,1d,2023-08-22,9.869190859333067,9.929897657237577,9.808484061428558,9.860518459632424,606808.0,689991238.06,20230822,11.370000000000001,1.1530833846665551,20251015,20251015,1.021182
000001.SZ,1d,2023-08-23,9.843173660231134,9.903880458135644,9.747777263524048,9.756449663224693,691810.0,783102827.23,20230823,11.25,1.1530833846665551,20251015,20251015,1.021182
000001.SZ,1d,2023-08-24,9.79113926202727,9.817156461129201,9.583001669211809,9.652380866816964,1291271.0,1439197083.69,20230824,11.13,1.1530833846665551,20251015,20251015,1.021182
000001.SZ,1d,2023-08-25,9.62636366771503,9.825828860829846,9.609018868313742,9.739104863823405,845350.0,946760250.6,20230825,11.23,1.1530833846665551,20251015,20251015,1.021182
000001.SZ,1d,2023-08-28,10.268121245562698,10.346172842868496,9.964587256040152,9.990604455142085,1997610.0,2336205800.5600004,20230828,11.52,1.1530833846665551,20251015,20251015,1.021182
000001.SZ,1d,2023-08-29,9.947242456638865,9.964587256040152,9.652380866816964,9.808484061428558,1964961.0,2217588610.12,20230829,11.31,1.1530833846665551,20251015,20251015,1.021182
000001.SZ,1d,2023-08-30,9.773794462625983,9.773794462625983,9.652380866816964,9.652380866816964,1375638.0,1537573550.5700002,20230830,11.13,1.1530833846665551,20251015,20251015,1.021182
000001.SZ,1d,2023-08-31,9.661053266517607,9.73043246412276,9.64370846711632,9.652380866816964,806474.0,900123574.83,20230831,11.13,1.1530833846665551,20251015,20251015,1.021182
000001.SZ,1d,2023-09-01,9.704415265020828,9.851846059931779,9.704415265020828,9.817156461129201,1138705.0,1285169019.19,20230901,11.32,1.1530833846665551,20251015,20251015,1.021182
000001.SZ,1d,2023-09-04,9.843173660231134,10.051311253046594,9.825828860829846,10.025294053944663,1410029.0,1621769196.4,20230904,11.56,1.1530833846665551,20251015,20251015,1.021182
000001.SZ,1d,2023-09-05,9.973259655740797,9.98193205544144,9.851846059931779,9.87786325903371,804177.0,917888858.57,20230905,11.389999999999999,1.1530833846665551,20251015,20251015,1.021182
000001.SZ,1d,2023-09-06,9.825828860829846,9.938570056938222,9.799811661727913,9.912552857836289,634841.0,721905681.98,20230906,11.430000000000001,1.1530833846665551,20251015,20251015,1.021182
000001.SZ,1d,2023-09-07,9.886535658734354,9.921225257536932,9.817156461129201,9.825828860829846,540042.0,613812175.9100001,20230907,11.33,1.1530833846665551,20251015,20251015,1.021182
000001.SZ,1d,2023-09-08,9.782466862326626,9.817156461129201,9.739104863823405,9.77379446262598,479030.0,539624962.82,20230908,11.27,1.1530833846665551,20251015,20251015,1.021182
000001.SZ,1d,2023-09-11,9.799811661727912,9.886535658734354,9.77379446262598,9.83450126053049,654486.0,741764911.22,20230911,11.34,1.1530833846665551,20251015,20251015,1.021182
000001.SZ,1d,2023-09-12,9.843173660231134,9.843173660231134,9.756449663224693,9.782466862326624,495485.0,559058535.52,20230912,11.28,1.1530833846665551,20251015,20251015,1.021182
000001.SZ,1d,2023-09-13,9.79113926202727,9.817156461129201,9.721760064422117,9.756449663224693,490218.0,551747627.6800001,20230913,11.25,1.1530833846665551,20251015,20251015,1.021182
000001.SZ,1d,2023-09-14,9.782466862326624,9.825828860829846,9.756449663224693,9.791139262027269,551650.0,622906052.62,20230914,11.29,1.1530833846665551,20251015,20251015,1.021182
000001.SZ,1d,2023-09-15,9.843173660231136,9.886535658734354,9.713087664721472,9.73043246412276,890476.0,1005529160.7700001,20230915,11.22,1.1530833846665551,20251015,20251015,1.021182
000001.SZ,1d,2023-09-18,9.73043246412276,9.747777263524048,9.661053266517607,9.739104863823405,501325.0,561449769.63,20230918,11.23,1.1530833846665551,20251015,20251015,1.021182
000001.SZ,1d,2023-09-19,9.73043246412276,9.739104863823405,9.678398065918895,9.721760064422117,503664.0,564044044.21,20230919,11.21,1.1530833846665551,20251015,20251015,1.021182
000001.SZ,1d,2023-09-20,9.713087664721472,9.73043246412276,9.669725666218252,9.669725666218252,558872.0,624785494.94,20230920,11.15,1.1530833846665551,20251015,20251015,1.021182
000001.SZ,1d,2023-09-21,9.661053266517607,9.661053266517607,9.574329269511166,9.583001669211809,843930.0,934673193.8699999,20230921,11.05,1.1530833846665551,20251015,20251015,1.021182
000001.SZ,1d,2023-09-22,9.56565686981052,9.756449663224693,9.56565686981052,9.747777263524048,911484.0,1017137921.82,20230922,11.24,1.1530833846665551,20251015,20251015,1.021182
000001.SZ,1d,2023-09-25,9.747777263524048,9.817156461129201,9.704415265020828,9.730432464122758,761211.0,856022502.11,20230925,11.219999999999999,1.1530833846665551,20251015,20251015,1.021182
000001.SZ,1d,2023-09-26,9.73043246412276,9.765122062925336,9.661053266517607,9.678398065918895,444980.0,497885810.84000003,20230926,11.16,1.1530833846665551,20251015,20251015,1.021182
000001.SZ,1d,2023-09-27,9.669725666218252,9.73043246412276,9.669725666218252,9.68707046561954,490311.0,547905820.77,20230927,11.17,1.1530833846665551,20251015,20251015,1.021182
000001.SZ,1d,2023-09-28,9.704415265020828,9.747777263524048,9.695742865320183,9.71308766472147,520697.0,583649730.0400001,20230928,11.2,1.1530833846665551,20251015,20251015,1.021182
000001.SZ,1d,2023-10-09,9.678398065918895,9.68707046561954,9.591674068912454,9.635036067415674,695828.0,772959353.15,20231009,11.110000000000001,1.1530833846665551,20251015,20251015,1.021182
000001.SZ,1d,2023-10-10,9.704415265020828,9.71308766472147,9.556984470109876,9.556984470109876,820749.0,910160341.9,20231010,11.02,1.1530833846665551,20251015,20251015,1.021182
000001.SZ,1d,2023-10-11,9.617691268014386,9.617691268014386,9.504950071906013,9.5222948713073,724116.0,797663827.0,20231011,10.98,1.1530833846665551,20251015,20251015,1.021182
000001.SZ,1d,2023-10-12,9.635036067415674,9.678398065918895,9.574329269511166,9.635036067415674,853058.0,947562324.75,20231012,11.110000000000001,1.1530833846665551,20251015,20251015,1.021182
000001.SZ,1d,2023-10-13,9.565656869810521,9.600346468613097,9.496277672205368,9.53963967070859,684483.0,753110725.51,20231013,11.000000000000002,1.1530833846665551,20251015,20251015,1.021182
000001.SZ,1d,2023-10-16,9.53963967070859,9.565656869810521,9.496277672205368,9.548312070409233,501624.0,550988719.63,20231016,11.010000000000002,1.1530833846665551,20251015,20251015,1.021182
000001.SZ,1d,2023-10-17,9.548312070409233,9.583001669211809,9.504950071906013,9.556984470109878,493525.0,543170900.73,20231017,11.020000000000001,1.1530833846665551,20251015,20251015,1.021182
000001.SZ,1d,2023-10-18,9.530967271007944,9.556984470109876,9.46158807340279,9.496277672205366,651825.0,713979896.11,20231018,10.95,1.1530833846665551,20251015,20251015,1.021182
000001.SZ,1d,2023-10-19,9.46158807340279,9.470260473103435,9.184071282982178,9.19274368268282,1188961.0,1271914676.53,20231019,10.6,1.1530833846665551,20251015,20251015,1.021182
000001.SZ,1d,2023-10-20,9.1493816841796,9.25345048058733,9.114692085377024,9.19274368268282,526139.0,557618632.37,20231020,10.6,1.1530833846665551,20251015,20251015,1.021182
000001.SZ,1d,2023-10-23,9.184071282982178,9.19274368268282,9.04531288777187,9.10601968567638,530404.0,557032228.65,20231023,10.5,1.1530833846665551,20251015,20251015,1.021182
000001.SZ,1d,2023-10-24,9.140709284478955,9.201416082383465,9.053985287472514,9.1493816841796,760653.0,801528403.6700001,20231024,10.549999999999999,1.1530833846665551,20251015,20251015,1.021182
000001.SZ,1d,2023-10-25,9.114692085377024,9.140709284478955,8.984606089867361,9.001950889268649,1411450.0,1470971923.59,20231025,10.379999999999999,1.1530833846665551,20251015,20251015,1.021182
000001.SZ,1d,2023-10-26,8.94124409136414,9.036640488071226,8.932571691663497,9.027968088370582,599991.0,621915276.9,20231026,10.41,1.1530833846665551,20251015,20251015,1.021182
000001.SZ,1d,2023-10-27,9.00195088926865,9.088674886275092,8.958588890765428,9.062657687173159,919771.0,957587534.4300001,20231027,10.45,1.1530833846665551,20251015,20251015,1.021182
000001.SZ,1d,2023-10-30,9.019295688669938,9.080002486574447,8.975933690166716,9.062657687173159,805690.0,837646002.0400001,20231030,10.45,1.1530833846665551,20251015,20251015,1.021182
000001.SZ,1d,2023-10-31,9.04531288777187,9.097347285975736,9.027968088370582,9.071330086873804,652855.0,682212137.64,20231031,10.46,1.1530833846665551,20251015,20251015,1.021182
000001.SZ,1d,2023-11-01,9.149381684179602,9.158054083880245,9.062657687173159,9.088674886275092,567300.0,595211885.0,20231101,10.48,1.1530833846665551,20251015,20251015,1.021182
000001.SZ,1d,2023-11-02,9.10601968567638,9.192743682682822,9.080002486574447,9.088674886275092,619430.0,652316669.9300001,20231102,10.48,1.1530833846665551,20251015,20251015,1.021182
000001.SZ,1d,2023-11-03,9.097347285975736,9.123364485077667,9.04531288777187,9.088674886275092,705463.0,738879704.3000001,20231103,10.48,1.1530833846665551,20251015,20251015,1.021182
000001.SZ,1d,2023-11-06,9.114692085377024,9.270795279988619,9.114692085377024,9.270795279988619,1007062.0,1069206837.6800001,20231106,10.69,1.1530833846665551,20251015,20251015,1.021182
000001.SZ,1d,2023-11-07,9.244778080886686,9.244778080886686,9.175398883281533,9.19274368268282,640866.0,679815569.19,20231107,10.6,1.1530833846665551,20251015,20251015,1.021182
000001.SZ,1d,2023-11-08,9.175398883281535,9.192743682682822,9.062657687173159,9.106019685676381,877819.0,923622008.1100001,20231108,10.500000000000002,1.1530833846665551,20251015,20251015,1.021182
000001.SZ,1d,2023-11-09,9.071330086873802,9.123364485077667,9.04531288777187,9.097347285975736,639136.0,669639052.44,20231109,10.49,1.1530833846665551,20251015,20251015,1.021182
000001.SZ,1d,2023-11-10,9.062657687173159,9.080002486574447,8.923899291962853,8.932571691663497,1045044.0,1080649733.9800003,20231110,10.3,1.1530833846665551,20251015,20251015,1.021182
000001.SZ,1d,2023-11-13,8.94124409136414,8.958588890765428,8.863192494058344,8.889209693160275,770043.0,789007117.83,20231113,10.25,1.1530833846665551,20251015,20251015,1.021182
000001.SZ,1d,2023-11-14,8.880537293459632,8.958588890765428,8.871864893758987,8.906554492561563,596859.0,613377697.97,20231114,10.27,1.1530833846665551,20251015,20251015,1.021182
000001.SZ,1d,2023-11-15,8.993278489568004,9.062657687173159,8.967261290466073,8.993278489568004,1109140.0,1152154780.3400002,20231115,10.37,1.1530833846665551,20251015,20251015,1.021182
000001.SZ,1d,2023-11-16,9.00195088926865,9.010623288969294,8.871864893758987,8.880537293459632,922622.0,948395097.3299999,20231116,10.24,1.1530833846665551,20251015,20251015,1.021182
000001.SZ,1d,2023-11-17,8.863192494058344,8.889209693160277,8.776468497051901,8.802485696153834,903362.0,917616681.2800001,20231117,10.15,1.1530833846665551,20251015,20251015,1.021182
000001.SZ,1d,2023-11-20,8.802485696153834,8.863192494058342,8.759123697650612,8.83717529495641,639528.0,650077370.01,20231120,10.19,1.1530833846665551,20251015,20251015,1.021182
000001.SZ,1d,2023-11-21,8.871864893758987,8.975933690166718,8.863192494058344,8.91522689226221,1041166.0,1072311504.28,20231121,10.280000000000001,1.1530833846665551,20251015,20251015,1.021182
000001.SZ,1d,2023-11-22,8.89788209286092,8.94124409136414,8.79381329645319,8.811158095854477,737490.0,753064757.94,20231122,10.16,1.1530833846665551,20251015,20251015,1.021182
000001.SZ,1d,2023-11-23,8.802485696153834,8.811158095854477,8.73310649854868,8.802485696153834,846656.0,855904311.98,20231123,10.15,1.1530833846665551,20251015,20251015,1.021182
000001.SZ,1d,2023-11-24,8.767796097351257,8.785140896752546,8.741778898249324,8.759123697650612,684695.0,691423444.34,20231124,10.1,1.1530833846665551,20251015,20251015,1.021182
000001.SZ,1d,2023-11-27,8.750451297949969,8.750451297949969,8.64638250154224,8.681072100344815,836188.0,836268368.7500001,20231127,10.01,1.1530833846665551,20251015,20251015,1.021182
000001.SZ,1d,2023-11-28,8.663727300943528,8.68974450004546,8.629037702140952,8.629037702140952,786175.0,784405804.65,20231128,9.950000000000001,1.1530833846665551,20251015,20251015,1.021182
000001.SZ,1d,2023-11-29,8.629037702140952,8.64638250154224,8.412227709624847,8.429572509026135,1467597.0,1438320264.1100001,20231129,9.72,1.1530833846665551,20251015,20251015,1.021182
000001.SZ,1d,2023-11-30,8.403555309924203,8.438244908726778,8.342848512019694,8.39488291022356,901765.0,871481712.43,20231130,9.680000000000001,1.1530833846665551,20251015,20251015,1.021182
000001.SZ,1d,2023-12-01,8.368865711121625,8.394882910223558,8.308158913217117,8.37753811082227,778057.0,749668363.8499999,20231201,9.66,1.1530833846665551,20251015,20251015,1.021182
000001.SZ,1d,2023-12-04,8.386210510522913,8.394882910223558,8.334176112319048,8.351520911720336,605438.0,583664338.41,20231204,9.629999999999999,1.1530833846665551,20251015,20251015,1.021182
000001.SZ,1d,2023-12-05,8.33417611231905,8.342848512019694,8.21276251651003,8.221434916210674,787378.0,750961219.91,20231205,9.48,1.1530833846665551,20251015,20251015,1.021182
000001.SZ,1d,2023-12-06,8.186745317408096,8.299486513516472,8.15205571860552,8.238779715611962,753056.0,714029468.7,20231206,9.5,1.1530833846665551,20251015,20251015,1.021182
000001.SZ,1d,2023-12-07,8.230107315911319,8.230107315911319,8.134710919204233,8.186745317408098,585380.0,552224831.1700001,20231207,9.440000000000001,1.1530833846665551,20251015,20251015,1.021182
000001.SZ,1d,2023-12-08,8.160728118306166,8.195417717108743,8.06533172159908,8.06533172159908,1021152.0,957664580.59,20231208,9.3,1.1530833846665551,20251015,20251015,1.021182
000001.SZ,1d,2023-12-11,7.995952523993926,8.134710919204233,7.917900926688129,8.108693720102302,1133663.0,1044765734.9000001,20231211,9.350000000000001,1.1530833846665551,20251015,20251015,1.021182
000001.SZ,1d,2023-12-12,8.074004121299724,8.238779715611962,8.06533172159908,8.169400518006809,855016.0,805067628.4599999,20231212,9.42,1.1530833846665551,20251015,20251015,1.021182
000001.SZ,1d,2023-12-13,8.134710919204233,8.143383318904878,7.935245726089417,7.943918125790061,1061302.0,981001231.48,20231213,9.16,1.1530833846665551,20251015,20251015,1.021182
000001.SZ,1d,2023-12-14,7.9872801242932825,8.047986922197792,7.935245726089417,7.935245726089417,742901.0,683211465.8,20231214,9.15,1.1530833846665551,20251015,20251015,1.021182
000001.SZ,1d,2023-12-15,7.978607724592637,8.1086937201023,7.969935324891993,7.987280124293281,988939.0,915126127.17,20231215,9.209999999999999,1.1530833846665551,20251015,20251015,1.021182
000001.SZ,1d,2023-12-18,7.961262925191349,8.013297323395214,7.883211327885552,7.9179009266881275,654426.0,599379044.02,20231218,9.129999999999999,1.1530833846665551,20251015,20251015,1.021182
000001.SZ,1d,2023-12-19,7.9092285269874845,7.952590525490705,7.865866528484263,7.891883727586196,644071.0,586716664.2800001,20231219,9.1,1.1530833846665551,20251015,20251015,1.021182
000001.SZ,1d,2023-12-20,7.90055612728684,7.935245726089415,7.8311769296816856,7.8311769296816856,715634.0,650511342.87,20231220,9.03,1.1530833846665551,20251015,20251015,1.021182
000001.SZ,1d,2023-12-21,7.813832130280398,7.969935324891993,7.79648733087911,7.952590525490705,1017047.0,925407072.91,20231221,9.17,1.1530833846665551,20251015,20251015,1.021182
000001.SZ,1d,2023-12-22,7.969935324891993,8.04798692219779,7.90055612728684,7.978607724592637,1005645.0,924998769.19,20231222,9.2,1.1530833846665551,20251015,20251015,1.021182
000001.SZ,1d,2023-12-25,7.961262925191349,7.978607724592639,7.926573326388773,7.969935324891995,413971.0,379638233.73,20231225,9.190000000000001,1.1530833846665551,20251015,20251015,1.021182
000001.SZ,1d,2023-12-26,7.969935324891993,7.978607724592639,7.865866528484263,7.891883727586196,541896.0,493746622.76,20231226,9.1,1.1530833846665551,20251015,20251015,1.021182
000001.SZ,1d,2023-12-27,7.891883727586196,7.9179009266881275,7.822504529981042,7.909228526987484,641534.0,582036660.6800001,20231227,9.12,1.1530833846665551,20251015,20251015,1.021182
000001.SZ,1d,2023-12-28,7.90055612728684,8.21276251651003,7.874538928184907,8.195417717108741,1661592.0,1550256590.5900002,20231228,9.45,1.1530833846665551,20251015,20251015,1.021182
000001.SZ,1d,2023-12-29,8.169400518006809,8.221434916210674,8.1086937201023,8.143383318904876,853853.0,803196743.82,20231229,9.389999999999999,1.1530833846665551,20251015,20251015,1.021182
000001.SZ,1d,2024-01-02,8.143383318904878,8.16940051800681,7.9872801242932825,7.9872801242932825,1158366.0,1075742252.45,20240102,9.21,1.1530833846665551,20251015,20251015,1.021182
000001.SZ,1d,2024-01-03,7.969935324891993,7.995952523993926,7.935245726089417,7.978607724592639,733610.0,673673613.54,20240103,9.200000000000001,1.1530833846665551,20251015,20251015,1.021182
000001.SZ,1d,2024-01-04,7.969935324891993,7.969935324891993,7.874538928184907,7.90055612728684,864194.0,787470082.3700001,20240104,9.11,1.1530833846665551,20251015,20251015,1.021182
000001.SZ,1d,2024-01-05,7.891883727586196,8.186745317408096,7.865866528484263,8.039314522497147,1991622.0,1852659692.14,20240105,9.27,1.1530833846665551,20251015,20251015,1.021182
000001.SZ,1d,2024-01-08,8.00462492369457,8.065331721599078,7.90055612728684,7.935245726089415,1121156.0,1029006548.7299999,20240108,9.149999999999999,1.1530833846665551,20251015,20251015,1.021182
000001.SZ,1d,2024-01-09,7.943918125790061,7.969935324891993,7.883211327885552,7.961262925191349,766194.0,700375720.2,20240109,9.18,1.1530833846665551,20251015,20251015,1.021182
000001.SZ,1d,2024-01-10,7.943918125790061,7.969935324891993,7.883211327885552,7.883211327885552,858621.0,783771150.0100001,20240110,9.09,1.1530833846665551,20251015,20251015,1.021182
000001.SZ,1d,2024-01-11,7.874538928184907,7.995952523993925,7.8311769296816856,7.952590525490705,934686.0,853890237.2900001,20240111,9.17,1.1530833846665551,20251015,20251015,1.021182
000001.SZ,1d,2024-01-12,7.9179009266881275,8.039314522497147,7.90055612728684,7.969935324891993,772582.0,711018266.0699999,20240112,9.19,1.1530833846665551,20251015,20251015,1.021182
000001.SZ,1d,2024-01-15,7.943918125790061,8.056659321898437,7.917900926688129,7.9872801242932825,745133.0,685950951.4499999,20240115,9.21,1.1530833846665551,20251015,20251015,1.021182
000001.SZ,1d,2024-01-16,7.969935324891993,8.1086937201023,7.943918125790061,8.100021320401655,1438313.0,1334465408.5300002,20240116,9.34,1.1530833846665551,20251015,20251015,1.021182
000001.SZ,1d,2024-01-17,8.091348920701012,8.143383318904878,8.00462492369457,8.00462492369457,1482296.0,1380725065.0300002,20240117,9.23,1.1530833846665551,20251015,20251015,1.021182
000001.SZ,1d,2024-01-18,7.9872801242932825,8.013297323395214,7.805159730579754,7.978607724592637,1755132.0,1597853726.63,20240118,9.2,1.1530833846665551,20251015,20251015,1.021182
000001.SZ,1d,2024-01-19,7.943918125790061,7.978607724592637,7.891883727586196,7.952590525490705,963981.0,881865023.89,20240119,9.17,1.1530833846665551,20251015,20251015,1.021182
000001.SZ,1d,2024-01-22,7.943918125790061,8.030642122796504,7.839849329382331,7.891883727586197,1580320.0,1449858241.68,20240122,9.100000000000001,1.1530833846665551,20251015,20251015,1.021182
000001.SZ,1d,2024-01-23,7.848521729082975,7.961262925191351,7.770470131777178,7.943918125790061,1135545.0,1030898421.0400001,20240123,9.16,1.1530833846665551,20251015,20251015,1.021182
000001.SZ,1d,2024-01-24,8.00462492369457,8.100021320401655,7.865866528484263,8.091348920701012,1759123.0,1620099272.06,20240124,9.33,1.1530833846665551,20251015,20251015,1.021182
000001.SZ,1d,2024-01-25,8.091348920701012,8.27346931441454,8.039314522497147,8.238779715611962,2162514.0,2037648413.07,20240125,9.5,1.1530833846665551,20251015,20251015,1.021182
000001.SZ,1d,2024-01-26,8.212762516510029,8.386210510522913,8.186745317408096,8.342848512019692,2272287.0,2172799799.0099998,20240126,9.62,1.1530833846665551,20251015,20251015,1.021182
000001.SZ,1d,2024-01-29,8.4035553099242,8.568330904236442,8.308158913217117,8.412227709624846,2376252.0,2312173346.33,20240129,9.7,1.1530833846665551,20251015,20251015,1.021182
000001.SZ,1d,2024-01-30,8.334176112319048,8.412227709624847,8.230107315911319,8.238779715611962,1579122.0,1515156603.9600003,20240130,9.5,1.1530833846665551,20251015,20251015,1.021182
000001.SZ,1d,2024-01-31,8.204090116809386,8.290814113815827,8.134710919204233,8.204090116809386,1357217.0,1286857396.81,20240131,9.46,1.1530833846665551,20251015,20251015,1.021182
000001.SZ,1d,2024-02-01,8.160728118306166,8.221434916210674,8.100021320401655,8.160728118306166,1055260.0,993481907.01,20240201,9.41,1.1530833846665551,20251015,20251015,1.021182
000001.SZ,1d,2024-02-02,8.169400518006809,8.21276251651003,7.865866528484263,8.039314522497147,1634214.0,1520605694.69,20240202,9.27,1.1530833846665551,20251015,20251015,1.021182
000001.SZ,1d,2024-02-05,7.969935324891993,8.178072917707453,7.90055612728684,8.134710919204231,1803592.0,1674566499.4600003,20240205,9.379999999999999,1.1530833846665551,20251015,20251015,1.021182
000001.SZ,1d,2024-02-06,8.06533172159908,8.39488291022356,8.056659321898437,8.39488291022356,1995410.0,1900324218.2000003,20240206,9.680000000000001,1.1530833846665551,20251015,20251015,1.021182
000001.SZ,1d,2024-02-07,8.342848512019694,8.386210510522913,8.221434916210674,8.33417611231905,2062015.0,1975435102.1200001,20240207,9.610000000000001,1.1530833846665551,20251015,20251015,1.021182
000001.SZ,1d,2024-02-08,8.308158913217117,8.386210510522913,8.256124515013251,8.386210510522913,1656814.0,1593505690.1299999,20240208,9.67,1.1530833846665551,20251015,20251015,1.021182
000001.SZ,1d,2024-02-19,8.464262107828711,8.507624106331932,8.368865711121625,8.507624106331932,1605243.0,1564088444.93,20240219,9.81,1.1530833846665551,20251015,20251015,1.021182
000001.SZ,1d,2024-02-20,8.490279306930644,8.533641305433864,8.438244908726778,8.516296506032576,1123564.0,1098987813.26,20240220,9.82,1.1530833846665551,20251015,20251015,1.021182
000001.SZ,1d,2024-02-21,8.481606907229999,9.366191676695705,8.472934507529354,9.366191676695705,5055285.0,5295259396.809999,20240221,10.799999999999999,1.1530833846665551,20251015,20251015,1.021182
000001.SZ,1d,2024-02-22,9.236105681186043,9.46158807340279,9.21008848208411,9.452915673702147,4922325.0,5307736374.06,20240222,10.9,1.1530833846665551,20251015,20251015,1.021182
000001.SZ,1d,2024-02-23,9.435570874300858,9.747777263524048,9.400881275498282,9.409553675198925,3567480.0,3917316281.52,20240223,10.85,1.1530833846665551,20251015,20251015,1.021182
000001.SZ,1d,2024-02-26,9.348846877294417,9.43557087430086,9.10601968567638,9.132036884778312,2862609.0,3048205024.7799997,20240226,10.53,1.1530833846665551,20251015,20251015,1.021182
000001.SZ,1d,2024-02-27,9.097347285975736,9.192743682682822,9.071330086873804,9.10601968567638,1981905.0,2083027074.06,20240227,10.5,1.1530833846665551,20251015,20251015,1.021182
000001.SZ,1d,2024-02-28,9.114692085377024,9.279467679689263,9.019295688669938,9.097347285975736,3082693.0,3253340358.41,20240228,10.49,1.1530833846665551,20251015,20251015,1.021182
000001.SZ,1d,2024-02-29,9.036640488071226,9.184071282982178,9.027968088370582,9.184071282982178,1845344.0,1936020982.56,20240229,10.59,1.1530833846665551,20251015,20251015,1.021182
000001.SZ,1d,2024-03-01,9.184071282982178,9.19274368268282,9.04531288777187,9.097347285975736,1828103.0,1917689306.77,20240301,10.49,1.1530833846665551,20251015,20251015,1.021182
000001.SZ,1d,2024-03-04,9.062657687173159,9.10601968567638,8.949916491064785,8.958588890765428,1655930.0,1719562862.03,20240304,10.33,1.1530833846665551,20251015,20251015,1.021182
000001.SZ,1d,2024-03-05,8.932571691663496,9.080002486574447,8.89788209286092,9.04531288777187,1817319.0,1889144330.1599998,20240305,10.43,1.1530833846665551,20251015,20251015,1.021182
000001.SZ,1d,2024-03-06,9.019295688669938,9.062657687173159,8.958588890765428,8.958588890765428,1345640.0,1396940060.4199998,20240306,10.33,1.1530833846665551,20251015,20251015,1.021182
000001.SZ,1d,2024-03-07,8.958588890765428,9.227433281485398,8.958588890765428,9.00195088926865,2016166.0,2109589237.19,20240307,10.38,1.1530833846665551,20251015,20251015,1.021182
000001.SZ,1d,2024-03-08,8.975933690166718,9.053985287472516,8.932571691663497,9.00195088926865,1113974.0,1154491251.2299998,20240308,10.38,1.1530833846665551,20251015,20251015,1.021182
000001.SZ,1d,2024-03-11,9.001950889268649,9.080002486574447,8.967261290466073,9.080002486574447,1210673.0,1260212019.6599998,20240311,10.47,1.1530833846665551,20251015,20251015,1.021182
000001.SZ,1d,2024-03-12,9.088674886275092,9.184071282982178,9.027968088370582,9.158054083880245,1641262.0,1721999708.11,20240312,10.56,1.1530833846665551,20251015,20251015,1.021182
000001.SZ,1d,2024-03-13,9.132036884778314,9.149381684179602,8.932571691663497,8.958588890765428,1768039.0,1834654994.4,20240313,10.33,1.1530833846665551,20251015,20251015,1.021182
000001.SZ,1d,2024-03-14,8.932571691663497,9.00195088926865,8.845847694657055,8.871864893758987,1409400.0,1448499697.91,20240314,10.23,1.1530833846665551,20251015,20251015,1.021182
000001.SZ,1d,2024-03-15,9.149381684179602,9.322829678192484,9.10601968567638,9.19274368268282,3750208.0,3973799130.9,20240315,10.6,1.1530833846665551,20251015,20251015,1.021182
000001.SZ,1d,2024-03-18,9.158054083880245,9.201416082383465,9.097347285975736,9.140709284478957,1671397.0,1761249149.98,20240318,10.540000000000001,1.1530833846665551,20251015,20251015,1.021182
000001.SZ,1d,2024-03-19,9.132036884778314,9.140709284478957,9.010623288969294,9.019295688669938,1293216.0,1351069630.23,20240319,10.4,1.1530833846665551,20251015,20251015,1.021182
000001.SZ,1d,2024-03-20,9.00195088926865,9.080002486574447,8.993278489568006,9.062657687173159,872663.0,910278572.98,20240320,10.450000000000001,1.1530833846665551,20251015,20251015,1.021182
000001.SZ,1d,2024-03-21,9.062657687173159,9.123364485077667,9.036640488071226,9.080002486574447,864466.0,905422293.6700001,20240321,10.47,1.1530833846665551,20251015,20251015,1.021182
000001.SZ,1d,2024-03-22,9.062657687173159,9.062657687173159,8.94124409136414,8.984606089867363,1028142.0,1065535606.11,20240322,10.360000000000001,1.1530833846665551,20251015,20251015,1.021182
000001.SZ,1d,2024-03-25,8.975933690166716,9.097347285975736,8.949916491064785,9.019295688669938,953202.0,993304120.45,20240325,10.4,1.1530833846665551,20251015,20251015,1.021182
000001.SZ,1d,2024-03-26,9.062657687173159,9.244778080886686,9.036640488071226,9.19274368268282,1740021.0,1835376190.72,20240326,10.6,1.1530833846665551,20251015,20251015,1.021182
000001.SZ,1d,2024-03-27,9.158054083880245,9.218760881784753,9.114692085377024,9.132036884778312,1274136.0,1347397150.36,20240327,10.53,1.1530833846665551,20251015,20251015,1.021182
000001.SZ,1d,2024-03-28,9.114692085377024,9.16672648358089,9.00195088926865,9.097347285975736,1302189.0,1362980388.48,20240328,10.49,1.1530833846665551,20251015,20251015,1.021182
000001.SZ,1d,2024-03-29,9.062657687173159,9.16672648358089,9.04531288777187,9.123364485077667,872759.0,917332315.96,20240329,10.52,1.1530833846665551,20251015,20251015,1.021182
000001.SZ,1d,2024-04-01,9.123364485077667,9.236105681186043,9.114692085377024,9.227433281485398,1191088.0,1261770380.39,20240401,10.64,1.1530833846665551,20251015,20251015,1.021182
000001.SZ,1d,2024-04-02,9.218760881784753,9.262122880287974,9.132036884778312,9.1493816841796,1085458.0,1149700799.95,20240402,10.549999999999999,1.1530833846665551,20251015,20251015,1.021182
000001.SZ,1d,2024-04-03,9.132036884778312,9.149381684179602,9.036640488071226,9.071330086873802,981846.0,1028648883.4300001,20240403,10.459999999999999,1.1530833846665551,20251015,20251015,1.021182
000001.SZ,1d,2024-04-08,9.036640488071228,9.097347285975736,8.993278489568006,9.045312887771871,906361.0,945290441.32,20240408,10.430000000000001,1.1530833846665551,20251015,20251015,1.021182
000001.SZ,1d,2024-04-09,9.04531288777187,9.080002486574447,8.984606089867361,9.019295688669937,857157.0,891468991.0099999,20240409,10.399999999999999,1.1530833846665551,20251015,20251015,1.021182
000001.SZ,1d,2024-04-10,9.001950889268649,9.027968088370582,8.906554492561563,8.915226892262208,1246391.0,1288696196.29,20240410,10.28,1.1530833846665551,20251015,20251015,1.021182
000001.SZ,1d,2024-04-11,8.880537293459632,8.923899291962853,8.776468497051901,8.889209693160277,1010213.0,1030820137.3900001,20240411,10.250000000000002,1.1530833846665551,20251015,20251015,1.021182
000001.SZ,1d,2024-04-12,8.863192494058344,8.906554492561565,8.707089299446748,8.724434098848036,1305454.0,1322011753.93,20240412,10.06,1.1530833846665551,20251015,20251015,1.021182
000001.SZ,1d,2024-04-15,8.73310649854868,8.949916491064785,8.724434098848036,8.923899291962853,1453203.0,1486326196.0100002,20240415,10.290000000000001,1.1530833846665551,20251015,20251015,1.021182
000001.SZ,1d,2024-04-16,8.91522689226221,9.010623288969294,8.863192494058344,8.91522689226221,1478036.0,1523138499.07,20240416,10.280000000000001,1.1530833846665551,20251015,20251015,1.021182
000001.SZ,1d,2024-04-17,8.897882092860922,9.218760881784755,8.8545200943577,9.21008848208411,2232641.0,2337576586.88,20240417,10.620000000000001,1.1530833846665551,20251015,20251015,1.021182
000001.SZ,1d,2024-04-18,9.175398883281533,9.565656869810521,9.158054083880245,9.366191676695705,3165914.0,3427338981.81,20240418,10.8,1.1530833846665551,20251015,20251015,1.021182
000001.SZ,1d,2024-04-19,9.288140079389908,9.383536476096994,9.244778080886686,9.270795279988619,1457675.0,1562376146.58,20240419,10.69,1.1530833846665551,20251015,20251015,1.021182
000001.SZ,1d,2024-04-22,9.227433281485398,9.37486407639635,9.062657687173159,9.106019685676381,2009818.0,2125722741.4099998,20240422,10.500000000000002,1.1530833846665551,20251015,20251015,1.021182
000001.SZ,1d,2024-04-23,9.114692085377024,9.236105681186043,9.071330086873804,9.140709284478957,1240027.0,1308866093.1299999,20240423,10.540000000000001,1.1530833846665551,20251015,20251015,1.021182
000001.SZ,1d,2024-04-24,9.12336448507767,9.16672648358089,9.071330086873804,9.132036884778314,941568.0,989093538.21,20240424,10.530000000000001,1.1530833846665551,20251015,20251015,1.021182
000001.SZ,1d,2024-04-25,9.10601968567638,9.21008848208411,9.088674886275092,9.201416082383467,1113812.0,1176304524.8600001,20240425,10.610000000000001,1.1530833846665551,20251015,20251015,1.021182
000001.SZ,1d,2024-04-26,9.184071282982178,9.25345048058733,9.088674886275092,9.19274368268282,1607628.0,1698581436.96,20240426,10.6,1.1530833846665551,20251015,20251015,1.021182
000001.SZ,1d,2024-04-29,9.158054083880243,9.452915673702147,9.123364485077667,9.374864076396348,2169177.0,2337350883.73,20240429,10.809999999999999,1.1530833846665551,20251015,20251015,1.021182
000001.SZ,1d,2024-04-30,9.366191676695705,9.43557087430086,9.305484878791196,9.357519276995061,1324557.0,1431407709.3700001,20240430,10.790000000000001,1.1530833846665551,20251015,20251015,1.021182
000001.SZ,1d,2024-05-06,9.504950071906011,9.635036067415674,9.400881275498282,9.444243274001503,1784101.0,1953817493.43,20240506,10.89,1.1530833846665551,20251015,20251015,1.021182
000001.SZ,1d,2024-05-07,9.426898474600213,9.444243274001503,9.331502077893129,9.435570874300858,1087057.0,1176786412.82,20240507,10.879999999999999,1.1530833846665551,20251015,20251015,1.021182
000001.SZ,1d,2024-05-08,9.400881275498282,9.43557087430086,9.288140079389908,9.305484878791196,1221791.0,1318611999.65,20240508,10.73,1.1530833846665551,20251015,20251015,1.021182
000001.SZ,1d,2024-05-09,9.288140079389908,9.383536476096994,9.288140079389908,9.331502077893129,1069461.0,1150726857.51,20240509,10.760000000000002,1.1530833846665551,20251015,20251015,1.021182
000001.SZ,1d,2024-05-10,9.340174477593772,9.504950071906011,9.331502077893129,9.487605272504723,1767836.0,1923452176.8400002,20240510,10.94,1.1530833846665551,20251015,20251015,1.021182
000001.SZ,1d,2024-05-13,9.452915673702147,9.548312070409231,9.37486407639635,9.513622471606656,1402499.0,1530058919.54,20240513,10.97,1.1530833846665551,20251015,20251015,1.021182
000001.SZ,1d,2024-05-14,9.539639670708588,9.591674068912454,9.43557087430086,9.46158807340279,1075784.0,1176577328.23,20240514,10.91,1.1530833846665551,20251015,20251015,1.021182
000001.SZ,1d,2024-05-15,9.452915673702147,9.470260473103435,9.37486407639635,9.392208875797637,868297.0,942907950.4999999,20240515,10.83,1.1530833846665551,20251015,20251015,1.021182
000001.SZ,1d,2024-05-16,9.409553675198925,9.721760064422117,9.392208875797637,9.68707046561954,3076292.0,3410151917.15,20240516,11.17,1.1530833846665551,20251015,20251015,1.021182
000001.SZ,1d,2024-05-17,9.695742865320184,9.903880458135644,9.652380866816964,9.903880458135644,2841749.0,3200736554.36,20240517,11.42,1.1530833846665551,20251015,20251015,1.021182
000001.SZ,1d,2024-05-20,9.912552857836287,9.99927685484273,9.808484061428558,9.869190859333067,2170210.0,2475290152.11,20240520,11.38,1.1530833846665551,20251015,20251015,1.021182
000001.SZ,1d,2024-05-21,9.817156461129201,10.077328452148528,9.808484061428558,10.016621654244018,2030049.0,2336192874.9700003,20240521,11.55,1.1530833846665551,20251015,20251015,1.021182
000001.SZ,1d,2024-05-22,10.025294053944663,10.181397248556257,9.938570056938222,10.025294053944663,2115531.0,2458448969.6600003,20240522,11.56,1.1530833846665551,20251015,20251015,1.021182
000001.SZ,1d,2024-05-23,9.99927685484273,10.051311253046595,9.860518459632424,9.886535658734354,1841623.0,2110799281.76,20240523,11.4,1.1530833846665551,20251015,20251015,1.021182
000001.SZ,1d,2024-05-24,9.860518459632424,9.964587256040152,9.799811661727913,9.808484061428558,1398276.0,1593330336.42,20240524,11.31,1.1530833846665551,20251015,20251015,1.021182
000001.SZ,1d,2024-05-27,9.808484061428558,9.99927685484273,9.808484061428558,9.98193205544144,1454361.0,1663272117.57,20240527,11.51,1.1530833846665551,20251015,20251015,1.021182
000001.SZ,1d,2024-05-28,9.973259655740797,10.04263885334595,9.851846059931779,9.886535658734354,1204323.0,1377107203.9099998,20240528,11.399999999999999,1.1530833846665551,20251015,20251015,1.021182
000001.SZ,1d,2024-05-29,9.869190859333067,9.929897657237577,9.739104863823405,9.765122062925336,1444811.0,1635445613.13,20240529,11.26,1.1530833846665551,20251015,20251015,1.021182
000001.SZ,1d,2024-05-30,9.747777263524048,9.83450126053049,9.591674068912454,9.64370846711632,1325496.0,1481608711.0200002,20240530,11.120000000000001,1.1530833846665551,20251015,20251015,1.021182
000001.SZ,1d,2024-05-31,9.661053266517605,9.704415265020828,9.635036067415674,9.635036067415674,826707.0,921248145.59,20240531,11.11,1.1530833846665551,20251015,20251015,1.021182
000001.SZ,1d,2024-06-03,9.64370846711632,9.652380866816964,9.46158807340279,9.5222948713073,1326697.0,1456086023.6200001,20240603,10.98,1.1530833846665551,20251015,20251015,1.021182
000001.SZ,1d,2024-06-04,9.496277672205366,9.583001669211809,9.46158807340279,9.556984470109876,981005.0,1079356560.6100001,20240604,11.02,1.1530833846665551,20251015,20251015,1.021182
000001.SZ,1d,2024-06-05,9.574329269511166,9.600346468613097,9.426898474600215,9.426898474600215,1018968.0,1114155998.81,20240605,10.870000000000001,1.1530833846665551,20251015,20251015,1.021182
000001.SZ,1d,2024-06-06,9.452915673702147,9.5222948713073,9.43557087430086,9.452915673702147,1049332.0,1145989425.79,20240606,10.9,1.1530833846665551,20251015,20251015,1.021182
000001.SZ,1d,2024-06-07,9.470260473103435,9.548312070409231,9.444243274001503,9.530967271007944,1170126.0,1281662985.8,20240607,10.99,1.1530833846665551,20251015,20251015,1.021182
000001.SZ,1d,2024-06-11,9.5222948713073,9.556984470109878,9.357519276995061,9.426898474600215,1337629.0,1452841956.8899999,20240611,10.870000000000001,1.1530833846665551,20251015,20251015,1.021182
000001.SZ,1d,2024-06-12,9.409553675198925,9.46158807340279,9.348846877294417,9.435570874300858,957426.0,1037927497.39,20240612,10.879999999999999,1.1530833846665551,20251015,20251015,1.021182
000001.SZ,1d,2024-06-13,9.444243274001503,9.47893287280408,9.366191676695705,9.366191676695705,1203508.0,1304403407.0500002,20240613,10.8,1.1530833846665551,20251015,20251015,1.021182
000001.SZ,1d,2024-06-14,9.431229644458712,9.505564459390406,9.282560014595322,9.459105200058096,1637990.0,1657433954.94,20240614,10.18,1.076211733001709,20251015,20251015,1.021182
000001.SZ,1d,2024-06-17,9.412645940725788,9.440521496325173,9.36618668139348,9.384770385126401,681217.0,688669914.12,20240617,10.1,1.076211733001709,20251015,20251015,1.021182
000001.SZ,1d,2024-06-18,9.394062236992864,9.440521496325173,9.329019273927633,9.36618668139348,700653.0,707829471.51,20240618,10.08,1.076211733001709,20251015,20251015,1.021182
000001.SZ,1d,2024-06-19,9.384770385126401,9.486980755657482,9.36618668139348,9.431229644458712,796184.0,807676192.22,20240619,10.15,1.076211733001709,20251015,20251015,1.021182
000001.SZ,1d,2024-06-20,9.440521496325173,9.449813348191634,9.338311125794094,9.338311125794094,629628.0,635070262.4,20240620,10.05,1.076211733001709,20251015,20251015,1.021182
000001.SZ,1d,2024-06-21,9.338311125794094,9.375478533259942,9.245392607129476,9.291851866461785,830545.0,831176895.4200001,20240621,10.000000000000002,1.076211733001709,20251015,20251015,1.021182
000001.SZ,1d,2024-06-24,9.2639763108624,9.356894829527016,9.180349644064243,9.273268162728861,947082.0,944907465.65,20240624,9.98,1.076211733001709,20251015,20251015,1.021182
000001.SZ,1d,2024-06-25,9.282560014595322,9.412645940725788,9.273268162728861,9.36618668139348,769993.0,775332071.89,20240625,10.08,1.076211733001709,20251015,20251015,1.021182
000001.SZ,1d,2024-06-26,9.347602977660554,9.412645940725787,9.310435570194707,9.36618668139348,628599.0,633763882.0899999,20240626,10.08,1.076211733001709,20251015,20251015,1.021182
000001.SZ,1d,2024-06-27,9.347602977660555,9.486980755657482,9.291851866461784,9.412645940725788,928882.0,938954397.5,20240627,10.13,1.076211733001709,20251015,20251015,1.021182
000001.SZ,1d,2024-06-28,9.384770385126401,9.533440014989791,9.37547853325994,9.431229644458712,918090.0,933947813.42,20240628,10.15,1.076211733001709,20251015,20251015,1.021182
000001.SZ,1d,2024-07-01,9.375478533259942,9.617066681787948,9.329019273927633,9.617066681787948,1343051.0,1372549619.58,20240701,10.350000000000001,1.076211733001709,20251015,20251015,1.021182
000001.SZ,1d,2024-07-02,9.570607422455637,9.73786075605195,9.552023718722713,9.663525941120254,1384386.0,1440864390.61,20240702,10.399999999999999,1.076211733001709,20251015,20251015,1.021182
000001.SZ,1d,2024-07-03,9.663525941120255,9.691401496719642,9.561315570589176,9.5798992743221,713067.0,737326421.1600001,20240703,10.31,1.076211733001709,20251015,20251015,1.021182
000001.SZ,1d,2024-07-04,9.57060742245564,9.644942237387333,9.524148163123328,9.533440014989791,735044.0,757464386.79,20240704,10.26,1.076211733001709,20251015,20251015,1.021182
000001.SZ,1d,2024-07-05,9.533440014989791,9.561315570589175,9.21751705153009,9.2639763108624,1713354.0,1721256576.49,20240705,9.97,1.076211733001709,20251015,20251015,1.021182
000001.SZ,1d,2024-07-08,9.236100755263013,9.310435570194707,9.152474088464857,9.226808903396552,868660.0,864791776.33,20240708,9.93,1.076211733001709,20251015,20251015,1.021182
000001.SZ,1d,2024-07-09,9.236100755263013,9.384770385126401,9.208225199663628,9.356894829527016,1032485.0,1034316510.76,20240709,10.07,1.076211733001709,20251015,20251015,1.021182
000001.SZ,1d,2024-07-10,9.356894829527016,9.477688903791021,9.338311125794094,9.42193779259225,873865.0,886626727.3,20240710,10.14,1.076211733001709,20251015,20251015,1.021182
000001.SZ,1d,2024-07-11,9.486980755657482,9.505564459390406,9.356894829527016,9.412645940725788,721392.0,731789332.33,20240711,10.13,1.076211733001709,20251015,20251015,1.021182
000001.SZ,1d,2024-07-12,9.403354088859327,9.5798992743221,9.403354088859327,9.5798992743221,1214164.0,1246877665.6,20240712,10.31,1.076211733001709,20251015,20251015,1.021182
000001.SZ,1d,2024-07-15,9.5798992743221,9.617066681787946,9.533440014989791,9.598482978055022,869412.0,896975833.1600001,20240715,10.33,1.076211733001709,20251015,20251015,1.021182
000001.SZ,1d,2024-07-16,9.598482978055022,9.635650385520872,9.514856311256867,9.57060742245564,943008.0,971564894.83,20240716,10.3,1.076211733001709,20251015,20251015,1.021182
000001.SZ,1d,2024-07-17,9.570607422455637,9.68210964485318,9.552023718722713,9.663525941120254,1220168.0,1266412580.0,20240717,10.399999999999999,1.076211733001709,20251015,20251015,1.021182
000001.SZ,1d,2024-07-18,9.644942237387333,9.691401496719642,9.57060742245564,9.672817792986718,1087061.0,1127365070.67,20240718,10.41,1.076211733001709,20251015,20251015,1.021182
000001.SZ,1d,2024-07-19,9.644942237387333,9.682109644853181,9.561315570589176,9.635650385520872,898723.0,929722661.62,20240719,10.370000000000001,1.076211733001709,20251015,20251015,1.021182
000001.SZ,1d,2024-07-22,9.626358533654408,9.644942237387331,9.468397051924558,9.505564459390405,994481.0,1018663805.8,20240722,10.229999999999999,1.076211733001709,20251015,20251015,1.021182
000001.SZ,1d,2024-07-23,9.524148163123328,9.598482978055022,9.440521496325173,9.459105200058096,1020154.0,1046994471.4000001,20240723,10.18,1.076211733001709,20251015,20251015,1.021182
000001.SZ,1d,2024-07-24,9.459105200058097,9.514856311256867,9.403354088859327,9.412645940725788,724518.0,736332832.11,20240724,10.13,1.076211733001709,20251015,20251015,1.021182
000001.SZ,1d,2024-07-25,9.403354088859325,9.431229644458712,9.291851866461784,9.37547853325994,856404.0,861750365.5400001,20240725,10.09,1.076211733001709,20251015,20251015,1.021182
000001.SZ,1d,2024-07-26,9.384770385126403,9.403354088859327,9.2639763108624,9.31972742206117,929552.0,931879546.46,20240726,10.030000000000001,1.076211733001709,20251015,20251015,1.021182
000001.SZ,1d,2024-07-29,9.31043557019471,9.42193779259225,9.2639763108624,9.394062236992864,781552.0,788019058.6100001,20240729,10.110000000000001,1.076211733001709,20251015,20251015,1.021182
000001.SZ,1d,2024-07-30,9.384770385126401,9.412645940725787,9.319727422061169,9.36618668139348,613268.0,618056610.32,20240730,10.08,1.076211733001709,20251015,20251015,1.021182
000001.SZ,1d,2024-07-31,9.36618668139348,9.552023718722715,9.356894829527016,9.542731866856252,1096906.0,1117768674.6999998,20240731,10.27,1.076211733001709,20251015,20251015,1.021182
000001.SZ,1d,2024-08-01,9.524148163123328,9.589191126188561,9.449813348191634,9.542731866856252,733884.0,752688220.0,20240801,10.27,1.076211733001709,20251015,20251015,1.021182
000001.SZ,1d,2024-08-02,9.496272607523943,9.524148163123328,9.412645940725788,9.42193779259225,590229.0,601173370.8399999,20240802,10.14,1.076211733001709,20251015,20251015,1.021182
000001.SZ,1d,2024-08-05,9.394062236992864,9.496272607523943,9.338311125794094,9.338311125794094,758979.0,768980624.53,20240805,10.05,1.076211733001709,20251015,20251015,1.021182
000001.SZ,1d,2024-08-06,9.356894829527016,9.403354088859327,9.189641495930704,9.226808903396552,1265537.0,1261997756.88,20240806,9.93,1.076211733001709,20251015,20251015,1.021182
000001.SZ,1d,2024-08-07,9.245392607129475,9.273268162728861,9.208225199663628,9.226808903396552,517608.0,514848813.1,20240807,9.93,1.076211733001709,20251015,20251015,1.021182
000001.SZ,1d,2024-08-08,9.21751705153009,9.273268162728861,9.198933347797167,9.236100755263013,500411.0,497548149.01,20240808,9.94,1.076211733001709,20251015,20251015,1.021182
000001.SZ,1d,2024-08-09,9.254684458995936,9.384770385126401,9.236100755263013,9.329019273927631,730274.0,732886455.92,20240809,10.04,1.076211733001709,20251015,20251015,1.021182
000001.SZ,1d,2024-08-12,9.310435570194707,9.338311125794094,9.273268162728861,9.301143718328246,353013.0,353251351.40000004,20240812,10.01,1.076211733001709,20251015,20251015,1.021182
000001.SZ,1d,2024-08-13,9.310435570194707,9.319727422061169,9.21751705153009,9.245392607129475,622077.0,620061491.9200001,20240813,9.95,1.076211733001709,20251015,20251015,1.021182
000001.SZ,1d,2024-08-14,9.236100755263013,9.273268162728861,9.208225199663628,9.21751705153009,436380.0,433380446.81000006,20240814,9.92,1.076211733001709,20251015,20251015,1.021182
000001.SZ,1d,2024-08-15,9.217517051530091,9.347602977660555,9.171057792197782,9.31972742206117,776247.0,775851460.98,20240815,10.030000000000001,1.076211733001709,20251015,20251015,1.021182
000001.SZ,1d,2024-08-16,9.36618668139348,9.486980755657482,9.338311125794094,9.412645940725788,1260368.0,1277042000.97,20240816,10.13,1.076211733001709,20251015,20251015,1.021182
000001.SZ,1d,2024-08-19,9.412645940725788,9.57060742245564,9.403354088859327,9.561315570589176,1482985.0,1520594687.5500002,20240819,10.290000000000001,1.076211733001709,20251015,20251015,1.021182
000001.SZ,1d,2024-08-20,9.58919112618856,9.69140149671964,9.552023718722713,9.607774829921485,1569187.0,1623147686.3600001,20240820,10.34,1.076211733001709,20251015,20251015,1.021182
000001.SZ,1d,2024-08-21,9.57060742245564,9.644942237387333,9.486980755657482,9.617066681787948,1034888.0,1068207868.1500001,20240821,10.350000000000001,1.076211733001709,20251015,20251015,1.021182
000001.SZ,1d,2024-08-22,9.607774829921485,9.709985200452566,9.589191126188561,9.644942237387333,1109030.0,1153871815.8000002,20240822,10.38,1.076211733001709,20251015,20251015,1.021182
000001.SZ,1d,2024-08-23,9.654234089253794,9.756444459784873,9.589191126188561,9.728568904185488,1071906.0,1117475768.1799998,20240823,10.47,1.076211733001709,20251015,20251015,1.021182
000001.SZ,1d,2024-08-26,9.756444459784873,9.802903719117182,9.68210964485318,9.747152607918412,740675.0,775921848.78,20240826,10.49,1.076211733001709,20251015,20251015,1.021182
000001.SZ,1d,2024-08-27,9.728568904185488,9.7750281635178,9.635650385520872,9.691401496719642,723137.0,755583764.04,20240827,10.430000000000001,1.076211733001709,20251015,20251015,1.021182
000001.SZ,1d,2024-08-28,9.672817792986718,9.69140149671964,9.552023718722713,9.598482978055022,942548.0,973872155.01,20240828,10.33,1.076211733001709,20251015,20251015,1.021182
000001.SZ,1d,2024-08-29,9.579899274322099,9.644942237387331,9.394062236992864,9.412645940725787,1197676.0,1221351092.1299999,20240829,10.129999999999999,1.076211733001709,20251015,20251015,1.021182
000001.SZ,1d,2024-08-30,9.394062236992864,9.533440014989791,9.394062236992864,9.440521496325173,1294059.0,1318858687.52,20240830,10.16,1.076211733001709,20251015,20251015,1.021182
000001.SZ,1d,2024-09-02,9.403354088859325,9.48698075565748,9.37547853325994,9.394062236992864,968836.0,983898750.95,20240902,10.11,1.076211733001709,20251015,20251015,1.021182
000001.SZ,1d,2024-09-03,9.394062236992864,9.412645940725788,9.291851866461784,9.36618668139348,916581.0,920884663.15,20240903,10.08,1.076211733001709,20251015,20251015,1.021182
000001.SZ,1d,2024-09-04,9.338311125794094,9.431229644458712,9.291851866461784,9.310435570194707,847992.0,852224669.89,20240904,10.02,1.076211733001709,20251015,20251015,1.021182
000001.SZ,1d,2024-09-05,9.31972742206117,9.36618668139348,9.273268162728861,9.356894829527016,594209.0,595845842.53,20240905,10.07,1.076211733001709,20251015,20251015,1.021182
000001.SZ,1d,2024-09-06,9.347602977660555,9.486980755657482,9.338311125794094,9.36618668139348,878865.0,891507833.6099999,20240906,10.08,1.076211733001709,20251015,20251015,1.021182
000001.SZ,1d,2024-09-09,9.338311125794094,9.356894829527016,9.143182236598395,9.152474088464857,1639175.0,1624857668.46,20240909,9.85,1.076211733001709,20251015,20251015,1.021182
000001.SZ,1d,2024-09-10,9.16176594033132,9.21751705153009,9.087431125399625,9.198933347797166,767901.0,756124763.92,20240910,9.899999999999999,1.076211733001709,20251015,20251015,1.021182
000001.SZ,1d,2024-09-11,9.180349644064243,9.180349644064243,8.948053347402698,8.966637051135622,1108727.0,1078602467.68,20240911,9.65,1.076211733001709,20251015,20251015,1.021182
000001.SZ,1d,2024-09-12,8.96663705113562,9.078139273533163,8.929469643669774,9.050263717933777,581834.0,564923215.58,20240912,9.74,1.076211733001709,20251015,20251015,1.021182
000001.SZ,1d,2024-09-13,9.040971866067316,9.124598532865473,9.013096310467931,9.013096310467931,566462.0,553269703.6,20240913,9.700000000000001,1.076211733001709,20251015,20251015,1.021182
000001.SZ,1d,2024-09-18,9.031680014200855,9.087431125399625,8.975928903002083,9.078139273533163,443611.0,431665627.32,20240918,9.77,1.076211733001709,20251015,20251015,1.021182
000001.SZ,1d,2024-09-19,9.096722977266086,9.143182236598395,8.994512606735007,9.11530668099901,684293.0,669341181.7,20240919,9.81,1.076211733001709,20251015,20251015,1.021182
000001.SZ,1d,2024-09-20,9.115306680999009,9.198933347797166,9.087431125399625,9.198933347797166,797297.0,785121198.9100001,20240920,9.899999999999999,1.076211733001709,20251015,20251015,1.021182
000001.SZ,1d,2024-09-23,9.189641495930704,9.375478533259942,9.171057792197782,9.329019273927633,896908.0,897428029.52,20240923,10.040000000000001,1.076211733001709,20251015,20251015,1.021182
000001.SZ,1d,2024-09-24,9.394062236992864,9.63565038552087,9.36618668139348,9.63565038552087,1638213.0,1678174481.91,20240924,10.37,1.076211733001709,20251015,20251015,1.021182
000001.SZ,1d,2024-09-25,9.7750281635178,9.942281497114111,9.709985200452566,9.756444459784875,2160694.0,2285995369.39,20240925,10.500000000000002,1.076211733001709,20251015,20251015,1.021182
000001.SZ,1d,2024-09-26,9.756444459784873,10.36041483110489,9.756444459784873,10.36041483110489,3086457.0,3341759455.52,20240926,11.15,1.076211733001709,20251015,20251015,1.021182
000001.SZ,1d,2024-09-27,10.546251868434124,10.741380757629821,10.248912608707348,10.611294831499357,3840016.0,4337985142.5,20240927,11.42,1.076211733001709,20251015,20251015,1.021182
000001.SZ,1d,2024-09-30,10.797131868828595,11.428977795747995,10.741380757629823,11.34535112894984,5430284.0,6467438837.700001,20240930,12.21,1.076211733001709,20251015,20251015,1.021182
000001.SZ,1d,2024-10-08,12.478957056658176,12.478957056658176,11.466145203213841,11.967905204002777,5888978.0,7602664023.92,20241008,12.879999999999999,1.076211733001709,20251015,20251015,1.021182
000001.SZ,1d,2024-10-09,11.735608907341234,11.735608907341234,10.834299276294441,10.852882980027363,4269345.0,5172049702.2300005,20241009,11.68,1.076211733001709,20251015,20251015,1.021182
000001.SZ,1d,2024-10-10,11.03328673706361,11.640972065094653,11.01429657056264,11.375109734081073,3426422.0,4095573500.6400003,20241010,11.98,1.053176653242,20251015,20251015,1.021182
000001.SZ,1d,2024-10-11,11.394099900582043,11.555516315840288,10.995306404061672,11.128237569568462,2070891.0,2455848197.41,20241011,11.72,1.053176653242,20251015,20251015,1.021182
000001.SZ,1d,2024-10-14,11.375109734081073,11.565011399090775,11.194703152321859,11.413090067083015,2400595.0,2881934271.8500004,20241014,12.020000000000001,1.053176653242,20251015,20251015,1.021182
000001.SZ,1d,2024-10-15,11.337129401079133,11.6124868153432,11.280158901576224,11.299149068077194,2072841.0,2500974426.85,20241015,11.9,1.053176653242,20251015,20251015,1.021182
000001.SZ,1d,2024-10-16,11.204198235572342,11.565011399090773,11.175712985820887,11.451070400084951,1914494.0,2301340929.27,20241016,12.059999999999999,1.053176653242,20251015,20251015,1.021182
000001.SZ,1d,2024-10-17,11.460565483335438,11.6124868153432,11.327634317828647,11.346624484329617,1653708.0,1993261646.25,20241017,11.95,1.053176653242,20251015,20251015,1.021182
000001.SZ,1d,2024-10-18,11.308644151327679,11.565011399090773,11.090257236566522,11.432080233583982,2604654.0,3105820972.95,20241018,12.04,1.053176653242,20251015,20251015,1.021182
000001.SZ,1d,2024-10-21,11.337129401079133,11.337129401079133,11.042781820314097,11.213693318822827,2806655.0,3302020181.42,20241021,11.81,1.053176653242,20251015,20251015,1.021182
000001.SZ,1d,2024-10-22,11.166217902570402,11.327634317828648,11.128237569568462,11.194703152321859,1617787.0,1908438724.93,20241022,11.790000000000001,1.053176653242,20251015,20251015,1.021182
000001.SZ,1d,2024-10-23,11.223188402073312,11.289653984826709,11.156722819319917,11.261168735075252,1511866.0,1787236762.42,20241023,11.86,1.053176653242,20251015,20251015,1.021182
000001.SZ,1d,2024-10-24,11.213693318822827,11.261168735075254,11.128237569568462,11.156722819319917,885299.0,1042818619.0899999,20241024,11.75,1.053176653242,20251015,20251015,1.021182
000001.SZ,1d,2024-10-25,11.175712985820887,11.185208069071372,11.099752319817007,11.118742486317975,1105755.0,1296844369.0400002,20241025,11.709999999999999,1.053176653242,20251015,20251015,1.021182
000001.SZ,1d,2024-10-28,11.090257236566522,11.090257236566522,10.947830987809246,11.05227690356458,1169487.0,1356008963.4,20241028,11.639999999999999,1.053176653242,20251015,20251015,1.021182
000001.SZ,1d,2024-10-29,11.03328673706361,11.147227736069432,10.947830987809246,10.95732607105973,1198025.0,1391150258.93,20241029,11.54,1.053176653242,20251015,20251015,1.021182
000001.SZ,1d,2024-10-30,10.91934573805779,10.995306404061672,10.700958823296634,10.748434239549061,1482403.0,1686501657.86,20241030,11.32,1.053176653242,20251015,20251015,1.021182
000001.SZ,1d,2024-10-31,10.757929322799546,10.86237523855488,10.672473573545181,10.805404739051971,1250205.0,1419624319.2700002,20241031,11.38,1.053176653242,20251015,20251015,1.021182
000001.SZ,1d,2024-11-01,10.80540473905197,10.966821154310217,10.767424406050031,10.852880155304396,1589811.0,1821423447.0600002,20241101,11.43,1.053176653242,20251015,20251015,1.021182
000001.SZ,1d,2024-11-04,10.852880155304396,10.88136540505585,10.69146374004615,10.88136540505585,1131516.0,1285874126.16,20241104,11.459999999999999,1.053176653242,20251015,20251015,1.021182
000001.SZ,1d,2024-11-05,10.843385072053911,11.071267070065552,10.814899822302456,11.061771986815067,1665418.0,1925260700.3500001,20241105,11.65,1.053176653242,20251015,20251015,1.021182
000001.SZ,1d,2024-11-06,11.033286737063612,11.052276903564582,10.890860488306336,10.966821154310217,1462286.0,1689977500.7700002,20241106,11.55,1.053176653242,20251015,20251015,1.021182
000001.SZ,1d,2024-11-07,10.91934573805779,11.327634317828647,10.90035557155682,11.308644151327679,2242844.0,2627007560.7099996,20241107,11.91,1.053176653242,20251015,20251015,1.021182
000001.SZ,1d,2024-11-08,11.337129401079133,11.40359498383253,11.109247403067492,11.128237569568462,1895104.0,2239060533.97,20241108,11.72,1.053176653242,20251015,20251015,1.021182
000001.SZ,1d,2024-11-11,11.042781820314097,11.090257236566524,10.890860488306336,11.014296570562642,1486952.0,1717961561.94,20241111,11.600000000000001,1.053176653242,20251015,20251015,1.021182
000001.SZ,1d,2024-11-12,10.995306404061672,11.242178568574282,10.928840821308276,10.95732607105973,1717663.0,2005791407.67,20241112,11.54,1.053176653242,20251015,20251015,1.021182
000001.SZ,1d,2024-11-13,10.91934573805779,11.109247403067492,10.90035557155682,11.023791653813127,1086263.0,1260161857.3200002,20241113,11.610000000000001,1.053176653242,20251015,20251015,1.021182
000001.SZ,1d,2024-11-14,11.004801487312156,11.10924740306749,10.947830987809246,10.95732607105973,1159783.0,1348378228.9699998,20241114,11.54,1.053176653242,20251015,20251015,1.021182
000001.SZ,1d,2024-11-15,10.91934573805779,11.023791653813126,10.843385072053911,10.86237523855488,1215784.0,1399308729.48,20241115,11.44,1.053176653242,20251015,20251015,1.021182
000001.SZ,1d,2024-11-18,11.042781820314097,11.432080233583983,11.033286737063612,11.156722819319919,3797324.0,4493249093.24,20241118,11.750000000000002,1.053176653242,20251015,20251015,1.021182
000001.SZ,1d,2024-11-19,11.156722819319917,11.356119567580103,10.966821154310217,11.090257236566524,2430037.0,2849661696.39,20241119,11.680000000000001,1.053176653242,20251015,20251015,1.021182
000001.SZ,1d,2024-11-20,11.080762153316037,11.156722819319917,11.023791653813126,11.05227690356458,1286572.0,1498818033.91,20241120,11.639999999999999,1.053176653242,20251015,20251015,1.021182
000001.SZ,1d,2024-11-21,11.033286737063612,11.061771986815067,10.976316237560702,11.004801487312156,883408.0,1023998431.6800001,20241121,11.59,1.053176653242,20251015,20251015,1.021182
000001.SZ,1d,2024-11-22,11.004801487312156,11.023791653813126,10.71045390654712,10.71045390654712,1625317.0,1858071592.3899999,20241122,11.28,1.053176653242,20251015,20251015,1.021182
000001.SZ,1d,2024-11-25,10.710453906547121,10.767424406050031,10.57752274104033,10.61550307404227,1166020.0,1310130629.1100001,20241125,11.18,1.053176653242,20251015,20251015,1.021182
000001.SZ,1d,2024-11-26,10.61550307404227,10.738939156298576,10.57752274104033,10.700958823296636,831078.0,933733854.73,20241126,11.270000000000001,1.053176653242,20251015,20251015,1.021182
000001.SZ,1d,2024-11-27,10.672473573545181,10.814899822302456,10.587017824290815,10.814899822302456,895178.0,1010001963.8100001,20241127,11.39,1.053176653242,20251015,20251015,1.021182
000001.SZ,1d,2024-11-28,10.814899822302456,10.843385072053911,10.748434239549061,10.767424406050031,733169.0,833121339.08,20241128,11.34,1.053176653242,20251015,20251015,1.021182
000001.SZ,1d,2024-11-29,10.795909655801484,10.88136540505585,10.767424406050031,10.80540473905197,1028488.0,1173316153.6000001,20241129,11.379999999999999,1.053176653242,20251015,20251015,1.021182
000001.SZ,1d,2024-12-02,10.814899822302456,10.824394905552941,10.738939156298576,10.814899822302456,975434.0,1108785597.4,20241202,11.39,1.053176653242,20251015,20251015,1.021182
000001.SZ,1d,2024-12-03,10.795909655801484,10.91934573805779,10.776919489300516,10.909850654807306,1082559.0,1236992678.1000001,20241203,11.49,1.053176653242,20251015,20251015,1.021182
000001.SZ,1d,2024-12-04,10.862375238554883,10.947830987809247,10.795909655801486,10.881365405055853,1007471.0,1154623369.68,20241204,11.46,1.053176653242,20251015,20251015,1.021182
000001.SZ,1d,2024-12-05,10.86237523855488,10.91934573805779,10.833889988803426,10.86237523855488,687109.0,786137963.74,20241205,11.44,1.053176653242,20251015,20251015,1.021182
000001.SZ,1d,2024-12-06,10.86237523855488,11.10924740306749,10.852880155304396,11.071267070065552,1726269.0,2004270465.7899997,20241206,11.66,1.053176653242,20251015,20251015,1.021182
000001.SZ,1d,2024-12-09,11.042781820314095,11.128237569568462,11.004801487312156,11.080762153316037,964063.0,1123441854.9,20241209,11.67,1.053176653242,20251015,20251015,1.021182
000001.SZ,1d,2024-12-10,11.299149068077194,11.346624484329617,11.156722819319917,11.194703152321857,2167807.0,2564600676.79,20241210,11.79,1.053176653242,20251015,20251015,1.021182
000001.SZ,1d,2024-12-11,11.194703152321859,11.232683485323797,11.128237569568462,11.137732652818947,967691.0,1138374174.98,20241211,11.73,1.053176653242,20251015,20251015,1.021182
000001.SZ,1d,2024-12-12,11.137732652818947,11.270663818325739,11.118742486317977,11.251673651824769,986235.0,1164062448.2300003,20241212,11.850000000000001,1.053176653242,20251015,20251015,1.021182
000001.SZ,1d,2024-12-13,11.194703152321859,11.204198235572344,10.976316237560702,10.976316237560702,1343793.0,1565589089.3600001,20241213,11.56,1.053176653242,20251015,20251015,1.021182
000001.SZ,1d,2024-12-16,10.9763162375607,11.071267070065552,10.947830987809246,10.985811320811186,805718.0,934226189.29,20241216,11.569999999999999,1.053176653242,20251015,20251015,1.021182
000001.SZ,1d,2024-12-17,10.985811320811187,11.061771986815067,10.93833590455876,10.947830987809246,802120.0,929225455.3,20241217,11.53,1.053176653242,20251015,20251015,1.021182
000001.SZ,1d,2024-12-18,10.995306404061672,11.147227736069432,10.985811320811187,11.061771986815067,1016590.0,1186285805.48,20241218,11.65,1.053176653242,20251015,20251015,1.021182
000001.SZ,1d,2024-12-19,11.004801487312157,11.052276903564582,10.957326071059732,11.004801487312157,697379.0,808465663.92,20241219,11.590000000000002,1.053176653242,20251015,20251015,1.021182
000001.SZ,1d,2024-12-20,11.004801487312156,11.10924740306749,10.995306404061672,11.03328673706361,714646.0,831437460.3,20241220,11.62,1.053176653242,20251015,20251015,1.021182
000001.SZ,1d,2024-12-23,11.052276903564582,11.242178568574282,11.052276903564582,11.137732652818947,1659405.0,1953519499.0699997,20241223,11.73,1.053176653242,20251015,20251015,1.021182
000001.SZ,1d,2024-12-24,11.128237569568462,11.270663818325739,11.128237569568462,11.261168735075254,1350837.0,1595698790.02,20241224,11.860000000000001,1.053176653242,20251015,20251015,1.021182
000001.SZ,1d,2024-12-25,11.261168735075252,11.413090067083013,11.242178568574282,11.318139234578162,1475283.0,1759956630.3400002,20241225,11.92,1.053176653242,20251015,20251015,1.021182
000001.SZ,1d,2024-12-26,11.318139234578162,11.327634317828647,11.185208069071372,11.261168735075252,1000075.0,1183745518.53,20241226,11.86,1.053176653242,20251015,20251015,1.021182
000001.SZ,1d,2024-12-27,11.270663818325739,11.299149068077194,11.071267070065552,11.232683485323797,1290012.0,1518383345.1100001,20241227,11.83,1.053176653242,20251015,20251015,1.021182
000001.SZ,1d,2024-12-30,11.185208069071372,11.365614650830587,11.185208069071372,11.346624484329617,1351846.0,1610892096.2500002,20241230,11.95,1.053176653242,20251015,20251015,1.021182
000001.SZ,1d,2024-12-31,11.327634317828648,11.384604817331558,11.109247403067492,11.109247403067492,1475367.0,1747242074.23,20241231,11.700000000000001,1.053176653242,20251015,20251015,1.021182
000001.SZ,1d,2025-01-02,11.137732652818947,11.175712985820889,10.814899822302456,10.852880155304396,1819597.0,2102923078.1100001,20250102,11.43,1.053176653242,20251015,20251015,1.021182
000001.SZ,1d,2025-01-03,10.86237523855488,10.95732607105973,10.786414572551,10.80540473905197,1154680.0,1320520977.5900002,20250103,11.379999999999999,1.053176653242,20251015,20251015,1.021182
000001.SZ,1d,2025-01-06,10.805404739051971,10.90035557155682,10.653483407044211,10.862375238554883,1085536.0,1234305778.04,20250106,11.440000000000001,1.053176653242,20251015,20251015,1.021182
000001.SZ,1d,2025-01-07,10.843385072053913,10.947830987809247,10.795909655801486,10.928840821308277,747863.0,858329048.54,20250107,11.510000000000002,1.053176653242,20251015,20251015,1.021182
000001.SZ,1d,2025-01-08,10.91934573805779,11.042781820314097,10.824394905552941,10.91934573805779,1062386.0,1223598996.56,20250108,11.5,1.053176653242,20251015,20251015,1.021182
000001.SZ,1d,2025-01-09,10.91934573805779,10.91934573805779,10.776919489300516,10.824394905552941,751483.0,857836086.0799999,20250109,11.4,1.053176653242,20251015,20251015,1.021182
000001.SZ,1d,2025-01-10,10.82439490555294,10.88136540505585,10.71045390654712,10.72944407304809,798134.0,905005040.97,20250110,11.299999999999999,1.053176653242,20251015,20251015,1.021182
000001.SZ,1d,2025-01-13,10.681968656795664,10.69146374004615,10.52055224153742,10.63449324054324,934966.0,1044904415.8399999,20250113,11.2,1.053176653242,20251015,20251015,1.021182
000001.SZ,1d,2025-01-14,10.63449324054324,10.824394905552941,10.624998157292755,10.80540473905197,824629.0,934467766.3900001,20250114,11.379999999999999,1.053176653242,20251015,20251015,1.021182
000001.SZ,1d,2025-01-15,10.80540473905197,10.995306404061672,10.786414572551,10.900355571556819,1031631.0,1185403653.4299998,20250115,11.479999999999999,1.053176653242,20251015,20251015,1.021182
000001.SZ,1d,2025-01-16,10.966821154310217,11.004801487312156,10.890860488306336,10.985811320811187,872964.0,1007689273.6599998,20250116,11.57,1.053176653242,20251015,20251015,1.021182
000001.SZ,1d,2025-01-17,10.947830987809246,10.966821154310217,10.843385072053911,10.871870321805366,689765.0,791230418.6400001,20250117,11.45,1.053176653242,20251015,20251015,1.021182
000001.SZ,1d,2025-01-20,10.91934573805779,10.93833590455876,10.824394905552941,10.843385072053911,832029.0,953092179.1700001,20250120,11.42,1.053176653242,20251015,20251015,1.021182
000001.SZ,1d,2025-01-21,10.871870321805368,10.871870321805368,10.748434239549061,10.757929322799546,902069.0,1024879174.22,20250121,11.33,1.053176653242,20251015,20251015,1.021182
000001.SZ,1d,2025-01-22,10.748434239549061,10.757929322799546,10.52055224153742,10.530047324787905,1347129.0,1504818607.18,20250122,11.09,1.053176653242,20251015,20251015,1.021182
000001.SZ,1d,2025-01-23,10.606007990791785,10.824394905552941,10.606007990791785,10.748434239549061,1514920.0,1715172472.4700003,20250123,11.32,1.053176653242,20251015,20251015,1.021182
000001.SZ,1d,2025-01-24,10.748434239549061,10.814899822302456,10.653483407044211,10.767424406050031,944944.0,1069899088.2800001,20250124,11.34,1.053176653242,20251015,20251015,1.021182
000001.SZ,1d,2025-01-27,10.805404739051971,10.966821154310217,10.805404739051971,10.890860488306336,1151935.0,1324270606.5500002,20250127,11.47,1.053176653242,20251015,20251015,1.021182
000001.SZ,1d,2025-02-05,10.91934573805779,10.93833590455876,10.757929322799546,10.795909655801484,843434.0,961193578.9000001,20250205,11.37,1.053176653242,20251015,20251015,1.021182
000001.SZ,1d,2025-02-06,10.776919489300518,10.871870321805368,10.729444073048091,10.786414572551001,955603.0,1084793176.2600002,20250206,11.360000000000001,1.053176653242,20251015,20251015,1.021182
000001.SZ,1d,2025-02-07,10.786414572551001,10.871870321805368,10.738939156298576,10.805404739051971,1407493.0,1601621979.76,20250207,11.38,1.053176653242,20251015,20251015,1.021182
000001.SZ,1d,2025-02-10,10.80540473905197,10.91934573805779,10.786414572551,10.852880155304396,1026591.0,1174044624.1399999,20250210,11.43,1.053176653242,20251015,20251015,1.021182
000001.SZ,1d,2025-02-11,10.824394905552941,10.890860488306336,10.795909655801486,10.843385072053913,844520.0,963865614.95,20250211,11.420000000000002,1.053176653242,20251015,20251015,1.021182
000001.SZ,1d,2025-02-12,10.833889988803426,10.852880155304396,10.767424406050031,10.843385072053911,988807.0,1125323632.69,20250212,11.42,1.053176653242,20251015,20251015,1.021182
000001.SZ,1d,2025-02-13,10.843385072053911,10.966821154310217,10.824394905552941,10.91934573805779,1358639.0,1560709510.83,20250213,11.5,1.053176653242,20251015,20251015,1.021182
000001.SZ,1d,2025-02-14,10.909850654807306,10.966821154310216,10.852880155304396,10.966821154310216,973058.0,1118355996.56,20250214,11.549999999999999,1.053176653242,20251015,20251015,1.021182
000001.SZ,1d,2025-02-17,11.014296570562642,11.204198235572344,10.966821154310217,11.185208069071374,2061965.0,2413146066.57,20250217,11.780000000000001,1.053176653242,20251015,20251015,1.021182
000001.SZ,1d,2025-02-18,11.166217902570402,11.356119567580102,11.166217902570402,11.213693318822827,1996610.0,2371071466.8900003,20250218,11.81,1.053176653242,20251015,20251015,1.021182
000001.SZ,1d,2025-02-19,11.204198235572342,11.213693318822827,11.090257236566522,11.118742486317975,1177749.0,1382467174.27,20250219,11.709999999999999,1.053176653242,20251015,20251015,1.021182
000001.SZ,1d,2025-02-20,11.118742486317977,11.166217902570402,11.061771986815067,11.071267070065552,784396.0,917231443.37,20250220,11.66,1.053176653242,20251015,20251015,1.021182
000001.SZ,1d,2025-02-21,11.099752319817007,11.118742486317977,10.966821154310217,11.052276903564582,973969.0,1131033823.93,20250221,11.64,1.053176653242,20251015,20251015,1.021182
000001.SZ,1d,2025-02-24,11.042781820314097,11.099752319817007,10.976316237560702,11.004801487312156,949956.0,1103548964.32,20250224,11.59,1.053176653242,20251015,20251015,1.021182
000001.SZ,1d,2025-02-25,10.976316237560702,10.995306404061672,10.881365405055853,10.890860488306336,917156.0,1055685157.06,20250225,11.47,1.053176653242,20251015,20251015,1.021182
000001.SZ,1d,2025-02-26,10.890860488306336,11.014296570562642,10.890860488306336,10.938335904558762,841646.0,970641211.48,20250226,11.520000000000001,1.053176653242,20251015,20251015,1.021182
000001.SZ,1d,2025-02-27,10.947830987809247,11.042781820314097,10.881365405055853,11.033286737063612,977310.0,1130386662.02,20250227,11.620000000000001,1.053176653242,20251015,20251015,1.021182
000001.SZ,1d,2025-02-28,10.995306404061672,11.090257236566522,10.91934573805779,10.947830987809246,949088.0,1100335054.0800002,20250228,11.53,1.053176653242,20251015,20251015,1.021182
000001.SZ,1d,2025-03-03,10.938335904558762,10.976316237560702,10.871870321805368,10.928840821308277,830457.0,955266366.31,20250303,11.510000000000002,1.053176653242,20251015,20251015,1.021182
000001.SZ,1d,2025-03-04,10.890860488306336,10.966821154310216,10.86237523855488,10.928840821308276,683179.0,785447989.4499999,20250304,11.51,1.053176653242,20251015,20251015,1.021182
000001.SZ,1d,2025-03-05,10.93833590455876,11.080762153316037,10.90035557155682,11.071267070065552,1080645.0,1254892073.9300003,20250305,11.66,1.053176653242,20251015,20251015,1.021182
000001.SZ,1d,2025-03-06,11.099752319817007,11.10924740306749,11.01429657056264,11.042781820314095,877408.0,1021780609.28,20250306,11.629999999999999,1.053176653242,20251015,20251015,1.021182
000001.SZ,1d,2025-03-07,11.042781820314095,11.099752319817007,11.01429657056264,11.080762153316037,835537.0,973236689.8000002,20250307,11.67,1.053176653242,20251015,20251015,1.021182
000001.SZ,1d,2025-03-10,11.071267070065552,11.080762153316037,10.966821154310217,11.004801487312156,663834.0,769261385.33,20250310,11.59,1.053176653242,20251015,20251015,1.021182
000001.SZ,1d,2025-03-11,10.95732607105973,11.023791653813126,10.93833590455876,11.023791653813126,608975.0,704240463.95,20250311,11.61,1.053176653242,20251015,20251015,1.021182
000001.SZ,1d,2025-03-12,11.01429657056264,11.270663818325739,10.976316237560702,11.251673651824767,1877318.0,2210904482.32,20250312,11.85,1.053176653242,20251015,20251015,1.021182
000001.SZ,1d,2025-03-13,11.213693318822825,11.308644151327679,11.185208069071372,11.242178568574282,1312371.0,1555123173.93,20250313,11.84,1.053176653242,20251015,20251015,1.021182
000001.SZ,1d,2025-03-14,11.223188402073312,11.394099900582043,11.223188402073312,11.365614650830588,1722418.0,2057970454.3999999,20250314,11.97,1.053176653242,20251015,20251015,1.021182
000001.SZ,1d,2025-03-17,11.042781820314097,11.080762153316039,10.881365405055853,10.91934573805779,4603612.0,5315522816.990001,20250317,11.5,1.053176653242,20251015,20251015,1.021182
000001.SZ,1d,2025-03-18,10.93833590455876,10.957326071059732,10.90035557155682,10.909850654807306,1605290.0,1846500421.28,20250318,11.49,1.053176653242,20251015,20251015,1.021182
000001.SZ,1d,2025-03-19,10.90035557155682,10.947830987809247,10.881365405055853,10.938335904558762,1362455.0,1566452160.69,20250319,11.520000000000001,1.053176653242,20251015,20251015,1.021182
000001.SZ,1d,2025-03-20,10.928840821308276,11.023791653813126,10.909850654807306,10.909850654807306,1101157.0,1268849139.57,20250320,11.49,1.053176653242,20251015,20251015,1.021182
000001.SZ,1d,2025-03-21,10.909850654807306,10.938335904558762,10.814899822302456,10.843385072053911,1376389.0,1576151833.21,20250321,11.42,1.053176653242,20251015,20251015,1.021182
000001.SZ,1d,2025-03-24,10.833889988803426,10.86237523855488,10.767424406050031,10.80540473905197,1164577.0,1325564001.84,20250324,11.379999999999999,1.053176653242,20251015,20251015,1.021182
000001.SZ,1d,2025-03-25,10.80540473905197,10.852880155304396,10.786414572551,10.852880155304396,735609.0,839142044.4599999,20250325,11.43,1.053176653242,20251015,20251015,1.021182
000001.SZ,1d,2025-03-26,10.843385072053913,10.852880155304398,10.795909655801486,10.805404739051971,740863.0,843536936.1899999,20250326,11.38,1.053176653242,20251015,20251015,1.021182
000001.SZ,1d,2025-03-27,10.795909655801484,10.833889988803426,10.776919489300516,10.814899822302454,553349.0,629863382.77,20250327,11.389999999999999,1.053176653242,20251015,20251015,1.021182
000001.SZ,1d,2025-03-28,10.814899822302456,10.824394905552941,10.767424406050031,10.776919489300516,644946.0,732420873.5500001,20250328,11.35,1.053176653242,20251015,20251015,1.021182
000001.SZ,1d,2025-03-31,10.786414572551,10.80540473905197,10.69146374004615,10.69146374004615,1116126.0,1262598263.31,20250331,11.26,1.053176653242,20251015,20251015,1.021182
000001.SZ,1d,2025-04-01,10.700958823296636,10.729444073048091,10.653483407044211,10.700958823296636,681470.0,767424131.4,20250401,11.270000000000001,1.053176653242,20251015,20251015,1.021182
000001.SZ,1d,2025-04-02,10.681968656795664,10.833889988803426,10.681968656795664,10.795909655801484,932642.0,1058747240.7,20250402,11.37,1.053176653242,20251015,20251015,1.021182
000001.SZ,1d,2025-04-03,10.738939156298576,10.814899822302456,10.729444073048091,10.767424406050031,643914.0,730375807.9300001,20250403,11.34,1.053176653242,20251015,20251015,1.021182
000001.SZ,1d,2025-04-07,10.44459157553354,10.492066991785965,9.950847246508317,10.159739078018989,2545560.0,2751055412.0600004,20250407,10.700000000000001,1.053176653242,20251015,20251015,1.021182
000001.SZ,1d,2025-04-08,10.140748911518019,10.302165326776263,10.121758745017049,10.273680077024808,1463988.0,1576590039.8600001,20250408,10.82,1.053176653242,20251015,20251015,1.021182
000001.SZ,1d,2025-04-09,10.188224327770444,10.283175160275293,10.121758745017049,10.254689910523838,1064394.0,1145238957.6699998,20250409,10.8,1.053176653242,20251015,20251015,1.021182
000001.SZ,1d,2025-04-10,10.311660410026748,10.378125992780143,10.273680077024808,10.34964074302869,866548.0,943352301.94,20250410,10.9,1.053176653242,20251015,20251015,1.021182
000001.SZ,1d,2025-04-11,10.321155493277233,10.34964074302869,10.283175160275293,10.340145659778205,583879.0,634311779.86,20250411,10.89,1.053176653242,20251015,20251015,1.021182
000001.SZ,1d,2025-04-14,10.397116159281113,10.482571908535478,10.368630909529658,10.378125992780143,785993.0,862557143.66,20250414,10.93,1.053176653242,20251015,20251015,1.021182
000001.SZ,1d,2025-04-15,10.368630909529658,10.416106325782085,10.34964074302869,10.397116159281115,722754.0,790139077.0999999,20250415,10.950000000000001,1.053176653242,20251015,20251015,1.021182
000001.SZ,1d,2025-04-16,10.378125992780143,10.454086658784025,10.359135826279173,10.44459157553354,842822.0,923316062.54,20250416,11.0,1.053176653242,20251015,20251015,1.021182
000001.SZ,1d,2025-04-17,10.397116159281113,10.52055224153742,10.378125992780143,10.50156207503645,823919.0,907597513.1000001,20250417,11.06,1.053176653242,20251015,20251015,1.021182
000001.SZ,1d,2025-04-18,10.482571908535478,10.624998157292755,10.473076825284993,10.61550307404227,727098.0,810031605.1,20250418,11.18,1.053176653242,20251015,20251015,1.021182
000001.SZ,1d,2025-04-21,10.44459157553354,10.568027657789846,10.416106325782085,10.46358174203451,1114184.0,1230804536.03,20250421,11.020000000000001,1.053176653242,20251015,20251015,1.021182
000001.SZ,1d,2025-04-22,10.46358174203451,10.50156207503645,10.42560140903257,10.48257190853548,831129.0,915967678.2800001,20250422,11.040000000000001,1.053176653242,20251015,20251015,1.021182
000001.SZ,1d,2025-04-23,10.48257190853548,10.492066991785965,10.416106325782085,10.454086658784025,586383.0,645842400.13,20250423,11.01,1.053176653242,20251015,20251015,1.021182
000001.SZ,1d,2025-04-24,10.44459157553354,10.50156207503645,10.435096492283055,10.473076825284993,689256.0,760348555.36,20250424,11.03,1.053176653242,20251015,20251015,1.021182
000001.SZ,1d,2025-04-25,10.48257190853548,10.492066991785965,10.435096492283055,10.454086658784025,637547.0,702315255.47,20250425,11.01,1.053176653242,20251015,20251015,1.021182
000001.SZ,1d,2025-04-28,10.44459157553354,10.48257190853548,10.4066112425316,10.44459157553354,642018.0,706520175.9200001,20250428,11.0,1.053176653242,20251015,20251015,1.021182
000001.SZ,1d,2025-04-29,10.444591575533542,10.46358174203451,10.397116159281115,10.42560140903257,649045.0,712792543.41,20250429,10.98,1.053176653242,20251015,20251015,1.021182
000001.SZ,1d,2025-04-30,10.4066112425316,10.416106325782085,10.340145659778205,10.359135826279173,869835.0,949911030.4,20250430,10.91,1.053176653242,20251015,20251015,1.021182
000001.SZ,1d,2025-05-06,10.368630909529658,10.44459157553354,10.340145659778205,10.4066112425316,854671.0,935212114.4900001,20250506,10.96,1.053176653242,20251015,20251015,1.021182
000001.SZ,1d,2025-05-07,10.454086658784025,10.48257190853548,10.416106325782085,10.473076825284995,1126270.0,1240098147.39,20250507,11.030000000000001,1.053176653242,20251015,20251015,1.021182
000001.SZ,1d,2025-05-08,10.44459157553354,10.52055224153742,10.435096492283055,10.52055224153742,1056614.0,1167913497.8799999,20250508,11.08,1.053176653242,20251015,20251015,1.021182
000001.SZ,1d,2025-05-09,10.511057158286935,10.606007990791785,10.50156207503645,10.587017824290815,999897.0,1113688152.8,20250509,11.15,1.053176653242,20251015,20251015,1.021182
000001.SZ,1d,2025-05-12,10.5965129075413,10.653483407044211,10.568027657789846,10.5965129075413,895605.0,1000478411.1800001,20250512,11.16,1.053176653242,20251015,20251015,1.021182
000001.SZ,1d,2025-05-13,10.624998157292755,10.757929322799546,10.587017824290815,10.719948989797606,1261031.0,1420501315.06,20250513,11.290000000000001,1.053176653242,20251015,20251015,1.021182
000001.SZ,1d,2025-05-14,10.719948989797604,10.890860488306336,10.681968656795664,10.852880155304396,1683514.0,1912995432.6399999,20250514,11.43,1.053176653242,20251015,20251015,1.021182
000001.SZ,1d,2025-05-15,10.852880155304398,10.91934573805779,10.805404739051971,10.814899822302456,1035460.0,1183732832.12,20250515,11.39,1.053176653242,20251015,20251015,1.021182
000001.SZ,1d,2025-05-16,10.795909655801486,10.852880155304396,10.738939156298576,10.805404739051971,914744.0,1039223622.8500001,20250516,11.38,1.053176653242,20251015,20251015,1.021182
000001.SZ,1d,2025-05-19,10.82439490555294,10.890860488306336,10.786414572551,10.795909655801484,831391.0,949883545.3299999,20250519,11.37,1.053176653242,20251015,20251015,1.021182
000001.SZ,1d,2025-05-20,10.824394905552941,10.890860488306336,10.795909655801486,10.814899822302456,643635.0,734455265.82,20250520,11.39,1.053176653242,20251015,20251015,1.021182
000001.SZ,1d,2025-05-21,10.824394905552941,11.004801487312156,10.814899822302456,10.90035557155682,1328278.0,1528350367.92,20250521,11.48,1.053176653242,20251015,20251015,1.021182
000001.SZ,1d,2025-05-22,10.871870321805366,10.9763162375607,10.86237523855488,10.966821154310216,1002968.0,1155265063.51,20250522,11.549999999999999,1.053176653242,20251015,20251015,1.021182
000001.SZ,1d,2025-05-23,10.966821154310216,11.01429657056264,10.852880155304396,10.88136540505585,962643.0,1108636100.5700002,20250523,11.459999999999999,1.053176653242,20251015,20251015,1.021182
000001.SZ,1d,2025-05-26,10.86237523855488,10.91934573805779,10.824394905552941,10.843385072053911,699159.0,800495684.57,20250526,11.42,1.053176653242,20251015,20251015,1.021182
000001.SZ,1d,2025-05-27,10.871870321805366,10.95732607105973,10.843385072053911,10.909850654807306,801915.0,921912281.33,20250527,11.49,1.053176653242,20251015,20251015,1.021182
000001.SZ,1d,2025-05-28,10.91934573805779,10.966821154310216,10.86237523855488,10.947830987809246,658179.0,757571318.99,20250528,11.53,1.053176653242,20251015,20251015,1.021182
000001.SZ,1d,2025-05-29,10.938335904558762,10.966821154310217,10.871870321805368,10.881365405055853,919807.0,1056726384.22,20250529,11.46,1.053176653242,20251015,20251015,1.021182
000001.SZ,1d,2025-05-30,10.890860488306336,10.995306404061672,10.86237523855488,10.9763162375607,1130849.0,1303433716.3799999,20250530,11.559999999999999,1.053176653242,20251015,20251015,1.021182
000001.SZ,1d,2025-06-03,10.95732607105973,11.308644151327679,10.947830987809246,11.213693318822825,2192480.0,2580962600.64,20250603,11.809999999999999,1.053176653242,20251015,20251015,1.021182
000001.SZ,1d,2025-06-04,11.22318840207331,11.280158901576222,11.185208069071372,11.242178568574282,1167960.0,1383019682.25,20250604,11.84,1.053176653242,20251015,20251015,1.021182
000001.SZ,1d,2025-06-05,11.280158901576224,11.308644151327679,11.071267070065552,11.080762153316037,1166803.0,1369212336.43,20250605,11.67,1.053176653242,20251015,20251015,1.021182
000001.SZ,1d,2025-06-06,11.10924740306749,11.194703152321857,11.090257236566522,11.10924740306749,682353.0,799900023.53,20250606,11.7,1.053176653242,20251015,20251015,1.021182
000001.SZ,1d,2025-06-09,11.137732652818947,11.156722819319917,11.061771986815067,11.118742486317977,773255.0,905092604.93,20250609,11.71,1.053176653242,20251015,20251015,1.021182
000001.SZ,1d,2025-06-10,11.128237569568462,11.289653984826709,11.118742486317977,11.213693318822827,1428132.0,1689018780.1299999,20250610,11.81,1.053176653242,20251015,20251015,1.021182
000001.SZ,1d,2025-06-11,11.223188402073312,11.327634317828648,11.194703152321859,11.251673651824769,1094667.0,1298656315.3500001,20250611,11.850000000000001,1.053176653242,20251015,20251015,1.021182
000001.SZ,1d,2025-06-12,11.320215201599714,11.457311233452998,11.28104490678449,11.437726086045386,1290220.0,1500287176.22,20250612,11.68,1.021182,20251015,20251015,1.021182
000001.SZ,1d,2025-06-13,11.437726086045386,11.496481528268221,11.320215201599714,11.339800349007326,1095494.0,1272773100.57,20250613,11.58,1.021182,20251015,20251015,1.021182
000001.SZ,1d,2025-06-16,11.33000777530352,11.545444396787252,11.290837480488296,11.545444396787252,1174438.0,1371041708.41,20250616,11.79,1.021182,20251015,20251015,1.021182
000001.SZ,1d,2025-06-17,11.545444396787254,11.633577560121507,11.467103807156805,11.516066675675836,890027.0,1048960748.8000001,20250617,11.760000000000002,1.021182,20251015,20251015,1.021182
000001.SZ,1d,2025-06-18,11.535651823083445,11.565029544194864,11.418140938637775,11.52585924937964,683521.0,802908097.73,20250618,11.77,1.021182,20251015,20251015,1.021182
000001.SZ,1d,2025-06-19,11.516066675675834,11.535651823083446,11.408348364933968,11.457311233453,832247.0,974127330.8399999,20250619,11.700000000000001,1.021182,20251015,20251015,1.021182
000001.SZ,1d,2025-06-20,11.457311233452998,11.613992412713893,11.42793351234158,11.594407265306282,1309198.0,1544541881.0,20250620,11.84,1.021182,20251015,20251015,1.021182
000001.SZ,1d,2025-06-23,11.565029544194864,11.721710723455761,11.42793351234158,11.682540428640536,1389170.0,1646476917.0700002,20250623,11.93,1.021182,20251015,20251015,1.021182
000001.SZ,1d,2025-06-24,11.653162707529118,11.760881018270982,11.594407265306282,11.682540428640536,1308525.0,1560621893.02,20250624,11.93,1.021182,20251015,20251015,1.021182
000001.SZ,1d,2025-06-25,11.682540428640536,11.829429034197625,11.584614691602475,11.809843886790015,1675116.0,2007989726.91,20250625,12.06,1.021182,20251015,20251015,1.021182
000001.SZ,1d,2025-06-26,11.800051313086206,12.221131982349865,11.760881018270982,12.152583966423222,2174578.0,2672207528.88,20250626,12.41,1.021182,20251015,20251015,1.021182
000001.SZ,1d,2025-06-27,12.113413671607999,12.319057719387924,11.878391902716656,11.946939918643299,2377600.0,2937865058.47,20250627,12.200000000000001,1.021182,20251015,20251015,1.021182
000001.SZ,1d,2025-06-30,11.888184476420461,11.91756219753188,11.711918149751954,11.81963646049382,1504820.0,1812492376.93,20250630,12.07,1.021182,20251015,20251015,1.021182
000001.SZ,1d,2025-07-01,11.809843886790015,12.074243376792776,11.809843886790015,12.044865655681358,1354341.0,1653806750.47,20250701,12.3,1.021182,20251015,20251015,1.021182
000001.SZ,1d,2025-07-02,12.054658229385163,12.152583966423222,11.976317639754715,12.064450803088969,1200412.0,1481842212.5000002,20250702,12.32,1.021182,20251015,20251015,1.021182
000001.SZ,1d,2025-07-03,12.074243376792777,12.162376540127031,12.025280508273745,12.093828524200388,794086.0,980546007.2800001,20250703,12.350000000000001,1.021182,20251015,20251015,1.021182
000001.SZ,1d,2025-07-04,12.093828524200388,12.456153751241208,12.044865655681358,12.338642866795539,1775333.0,2224874055.6200004,20250704,12.600000000000001,1.021182,20251015,20251015,1.021182
000001.SZ,1d,2025-07-07,12.338642866795537,12.554079488279267,12.338642866795537,12.514909193464044,1495407.0,1901755851.27,20250707,12.78,1.021182,20251015,20251015,1.021182
000001.SZ,1d,2025-07-08,12.485531472352626,12.57366463568688,12.387605735314567,12.42677603012979,1090986.0,1387093602.06,20250708,12.69,1.021182,20251015,20251015,1.021182
000001.SZ,1d,2025-07-09,12.397398309018373,12.632420077909716,12.397398309018373,12.57366463568688,1205963.0,1542699034.6500003,20250709,12.84,1.021182,20251015,20251015,1.021182
000001.SZ,1d,2025-07-10,12.554079488279267,13.053500747173375,12.524701767167851,12.906612141616284,2481416.0,3249454028.73,20250710,13.180000000000001,1.021182,20251015,20251015,1.021182
000001.SZ,1d,2025-07-11,12.916404715320091,13.024123026061956,12.62262750420591,12.642212651613521,2443744.0,3200219566.16,20250711,12.91,1.021182,20251015,20251015,1.021182
000001.SZ,1d,2025-07-14,12.603042356798298,12.896819567912477,12.59324978309449,12.710760667540162,1872896.0,2440924105.22,20250714,12.979999999999999,1.021182,20251015,20251015,1.021182
000001.SZ,1d,2025-07-15,12.72055324124397,12.769516109763,12.446361177537403,12.465946324945014,1810531.0,2322277284.9300003,20250715,12.73,1.021182,20251015,20251015,1.021182
000001.SZ,1d,2025-07-16,12.465946324945014,12.495324046056432,12.240717129757476,12.37781316161076,1927864.0,2424983973.27,20250716,12.64,1.021182,20251015,20251015,1.021182
000001.SZ,1d,2025-07-17,12.348435440499344,12.436568603833598,12.279887424572701,12.328850293091731,944641.0,1189666226.6499999,20250717,12.590000000000002,1.021182,20251015,20251015,1.021182
000001.SZ,1d,2025-07-18,12.358228014203148,12.485531472352626,12.338642866795537,12.436568603833596,1241206.0,1574176824.24,20250718,12.7,1.021182,20251015,20251015,1.021182
000001.SZ,1d,2025-07-21,12.37781316161076,12.446361177537403,12.289679998276506,12.348435440499344,1079027.0,1360155718.7200003,20250721,12.610000000000001,1.021182,20251015,20251015,1.021182
000001.SZ,1d,2025-07-22,12.338642866795537,12.338642866795537,12.064450803088969,12.23092455605367,1935229.0,2408337285.96,20250722,12.49,1.021182,20251015,20251015,1.021182
000001.SZ,1d,2025-07-23,12.201546834942253,12.368020587906955,12.191754261238447,12.270094850868896,1370520.0,1719158802.8300002,20250723,12.530000000000001,1.021182,20251015,20251015,1.021182
000001.SZ,1d,2025-07-24,12.270094850868894,12.270094850868894,12.074243376792776,12.093828524200386,1959351.0,2426175235.7400002,20250724,12.35,1.021182,20251015,20251015,1.021182
000001.SZ,1d,2025-07-25,12.074243376792776,12.201546834942253,12.064450803088969,12.093828524200386,1108267.0,1372103731.0,20250725,12.35,1.021182,20251015,20251015,1.021182
000001.SZ,1d,2025-07-28,12.093828524200386,12.270094850868896,12.064450803088969,12.201546834942253,1238243.0,1541317046.96,20250728,12.46,1.021182,20251015,20251015,1.021182
000001.SZ,1d,2025-07-29,12.201546834942251,12.250509703461283,12.084035950496581,12.084035950496581,1012818.0,1255113972.39,20250729,12.34,1.021182,20251015,20251015,1.021182
000001.SZ,1d,2025-07-30,12.093828524200386,12.37781316161076,12.084035950496581,12.23092455605367,1715164.0,2149934404.53,20250730,12.49,1.021182,20251015,20251015,1.021182
000001.SZ,1d,2025-07-31,12.250509703461283,12.289679998276506,11.96652506605091,11.976317639754715,1690081.0,2079630602.38,20250731,12.23,1.021182,20251015,20251015,1.021182
000001.SZ,1d,2025-08-01,11.986110213458522,12.074243376792776,11.897977050124268,12.025280508273745,1012187.0,1240239179.6200001,20250801,12.280000000000001,1.021182,20251015,20251015,1.021182
000001.SZ,1d,2025-08-04,11.986110213458522,12.123206245311806,11.956732492347104,12.044865655681358,1032690.0,1271376406.5800002,20250804,12.3,1.021182,20251015,20251015,1.021182
000001.SZ,1d,2025-08-05,12.044865655681358,12.240717129757478,12.025280508273745,12.21133940864606,1132078.0,1405152349.43,20250805,12.47,1.021182,20251015,20251015,1.021182
000001.SZ,1d,2025-08-06,12.21133940864606,12.260302277165088,12.142791392719417,12.201546834942253,690448.0,859684675.4900001,20250806,12.46,1.021182,20251015,20251015,1.021182
000001.SZ,1d,2025-08-07,12.181961687534642,12.270094850868896,12.132998819015612,12.21133940864606,722053.0,900760012.96,20250807,12.47,1.021182,20251015,20251015,1.021182
000001.SZ,1d,2025-08-08,12.221131982349865,12.270094850868896,12.132998819015612,12.142791392719417,829796.0,1032586758.9000002,20250808,12.4,1.021182,20251015,20251015,1.021182
000001.SZ,1d,2025-08-11,12.142791392719417,12.16237654012703,12.015487934569938,12.044865655681356,934353.0,1150305112.6100001,20250811,12.299999999999999,1.021182,20251015,20251015,1.021182
000001.SZ,1d,2025-08-12,12.044865655681358,12.142791392719417,12.044865655681358,12.074243376792776,680056.0,839635630.0500001,20250812,12.33,1.021182,20251015,20251015,1.021182
000001.SZ,1d,2025-08-13,12.113413671607999,12.142791392719417,11.976317639754715,12.005695360866133,1119813.0,1376777908.92,20250813,12.26,1.021182,20251015,20251015,1.021182
000001.SZ,1d,2025-08-14,12.015487934569938,12.084035950496581,11.93714734493949,11.946939918643297,1241041.0,1523447931.74,20250814,12.2,1.021182,20251015,20251015,1.021182
000001.SZ,1d,2025-08-15,11.976317639754713,11.976317639754713,11.692333002344341,11.829429034197625,1948503.0,2344073499.2699995,20250815,12.08,1.021182,20251015,20251015,1.021182
000001.SZ,1d,2025-08-18,11.809843886790015,11.897977050124268,11.780466165678597,11.829429034197627,1239058.0,1496527038.59,20250818,12.080000000000002,1.021182,20251015,20251015,1.021182
000001.SZ,1d,2025-08-19,11.849014181605236,11.868599329012849,11.77067359197479,11.809843886790013,892860.0,1077380172.8200002,20250819,12.059999999999999,1.021182,20251015,20251015,1.021182
000001.SZ,1d,2025-08-20,11.809843886790015,11.86859932901285,11.731503297159566,11.81963646049382,1048739.0,1265435773.22,20250820,12.07,1.021182,20251015,20251015,1.021182
000001.SZ,1d,2025-08-21,11.800051313086207,11.937147344939492,11.780466165678597,11.897977050124268,1217418.0,1477053291.9,20250821,12.15,1.021182,20251015,20251015,1.021182
000001.SZ,1d,2025-08-22,11.897977050124268,11.917562197531879,11.731503297159566,11.809843886790015,1644260.0,1979461310.9099998,20250822,12.06,1.021182,20251015,20251015,1.021182
000001.SZ,1d,2025-08-25,11.868599329012849,12.270094850868894,11.849014181605236,12.191754261238446,3045088.0,3761289075.87,20250825,12.45,1.021182,20251015,20251015,1.021182
000001.SZ,1d,2025-08-26,12.191754261238447,12.240717129757476,12.044865655681358,12.103621097904194,1383599.0,1709560922.8600001,20250826,12.360000000000001,1.021182,20251015,20251015,1.021182
000001.SZ,1d,2025-08-27,12.064450803088969,12.103621097904194,11.800051313086207,11.809843886790015,1860050.0,2268070720.55,20250827,12.06,1.021182,20251015,20251015,1.021182
000001.SZ,1d,2025-08-28,11.83922160790143,11.888184476420461,11.721710723455761,11.829429034197625,1653588.0,1991723373.7600002,20250828,12.08,1.021182,20251015,20251015,1.021182
000001.SZ,1d,2025-08-29,11.800051313086207,11.96652506605091,11.780466165678597,11.800051313086207,1805126.0,2186232853.05,20250829,12.05,1.021182,20251015,20251015,1.021182
000001.SZ,1d,2025-09-01,11.800051313086206,11.800051313086206,11.604199839010088,11.64337013382531,1858459.0,2214306331.71,20250901,11.889999999999999,1.021182,20251015,20251015,1.021182
000001.SZ,1d,2025-09-02,11.604199839010088,11.741295870863372,11.594407265306282,11.731503297159566,1492716.0,1780010208.8799999,20250902,11.98,1.021182,20251015,20251015,1.021182
000001.SZ,1d,2025-09-03,11.731503297159566,11.760881018270982,11.496481528268221,11.506274101972028,1367232.0,1619322977.4599998,20250903,11.75,1.021182,20251015,20251015,1.021182
000001.SZ,1d,2025-09-04,11.516066675675834,11.52585924937964,11.359385496414937,11.496481528268221,1295300.0,1513956779.44,20250904,11.74,1.021182,20251015,20251015,1.021182
000001.SZ,1d,2025-09-05,11.486688954564416,11.496481528268221,11.388763217526357,11.47689638086061,819662.0,957547462.6700001,20250905,11.72,1.021182,20251015,20251015,1.021182
000001.SZ,1d,2025-09-08,11.467103807156803,11.535651823083445,11.42793351234158,11.457311233452998,924431.0,1083054608.28,20250908,11.7,1.021182,20251015,20251015,1.021182
000001.SZ,1d,2025-09-09,11.467103807156803,11.535651823083445,11.437726086045386,11.506274101972028,860539.0,1009279728.78,20250909,11.75,1.021182,20251015,20251015,1.021182
000001.SZ,1d,2025-09-10,11.496481528268221,11.545444396787254,11.467103807156805,11.525859249379641,792668.0,932170200.6500001,20250910,11.770000000000001,1.021182,20251015,20251015,1.021182
000001.SZ,1d,2025-09-11,11.525859249379641,11.60419983901009,11.467103807156805,11.60419983901009,963932.0,1134234366.9,20250911,11.850000000000001,1.021182,20251015,20251015,1.021182
000001.SZ,1d,2025-09-12,11.584614691602477,11.633577560121507,11.457311233453,11.47689638086061,940385.0,1107449056.76,20250912,11.72,1.021182,20251015,20251015,1.021182
000001.SZ,1d,2025-09-15,11.457311233453,11.47689638086061,11.388763217526357,11.408348364933968,840387.0,980347616.8400002,20250915,11.65,1.021182,20251015,20251015,1.021182
000001.SZ,1d,2025-09-16,11.418140938637775,11.467103807156803,11.369178070118744,11.39855579123016,708048.0,825169463.9300001,20250916,11.639999999999999,1.021182,20251015,20251015,1.021182
000001.SZ,1d,2025-09-17,11.398555791230162,11.42793351234158,11.339800349007326,11.398555791230162,771129.0,896750270.4399999,20250917,11.64,1.021182,20251015,20251015,1.021182
000001.SZ,1d,2025-09-18,11.408348364933968,11.418140938637775,11.143948874931207,11.173326596042624,1386160.0,1594827200.16,20250918,11.41,1.021182,20251015,20251015,1.021182
000001.SZ,1d,2025-09-19,11.173326596042624,11.271252333080685,11.134156301227401,11.21249689085785,834651.0,955004096.9100001,20250919,11.450000000000001,1.021182,20251015,20251015,1.021182
000001.SZ,1d,2025-09-22,11.202704317154044,11.23208203826546,11.134156301227401,11.143948874931207,596402.0,680158438.95,20250922,11.38,1.021182,20251015,20251015,1.021182
000001.SZ,1d,2025-09-23,11.134156301227401,11.339800349007326,11.08519343270837,11.28104490678449,1341430.0,1543271184.5100002,20250923,11.52,1.021182,20251015,20251015,1.021182
000001.SZ,1d,2025-09-24,11.271252333080684,11.37897064382255,11.192911743450237,11.222289464561653,1139583.0,1310214181.06,20250924,11.459999999999999,1.021182,20251015,20251015,1.021182
000001.SZ,1d,2025-09-25,11.192911743450237,11.23208203826546,11.124363727523594,11.163534022338817,773276.0,881943147.97,20250925,11.399999999999999,1.021182,20251015,20251015,1.021182
000001.SZ,1d,2025-09-26,11.153741448635014,11.202704317154042,11.08519343270837,11.163534022338819,753239.0,856917687.88,20250926,11.4,1.021182,20251015,20251015,1.021182
000001.SZ,1d,2025-09-29,11.163534022338819,11.241874611969267,11.03623056418934,11.1341563012274,1176012.0,1334456973.74,20250929,11.37,1.021182,20251015,20251015,1.021182
000001.SZ,1d,2025-09-30,11.134156301227401,11.134156301227401,11.055815711596953,11.104778580115985,832479.0,942224081.2800001,20250930,11.340000000000002,1.021182,20251015,20251015,1.021182
000001.SZ,1d,2025-10-09,11.094986006412176,11.173326596042624,11.03623056418934,11.163534022338819,1047469.0,1187061682.96,20251009,11.4,1.021182,20251015,20251015,1.021182
000001.SZ,1d,2025-10-10,11.1341563012274,11.251667185673073,11.124363727523594,11.192911743450237,1087948.0,1244213512.59,20251010,11.43,1.021182,20251015,20251015,1.021182
000001.SZ,1d,2025-10-13,11.085193432708369,11.222289464561653,11.046023137893146,11.163534022338817,1168802.0,1328180363.51,20251013,11.399999999999999,1.021182,20251015,20251015,1.021182
000001.SZ,1d,2025-10-14,11.153741448635012,11.359385496414937,11.124363727523594,11.330007775303521,1843428.0,2124120304.48,20251014,11.57,1.021182,20251015,20251015,1.021182
000001.SZ,1d,2025-10-15,11.34,11.42,11.26,11.4,1271061.0,1443458104.69,20251015,11.4,1.0,20251015,20251015,1.021182
