stock,period,datetime,open,high,low,close,volume,amount,day,raw_close,cum_dr,asof,new_event_day,new_dr
000001.SZ,1d,2016-01-04,9.292594005984697,9.315825490999659,8.696319223934013,8.773757507317217,563497.0,660376153.12,20160104,11.33,1.291350939497804,20200528,20200528,1.017214
000001.SZ,1d,2016-01-05,8.727294537287294,8.959609387436911,8.634368597227448,8.827964305685462,663269.0,755531353.7200001,20160105,11.4,1.291350939497804,20200528,20200528,1.017214
000001.SZ,1d,2016-01-06,8.843451962362103,8.951865559098591,8.820220477347142,8.92863407408363,515706.0,591698520.3600001,20160106,11.530000000000001,1.291350939497804,20200528,20200528,1.017214
000001.SZ,1d,2016-01-07,8.835708134023783,8.835708134023783,8.448516717107754,8.471748202122715,174761.0,194869493.47000003,20160107,10.94,1.291350939497804,20200528,20200528,1.017214
000001.SZ,1d,2016-01-08,8.680831567257371,8.742782193963937,8.440772888769434,8.611137112212486,747527.0,831334546.23,20160108,11.120000000000001,1.291350939497804,20200528,20200528,1.017214
000001.SZ,1d,2016-01-11,8.51821117215264,8.580161798859203,8.27040866532638,8.332359292032946,732013.0,800683640.99,20160111,10.76,1.291350939497804,20200528,20200528,1.017214
000001.SZ,1d,2016-01-12,8.386566090401189,8.448516717107754,8.239433351973098,8.371078433724549,561642.0,605970836.99,20160112,10.81,1.291350939497804,20200528,20200528,1.017214
000001.SZ,1d,2016-01-13,8.433029060431114,8.471748202122717,8.285896322003023,8.293640150341343,391709.0,424371697.73,20160113,10.71,1.291350939497804,20200528,20200528,1.017214
000001.SZ,1d,2016-01-14,8.200714210281495,8.363334605386228,8.115532098559969,8.340103120371266,666314.0,708535004.7,20160114,10.77,1.291350939497804,20200528,20200528,1.017214
000001.SZ,1d,2016-01-15,8.25492100864974,8.363334605386228,8.069069128530046,8.100044441883327,448202.0,474908142.0300001,20160115,10.459999999999999,1.291350939497804,20200528,20200528,1.017214
000001.SZ,1d,2016-01-18,8.00711850182348,8.177482725266534,7.976143188470199,8.061325300191724,421040.0,439917816.17999995,20160118,10.41,1.291350939497804,20200528,20200528,1.017214
000001.SZ,1d,2016-01-19,8.092300613545007,8.347846948709586,8.061325300191724,8.293640150341343,501109.0,532074699.5,20160119,10.71,1.291350939497804,20200528,20200528,1.017214
000001.SZ,1d,2016-01-20,8.28589632200302,8.363334605386227,8.084556785206686,8.161995068589892,603752.0,640968946.8700001,20160120,10.54,1.291350939497804,20200528,20200528,1.017214
000001.SZ,1d,2016-01-21,8.115532098559969,8.324615463694624,7.991630845146839,7.991630845146839,606145.0,638127876.8299999,20160121,10.32,1.291350939497804,20200528,20200528,1.017214
000001.SZ,1d,2016-01-22,8.053581471853404,8.092300613545008,7.914192561763634,8.053581471853404,466752.0,482984450.37000006,20160122,10.4,1.291350939497804,20200528,20200528,1.017214
000001.SZ,1d,2016-01-25,8.053581471853404,8.084556785206686,7.99937467348516,8.030349986838441,376431.0,390734876.74,20160125,10.37,1.291350939497804,20200528,20200528,1.017214
000001.SZ,1d,2016-01-26,7.991630845146839,7.991630845146839,7.635414741584092,7.643158569922413,647901.0,653561593.37,20160126,9.87,1.291350939497804,20200528,20200528,1.017214
000001.SZ,1d,2016-01-27,7.689621539952337,7.72834068164394,7.434075204787757,7.650902398260733,569037.0,558510640.86,20160127,9.879999999999999,1.291350939497804,20200528,20200528,1.017214
000001.SZ,1d,2016-01-28,7.604439428230811,7.658646226599055,7.472794346479361,7.503769659832642,302540.0,296055319.24,20160128,9.69,1.291350939497804,20200528,20200528,1.017214
000001.SZ,1d,2016-01-29,7.542488801524246,7.805778965027145,7.503769659832642,7.743828338320581,544435.0,540544459.55,20160129,10.0,1.291350939497804,20200528,20200528,1.017214
000001.SZ,1d,2016-02-01,7.72834068164394,7.751572166658901,7.542488801524246,7.58895177155417,417732.0,412635642.62999994,20160201,9.8,1.291350939497804,20200528,20200528,1.017214
000001.SZ,1d,2016-02-02,7.588951771554169,7.767059823335542,7.5734641148775275,7.705109196628977,369104.0,367360499.7,20160202,9.95,1.291350939497804,20200528,20200528,1.017214
000001.SZ,1d,2016-02-03,7.627670913245772,7.658646226599053,7.565720286539207,7.627670913245772,274572.0,269997835.61,20160203,9.85,1.291350939497804,20200528,20200528,1.017214
000001.SZ,1d,2016-02-04,7.658646226599055,7.743828338320581,7.650902398260734,7.705109196628979,373099.0,370586187.52000004,20160204,9.950000000000001,1.291350939497804,20200528,20200528,1.017214
000001.SZ,1d,2016-02-05,7.712853024967299,7.7205968533056195,7.674133883275696,7.681877711614016,270893.0,269184383.53,20160205,9.92,1.291350939497804,20200528,20200528,1.017214
000001.SZ,1d,2016-02-15,7.480538174817681,7.627670913245772,7.472794346479361,7.5812079432158495,278499.0,271173372.44,20160215,9.790000000000001,1.291350939497804,20200528,20200528,1.017214
000001.SZ,1d,2016-02-16,7.619927084907451,7.767059823335542,7.612183256569131,7.751572166658901,428386.0,427507774.18,20160216,10.01,1.291350939497804,20200528,20200528,1.017214
000001.SZ,1d,2016-02-17,7.767059823335542,7.914192561763634,7.736084509982261,7.85998576339539,585167.0,590538918.7800001,20160217,10.15,1.291350939497804,20200528,20200528,1.017214
000001.SZ,1d,2016-02-18,7.883217248410351,7.914192561763634,7.813522793365466,7.813522793365466,406178.0,412337569.83000004,20160218,10.09,1.291350939497804,20200528,20200528,1.017214
000001.SZ,1d,2016-02-19,7.813522793365466,7.852241935057069,7.736084509982261,7.774803651673864,318898.0,320939651.99,20160219,10.040000000000001,1.291350939497804,20200528,20200528,1.017214
000001.SZ,1d,2016-02-22,7.844498106718749,7.983887016808519,7.790291308350505,7.968399360131879,617739.0,630251514.49,20160222,10.290000000000001,1.291350939497804,20200528,20200528,1.017214
000001.SZ,1d,2016-02-23,7.968399360131879,7.968399360131879,7.782547480012184,7.836754278380429,425874.0,432315311.35,20160223,10.120000000000001,1.291350939497804,20200528,20200528,1.017214
000001.SZ,1d,2016-02-24,7.790291308350505,7.85998576339539,7.751572166658901,7.85998576339539,300103.0,302498026.09,20160224,10.15,1.291350939497804,20200528,20200528,1.017214
000001.SZ,1d,2016-02-25,7.836754278380427,7.844498106718747,7.434075204787757,7.488282003156002,622072.0,615004743.2700001,20160225,9.67,1.291350939497804,20200528,20200528,1.017214
000001.SZ,1d,2016-02-26,7.565720286539207,7.612183256569131,7.480538174817681,7.5812079432158495,392154.0,382634662.72,20160226,9.790000000000001,1.291350939497804,20200528,20200528,1.017214
000001.SZ,1d,2016-02-29,7.581207943215848,7.59669559989249,7.294686294697987,7.403099891434476,566896.0,542183971.78,20160229,9.56,1.291350939497804,20200528,20200528,1.017214
000001.SZ,1d,2016-03-01,7.449562861464398,7.565720286539207,7.418587548111116,7.511513488170963,377910.0,365149008.02000004,20160301,9.7,1.291350939497804,20200528,20200528,1.017214
000001.SZ,1d,2016-03-02,7.550232629862566,7.844498106718749,7.527001144847605,7.821266621703788,676613.0,673626229.31,20160302,10.100000000000001,1.291350939497804,20200528,20200528,1.017214
000001.SZ,1d,2016-03-03,7.813522793365467,7.883217248410352,7.774803651673864,7.829010450042108,553089.0,559045201.6200001,20160303,10.110000000000001,1.291350939497804,20200528,20200528,1.017214
000001.SZ,1d,2016-03-04,7.813522793365466,8.13101975523661,7.798035136688825,8.053581471853404,1381249.0,1429273062.74,20160304,10.4,1.291350939497804,20200528,20200528,1.017214
000001.SZ,1d,2016-03-07,8.014862330161803,8.12327592689829,7.976143188470199,8.00711850182348,606352.0,630155599.1600001,20160307,10.34,1.291350939497804,20200528,20200528,1.017214
000001.SZ,1d,2016-03-08,8.022606158500121,8.022606158500121,7.697365368290657,7.960655531793557,643156.0,650471607.35,20160308,10.28,1.291350939497804,20200528,20200528,1.017214
000001.SZ,1d,2016-03-09,7.852241935057069,7.914192561763634,7.774803651673864,7.875473420072032,325900.0,330124892.38,20160309,10.170000000000002,1.291350939497804,20200528,20200528,1.017214
000001.SZ,1d,2016-03-10,7.929680218440275,8.014862330161803,7.844498106718749,7.85998576339539,474020.0,486414240.72,20160310,10.15,1.291350939497804,20200528,20200528,1.017214
000001.SZ,1d,2016-03-11,7.821266621703788,7.914192561763634,7.774803651673864,7.86772959173371,383736.0,389638934.2,20160311,10.16,1.291350939497804,20200528,20200528,1.017214
000001.SZ,1d,2016-03-14,7.9064487334253135,8.100044441883329,7.9064487334253135,7.945167875116917,655158.0,679161304.98,20160314,10.260000000000002,1.291350939497804,20200528,20200528,1.017214
000001.SZ,1d,2016-03-15,7.960655531793557,8.022606158500121,7.86772959173371,7.991630845146839,417920.0,428786691.82,20160315,10.32,1.291350939497804,20200528,20200528,1.017214
000001.SZ,1d,2016-03-16,7.952911703455237,8.092300613545007,7.937424046778595,8.014862330161801,664886.0,690087713.0500001,20160316,10.35,1.291350939497804,20200528,20200528,1.017214
000001.SZ,1d,2016-03-17,8.022606158500123,8.115532098559969,7.976143188470199,8.069069128530046,610996.0,635181313.4699999,20160317,10.42,1.291350939497804,20200528,20200528,1.017214
000001.SZ,1d,2016-03-18,8.069069128530046,8.185226553604855,8.053581471853404,8.161995068589892,797215.0,836565552.7900001,20160318,10.540000000000001,1.291350939497804,20200528,20200528,1.017214
000001.SZ,1d,2016-03-21,8.169738896928214,8.409797575416151,8.169738896928214,8.363334605386228,920432.0,987764461.92,20160321,10.8,1.291350939497804,20200528,20200528,1.017214
000001.SZ,1d,2016-03-22,8.340103120371266,8.471748202122715,8.2781524936647,8.301383978679661,625482.0,675406611.44,20160322,10.719999999999999,1.291350939497804,20200528,20200528,1.017214
000001.SZ,1d,2016-03-23,8.293640150341341,8.340103120371266,8.216201866958135,8.28589632200302,430278.0,458963272.7,20160323,10.7,1.291350939497804,20200528,20200528,1.017214
000001.SZ,1d,2016-03-24,8.216201866958135,8.231689523634778,8.13101975523661,8.14650741191325,372406.0,393411544.51,20160324,10.52,1.291350939497804,20200528,20200528,1.017214
000001.SZ,1d,2016-03-25,8.13876358357493,8.208458038619815,8.13101975523661,8.200714210281495,237070.0,250338489.56000003,20160325,10.59,1.291350939497804,20200528,20200528,1.017214
000001.SZ,1d,2016-03-28,8.223945695296457,8.247177180311418,8.092300613545008,8.115532098559969,358621.0,378973327.48,20160328,10.48,1.291350939497804,20200528,20200528,1.017214
000001.SZ,1d,2016-03-29,8.138763583574931,8.146507411913252,8.038093815176763,8.076812956868366,318317.0,332422397.07,20160329,10.430000000000001,1.291350939497804,20200528,20200528,1.017214
000001.SZ,1d,2016-03-30,8.115532098559969,8.285896322003023,8.107788270221649,8.285896322003023,539699.0,572627417.13,20160330,10.700000000000001,1.291350939497804,20200528,20200528,1.017214
000001.SZ,1d,2016-03-31,8.293640150341343,8.324615463694624,8.239433351973098,8.239433351973098,418387.0,447266281.73,20160331,10.64,1.291350939497804,20200528,20200528,1.017214
000001.SZ,1d,2016-04-01,8.223945695296456,8.2781524936647,8.13101975523661,8.25492100864974,369341.0,391830399.33,20160401,10.66,1.291350939497804,20200528,20200528,1.017214
000001.SZ,1d,2016-04-05,8.223945695296456,8.371078433724549,8.13101975523661,8.28589632200302,592308.0,632378859.33,20160405,10.7,1.291350939497804,20200528,20200528,1.017214
000001.SZ,1d,2016-04-06,8.27040866532638,8.324615463694624,8.216201866958135,8.301383978679661,435259.0,464962437.13000005,20160406,10.719999999999999,1.291350939497804,20200528,20200528,1.017214
000001.SZ,1d,2016-04-07,8.301383978679663,8.309127807017983,8.200714210281495,8.200714210281495,377719.0,401949050.57000005,20160407,10.59,1.291350939497804,20200528,20200528,1.017214
000001.SZ,1d,2016-04-08,8.169738896928214,8.26266483698806,8.13101975523661,8.185226553604855,376553.0,397998243.93,20160408,10.57,1.291350939497804,20200528,20200528,1.017214
000001.SZ,1d,2016-04-11,8.208458038619815,8.363334605386227,8.208458038619815,8.301383978679661,786386.0,840486348.21,20160411,10.719999999999999,1.291350939497804,20200528,20200528,1.017214
000001.SZ,1d,2016-04-12,8.285896322003023,8.293640150341343,8.223945695296457,8.26266483698806,298599.0,318538001.82000005,20160412,10.670000000000002,1.291350939497804,20200528,20200528,1.017214
000001.SZ,1d,2016-04-13,8.309127807017983,8.494979687137677,8.293640150341343,8.371078433724549,856760.0,929858588.49,20160413,10.81,1.291350939497804,20200528,20200528,1.017214
000001.SZ,1d,2016-04-14,8.425285232092792,8.440772888769434,8.355590777047908,8.394309918739511,323646.0,350702741.47,20160414,10.840000000000002,1.291350939497804,20200528,20200528,1.017214
000001.SZ,1d,2016-04-15,8.39430991873951,8.471748202122717,8.363334605386228,8.425285232092792,497224.0,541052858.38,20160415,10.88,1.291350939497804,20200528,20200528,1.017214
000001.SZ,1d,2016-04-18,8.378822262062869,8.40205374707783,8.309127807017983,8.309127807017983,350654.0,377791436.76,20160418,10.73,1.291350939497804,20200528,20200528,1.017214
000001.SZ,1d,2016-04-19,8.340103120371266,8.371078433724549,8.293640150341343,8.340103120371266,218239.0,234479844.29,20160419,10.770000000000001,1.291350939497804,20200528,20200528,1.017214
000001.SZ,1d,2016-04-20,8.340103120371266,8.347846948709586,8.022606158500121,8.14650741191325,606586.0,640149677.08,20160420,10.52,1.291350939497804,20200528,20200528,1.017214
000001.SZ,1d,2016-04-21,8.146507411913252,8.231689523634778,8.092300613545008,8.138763583574931,558799.0,588731547.4699999,20160421,10.510000000000002,1.291350939497804,20200528,20200528,1.017214
000001.SZ,1d,2016-04-22,8.100044441883329,8.223945695296457,8.061325300191724,8.169738896928214,359677.0,379176139.25,20160422,10.55,1.291350939497804,20200528,20200528,1.017214
000001.SZ,1d,2016-04-25,8.177482725266534,8.177482725266534,8.069069128530046,8.13101975523661,349257.0,366533376.73,20160425,10.5,1.291350939497804,20200528,20200528,1.017214
000001.SZ,1d,2016-04-26,8.115532098559969,8.208458038619817,8.100044441883329,8.200714210281497,291699.0,306962513.0,20160426,10.590000000000002,1.291350939497804,20200528,20200528,1.017214
000001.SZ,1d,2016-04-27,8.192970381943175,8.216201866958135,8.14650741191325,8.185226553604855,239553.0,253308584.05,20160427,10.57,1.291350939497804,20200528,20200528,1.017214
000001.SZ,1d,2016-04-28,8.192970381943175,8.332359292032946,8.161995068589892,8.25492100864974,457460.0,487261220.54,20160428,10.66,1.291350939497804,20200528,20200528,1.017214
000001.SZ,1d,2016-04-29,8.239433351973098,8.239433351973098,8.169738896928214,8.185226553604855,404977.0,428582155.01,20160429,10.57,1.291350939497804,20200528,20200528,1.017214
000001.SZ,1d,2016-05-03,8.192970381943175,8.301383978679661,8.14650741191325,8.27040866532638,489102.0,521137502.43000007,20160503,10.68,1.291350939497804,20200528,20200528,1.017214
000001.SZ,1d,2016-05-04,8.27040866532638,8.324615463694624,8.25492100864974,8.301383978679663,412435.0,441848167.65000004,20160504,10.72,1.291350939497804,20200528,20200528,1.017214
000001.SZ,1d,2016-05-05,8.2781524936647,8.301383978679663,8.247177180311418,8.301383978679663,239516.0,256002095.85999998,20160505,10.72,1.291350939497804,20200528,20200528,1.017214
000001.SZ,1d,2016-05-06,8.309127807017983,8.309127807017983,8.14650741191325,8.14650741191325,346545.0,367408584.52,20160506,10.52,1.291350939497804,20200528,20200528,1.017214
000001.SZ,1d,2016-05-09,8.13101975523661,8.154251240251572,7.991630845146839,8.014862330161801,411171.0,428356624.07,20160509,10.35,1.291350939497804,20200528,20200528,1.017214
000001.SZ,1d,2016-05-10,8.00711850182348,8.030349986838441,7.952911703455237,7.960655531793557,292599.0,301767207.97,20160510,10.28,1.291350939497804,20200528,20200528,1.017214
000001.SZ,1d,2016-05-11,7.976143188470199,8.084556785206688,7.976143188470199,8.030349986838443,327289.0,339005275.76,20160511,10.370000000000001,1.291350939497804,20200528,20200528,1.017214
000001.SZ,1d,2016-05-12,7.983887016808519,8.053581471853404,7.937424046778595,8.038093815176763,325885.0,336792700.57,20160512,10.38,1.291350939497804,20200528,20200528,1.017214
000001.SZ,1d,2016-05-13,8.014862330161801,8.053581471853404,7.99937467348516,8.014862330161801,184266.0,191007255.66,20160513,10.35,1.291350939497804,20200528,20200528,1.017214
000001.SZ,1d,2016-05-16,7.991630845146839,8.022606158500121,7.937424046778595,8.022606158500121,215224.0,221931208.07000002,20160516,10.36,1.291350939497804,20200528,20200528,1.017214
000001.SZ,1d,2016-05-17,8.022606158500121,8.030349986838443,7.929680218440275,7.976143188470199,250424.0,257859628.95000002,20160517,10.3,1.291350939497804,20200528,20200528,1.017214
000001.SZ,1d,2016-05-18,7.968399360131877,7.991630845146839,7.875473420072031,7.976143188470199,534150.0,547076639.38,20160518,10.3,1.291350939497804,20200528,20200528,1.017214
000001.SZ,1d,2016-05-19,7.952911703455237,7.991630845146839,7.937424046778595,7.937424046778595,170777.0,175591500.42,20160519,10.25,1.291350939497804,20200528,20200528,1.017214
000001.SZ,1d,2016-05-20,7.929680218440275,7.99937467348516,7.890961076748671,7.976143188470197,206703.0,212277642.00000003,20160520,10.299999999999999,1.291350939497804,20200528,20200528,1.017214
000001.SZ,1d,2016-05-23,7.99937467348516,8.00711850182348,7.937424046778595,7.960655531793557,323646.0,333300178.49,20160523,10.28,1.291350939497804,20200528,20200528,1.017214
000001.SZ,1d,2016-05-24,7.952911703455237,7.960655531793557,7.890961076748671,7.906448733425313,259294.0,265042286.91000003,20160524,10.209999999999999,1.291350939497804,20200528,20200528,1.017214
000001.SZ,1d,2016-05-25,7.937424046778595,7.960655531793557,7.890961076748671,7.921936390101953,204235.0,209019882.70000002,20160525,10.229999999999999,1.291350939497804,20200528,20200528,1.017214
000001.SZ,1d,2016-05-26,7.914192561763634,7.952911703455237,7.875473420072031,7.914192561763634,261396.0,266736775.84,20160526,10.22,1.291350939497804,20200528,20200528,1.017214
000001.SZ,1d,2016-05-27,7.914192561763633,7.968399360131877,7.890961076748671,7.952911703455237,222818.0,228377555.01999998,20160527,10.27,1.291350939497804,20200528,20200528,1.017214
000001.SZ,1d,2016-05-30,7.937424046778597,7.960655531793558,7.898704905086993,7.960655531793558,380946.0,390119748.19,20160530,10.280000000000001,1.291350939497804,20200528,20200528,1.017214
000001.SZ,1d,2016-05-31,7.9451678751169155,8.185226553604855,7.9451678751169155,8.169738896928212,946467.0,991668174.78,20160531,10.549999999999999,1.291350939497804,20200528,20200528,1.017214
000001.SZ,1d,2016-06-01,8.13876358357493,8.169738896928212,8.084556785206686,8.115532098559967,556750.0,584161145.13,20160601,10.479999999999999,1.291350939497804,20200528,20200528,1.017214
000001.SZ,1d,2016-06-02,8.107788270221649,8.115532098559969,8.069069128530046,8.100044441883327,293036.0,306269383.37,20160602,10.459999999999999,1.291350939497804,20200528,20200528,1.017214
000001.SZ,1d,2016-06-03,8.107788270221649,8.14650741191325,8.061325300191724,8.13101975523661,423389.0,443039580.98,20160603,10.5,1.291350939497804,20200528,20200528,1.017214
000001.SZ,1d,2016-06-06,8.138763583574931,8.154251240251572,8.092300613545008,8.138763583574931,338332.0,354998364.13,20160606,10.510000000000002,1.291350939497804,20200528,20200528,1.017214
000001.SZ,1d,2016-06-07,8.14650741191325,8.154251240251572,8.115532098559969,8.14650741191325,229282.0,240887148.70000002,20160607,10.52,1.291350939497804,20200528,20200528,1.017214
000001.SZ,1d,2016-06-08,8.161995068589892,8.161995068589892,8.100044441883329,8.13101975523661,268188.0,281651740.87,20160608,10.5,1.291350939497804,20200528,20200528,1.017214
000001.SZ,1d,2016-06-13,8.100044441883329,8.107788270221649,7.99937467348516,7.99937467348516,344816.0,358996277.49999994,20160613,10.33,1.291350939497804,20200528,20200528,1.017214
000001.SZ,1d,2016-06-14,8.00711850182348,8.061325300191724,7.991630845146839,8.053581471853404,273637.0,283578296.52,20160614,10.4,1.291350939497804,20200528,20200528,1.017214
000001.SZ,1d,2016-06-15,7.99937467348516,8.115532098559969,7.991630845146839,8.084556785206686,378172.0,394033686.13,20160615,10.44,1.291350939497804,20200528,20200528,1.017214
000001.SZ,1d,2016-06-16,8.08455656063566,8.112857225375341,8.046822340982752,8.08455656063566,386670.0,331192444.67,20160616,8.569999999999999,1.0600457719261933,20200528,20200528,1.017214
000001.SZ,1d,2016-06-17,8.084556560635662,8.122290780288571,8.05625589589598,8.093990115548888,315173.0,270236697.97,20160617,8.58,1.0600457719261933,20200528,20200528,1.017214
000001.SZ,1d,2016-06-20,8.103423670462115,8.112857225375341,8.075123005722434,8.112857225375341,270731.0,232205297.92,20160620,8.6,1.0600457719261933,20200528,20200528,1.017214
000001.SZ,1d,2016-06-21,8.12229078028857,8.160024999941479,8.093990115548888,8.12229078028857,380749.0,327940703.41,20160621,8.61,1.0600457719261933,20200528,20200528,1.017214
000001.SZ,1d,2016-06-22,8.112857225375341,8.235493439247296,8.093990115548888,8.235493439247296,478002.0,413947368.64000005,20160622,8.73,1.0600457719261933,20200528,20200528,1.017214
000001.SZ,1d,2016-06-23,8.178892109767933,8.207192774507615,8.141157890115025,8.169458554854705,335614.0,290490407.0,20160623,8.66,1.0600457719261933,20200528,20200528,1.017214
000001.SZ,1d,2016-06-24,8.15059144502825,8.207192774507613,8.037388786069524,8.084556560635662,427664.0,367771053.91,20160624,8.57,1.0600457719261933,20200528,20200528,1.017214
000001.SZ,1d,2016-06-27,8.084556560635662,8.150591445028251,8.05625589589598,8.122290780288571,325214.0,280044073.17999995,20160627,8.610000000000001,1.0600457719261933,20200528,20200528,1.017214
000001.SZ,1d,2016-06-28,8.093990115548888,8.150591445028251,8.075123005722434,8.141157890115025,336519.0,289122213.99,20160628,8.63,1.0600457719261933,20200528,20200528,1.017214
000001.SZ,1d,2016-06-29,8.141157890115025,8.197759219594388,8.131724335201797,8.197759219594388,369611.0,319908689.63,20160629,8.690000000000001,1.0600457719261933,20200528,20200528,1.017214
000001.SZ,1d,2016-06-30,8.197759219594387,8.244926994160522,8.169458554854705,8.207192774507613,362204.0,315051854.72999996,20160630,8.7,1.0600457719261933,20200528,20200528,1.017214
000001.SZ,1d,2016-07-01,8.197759219594387,8.235493439247296,8.188325664681159,8.21662632942084,348930.0,303652375.25,20160701,8.709999999999999,1.0600457719261933,20200528,20200528,1.017214
000001.SZ,1d,2016-07-04,8.197759219594387,8.358129653119247,8.178892109767933,8.310961878553114,608257.0,534656909.55,20160704,8.81,1.0600457719261933,20200528,20200528,1.017214
000001.SZ,1d,2016-07-05,8.301528323639884,8.329828988379568,8.273227658900204,8.310961878553112,422037.0,371422814.75,20160705,8.809999999999999,1.0600457719261933,20200528,20200528,1.017214
000001.SZ,1d,2016-07-06,8.301528323639884,8.32039543346634,8.263794103986976,8.292094768726658,322950.0,283827375.8,20160706,8.79,1.0600457719261933,20200528,20200528,1.017214
000001.SZ,1d,2016-07-07,8.29209476872666,8.301528323639886,8.244926994160522,8.28266121381343,312853.0,274337185.84000003,20160707,8.78,1.0600457719261933,20200528,20200528,1.017214
000001.SZ,1d,2016-07-08,8.29209476872666,8.29209476872666,8.235493439247296,8.244926994160522,261342.0,228778674.11,20160708,8.74,1.0600457719261933,20200528,20200528,1.017214
000001.SZ,1d,2016-07-11,8.25436054907375,8.29209476872666,8.244926994160522,8.25436054907375,365372.0,320333760.68,20160711,8.75,1.0600457719261933,20200528,20200528,1.017214
000001.SZ,1d,2016-07-12,8.25436054907375,8.38643031785893,8.244926994160522,8.376996762945703,711832.0,627505578.42,20160712,8.88,1.0600457719261933,20200528,20200528,1.017214
000001.SZ,1d,2016-07-13,8.376996762945701,8.537367196470562,8.358129653119247,8.4807658669912,798288.0,716797025.3100001,20160713,8.99,1.0600457719261933,20200528,20200528,1.017214
000001.SZ,1d,2016-07-14,8.461898757164747,8.490199421904428,8.405297427685383,8.433598092425065,359699.0,321889343.31,20160714,8.94,1.0600457719261933,20200528,20200528,1.017214
000001.SZ,1d,2016-07-15,8.443031647338291,8.490199421904428,8.405297427685383,8.4807658669912,352033.0,315555253.54,20160715,8.99,1.0600457719261933,20200528,20200528,1.017214
000001.SZ,1d,2016-07-18,8.4807658669912,8.565667861210246,8.461898757164747,8.527933641557338,506934.0,457358031.39,20160718,9.040000000000001,1.0600457719261933,20200528,20200528,1.017214
000001.SZ,1d,2016-07-19,8.527933641557338,8.537367196470564,8.443031647338293,8.461898757164747,362787.0,326046531.03999996,20160719,8.97,1.0600457719261933,20200528,20200528,1.017214
000001.SZ,1d,2016-07-20,8.45246520225152,8.4807658669912,8.443031647338293,8.45246520225152,310926.0,278737194.12,20160720,8.96,1.0600457719261933,20200528,20200528,1.017214
000001.SZ,1d,2016-07-21,8.443031647338293,8.499632976817656,8.443031647338293,8.4807658669912,340261.0,305710332.75,20160721,8.99,1.0600457719261933,20200528,20200528,1.017214
000001.SZ,1d,2016-07-22,8.4807658669912,8.4807658669912,8.414730982598611,8.433598092425065,295549.0,264379250.43,20160722,8.94,1.0600457719261933,20200528,20200528,1.017214
000001.SZ,1d,2016-07-25,8.424164537511837,8.471332312077974,8.405297427685383,8.471332312077974,264682.0,236937494.08,20160725,8.98,1.0600457719261933,20200528,20200528,1.017214
000001.SZ,1d,2016-07-26,8.461898757164747,8.603402080863155,8.461898757164747,8.593968525949927,546556.0,494506420.12000006,20160726,9.110000000000001,1.0600457719261933,20200528,20200528,1.017214
000001.SZ,1d,2016-07-27,8.603402080863155,8.65056985542929,8.405297427685383,8.499632976817654,818678.0,741263303.03,20160727,9.01,1.0600457719261933,20200528,20200528,1.017214
000001.SZ,1d,2016-07-28,8.471332312077974,8.593968525949927,8.461898757164747,8.565667861210246,479910.0,434490536.62,20160728,9.08,1.0600457719261933,20200528,20200528,1.017214
000001.SZ,1d,2016-07-29,8.565667861210246,8.71660473982188,8.518500086644108,8.67887052016897,671425.0,614972669.3,20160729,9.2,1.0600457719261933,20200528,20200528,1.017214
000001.SZ,1d,2016-08-01,8.660003410342517,8.81094028895415,8.65056985542929,8.754338959474788,759324.0,702466616.0,20160801,9.28,1.0600457719261933,20200528,20200528,1.017214
000001.SZ,1d,2016-08-02,8.71660473982188,8.735471849648334,8.65056985542929,8.726038294735107,449165.0,413484595.07000005,20160802,9.25,1.0600457719261933,20200528,20200528,1.017214
000001.SZ,1d,2016-08-03,8.688304075082199,8.697737629995427,8.631702745602835,8.660003410342517,424622.0,389817535.11,20160803,9.18,1.0600457719261933,20200528,20200528,1.017214
000001.SZ,1d,2016-08-04,8.65056985542929,8.660003410342517,8.424164537511837,8.4807658669912,1344462.0,1210346973.56,20160804,8.99,1.0600457719261933,20200528,20200528,1.017214
000001.SZ,1d,2016-08-05,8.4807658669912,8.556234306297018,8.443031647338293,8.527933641557338,725948.0,654998092.94,20160805,9.040000000000001,1.0600457719261933,20200528,20200528,1.017214
000001.SZ,1d,2016-08-08,8.527933641557336,8.593968525949926,8.499632976817654,8.593968525949926,398479.0,361191045.29,20160808,9.11,1.0600457719261933,20200528,20200528,1.017214
000001.SZ,1d,2016-08-09,8.575101416123472,8.631702745602835,8.556234306297018,8.631702745602835,415676.0,378720688.32000005,20160809,9.15,1.0600457719261933,20200528,20200528,1.017214
000001.SZ,1d,2016-08-10,8.631702745602835,8.660003410342519,8.603402080863155,8.62226919068961,436655.0,399656990.64000005,20160810,9.14,1.0600457719261933,20200528,20200528,1.017214
000001.SZ,1d,2016-08-11,8.62226919068961,8.82037384386738,8.612835635776381,8.697737629995427,935576.0,866594867.9,20160811,9.22,1.0600457719261933,20200528,20200528,1.017214
000001.SZ,1d,2016-08-12,8.67887052016897,8.990177832305466,8.660003410342517,8.961877167565785,1370021.0,1282336292.04,20160812,9.5,1.0600457719261933,20200528,20200528,1.017214
000001.SZ,1d,2016-08-15,9.00904494213192,9.244883814962598,8.971310722479013,9.131681156003873,1897552.0,1835196865.56,20160815,9.68,1.0600457719261933,20200528,20200528,1.017214
000001.SZ,1d,2016-08-16,9.131681156003875,9.131681156003875,8.924142947912877,8.98074427739224,1099558.0,1050479545.3100001,20160816,9.520000000000001,1.0600457719261933,20200528,20200528,1.017214
000001.SZ,1d,2016-08-17,8.980744277392239,9.056212716698056,8.94301005773933,9.009044942131922,560725.0,534926047.02,20160817,9.55,1.0600457719261933,20200528,20200528,1.017214
000001.SZ,1d,2016-08-18,9.018478497045148,9.04677916178483,8.895842283173195,8.961877167565785,691504.0,658183955.01,20160818,9.5,1.0600457719261933,20200528,20200528,1.017214
000001.SZ,1d,2016-08-19,8.952443612652559,8.980744277392239,8.895842283173195,8.971310722479013,505334.0,478779724.24,20160819,9.51,1.0600457719261933,20200528,20200528,1.017214
000001.SZ,1d,2016-08-22,8.961877167565785,8.971310722479013,8.829807398780604,8.867541618433512,979432.0,922426435.12,20160822,9.399999999999999,1.0600457719261933,20200528,20200528,1.017214
000001.SZ,1d,2016-08-23,8.84867450860706,8.91470939299965,8.839240953693833,8.867541618433513,890656.0,838185900.5899999,20160823,9.4,1.0600457719261933,20200528,20200528,1.017214
000001.SZ,1d,2016-08-24,8.876975173346741,8.895842283173197,8.84867450860706,8.895842283173197,732281.0,688971683.08,20160824,9.430000000000001,1.0600457719261933,20200528,20200528,1.017214
000001.SZ,1d,2016-08-25,8.886408728259967,8.914709392999649,8.81094028895415,8.905275838086421,617389.0,580648481.91,20160825,9.44,1.0600457719261933,20200528,20200528,1.017214
000001.SZ,1d,2016-08-26,8.91470939299965,8.933576502826105,8.867541618433513,8.91470939299965,502233.0,473688076.59,20160826,9.450000000000001,1.0600457719261933,20200528,20200528,1.017214
000001.SZ,1d,2016-08-29,8.876975173346741,8.91470939299965,8.84867450860706,8.886408728259967,565231.0,532295362.01000005,20160829,9.42,1.0600457719261933,20200528,20200528,1.017214
000001.SZ,1d,2016-08-30,8.886408728259967,8.933576502826105,8.876975173346741,8.933576502826105,595081.0,561854066.27,20160830,9.47,1.0600457719261933,20200528,20200528,1.017214
000001.SZ,1d,2016-08-31,8.924142947912875,8.961877167565785,8.895842283173195,8.952443612652559,489746.0,463875762.93,20160831,9.49,1.0600457719261933,20200528,20200528,1.017214
000001.SZ,1d,2016-09-01,8.952443612652559,8.980744277392239,8.886408728259967,8.914709392999649,480131.0,454848634.31,20160901,9.45,1.0600457719261933,20200528,20200528,1.017214
000001.SZ,1d,2016-09-02,8.895842283173195,8.924142947912875,8.886408728259967,8.914709392999649,368796.0,348054367.10999995,20160902,9.45,1.0600457719261933,20200528,20200528,1.017214
000001.SZ,1d,2016-09-05,8.924142947912877,8.924142947912877,8.867541618433513,8.886408728259967,469936.0,443204803.58,20160905,9.42,1.0600457719261933,20200528,20200528,1.017214
000001.SZ,1d,2016-09-06,8.886408728259967,8.895842283173195,8.829807398780604,8.876975173346741,574738.0,539813283.55,20160906,9.41,1.0600457719261933,20200528,20200528,1.017214
000001.SZ,1d,2016-09-07,8.876975173346741,8.886408728259969,8.839240953693833,8.867541618433513,459373.0,431984158.6100001,20160907,9.4,1.0600457719261933,20200528,20200528,1.017214
000001.SZ,1d,2016-09-08,8.858108063520287,8.886408728259967,8.84867450860706,8.867541618433513,295218.0,277503757.8,20160908,9.4,1.0600457719261933,20200528,20200528,1.017214
000001.SZ,1d,2016-09-09,8.867541618433512,8.895842283173195,8.829807398780604,8.848674508607058,327431.0,307527271.24,20160909,9.379999999999999,1.0600457719261933,20200528,20200528,1.017214
000001.SZ,1d,2016-09-12,8.763772514388016,8.792073179127698,8.612835635776381,8.641136300516063,756581.0,697759184.1,20160912,9.16,1.0600457719261933,20200528,20200528,1.017214
000001.SZ,1d,2016-09-13,8.660003410342517,8.688304075082199,8.62226919068961,8.669436965255745,460931.0,423113832.02000004,20160913,9.190000000000001,1.0600457719261933,20200528,20200528,1.017214
000001.SZ,1d,2016-09-14,8.65056985542929,8.660003410342519,8.537367196470564,8.546800751383792,421481.0,384081266.46000004,20160914,9.06,1.0600457719261933,20200528,20200528,1.017214
000001.SZ,1d,2016-09-19,8.537367196470564,8.62226919068961,8.537367196470564,8.603402080863155,354348.0,322575925.94,20160919,9.120000000000001,1.0600457719261933,20200528,20200528,1.017214
000001.SZ,1d,2016-09-20,8.603402080863155,8.603402080863155,8.527933641557338,8.565667861210246,436678.0,396359321.31,20160920,9.08,1.0600457719261933,20200528,20200528,1.017214
000001.SZ,1d,2016-09-21,8.565667861210246,8.5845349710367,8.518500086644108,8.565667861210246,405665.0,367767497.46,20160921,9.08,1.0600457719261933,20200528,20200528,1.017214
000001.SZ,1d,2016-09-22,8.5845349710367,8.660003410342517,8.575101416123472,8.641136300516063,494613.0,451909020.47999996,20160922,9.16,1.0600457719261933,20200528,20200528,1.017214
000001.SZ,1d,2016-09-23,8.641136300516063,8.669436965255745,8.62226919068961,8.631702745602835,288798.0,264699513.1,20160923,9.15,1.0600457719261933,20200528,20200528,1.017214
000001.SZ,1d,2016-09-26,8.612835635776381,8.612835635776381,8.527933641557338,8.527933641557338,439481.0,398771864.85,20160926,9.040000000000001,1.0600457719261933,20200528,20200528,1.017214
000001.SZ,1d,2016-09-27,8.527933641557336,8.556234306297018,8.499632976817654,8.546800751383792,401323.0,362769231.03,20160927,9.06,1.0600457719261933,20200528,20200528,1.017214
000001.SZ,1d,2016-09-28,8.54680075138379,8.54680075138379,8.518500086644108,8.537367196470562,271366.0,245499467.89,20160928,9.049999999999999,1.0600457719261933,20200528,20200528,1.017214
000001.SZ,1d,2016-09-29,8.537367196470564,8.565667861210246,8.537367196470564,8.546800751383792,303664.0,275239667.40999997,20160929,9.06,1.0600457719261933,20200528,20200528,1.017214
000001.SZ,1d,2016-09-30,8.546800751383792,8.584534971036701,8.537367196470564,8.556234306297018,308084.0,279526475.64000005,20160930,9.07,1.0600457719261933,20200528,20200528,1.017214
000001.SZ,1d,2016-10-10,8.5845349710367,8.65056985542929,8.565667861210246,8.603402080863154,611381.0,557122276.5,20161010,9.12,1.0600457719261933,20200528,20200528,1.017214
000001.SZ,1d,2016-10-11,8.61283563577638,8.631702745602833,8.593968525949926,8.631702745602833,363370.0,331886515.46000004,20161011,9.149999999999999,1.0600457719261933,20200528,20200528,1.017214
000001.SZ,1d,2016-10-12,8.62226919068961,8.641136300516063,8.603402080863155,8.612835635776381,270316.0,246995531.01,20161012,9.13,1.0600457719261933,20200528,20200528,1.017214
000001.SZ,1d,2016-10-13,8.565667861210246,8.593968525949927,8.537367196470564,8.556234306297018,632367.0,574142476.2700001,20161013,9.07,1.0600457719261933,20200528,20200528,1.017214
000001.SZ,1d,2016-10-14,8.546800751383792,8.575101416123474,8.527933641557338,8.575101416123474,335411.0,304218676.83,20161014,9.090000000000002,1.0600457719261933,20200528,20200528,1.017214
000001.SZ,1d,2016-10-17,8.565667861210246,8.575101416123472,8.518500086644108,8.537367196470562,359223.0,325582450.32,20161017,9.049999999999999,1.0600457719261933,20200528,20200528,1.017214
000001.SZ,1d,2016-10-18,8.518500086644108,8.575101416123472,8.518500086644108,8.575101416123472,593737.0,537784120.36,20161018,9.09,1.0600457719261933,20200528,20200528,1.017214
000001.SZ,1d,2016-10-19,8.575101416123472,8.593968525949927,8.537367196470564,8.565667861210246,482636.0,438299029.51,20161019,9.08,1.0600457719261933,20200528,20200528,1.017214
000001.SZ,1d,2016-10-20,8.565667861210246,8.575101416123472,8.537367196470564,8.556234306297018,342844.0,310966016.7,20161020,9.07,1.0600457719261933,20200528,20200528,1.017214
000001.SZ,1d,2016-10-21,8.565667861210246,8.612835635776381,8.546800751383792,8.612835635776381,683896.0,621549844.97,20161021,9.13,1.0600457719261933,20200528,20200528,1.017214
000001.SZ,1d,2016-10-24,8.612835635776381,8.773206069301244,8.603402080863155,8.71660473982188,915677.0,844746080.61,20161024,9.24,1.0600457719261933,20200528,20200528,1.017214
000001.SZ,1d,2016-10-25,8.726038294735107,8.735471849648334,8.660003410342517,8.688304075082197,500752.0,461542701.14000005,20161025,9.209999999999999,1.0600457719261933,20200528,20200528,1.017214
000001.SZ,1d,2016-10-26,8.697737629995427,8.697737629995427,8.612835635776381,8.631702745602835,440452.0,403750809.07000005,20161026,9.15,1.0600457719261933,20200528,20200528,1.017214
000001.SZ,1d,2016-10-27,8.641136300516063,8.650569855429291,8.603402080863155,8.641136300516063,324140.0,296216914.82,20161027,9.16,1.0600457719261933,20200528,20200528,1.017214
000001.SZ,1d,2016-10-28,8.641136300516063,8.707171184908653,8.62226919068961,8.65056985542929,541997.0,497615050.8,20161028,9.17,1.0600457719261933,20200528,20200528,1.017214
000001.SZ,1d,2016-10-31,8.631702745602835,8.641136300516063,8.575101416123472,8.631702745602835,493596.0,450148883.09,20161031,9.15,1.0600457719261933,20200528,20200528,1.017214
000001.SZ,1d,2016-11-01,8.622269190689607,8.641136300516063,8.593968525949926,8.622269190689607,525415.0,480117542.32000005,20161101,9.139999999999999,1.0600457719261933,20200528,20200528,1.017214
000001.SZ,1d,2016-11-02,8.62226919068961,8.62226919068961,8.537367196470564,8.556234306297018,633586.0,576083788.2400001,20161102,9.07,1.0600457719261933,20200528,20200528,1.017214
000001.SZ,1d,2016-11-03,8.546800751383792,8.62226919068961,8.537367196470564,8.612835635776381,616871.0,561464947.1899999,20161103,9.13,1.0600457719261933,20200528,20200528,1.017214
000001.SZ,1d,2016-11-04,8.593968525949926,8.65056985542929,8.5845349710367,8.593968525949926,508117.0,463831938.55,20161104,9.11,1.0600457719261933,20200528,20200528,1.017214
000001.SZ,1d,2016-11-07,8.5845349710367,8.603402080863155,8.556234306297018,8.603402080863155,497240.0,452447930.56000006,20161107,9.120000000000001,1.0600457719261933,20200528,20200528,1.017214
000001.SZ,1d,2016-11-08,8.603402080863154,8.631702745602835,8.5845349710367,8.631702745602835,806694.0,736747217.08,20161108,9.15,1.0600457719261933,20200528,20200528,1.017214
000001.SZ,1d,2016-11-09,8.62226919068961,8.62226919068961,8.499632976817654,8.556234306297018,722616.0,656061960.6999999,20161109,9.07,1.0600457719261933,20200528,20200528,1.017214
000001.SZ,1d,2016-11-10,8.5845349710367,8.641136300516063,8.5845349710367,8.622269190689607,631998.0,576898452.74,20161110,9.139999999999999,1.0600457719261933,20200528,20200528,1.017214
000001.SZ,1d,2016-11-11,8.622269190689607,8.660003410342517,8.593968525949926,8.660003410342517,812269.0,742969896.6100001,20161111,9.18,1.0600457719261933,20200528,20200528,1.017214
000001.SZ,1d,2016-11-14,8.641136300516063,8.726038294735107,8.641136300516063,8.697737629995427,975078.0,898058354.0100001,20161114,9.22,1.0600457719261933,20200528,20200528,1.017214
000001.SZ,1d,2016-11-15,8.67887052016897,8.71660473982188,8.660003410342517,8.707171184908653,554342.0,510596178.35,20161115,9.23,1.0600457719261933,20200528,20200528,1.017214
000001.SZ,1d,2016-11-16,8.707171184908653,8.71660473982188,8.678870520168973,8.707171184908653,415842.0,383425739.88,20161116,9.23,1.0600457719261933,20200528,20200528,1.017214
000001.SZ,1d,2016-11-17,8.697737629995425,8.697737629995425,8.660003410342517,8.688304075082197,505324.0,464611128.37,20161117,9.209999999999999,1.0600457719261933,20200528,20200528,1.017214
000001.SZ,1d,2016-11-18,8.688304075082199,8.688304075082199,8.641136300516063,8.660003410342517,517597.0,475289972.51000005,20161118,9.18,1.0600457719261933,20200528,20200528,1.017214
000001.SZ,1d,2016-11-21,8.660003410342517,8.754338959474788,8.65056985542929,8.71660473982188,850243.0,785475676.61,20161121,9.24,1.0600457719261933,20200528,20200528,1.017214
000001.SZ,1d,2016-11-22,8.71660473982188,8.829807398780606,8.707171184908653,8.829807398780606,1180256.0,1097408714.34,20161122,9.360000000000001,1.0600457719261933,20200528,20200528,1.017214
000001.SZ,1d,2016-11-23,8.81094028895415,9.018478497045148,8.81094028895415,8.914709392999649,1752869.0,1660465709.36,20161123,9.45,1.0600457719261933,20200528,20200528,1.017214
000001.SZ,1d,2016-11-24,8.905275838086421,8.980744277392239,8.886408728259967,8.933576502826105,779748.0,738580569.2900001,20161124,9.47,1.0600457719261933,20200528,20200528,1.017214
000001.SZ,1d,2016-11-25,8.94301005773933,9.075079826524512,8.924142947912877,9.075079826524512,1013674.0,968127766.3299999,20161125,9.620000000000001,1.0600457719261933,20200528,20200528,1.017214
000001.SZ,1d,2016-11-28,9.141114710917101,9.226016705136145,9.056212716698056,9.084513381437738,1279689.0,1240686233.53,20161128,9.629999999999999,1.0600457719261933,20200528,20200528,1.017214
000001.SZ,1d,2016-11-29,9.04677916178483,9.150548265830329,9.009044942131922,9.075079826524512,887779.0,854308658.4000001,20161129,9.620000000000001,1.0600457719261933,20200528,20200528,1.017214
000001.SZ,1d,2016-11-30,9.103380491264193,9.169415375656783,8.961877167565785,9.009044942131922,1025963.0,985758449.84,20161130,9.55,1.0600457719261933,20200528,20200528,1.017214
000001.SZ,1d,2016-12-01,9.027912051958376,9.08451338143774,9.009044942131922,9.056212716698058,646004.0,619633746.85,20161201,9.600000000000001,1.0600457719261933,20200528,20200528,1.017214
000001.SZ,1d,2016-12-02,9.056212716698056,9.056212716698056,8.905275838086421,9.00904494213192,829686.0,790044441.9300001,20161202,9.549999999999999,1.0600457719261933,20200528,20200528,1.017214
000001.SZ,1d,2016-12-05,8.961877167565785,8.999611387218694,8.876975173346741,8.924142947912877,764365.0,723222053.6400001,20161205,9.46,1.0600457719261933,20200528,20200528,1.017214
000001.SZ,1d,2016-12-06,8.94301005773933,8.98074427739224,8.91470939299965,8.952443612652559,602902.0,571585177.5,20161206,9.49,1.0600457719261933,20200528,20200528,1.017214
000001.SZ,1d,2016-12-07,8.94301005773933,8.952443612652559,8.876975173346741,8.94301005773933,493404.0,466085503.37,20161207,9.48,1.0600457719261933,20200528,20200528,1.017214
000001.SZ,1d,2016-12-08,8.961877167565785,9.00904494213192,8.895842283173195,8.980744277392239,671452.0,638058504.08,20161208,9.52,1.0600457719261933,20200528,20200528,1.017214
000001.SZ,1d,2016-12-09,8.961877167565785,9.197716040396465,8.94301005773933,9.103380491264193,1514199.0,1460778328.2,20161209,9.65,1.0600457719261933,20200528,20200528,1.017214
000001.SZ,1d,2016-12-12,9.103380491264193,9.216583150222919,8.905275838086421,8.961877167565785,1256874.0,1206662616.99,20161212,9.5,1.0600457719261933,20200528,20200528,1.017214
000001.SZ,1d,2016-12-13,8.94301005773933,8.961877167565785,8.801506734040924,8.886408728259967,645771.0,607769965.5799999,20161213,9.42,1.0600457719261933,20200528,20200528,1.017214
000001.SZ,1d,2016-12-14,8.886408728259967,8.971310722479013,8.867541618433513,8.867541618433513,597705.0,564787516.4599999,20161214,9.4,1.0600457719261933,20200528,20200528,1.017214
000001.SZ,1d,2016-12-15,8.839240953693833,8.876975173346741,8.688304075082199,8.726038294735107,827612.0,767751835.57,20161215,9.25,1.0600457719261933,20200528,20200528,1.017214
000001.SZ,1d,2016-12-16,8.71660473982188,8.763772514388016,8.688304075082199,8.726038294735107,396813.0,366925349.32000005,20161216,9.25,1.0600457719261933,20200528,20200528,1.017214
000001.SZ,1d,2016-12-19,8.697737629995427,8.707171184908653,8.65056985542929,8.67887052016897,494010.0,453899744.36,20161219,9.2,1.0600457719261933,20200528,20200528,1.017214
000001.SZ,1d,2016-12-20,8.67887052016897,8.67887052016897,8.565667861210246,8.593968525949926,636638.0,580118167.69,20161220,9.11,1.0600457719261933,20200528,20200528,1.017214
000001.SZ,1d,2016-12-21,8.603402080863154,8.641136300516063,8.593968525949926,8.641136300516063,369920.0,338201446.46000004,20161221,9.16,1.0600457719261933,20200528,20200528,1.017214
000001.SZ,1d,2016-12-22,8.631702745602833,8.641136300516063,8.593968525949926,8.622269190689607,341341.0,311546856.93,20161222,9.139999999999999,1.0600457719261933,20200528,20200528,1.017214
000001.SZ,1d,2016-12-23,8.62226919068961,8.62226919068961,8.556234306297018,8.565667861210246,382912.0,348140451.36999995,20161223,9.08,1.0600457719261933,20200528,20200528,1.017214
000001.SZ,1d,2016-12-26,8.54680075138379,8.61283563577638,8.509066531730882,8.603402080863154,302058.0,273934287.19,20161226,9.12,1.0600457719261933,20200528,20200528,1.017214
000001.SZ,1d,2016-12-27,8.603402080863155,8.612835635776381,8.556234306297018,8.565667861210246,268841.0,244788273.85999998,20161227,9.08,1.0600457719261933,20200528,20200528,1.017214
000001.SZ,1d,2016-12-28,8.565667861210246,8.593968525949927,8.527933641557338,8.546800751383792,336055.0,304898614.02,20161228,9.06,1.0600457719261933,20200528,20200528,1.017214
000001.SZ,1d,2016-12-29,8.556234306297018,8.575101416123472,8.537367196470564,8.565667861210246,338758.0,307183503.28,20161229,9.08,1.0600457719261933,20200528,20200528,1.017214
000001.SZ,1d,2016-12-30,8.565667861210246,8.5845349710367,8.546800751383792,8.5845349710367,302607.0,274882698.47,20161230,9.1,1.0600457719261933,20200528,20200528,1.017214
000001.SZ,1d,2017-01-03,8.593968525949926,8.660003410342517,8.575101416123472,8.641136300516063,459840.0,420595176.46000004,20170103,9.16,1.0600457719261933,20200528,20200528,1.017214
000001.SZ,1d,2017-01-04,8.631702745602835,8.660003410342517,8.62226919068961,8.641136300516063,449329.0,411503444.03,20170104,9.16,1.0600457719261933,20200528,20200528,1.017214
000001.SZ,1d,2017-01-05,8.65056985542929,8.660003410342517,8.631702745602835,8.65056985542929,344372.0,315769693.5,20170105,9.17,1.0600457719261933,20200528,20200528,1.017214
000001.SZ,1d,2017-01-06,8.65056985542929,8.65056985542929,8.593968525949926,8.61283563577638,358154.0,327176433.93,20170106,9.129999999999999,1.0600457719261933,20200528,20200528,1.017214
000001.SZ,1d,2017-01-09,8.61283563577638,8.65056985542929,8.593968525949926,8.631702745602833,361081.0,329994604.0,20170109,9.149999999999999,1.0600457719261933,20200528,20200528,1.017214
000001.SZ,1d,2017-01-10,8.631702745602835,8.641136300516063,8.62226919068961,8.631702745602835,241053.0,220575131.96,20170110,9.15,1.0600457719261933,20200528,20200528,1.017214
000001.SZ,1d,2017-01-11,8.62226919068961,8.65056985542929,8.612835635776381,8.62226919068961,303430.0,277553207.26000005,20170111,9.14,1.0600457719261933,20200528,20200528,1.017214
000001.SZ,1d,2017-01-12,8.612835635776381,8.65056985542929,8.612835635776381,8.631702745602835,428006.0,391869402.76,20170112,9.15,1.0600457719261933,20200528,20200528,1.017214
000001.SZ,1d,2017-01-13,8.62226919068961,8.669436965255745,8.603402080863155,8.641136300516063,434301.0,397601906.25,20170113,9.16,1.0600457719261933,20200528,20200528,1.017214
000001.SZ,1d,2017-01-16,8.631702745602835,8.641136300516063,8.556234306297018,8.62226919068961,683165.0,623025820.2700001,20170116,9.14,1.0600457719261933,20200528,20200528,1.017214
000001.SZ,1d,2017-01-17,8.603402080863154,8.641136300516063,8.5845349710367,8.631702745602835,545552.0,498179703.17,20170117,9.15,1.0600457719261933,20200528,20200528,1.017214
000001.SZ,1d,2017-01-18,8.62226919068961,8.669436965255745,8.612835635776381,8.65056985542929,574269.0,526426595.69000006,20170118,9.17,1.0600457719261933,20200528,20200528,1.017214
000001.SZ,1d,2017-01-19,8.631702745602835,8.71660473982188,8.631702745602835,8.660003410342517,437712.0,402445639.34,20170119,9.18,1.0600457719261933,20200528,20200528,1.017214
000001.SZ,1d,2017-01-20,8.65056985542929,8.707171184908653,8.65056985542929,8.697737629995427,393328.0,361865155.13000005,20170120,9.22,1.0600457719261933,20200528,20200528,1.017214
000001.SZ,1d,2017-01-23,8.697737629995427,8.735471849648336,8.678870520168973,8.697737629995427,420299.0,388019072.55999994,20170123,9.22,1.0600457719261933,20200528,20200528,1.017214
000001.SZ,1d,2017-01-24,8.707171184908653,8.75433895947479,8.678870520168973,8.744905404561562,470244.0,434787729.13000005,20170124,9.270000000000001,1.0600457719261933,20200528,20200528,1.017214
000001.SZ,1d,2017-01-25,8.74490540456156,8.754338959474788,8.726038294735107,8.735471849648334,304401.0,281976294.07000005,20170125,9.26,1.0600457719261933,20200528,20200528,1.017214
000001.SZ,1d,2017-01-26,8.74490540456156,8.81094028895415,8.735471849648334,8.801506734040924,420712.0,391844286.24,20170126,9.33,1.0600457719261933,20200528,20200528,1.017214
000001.SZ,1d,2017-02-03,8.81094028895415,8.829807398780606,8.707171184908653,8.735471849648334,315472.0,292617943.26000005,20170203,9.26,1.0600457719261933,20200528,20200528,1.017214
000001.SZ,1d,2017-02-06,8.735471849648334,8.792073179127698,8.735471849648334,8.78263962421447,516786.0,480441331.03999996,20170206,9.31,1.0600457719261933,20200528,20200528,1.017214
000001.SZ,1d,2017-02-07,8.782639624214468,8.792073179127698,8.74490540456156,8.773206069301242,396884.0,368755274.2,20170207,9.299999999999999,1.0600457719261933,20200528,20200528,1.017214
000001.SZ,1d,2017-02-08,8.763772514388016,8.773206069301244,8.71660473982188,8.773206069301244,360272.0,333975401.82000005,20170208,9.3,1.0600457719261933,20200528,20200528,1.017214
000001.SZ,1d,2017-02-09,8.773206069301242,8.801506734040924,8.754338959474788,8.782639624214468,342855.0,319201023.28000003,20170209,9.309999999999999,1.0600457719261933,20200528,20200528,1.017214
000001.SZ,1d,2017-02-10,8.792073179127698,8.829807398780606,8.78263962421447,8.801506734040924,482743.0,450701345.31000006,20170210,9.33,1.0600457719261933,20200528,20200528,1.017214
000001.SZ,1d,2017-02-13,8.81094028895415,8.905275838086421,8.801506734040924,8.876975173346741,638364.0,599951024.32,20170213,9.41,1.0600457719261933,20200528,20200528,1.017214
000001.SZ,1d,2017-02-14,8.876975173346741,8.886408728259969,8.839240953693833,8.867541618433513,362404.0,340318431.40000004,20170214,9.4,1.0600457719261933,20200528,20200528,1.017214
000001.SZ,1d,2017-02-15,8.867541618433513,8.999611387218694,8.858108063520287,8.91470939299965,756613.0,716759655.28,20170215,9.450000000000001,1.0600457719261933,20200528,20200528,1.017214
000001.SZ,1d,2017-02-16,8.914709392999649,8.961877167565785,8.886408728259967,8.924142947912875,411161.0,388636225.1999999,20170216,9.459999999999999,1.0600457719261933,20200528,20200528,1.017214
000001.SZ,1d,2017-02-17,8.924142947912877,8.952443612652559,8.839240953693833,8.858108063520287,423774.0,400161795.09,20170217,9.39,1.0600457719261933,20200528,20200528,1.017214
000001.SZ,1d,2017-02-20,8.867541618433513,9.037345606871602,8.867541618433513,9.018478497045148,898755.0,855710805.5000001,20170220,9.56,1.0600457719261933,20200528,20200528,1.017214
000001.SZ,1d,2017-02-21,9.009044942131922,9.075079826524512,8.999611387218694,9.027912051958376,646584.0,618761069.26,20170221,9.57,1.0600457719261933,20200528,20200528,1.017214
000001.SZ,1d,2017-02-22,9.027912051958376,9.027912051958376,8.961877167565785,9.027912051958376,462966.0,441528339.71,20170222,9.57,1.0600457719261933,20200528,20200528,1.017214
000001.SZ,1d,2017-02-23,9.009044942131922,9.027912051958376,8.94301005773933,8.971310722479013,335327.0,319293836.59,20170223,9.51,1.0600457719261933,20200528,20200528,1.017214
000001.SZ,1d,2017-02-24,8.961877167565785,8.999611387218694,8.94301005773933,8.961877167565785,332500.0,316020789.4,20170224,9.5,1.0600457719261933,20200528,20200528,1.017214
000001.SZ,1d,2017-02-27,8.961877167565785,8.961877167565785,8.886408728259967,8.895842283173195,407341.0,384781015.65000004,20170227,9.43,1.0600457719261933,20200528,20200528,1.017214
000001.SZ,1d,2017-02-28,8.895842283173195,8.971310722479013,8.886408728259967,8.94301005773933,369719.0,350366892.5,20170228,9.48,1.0600457719261933,20200528,20200528,1.017214
000001.SZ,1d,2017-03-01,8.952443612652559,9.009044942131922,8.933576502826105,8.952443612652559,346993.0,330157963.40000004,20170301,9.49,1.0600457719261933,20200528,20200528,1.017214
000001.SZ,1d,2017-03-02,8.971310722479013,8.999611387218692,8.886408728259967,8.895842283173195,403628.0,382395883.84000003,20170302,9.43,1.0600457719261933,20200528,20200528,1.017214
000001.SZ,1d,2017-03-03,8.876975173346741,8.895842283173195,8.829807398780604,8.867541618433512,342655.0,321952549.22,20170303,9.399999999999999,1.0600457719261933,20200528,20200528,1.017214
000001.SZ,1d,2017-03-06,8.867541618433513,8.924142947912877,8.858108063520287,8.91470939299965,404511.0,381212304.19000006,20170306,9.450000000000001,1.0600457719261933,20200528,20200528,1.017214
000001.SZ,1d,2017-03-07,8.905275838086421,8.924142947912877,8.867541618433513,8.91470939299965,294672.0,277747415.4200001,20170307,9.450000000000001,1.0600457719261933,20200528,20200528,1.017214
000001.SZ,1d,2017-03-08,8.895842283173195,8.91470939299965,8.867541618433513,8.886408728259967,244438.0,230425150.54000002,20170308,9.42,1.0600457719261933,20200528,20200528,1.017214
000001.SZ,1d,2017-03-09,8.876975173346741,8.895842283173195,8.829807398780604,8.848674508607058,378169.0,354813687.5,20170309,9.379999999999999,1.0600457719261933,20200528,20200528,1.017214
000001.SZ,1d,2017-03-10,8.848674508607058,8.876975173346741,8.829807398780604,8.867541618433512,390182.0,366140052.24,20170310,9.399999999999999,1.0600457719261933,20200528,20200528,1.017214
000001.SZ,1d,2017-03-13,8.858108063520287,8.91470939299965,8.839240953693833,8.905275838086423,545304.0,513148481.04,20170313,9.440000000000001,1.0600457719261933,20200528,20200528,1.017214
000001.SZ,1d,2017-03-14,8.895842283173195,8.924142947912877,8.876975173346741,8.905275838086421,404484.0,381594066.95,20170314,9.44,1.0600457719261933,20200528,20200528,1.017214
000001.SZ,1d,2017-03-15,8.886408728259967,8.94301005773933,8.886408728259967,8.94301005773933,546560.0,515943748.1,20170315,9.48,1.0600457719261933,20200528,20200528,1.017214
000001.SZ,1d,2017-03-16,8.94301005773933,8.990177832305468,8.91470939299965,8.98074427739224,635953.0,603450064.0699999,20170316,9.520000000000001,1.0600457719261933,20200528,20200528,1.017214
000001.SZ,1d,2017-03-17,8.91470939299965,8.924142947912877,8.773206069301244,8.78263962421447,1583647.0,1482736995.3700001,20170317,9.31,1.0600457719261933,20200528,20200528,1.017214
000001.SZ,1d,2017-03-20,8.763772514388016,8.78263962421447,8.697737629995427,8.726038294735107,715021.0,661887015.08,20170320,9.25,1.0600457719261933,20200528,20200528,1.017214
000001.SZ,1d,2017-03-21,8.726038294735108,8.735471849648336,8.678870520168973,8.71660473982188,554648.0,511914333.09000003,20170321,9.24,1.0600457719261933,20200528,20200528,1.017214
000001.SZ,1d,2017-03-22,8.678870520168973,8.697737629995427,8.62226919068961,8.641136300516063,566123.0,519331026.2700001,20170322,9.16,1.0600457719261933,20200528,20200528,1.017214
000001.SZ,1d,2017-03-23,8.641136300516063,8.71660473982188,8.631702745602835,8.678870520168973,433588.0,398986562.09000003,20170323,9.200000000000001,1.0600457719261933,20200528,20200528,1.017214
000001.SZ,1d,2017-03-24,8.67887052016897,8.71660473982188,8.641136300516063,8.669436965255743,710827.0,653533829.8800001,20170324,9.19,1.0600457719261933,20200528,20200528,1.017214
000001.SZ,1d,2017-03-27,8.603402080863154,8.669436965255743,8.565667861210246,8.62226919068961,985012.0,900094460.9200001,20170327,9.14,1.0600457719261933,20200528,20200528,1.017214
000001.SZ,1d,2017-03-28,8.641136300516063,8.65056985542929,8.5845349710367,8.603402080863154,481372.0,439405816.17,20170328,9.12,1.0600457719261933,20200528,20200528,1.017214
000001.SZ,1d,2017-03-29,8.61283563577638,8.631702745602835,8.575101416123472,8.593968525949926,601140.0,548060692.96,20170329,9.11,1.0600457719261933,20200528,20200528,1.017214
000001.SZ,1d,2017-03-30,8.603402080863155,8.603402080863155,8.546800751383792,8.565667861210246,687285.0,623995512.84,20170330,9.08,1.0600457719261933,20200528,20200528,1.017214
000001.SZ,1d,2017-03-31,8.565667861210246,8.660003410342517,8.565667861210246,8.65056985542929,633121.0,578579035.11,20170331,9.17,1.0600457719261933,20200528,20200528,1.017214
000001.SZ,1d,2017-04-05,8.641136300516063,8.697737629995427,8.631702745602835,8.688304075082199,499150.0,458567834.2,20170405,9.21,1.0600457719261933,20200528,20200528,1.017214
000001.SZ,1d,2017-04-06,8.67887052016897,8.697737629995427,8.65056985542929,8.67887052016897,434391.0,399118983.36,20170406,9.2,1.0600457719261933,20200528,20200528,1.017214
000001.SZ,1d,2017-04-07,8.669436965255743,8.697737629995427,8.65056985542929,8.67887052016897,514844.0,473366404.45000005,20170407,9.2,1.0600457719261933,20200528,20200528,1.017214
000001.SZ,1d,2017-04-10,8.67887052016897,8.688304075082197,8.65056985542929,8.660003410342517,401343.0,368682024.90000004,20170410,9.18,1.0600457719261933,20200528,20200528,1.017214
000001.SZ,1d,2017-04-11,8.65056985542929,8.669436965255743,8.575101416123472,8.631702745602835,612437.0,560304072.91,20170411,9.15,1.0600457719261933,20200528,20200528,1.017214
000001.SZ,1d,2017-04-12,8.641136300516063,8.65056985542929,8.5845349710367,8.603402080863154,455336.0,416101249.02,20170412,9.12,1.0600457719261933,20200528,20200528,1.017214
000001.SZ,1d,2017-04-13,8.593968525949926,8.622269190689607,8.5845349710367,8.603402080863154,357442.0,325949861.06,20170413,9.12,1.0600457719261933,20200528,20200528,1.017214
000001.SZ,1d,2017-04-14,8.593968525949927,8.603402080863155,8.546800751383792,8.565667861210246,490500.0,445637458.07,20170414,9.08,1.0600457719261933,20200528,20200528,1.017214
000001.SZ,1d,2017-04-17,8.565667861210246,8.593968525949927,8.537367196470564,8.584534971036701,531892.0,483130499.71999997,20170417,9.100000000000001,1.0600457719261933,20200528,20200528,1.017214
000001.SZ,1d,2017-04-18,8.575101416123472,8.584534971036701,8.537367196470564,8.537367196470564,335376.0,304162860.29,20170418,9.05,1.0600457719261933,20200528,20200528,1.017214
000001.SZ,1d,2017-04-19,8.51850008664411,8.527933641557338,8.395863872772157,8.405297427685383,799668.0,714963673.1400001,20170419,8.91,1.0600457719261933,20200528,20200528,1.017214
000001.SZ,1d,2017-04-20,8.395863872772157,8.433598092425067,8.38643031785893,8.414730982598611,437629.0,390063543.84000003,20170420,8.92,1.0600457719261933,20200528,20200528,1.017214
000001.SZ,1d,2017-04-21,8.414730982598611,8.4807658669912,8.395863872772157,8.461898757164747,325408.0,291126076.24,20170421,8.97,1.0600457719261933,20200528,20200528,1.017214
000001.SZ,1d,2017-04-24,8.461898757164747,8.471332312077974,8.38643031785893,8.424164537511837,394995.0,352926394.67,20170424,8.93,1.0600457719261933,20200528,20200528,1.017214
000001.SZ,1d,2017-04-25,8.424164537511837,8.499632976817654,8.424164537511837,8.490199421904428,377933.0,339230143.96999997,20170425,9.0,1.0600457719261933,20200528,20200528,1.017214
000001.SZ,1d,2017-04-26,8.490199421904428,8.499632976817656,8.45246520225152,8.4807658669912,382147.0,343316092.51000005,20170426,8.99,1.0600457719261933,20200528,20200528,1.017214
000001.SZ,1d,2017-04-27,8.461898757164747,8.471332312077974,8.405297427685383,8.461898757164747,387392.0,346186989.88,20170427,8.97,1.0600457719261933,20200528,20200528,1.017214
000001.SZ,1d,2017-04-28,8.452465202251519,8.4807658669912,8.414730982598611,8.4807658669912,286446.0,256106698.72,20170428,8.99,1.0600457719261933,20200528,20200528,1.017214
000001.SZ,1d,2017-05-02,8.45246520225152,8.45246520225152,8.395863872772157,8.433598092425065,311026.0,277665881.67,20170502,8.94,1.0600457719261933,20200528,20200528,1.017214
000001.SZ,1d,2017-05-03,8.414730982598611,8.424164537511837,8.38643031785893,8.405297427685383,280310.0,249660877.22,20170503,8.91,1.0600457719261933,20200528,20200528,1.017214
000001.SZ,1d,2017-05-04,8.38643031785893,8.38643031785893,8.226059884334068,8.244926994160522,696517.0,613783434.3100001,20170504,8.74,1.0600457719261933,20200528,20200528,1.017214
000001.SZ,1d,2017-05-05,8.244926994160522,8.263794103986976,8.093990115548888,8.141157890115025,623700.0,539541739.86,20170505,8.63,1.0600457719261933,20200528,20200528,1.017214
000001.SZ,1d,2017-05-08,8.112857225375343,8.131724335201797,8.05625589589598,8.084556560635662,460089.0,394424117.19,20170508,8.57,1.0600457719261933,20200528,20200528,1.017214
000001.SZ,1d,2017-05-09,8.075123005722434,8.150591445028251,8.065689450809208,8.150591445028251,324194.0,279119676.49,20170509,8.64,1.0600457719261933,20200528,20200528,1.017214
000001.SZ,1d,2017-05-10,8.141157890115025,8.301528323639886,8.131724335201797,8.178892109767935,573077.0,498675307.83000004,20170510,8.670000000000002,1.0600457719261933,20200528,20200528,1.017214
000001.SZ,1d,2017-05-11,8.160024999941479,8.226059884334067,8.112857225375341,8.207192774507613,503643.0,436444282.31000006,20170511,8.7,1.0600457719261933,20200528,20200528,1.017214
000001.SZ,1d,2017-05-12,8.188325664681159,8.395863872772157,8.150591445028251,8.395863872772157,917968.0,809131900.1400001,20170512,8.9,1.0600457719261933,20200528,20200528,1.017214
000001.SZ,1d,2017-05-15,8.38643031785893,8.443031647338293,8.310961878553114,8.35812965311925,536578.0,476417671.71999997,20170515,8.860000000000001,1.0600457719261933,20200528,20200528,1.017214
000001.SZ,1d,2017-05-16,8.339262543292794,8.348696098206021,8.235493439247296,8.339262543292794,524872.0,461069300.97,20170516,8.84,1.0600457719261933,20200528,20200528,1.017214
000001.SZ,1d,2017-05-17,8.310961878553114,8.310961878553114,8.25436054907375,8.273227658900204,417338.0,365987542.61,20170517,8.77,1.0600457719261933,20200528,20200528,1.017214
000001.SZ,1d,2017-05-18,8.226059884334068,8.273227658900206,8.216626329420842,8.235493439247296,227401.0,198765579.76000002,20170518,8.73,1.0600457719261933,20200528,20200528,1.017214
000001.SZ,1d,2017-05-19,8.244926994160522,8.263794103986976,8.188325664681159,8.197759219594387,294270.0,256396867.64000002,20170519,8.69,1.0600457719261933,20200528,20200528,1.017214
000001.SZ,1d,2017-05-22,8.188325664681159,8.235493439247294,8.12229078028857,8.188325664681159,679120.0,588546725.07,20170522,8.68,1.0600457719261933,20200528,20200528,1.017214
000001.SZ,1d,2017-05-23,8.178892109767933,8.339262543292794,8.150591445028251,8.29209476872666,800040.0,702123772.9800001,20170523,8.790000000000001,1.0600457719261933,20200528,20200528,1.017214
000001.SZ,1d,2017-05-24,8.28266121381343,8.329828988379568,8.188325664681159,8.310961878553114,532376.0,466560635.92,20170524,8.81,1.0600457719261933,20200528,20200528,1.017214
000001.SZ,1d,2017-05-25,8.292094768726658,8.622269190689607,8.28266121381343,8.5845349710367,1621543.0,1462763018.52,20170525,9.1,1.0600457719261933,20200528,20200528,1.017214
000001.SZ,1d,2017-05-26,8.565667861210246,8.612835635776381,8.527933641557338,8.584534971036701,895365.0,813387170.15,20170526,9.100000000000001,1.0600457719261933,20200528,20200528,1.017214
000001.SZ,1d,2017-05-31,8.5845349710367,8.707171184908653,8.546800751383792,8.678870520168973,1033210.0,948741889.7,20170531,9.200000000000001,1.0600457719261933,20200528,20200528,1.017214
000001.SZ,1d,2017-06-01,8.678870520168973,8.707171184908653,8.603402080863155,8.669436965255745,566182.0,519544675.84,20170601,9.190000000000001,1.0600457719261933,20200528,20200528,1.017214
000001.SZ,1d,2017-06-02,8.660003410342517,8.763772514388016,8.62226919068961,8.65056985542929,770757.0,710119498.0999999,20170602,9.17,1.0600457719261933,20200528,20200528,1.017214
000001.SZ,1d,2017-06-05,8.612835635776381,8.65056985542929,8.4807658669912,8.518500086644108,634132.0,573460396.83,20170605,9.03,1.0600457719261933,20200528,20200528,1.017214
000001.SZ,1d,2017-06-06,8.499632976817654,8.546800751383792,8.4807658669912,8.527933641557338,355341.0,320520904.30999994,20170606,9.040000000000001,1.0600457719261933,20200528,20200528,1.017214
000001.SZ,1d,2017-06-07,8.509066531730882,8.631702745602835,8.499632976817654,8.61283563577638,645723.0,587357671.1600001,20170607,9.129999999999999,1.0600457719261933,20200528,20200528,1.017214
000001.SZ,1d,2017-06-08,8.593968525949926,8.631702745602835,8.565667861210246,8.612835635776381,383004.0,348860774.29999995,20170608,9.13,1.0600457719261933,20200528,20200528,1.017214
000001.SZ,1d,2017-06-09,8.631702745602835,8.697737629995427,8.603402080863155,8.631702745602835,685468.0,628281688.31,20170609,9.15,1.0600457719261933,20200528,20200528,1.017214
000001.SZ,1d,2017-06-12,8.631702745602835,8.669436965255743,8.5845349710367,8.593968525949926,504578.0,461493689.83,20170612,9.11,1.0600457719261933,20200528,20200528,1.017214
000001.SZ,1d,2017-06-13,8.593968525949927,8.62226919068961,8.537367196470564,8.603402080863155,448434.0,407876695.89000005,20170613,9.120000000000001,1.0600457719261933,20200528,20200528,1.017214
000001.SZ,1d,2017-06-14,8.603402080863155,8.612835635776381,8.527933641557338,8.565667861210246,375444.0,340596135.74,20170614,9.08,1.0600457719261933,20200528,20200528,1.017214
000001.SZ,1d,2017-06-15,8.565667861210246,8.565667861210246,8.518500086644108,8.527933641557336,337797.0,305610500.17,20170615,9.04,1.0600457719261933,20200528,20200528,1.017214
000001.SZ,1d,2017-06-16,8.527933641557336,8.565667861210246,8.499632976817654,8.509066531730882,285991.0,258559005.29,20170616,9.02,1.0600457719261933,20200528,20200528,1.017214
000001.SZ,1d,2017-06-19,8.518500086644108,8.631702745602835,8.509066531730882,8.61283563577638,489704.0,446000772.99,20170619,9.129999999999999,1.0600457719261933,20200528,20200528,1.017214
000001.SZ,1d,2017-06-20,8.603402080863154,8.641136300516063,8.575101416123472,8.603402080863154,313615.0,286053883.71000004,20170620,9.12,1.0600457719261933,20200528,20200528,1.017214
000001.SZ,1d,2017-06-21,8.65056985542929,8.660003410342517,8.593968525949926,8.631702745602833,496932.0,454488888.04,20170621,9.149999999999999,1.0600457719261933,20200528,20200528,1.017214
000001.SZ,1d,2017-06-22,8.631702745602835,8.867541618433513,8.62226919068961,8.726038294735107,1426958.0,1325210564.6399999,20170622,9.25,1.0600457719261933,20200528,20200528,1.017214
000001.SZ,1d,2017-06-23,8.707171184908653,8.74490540456156,8.641136300516063,8.726038294735107,584004.0,538303574.27,20170623,9.25,1.0600457719261933,20200528,20200528,1.017214
000001.SZ,1d,2017-06-26,8.735471849648334,8.867541618433513,8.735471849648334,8.773206069301242,710769.0,663762850.0400001,20170626,9.299999999999999,1.0600457719261933,20200528,20200528,1.017214
000001.SZ,1d,2017-06-27,8.773206069301242,8.858108063520286,8.74490540456156,8.829807398780604,546016.0,509162008.98,20170627,9.36,1.0600457719261933,20200528,20200528,1.017214
000001.SZ,1d,2017-06-28,8.820373843867378,8.952443612652559,8.801506734040924,8.895842283173195,1168796.0,1102438099.9,20170628,9.43,1.0600457719261933,20200528,20200528,1.017214
000001.SZ,1d,2017-06-29,8.895842283173197,8.91470939299965,8.839240953693833,8.895842283173197,488804.0,459810415.61999995,20170629,9.430000000000001,1.0600457719261933,20200528,20200528,1.017214
000001.SZ,1d,2017-06-30,8.867541618433513,8.895842283173195,8.78263962421447,8.858108063520287,499633.0,468003516.71999997,20170630,9.39,1.0600457719261933,20200528,20200528,1.017214
000001.SZ,1d,2017-07-03,8.867541618433513,8.895842283173195,8.81094028895415,8.867541618433513,388349.0,364465847.32,20170703,9.4,1.0600457719261933,20200528,20200528,1.017214
000001.SZ,1d,2017-07-04,8.867541618433513,8.876975173346741,8.773206069301244,8.81094028895415,488362.0,456577021.24999994,20170704,9.34,1.0600457719261933,20200528,20200528,1.017214
000001.SZ,1d,2017-07-05,8.763772514388014,8.848674508607058,8.74490540456156,8.839240953693832,567720.0,529294114.23999995,20170705,9.37,1.0600457719261933,20200528,20200528,1.017214
000001.SZ,1d,2017-07-06,8.829807398780606,8.876975173346741,8.78263962421447,8.867541618433513,738911.0,691387184.15,20170706,9.4,1.0600457719261933,20200528,20200528,1.017214
000001.SZ,1d,2017-07-07,8.839240953693832,8.94301005773933,8.81094028895415,8.933576502826105,760369.0,717084352.1800001,20170707,9.47,1.0600457719261933,20200528,20200528,1.017214
000001.SZ,1d,2017-07-10,8.914709392999649,9.11281404617742,8.905275838086421,9.04677916178483,1360815.0,1303090005.3600001,20170710,9.59,1.0600457719261933,20200528,20200528,1.017214
000001.SZ,1d,2017-07-11,9.065646271611284,9.86749843923559,9.065646271611284,9.669393786057821,3812086.0,3842010171.29,20170711,10.25,1.0600457719261933,20200528,20200528,1.017214
000001.SZ,1d,2017-07-12,9.688260895884277,9.980701098194318,9.622226011491685,9.754295780276866,2998844.0,3113681338.88,20170712,10.340000000000002,1.0600457719261933,20200528,20200528,1.017214
000001.SZ,1d,2017-07-13,9.716561560623957,10.282574855417586,9.659960231144593,10.282574855417586,2994534.0,3180144566.46,20170713,10.9,1.0600457719261933,20200528,20200528,1.017214
000001.SZ,1d,2017-07-14,10.19767286119854,10.320309075070494,10.056169537500134,10.282574855417586,1722570.0,1864449201.5,20170714,10.9,1.0600457719261933,20200528,20200528,1.017214
000001.SZ,1d,2017-07-17,10.329742629983722,10.688217716686353,10.112770866979497,10.19767286119854,3273123.0,3608692279.05,20170717,10.81,1.0600457719261933,20200528,20200528,1.017214
000001.SZ,1d,2017-07-18,10.141071531719179,10.508980173335036,10.018435317847226,10.424078179115993,2349431.0,2558433986.13,20170718,11.05,1.0600457719261933,20200528,20200528,1.017214
000001.SZ,1d,2017-07-19,10.36747684963663,10.556147947901174,10.263707745591132,10.461812398768902,1933075.0,2131336294.18,20170719,11.090000000000002,1.0600457719261933,20200528,20200528,1.017214
000001.SZ,1d,2017-07-20,10.452378843855675,10.584448612640854,10.292008410330812,10.348609739810176,1537338.0,1695060974.17,20170720,10.97,1.0600457719261933,20200528,20200528,1.017214
000001.SZ,1d,2017-07-21,10.367754979136139,10.482633150650113,10.23373044570317,10.425194064893125,1501020.0,1625416436.89,20170721,10.889999999999999,1.0445848712468682,20200528,20200528,1.017214
000001.SZ,1d,2017-07-24,10.358181798176641,10.587938141204589,10.27202316954116,10.482633150650114,1692664.0,1846886678.93,20170724,10.950000000000001,1.0445848712468682,20200528,20200528,1.017214
000001.SZ,1d,2017-07-25,10.511352693528607,10.788974941354045,10.482633150650114,10.530499055447605,1954768.0,2172114597.09,20170725,11.000000000000002,1.0445848712468682,20200528,20200528,1.017214
000001.SZ,1d,2017-07-26,10.45391360777162,10.702816312718562,10.205010902824677,10.281596350500658,1697412.0,1846282151.7699997,20170726,10.74,1.0445848712468682,20200528,20200528,1.017214
000001.SZ,1d,2017-07-27,10.262449988581663,10.310315893379151,10.080559550351204,10.137998636108192,1194490.0,1273888886.18,20170727,10.59,1.0445848712468682,20200528,20200528,1.017214
000001.SZ,1d,2017-07-28,10.157144998027187,10.348608617217144,10.128425455148694,10.281596350500658,819195.0,877769279.49,20170728,10.74,1.0445848712468682,20200528,20200528,1.017214
000001.SZ,1d,2017-07-31,10.339035436257646,10.358181798176641,10.003974102675222,10.214584083784176,1575864.0,1671814035.24,20170731,10.670000000000002,1.0445848712468682,20200528,20200528,1.017214
000001.SZ,1d,2017-08-01,10.18586454090568,10.607084503123584,10.14757181706769,10.568791779285593,2035709.0,2222887933.96,20170801,11.04,1.0445848712468682,20200528,20200528,1.017214
000001.SZ,1d,2017-08-02,10.578364960245091,10.85598720807053,10.492206331609612,10.67409676984007,2062069.0,2307726682.9399996,20170802,11.15,1.0445848712468682,20200528,20200528,1.017214
000001.SZ,1d,2017-08-03,10.664523588880572,10.741109036556555,10.50177951256911,10.5400722364071,984219.0,1090954131.84,20170803,11.01,1.0445848712468682,20200528,20200528,1.017214
000001.SZ,1d,2017-08-04,10.530499055447603,10.808121303273039,10.463486788731117,10.693243131759065,1353951.0,1511389828.31,20170804,11.17,1.0445848712468682,20200528,20200528,1.017214
000001.SZ,1d,2017-08-07,10.587938141204589,10.693243131759065,10.434767245852624,10.530499055447603,860644.0,946975699.5600001,20170807,11.0,1.0445848712468682,20200528,20200528,1.017214
000001.SZ,1d,2017-08-08,10.530499055447603,10.635804046002077,10.444340426812122,10.578364960245091,689567.0,758872028.53,20170808,11.05,1.0445848712468682,20200528,20200528,1.017214
000001.SZ,1d,2017-08-09,10.49220633160961,10.549645417366598,10.224157264743672,10.27202316954116,1042321.0,1126512107.8200002,20170809,10.73,1.0445848712468682,20200528,20200528,1.017214
000001.SZ,1d,2017-08-10,10.24330362666267,10.358181798176641,10.090132731310703,10.166718178986686,959879.0,1026676005.5000001,20170810,10.620000000000001,1.0445848712468682,20200528,20200528,1.017214
000001.SZ,1d,2017-08-11,10.032693645553715,10.090132731310703,9.563607778538323,9.592327321416816,2440643.0,2501779371.25,20170811,10.02,1.0445848712468682,20200528,20200528,1.017214
000001.SZ,1d,2017-08-14,9.697632311971292,9.812510483485267,9.611473683335813,9.783790940606773,1157664.0,1175479138.54,20170814,10.22,1.0445848712468682,20200528,20200528,1.017214
000001.SZ,1d,2017-08-15,9.802937302525768,10.06141318843221,9.774217759647275,9.869949569242253,1075162.0,1116749994.49,20170815,10.31,1.0445848712468682,20200528,20200528,1.017214
000001.SZ,1d,2017-08-16,9.850803207323258,9.927388654999241,9.716778673890287,9.898669112120746,756806.0,778517621.68,20170816,10.34,1.0445848712468682,20200528,20200528,1.017214
000001.SZ,1d,2017-08-17,9.908242293080246,9.97525455979673,9.850803207323258,9.97525455979673,553642.0,573093949.61,20170817,10.420000000000002,1.0445848712468682,20200528,20200528,1.017214
000001.SZ,1d,2017-08-18,9.917815474039744,10.147571817067691,9.850803207323258,9.994400921715725,616520.0,643188717.2099999,20170818,10.440000000000001,1.0445848712468682,20200528,20200528,1.017214
000001.SZ,1d,2017-08-21,9.984827740756225,10.070986369391708,9.946535016918236,10.01354728363472,399154.0,417653110.84999996,20170821,10.46,1.0445848712468682,20200528,20200528,1.017214
000001.SZ,1d,2017-08-22,10.032693645553715,10.205010902824677,9.927388654999241,10.19543772186518,875681.0,922881865.79,20170822,10.65,1.0445848712468682,20200528,20200528,1.017214
000001.SZ,1d,2017-08-23,10.176291359946182,10.511352693528607,10.137998636108192,10.434767245852624,1319151.0,1430051908.04,20170823,10.9,1.0445848712468682,20200528,20200528,1.017214
000001.SZ,1d,2017-08-24,10.425194064893127,10.635804046002077,10.377328160095637,10.463486788731117,924248.0,1014933651.98,20170824,10.93,1.0445848712468682,20200528,20200528,1.017214
000001.SZ,1d,2017-08-25,10.473059969690615,10.693243131759065,10.434767245852624,10.635804046002079,963940.0,1068994547.06,20170825,11.110000000000001,1.0445848712468682,20200528,20200528,1.017214
000001.SZ,1d,2017-08-28,10.62623086504258,11.047450827260484,10.62623086504258,10.865560389030026,1603938.0,1828380086.0000002,20170828,11.35,1.0445848712468682,20200528,20200528,1.017214
000001.SZ,1d,2017-08-29,10.817694484232536,11.23891444645044,10.79854812231354,11.171902179733957,1357983.0,1569230034.16,20170829,11.67,1.0445848712468682,20200528,20200528,1.017214
000001.SZ,1d,2017-08-30,11.181475360693454,11.200621722612448,10.865560389030026,10.942145836706008,1096674.0,1264128140.6799998,20170830,11.43,1.0445848712468682,20200528,20200528,1.017214
000001.SZ,1d,2017-08-31,10.903853112868017,10.951719017665505,10.67409676984007,10.798548122313543,1151786.0,1297730595.7200003,20170831,11.280000000000001,1.0445848712468682,20200528,20200528,1.017214
000001.SZ,1d,2017-09-01,10.798548122313543,10.903853112868017,10.67409676984007,10.731535855597057,959976.0,1080996319.27,20170901,11.21,1.0445848712468682,20200528,20200528,1.017214
000001.SZ,1d,2017-09-04,10.702816312718562,11.219768084531445,10.693243131759065,11.219768084531445,1352325.0,1551875033.9,20170904,11.72,1.0445848712468682,20200528,20200528,1.017214
000001.SZ,1d,2017-09-05,11.181475360693454,11.430378065640397,11.104889913017471,11.143182636855462,1287518.0,1513759541.19,20170905,11.639999999999999,1.0445848712468682,20200528,20200528,1.017214
000001.SZ,1d,2017-09-06,11.095316732057974,11.372938979883411,10.990011741503498,11.20062172261245,791621.0,925519043.82,20170906,11.700000000000001,1.0445848712468682,20200528,20200528,1.017214
000001.SZ,1d,2017-09-07,11.152755817814962,11.248487627409938,10.903853112868017,10.951719017665507,614187.0,711036421.43,20170907,11.440000000000001,1.0445848712468682,20200528,20200528,1.017214
000001.SZ,1d,2017-09-08,10.970865379584502,11.143182636855464,10.89427993190852,10.999584922462995,481276.0,553644520.36,20170908,11.49,1.0445848712468682,20200528,20200528,1.017214
000001.SZ,1d,2017-09-11,11.047450827260485,11.191048541652952,10.817694484232538,10.89427993190852,699472.0,801825014.63,20170911,11.38,1.0445848712468682,20200528,20200528,1.017214
000001.SZ,1d,2017-09-12,10.894279931908518,11.047450827260484,10.788974941354043,11.047450827260484,846183.0,962032172.14,20170912,11.54,1.0445848712468682,20200528,20200528,1.017214
000001.SZ,1d,2017-09-13,10.999584922462995,11.047450827260484,10.855987208070529,10.942145836706008,668237.0,765028184.64,20170913,11.43,1.0445848712468682,20200528,20200528,1.017214
000001.SZ,1d,2017-09-14,10.942145836706008,11.095316732057974,10.76025539847555,10.836840846151533,883087.0,1005775578.2400001,20170914,11.32,1.0445848712468682,20200528,20200528,1.017214
000001.SZ,1d,2017-09-15,10.80812130327304,10.836840846151533,10.67409676984007,10.80812130327304,646094.0,726061100.4500002,20170915,11.290000000000001,1.0445848712468682,20200528,20200528,1.017214
000001.SZ,1d,2017-09-18,10.76982857943505,10.836840846151533,10.72196267463756,10.76982857943505,607612.0,684223023.19,20170918,11.250000000000002,1.0445848712468682,20200528,20200528,1.017214
000001.SZ,1d,2017-09-19,10.769828579435048,10.855987208070529,10.607084503123584,10.654950407921074,764212.0,853815999.65,20170919,11.13,1.0445848712468682,20200528,20200528,1.017214
000001.SZ,1d,2017-09-20,10.664523588880572,10.884706750949022,10.578364960245091,10.80812130327304,787154.0,884640964.2099999,20170920,11.290000000000001,1.0445848712468682,20200528,20200528,1.017214
000001.SZ,1d,2017-09-21,10.779401760394547,11.018731284381992,10.72196267463756,10.970865379584502,692407.0,788605300.87,20170921,11.46,1.0445848712468682,20200528,20200528,1.017214
000001.SZ,1d,2017-09-22,10.942145836706008,11.02830446534149,10.827267665192036,10.951719017665507,593927.0,677622489.51,20170922,11.440000000000001,1.0445848712468682,20200528,20200528,1.017214
000001.SZ,1d,2017-09-25,10.951719017665505,10.961292198625003,10.702816312718562,10.808121303273039,532391.0,602270302.75,20170925,11.29,1.0445848712468682,20200528,20200528,1.017214
000001.SZ,1d,2017-09-26,10.779401760394547,10.817694484232538,10.492206331609612,10.578364960245091,967460.0,1074228193.8000002,20170926,11.05,1.0445848712468682,20200528,20200528,1.017214
000001.SZ,1d,2017-09-27,10.5400722364071,10.607084503123584,10.434767245852624,10.463486788731117,727188.0,798377280.0500001,20170927,10.93,1.0445848712468682,20200528,20200528,1.017214
000001.SZ,1d,2017-09-28,10.511352693528607,10.511352693528607,10.358181798176641,10.415620883933629,517220.0,563485127.39,20170928,10.88,1.0445848712468682,20200528,20200528,1.017214
000001.SZ,1d,2017-09-29,10.45391360777162,10.683669950799567,10.396474522014632,10.635804046002077,682280.0,753852534.72,20170929,11.11,1.0445848712468682,20200528,20200528,1.017214
000001.SZ,1d,2017-10-09,11.076170370138978,11.143182636855464,10.779401760394546,10.817694484232536,1325227.0,1520609511.5700002,20171009,11.299999999999999,1.0445848712468682,20200528,20200528,1.017214
000001.SZ,1d,2017-10-10,10.846414027111031,11.009158103422493,10.846414027111031,10.980438560544,747925.0,853665849.11,20171010,11.47,1.0445848712468682,20200528,20200528,1.017214
000001.SZ,1d,2017-10-11,10.990011741503498,11.085743551098476,10.855987208070529,11.037877646300986,658077.0,756203405.4,20171011,11.53,1.0445848712468682,20200528,20200528,1.017214
000001.SZ,1d,2017-10-12,11.047450827260485,11.085743551098476,10.980438560544,11.057024008219983,578065.0,667148377.69,20171012,11.55,1.0445848712468682,20200528,20200528,1.017214
000001.SZ,1d,2017-10-13,11.06659718917948,11.06659718917948,10.769828579435048,10.875133569989524,737375.0,839662734.96,20171013,11.36,1.0445848712468682,20200528,20200528,1.017214
000001.SZ,1d,2017-10-16,10.875133569989524,11.104889913017473,10.80812130327304,11.095316732057976,1036250.0,1190724204.76,20171016,11.590000000000002,1.0445848712468682,20200528,20200528,1.017214
000001.SZ,1d,2017-10-17,11.124036274936469,11.152755817814962,10.990011741503498,11.01873128438199,506372.0,585333998.33,20171017,11.51,1.0445848712468682,20200528,20200528,1.017214
000001.SZ,1d,2017-10-18,11.037877646300986,11.200621722612448,11.01873128438199,11.19104854165295,871365.0,1011050927.6999999,20171018,11.69,1.0445848712468682,20200528,20200528,1.017214
000001.SZ,1d,2017-10-19,11.143182636855464,11.219768084531445,11.076170370138978,11.133609455895966,722764.0,841546799.4000001,20171019,11.63,1.0445848712468682,20200528,20200528,1.017214
000001.SZ,1d,2017-10-20,11.095316732057974,11.095316732057974,10.922999474787012,10.990011741503498,461808.0,529747048.15999997,20171020,11.48,1.0445848712468682,20200528,20200528,1.017214
000001.SZ,1d,2017-10-23,10.903853112868017,10.913426293827515,10.67409676984007,10.71238949367806,1074465.0,1206888281.81,20171023,11.19,1.0445848712468682,20200528,20200528,1.017214
000001.SZ,1d,2017-10-24,10.721962674637558,10.93257265574651,10.702816312718562,10.903853112868017,618871.0,700896871.75,20171024,11.39,1.0445848712468682,20200528,20200528,1.017214
000001.SZ,1d,2017-10-25,10.875133569989524,10.88470675094902,10.769828579435048,10.788974941354043,418573.0,472708177.86,20171025,11.27,1.0445848712468682,20200528,20200528,1.017214
000001.SZ,1d,2017-10-26,10.76982857943505,10.836840846151533,10.645377226961577,10.702816312718564,928996.0,1041707022.8800001,20171026,11.180000000000001,1.0445848712468682,20200528,20200528,1.017214
000001.SZ,1d,2017-10-27,10.71238949367806,11.06659718917948,10.702816312718562,11.06659718917948,1360086.0,1548543731.64,20171027,11.56,1.0445848712468682,20200528,20200528,1.017214
000001.SZ,1d,2017-10-30,11.057024008219983,11.229341265490943,10.961292198625005,11.06659718917948,1278246.0,1484495472.5400002,20171030,11.56,1.0445848712468682,20200528,20200528,1.017214
000001.SZ,1d,2017-10-31,11.057024008219983,11.085743551098476,10.903853112868017,11.047450827260485,627491.0,721237474.23,20171031,11.540000000000001,1.0445848712468682,20200528,20200528,1.017214
000001.SZ,1d,2017-11-01,11.06659718917948,11.095316732057974,10.836840846151533,10.913426293827515,692617.0,792881042.8199999,20171101,11.4,1.0445848712468682,20200528,20200528,1.017214
000001.SZ,1d,2017-11-02,10.875133569989524,11.085743551098476,10.779401760394546,11.047450827260484,604308.0,689229873.86,20171102,11.54,1.0445848712468682,20200528,20200528,1.017214
000001.SZ,1d,2017-11-03,10.999584922462995,11.181475360693454,10.865560389030026,10.903853112868015,743343.0,852032107.89,20171103,11.389999999999999,1.0445848712468682,20200528,20200528,1.017214
000001.SZ,1d,2017-11-06,10.93257265574651,10.93257265574651,10.616657684083082,10.79854812231354,1029902.0,1157303985.6000001,20171106,11.28,1.0445848712468682,20200528,20200528,1.017214
000001.SZ,1d,2017-11-07,10.788974941354043,11.573975780032864,10.769828579435048,11.411231703721402,2477163.0,2914269160.44,20171107,11.92,1.0445848712468682,20200528,20200528,1.017214
000001.SZ,1d,2017-11-08,11.487817151397383,12.052634828007756,11.4208048846809,11.612268503870855,4262825.0,5199224276.82,20171108,12.129999999999999,1.0445848712468682,20200528,20200528,1.017214
000001.SZ,1d,2017-11-09,11.679280770587342,12.03348846608876,11.631414865789852,11.803732123060811,2295289.0,2839861735.04,20171109,12.33,1.0445848712468682,20200528,20200528,1.017214
000001.SZ,1d,2017-11-10,11.842024846898804,12.014342104169765,11.631414865789852,11.77501258018232,1757552.0,2167126597.89,20171110,12.3,1.0445848712468682,20200528,20200528,1.017214
000001.SZ,1d,2017-11-13,11.822878484979807,12.540867056942144,11.822878484979807,12.349403437752189,2566906.0,3307955288.7400002,20171113,12.9,1.0445848712468682,20200528,20200528,1.017214
000001.SZ,1d,2017-11-14,12.397269342549679,12.69403795229411,12.263244809116708,12.397269342549679,1780302.0,2318092534.3199997,20171114,12.950000000000001,1.0445848712468682,20200528,20200528,1.017214
000001.SZ,1d,2017-11-15,12.349403437752189,12.569586599820637,12.224952085278716,12.349403437752189,1263052.0,1627912725.03,20171115,12.9,1.0445848712468682,20200528,20200528,1.017214
000001.SZ,1d,2017-11-16,12.349403437752189,12.56001341886114,12.129220275683737,12.540867056942144,1200814.0,1550701791.1,20171116,13.1,1.0445848712468682,20200528,20200528,1.017214
000001.SZ,1d,2017-11-17,12.607879323658631,12.885501571484067,12.47385479022566,12.617452504618129,2064149.0,2731215933.7500005,20171117,13.180000000000001,1.0445848712468682,20200528,20200528,1.017214
000001.SZ,1d,2017-11-20,12.569586599820639,13.641782867284393,12.493001152144656,13.641782867284393,2843925.0,3860145472.82,20171120,14.25,1.0445848712468682,20200528,20200528,1.017214
000001.SZ,1d,2017-11-21,13.469465610013433,14.158734639097275,13.412026524256445,13.83324648647435,2495327.0,3609849024.92,20171121,14.45,1.0445848712468682,20200528,20200528,1.017214
000001.SZ,1d,2017-11-22,13.861966029352844,14.589527782274677,13.861966029352844,14.455503248841708,2570231.0,3839501153.96,20171122,15.1,1.0445848712468682,20200528,20200528,1.017214
000001.SZ,1d,2017-11-23,14.503369153639198,14.589527782274677,13.469465610013433,13.737514676879371,2429142.0,3562843399.78,20171123,14.35,1.0445848712468682,20200528,20200528,1.017214
000001.SZ,1d,2017-11-24,13.680075591122385,13.96727101990732,13.191843362187997,13.938551477028826,2630189.0,3732597275.58,20171124,14.56,1.0445848712468682,20200528,20200528,1.017214
000001.SZ,1d,2017-11-27,13.689648772081883,13.689648772081883,13.163123819309503,13.335441076580462,2064085.0,2878491901.4700003,20171127,13.93,1.0445848712468682,20200528,20200528,1.017214
000001.SZ,1d,2017-11-28,13.258855628904481,13.258855628904481,12.828062485727079,13.115257914512014,1766432.0,2396540133.1,20171128,13.700000000000001,1.0445848712468682,20200528,20200528,1.017214
000001.SZ,1d,2017-11-29,13.143977457390507,13.335441076580464,12.895074752443564,13.230136086025988,1564094.0,2148312654.9900002,20171129,13.82,1.0445848712468682,20200528,20200528,1.017214
000001.SZ,1d,2017-11-30,13.115257914512013,13.143977457390507,12.69403795229411,12.808916123808082,1379635.0,1866700884.5900002,20171130,13.379999999999999,1.0445848712468682,20200528,20200528,1.017214
000001.SZ,1d,2017-12-01,12.828062485727079,12.904647933403062,12.406842523509175,12.445135247347165,1784933.0,2354299656.82,20171201,13.0,1.0445848712468682,20200528,20200528,1.017214
000001.SZ,1d,2017-12-04,12.493001152144656,12.799342942848584,12.445135247347165,12.7323306761321,1454023.0,1923315712.98,20171204,13.3,1.0445848712468682,20200528,20200528,1.017214
000001.SZ,1d,2017-12-05,12.588732961739634,12.91422111436256,12.540867056942144,12.732330676132099,1723681.0,2301867653.6200004,20171205,13.299999999999999,1.0445848712468682,20200528,20200528,1.017214
000001.SZ,1d,2017-12-06,12.694037952294112,12.703611133253608,12.244098447197713,12.521720695023149,1619844.0,2104168537.1000001,20171206,13.08,1.0445848712468682,20200528,20200528,1.017214
000001.SZ,1d,2017-12-07,12.493001152144656,12.579159780780136,12.20580572335972,12.282391171035703,1181957.0,1526953344.35,20171207,12.83,1.0445848712468682,20200528,20200528,1.017214
000001.SZ,1d,2017-12-08,12.339830256792691,12.531293875982646,12.20580572335972,12.531293875982646,1351315.0,1751423112.52,20171208,13.09,1.0445848712468682,20200528,20200528,1.017214
000001.SZ,1d,2017-12-11,12.521720695023149,12.990806562038543,12.330257075833194,12.923794295322057,2261952.0,2980735572.46,20171211,13.5,1.0445848712468682,20200528,20200528,1.017214
000001.SZ,1d,2017-12-12,12.828062485727079,12.904647933403062,12.46428160926616,12.46428160926616,1743405.0,2302354901.4999995,20171212,13.02,1.0445848712468682,20200528,20200528,1.017214
000001.SZ,1d,2017-12-13,12.445135247347165,12.636598866537124,12.330257075833194,12.569586599820639,1289248.0,1679022035.87,20171213,13.13,1.0445848712468682,20200528,20200528,1.017214
000001.SZ,1d,2017-12-14,12.588732961739634,12.741903857091598,12.358976618711687,12.445135247347165,1001997.0,1311131917.6599998,20171214,13.0,1.0445848712468682,20200528,20200528,1.017214
000001.SZ,1d,2017-12-15,12.349403437752189,12.378122980630682,12.129220275683737,12.177086180481227,1099952.0,1405372004.0400002,20171215,12.72,1.0445848712468682,20200528,20200528,1.017214
000001.SZ,1d,2017-12-18,12.186659361440725,12.358976618711687,12.100500732805244,12.20580572335972,805464.0,1029422753.2800001,20171218,12.75,1.0445848712468682,20200528,20200528,1.017214
000001.SZ,1d,2017-12-19,12.244098447197713,12.751477038051096,12.196232542400223,12.713184314213105,2397942.0,3138687565.9,20171219,13.280000000000001,1.0445848712468682,20200528,20200528,1.017214
000001.SZ,1d,2017-12-20,12.636598866537124,12.741903857091598,12.569586599820639,12.694037952294112,1106245.0,1463802116.67,20171220,13.260000000000002,1.0445848712468682,20200528,20200528,1.017214
000001.SZ,1d,2017-12-21,12.617452504618127,13.096111552593017,12.598306142699132,12.96208701916005,1485203.0,2005617683.8600001,20171221,13.540000000000001,1.0445848712468682,20200528,20200528,1.017214
000001.SZ,1d,2017-12-22,12.92379429532206,13.048245647795529,12.87592839052457,12.942940657241055,742900.0,1004525768.54,20171222,13.520000000000001,1.0445848712468682,20200528,20200528,1.017214
000001.SZ,1d,2017-12-25,12.942940657241053,13.268428809863979,12.598306142699132,12.684464771334612,1585567.0,2145040658.23,20171225,13.25,1.0445848712468682,20200528,20200528,1.017214
000001.SZ,1d,2017-12-26,12.69403795229411,13.105684733552515,12.627025685577625,13.076965190674022,1123688.0,1510826264.4400003,20171226,13.66,1.0445848712468682,20200528,20200528,1.017214
000001.SZ,1d,2017-12-27,13.00037974299804,13.191843362187996,12.627025685577625,12.722757495172601,1366566.0,1848165006.46,20171227,13.29,1.0445848712468682,20200528,20200528,1.017214
000001.SZ,1d,2017-12-28,12.713184314213105,12.885501571484065,12.46428160926616,12.64617204749662,1553030.0,2052944539.1400003,20171228,13.209999999999999,1.0445848712468682,20200528,20200528,1.017214
000001.SZ,1d,2017-12-29,12.64617204749662,12.856782028605572,12.540867056942144,12.732330676132099,982915.0,1303222040.36,20171229,13.299999999999999,1.0445848712468682,20200528,20200528,1.017214
000001.SZ,1d,2018-01-02,12.780196580929589,13.335441076580462,12.751477038051096,13.115257914512014,2081592.0,2856543822.1800003,20180102,13.700000000000001,1.0445848712468682,20200528,20200528,1.017214
000001.SZ,1d,2018-01-03,13.143977457390507,13.26842880986398,12.636598866537124,12.761050219010595,2962498.0,4006220766.94,20180103,13.330000000000002,1.0445848712468682,20200528,20200528,1.017214
000001.SZ,1d,2018-01-04,12.751477038051096,12.799342942848586,12.569586599820639,12.684464771334612,1854509.0,2454543516.41,20180104,13.25,1.0445848712468682,20200528,20200528,1.017214
000001.SZ,1d,2018-01-05,12.646172047496622,12.780196580929589,12.588732961739634,12.7323306761321,1210312.0,1603289517.9300003,20180105,13.3,1.0445848712468682,20200528,20200528,1.017214
000001.SZ,1d,2018-01-08,12.684464771334612,12.722757495172601,12.311110713914196,12.406842523509175,2158620.0,2806099169.66,20180108,12.959999999999999,1.0445848712468682,20200528,20200528,1.017214
000001.SZ,1d,2018-01-09,12.406842523509175,12.636598866537122,12.368549799671184,12.521720695023149,1344345.0,1754315792.47,20180109,13.08,1.0445848712468682,20200528,20200528,1.017214
000001.SZ,1d,2018-01-10,12.483427971185156,12.91422111436256,12.368549799671184,12.895074752443564,2403277.0,3196055830.9100003,20180110,13.47,1.0445848712468682,20200528,20200528,1.017214
000001.SZ,1d,2018-01-11,12.837635666686577,13.009952923957538,12.703611133253608,12.828062485727079,1443877.0,1937494294.07,20180111,13.4,1.0445848712468682,20200528,20200528,1.017214
000001.SZ,1d,2018-01-12,12.875928390524567,13.096111552593017,12.837635666686577,12.971660200119548,1353991.0,1833435672.07,20180112,13.55,1.0445848712468682,20200528,20200528,1.017214
000001.SZ,1d,2018-01-15,12.933367476281555,13.718368314960376,12.923794295322057,13.593916962486905,3122394.0,4376707088.52,20180115,14.2,1.0445848712468682,20200528,20200528,1.017214
000001.SZ,1d,2018-01-16,13.565197419608412,13.766234219757864,13.421599705215943,13.593916962486905,2444549.0,3479177087.3,20180116,14.2,1.0445848712468682,20200528,20200528,1.017214
000001.SZ,1d,2018-01-17,13.718368314960378,14.168307820056775,13.593916962486906,13.6226365053654,2656294.0,3849312882.21,20180117,14.23,1.0445848712468682,20200528,20200528,1.017214
000001.SZ,1d,2018-01-18,13.785380581676861,14.091722372380792,13.670502410162888,14.091722372380792,2148026.0,3120455742.3500004,20180118,14.72,1.0445848712468682,20200528,20200528,1.017214
000001.SZ,1d,2018-01-19,14.168307820056773,14.484222791720201,14.0534296485428,14.168307820056773,2571146.0,3832857440.2999997,20180119,14.799999999999999,1.0445848712468682,20200528,20200528,1.017214
000001.SZ,1d,2018-01-22,13.976844200866816,14.302332353489742,13.814100124555354,13.823673305514852,2073867.0,3032799070.35,20180122,14.44,1.0445848712468682,20200528,20200528,1.017214
000001.SZ,1d,2018-01-23,13.747087857838869,14.264039629651752,13.718368314960376,14.024710105664306,2388791.0,3492462005.57,20180123,14.65,1.0445848712468682,20200528,20200528,1.017214
000001.SZ,1d,2018-01-24,14.034283286623804,14.436356886922713,13.88111239127184,14.015136924704809,2591292.0,3838734922.63,20180124,14.64,1.0445848712468682,20200528,20200528,1.017214
000001.SZ,1d,2018-01-25,13.83324648647435,13.852392848393347,13.402453343296948,13.593916962486905,2369984.0,3360822344.56,20180125,14.2,1.0445848712468682,20200528,20200528,1.017214
000001.SZ,1d,2018-01-26,13.57477060056791,13.727941495919874,13.421599705215943,13.450319248094436,2032988.0,2885104627.01,20180126,14.049999999999999,1.0445848712468682,20200528,20200528,1.017214
000001.SZ,1d,2018-01-29,13.450319248094436,13.641782867284393,13.019526104917036,13.153550638350005,2090546.0,2911452095.24,20180129,13.74,1.0445848712468682,20200528,20200528,1.017214
000001.SZ,1d,2018-01-30,13.115257914512014,13.249282447944983,12.971660200119548,13.067392009714524,1094739.0,1497708872.6299999,20180130,13.65,1.0445848712468682,20200528,20200528,1.017214
000001.SZ,1d,2018-01-31,13.019526104917036,13.450319248094438,12.952513838200552,13.450319248094438,1747729.0,2423104767.05,20180131,14.05,1.0445848712468682,20200528,20200528,1.017214
000001.SZ,1d,2018-02-01,13.354587438499458,13.689648772081883,13.249282447944983,13.43117288617544,2005614.0,2821583609.2299995,20180201,14.03,1.0445848712468682,20200528,20200528,1.017214
000001.SZ,1d,2018-02-02,13.316294714661469,13.498185152891928,13.048245647795529,13.450319248094438,1176512.0,1637619618.3200002,20180202,14.05,1.0445848712468682,20200528,20200528,1.017214
000001.SZ,1d,2018-02-05,13.210989724106993,13.948124657988323,13.143977457390507,13.92897829606933,2331997.0,3326355314.78,20180205,14.55,1.0445848712468682,20200528,20200528,1.017214
000001.SZ,1d,2018-02-06,13.6226365053654,13.718368314960376,13.335441076580462,13.402453343296948,2582872.0,3641294710.26,20180206,14.0,1.0445848712468682,20200528,20200528,1.017214
000001.SZ,1d,2018-02-07,13.6130633244059,13.689648772081883,12.215378904319218,12.368549799671184,3345716.0,4521586590.190001,20180207,12.92,1.0445848712468682,20200528,20200528,1.017214
000001.SZ,1d,2018-02-08,12.282391171035705,12.368549799671186,11.99519574225077,12.004768923210268,2137815.0,2711464886.05,20180208,12.540000000000001,1.0445848712468682,20200528,20200528,1.017214
000001.SZ,1d,2018-02-09,11.564402599073366,11.564402599073366,10.89427993190852,11.191048541652952,2824949.0,3308553501.5200005,20180209,11.690000000000001,1.0445848712468682,20200528,20200528,1.017214
000001.SZ,1d,2018-02-12,11.277207170288433,11.334646256045419,11.06659718917948,11.219768084531445,1228782.0,1439644312.04,20180212,11.72,1.0445848712468682,20200528,20200528,1.017214
000001.SZ,1d,2018-02-13,11.363365798923912,11.688853951546838,11.334646256045419,11.430378065640397,1298178.0,1562420005.24,20180213,11.94,1.0445848712468682,20200528,20200528,1.017214
000001.SZ,1d,2018-02-14,11.449524427559393,11.516536694275876,11.258060808369436,11.487817151397383,864190.0,1030474410.4399999,20180214,12.0,1.0445848712468682,20200528,20200528,1.017214
000001.SZ,1d,2018-02-22,11.72714667538483,11.995195742250768,11.72714667538483,11.928183475534285,1268406.0,1573562575.57,20180222,12.46,1.0445848712468682,20200528,20200528,1.017214
000001.SZ,1d,2018-02-23,12.04306164704826,12.244098447197713,11.918610294574787,12.071781189926753,1013663.0,1278185721.74,20180223,12.610000000000001,1.0445848712468682,20200528,20200528,1.017214
000001.SZ,1d,2018-02-26,12.224952085278717,12.3015375329547,11.918610294574787,12.090927551845748,1045758.0,1318960463.96,20180226,12.63,1.0445848712468682,20200528,20200528,1.017214
000001.SZ,1d,2018-02-27,12.100500732805244,12.15793981856223,11.669707589627842,11.755866218263323,1285869.0,1590018492.14,20180227,12.28,1.0445848712468682,20200528,20200528,1.017214
000001.SZ,1d,2018-02-28,11.583548960992362,11.669707589627842,11.4208048846809,11.535683056194872,1214145.0,1463313702.75,20180228,12.049999999999999,1.0445848712468682,20200528,20200528,1.017214
000001.SZ,1d,2018-03-01,11.411231703721402,11.631414865789852,11.392085341802407,11.526109875235376,886957.0,1069354491.03,20180301,12.040000000000001,1.0445848712468682,20200528,20200528,1.017214
000001.SZ,1d,2018-03-02,11.411231703721402,11.526109875235374,11.344219437004917,11.439951246599895,663124.0,791736473.27,20180302,11.95,1.0445848712468682,20200528,20200528,1.017214
000001.SZ,1d,2018-03-05,11.420804884680901,11.564402599073366,11.296353532207428,11.353792617964416,754183.0,897244265.05,20180305,11.860000000000001,1.0445848712468682,20200528,20200528,1.017214
000001.SZ,1d,2018-03-06,11.439951246599895,11.59312214195186,11.267633989328933,11.583548960992362,1150162.0,1373438382.66,20180306,12.1,1.0445848712468682,20200528,20200528,1.017214
000001.SZ,1d,2018-03-07,11.631414865789852,11.81330530402031,11.526109875235376,11.535683056194873,1427570.0,1744085270.0400002,20180307,12.05,1.0445848712468682,20200528,20200528,1.017214
000001.SZ,1d,2018-03-08,11.535683056194873,11.631414865789852,11.439951246599897,11.593122141951861,689755.0,832153697.14,20180308,12.110000000000001,1.0445848712468682,20200528,20200528,1.017214
000001.SZ,1d,2018-03-09,11.631414865789852,11.679280770587342,11.46867078947839,11.573975780032864,943876.0,1139043574.6299999,20180309,12.09,1.0445848712468682,20200528,20200528,1.017214
000001.SZ,1d,2018-03-12,11.631414865789852,11.650561227708849,11.439951246599897,11.516536694275878,1268701.0,1526643478.9199998,20180312,12.030000000000001,1.0445848712468682,20200528,20200528,1.017214
000001.SZ,1d,2018-03-13,11.526109875235374,11.698427132506337,11.487817151397383,11.506963513316379,1082267.0,1309543466.56,20180313,12.02,1.0445848712468682,20200528,20200528,1.017214
000001.SZ,1d,2018-03-14,11.46867078947839,11.487817151397383,11.325073075085921,11.411231703721402,635594.0,757090756.4300001,20180314,11.92,1.0445848712468682,20200528,20200528,1.017214
000001.SZ,1d,2018-03-15,11.28678035124793,11.344219437004917,11.16232899877446,11.210194903571947,1155694.0,1356878634.17,20180315,11.71,1.0445848712468682,20200528,20200528,1.017214
000001.SZ,1d,2018-03-16,11.219768084531445,11.344219437004918,11.143182636855464,11.143182636855464,962983.0,1130784170.87,20180316,11.64,1.0445848712468682,20200528,20200528,1.017214
000001.SZ,1d,2018-03-19,11.16232899877446,11.334646256045419,11.114463093976969,11.325073075085921,808538.0,947664744.37,20180319,11.83,1.0445848712468682,20200528,20200528,1.017214
000001.SZ,1d,2018-03-20,11.23891444645044,11.372938979883411,11.219768084531445,11.315499894126424,776150.0,916858475.86,20180320,11.82,1.0445848712468682,20200528,20200528,1.017214
000001.SZ,1d,2018-03-21,11.439951246599895,11.602695322911357,11.344219437004917,11.392085341802407,1445109.0,1736437401.21,20180321,11.9,1.0445848712468682,20200528,20200528,1.017214
000001.SZ,1d,2018-03-22,11.392085341802407,11.459097608518892,11.124036274936469,11.16232899877446,984278.0,1155741055.8700001,20180322,11.66,1.0445848712468682,20200528,20200528,1.017214
000001.SZ,1d,2018-03-23,10.769828579435048,10.865560389030026,10.45391360777162,10.855987208070529,1825690.0,2037734400.0900002,20180323,11.34,1.0445848712468682,20200528,20200528,1.017214
000001.SZ,1d,2018-03-26,10.674096769840068,10.721962674637558,10.396474522014632,10.463486788731117,1383598.0,1519435011.09,20180326,10.93,1.0445848712468682,20200528,20200528,1.017214
000001.SZ,1d,2018-03-27,10.62623086504258,10.693243131759065,10.396474522014632,10.473059969690615,1103933.0,1213989931.1799998,20180327,10.94,1.0445848712468682,20200528,20200528,1.017214
000001.SZ,1d,2018-03-28,10.386901341055136,10.664523588880572,10.329462255298148,10.425194064893127,1099023.0,1201023442.2099998,20180328,10.89,1.0445848712468682,20200528,20200528,1.017214
000001.SZ,1d,2018-03-29,10.45391360777162,10.693243131759065,10.0997059122702,10.578364960245091,1330602.0,1445281829.8600001,20180329,11.05,1.0445848712468682,20200528,20200528,1.017214
000001.SZ,1d,2018-03-30,10.568791779285593,10.578364960245091,10.415620883933629,10.434767245852624,752173.0,823438180.73,20180330,10.9,1.0445848712468682,20200528,20200528,1.017214
000001.SZ,1d,2018-04-02,10.406047702974131,10.520925874488105,10.24330362666267,10.252876807622167,1109316.0,1200911980.3799999,20180402,10.71,1.0445848712468682,20200528,20200528,1.017214
000001.SZ,1d,2018-04-03,10.14757181706769,10.214584083784175,10.061413188432208,10.109279093229699,890745.0,942237800.69,20180403,10.56,1.0445848712468682,20200528,20200528,1.017214
000001.SZ,1d,2018-04-04,10.224157264743672,10.5400722364071,10.14757181706769,10.40604770297413,1602488.0,1737258898.2800002,20180404,10.87,1.0445848712468682,20200528,20200528,1.017214
000001.SZ,1d,2018-04-09,10.339035436257646,10.62623086504258,10.27202316954116,10.549645417366598,1074795.0,1180084371.5900002,20180409,11.02,1.0445848712468682,20200528,20200528,1.017214
000001.SZ,1d,2018-04-10,10.5496454173666,10.970865379584502,10.50177951256911,10.93257265574651,1390950.0,1562265089.74,20180410,11.42,1.0445848712468682,20200528,20200528,1.017214
000001.SZ,1d,2018-04-11,10.903853112868017,11.411231703721404,10.89427993190852,11.325073075085921,2095970.0,2458982163.44,20180411,11.83,1.0445848712468682,20200528,20200528,1.017214
000001.SZ,1d,2018-04-12,11.296353532207428,11.325073075085921,10.93257265574651,11.028304465341488,1173128.0,1364675848.46,20180412,11.52,1.0445848712468682,20200528,20200528,1.017214
000001.SZ,1d,2018-04-13,11.143182636855464,11.28678035124793,10.961292198625005,11.076170370138978,1300255.0,1516155527.17,20180413,11.57,1.0445848712468682,20200528,20200528,1.017214
000001.SZ,1d,2018-04-16,10.980438560543998,10.980438560543998,10.559218598326096,10.62623086504258,1427072.0,1593706086.4,20180416,11.1,1.0445848712468682,20200528,20200528,1.017214
000001.SZ,1d,2018-04-17,10.645377226961575,10.961292198625003,10.635804046002077,10.731535855597055,1301891.0,1468159349.6599998,20180417,11.209999999999999,1.0445848712468682,20200528,20200528,1.017214
000001.SZ,1d,2018-04-18,10.961292198625003,11.114463093976969,10.79854812231354,11.009158103422493,1475845.0,1692722923.5,20180418,11.5,1.0445848712468682,20200528,20200528,1.017214
000001.SZ,1d,2018-04-19,11.028304465341488,11.19104854165295,10.93257265574651,10.980438560544,849131.0,979593564.5999999,20180419,11.47,1.0445848712468682,20200528,20200528,1.017214
000001.SZ,1d,2018-04-20,11.018731284381992,11.085743551098478,10.72196267463756,10.865560389030026,958690.0,1090801311.42,20180420,11.350000000000001,1.0445848712468682,20200528,20200528,1.017214
000001.SZ,1d,2018-04-23,10.817694484232536,11.114463093976969,10.779401760394546,11.076170370138978,1070289.0,1228544006.32,20180423,11.57,1.0445848712468682,20200528,20200528,1.017214
000001.SZ,1d,2018-04-24,11.133609455895966,11.430378065640397,11.085743551098476,11.353792617964414,1461098.0,1725152198.09,20180424,11.86,1.0445848712468682,20200528,20200528,1.017214
000001.SZ,1d,2018-04-25,11.258060808369438,11.305926713166926,11.133609455895966,11.181475360693454,730286.0,854713248.8800001,20180425,11.680000000000001,1.0445848712468682,20200528,20200528,1.017214
000001.SZ,1d,2018-04-26,11.16232899877446,11.191048541652952,10.827267665192036,10.93257265574651,874235.0,1002483154.12,20180426,11.42,1.0445848712468682,20200528,20200528,1.017214
000001.SZ,1d,2018-04-27,10.999584922462995,11.018731284381992,10.176291359946184,10.386901341055136,2709795.0,2958464277.86,20180427,10.850000000000001,1.0445848712468682,20200528,20200528,1.017214
000001.SZ,1d,2018-05-02,10.50177951256911,10.559218598326098,10.339035436257646,10.415620883933629,1190523.0,1295804420.86,20180502,10.88,1.0445848712468682,20200528,20200528,1.017214
000001.SZ,1d,2018-05-03,10.396474522014632,10.415620883933629,10.118852274189196,10.291169531460156,1281355.0,1372765845.8300002,20180503,10.75,1.0445848712468682,20200528,20200528,1.017214
000001.SZ,1d,2018-05-04,10.27202316954116,10.367754979136139,10.205010902824677,10.224157264743672,710509.0,761302468.67,20180504,10.68,1.0445848712468682,20200528,20200528,1.017214
000001.SZ,1d,2018-05-07,10.24330362666267,10.367754979136139,10.185864540905682,10.348608617217144,974309.0,1046743101.9200001,20180507,10.81,1.0445848712468682,20200528,20200528,1.017214
000001.SZ,1d,2018-05-08,10.367754979136139,10.67409676984007,10.339035436257646,10.540072236407102,1373305.0,1511546681.16,20180508,11.010000000000002,1.0445848712468682,20200528,20200528,1.017214
000001.SZ,1d,2018-05-09,10.511352693528607,10.559218598326098,10.415620883933629,10.50177951256911,627656.0,687036874.44,20180509,10.97,1.0445848712468682,20200528,20200528,1.017214
000001.SZ,1d,2018-05-10,10.559218598326096,10.616657684083082,10.444340426812122,10.5400722364071,552735.0,607349997.23,20180510,11.01,1.0445848712468682,20200528,20200528,1.017214
000001.SZ,1d,2018-05-11,10.568791779285593,10.654950407921074,10.492206331609612,10.540072236407102,772369.0,853271166.64,20180511,11.010000000000002,1.0445848712468682,20200528,20200528,1.017214
000001.SZ,1d,2018-05-14,10.616657684083082,10.75068221751605,10.559218598326096,10.702816312718562,1039297.0,1158064201.07,20180514,11.18,1.0445848712468682,20200528,20200528,1.017214
000001.SZ,1d,2018-05-15,10.702816312718562,10.71238949367806,10.549645417366598,10.645377226961575,669261.0,742590447.6500001,20180515,11.12,1.0445848712468682,20200528,20200528,1.017214
000001.SZ,1d,2018-05-16,10.597511322164086,10.597511322164086,10.425194064893127,10.434767245852624,714362.0,782694669.6899999,20180516,10.9,1.0445848712468682,20200528,20200528,1.017214
000001.SZ,1d,2018-05-17,10.444340426812122,10.473059969690615,10.319889074338649,10.35818179817664,586494.0,635675440.98,20180517,10.819999999999999,1.0445848712468682,20200528,20200528,1.017214
000001.SZ,1d,2018-05-18,10.348608617217144,10.50177951256911,10.300742712419654,10.49220633160961,578384.0,628250184.9200001,20180518,10.959999999999999,1.0445848712468682,20200528,20200528,1.017214
000001.SZ,1d,2018-05-21,10.597511322164086,10.635804046002077,10.463486788731117,10.482633150650113,763533.0,838750577.6500001,20180521,10.95,1.0445848712468682,20200528,20200528,1.017214
000001.SZ,1d,2018-05-22,10.482633150650114,10.511352693528607,10.329462255298148,10.396474522014634,589871.0,639815249.44,20180522,10.860000000000001,1.0445848712468682,20200528,20200528,1.017214
000001.SZ,1d,2018-05-23,10.358181798176641,10.358181798176641,10.166718178986686,10.19543772186518,991016.0,1058587812.32,20180523,10.65,1.0445848712468682,20200528,20200528,1.017214
000001.SZ,1d,2018-05-24,10.205010902824677,10.224157264743672,10.128425455148694,10.157144998027187,688152.0,730678763.88,20180524,10.61,1.0445848712468682,20200528,20200528,1.017214
000001.SZ,1d,2018-05-25,10.157144998027189,10.214584083784175,10.0997059122702,10.137998636108192,593335.0,629735450.6,20180525,10.59,1.0445848712468682,20200528,20200528,1.017214
000001.SZ,1d,2018-05-28,10.128425455148694,10.205010902824677,10.061413188432208,10.137998636108192,569400.0,602590746.57,20180528,10.59,1.0445848712468682,20200528,20200528,1.017214
000001.SZ,1d,2018-05-29,10.128425455148694,10.176291359946182,9.908242293080244,9.936961835958737,889494.0,930386966.6300001,20180529,10.379999999999999,1.0445848712468682,20200528,20200528,1.017214
000001.SZ,1d,2018-05-30,9.850803207323258,9.850803207323258,9.62104686429531,9.649766407173802,1124447.0,1139918753.16,20180530,10.08,1.0445848712468682,20200528,20200528,1.017214
000001.SZ,1d,2018-05-31,9.678485950052295,9.755071397728278,9.592327321416816,9.74549821676878,987360.0,999216332.96,20180531,10.18,1.0445848712468682,20200528,20200528,1.017214
000001.SZ,1d,2018-06-01,9.716778673890287,9.850803207323258,9.640193226214306,9.755071397728278,597211.0,608398867.4599999,20180601,10.19,1.0445848712468682,20200528,20200528,1.017214
000001.SZ,1d,2018-06-04,9.79336412156627,9.869949569242253,9.716778673890287,9.831656845404261,593038.0,608291978.44,20180604,10.27,1.0445848712468682,20200528,20200528,1.017214
000001.SZ,1d,2018-06-05,9.850803207323256,9.860376388282754,9.678485950052295,9.822083664444763,656540.0,670740302.01,20180605,10.26,1.0445848712468682,20200528,20200528,1.017214
000001.SZ,1d,2018-06-06,9.812510483485266,9.822083664444763,9.668912769092797,9.707205492930788,712743.0,724032796.29,20180606,10.139999999999999,1.0445848712468682,20200528,20200528,1.017214
000001.SZ,1d,2018-06-07,9.764644578687776,10.013547283634718,9.74549821676878,9.92738865499924,1262638.0,1306425478.0900002,20180607,10.37,1.0445848712468682,20200528,20200528,1.017214
000001.SZ,1d,2018-06-08,9.889095931161249,9.889095931161249,9.630620045254808,9.688059131011794,1099379.0,1114968856.53,20180608,10.120000000000001,1.0445848712468682,20200528,20200528,1.017214
000001.SZ,1d,2018-06-11,9.630620045254808,9.697632311971292,9.57318095949782,9.611473683335811,721374.0,724687998.61,20180611,10.04,1.0445848712468682,20200528,20200528,1.017214
000001.SZ,1d,2018-06-12,9.601900502376315,9.649766407173804,9.525315054700332,9.630620045254808,913300.0,914001701.46,20180612,10.06,1.0445848712468682,20200528,20200528,1.017214
000001.SZ,1d,2018-06-13,9.611473683335813,9.630620045254808,9.525315054700332,9.525315054700332,530584.0,530483756.71000004,20180613,9.950000000000001,1.0445848712468682,20200528,20200528,1.017214
000001.SZ,1d,2018-06-14,9.52531505470033,9.716778673890287,9.496595511821837,9.640193226214306,866392.0,872487574.2800001,20180614,10.07,1.0445848712468682,20200528,20200528,1.017214
000001.SZ,1d,2018-06-15,9.649766407173802,9.850803207323258,9.630620045254808,9.735925035809283,1248707.0,1273412999.36,20180615,10.17,1.0445848712468682,20200528,20200528,1.017214
000001.SZ,1d,2018-06-19,9.62104686429531,9.716778673890287,9.400863702226859,9.44872960702435,1565874.0,1565756559.87,20180619,9.870000000000001,1.0445848712468682,20200528,20200528,1.017214
000001.SZ,1d,2018-06-20,9.448729607024347,9.52531505470033,9.343424616469873,9.48702233086234,763637.0,752950700.66,20180620,9.91,1.0445848712468682,20200528,20200528,1.017214
000001.SZ,1d,2018-06-21,9.506168692781335,9.611473683335811,9.43915642606485,9.43915642606485,840070.0,836014838.1400001,20180621,9.86,1.0445848712468682,20200528,20200528,1.017214
000001.SZ,1d,2018-06-22,9.381717340307862,9.448729607024347,9.352997797429369,9.429583245105352,657818.0,645752909.26,20180622,9.85,1.0445848712468682,20200528,20200528,1.017214
000001.SZ,1d,2018-06-25,9.48702233086234,9.49659551182184,8.979643740008957,9.056229187684938,1195212.0,1154559080.5,20180625,9.46,1.0445848712468682,20200528,20200528,1.017214
000001.SZ,1d,2018-06-26,8.989216920968454,9.037082825765943,8.702021492183519,8.96049737808996,1124156.0,1042528543.9899999,20180626,9.36,1.0445848712468682,20200528,20200528,1.017214
000001.SZ,1d,2018-06-27,8.91263147329247,8.99879010192795,8.644582406426531,8.702021492183519,1045142.0,958871648.21,20180627,9.09,1.0445848712468682,20200528,20200528,1.017214
000001.SZ,1d,2018-06-28,8.56799695875055,8.692448311224023,8.491411511074567,8.539277415872057,1110764.0,996801234.6999999,20180628,8.920000000000002,1.0445848712468682,20200528,20200528,1.017214
000001.SZ,1d,2018-06-29,8.625436044507538,8.74031421602151,8.577570139710048,8.70202149218352,675299.0,611346088.6899999,20180629,9.090000000000002,1.0445848712468682,20200528,20200528,1.017214
000001.SZ,1d,2018-07-02,8.663728768345528,8.663728768345528,8.185069720370636,8.242508806127624,1315520.0,1158545868.8100002,20180702,8.610000000000001,1.0445848712468682,20200528,20200528,1.017214
000001.SZ,1d,2018-07-03,8.319094253803605,8.328667434763103,8.089337910775658,8.29994789188461,1274838.0,1096657033.32,20180703,8.67,1.0445848712468682,20200528,20200528,1.017214
000001.SZ,1d,2018-07-04,8.261655168046618,8.376533339560593,8.242508806127622,8.242508806127622,711153.0,617278559.96,20180704,8.61,1.0445848712468682,20200528,20200528,1.017214
000001.SZ,1d,2018-07-05,8.252081987087122,8.357386977641598,8.185069720370636,8.232935625168126,835768.0,722169579.0,20180705,8.600000000000001,1.0445848712468682,20200528,20200528,1.017214
000001.SZ,1d,2018-07-06,8.242508806127622,8.405252882439086,8.089337910775658,8.290374710925112,988282.0,852071526.9799999,20180706,8.66,1.0445848712468682,20200528,20200528,1.017214
000001.SZ,1d,2018-07-09,8.319094253803605,8.644582406426531,8.309521072844108,8.644582406426531,1409954.0,1255007609.99,20180709,9.03,1.0445848712468682,20200528,20200528,1.017214
000001.SZ,1d,2018-07-10,8.635009225467035,8.635009225467035,8.510557872993562,8.596716501629043,896862.0,803038965.2500001,20180710,8.98,1.0445848712468682,20200528,20200528,1.017214
000001.SZ,1d,2018-07-11,8.38610652052009,8.453118787236575,8.309521072844108,8.405252882439086,851296.0,744765824.8900001,20180711,8.78,1.0445848712468682,20200528,20200528,1.017214
000001.SZ,1d,2018-07-12,8.366333881102724,8.726280803894355,8.346877290681554,8.638726146999092,1140492.0,1008658828.6700001,20180712,8.88,1.0279293322760001,20200528,20200528,1.017214
000001.SZ,1d,2018-07-13,8.67763932784143,8.6970959182626,8.580356375735585,8.638726146999092,603378.0,535401175.45,20180713,8.88,1.0279293322760001,20200528,20200528,1.017214
000001.SZ,1d,2018-07-16,8.609541261367339,8.658182737420262,8.453888537997985,8.492801718840322,689845.0,603427713.21,20180716,8.729999999999999,1.0279293322760001,20200528,20200528,1.017214
000001.SZ,1d,2018-07-17,8.502530014050908,8.512258309261492,8.424703652366231,8.48307342362974,375356.0,326396994.95,20180717,8.72,1.0279293322760001,20200528,20200528,1.017214
000001.SZ,1d,2018-07-18,8.512258309261492,8.609541261367339,8.453888537997985,8.463616833208569,525152.0,460697377.12000006,20180718,8.7,1.0279293322760001,20200528,20200528,1.017214
000001.SZ,1d,2018-07-19,8.512258309261492,8.570628080525,8.453888537997985,8.492801718840322,461372.0,403674308.23,20180719,8.729999999999999,1.0279293322760001,20200528,20200528,1.017214
000001.SZ,1d,2018-07-20,8.492801718840322,8.950031593737798,8.376062176313308,8.862476936842537,1754277.0,1576843937.1000001,20180720,9.11,1.0279293322760001,20200528,20200528,1.017214
000001.SZ,1d,2018-07-23,8.794378870368444,9.193238974002412,8.755465689526106,9.164054088370658,1781688.0,1646028021.04,20180723,9.42,1.0279293322760001,20200528,20200528,1.017214
000001.SZ,1d,2018-07-24,9.134869202738905,9.329435106950596,9.076499431475398,9.14459749794949,1425894.0,1348746826.8300002,20180724,9.4,1.0279293322760001,20200528,20200528,1.017214
000001.SZ,1d,2018-07-25,9.183510678791826,9.212695564423582,9.076499431475398,9.125140907528321,614122.0,575752176.95,20180725,9.38,1.0279293322760001,20200528,20200528,1.017214
000001.SZ,1d,2018-07-26,9.14459749794949,9.222423859634166,8.959759888948383,8.998673069790721,833358.0,778429753.7900001,20180726,9.25,1.0279293322760001,20200528,20200528,1.017214
000001.SZ,1d,2018-07-27,9.047314545843642,9.105684317107151,8.930575003316628,8.998673069790721,515126.0,477527419.46,20180727,9.25,1.0279293322760001,20200528,20200528,1.017214
000001.SZ,1d,2018-07-30,9.066771136264814,9.232152154844751,9.008401365001305,9.134869202738905,706385.0,661767547.55,20180730,9.39,1.0279293322760001,20200528,20200528,1.017214
000001.SZ,1d,2018-07-31,9.115412612317735,9.232152154844751,8.998673069790721,9.164054088370658,720150.0,674484650.66,20180731,9.42,1.0279293322760001,20200528,20200528,1.017214
000001.SZ,1d,2018-08-01,9.164054088370658,9.241880450055335,8.862476936842537,8.901390117684874,814081.0,759282229.65,20180801,9.149999999999999,1.0279293322760001,20200528,20200528,1.017214
000001.SZ,1d,2018-08-02,8.881933527263707,8.901390117684876,8.638726146999092,8.697095918262601,931401.0,839272254.36,20180802,8.940000000000001,1.0279293322760001,20200528,20200528,1.017214
000001.SZ,1d,2018-08-03,8.687367623052015,8.852748641631953,8.667911032630846,8.667911032630846,476546.0,428641526.2,20180803,8.91,1.0279293322760001,20200528,20200528,1.017214
000001.SZ,1d,2018-08-06,8.697095918262601,8.862476936842539,8.648454442209678,8.697095918262601,554010.0,497906686.27000004,20180806,8.940000000000001,1.0279293322760001,20200528,20200528,1.017214
000001.SZ,1d,2018-08-07,8.716552508683769,8.920846708106044,8.638726146999092,8.920846708106044,690423.0,624359656.36,20180807,9.17,1.0279293322760001,20200528,20200528,1.017214
000001.SZ,1d,2018-08-08,8.91111841289546,8.91111841289546,8.794378870368446,8.80410716557903,578953.0,527526989.83,20180808,9.05,1.0279293322760001,20200528,20200528,1.017214
000001.SZ,1d,2018-08-09,8.794378870368444,9.095956021896566,8.774922279947276,9.037586250633058,806783.0,746469808.0899999,20180809,9.29,1.0279293322760001,20200528,20200528,1.017214
000001.SZ,1d,2018-08-10,9.047314545843644,9.066771136264814,8.91111841289546,8.979216479369553,424168.0,391366341.57,20180810,9.23,1.0279293322760001,20200528,20200528,1.017214
000001.SZ,1d,2018-08-13,8.872205232053123,8.91111841289546,8.658182737420262,8.80410716557903,818491.0,736947790.49,20180813,9.05,1.0279293322760001,20200528,20200528,1.017214
000001.SZ,1d,2018-08-14,8.78465057515786,8.794378870368444,8.6970959182626,8.755465689526106,430240.0,386334617.9499999,20180814,9.0,1.0279293322760001,20200528,20200528,1.017214
000001.SZ,1d,2018-08-15,8.774922279947276,8.774922279947276,8.512258309261492,8.55117149010383,670442.0,594759517.14,20180815,8.79,1.0279293322760001,20200528,20200528,1.017214
000001.SZ,1d,2018-08-16,8.492801718840324,8.648454442209678,8.405247061945063,8.541443194893247,638272.0,559523123.02,20180816,8.780000000000001,1.0279293322760001,20200528,20200528,1.017214
000001.SZ,1d,2018-08-17,8.63872614699909,8.6970959182626,8.541443194893246,8.570628080525,649476.0,576683267.1100001,20180817,8.809999999999999,1.0279293322760001,20200528,20200528,1.017214
000001.SZ,1d,2018-08-20,8.658182737420262,8.774922279947278,8.628997851788508,8.755465689526108,681322.0,609934725.59,20180820,9.000000000000002,1.0279293322760001,20200528,20200528,1.017214
000001.SZ,1d,2018-08-21,8.774922279947276,9.008401365001305,8.76519398473669,8.979216479369553,1264474.0,1163292795.24,20180821,9.23,1.0279293322760001,20200528,20200528,1.017214
000001.SZ,1d,2018-08-22,8.988944774580137,9.086227726685983,8.881933527263707,9.03758625063306,982433.0,909598743.27,20180822,9.290000000000001,1.0279293322760001,20200528,20200528,1.017214
000001.SZ,1d,2018-08-23,9.047314545843644,9.164054088370658,8.979216479369553,9.105684317107153,729074.0,680941392.24,20180823,9.360000000000001,1.0279293322760001,20200528,20200528,1.017214
000001.SZ,1d,2018-08-24,9.057042841054228,10.000687476480932,9.03758625063306,9.757480096216318,3040408.0,2995071976.8100004,20180824,10.030000000000001,1.0279293322760001,20200528,20200528,1.017214
000001.SZ,1d,2018-08-27,9.747751801005734,10.1466119046397,9.69911032495281,10.1466119046397,2218424.0,2251527721.3500004,20180827,10.430000000000001,1.0279293322760001,20200528,20200528,1.017214
000001.SZ,1d,2018-08-28,10.059057247744438,10.1466119046397,9.961774295638593,10.010415771691516,1289777.0,1331917860.95,20180828,10.290000000000001,1.0279293322760001,20200528,20200528,1.017214
000001.SZ,1d,2018-08-29,9.971502590849177,10.049328952533854,9.874219638743332,9.990959181270346,901883.0,923581546.46,20180829,10.27,1.0279293322760001,20200528,20200528,1.017214
000001.SZ,1d,2018-08-30,9.990959181270346,10.068785542955023,9.80612157226924,9.845034753111577,994917.0,1013877514.26,20180830,10.12,1.0279293322760001,20200528,20200528,1.017214
000001.SZ,1d,2018-08-31,9.854763048322162,10.03960065732327,9.825578162690409,9.854763048322162,1310865.0,1337898869.57,20180831,10.129999999999999,1.0279293322760001,20200528,20200528,1.017214
000001.SZ,1d,2018-09-03,9.815849867479825,10.0201440669021,9.815849867479825,9.91313281958567,711695.0,725303291.73,20180903,10.19,1.0279293322760001,20200528,20200528,1.017214
000001.SZ,1d,2018-09-04,9.922861114796255,10.263351447166714,9.796393277058655,10.1466119046397,1296342.0,1339756563.51,20180904,10.43,1.0279293322760001,20200528,20200528,1.017214
000001.SZ,1d,2018-09-05,10.0201440669021,10.049328952533854,9.776936686637487,9.776936686637487,1179453.0,1202345697.97,20180905,10.05,1.0279293322760001,20200528,20200528,1.017214
000001.SZ,1d,2018-09-06,9.776936686637487,9.864491343532748,9.679653734531641,9.69911032495281,711777.0,713975749.0200001,20180906,9.97,1.0279293322760001,20200528,20200528,1.017214
000001.SZ,1d,2018-09-07,9.7672083914269,9.903404524375086,9.660197144110471,9.738023505795148,809035.0,815151722.99,20180907,10.01,1.0279293322760001,20200528,20200528,1.017214
000001.SZ,1d,2018-09-10,9.738023505795148,9.796393277058655,9.57264248721521,9.611555668057548,636989.0,631174169.9300001,20180910,9.879999999999999,1.0279293322760001,20200528,20200528,1.017214
000001.SZ,1d,2018-09-11,9.631012258478718,9.757480096216318,9.543457601583457,9.640740553689302,712967.0,707337570.1400001,20180911,9.91,1.0279293322760001,20200528,20200528,1.017214
000001.SZ,1d,2018-09-12,9.601827372846964,9.69911032495281,9.55318589679404,9.61155566805755,564829.0,558399563.21,20180912,9.88,1.0279293322760001,20200528,20200528,1.017214
000001.SZ,1d,2018-09-13,9.815849867479825,9.825578162690409,9.57264248721521,9.689382029742225,999725.0,993389970.35,20180913,9.959999999999999,1.0279293322760001,20200528,20200528,1.017214
000001.SZ,1d,2018-09-14,9.708838620163394,9.708838620163394,9.543457601583457,9.57264248721521,619750.0,611422480.21,20180914,9.84,1.0279293322760001,20200528,20200528,1.017214
000001.SZ,1d,2018-09-17,9.533729306372871,9.533729306372871,9.416989763845857,9.42671805905644,517082.0,502609643.63,20180917,9.69,1.0279293322760001,20200528,20200528,1.017214
000001.SZ,1d,2018-09-18,9.46563123989878,9.845034753111578,9.436446354267028,9.806121572269241,1126807.0,1120867543.02,20180918,10.080000000000002,1.0279293322760001,20200528,20200528,1.017214
000001.SZ,1d,2018-09-19,9.757480096216316,10.059057247744438,9.757480096216316,9.961774295638593,1231548.0,1257191505.9599998,20180919,10.24,1.0279293322760001,20200528,20200528,1.017214
000001.SZ,1d,2018-09-20,9.990959181270346,10.078513838165607,9.91313281958567,9.952046000428007,620348.0,636742814.2300001,20180920,10.229999999999999,1.0279293322760001,20200528,20200528,1.017214
000001.SZ,1d,2018-09-21,9.981230886059762,10.409275875325482,9.903404524375086,10.380090989693729,1624518.0,1707850487.8000002,20180921,10.67,1.0279293322760001,20200528,20200528,1.017214
000001.SZ,1d,2018-09-25,10.23416656153496,10.389819284904313,10.195253380692623,10.263351447166714,977014.0,1030715785.16,20180925,10.55,1.0279293322760001,20200528,20200528,1.017214
000001.SZ,1d,2018-09-26,10.321721218430222,10.623298369958343,10.23416656153496,10.419004170536066,1490513.0,1600626208.76,20180926,10.709999999999999,1.0279293322760001,20200528,20200528,1.017214
000001.SZ,1d,2018-09-27,10.360634399272561,10.545472008273666,10.282808037587884,10.448189056167822,880363.0,942200398.6200001,20180927,10.74,1.0279293322760001,20200528,20200528,1.017214
000001.SZ,1d,2018-09-28,10.48710223701016,10.963788702328802,10.48710223701016,10.749766207695941,2110242.0,2331358288.96,20180928,11.049999999999999,1.0279293322760001,20200528,20200528,1.017214
000001.SZ,1d,2018-10-08,10.409275875325484,10.496830532220745,10.16606849506087,10.16606849506087,1686358.0,1793455283.0900002,20181008,10.450000000000001,1.0279293322760001,20200528,20200528,1.017214
000001.SZ,1d,2018-10-09,10.175796790271454,10.409275875325484,10.107698723797363,10.2730797423773,1064084.0,1117946550.71,20181009,10.56,1.0279293322760001,20200528,20200528,1.017214
000001.SZ,1d,2018-10-10,10.25362315195613,10.370362694483145,10.097970428586777,10.16606849506087,995200.0,1045666180.93,20181010,10.450000000000001,1.0279293322760001,20200528,20200528,1.017214
000001.SZ,1d,2018-10-11,9.776936686637487,9.883947933953918,9.436446354267028,9.59209907763638,1995143.0,1994186611.8000002,20181011,9.860000000000001,1.0279293322760001,20200528,20200528,1.017214
000001.SZ,1d,2018-10-12,9.69911032495281,10.05905724774444,9.601827372846964,10.0201440669021,1516810.0,1532651400.23,20181012,10.3,1.0279293322760001,20200528,20200528,1.017214
000001.SZ,1d,2018-10-15,10.107698723797363,10.185525085482038,9.815849867479825,9.835306457900993,1402685.0,1443043059.27,20181015,10.11,1.0279293322760001,20200528,20200528,1.017214
000001.SZ,1d,2018-10-16,9.864491343532748,10.25362315195613,9.845034753111578,10.088242133376193,1396921.0,1450020371.45,20181016,10.370000000000001,1.0279293322760001,20200528,20200528,1.017214
000001.SZ,1d,2018-10-17,10.214709971113791,10.263351447166714,9.864491343532748,10.049328952533854,1350889.0,1400306336.2199998,20181017,10.33,1.0279293322760001,20200528,20200528,1.017214
000001.SZ,1d,2018-10-18,10.010415771691516,10.010415771691516,9.786664981848071,9.815849867479825,1001156.0,1015654821.72,20181018,10.09,1.0279293322760001,20200528,20200528,1.017214
000001.SZ,1d,2018-10-19,9.67965373453164,10.48710223701016,9.650468848899887,10.46764564658899,2083667.0,2173571254.6200004,20181019,10.76,1.0279293322760001,20200528,20200528,1.017214
000001.SZ,1d,2018-10-22,10.516287122641911,11.148626311329908,10.48710223701016,10.847049159801786,2645543.0,2932714470.7000003,20181022,11.149999999999999,1.0279293322760001,20200528,20200528,1.017214
000001.SZ,1d,2018-10-23,10.895690635854711,10.91514722627588,10.438460760957236,10.545472008273666,1602545.0,1759265958.65,20181023,10.84,1.0279293322760001,20200528,20200528,1.017214
000001.SZ,1d,2018-10-24,10.603841779537174,11.02215847359231,10.506558827431329,10.74003791248536,1829424.0,2026171911.6200004,20181024,11.040000000000001,1.0279293322760001,20200528,20200528,1.017214
000001.SZ,1d,2018-10-25,10.506558827431329,10.983245292749972,10.419004170536068,10.983245292749972,1685011.0,1855823739.15,20181025,11.290000000000001,1.0279293322760001,20200528,20200528,1.017214
000001.SZ,1d,2018-10-26,10.983245292749972,11.002701883171142,10.662211550800683,10.876234045433543,1299975.0,1448843512.3,20181026,11.180000000000001,1.0279293322760001,20200528,20200528,1.017214
000001.SZ,1d,2018-10-29,10.895690635854711,10.934603816697049,10.331449513640807,10.457917351378407,1591628.0,1725932497.6100001,20181029,10.750000000000002,1.0279293322760001,20200528,20200528,1.017214
000001.SZ,1d,2018-10-30,10.487102237010161,10.778951093327697,10.438460760957236,10.603841779537174,1501827.0,1641371787.2,20181030,10.9,1.0279293322760001,20200528,20200528,1.017214
000001.SZ,1d,2018-10-31,10.652483255590097,10.691396436432436,10.457917351378406,10.61357007474776,1152683.0,1252156775.98,20181031,10.91,1.0279293322760001,20200528,20200528,1.017214
000001.SZ,1d,2018-11-01,10.691396436432436,10.749766207695941,10.46764564658899,10.535743713063082,1542776.0,1679443449.7099998,20181101,10.83,1.0279293322760001,20200528,20200528,1.017214
000001.SZ,1d,2018-11-02,10.74003791248536,10.856777455012372,10.535743713063082,10.78867938853828,2212922.0,2439179135.98,20181102,11.09,1.0279293322760001,20200528,20200528,1.017214
000001.SZ,1d,2018-11-05,10.652483255590099,10.74003791248536,10.526015417852499,10.623298369958343,1291924.0,1409457171.3,20181105,10.92,1.0279293322760001,20200528,20200528,1.017214
000001.SZ,1d,2018-11-06,10.574656893905422,10.633026665168927,10.438460760957236,10.545472008273666,735725.0,795322638.26,20181106,10.84,1.0279293322760001,20200528,20200528,1.017214
000001.SZ,1d,2018-11-07,10.535743713063082,10.652483255590097,10.457917351378406,10.516287122641913,785597.0,851487053.87,20181107,10.81,1.0279293322760001,20200528,20200528,1.017214
000001.SZ,1d,2018-11-08,10.584385189116006,10.671939846011266,10.526015417852499,10.59411348432659,793976.0,864744243.04,20181108,10.89,1.0279293322760001,20200528,20200528,1.017214
000001.SZ,1d,2018-11-09,10.419004170536068,10.438460760957236,10.117427019007946,10.263351447166714,1629269.0,1716198382.75,20181109,10.55,1.0279293322760001,20200528,20200528,1.017214
000001.SZ,1d,2018-11-12,10.175796790271454,10.292536332798468,10.097970428586777,10.2730797423773,920333.0,965756504.35,20181112,10.56,1.0279293322760001,20200528,20200528,1.017214
000001.SZ,1d,2018-11-13,10.12715531421853,10.360634399272561,10.097970428586777,10.25362315195613,1072497.0,1126736143.27,20181113,10.540000000000001,1.0279293322760001,20200528,20200528,1.017214
000001.SZ,1d,2018-11-14,10.243894856745545,10.263351447166714,10.136883609429114,10.156340199850284,774239.0,810357748.16,20181114,10.44,1.0279293322760001,20200528,20200528,1.017214
000001.SZ,1d,2018-11-15,10.156340199850284,10.350906104061975,10.136883609429114,10.331449513640806,901461.0,949991801.2,20181115,10.62,1.0279293322760001,20200528,20200528,1.017214
000001.SZ,1d,2018-11-16,10.321721218430222,10.428732465746652,10.204981675903207,10.282808037587884,1059592.0,1123173219.43,20181116,10.57,1.0279293322760001,20200528,20200528,1.017214
000001.SZ,1d,2018-11-19,10.282808037587884,10.584385189116006,10.282808037587884,10.55520030348425,1360887.0,1466899416.6200001,20181119,10.85,1.0279293322760001,20200528,20200528,1.017214
000001.SZ,1d,2018-11-20,10.457917351378406,10.506558827431327,10.23416656153496,10.282808037587884,1033877.0,1099654683.02,20181120,10.57,1.0279293322760001,20200528,20200528,1.017214
000001.SZ,1d,2018-11-21,10.214709971113791,10.380090989693729,10.195253380692623,10.321721218430223,666157.0,705638355.22,20181121,10.610000000000001,1.0279293322760001,20200528,20200528,1.017214
000001.SZ,1d,2018-11-22,10.380090989693729,10.380090989693729,10.195253380692623,10.263351447166714,500267.0,527103281.19,20181122,10.55,1.0279293322760001,20200528,20200528,1.017214
000001.SZ,1d,2018-11-23,10.243894856745547,10.292536332798468,10.029872362112686,10.03960065732327,700358.0,730667665.37,20181123,10.32,1.0279293322760001,20200528,20200528,1.017214
000001.SZ,1d,2018-11-26,10.059057247744438,10.175796790271454,10.0201440669021,10.059057247744438,516569.0,535963342.8600001,20181126,10.34,1.0279293322760001,20200528,20200528,1.017214
000001.SZ,1d,2018-11-27,10.068785542955023,10.107698723797363,9.883947933953916,9.903404524375086,733448.0,752824120.3000001,20181127,10.18,1.0279293322760001,20200528,20200528,1.017214
000001.SZ,1d,2018-11-28,9.8936762291645,10.029872362112686,9.883947933953916,10.00068747648093,537751.0,550820246.7,20181128,10.28,1.0279293322760001,20200528,20200528,1.017214
000001.SZ,1d,2018-11-29,10.068785542955023,10.10769872379736,9.91313281958567,9.922861114796254,485284.0,499068827.02,20181129,10.2,1.0279293322760001,20200528,20200528,1.017214
000001.SZ,1d,2018-11-30,9.942317705217425,10.078513838165607,9.8936762291645,10.078513838165607,594715.0,610571532.6100001,20181130,10.36,1.0279293322760001,20200528,20200528,1.017214
000001.SZ,1d,2018-12-03,10.302264628009052,10.370362694483145,10.185525085482038,10.302264628009052,1064097.0,1126374829.79,20181203,10.59,1.0279293322760001,20200528,20200528,1.017214
000001.SZ,1d,2018-12-04,10.282808037587882,10.331449513640806,10.243894856745545,10.302264628009052,534813.0,565743744.88,20181204,10.59,1.0279293322760001,20200528,20200528,1.017214
000001.SZ,1d,2018-12-05,10.204981675903207,10.224438266324375,10.117427019007946,10.16606849506087,581545.0,608133290.28,20181205,10.450000000000001,1.0279293322760001,20200528,20200528,1.017214
000001.SZ,1d,2018-12-06,10.078513838165609,10.088242133376193,9.952046000428009,9.971502590849177,578866.0,594649682.9899999,20181206,10.25,1.0279293322760001,20200528,20200528,1.017214
000001.SZ,1d,2018-12-07,10.020144066902098,10.10769872379736,9.990959181270346,10.00068747648093,340216.0,351101370.35,20181207,10.28,1.0279293322760001,20200528,20200528,1.017214
000001.SZ,1d,2018-12-10,9.942317705217425,9.990959181270348,9.854763048322164,9.8936762291645,494818.0,504040653.97,20181210,10.17,1.0279293322760001,20200528,20200528,1.017214
000001.SZ,1d,2018-12-11,9.932589410006837,9.981230886059762,9.8936762291645,9.952046000428009,299089.0,305389210.46,20181211,10.23,1.0279293322760001,20200528,20200528,1.017214
000001.SZ,1d,2018-12-12,10.0201440669021,10.03960065732327,9.922861114796255,9.961774295638593,366379.0,375402863.91999996,20181212,10.24,1.0279293322760001,20200528,20200528,1.017214
000001.SZ,1d,2018-12-13,9.971502590849179,10.195253380692623,9.922861114796255,10.107698723797363,790845.0,819920689.17,20181213,10.39,1.0279293322760001,20200528,20200528,1.017214
000001.SZ,1d,2018-12-14,10.059057247744438,10.068785542955023,9.883947933953916,9.8936762291645,526675.0,539263012.14,20181214,10.17,1.0279293322760001,20200528,20200528,1.017214
000001.SZ,1d,2018-12-17,9.883947933953916,10.049328952533854,9.825578162690409,10.010415771691514,571274.0,584679512.2099999,20181217,10.29,1.0279293322760001,20200528,20200528,1.017214
000001.SZ,1d,2018-12-18,9.922861114796254,10.03960065732327,9.825578162690409,9.845034753111577,537744.0,547157562.7800001,20181218,10.12,1.0279293322760001,20200528,20200528,1.017214
000001.SZ,1d,2018-12-19,9.864491343532748,9.903404524375086,9.631012258478718,9.669925439321055,598007.0,600090171.1800001,20181219,9.94,1.0279293322760001,20200528,20200528,1.017214
000001.SZ,1d,2018-12-20,9.650468848899887,9.69911032495281,9.368348287792935,9.446174649477612,990284.0,964202861.12,20181220,9.71,1.0279293322760001,20200528,20200528,1.017214
000001.SZ,1d,2018-12-21,9.416989763845857,9.436446354267026,9.076499431475398,9.193238974002412,1000616.0,944460332.35,20181221,9.45,1.0279293322760001,20200528,20200528,1.017214
000001.SZ,1d,2018-12-24,9.14459749794949,9.193238974002414,9.057042841054228,9.164054088370658,509117.0,477186904.75,20181224,9.42,1.0279293322760001,20200528,20200528,1.017214
000001.SZ,1d,2018-12-25,9.03758625063306,9.173782383581244,8.959759888948383,9.086227726685983,586615.0,545235607.8500001,20181225,9.340000000000002,1.0279293322760001,20200528,20200528,1.017214
000001.SZ,1d,2018-12-26,9.095956021896566,9.164054088370658,9.01812966021189,9.047314545843642,421140.0,393215140.96999997,20181226,9.299999999999999,1.0279293322760001,20200528,20200528,1.017214
000001.SZ,1d,2018-12-27,9.193238974002412,9.232152154844751,9.027857955422474,9.027857955422474,624593.0,586343755.0300001,20181227,9.28,1.0279293322760001,20200528,20200528,1.017214
000001.SZ,1d,2018-12-28,9.057042841054228,9.202967269212998,9.057042841054228,9.125140907528321,576604.0,541571004.8000001,20181228,9.38,1.0279293322760001,20200528,20200528,1.017214
000001.SZ,1d,2019-01-02,9.134869202738905,9.164054088370658,8.91111841289546,8.940303298527214,539386.0,498695109.65999997,20190102,9.19,1.0279293322760001,20200528,20200528,1.017214
000001.SZ,1d,2019-01-03,8.930575003316628,9.076499431475398,8.901390117684876,9.027857955422476,415537.0,384457707.88,20190103,9.280000000000001,1.0279293322760001,20200528,20200528,1.017214
000001.SZ,1d,2019-01-04,8.988944774580137,9.55318589679404,8.969488184158967,9.48508783031995,1481159.0,1422149888.16,20190104,9.75,1.0279293322760001,20200528,20200528,1.017214
000001.SZ,1d,2019-01-07,9.572642487215212,9.582370782425796,9.368348287792935,9.475359535109364,865687.0,841166430.7,20190107,9.74,1.0279293322760001,20200528,20200528,1.017214
000001.SZ,1d,2019-01-08,9.46563123989878,9.475359535109364,9.358619992582351,9.397533173424689,402388.0,389247795.73,20190108,9.66,1.0279293322760001,20200528,20200528,1.017214
000001.SZ,1d,2019-01-09,9.475359535109364,9.806121572269241,9.436446354267028,9.669925439321057,1233486.0,1229465116.69,20190109,9.940000000000001,1.0279293322760001,20200528,20200528,1.017214
000001.SZ,1d,2019-01-10,9.601827372846962,9.922861114796254,9.592099077636378,9.825578162690409,1071817.0,1079711035.8,20190110,10.1,1.0279293322760001,20200528,20200528,1.017214
000001.SZ,1d,2019-01-11,9.835306457900995,9.942317705217425,9.776936686637487,9.922861114796255,696364.0,708001802.1700001,20190111,10.200000000000001,1.0279293322760001,20200528,20200528,1.017214
000001.SZ,1d,2019-01-14,9.942317705217425,9.971502590849177,9.796393277058655,9.835306457900993,500443.0,507862882.18000007,20190114,10.11,1.0279293322760001,20200528,20200528,1.017214
000001.SZ,1d,2019-01-15,9.835306457900993,10.00068747648093,9.815849867479825,9.961774295638593,542160.0,553027309.58,20190115,10.24,1.0279293322760001,20200528,20200528,1.017214
000001.SZ,1d,2019-01-16,9.961774295638593,10.214709971113791,9.952046000428009,10.195253380692623,977699.0,1017495116.1099999,20190116,10.48,1.0279293322760001,20200528,20200528,1.017214
000001.SZ,1d,2019-01-17,10.253623151956129,10.282808037587884,9.8936762291645,9.971502590849177,882811.0,910212066.3100001,20190117,10.25,1.0279293322760001,20200528,20200528,1.017214
000001.SZ,1d,2019-01-18,10.059057247744438,10.204981675903207,10.00068747648093,10.1466119046397,738793.0,769973637.95,20190118,10.43,1.0279293322760001,20200528,20200528,1.017214
000001.SZ,1d,2019-01-21,10.059057247744438,10.185525085482038,10.03960065732327,10.059057247744438,659355.0,684465646.24,20190121,10.34,1.0279293322760001,20200528,20200528,1.017214
000001.SZ,1d,2019-01-22,10.059057247744438,10.156340199850284,9.981230886059762,10.00068747648093,424413.0,438991450.35,20190122,10.28,1.0279293322760001,20200528,20200528,1.017214
000001.SZ,1d,2019-01-23,10.010415771691516,10.185525085482038,10.010415771691516,10.068785542955025,537876.0,559384396.28,20190123,10.350000000000001,1.0279293322760001,20200528,20200528,1.017214
000001.SZ,1d,2019-01-24,10.117427019007946,10.263351447166714,10.088242133376193,10.234166561534963,679240.0,711495718.15,20190124,10.520000000000001,1.0279293322760001,20200528,20200528,1.017214
000001.SZ,1d,2019-01-25,10.2730797423773,10.74003791248536,10.263351447166714,10.70112473164302,2108361.0,2299718224.86,20190125,11.0,1.0279293322760001,20200528,20200528,1.017214
000001.SZ,1d,2019-01-28,10.74003791248536,10.837320864591204,10.584385189116006,10.642754960379513,1035909.0,1141853833.8300002,20190128,10.940000000000001,1.0279293322760001,20200528,20200528,1.017214
000001.SZ,1d,2019-01-29,10.66221155080068,10.769222798117111,10.477373941799573,10.70112473164302,826631.0,904847854.0699999,20190129,11.0,1.0279293322760001,20200528,20200528,1.017214
000001.SZ,1d,2019-01-30,10.652483255590097,10.876234045433542,10.564928598694836,10.652483255590097,712001.0,785204571.5500001,20190130,10.95,1.0279293322760001,20200528,20200528,1.017214
000001.SZ,1d,2019-01-31,10.681668141221849,10.89569063585471,10.642754960379511,10.798407683748865,831622.0,922602874.5899999,20190131,11.1,1.0279293322760001,20200528,20200528,1.017214
000001.SZ,1d,2019-02-01,10.895690635854711,10.944332111907634,10.662211550800683,10.895690635854711,1014270.0,1127216186.16,20190201,11.200000000000001,1.0279293322760001,20200528,20200528,1.017214
000001.SZ,1d,2019-02-11,10.778951093327697,10.905418931065297,10.671939846011266,10.905418931065297,801936.0,889951528.7600001,20190211,11.21,1.0279293322760001,20200528,20200528,1.017214
000001.SZ,1d,2019-02-12,10.89569063585471,11.00270188317114,10.730309617274772,10.885962340644125,959936.0,1071873084.84,20190212,11.19,1.0279293322760001,20200528,20200528,1.017214
000001.SZ,1d,2019-02-13,10.885962340644127,11.099984835276986,10.817864274170036,11.070799949645235,1137365.0,1280182096.94,20190213,11.38,1.0279293322760001,20200528,20200528,1.017214
000001.SZ,1d,2019-02-14,10.992973587960556,11.02215847359231,10.885962340644125,10.944332111907634,869185.0,977818097.6200001,20190214,11.25,1.0279293322760001,20200528,20200528,1.017214
000001.SZ,1d,2019-02-15,10.924875521486465,10.924875521486465,10.603841779537174,10.652483255590099,1100127.0,1213914428.9,20190215,10.950000000000001,1.0279293322760001,20200528,20200528,1.017214
000001.SZ,1d,2019-02-18,10.749766207695943,11.051343359224065,10.74003791248536,11.051343359224065,1255522.0,1408279680.0900002,20190218,11.360000000000001,1.0279293322760001,20200528,20200528,1.017214
000001.SZ,1d,2019-02-19,11.051343359224063,11.304279034699263,10.934603816697049,10.963788702328802,1270882.0,1445281382.8999999,20190219,11.27,1.0279293322760001,20200528,20200528,1.017214
000001.SZ,1d,2019-02-20,11.02215847359231,11.216724377804,10.944332111907634,11.099984835276986,832629.0,949430819.5100001,20190220,11.41,1.0279293322760001,20200528,20200528,1.017214
000001.SZ,1d,2019-02-21,11.070799949645233,11.23618096822517,10.973516997539386,11.051343359224063,754246.0,860591070.9,20190221,11.36,1.0279293322760001,20200528,20200528,1.017214
000001.SZ,1d,2019-02-22,11.04161506401348,11.25563755864634,10.847049159801788,11.226452673014586,1184047.0,1343020336.09,20190222,11.540000000000001,1.0279293322760001,20200528,20200528,1.017214
000001.SZ,1d,2019-02-25,11.38210539638394,12.296565146178889,11.25563755864634,12.209010489283628,2824935.0,3415946860.2000003,20190225,12.55,1.0279293322760001,20200528,20200528,1.017214
000001.SZ,1d,2019-02-26,12.209010489283628,12.228467079704796,11.819878680860244,11.868520156913169,2017544.0,2485673356.7699995,20190226,12.200000000000001,1.0279293322760001,20200528,20200528,1.017214
000001.SZ,1d,2019-02-27,11.907433337755506,12.316021736600057,11.819878680860244,12.063086061124858,1979013.0,2454404411.85,20190227,12.4,1.0279293322760001,20200528,20200528,1.017214
000001.SZ,1d,2019-02-28,12.101999241967196,12.267380260547133,11.936618223387258,12.024172880282519,1113099.0,1383110810.74,20190228,12.36,1.0279293322760001,20200528,20200528,1.017214
000001.SZ,1d,2019-03-01,12.140912422809535,12.432761279127073,11.868520156913169,12.413304688705905,1712679.0,2137669556.8100002,20190301,12.760000000000002,1.0279293322760001,20200528,20200528,1.017214
000001.SZ,1d,2019-03-04,12.354934917442396,13.016458991762146,12.277108555757719,12.637055478549348,2456830.0,3195011702.87,20190304,12.99,1.0279293322760001,20200528,20200528,1.017214
000001.SZ,1d,2019-03-05,12.559229116864671,12.928904334866884,12.49113105039058,12.70515354502344,1408422.0,1838251656.51,20190305,13.06,1.0279293322760001,20200528,20200528,1.017214
000001.SZ,1d,2019-03-06,12.70515354502344,12.792708201918702,12.49113105039058,12.724610135444609,1245760.0,1614670974.69,20190306,13.08,1.0279293322760001,20200528,20200528,1.017214
000001.SZ,1d,2019-03-07,12.70515354502344,12.70515354502344,12.209010489283628,12.393848098284733,1782057.0,2274151007.32,20190307,12.74,1.0279293322760001,20200528,20200528,1.017214
000001.SZ,1d,2019-03-08,12.150640718020119,12.354934917442394,11.91716163296609,11.965803109019014,1778162.0,2214572416.75,20190308,12.3,1.0279293322760001,20200528,20200528,1.017214
000001.SZ,1d,2019-03-11,11.965803109019014,12.150640718020119,11.7225957287544,11.985259699440181,1157650.0,1416000379.71,20190311,12.32,1.0279293322760001,20200528,20200528,1.017214
000001.SZ,1d,2019-03-12,12.150640718020119,12.296565146178889,11.907433337755506,12.024172880282519,1411794.0,1757797250.71,20190312,12.36,1.0279293322760001,20200528,20200528,1.017214
000001.SZ,1d,2019-03-13,12.004716289861353,12.209010489283628,11.800422090439076,12.033901175493106,1269427.0,1568387543.68,20190313,12.370000000000001,1.0279293322760001,20200528,20200528,1.017214
000001.SZ,1d,2019-03-14,11.994987994650767,12.277108555757717,11.936618223387258,12.092270946756612,1057467.0,1316372926.2,20190314,12.43,1.0279293322760001,20200528,20200528,1.017214
000001.SZ,1d,2019-03-15,12.004716289861351,12.335478327021226,12.004716289861351,12.160369013230705,1045406.0,1311323009.34,20190315,12.5,1.0279293322760001,20200528,20200528,1.017214
000001.SZ,1d,2019-03-18,12.189553898862458,12.588414002496425,11.985259699440181,12.559229116864671,1486454.0,1882483633.89,20190318,12.91,1.0279293322760001,20200528,20200528,1.017214
000001.SZ,1d,2019-03-19,12.568957412075255,12.588414002496425,12.267380260547133,12.442489574337655,957196.0,1221118294.2,20190319,12.79,1.0279293322760001,20200528,20200528,1.017214
000001.SZ,1d,2019-03-20,12.335478327021228,12.530044231232917,12.277108555757719,12.40357639349532,929996.0,1185477058.67,20190320,12.750000000000002,1.0279293322760001,20200528,20200528,1.017214
000001.SZ,1d,2019-03-21,12.423032983916487,12.452217869548242,12.23819537491538,12.34520662223181,860140.0,1092506482.84,20190321,12.69,1.0279293322760001,20200528,20200528,1.017214
000001.SZ,1d,2019-03-22,12.34520662223181,12.393848098284733,12.160369013230705,12.247923670125966,713502.0,898629416.83,20190322,12.59,1.0279293322760001,20200528,20200528,1.017214
000001.SZ,1d,2019-03-25,12.063086061124858,12.063086061124858,11.77123720480732,11.780965500017906,1179883.0,1445560160.24,20190325,12.11,1.0279293322760001,20200528,20200528,1.017214
000001.SZ,1d,2019-03-26,11.89770504254492,11.956074813808428,11.68368254791206,11.77123720480732,935393.0,1136721266.5500002,20190326,12.1,1.0279293322760001,20200528,20200528,1.017214
000001.SZ,1d,2019-03-27,11.907433337755506,12.13118412759895,11.849063566491997,12.043629470703689,922826.0,1138302657.13,20190327,12.379999999999999,1.0279293322760001,20200528,20200528,1.017214
000001.SZ,1d,2019-03-28,11.975531404229597,11.975531404229597,11.77123720480732,11.887976747334335,732467.0,892530627.33,20190328,12.219999999999999,1.0279293322760001,20200528,20200528,1.017214
000001.SZ,1d,2019-03-29,11.926889928176676,12.47167445996941,11.878248452123753,12.47167445996941,1669506.0,2108295393.9300003,20190329,12.82,1.0279293322760001,20200528,20200528,1.017214
000001.SZ,1d,2019-04-01,12.481402755179994,13.181840010342084,12.481402755179994,12.821893087550453,1951401.0,2588268668.8700004,20190401,13.18,1.0279293322760001,20200528,20200528,1.017214
000001.SZ,1d,2019-04-02,12.919176039656302,13.113741943867991,12.870534563603378,12.997002401340978,1100384.0,1466040987.0900002,20190402,13.360000000000001,1.0279293322760001,20200528,20200528,1.017214
000001.SZ,1d,2019-04-03,12.851077973182209,13.08455705823624,12.792708201918702,13.074828763025652,792915.0,1056166231.5300001,20190403,13.44,1.0279293322760001,20200528,20200528,1.017214
000001.SZ,1d,2019-04-04,13.065100467815068,13.61961329481839,13.065100467815068,13.483417161870204,2034365.0,2796366353.31,20190404,13.86,1.0279293322760001,20200528,20200528,1.017214
000001.SZ,1d,2019-04-08,13.522330342712543,14.037929988873525,13.347221028922021,13.580700113976052,1743176.0,2464536241.4700003,20190408,13.96,1.0279293322760001,20200528,20200528,1.017214
000001.SZ,1d,2019-04-09,13.493145457080788,13.60015670439722,13.376405914553775,13.434775685817282,781332.0,1080549202.28,20190409,13.81,1.0279293322760001,20200528,20200528,1.017214
000001.SZ,1d,2019-04-10,13.376405914553775,13.502873752291375,13.035915582183316,13.356949324132605,947135.0,1289475602.49,20190410,13.73,1.0279293322760001,20200528,20200528,1.017214
000001.SZ,1d,2019-04-11,13.356949324132605,13.580700113976052,13.123470239078577,13.1721117151315,655356.0,897382236.21,20190411,13.540000000000001,1.0279293322760001,20200528,20200528,1.017214
000001.SZ,1d,2019-04-12,13.123470239078577,13.220753191184423,12.851077973182209,13.055372172604486,774324.0,1035139673.9499999,20190412,13.420000000000002,1.0279293322760001,20200528,20200528,1.017214
000001.SZ,1d,2019-04-15,13.347221028922021,13.70716795171365,13.288851257658514,13.318036143290266,1533890.0,2134708981.63,20190415,13.69,1.0279293322760001,20200528,20200528,1.017214
000001.SZ,1d,2019-04-16,13.298579552869098,14.183854417032293,13.181840010342084,14.183854417032293,2379375.0,3379550307.18,20190416,14.58,1.0279293322760001,20200528,20200528,1.017214
000001.SZ,1d,2019-04-17,14.02820169366294,14.193582712242877,13.843364084661834,13.960103627188849,1004109.0,1443493493.4099998,20190417,14.35,1.0279293322760001,20200528,20200528,1.017214
000001.SZ,1d,2019-04-18,13.911462151135924,13.979560217610016,13.726624542134818,13.950375331978263,507045.0,721908800.5899999,20190418,14.34,1.0279293322760001,20200528,20200528,1.017214
000001.SZ,1d,2019-04-19,14.057386579294695,14.397876911665154,13.911462151135925,14.329778845191061,1246036.0,1814875936.7,20190419,14.73,1.0279293322760001,20200528,20200528,1.017214
000001.SZ,1d,2019-04-22,14.203311007453461,14.436790092507492,13.697439656503064,13.765537722977157,1322273.0,1899850004.34,20190422,14.15,1.0279293322760001,20200528,20200528,1.017214
000001.SZ,1d,2019-04-23,13.716896246924236,13.81417919903008,13.590428409186636,13.68771136129248,940687.0,1326465625.0800002,20190423,14.07,1.0279293322760001,20200528,20200528,1.017214
000001.SZ,1d,2019-04-24,14.057386579294693,14.203311007453461,13.775266018187741,14.04765828408411,1949723.0,2811131027.08,20190424,14.44,1.0279293322760001,20200528,20200528,1.017214
000001.SZ,1d,2019-04-25,13.989288512820602,14.2422241882958,13.74608113255599,13.74608113255599,1111476.0,1597895217.3200002,20190425,14.13,1.0279293322760001,20200528,20200528,1.017214
000001.SZ,1d,2019-04-26,13.697439656503066,13.862820675083004,13.327764438500854,13.415319095396114,1009421.0,1407987365.7900002,20190426,13.790000000000001,1.0279293322760001,20200528,20200528,1.017214
000001.SZ,1d,2019-04-29,13.522330342712541,13.940647036767679,13.483417161870204,13.716896246924234,1030695.0,1450714134.04,20190429,14.1,1.0279293322760001,20200528,20200528,1.017214
000001.SZ,1d,2019-04-30,13.609884999607804,13.668254770871313,13.220753191184421,13.47368886665962,1116570.0,1542958577.5900002,20190430,13.85,1.0279293322760001,20200528,20200528,1.017214
000001.SZ,1d,2019-05-06,12.74406672586578,12.987274106130393,12.36466321265298,12.520315936022334,2108667.0,2742409411.07,20190506,12.870000000000001,1.0279293322760001,20200528,20200528,1.017214
000001.SZ,1d,2019-05-07,12.675968659391687,12.734338430655193,12.374391507863566,12.59814229770701,1072658.0,1386247078.7,20190507,12.950000000000001,1.0279293322760001,20200528,20200528,1.017214
000001.SZ,1d,2019-05-08,12.374391507863566,12.559229116864671,12.160369013230705,12.25765196533655,975450.0,1236655982.73,20190508,12.6,1.0279293322760001,20200528,20200528,1.017214
000001.SZ,1d,2019-05-09,12.179825603651874,12.23819537491538,11.7225957287544,11.82960697607083,1557151.0,1904905488.71,20190509,12.16,1.0279293322760001,20200528,20200528,1.017214
000001.SZ,1d,2019-05-10,12.004716289861351,12.403576393495317,11.77123720480732,12.335478327021226,1192399.0,1489975624.98,20190510,12.68,1.0279293322760001,20200528,20200528,1.017214
000001.SZ,1d,2019-05-13,11.994987994650767,12.199282194073044,11.89770504254492,11.965803109019014,741917.0,916213719.48,20190513,12.3,1.0279293322760001,20200528,20200528,1.017214
000001.SZ,1d,2019-05-14,11.868520156913167,12.403576393495317,11.82960697607083,12.150640718020119,1182598.0,1477008362.9199998,20190514,12.49,1.0279293322760001,20200528,20200528,1.017214
000001.SZ,1d,2019-05-15,12.23819537491538,12.753795021076362,12.228467079704796,12.568957412075255,1103988.0,1417050112.5900002,20190515,12.92,1.0279293322760001,20200528,20200528,1.017214
000001.SZ,1d,2019-05-16,12.578685707285842,12.63705547854935,12.432761279127073,12.500859345601166,634901.0,816740932.1200001,20190516,12.850000000000001,1.0279293322760001,20200528,20200528,1.017214
000001.SZ,1d,2019-05-17,12.568957412075255,12.57868570728584,12.024172880282519,12.101999241967196,965000.0,1208569909.79,20190517,12.44,1.0279293322760001,20200528,20200528,1.017214
000001.SZ,1d,2019-05-20,12.014444585071935,12.199282194073042,11.91716163296609,12.04362947070369,786435.0,971222474.19,20190520,12.38,1.0279293322760001,20200528,20200528,1.017214
000001.SZ,1d,2019-05-21,12.063086061124856,12.384119803074148,12.024172880282519,12.21873878449421,731210.0,919191240.9100001,20190521,12.559999999999999,1.0279293322760001,20200528,20200528,1.017214
000001.SZ,1d,2019-05-22,12.228467079704796,12.228467079704796,11.985259699440181,12.063086061124858,506230.0,628437470.0600001,20190522,12.4,1.0279293322760001,20200528,20200528,1.017214
000001.SZ,1d,2019-05-23,11.907433337755506,12.082542651546028,11.81015038564966,11.95607481380843,666855.0,817850530.3199999,20190523,12.290000000000001,1.0279293322760001,20200528,20200528,1.017214
000001.SZ,1d,2019-05-24,12.014444585071935,12.111727537177781,11.975531404229597,12.014444585071935,495526.0,613106248.37,20190524,12.35,1.0279293322760001,20200528,20200528,1.017214
000001.SZ,1d,2019-05-27,11.878248452123751,12.082542651546028,11.605856186227383,12.033901175493105,1048425.0,1275632724.48,20190527,12.37,1.0279293322760001,20200528,20200528,1.017214
000001.SZ,1d,2019-05-28,11.975531404229597,12.209010489283626,11.926889928176674,12.150640718020119,880703.0,1094063186.24,20190528,12.49,1.0279293322760001,20200528,20200528,1.017214
000001.SZ,1d,2019-05-29,12.024172880282519,12.247923670125966,11.926889928176674,12.063086061124858,666411.0,827828661.23,20190529,12.4,1.0279293322760001,20200528,20200528,1.017214
000001.SZ,1d,2019-05-30,11.985259699440181,12.043629470703689,11.780965500017906,11.887976747334335,646284.0,787801007.39,20190530,12.219999999999999,1.0279293322760001,20200528,20200528,1.017214
000001.SZ,1d,2019-05-31,11.82960697607083,12.063086061124856,11.780965500017906,11.849063566491997,686794.0,839375709.99,20190531,12.18,1.0279293322760001,20200528,20200528,1.017214
000001.SZ,1d,2019-06-03,11.887976747334337,11.994987994650767,11.498844938910954,11.576671300595631,1512719.0,1816591876.76,20190603,11.9,1.0279293322760001,20200528,20200528,1.017214
000001.SZ,1d,2019-06-04,11.566943005385044,11.615584481437969,11.284822444278094,11.528029824542708,974655.0,1147709578.0800002,20190604,11.85,1.0279293322760001,20200528,20200528,1.017214
000001.SZ,1d,2019-06-05,11.644769367069722,11.81015038564966,11.596127891016799,11.644769367069722,748892.0,899331716.0500001,20190605,11.97,1.0279293322760001,20200528,20200528,1.017214
000001.SZ,1d,2019-06-06,11.644769367069722,11.742052319175569,11.566943005385045,11.596127891016799,433665.0,519425127.17999995,20190606,11.92,1.0279293322760001,20200528,20200528,1.017214
000001.SZ,1d,2019-06-10,11.68368254791206,12.131184127598951,11.654497662280308,12.004716289861351,1144668.0,1404223620.41,20190610,12.34,1.0279293322760001,20200528,20200528,1.017214
000001.SZ,1d,2019-06-11,12.004716289861351,12.374391507863566,11.965803109019014,12.306293441389473,1251087.0,1574105212.1800003,20190611,12.65,1.0279293322760001,20200528,20200528,1.017214
000001.SZ,1d,2019-06-12,12.286836850968303,12.316021736600057,12.101999241967196,12.228467079704796,657310.0,825178004.4200001,20190612,12.57,1.0279293322760001,20200528,20200528,1.017214
000001.SZ,1d,2019-06-13,12.199282194073042,12.335478327021226,12.092270946756612,12.247923670125966,530000.0,666277695.76,20190613,12.59,1.0279293322760001,20200528,20200528,1.017214
000001.SZ,1d,2019-06-14,12.247923670125967,12.345206622231812,12.111727537177781,12.150640718020119,483191.0,606815214.15,20190614,12.49,1.0279293322760001,20200528,20200528,1.017214
000001.SZ,1d,2019-06-17,12.140912422809535,12.442489574337657,12.140912422809535,12.325750031810642,619815.0,786223580.98,20190617,12.67,1.0279293322760001,20200528,20200528,1.017214
000001.SZ,1d,2019-06-18,12.325750031810642,12.500859345601164,12.247923670125966,12.452217869548242,483555.0,616237571.71,20190618,12.8,1.0279293322760001,20200528,20200528,1.017214
000001.SZ,1d,2019-06-19,12.928904334866884,13.02618728697273,12.656512068970516,12.714881840234025,1143226.0,1504997837.9,20190619,13.07,1.0279293322760001,20200528,20200528,1.017214
000001.SZ,1d,2019-06-20,12.812164792339871,13.570971818765466,12.763523316286948,13.425047390606698,1529191.0,2083209238.7299998,20190620,13.8,1.0279293322760001,20200528,20200528,1.017214
000001.SZ,1d,2019-06-21,13.386134209764359,13.493145457080788,13.211024895973837,13.269394667237345,1011129.0,1384099587.01,20190621,13.64,1.0279293322760001,20200528,20200528,1.017214
000001.SZ,1d,2019-06-24,13.318036143290266,13.454232276238452,13.24020978160559,13.318036143290266,659572.0,904433349.2900001,20190624,13.69,1.0279293322760001,20200528,20200528,1.017214
000001.SZ,1d,2019-06-25,13.347221028922021,13.347221028922021,12.714881840234025,13.065100467815068,1469227.0,1954855785.9299998,20190625,13.43,1.0279293322760001,20200528,20200528,1.017214
000001.SZ,1d,2019-06-26,13.045435866985706,13.271543647649363,12.966789682407043,13.143743597709035,546504.0,731207282.9,20190626,13.37,1.017214,20200528,20200528,1.017214
000001.SZ,1d,2019-06-27,13.271543647649365,13.615620705181014,13.2223897822877,13.477989882168353,925074.0,1270042461.29,20190627,13.71,1.017214,20200528,20200528,1.017214
000001.SZ,1d,2019-06-28,13.497651428313018,13.556636066747016,13.350189832228025,13.546805293674682,498093.0,682679970.2,20190628,13.78,1.017214,20200528,20200528,1.017214
000001.SZ,1d,2019-07-01,13.77291307433834,13.940036216567998,13.63528225132568,13.694266889759676,960636.0,1347792874.8,20190701,13.930000000000001,1.017214,20200528,20200528,1.017214
000001.SZ,1d,2019-07-02,13.645113024398011,13.999020855001994,13.625451478253344,13.940036216567997,1052744.0,1481211353.19,20190702,14.18,1.017214,20200528,20200528,1.017214
000001.SZ,1d,2019-07-03,13.940036216567998,13.969528535784997,13.63528225132568,13.77291307433834,769078.0,1076744400.79,20190703,14.010000000000002,1.017214,20200528,20200528,1.017214
000001.SZ,1d,2019-07-04,13.77291307433834,14.038343947291327,13.645113024398013,13.753251528193672,621292.0,873624287.32,20190704,13.99,1.017214,20200528,20200528,1.017214
000001.SZ,1d,2019-07-05,13.713928435904341,13.743420755121338,13.458328336023687,13.684436116687342,749196.0,1037357175.72,20190705,13.92,1.017214,20200528,20200528,1.017214
000001.SZ,1d,2019-07-08,13.586128385964015,13.645113024398013,13.2223897822877,13.36002060530036,778413.0,1061095712.61,20190708,13.590000000000002,1.017214,20200528,20200528,1.017214
000001.SZ,1d,2019-07-09,13.39934369758969,13.477989882168352,13.212559009215365,13.360020605300358,494296.0,670391720.57,20190709,13.59,1.017214,20200528,20200528,1.017214
000001.SZ,1d,2019-07-10,13.379682151445024,13.468159109096021,13.26171287457703,13.33052828608336,358220.0,487071876.75000006,20190710,13.56,1.017214,20200528,20200528,1.017214
000001.SZ,1d,2019-07-11,13.448497562951356,13.546805293674684,13.301035966866362,13.310866739938694,484183.0,660588299.89,20190711,13.540000000000001,1.017214,20200528,20200528,1.017214
000001.SZ,1d,2019-07-12,13.36985137837269,13.989190081929662,13.350189832228025,13.881051578134,1465366.0,2055749881.65,20190712,14.120000000000001,1.017214,20200528,20200528,1.017214
000001.SZ,1d,2019-07-15,13.792574620483004,13.881051578133999,13.60578993210868,13.763082301266007,841282.0,1175798104.87,20190715,14.0,1.017214,20200528,20200528,1.017214
000001.SZ,1d,2019-07-16,13.733589982049008,13.753251528193672,13.477989882168353,13.517312974457685,722780.0,998151578.95,20190716,13.75,1.017214,20200528,20200528,1.017214
000001.SZ,1d,2019-07-17,13.46815910909602,13.57629761289168,13.379682151445024,13.458328336023687,410020.0,561944451.84,20190717,13.69,1.017214,20200528,20200528,1.017214
000001.SZ,1d,2019-07-18,13.419005243734356,13.576297612891683,13.33052828608336,13.43866678987902,422826.0,578067487.97,20190718,13.67,1.017214,20200528,20200528,1.017214
000001.SZ,1d,2019-07-19,13.507482201385352,13.84172848584467,13.448497562951355,13.753251528193672,866390.0,1207316526.53,20190719,13.99,1.017214,20200528,20200528,1.017214
000001.SZ,1d,2019-07-22,13.723759208976674,13.782743847410671,13.527143747530017,13.615620705181012,582283.0,807249426.05,20190722,13.85,1.017214,20200528,20200528,1.017214
000001.SZ,1d,2019-07-23,13.625451478253346,13.63528225132568,13.419005243734356,13.527143747530017,504004.0,692328447.63,20190723,13.76,1.017214,20200528,20200528,1.017214
000001.SZ,1d,2019-07-24,13.63528225132568,13.77291307433834,13.556636066747016,13.645113024398013,570276.0,793387782.2,20190724,13.88,1.017214,20200528,20200528,1.017214
000001.SZ,1d,2019-07-25,13.684436116687342,14.028513174218993,13.615620705181012,13.959697762712663,1087826.0,1534889645.77,20190725,14.2,1.017214,20200528,20200528,1.017214
000001.SZ,1d,2019-07-26,13.940036216567997,14.008851628074327,13.84172848584467,13.989190081929662,635305.0,901074107.51,20190726,14.23,1.017214,20200528,20200528,1.017214
000001.SZ,1d,2019-07-29,14.008851628074327,14.205467089520983,13.940036216567997,14.048174720363658,715576.0,1023261763.08,20190729,14.29,1.017214,20200528,20200528,1.017214
000001.SZ,1d,2019-07-30,14.067836266508325,14.303774820244314,14.04817472036366,14.126820904942322,796634.0,1148582412.5600002,20190730,14.370000000000001,1.017214,20200528,20200528,1.017214
000001.SZ,1d,2019-07-31,14.058005493435992,14.077667039580657,13.84172848584467,13.890882351206333,634723.0,899227865.95,20190731,14.13,1.017214,20200528,20200528,1.017214
000001.SZ,1d,2019-08-01,13.8220669397,13.949866989640329,13.704097662832009,13.861390031989334,527981.0,742308285.2,20190801,14.1,1.017214,20200528,20200528,1.017214
000001.SZ,1d,2019-08-02,13.53697452060235,13.645113024398013,13.428836016806688,13.507482201385352,969926.0,1333400773.79,20190802,13.74,1.017214,20200528,20200528,1.017214
000001.SZ,1d,2019-08-05,13.36985137837269,13.409174470662022,13.045435866985706,13.12408205156437,893082.0,1201885399.11,20190805,13.35,1.017214,20200528,20200528,1.017214
000001.SZ,1d,2019-08-06,12.87831272475605,13.232220555360032,12.80949731324972,13.143743597709037,882499.0,1166971469.04,20190806,13.370000000000001,1.017214,20200528,20200528,1.017214
000001.SZ,1d,2019-08-07,13.26171287457703,13.409174470662023,13.143743597709037,13.310866739938694,793038.0,1070736943.88,20190807,13.540000000000001,1.017214,20200528,20200528,1.017214
000001.SZ,1d,2019-08-08,13.664774570542678,14.254620954882649,13.615620705181012,14.136651678014653,2330715.0,3313302100.1800003,20190808,14.379999999999999,1.017214,20200528,20200528,1.017214
000001.SZ,1d,2019-08-09,14.303774820244312,14.598698012414298,14.185805543376318,14.274282501027313,2060575.0,3021884306.17,20190809,14.52,1.017214,20200528,20200528,1.017214
000001.SZ,1d,2019-08-12,14.36275945867831,14.864128885367286,14.352928685605978,14.864128885367286,2733425.0,4084497902.64,20190812,15.12,1.017214,20200528,20200528,1.017214
000001.SZ,1d,2019-08-13,14.746159608499292,14.824805793077955,14.490559508618638,14.63802110470363,1293736.0,1925835288.3000002,20190813,14.89,1.017214,20200528,20200528,1.017214
000001.SZ,1d,2019-08-14,14.883790431511953,14.962436616090615,14.549544147052636,14.716667289282293,1360546.0,2038261151.5400002,20190814,14.97,1.017214,20200528,20200528,1.017214
000001.SZ,1d,2019-08-15,14.392251777895307,14.70683651620996,14.352928685605978,14.687174970065294,897376.0,1333117725.96,20190815,14.94,1.017214,20200528,20200528,1.017214
000001.SZ,1d,2019-08-16,14.834636566150289,14.883790431511953,14.52988260090797,14.647851877775963,986902.0,1474900257.6000001,20190816,14.9,1.017214,20200528,20200528,1.017214
000001.SZ,1d,2019-08-19,14.657682650848296,14.687174970065294,14.274282501027313,14.66751342392063,2292956.0,3368207935.07,20190819,14.92,1.017214,20200528,20200528,1.017214
000001.SZ,1d,2019-08-20,14.66751342392063,14.942775069945949,14.520051827835635,14.73632883542696,1921041.0,2872304200.9100003,20190820,14.99,1.017214,20200528,20200528,1.017214
000001.SZ,1d,2019-08-21,14.618359558558966,14.63802110470363,14.136651678014655,14.205467089520985,1990131.0,2902251100.57,20190821,14.450000000000001,1.017214,20200528,20200528,1.017214
000001.SZ,1d,2019-08-22,14.156313224159321,14.205467089520985,13.959697762712665,14.067836266508325,1353071.0,1935208499.0500002,20190822,14.31,1.017214,20200528,20200528,1.017214
000001.SZ,1d,2019-08-23,14.12682090494232,14.490559508618638,14.107159358797656,14.402082550967641,1636867.0,2388239081.28,20190823,14.65,1.017214,20200528,20200528,1.017214
000001.SZ,1d,2019-08-26,14.175974770303986,14.254620954882649,13.910543897351,14.008851628074327,1415122.0,2018498039.72,20190826,14.25,1.017214,20200528,20200528,1.017214
000001.SZ,1d,2019-08-27,14.116990131869988,14.234959408737984,13.999020855001994,14.067836266508325,1356713.0,1948127123.02,20190827,14.31,1.017214,20200528,20200528,1.017214
000001.SZ,1d,2019-08-28,14.01868240114666,14.038343947291327,13.81223616662767,14.028513174218995,829657.0,1176329095.67,20190828,14.270000000000001,1.017214,20200528,20200528,1.017214
000001.SZ,1d,2019-08-29,13.97935930885733,13.999020855001994,13.84172848584467,13.890882351206333,609034.0,861177482.39,20190829,14.13,1.017214,20200528,20200528,1.017214
000001.SZ,1d,2019-08-30,14.048174720363658,14.146482451086985,13.861390031989334,13.920374670423332,798500.0,1136119659.76,20190830,14.16,1.017214,20200528,20200528,1.017214
000001.SZ,1d,2019-09-02,13.910543897350998,14.254620954882649,13.871220805061666,14.205467089520983,1360201.0,1955673136.8999999,20190902,14.45,1.017214,20200528,20200528,1.017214
000001.SZ,1d,2019-09-03,14.234959408737984,14.264451727954981,14.008851628074327,14.058005493435992,858653.0,1230606485.0300002,20190903,14.3,1.017214,20200528,20200528,1.017214
000001.SZ,1d,2019-09-04,14.077667039580657,14.254620954882649,14.067836266508325,14.195636316448653,973964.0,1404037295.8,20190904,14.440000000000001,1.017214,20200528,20200528,1.017214
000001.SZ,1d,2019-09-05,14.313605593316646,14.5986980124143,14.303774820244314,14.333267139461311,1768051.0,2599478258.9100003,20190905,14.58,1.017214,20200528,20200528,1.017214
000001.SZ,1d,2019-09-06,14.46106718940164,14.559374920124968,14.372590231750644,14.559374920124968,986432.0,1451264912.6499999,20190906,14.81,1.017214,20200528,20200528,1.017214
000001.SZ,1d,2019-09-09,14.726498062354626,14.746159608499292,14.352928685605978,14.441405643256973,1299839.0,1918042303.9099998,20190909,14.69,1.017214,20200528,20200528,1.017214
000001.SZ,1d,2019-09-10,14.352928685605978,14.392251777895309,14.166143997231654,14.303774820244314,796870.0,1155180739.29,20190910,14.55,1.017214,20200528,20200528,1.017214
000001.SZ,1d,2019-09-11,14.35292868560598,14.46106718940164,14.215297862593319,14.313605593316646,818614.0,1192674258.6000001,20190911,14.56,1.017214,20200528,20200528,1.017214
000001.SZ,1d,2019-09-12,14.411913324039977,14.52988260090797,14.28411327409965,14.431574870184642,1150687.0,1682911849.7800002,20190912,14.680000000000001,1.017214,20200528,20200528,1.017214
000001.SZ,1d,2019-09-16,14.451236416329307,14.470897962473972,14.156313224159321,14.205467089520985,929894.0,1349401481.22,20190916,14.450000000000001,1.017214,20200528,20200528,1.017214
000001.SZ,1d,2019-09-17,14.116990131869988,14.205467089520983,13.940036216567997,13.999020855001994,882655.0,1261416554.2900002,20190917,14.24,1.017214,20200528,20200528,1.017214
000001.SZ,1d,2019-09-18,13.999020855001994,14.234959408737984,13.999020855001994,14.166143997231654,820436.0,1179079988.0200002,20190918,14.41,1.017214,20200528,20200528,1.017214
000001.SZ,1d,2019-09-19,14.234959408737984,14.63802110470363,14.234959408737984,14.588867239341965,1884020.0,2777383508.48,20190919,14.84,1.017214,20200528,20200528,1.017214
000001.SZ,1d,2019-09-20,14.697005743137627,15.139390531392607,14.677344196992962,15.08040589295861,2644285.0,4020646521.9500003,20190920,15.34,1.017214,20200528,20200528,1.017214
000001.SZ,1d,2019-09-23,15.08040589295861,15.208205942898935,14.923113523801282,15.11972898524794,1403282.0,2148740448.83,20190923,15.379999999999999,1.017214,20200528,20200528,1.017214
000001.SZ,1d,2019-09-24,15.208205942898935,15.277021354405266,14.923113523801282,14.923113523801282,1129103.0,1726238272.95,20190924,15.18,1.017214,20200528,20200528,1.017214
000001.SZ,1d,2019-09-25,14.942775069945949,15.581775319647585,14.932944296873616,15.483467588924256,1938892.0,3024598930.57,20190925,15.75,1.017214,20200528,20200528,1.017214
000001.SZ,1d,2019-09-26,15.591606092719918,15.76856000802191,15.394990631273261,15.444144496634927,1686592.0,2673096951.2300005,20190926,15.71,1.017214,20200528,20200528,1.017214
000001.SZ,1d,2019-09-27,15.581775319647587,15.729236915732578,15.434313723562592,15.630929185009249,1007706.0,1598567052.2,20190927,15.9,1.017214,20200528,20200528,1.017214
000001.SZ,1d,2019-09-30,15.483467588924256,15.621098411936917,15.306513673622264,15.326175219766931,1046363.0,1645828526.9,20190930,15.59,1.017214,20200528,20200528,1.017214
000001.SZ,1d,2019-10-08,15.336005992839263,15.955344696396235,15.336005992839263,15.925852377179234,1386676.0,2225024598.59,20191008,16.2,1.017214,20200528,20200528,1.017214
000001.SZ,1d,2019-10-09,15.827544646455905,16.240437115493886,15.748898461877243,15.9750062425409,1316693.0,2145061763.15,20191009,16.25,1.017214,20200528,20200528,1.017214
000001.SZ,1d,2019-10-10,15.994667788685565,15.994667788685565,15.719406142660246,15.96517546946857,879746.0,1418751875.7800002,20191010,16.240000000000002,1.017214,20200528,20200528,1.017214
000001.SZ,1d,2019-10-11,15.925852377179234,16.6631603576042,15.925852377179234,16.525529534591538,1405422.0,2335030599.2500005,20191011,16.81,1.017214,20200528,20200528,1.017214
000001.SZ,1d,2019-10-14,16.682821903748867,17.302160607305836,16.633668038387203,16.92859123055719,1557637.0,2688929547.26,20191014,17.220000000000002,1.017214,20200528,20200528,1.017214
000001.SZ,1d,2019-10-15,16.958083549774187,17.056391280497515,16.535360307663872,16.889268138267855,881955.0,1503633369.4900002,20191015,17.18,1.017214,20200528,20200528,1.017214
000001.SZ,1d,2019-10-16,16.967914322846518,17.144868238148508,16.348575619289548,16.505867988446873,1267671.0,2146150627.2600002,20191016,16.79,1.017214,20200528,20200528,1.017214
000001.SZ,1d,2019-10-17,16.614006492242538,16.712314222965865,16.269929434710885,16.417391030795876,1126182.0,1887045621.02,20191017,16.7,1.017214,20200528,20200528,1.017214
000001.SZ,1d,2019-10-18,16.515698761519207,16.751637315255195,16.15196015784289,16.230606342421552,1196799.0,1999012671.73,20191018,16.509999999999998,1.017214,20200528,20200528,1.017214
000001.SZ,1d,2019-10-21,16.15196015784289,16.682821903748863,16.15196015784289,16.604175719170204,945952.0,1589276085.98,20191021,16.89,1.017214,20200528,20200528,1.017214
000001.SZ,1d,2019-10-22,16.62383726531487,16.643498811459533,15.758729234949577,16.14212938477056,1883531.0,3072547165.9700003,20191022,16.42,1.017214,20200528,20200528,1.017214
000001.SZ,1d,2019-10-23,16.04382165404723,16.38789871157888,15.955344696396235,16.171621703987554,967534.0,1590781971.78,20191023,16.45,1.017214,20200528,20200528,1.017214
000001.SZ,1d,2019-10-24,16.22077556934922,16.712314222965865,16.161790930915224,16.58451417302554,1109214.0,1861032918.48,20191024,16.87,1.017214,20200528,20200528,1.017214
000001.SZ,1d,2019-10-25,16.496037215374542,16.672991130676532,16.299421753927884,16.594344946097873,691435.0,1161100080.0000002,20191025,16.880000000000003,1.017214,20200528,20200528,1.017214
000001.SZ,1d,2019-10-28,16.692652676821197,16.751637315255195,16.201114023204557,16.378067938506547,1070131.0,1780873358.2599998,20191028,16.66,1.017214,20200528,20200528,1.017214
000001.SZ,1d,2019-10-29,16.407560257723542,16.643498811459533,16.279760207783216,16.62383726531487,788864.0,1322036352.42,20191029,16.91,1.017214,20200528,20200528,1.017214
000001.SZ,1d,2019-10-30,16.515698761519207,16.672991130676532,16.14212938477056,16.151960157842893,854317.0,1420644944.87,20191030,16.430000000000003,1.017214,20200528,20200528,1.017214
000001.SZ,1d,2019-10-31,16.14212938477056,16.191283250132226,15.96517546946857,15.984837015613234,862569.0,1407006434.79,20191031,16.26,1.017214,20200528,20200528,1.017214
000001.SZ,1d,2019-11-01,16.07331397326423,16.712314222965865,16.0044985617579,16.574683399953205,1254655.0,2096068960.5900002,20191101,16.86,1.017214,20200528,20200528,1.017214
000001.SZ,1d,2019-11-04,16.692652676821197,16.958083549774187,16.48620644230221,16.6336680383872,889824.0,1507910818.55,20191104,16.919999999999998,1.017214,20200528,20200528,1.017214
000001.SZ,1d,2019-11-05,16.515698761519207,17.144868238148508,16.505867988446873,16.859775819050856,1172485.0,2010924199.94,20191105,17.15,1.017214,20200528,20200528,1.017214
000001.SZ,1d,2019-11-06,16.77129886139986,16.967914322846518,16.59434494609787,16.67299113067653,863325.0,1470233502.73,20191106,16.959999999999997,1.017214,20200528,20200528,1.017214
000001.SZ,1d,2019-11-07,16.643498811459533,16.781129634472194,16.466544896157544,16.604175719170204,711896.0,1200671649.42,20191107,16.89,1.017214,20200528,20200528,1.017214
000001.SZ,1d,2019-11-08,16.692652676821197,16.73197576911053,16.358406392361882,16.368237165434216,849139.0,1421088326.1499999,20191108,16.650000000000002,1.017214,20200528,20200528,1.017214
000001.SZ,1d,2019-11-11,16.22077556934922,16.250267888566217,15.925852377179234,16.004498561757895,953515.0,1556517253.18,20191111,16.279999999999998,1.017214,20200528,20200528,1.017214
000001.SZ,1d,2019-11-12,16.01432933483023,16.092975519408895,15.886529284889903,16.053652427119566,516266.0,840769286.54,20191112,16.330000000000002,1.017214,20200528,20200528,1.017214
000001.SZ,1d,2019-11-13,16.01432933483023,16.18145247705989,15.788221554166574,16.053652427119562,655120.0,1067975601.16,20191113,16.33,1.017214,20200528,20200528,1.017214
000001.SZ,1d,2019-11-14,16.15196015784289,16.201114023204557,15.9750062425409,16.04382165404723,468899.0,767006342.15,20191114,16.32,1.017214,20200528,20200528,1.017214
000001.SZ,1d,2019-11-15,16.11263706555356,16.269929434710885,15.96517546946857,16.0634832001919,569227.0,933539572.45,20191115,16.340000000000003,1.017214,20200528,20200528,1.017214
000001.SZ,1d,2019-11-18,16.07331397326423,16.269929434710885,15.955344696396235,16.171621703987554,557918.0,915983935.5500001,20191118,16.45,1.017214,20200528,20200528,1.017214
000001.SZ,1d,2019-11-19,16.171621703987554,16.201114023204557,16.033990880974894,16.132298611698225,562120.0,920998203.3399999,20191119,16.41,1.017214,20200528,20200528,1.017214
000001.SZ,1d,2019-11-20,16.024160107902564,16.024160107902564,15.50312913506892,15.581775319647585,1724383.0,2747598383.4000006,20191120,15.85,1.017214,20200528,20200528,1.017214
000001.SZ,1d,2019-11-21,15.483467588924256,15.601436865792252,15.365498312056262,15.59160609271992,772563.0,1218516399.48,20191121,15.860000000000001,1.017214,20200528,20200528,1.017214
000001.SZ,1d,2019-11-22,15.621098411936917,15.650590731153915,15.2868521274776,15.326175219766931,773473.0,1216064537.8300002,20191122,15.59,1.017214,20200528,20200528,1.017214
000001.SZ,1d,2019-11-25,15.375329085128596,15.571944546575255,15.277021354405267,15.532621454285922,783257.0,1233388886.1599998,20191125,15.8,1.017214,20200528,20200528,1.017214
000001.SZ,1d,2019-11-26,15.621098411936917,15.621098411936917,15.227867489043602,15.35566753898393,815297.0,1271594662.99,20191126,15.620000000000001,1.017214,20200528,20200528,1.017214
000001.SZ,1d,2019-11-27,15.375329085128596,15.375329085128596,15.129559758320275,15.208205942898937,476169.0,736584294.07,20191127,15.47,1.017214,20200528,20200528,1.017214
000001.SZ,1d,2019-11-28,15.208205942898935,15.277021354405266,15.178713623681936,15.227867489043602,378016.0,585252046.59,20191128,15.49,1.017214,20200528,20200528,1.017214
000001.SZ,1d,2019-11-29,15.277021354405266,15.286852127477598,14.923113523801282,15.031252027596944,653866.0,1001451096.26,20191129,15.29,1.017214,20200528,20200528,1.017214
000001.SZ,1d,2019-12-02,15.090236666030941,15.168882850609604,14.972267389162948,15.100067439103276,553877.0,849784129.4100001,20191202,15.360000000000001,1.017214,20200528,20200528,1.017214
000001.SZ,1d,2019-12-03,15.041082800669278,15.198375169826605,14.952605843018283,15.188544396754272,455418.0,700293548.85,20191203,15.450000000000001,1.017214,20200528,20200528,1.017214
000001.SZ,1d,2019-12-04,15.080405892958611,15.14922130446494,14.952605843018283,15.05091357374161,524545.0,802110334.25,20191204,15.31,1.017214,20200528,20200528,1.017214
000001.SZ,1d,2019-12-05,15.090236666030943,15.21803671597127,15.041082800669278,15.168882850609606,557084.0,857682575.8100001,20191205,15.430000000000001,1.017214,20200528,20200528,1.017214
000001.SZ,1d,2019-12-06,15.208205942898937,15.453975269707259,15.198375169826605,15.336005992839265,712615.0,1109423061.49,20191206,15.600000000000001,1.017214,20200528,20200528,1.017214
000001.SZ,1d,2019-12-09,15.355667538983928,15.355667538983928,15.090236666030941,15.14922130446494,605992.0,935135952.74,20191209,15.41,1.017214,20200528,20200528,1.017214
000001.SZ,1d,2019-12-10,15.100067439103274,15.119728985247942,14.991928935307614,15.070575119886277,556383.0,851377532.72,20191210,15.33,1.017214,20200528,20200528,1.017214
000001.SZ,1d,2019-12-11,15.119728985247942,15.414652177417928,15.041082800669278,15.394990631273261,871505.0,1351786530.59,20191211,15.66,1.017214,20200528,20200528,1.017214
000001.SZ,1d,2019-12-12,15.394990631273263,15.404821404345595,15.267190581332935,15.336005992839265,478998.0,747519511.1,20191212,15.600000000000001,1.017214,20200528,20200528,1.017214
000001.SZ,1d,2019-12-13,15.581775319647585,15.847206192600574,15.50312913506892,15.847206192600574,1053103.0,1680707282.0600002,20191213,16.12,1.017214,20200528,20200528,1.017214
000001.SZ,1d,2019-12-16,15.847206192600574,15.866867738745238,15.601436865792252,15.857036965672908,787952.0,1262802471.74,20191216,16.130000000000003,1.017214,20200528,20200528,1.017214
000001.SZ,1d,2019-12-17,15.729236915732578,16.348575619289548,15.709575369587913,16.22077556934922,1203104.0,1969891323.5900002,20191217,16.5,1.017214,20200528,20200528,1.017214
000001.SZ,1d,2019-12-18,16.15196015784289,16.378067938506547,16.132298611698225,16.181452477059892,797091.0,1317608543.24,20191218,16.46,1.017214,20200528,20200528,1.017214
000001.SZ,1d,2019-12-19,16.269929434710885,16.456714123085213,16.161790930915224,16.269929434710885,675536.0,1119925969.1100001,20191219,16.55,1.017214,20200528,20200528,1.017214
000001.SZ,1d,2019-12-20,16.269929434710885,16.39772948465121,16.161790930915224,16.309252527000215,644478.0,1067869779.7799999,20191220,16.59,1.017214,20200528,20200528,1.017214
000001.SZ,1d,2019-12-23,16.397729484651215,16.397729484651215,15.896360057962239,15.96517546946857,715792.0,1173372080.8400002,20191223,16.240000000000002,1.017214,20200528,20200528,1.017214
000001.SZ,1d,2019-12-24,15.955344696396235,16.22077556934922,15.955344696396235,16.122467838625894,459128.0,752351618.1899999,20191224,16.400000000000002,1.017214,20200528,20200528,1.017214
000001.SZ,1d,2019-12-25,16.171621703987558,16.27976020778322,15.96517546946857,16.024160107902564,414917.0,679664596.6700001,20191225,16.3,1.017214,20200528,20200528,1.017214
000001.SZ,1d,2019-12-26,16.063483200191897,16.201114023204557,16.04382165404723,16.191283250132223,372033.0,610381757.75,20191226,16.47,1.017214,20200528,20200528,1.017214
000001.SZ,1d,2019-12-27,16.25026788856622,16.643498811459533,16.15196015784289,16.348575619289548,1042574.0,1741473179.3,20191227,16.63,1.017214,20200528,20200528,1.017214
000001.SZ,1d,2019-12-30,16.181452477059892,16.34857561928955,15.827544646455909,16.28959098085555,976970.0,1603152786.5900002,20191230,16.57,1.017214,20200528,20200528,1.017214
000001.SZ,1d,2019-12-31,16.28959098085555,16.348575619289548,16.033990880974894,16.171621703987554,704442.0,1154704348.9199998,20191231,16.45,1.017214,20200528,20200528,1.017214
000001.SZ,1d,2020-01-02,16.368237165434216,16.6631603576042,16.269929434710885,16.58451417302554,1530231.0,2571196482.14,20200102,16.87,1.017214,20200528,20200528,1.017214
000001.SZ,1d,2020-01-03,16.653329584531868,17.017068188208185,16.633668038387203,16.88926813826786,1116194.0,1914495474.63,20200103,17.180000000000003,1.017214,20200528,20200528,1.017214
000001.SZ,1d,2020-01-06,16.7221449960382,17.04656050742518,16.62383726531487,16.781129634472194,862083.0,1477930193.19,20200106,17.07,1.017214,20200528,20200528,1.017214
000001.SZ,1d,2020-01-07,16.84011427290619,16.987575868991183,16.6631603576042,16.859775819050856,728607.0,1247047135.26,20200107,17.15,1.017214,20200528,20200528,1.017214
000001.SZ,1d,2020-01-08,16.712314222965865,16.76146808832753,16.348575619289548,16.378067938506547,847824.0,1423608811.1799998,20200108,16.66,1.017214,20200528,20200528,1.017214
000001.SZ,1d,2020-01-09,16.52552953459154,16.643498811459533,16.25026788856622,16.505867988446877,1031636.0,1725326806.2500002,20200109,16.790000000000003,1.017214,20200528,20200528,1.017214
000001.SZ,1d,2020-01-10,16.505867988446873,16.525529534591538,16.240437115493886,16.407560257723546,585548.0,975154818.7800001,20200110,16.69,1.017214,20200528,20200528,1.017214
000001.SZ,1d,2020-01-13,16.466544896157544,16.741806542182864,16.328914073144883,16.70248344989353,872133.0,1468271683.72,20200113,16.99,1.017214,20200528,20200528,1.017214
000001.SZ,1d,2020-01-14,16.702483449893535,16.977745095918856,16.476375669229878,16.476375669229878,1304493.0,2217608852.69,20200114,16.76,1.017214,20200528,20200528,1.017214
000001.SZ,1d,2020-01-15,16.505867988446873,16.574683399953205,16.171621703987554,16.240437115493886,859439.0,1424889228.07,20200115,16.52,1.017214,20200528,20200528,1.017214
000001.SZ,1d,2020-01-16,16.240437115493886,16.28959098085555,15.925852377179234,16.053652427119562,1028104.0,1678888507.83,20200116,16.33,1.017214,20200528,20200528,1.017214
000001.SZ,1d,2020-01-17,16.10280629248123,16.269929434710885,16.07331397326423,16.11263706555356,605436.0,995909007.3499999,20200117,16.39,1.017214,20200528,20200528,1.017214
000001.SZ,1d,2020-01-20,16.15196015784289,16.328914073144887,16.07331397326423,16.171621703987558,746074.0,1226464649.55,20200120,16.450000000000003,1.017214,20200528,20200528,1.017214
000001.SZ,1d,2020-01-21,16.063483200191897,16.063483200191897,15.660421504226248,15.729236915732578,896603.0,1442171431.55,20200121,16.0,1.017214,20200528,20200528,1.017214
000001.SZ,1d,2020-01-22,15.650590731153917,15.886529284889903,15.444144496634927,15.817713873383573,719464.0,1150933398.98,20200122,16.09,1.017214,20200528,20200528,1.017214
000001.SZ,1d,2020-01-23,15.650590731153915,15.650590731153915,15.129559758320275,15.277021354405267,1100592.0,1723394336.66,20200123,15.540000000000001,1.017214,20200528,20200528,1.017214
000001.SZ,1d,2020-02-03,13.753251528193672,14.451236416329305,13.753251528193672,13.753251528193672,2259194.0,3201454164.92,20200203,13.99,1.017214,20200528,20200528,1.017214
000001.SZ,1d,2020-02-04,13.812236166627669,14.411913324039975,13.782743847410671,14.352928685605978,1706172.0,2442932842.71,20200204,14.6,1.017214,20200528,20200528,1.017214
000001.SZ,1d,2020-02-05,14.343097912533644,14.63802110470363,14.077667039580657,14.382421004822977,1491380.0,2177632043.62,20200205,14.63,1.017214,20200528,20200528,1.017214
000001.SZ,1d,2020-02-06,14.559374920124968,14.618359558558964,14.264451727954981,14.520051827835635,1185815.0,1740107625.4199998,20200206,14.77,1.017214,20200528,20200528,1.017214
000001.SZ,1d,2020-02-07,14.352928685605978,14.441405643256973,14.166143997231654,14.372590231750644,924852.0,1345053255.67,20200207,14.620000000000001,1.017214,20200528,20200528,1.017214
000001.SZ,1d,2020-02-10,14.264451727954983,14.28411327409965,14.058005493435992,14.254620954882649,1339495.0,1931983482.1000001,20200210,14.5,1.017214,20200528,20200528,1.017214
000001.SZ,1d,2020-02-11,14.352928685605978,14.687174970065296,14.313605593316646,14.539713373980304,1407507.0,2077194138.9199998,20200211,14.790000000000001,1.017214,20200528,20200528,1.017214
000001.SZ,1d,2020-02-12,14.539713373980302,14.5692056931973,14.352928685605978,14.520051827835635,1070503.0,1573229042.5500002,20200212,14.77,1.017214,20200528,20200528,1.017214
000001.SZ,1d,2020-02-13,14.461067189401637,14.628190331631297,14.36275945867831,14.40208255096764,1013205.0,1491327713.78,20200213,14.649999999999999,1.017214,20200528,20200528,1.017214
000001.SZ,1d,2020-02-14,14.500390281690972,14.883790431511953,14.451236416329307,14.775651927716291,1512434.0,2253906452.48,20200214,15.030000000000001,1.017214,20200528,20200528,1.017214
000001.SZ,1d,2020-02-17,14.785482700788622,15.109898212175606,14.677344196992962,15.109898212175606,1543696.0,2337993586.1200004,20200217,15.37,1.017214,20200528,20200528,1.017214
000001.SZ,1d,2020-02-18,15.070575119886277,15.070575119886277,14.755990381571625,14.942775069945949,973612.0,1478274222.5800002,20200218,15.2,1.017214,20200528,20200528,1.017214
000001.SZ,1d,2020-02-19,14.84446733922262,15.109898212175606,14.824805793077955,14.98209816223528,874106.0,1333730218.9699998,20200219,15.24,1.017214,20200528,20200528,1.017214
000001.SZ,1d,2020-02-20,15.011590481452279,15.355667538983928,14.84446733922262,15.326175219766931,1235444.0,1897923029.0400002,20200220,15.59,1.017214,20200528,20200528,1.017214
000001.SZ,1d,2020-02-21,15.227867489043602,15.453975269707259,15.188544396754272,15.3163444466946,995071.0,1546692930.16,20200221,15.580000000000002,1.017214,20200528,20200528,1.017214
000001.SZ,1d,2020-02-24,15.198375169826605,15.198375169826605,14.893621204584285,14.972267389162948,1191794.0,1820183854.52,20200224,15.23,1.017214,20200528,20200528,1.017214
000001.SZ,1d,2020-02-25,14.746159608499294,14.87395965843962,14.52988260090797,14.785482700788624,1144575.0,1710369786.03,20200225,15.040000000000001,1.017214,20200528,20200528,1.017214
000001.SZ,1d,2020-02-26,14.520051827835637,15.01159048145228,14.451236416329307,14.73632883542696,1176599.0,1769612245.3700001,20200226,14.99,1.017214,20200528,20200528,1.017214
000001.SZ,1d,2020-02-27,14.706836516209961,14.893621204584285,14.63802110470363,14.854298112294954,975270.0,1464605739.4600003,20200227,15.110000000000001,1.017214,20200528,20200528,1.017214
000001.SZ,1d,2020-02-28,14.5986980124143,14.785482700788624,14.215297862593319,14.254620954882649,1300644.0,1906892413.3100002,20200228,14.5,1.017214,20200528,20200528,1.017214
000001.SZ,1d,2020-03-02,14.303774820244314,14.697005743137629,14.215297862593319,14.539713373980304,1116580.0,1647432269.71,20200302,14.790000000000001,1.017214,20200528,20200528,1.017214
000001.SZ,1d,2020-03-03,14.706836516209961,14.73632883542696,14.382421004822977,14.470897962473972,1153584.0,1705816271.89,20200303,14.72,1.017214,20200528,20200528,1.017214
000001.SZ,1d,2020-03-04,14.43157487018464,14.529882600907968,14.264451727954981,14.441405643256973,862595.0,1261123063.8300002,20200304,14.69,1.017214,20200528,20200528,1.017214
000001.SZ,1d,2020-03-05,14.549544147052636,15.375329085128596,14.480728735546306,15.129559758320275,2686602.0,4089493523.03,20200305,15.39,1.017214,20200528,20200528,1.017214
000001.SZ,1d,2020-03-06,14.923113523801282,15.011590481452279,14.765821154643957,14.77565192771629,1228531.0,1858691259.32,20200306,15.03,1.017214,20200528,20200528,1.017214
000001.SZ,1d,2020-03-09,14.461067189401637,14.480728735546306,14.175974770303986,14.205467089520983,1665793.0,2420392130.73,20200309,14.45,1.017214,20200528,20200528,1.017214
000001.SZ,1d,2020-03-10,14.136651678014655,14.5986980124143,14.136651678014655,14.510221054763305,1167864.0,1709084565.32,20200310,14.760000000000002,1.017214,20200528,20200528,1.017214
000001.SZ,1d,2020-03-11,14.520051827835637,14.628190331631298,14.372590231750644,14.441405643256974,814381.0,1201250682.1599998,20200311,14.690000000000001,1.017214,20200528,20200528,1.017214
000001.SZ,1d,2020-03-12,14.402082550967641,14.588867239341967,14.28411327409965,14.431574870184642,986497.0,1447436641.92,20200312,14.680000000000001,1.017214,20200528,20200528,1.017214
000001.SZ,1d,2020-03-13,13.664774570542678,14.333267139461311,13.664774570542678,14.274282501027313,1169765.0,1669009835.48,20200313,14.52,1.017214,20200528,20200528,1.017214
000001.SZ,1d,2020-03-16,14.205467089520983,14.215297862593319,13.517312974457685,13.517312974457685,1406202.0,1975824191.21,20200316,13.75,1.017214,20200528,20200528,1.017214
000001.SZ,1d,2020-03-17,13.517312974457685,13.733589982049008,12.907805043973047,13.183066689998368,1177849.0,1582506075.02,20200317,13.41,1.017214,20200528,20200528,1.017214
000001.SZ,1d,2020-03-18,13.183066689998368,13.320697513011028,12.43592793650107,12.494912574935068,1384784.0,1816836893.63,20200318,12.71,1.017214,20200528,20200528,1.017214
000001.SZ,1d,2020-03-19,12.465420255718067,12.524404894152065,11.708450729148439,12.02303546746309,1891457.0,2313863663.4799995,20200319,12.23,1.017214,20200528,20200528,1.017214
000001.SZ,1d,2020-03-20,12.190158609692748,12.465420255718067,12.052527786680088,12.308127886560742,1578352.0,1967487818.45,20200320,12.52,1.017214,20200528,20200528,1.017214
000001.SZ,1d,2020-03-23,11.796927686799433,12.141004744331083,11.728112275293103,11.944389282884426,1071113.0,1300469494.43,20200323,12.15,1.017214,20200528,20200528,1.017214
000001.SZ,1d,2020-03-24,12.190158609692748,12.465420255718067,12.06235855975242,12.396604844211737,1180200.0,1472909399.72,20200324,12.61,1.017214,20200528,20200528,1.017214
000001.SZ,1d,2020-03-25,12.662035717164725,12.84882040553905,12.485081801862735,12.652204944092393,1136957.0,1467534956.1599998,20200325,12.870000000000001,1.017214,20200528,20200528,1.017214
000001.SZ,1d,2020-03-26,12.563727986441398,13.114251278492036,12.5047433480074,12.838989632466717,1075192.0,1408651057.3400002,20200326,13.06,1.017214,20200528,20200528,1.017214
000001.SZ,1d,2020-03-27,13.025774320841041,13.153574370781369,12.858651178611382,12.927466590117714,653018.0,861618663.0500001,20200327,13.15,1.017214,20200528,20200528,1.017214
000001.SZ,1d,2020-03-30,12.632543397947726,12.81932808632205,12.544066440296731,12.721020355598721,661738.0,852956240.25,20200330,12.94,1.017214,20200528,20200528,1.017214
000001.SZ,1d,2020-03-31,12.829158859394385,12.868481951683718,12.563727986441398,12.583389532586063,513370.0,662915471.38,20200331,12.8,1.017214,20200528,20200528,1.017214
000001.SZ,1d,2020-04-01,12.642374171020059,12.907805043973047,12.60305107873073,12.67186649023706,520836.0,676070117.75,20200401,12.89,1.017214,20200528,20200528,1.017214
000001.SZ,1d,2020-04-02,12.534235667224397,12.750512674815722,12.445758709573402,12.750512674815722,518365.0,663197628.3500001,20200402,12.97,1.017214,20200528,20200528,1.017214
000001.SZ,1d,2020-04-03,12.60305107873073,12.67186649023706,12.33762020577774,12.396604844211739,825348.0,1047282400.16,20200403,12.610000000000001,1.017214,20200528,20200528,1.017214
000001.SZ,1d,2020-04-07,12.67186649023706,12.721020355598723,12.593220305658395,12.662035717164725,870313.0,1121200115.4100003,20200407,12.88,1.017214,20200528,20200528,1.017214
000001.SZ,1d,2020-04-08,12.662035717164725,12.701358809454057,12.5047433480074,12.563727986441398,528716.0,676604872.29,20200408,12.780000000000001,1.017214,20200528,20200528,1.017214
000001.SZ,1d,2020-04-09,12.662035717164725,12.67186649023706,12.5047433480074,12.524404894152065,408553.0,522027888.31,20200409,12.74,1.017214,20200528,20200528,1.017214
000001.SZ,1d,2020-04-10,12.544066440296731,12.760343447888054,12.43592793650107,12.57355875951373,666674.0,853689950.23,20200410,12.790000000000001,1.017214,20200528,20200528,1.017214
000001.SZ,1d,2020-04-13,12.455589482645735,12.494912574935068,12.258974021199078,12.376943298067072,446214.0,562008050.35,20200413,12.59,1.017214,20200528,20200528,1.017214
000001.SZ,1d,2020-04-14,12.43592793650107,12.642374171020059,12.357281751922407,12.642374171020059,686086.0,874856562.2800001,20200414,12.86,1.017214,20200528,20200528,1.017214
000001.SZ,1d,2020-04-15,12.64237417102006,12.71118958252639,12.563727986441398,12.652204944092393,656396.0,843649273.39,20200415,12.870000000000001,1.017214,20200528,20200528,1.017214
000001.SZ,1d,2020-04-16,12.57355875951373,12.57355875951373,12.327789432705409,12.465420255718069,789154.0,997623816.4499999,20200416,12.680000000000001,1.017214,20200528,20200528,1.017214
000001.SZ,1d,2020-04-17,12.553897213369064,12.819328086322052,12.43592793650107,12.67186649023706,1331164.0,1713215766.82,20200417,12.89,1.017214,20200528,20200528,1.017214
000001.SZ,1d,2020-04-20,12.642374171020059,12.829158859394383,12.553897213369064,12.770174220960387,818455.0,1058524019.15,20200420,12.99,1.017214,20200528,20200528,1.017214
000001.SZ,1d,2020-04-21,13.074928186202706,13.468159109096021,13.074928186202706,13.2223897822877,2122448.0,2861879086.0899997,20200421,13.450000000000001,1.017214,20200528,20200528,1.017214
000001.SZ,1d,2020-04-22,13.143743597709037,13.1928974630707,12.937297363190046,13.006112774696376,1032803.0,1368222854.7100003,20200422,13.23,1.017214,20200528,20200528,1.017214
000001.SZ,1d,2020-04-23,13.006112774696375,13.084758959275037,12.88814349782838,13.006112774696375,646990.0,855052110.23,20200423,13.229999999999999,1.017214,20200528,20200528,1.017214
000001.SZ,1d,2020-04-24,12.947128136262378,13.05526664005804,12.88814349782838,13.015943547768709,566002.0,747473770.46,20200424,13.24,1.017214,20200528,20200528,1.017214
000001.SZ,1d,2020-04-27,13.074928186202706,13.409174470662023,13.025774320841041,13.271543647649363,936830.0,1263809737.41,20200427,13.5,1.017214,20200528,20200528,1.017214
000001.SZ,1d,2020-04-28,13.222389782287697,13.330528286083359,13.045435866985706,13.291205193794028,771564.0,1038718080.27,20200428,13.52,1.017214,20200528,20200528,1.017214
000001.SZ,1d,2020-04-29,13.251882101504698,13.861390031989336,13.2223897822877,13.782743847410673,1108722.0,1541638203.4799998,20200429,14.020000000000001,1.017214,20200528,20200528,1.017214
000001.SZ,1d,2020-04-30,13.782743847410673,14.077667039580657,13.645113024398013,13.694266889759676,819540.0,1155968238.1299999,20200430,13.930000000000001,1.017214,20200528,20200528,1.017214
000001.SZ,1d,2020-05-06,13.527143747530017,13.654943797470343,13.379682151445024,13.53697452060235,1008998.0,1382727481.73,20200506,13.77,1.017214,20200528,20200528,1.017214
000001.SZ,1d,2020-05-07,13.527143747530017,13.527143747530017,13.36985137837269,13.458328336023687,662749.0,904349531.9899999,20200507,13.69,1.017214,20200528,20200528,1.017214
000001.SZ,1d,2020-05-08,13.527143747530017,13.782743847410671,13.448497562951355,13.713928435904341,934782.0,1297924588.29,20200508,13.95,1.017214,20200528,20200528,1.017214
000001.SZ,1d,2020-05-11,13.684436116687342,13.890882351206333,13.664774570542678,13.763082301266007,612862.0,859156594.2199999,20200511,14.0,1.017214,20200528,20200528,1.017214
000001.SZ,1d,2020-05-12,13.713928435904343,13.81223616662767,13.487820655240686,13.556636066747016,558511.0,772109502.04,20200512,13.790000000000001,1.017214,20200528,20200528,1.017214
000001.SZ,1d,2020-05-13,13.517312974457687,13.546805293674684,13.301035966866362,13.399343697589691,640359.0,871062043.61,20200513,13.63,1.017214,20200528,20200528,1.017214
000001.SZ,1d,2020-05-14,13.320697513011028,13.360020605300358,12.996282001624044,13.074928186202706,944672.0,1259440848.2399998,20200514,13.3,1.017214,20200528,20200528,1.017214
000001.SZ,1d,2020-05-15,13.163405143853701,13.202728236143033,12.91763581704538,13.006112774696376,756794.0,1004313267.9300001,20200515,13.23,1.017214,20200528,20200528,1.017214
000001.SZ,1d,2020-05-18,12.976620455479377,13.114251278492038,12.897974270900715,12.976620455479377,637209.0,843479669.71,20200518,13.200000000000001,1.017214,20200528,20200528,1.017214
000001.SZ,1d,2020-05-19,13.183066689998368,13.222389782287697,13.045435866985706,13.133912824636703,600369.0,801755671.01,20200519,13.36,1.017214,20200528,20200528,1.017214
000001.SZ,1d,2020-05-20,13.153574370781367,13.389512924517357,13.045435866985706,13.281374420721695,690851.0,929928885.9300001,20200520,13.51,1.017214,20200528,20200528,1.017214
000001.SZ,1d,2020-05-21,13.291205193794028,13.340359059155693,13.133912824636703,13.173235916926032,552312.0,742797057.29,20200521,13.399999999999999,1.017214,20200528,20200528,1.017214
000001.SZ,1d,2020-05-22,13.104420505419704,13.114251278492036,12.701358809454057,12.701358809454057,856237.0,1119433491.01,20200522,12.92,1.017214,20200528,20200528,1.017214
000001.SZ,1d,2020-05-25,12.750512674815722,12.760343447888054,12.544066440296731,12.740681901743388,410171.0,528769352.5,20200525,12.959999999999999,1.017214,20200528,20200528,1.017214
000001.SZ,1d,2020-05-26,12.799666540177386,12.84882040553905,12.721020355598721,12.81932808632205,396212.0,515451849.4,20200526,13.04,1.017214,20200528,20200528,1.017214
000001.SZ,1d,2020-05-27,12.829158859394385,12.966789682407045,12.74068190174339,12.78000499403272,482963.0,630305864.0899999,20200527,13.0,1.017214,20200528,20200528,1.017214
000001.SZ,1d,2020-05-28,12.870000000000001,13.18,12.81,13.07,960760.0,1255226999.49,20200528,13.07,1.0,20200528,20200528,1.017214
