stock,period,datetime,open,high,low,close,volume,amount,day,raw_close,cum_dr,asof,new_event_day,new_dr
000001.SZ,1d,2016-01-04,8.075575308163591,8.095764246434001,7.557392559223095,7.624689020124458,563497.0,660376153.12,20160104,11.33,1.485962243193895,20241010,20241010,1.021872
000001.SZ,1d,2016-01-05,7.58431114358364,7.78620052628773,7.5035553905020045,7.671796542755413,663269.0,755531353.7200001,20160105,11.4,1.485962243193895,20241010,20241010,1.021872
000001.SZ,1d,2016-01-06,7.685255834935685,7.779470880197594,7.665066896665276,7.759281941927185,515706.0,591698520.3600001,20160106,11.530000000000001,1.485962243193895,20241010,20241010,1.021872
000001.SZ,1d,2016-01-07,7.678526188845549,7.678526188845549,7.342043884338732,7.3622328226091405,174761.0,194869493.47000003,20160107,10.94,1.485962243193895,20241010,20241010,1.021872
000001.SZ,1d,2016-01-08,7.5439332670428225,7.5977704357639135,7.335314238248596,7.4833664522315955,747527.0,831334546.23,20160108,11.120000000000001,1.485962243193895,20241010,20241010,1.021872
000001.SZ,1d,2016-01-11,7.402610699149959,7.4564478678710495,7.187262024265596,7.241099192986687,732013.0,800683640.99,20160111,10.76,1.485962243193895,20241010,20241010,1.021872
000001.SZ,1d,2016-01-12,7.288206715617641,7.342043884338732,7.160343439905052,7.274747423437369,561642.0,605970836.99,20160112,10.81,1.485962243193895,20241010,20241010,1.021872
000001.SZ,1d,2016-01-13,7.32858459215846,7.362232822609142,7.20072131644587,7.207450962536006,391709.0,424371697.73,20160113,10.71,1.485962243193895,20241010,20241010,1.021872
000001.SZ,1d,2016-01-14,7.126695209454369,7.268017777347233,7.05266910246287,7.247828839076823,666314.0,708535004.7,20160114,10.77,1.485962243193895,20241010,20241010,1.021872
000001.SZ,1d,2016-01-15,7.173802732085324,7.268017777347233,7.012291225922052,7.039209810282597,448202.0,474908142.0300001,20160115,10.459999999999999,1.485962243193895,20241010,20241010,1.021872
000001.SZ,1d,2016-01-18,6.958454057200961,7.106506271183961,6.931535472840417,7.005561579831916,421040.0,439917816.17999995,20160118,10.41,1.485962243193895,20241010,20241010,1.021872
000001.SZ,1d,2016-01-19,7.032480164192461,7.254558485166959,7.005561579831916,7.207450962536006,501109.0,532074699.5,20160119,10.71,1.485962243193895,20241010,20241010,1.021872
000001.SZ,1d,2016-01-20,7.200721316445869,7.268017777347231,7.025750518102324,7.093046979003687,603752.0,640968946.8700001,20160120,10.54,1.485962243193895,20241010,20241010,1.021872
000001.SZ,1d,2016-01-21,7.05266910246287,7.234369546896551,6.944994765020689,6.944994765020689,606145.0,638127876.8299999,20160121,10.32,1.485962243193895,20241010,20241010,1.021872
000001.SZ,1d,2016-01-22,6.99883193374178,7.032480164192462,6.877698304119326,6.99883193374178,466752.0,482984450.37000006,20160122,10.4,1.485962243193895,20241010,20241010,1.021872
000001.SZ,1d,2016-01-25,6.99883193374178,7.025750518102324,6.951724411110825,6.97864299547137,376431.0,390734876.74,20160125,10.37,1.485962243193895,20241010,20241010,1.021872
000001.SZ,1d,2016-01-26,6.944994765020689,6.944994765020689,6.635431044874418,6.642160690964554,647901.0,653561593.37,20160126,9.87,1.485962243193895,20241010,20241010,1.021872
000001.SZ,1d,2016-01-27,6.682538567505372,6.716186797956054,6.460460246530873,6.64889033705469,569037.0,558510640.86,20160127,9.879999999999999,1.485962243193895,20241010,20241010,1.021872
000001.SZ,1d,2016-01-28,6.6085124605138725,6.6556199831448275,6.494108476981555,6.5210270613420995,302540.0,296055319.24,20160128,9.69,1.485962243193895,20241010,20241010,1.021872
000001.SZ,1d,2016-01-29,6.554675291792782,6.783483258857417,6.5210270613420995,6.729646090136327,544435.0,540544459.55,20160129,10.0,1.485962243193895,20241010,20241010,1.021872
000001.SZ,1d,2016-02-01,6.716186797956054,6.736375736226463,6.554675291792782,6.5950531683336004,417732.0,412635642.62999994,20160201,9.8,1.485962243193895,20241010,20241010,1.021872
000001.SZ,1d,2016-02-02,6.5950531683336,6.749835028406735,6.581593876153327,6.695997859685645,369104.0,367360499.7,20160202,9.95,1.485962243193895,20241010,20241010,1.021872
000001.SZ,1d,2016-02-03,6.6287013987842816,6.655619983144826,6.5748642300631905,6.6287013987842816,274572.0,269997835.61,20160203,9.85,1.485962243193895,20241010,20241010,1.021872
000001.SZ,1d,2016-02-04,6.6556199831448275,6.729646090136327,6.6488903370546915,6.6959978596856455,373099.0,370586187.52000004,20160204,9.950000000000001,1.485962243193895,20241010,20241010,1.021872
000001.SZ,1d,2016-02-05,6.702727505775782,6.709457151865918,6.6690792753251,6.675808921415236,270893.0,269184383.53,20160205,9.92,1.485962243193895,20241010,20241010,1.021872
000001.SZ,1d,2016-02-15,6.500838123071691,6.6287013987842816,6.494108476981555,6.588323522243464,278499.0,271173372.44,20160215,9.790000000000001,1.485962243193895,20241010,20241010,1.021872
000001.SZ,1d,2016-02-16,6.6219717526941455,6.749835028406735,6.615242106604009,6.736375736226463,428386.0,427507774.18,20160216,10.01,1.485962243193895,20241010,20241010,1.021872
000001.SZ,1d,2016-02-17,6.749835028406735,6.877698304119326,6.722916444046191,6.830590781488372,585167.0,590538918.7800001,20160217,10.15,1.485962243193895,20241010,20241010,1.021872
000001.SZ,1d,2016-02-18,6.85077971975878,6.877698304119326,6.790212904947554,6.790212904947554,406178.0,412337569.83000004,20160218,10.09,1.485962243193895,20241010,20241010,1.021872
000001.SZ,1d,2016-02-19,6.790212904947554,6.823861135398236,6.722916444046191,6.756564674496873,318898.0,320939651.99,20160219,10.040000000000001,1.485962243193895,20241010,20241010,1.021872
000001.SZ,1d,2016-02-22,6.817131489308099,6.938265118930553,6.770023966677145,6.924805826750281,617739.0,630251514.49,20160222,10.290000000000001,1.485962243193895,20241010,20241010,1.021872
000001.SZ,1d,2016-02-23,6.924805826750281,6.924805826750281,6.763294320587009,6.810401843217963,425874.0,432315311.35,20160223,10.120000000000001,1.485962243193895,20241010,20241010,1.021872
000001.SZ,1d,2016-02-24,6.770023966677145,6.830590781488372,6.736375736226463,6.830590781488372,300103.0,302498026.09,20160224,10.15,1.485962243193895,20241010,20241010,1.021872
000001.SZ,1d,2016-02-25,6.810401843217962,6.817131489308098,6.460460246530873,6.507567769161827,622072.0,615004743.2700001,20160225,9.67,1.485962243193895,20241010,20241010,1.021872
000001.SZ,1d,2016-02-26,6.5748642300631905,6.615242106604009,6.500838123071691,6.588323522243464,392154.0,382634662.72,20160226,9.790000000000001,1.485962243193895,20241010,20241010,1.021872
000001.SZ,1d,2016-02-29,6.588323522243463,6.6017828144237365,6.339326616908419,6.433541662170328,566896.0,542183971.78,20160229,9.56,1.485962243193895,20241010,20241010,1.021872
000001.SZ,1d,2016-03-01,6.4739195387111454,6.5748642300631905,6.4470009543506,6.5277567074322365,377910.0,365149008.02000004,20160301,9.7,1.485962243193895,20241010,20241010,1.021872
000001.SZ,1d,2016-03-02,6.5614049378829185,6.817131489308099,6.541215999612509,6.796942551037691,676613.0,673626229.31,20160302,10.100000000000001,1.485962243193895,20241010,20241010,1.021872
000001.SZ,1d,2016-03-03,6.790212904947555,6.850779719758782,6.756564674496873,6.803672197127827,553089.0,559045201.6200001,20160303,10.110000000000001,1.485962243193895,20241010,20241010,1.021872
000001.SZ,1d,2016-03-04,6.790212904947554,7.066128394643143,6.776753612767281,6.99883193374178,1381249.0,1429273062.74,20160304,10.4,1.485962243193895,20241010,20241010,1.021872
000001.SZ,1d,2016-03-07,6.965183703291099,7.059398748553007,6.931535472840417,6.958454057200961,606352.0,630155599.1600001,20160307,10.34,1.485962243193895,20241010,20241010,1.021872
000001.SZ,1d,2016-03-08,6.971913349381234,6.971913349381234,6.689268213595508,6.918076180660143,643156.0,650471607.35,20160308,10.28,1.485962243193895,20241010,20241010,1.021872
000001.SZ,1d,2016-03-09,6.823861135398236,6.877698304119326,6.756564674496873,6.844050073668645,325900.0,330124892.38,20160309,10.170000000000002,1.485962243193895,20241010,20241010,1.021872
000001.SZ,1d,2016-03-10,6.891157596299599,6.965183703291099,6.817131489308099,6.830590781488372,474020.0,486414240.72,20160310,10.15,1.485962243193895,20241010,20241010,1.021872
000001.SZ,1d,2016-03-11,6.796942551037691,6.877698304119326,6.756564674496873,6.837320427578508,383736.0,389638934.2,20160311,10.16,1.485962243193895,20241010,20241010,1.021872
000001.SZ,1d,2016-03-14,6.87096865802919,7.039209810282598,6.87096865802919,6.904616888479872,655158.0,679161304.98,20160314,10.260000000000002,1.485962243193895,20241010,20241010,1.021872
000001.SZ,1d,2016-03-15,6.918076180660143,6.971913349381234,6.837320427578508,6.944994765020689,417920.0,428786691.82,20160315,10.32,1.485962243193895,20241010,20241010,1.021872
000001.SZ,1d,2016-03-16,6.911346534570007,7.032480164192461,6.897887242389735,6.965183703291098,664886.0,690087713.0500001,20160316,10.35,1.485962243193895,20241010,20241010,1.021872
000001.SZ,1d,2016-03-17,6.971913349381235,7.05266910246287,6.931535472840417,7.012291225922052,610996.0,635181313.4699999,20160317,10.42,1.485962243193895,20241010,20241010,1.021872
000001.SZ,1d,2016-03-18,7.012291225922052,7.113235917274097,6.99883193374178,7.093046979003689,797215.0,836565552.7900001,20160318,10.540000000000001,1.485962243193895,20241010,20241010,1.021872
000001.SZ,1d,2016-03-21,7.099776625093825,7.308395653888051,7.099776625093825,7.268017777347233,920432.0,987764461.92,20160321,10.8,1.485962243193895,20241010,20241010,1.021872
000001.SZ,1d,2016-03-22,7.247828839076823,7.3622328226091405,7.193991670355732,7.214180608626141,625482.0,675406611.44,20160322,10.719999999999999,1.485962243193895,20241010,20241010,1.021872
000001.SZ,1d,2016-03-23,7.207450962536005,7.247828839076823,7.140154501634642,7.200721316445869,430278.0,458963272.7,20160323,10.7,1.485962243193895,20241010,20241010,1.021872
000001.SZ,1d,2016-03-24,7.140154501634642,7.153613793814915,7.066128394643143,7.079587686823415,372406.0,393411544.51,20160324,10.52,1.485962243193895,20241010,20241010,1.021872
000001.SZ,1d,2016-03-25,7.072858040733279,7.133424855544506,7.066128394643143,7.126695209454369,237070.0,250338489.56000003,20160325,10.59,1.485962243193895,20241010,20241010,1.021872
000001.SZ,1d,2016-03-28,7.146884147724779,7.167073085995188,7.032480164192462,7.05266910246287,358621.0,378973327.48,20160328,10.48,1.485962243193895,20241010,20241010,1.021872
000001.SZ,1d,2016-03-29,7.07285804073328,7.079587686823416,6.985372641561507,7.01902087201219,318317.0,332422397.07,20160329,10.430000000000001,1.485962243193895,20241010,20241010,1.021872
000001.SZ,1d,2016-03-30,7.05266910246287,7.20072131644587,7.045939456372734,7.20072131644587,539699.0,572627417.13,20160330,10.700000000000001,1.485962243193895,20241010,20241010,1.021872
000001.SZ,1d,2016-03-31,7.207450962536006,7.234369546896551,7.160343439905052,7.160343439905052,418387.0,447266281.73,20160331,10.64,1.485962243193895,20241010,20241010,1.021872
000001.SZ,1d,2016-04-01,7.146884147724778,7.193991670355732,7.066128394643143,7.173802732085324,369341.0,391830399.33,20160401,10.66,1.485962243193895,20241010,20241010,1.021872
000001.SZ,1d,2016-04-05,7.146884147724778,7.274747423437369,7.066128394643143,7.200721316445869,592308.0,632378859.33,20160405,10.7,1.485962243193895,20241010,20241010,1.021872
000001.SZ,1d,2016-04-06,7.187262024265596,7.234369546896551,7.140154501634642,7.214180608626141,435259.0,464962437.13000005,20160406,10.719999999999999,1.485962243193895,20241010,20241010,1.021872
000001.SZ,1d,2016-04-07,7.214180608626142,7.220910254716278,7.126695209454369,7.126695209454369,377719.0,401949050.57000005,20160407,10.59,1.485962243193895,20241010,20241010,1.021872
000001.SZ,1d,2016-04-08,7.099776625093825,7.18053237817546,7.066128394643143,7.113235917274097,376553.0,397998243.93,20160408,10.57,1.485962243193895,20241010,20241010,1.021872
000001.SZ,1d,2016-04-11,7.133424855544506,7.268017777347231,7.133424855544506,7.214180608626141,786386.0,840486348.21,20160411,10.719999999999999,1.485962243193895,20241010,20241010,1.021872
000001.SZ,1d,2016-04-12,7.20072131644587,7.207450962536006,7.146884147724779,7.180532378175461,298599.0,318538001.82000005,20160412,10.670000000000002,1.485962243193895,20241010,20241010,1.021872
000001.SZ,1d,2016-04-13,7.220910254716278,7.38242176087955,7.207450962536006,7.274747423437369,856760.0,929858588.49,20160413,10.81,1.485962243193895,20241010,20241010,1.021872
000001.SZ,1d,2016-04-14,7.321854946068323,7.335314238248596,7.261288131257097,7.294936361707779,323646.0,350702741.47,20160414,10.840000000000002,1.485962243193895,20241010,20241010,1.021872
000001.SZ,1d,2016-04-15,7.294936361707777,7.362232822609142,7.268017777347233,7.321854946068323,497224.0,541052858.38,20160415,10.88,1.485962243193895,20241010,20241010,1.021872
000001.SZ,1d,2016-04-18,7.281477069527505,7.301666007797914,7.220910254716278,7.220910254716278,350654.0,377791436.76,20160418,10.73,1.485962243193895,20241010,20241010,1.021872
000001.SZ,1d,2016-04-19,7.247828839076824,7.274747423437369,7.207450962536006,7.247828839076824,218239.0,234479844.29,20160419,10.770000000000001,1.485962243193895,20241010,20241010,1.021872
000001.SZ,1d,2016-04-20,7.247828839076823,7.254558485166959,6.971913349381234,7.079587686823415,606586.0,640149677.08,20160420,10.52,1.485962243193895,20241010,20241010,1.021872
000001.SZ,1d,2016-04-21,7.079587686823416,7.153613793814915,7.032480164192462,7.07285804073328,558799.0,588731547.4699999,20160421,10.510000000000002,1.485962243193895,20241010,20241010,1.021872
000001.SZ,1d,2016-04-22,7.039209810282598,7.146884147724779,7.005561579831916,7.099776625093825,359677.0,379176139.25,20160422,10.55,1.485962243193895,20241010,20241010,1.021872
000001.SZ,1d,2016-04-25,7.106506271183961,7.106506271183961,7.012291225922052,7.066128394643143,349257.0,366533376.73,20160425,10.5,1.485962243193895,20241010,20241010,1.021872
000001.SZ,1d,2016-04-26,7.05266910246287,7.133424855544507,7.039209810282598,7.126695209454371,291699.0,306962513.0,20160426,10.590000000000002,1.485962243193895,20241010,20241010,1.021872
000001.SZ,1d,2016-04-27,7.119965563364233,7.140154501634642,7.079587686823415,7.113235917274097,239553.0,253308584.05,20160427,10.57,1.485962243193895,20241010,20241010,1.021872
000001.SZ,1d,2016-04-28,7.119965563364233,7.241099192986688,7.093046979003689,7.173802732085324,457460.0,487261220.54,20160428,10.66,1.485962243193895,20241010,20241010,1.021872
000001.SZ,1d,2016-04-29,7.160343439905052,7.160343439905052,7.099776625093825,7.113235917274097,404977.0,428582155.01,20160429,10.57,1.485962243193895,20241010,20241010,1.021872
000001.SZ,1d,2016-05-03,7.119965563364233,7.214180608626141,7.079587686823415,7.187262024265596,489102.0,521137502.43000007,20160503,10.68,1.485962243193895,20241010,20241010,1.021872
000001.SZ,1d,2016-05-04,7.187262024265596,7.234369546896551,7.173802732085324,7.214180608626142,412435.0,441848167.65000004,20160504,10.72,1.485962243193895,20241010,20241010,1.021872
000001.SZ,1d,2016-05-05,7.193991670355732,7.214180608626142,7.167073085995188,7.214180608626142,239516.0,256002095.85999998,20160505,10.72,1.485962243193895,20241010,20241010,1.021872
000001.SZ,1d,2016-05-06,7.220910254716278,7.220910254716278,7.079587686823415,7.079587686823415,346545.0,367408584.52,20160506,10.52,1.485962243193895,20241010,20241010,1.021872
000001.SZ,1d,2016-05-09,7.066128394643143,7.086317332913553,6.944994765020689,6.965183703291098,411171.0,428356624.07,20160509,10.35,1.485962243193895,20241010,20241010,1.021872
000001.SZ,1d,2016-05-10,6.958454057200961,6.97864299547137,6.911346534570007,6.918076180660143,292599.0,301767207.97,20160510,10.28,1.485962243193895,20241010,20241010,1.021872
000001.SZ,1d,2016-05-11,6.931535472840417,7.025750518102326,6.931535472840417,6.978642995471371,327289.0,339005275.76,20160511,10.370000000000001,1.485962243193895,20241010,20241010,1.021872
000001.SZ,1d,2016-05-12,6.938265118930553,6.99883193374178,6.897887242389735,6.985372641561507,325885.0,336792700.57,20160512,10.38,1.485962243193895,20241010,20241010,1.021872
000001.SZ,1d,2016-05-13,6.965183703291098,6.99883193374178,6.951724411110825,6.965183703291098,184266.0,191007255.66,20160513,10.35,1.485962243193895,20241010,20241010,1.021872
000001.SZ,1d,2016-05-16,6.944994765020689,6.971913349381234,6.897887242389735,6.971913349381234,215224.0,221931208.07000002,20160516,10.36,1.485962243193895,20241010,20241010,1.021872
000001.SZ,1d,2016-05-17,6.971913349381234,6.978642995471371,6.891157596299599,6.931535472840417,250424.0,257859628.95000002,20160517,10.3,1.485962243193895,20241010,20241010,1.021872
000001.SZ,1d,2016-05-18,6.924805826750279,6.944994765020689,6.844050073668644,6.931535472840417,534150.0,547076639.38,20160518,10.3,1.485962243193895,20241010,20241010,1.021872
000001.SZ,1d,2016-05-19,6.911346534570007,6.944994765020689,6.897887242389735,6.897887242389735,170777.0,175591500.42,20160519,10.25,1.485962243193895,20241010,20241010,1.021872
000001.SZ,1d,2016-05-20,6.891157596299599,6.951724411110825,6.857509365848916,6.931535472840416,206703.0,212277642.00000003,20160520,10.299999999999999,1.485962243193895,20241010,20241010,1.021872
000001.SZ,1d,2016-05-23,6.951724411110825,6.958454057200961,6.897887242389735,6.918076180660143,323646.0,333300178.49,20160523,10.28,1.485962243193895,20241010,20241010,1.021872
000001.SZ,1d,2016-05-24,6.911346534570007,6.918076180660143,6.857509365848916,6.870968658029189,259294.0,265042286.91000003,20160524,10.209999999999999,1.485962243193895,20241010,20241010,1.021872
000001.SZ,1d,2016-05-25,6.897887242389735,6.918076180660143,6.857509365848916,6.884427950209461,204235.0,209019882.70000002,20160525,10.229999999999999,1.485962243193895,20241010,20241010,1.021872
000001.SZ,1d,2016-05-26,6.877698304119326,6.911346534570007,6.844050073668644,6.877698304119326,261396.0,266736775.84,20160526,10.22,1.485962243193895,20241010,20241010,1.021872
000001.SZ,1d,2016-05-27,6.877698304119325,6.924805826750279,6.857509365848916,6.911346534570007,222818.0,228377555.01999998,20160527,10.27,1.485962243193895,20241010,20241010,1.021872
000001.SZ,1d,2016-05-30,6.897887242389736,6.918076180660145,6.864239011939054,6.918076180660145,380946.0,390119748.19,20160530,10.280000000000001,1.485962243193895,20241010,20241010,1.021872
000001.SZ,1d,2016-05-31,6.904616888479871,7.113235917274097,6.904616888479871,7.099776625093823,946467.0,991668174.78,20160531,10.549999999999999,1.485962243193895,20241010,20241010,1.021872
000001.SZ,1d,2016-06-01,7.072858040733279,7.099776625093823,7.025750518102324,7.052669102462869,556750.0,584161145.13,20160601,10.479999999999999,1.485962243193895,20241010,20241010,1.021872
000001.SZ,1d,2016-06-02,7.045939456372734,7.05266910246287,7.012291225922052,7.039209810282597,293036.0,306269383.37,20160602,10.459999999999999,1.485962243193895,20241010,20241010,1.021872
000001.SZ,1d,2016-06-03,7.045939456372734,7.079587686823415,7.005561579831916,7.066128394643143,423389.0,443039580.98,20160603,10.5,1.485962243193895,20241010,20241010,1.021872
000001.SZ,1d,2016-06-06,7.07285804073328,7.086317332913553,7.032480164192462,7.07285804073328,338332.0,354998364.13,20160606,10.510000000000002,1.485962243193895,20241010,20241010,1.021872
000001.SZ,1d,2016-06-07,7.079587686823415,7.086317332913553,7.05266910246287,7.079587686823415,229282.0,240887148.70000002,20160607,10.52,1.485962243193895,20241010,20241010,1.021872
000001.SZ,1d,2016-06-08,7.093046979003689,7.093046979003689,7.039209810282598,7.066128394643143,268188.0,281651740.87,20160608,10.5,1.485962243193895,20241010,20241010,1.021872
000001.SZ,1d,2016-06-13,7.039209810282598,7.045939456372734,6.951724411110825,6.951724411110825,344816.0,358996277.49999994,20160613,10.33,1.485962243193895,20241010,20241010,1.021872
000001.SZ,1d,2016-06-14,6.958454057200961,7.005561579831916,6.944994765020689,6.99883193374178,273637.0,283578296.52,20160614,10.4,1.485962243193895,20241010,20241010,1.021872
000001.SZ,1d,2016-06-15,6.951724411110825,7.05266910246287,6.944994765020689,7.025750518102324,378172.0,394033686.13,20160615,10.44,1.485962243193895,20241010,20241010,1.021872
000001.SZ,1d,2016-06-16,7.025750322942584,7.050344548110412,6.992958022718815,7.025750322942584,386670.0,331192444.67,20160616,8.569999999999999,1.2197985419457147,20241010,20241010,1.021872
000001.SZ,1d,2016-06-17,7.025750322942586,7.058542623166356,7.001156097774759,7.033948397998528,315173.0,270236697.97,20160617,8.58,1.2197985419457147,20241010,20241010,1.021872
000001.SZ,1d,2016-06-20,7.04214647305447,7.050344548110412,7.017552247886643,7.050344548110412,270731.0,232205297.92,20160620,8.6,1.2197985419457147,20241010,20241010,1.021872
000001.SZ,1d,2016-06-21,7.058542623166354,7.091334923390124,7.033948397998528,7.058542623166354,380749.0,327940703.41,20160621,8.61,1.2197985419457147,20241010,20241010,1.021872
000001.SZ,1d,2016-06-22,7.050344548110412,7.156919523837663,7.033948397998528,7.156919523837663,478002.0,413947368.64000005,20160622,8.73,1.2197985419457147,20241010,20241010,1.021872
000001.SZ,1d,2016-06-23,7.107731073502008,7.132325298669836,7.07493877327824,7.099532998446066,335614.0,290490407.0,20160623,8.66,1.2197985419457147,20241010,20241010,1.021872
000001.SZ,1d,2016-06-24,7.08313684833418,7.132325298669835,6.984759947662873,7.025750322942586,427664.0,367771053.91,20160624,8.57,1.2197985419457147,20241010,20241010,1.021872
000001.SZ,1d,2016-06-27,7.025750322942586,7.083136848334182,7.001156097774759,7.058542623166356,325214.0,280044073.17999995,20160627,8.610000000000001,1.2197985419457147,20241010,20241010,1.021872
000001.SZ,1d,2016-06-28,7.033948397998528,7.083136848334182,7.017552247886643,7.07493877327824,336519.0,289122213.99,20160628,8.63,1.2197985419457147,20241010,20241010,1.021872
000001.SZ,1d,2016-06-29,7.07493877327824,7.124127223613894,7.066740698222298,7.124127223613894,369611.0,319908689.63,20160629,8.690000000000001,1.2197985419457147,20241010,20241010,1.021872
000001.SZ,1d,2016-06-30,7.124127223613893,7.165117598893605,7.099532998446066,7.132325298669835,362204.0,315051854.72999996,20160630,8.7,1.2197985419457147,20241010,20241010,1.021872
000001.SZ,1d,2016-07-01,7.124127223613893,7.156919523837663,7.11592914855795,7.140523373725777,348930.0,303652375.25,20160701,8.709999999999999,1.2197985419457147,20241010,20241010,1.021872
000001.SZ,1d,2016-07-04,7.124127223613893,7.263494499564913,7.107731073502008,7.2225041242852015,608257.0,534656909.55,20160704,8.81,1.2197985419457147,20241010,20241010,1.021872
000001.SZ,1d,2016-07-05,7.2143060492292586,7.2389002743970865,7.1897118240614315,7.222504124285201,422037.0,371422814.75,20160705,8.809999999999999,1.2197985419457147,20241010,20241010,1.021872
000001.SZ,1d,2016-07-06,7.2143060492292586,7.230702199341144,7.1815137490054894,7.206107974173316,322950.0,283827375.8,20160706,8.79,1.2197985419457147,20241010,20241010,1.021872
000001.SZ,1d,2016-07-07,7.206107974173317,7.214306049229259,7.165117598893605,7.1979098991173736,312853.0,274337185.84000003,20160707,8.78,1.2197985419457147,20241010,20241010,1.021872
000001.SZ,1d,2016-07-08,7.206107974173317,7.206107974173317,7.156919523837663,7.165117598893605,261342.0,228778674.11,20160708,8.74,1.2197985419457147,20241010,20241010,1.021872
000001.SZ,1d,2016-07-11,7.173315673949547,7.206107974173317,7.165117598893605,7.173315673949547,365372.0,320333760.68,20160711,8.75,1.2197985419457147,20241010,20241010,1.021872
000001.SZ,1d,2016-07-12,7.173315673949547,7.288088724732741,7.165117598893605,7.2798906496767986,711832.0,627505578.42,20160712,8.88,1.2197985419457147,20241010,20241010,1.021872
000001.SZ,1d,2016-07-13,7.279890649676797,7.419257925627817,7.263494499564913,7.370069475292164,798288.0,716797025.3100001,20160713,8.99,1.2197985419457147,20241010,20241010,1.021872
000001.SZ,1d,2016-07-14,7.35367332518028,7.378267550348106,7.304484874844625,7.329079100012452,359699.0,321889343.31,20160714,8.94,1.2197985419457147,20241010,20241010,1.021872
000001.SZ,1d,2016-07-15,7.337277175068394,7.378267550348106,7.304484874844625,7.370069475292164,352033.0,315555253.54,20160715,8.99,1.2197985419457147,20241010,20241010,1.021872
000001.SZ,1d,2016-07-18,7.370069475292164,7.443852150795645,7.35367332518028,7.411059850571876,506934.0,457358031.39,20160718,9.040000000000001,1.2197985419457147,20241010,20241010,1.021872
000001.SZ,1d,2016-07-19,7.411059850571876,7.419257925627818,7.337277175068395,7.35367332518028,362787.0,326046531.03999996,20160719,8.97,1.2197985419457147,20241010,20241010,1.021872
000001.SZ,1d,2016-07-20,7.345475250124338,7.370069475292164,7.337277175068395,7.345475250124338,310926.0,278737194.12,20160720,8.96,1.2197985419457147,20241010,20241010,1.021872
000001.SZ,1d,2016-07-21,7.337277175068395,7.38646562540405,7.337277175068395,7.370069475292164,340261.0,305710332.75,20160721,8.99,1.2197985419457147,20241010,20241010,1.021872
000001.SZ,1d,2016-07-22,7.370069475292164,7.370069475292164,7.312682949900567,7.329079100012452,295549.0,264379250.43,20160722,8.94,1.2197985419457147,20241010,20241010,1.021872
000001.SZ,1d,2016-07-25,7.320881024956509,7.361871400236222,7.304484874844625,7.361871400236222,264682.0,236937494.08,20160725,8.98,1.2197985419457147,20241010,20241010,1.021872
000001.SZ,1d,2016-07-26,7.35367332518028,7.476644451019415,7.35367332518028,7.468446375963473,546556.0,494506420.12000006,20160726,9.110000000000001,1.2197985419457147,20241010,20241010,1.021872
000001.SZ,1d,2016-07-27,7.476644451019415,7.517634826299125,7.304484874844625,7.386465625404048,818678.0,741263303.03,20160727,9.01,1.2197985419457147,20241010,20241010,1.021872
000001.SZ,1d,2016-07-28,7.361871400236222,7.468446375963473,7.35367332518028,7.443852150795645,479910.0,434490536.62,20160728,9.08,1.2197985419457147,20241010,20241010,1.021872
000001.SZ,1d,2016-07-29,7.443852150795645,7.575021351690722,7.402861775515932,7.542229051466952,671425.0,614972669.3,20160729,9.2,1.2197985419457147,20241010,20241010,1.021872
000001.SZ,1d,2016-08-01,7.525832901355067,7.6570021022501455,7.517634826299125,7.6078136519144905,759324.0,702466616.0,20160801,9.28,1.2197985419457147,20241010,20241010,1.021872
000001.SZ,1d,2016-08-02,7.575021351690722,7.591417501802606,7.517634826299125,7.583219426746664,449165.0,413484595.07000005,20160802,9.25,1.2197985419457147,20241010,20241010,1.021872
000001.SZ,1d,2016-08-03,7.550427126522896,7.558625201578838,7.501238676187241,7.525832901355067,424622.0,389817535.11,20160803,9.18,1.2197985419457147,20241010,20241010,1.021872
000001.SZ,1d,2016-08-04,7.517634826299125,7.525832901355067,7.320881024956509,7.370069475292164,1344462.0,1210346973.56,20160804,8.99,1.2197985419457147,20241010,20241010,1.021872
000001.SZ,1d,2016-08-05,7.370069475292164,7.435654075739703,7.337277175068395,7.411059850571876,725948.0,654998092.94,20160805,9.040000000000001,1.2197985419457147,20241010,20241010,1.021872
000001.SZ,1d,2016-08-08,7.411059850571874,7.468446375963471,7.386465625404048,7.468446375963471,398479.0,361191045.29,20160808,9.11,1.2197985419457147,20241010,20241010,1.021872
000001.SZ,1d,2016-08-09,7.452050225851587,7.501238676187241,7.435654075739703,7.501238676187241,415676.0,378720688.32000005,20160809,9.15,1.2197985419457147,20241010,20241010,1.021872
000001.SZ,1d,2016-08-10,7.501238676187241,7.525832901355069,7.476644451019415,7.493040601131299,436655.0,399656990.64000005,20160810,9.14,1.2197985419457147,20241010,20241010,1.021872
000001.SZ,1d,2016-08-11,7.493040601131299,7.665200177306089,7.484842526075357,7.558625201578838,935576.0,866594867.9,20160811,9.22,1.2197985419457147,20241010,20241010,1.021872
000001.SZ,1d,2016-08-12,7.542229051466952,7.812765528313049,7.525832901355067,7.788171303145223,1370021.0,1282336292.04,20160812,9.5,1.2197985419457147,20241010,20241010,1.021872
000001.SZ,1d,2016-08-15,7.829161678424934,8.034113554823492,7.796369378201165,7.935736654152184,1897552.0,1835196865.56,20160815,9.68,1.2197985419457147,20241010,20241010,1.021872
000001.SZ,1d,2016-08-16,7.935736654152186,7.935736654152186,7.755379002921455,7.804567453257109,1099558.0,1050479545.3100001,20160816,9.520000000000001,1.2197985419457147,20241010,20241010,1.021872
000001.SZ,1d,2016-08-17,7.804567453257107,7.870152053704646,7.771775153033339,7.829161678424935,560725.0,534926047.02,20160817,9.55,1.2197985419457147,20241010,20241010,1.021872
000001.SZ,1d,2016-08-18,7.837359753480877,7.861953978648704,7.730784777753626,7.788171303145223,691504.0,658183955.01,20160818,9.5,1.2197985419457147,20241010,20241010,1.021872
000001.SZ,1d,2016-08-19,7.779973228089281,7.804567453257107,7.730784777753626,7.796369378201165,505334.0,478779724.24,20160819,9.51,1.2197985419457147,20241010,20241010,1.021872
000001.SZ,1d,2016-08-22,7.788171303145223,7.796369378201165,7.67339825236203,7.706190552585798,979432.0,922426435.12,20160822,9.399999999999999,1.2197985419457147,20241010,20241010,1.021872
000001.SZ,1d,2016-08-23,7.6897944024739155,7.747180927865512,7.6815963274179735,7.7061905525858,890656.0,838185900.5899999,20160823,9.4,1.2197985419457147,20241010,20241010,1.021872
000001.SZ,1d,2016-08-24,7.714388627641742,7.730784777753628,7.6897944024739155,7.730784777753628,732281.0,688971683.08,20160824,9.430000000000001,1.2197985419457147,20241010,20241010,1.021872
000001.SZ,1d,2016-08-25,7.722586702697684,7.747180927865511,7.6570021022501455,7.738982852809569,617389.0,580648481.91,20160825,9.44,1.2197985419457147,20241010,20241010,1.021872
000001.SZ,1d,2016-08-26,7.747180927865512,7.763577077977397,7.7061905525858,7.747180927865512,502233.0,473688076.59,20160826,9.450000000000001,1.2197985419457147,20241010,20241010,1.021872
000001.SZ,1d,2016-08-29,7.714388627641742,7.747180927865512,7.6897944024739155,7.722586702697684,565231.0,532295362.01000005,20160829,9.42,1.2197985419457147,20241010,20241010,1.021872
000001.SZ,1d,2016-08-30,7.722586702697684,7.763577077977397,7.714388627641742,7.763577077977397,595081.0,561854066.27,20160830,9.47,1.2197985419457147,20241010,20241010,1.021872
000001.SZ,1d,2016-08-31,7.755379002921453,7.788171303145223,7.730784777753626,7.779973228089281,489746.0,463875762.93,20160831,9.49,1.2197985419457147,20241010,20241010,1.021872
000001.SZ,1d,2016-09-01,7.779973228089281,7.804567453257107,7.722586702697684,7.747180927865511,480131.0,454848634.31,20160901,9.45,1.2197985419457147,20241010,20241010,1.021872
000001.SZ,1d,2016-09-02,7.730784777753626,7.755379002921453,7.722586702697684,7.747180927865511,368796.0,348054367.10999995,20160902,9.45,1.2197985419457147,20241010,20241010,1.021872
000001.SZ,1d,2016-09-05,7.755379002921455,7.755379002921455,7.7061905525858,7.722586702697684,469936.0,443204803.58,20160905,9.42,1.2197985419457147,20241010,20241010,1.021872
000001.SZ,1d,2016-09-06,7.722586702697684,7.730784777753626,7.67339825236203,7.714388627641742,574738.0,539813283.55,20160906,9.41,1.2197985419457147,20241010,20241010,1.021872
000001.SZ,1d,2016-09-07,7.714388627641742,7.7225867026976855,7.6815963274179735,7.7061905525858,459373.0,431984158.6100001,20160907,9.4,1.2197985419457147,20241010,20241010,1.021872
000001.SZ,1d,2016-09-08,7.697992477529858,7.722586702697684,7.6897944024739155,7.7061905525858,295218.0,277503757.8,20160908,9.4,1.2197985419457147,20241010,20241010,1.021872
000001.SZ,1d,2016-09-09,7.706190552585798,7.730784777753626,7.67339825236203,7.689794402473914,327431.0,307527271.24,20160909,9.379999999999999,1.2197985419457147,20241010,20241010,1.021872
000001.SZ,1d,2016-09-12,7.616011726970434,7.640605952138261,7.484842526075357,7.509436751243183,756581.0,697759184.1,20160912,9.16,1.2197985419457147,20241010,20241010,1.021872
000001.SZ,1d,2016-09-13,7.525832901355067,7.550427126522896,7.493040601131299,7.534030976411011,460931.0,423113832.02000004,20160913,9.190000000000001,1.2197985419457147,20241010,20241010,1.021872
000001.SZ,1d,2016-09-14,7.517634826299125,7.525832901355069,7.419257925627818,7.42745600068376,421481.0,384081266.46000004,20160914,9.06,1.2197985419457147,20241010,20241010,1.021872
000001.SZ,1d,2016-09-19,7.419257925627818,7.493040601131299,7.419257925627818,7.476644451019415,354348.0,322575925.94,20160919,9.120000000000001,1.2197985419457147,20241010,20241010,1.021872
000001.SZ,1d,2016-09-20,7.476644451019415,7.476644451019415,7.411059850571876,7.443852150795645,436678.0,396359321.31,20160920,9.08,1.2197985419457147,20241010,20241010,1.021872
000001.SZ,1d,2016-09-21,7.443852150795645,7.460248300907529,7.402861775515932,7.443852150795645,405665.0,367767497.46,20160921,9.08,1.2197985419457147,20241010,20241010,1.021872
000001.SZ,1d,2016-09-22,7.460248300907529,7.525832901355067,7.452050225851587,7.509436751243183,494613.0,451909020.47999996,20160922,9.16,1.2197985419457147,20241010,20241010,1.021872
000001.SZ,1d,2016-09-23,7.509436751243183,7.534030976411011,7.493040601131299,7.501238676187241,288798.0,264699513.1,20160923,9.15,1.2197985419457147,20241010,20241010,1.021872
000001.SZ,1d,2016-09-26,7.484842526075357,7.484842526075357,7.411059850571876,7.411059850571876,439481.0,398771864.85,20160926,9.040000000000001,1.2197985419457147,20241010,20241010,1.021872
000001.SZ,1d,2016-09-27,7.411059850571874,7.435654075739703,7.386465625404048,7.42745600068376,401323.0,362769231.03,20160927,9.06,1.2197985419457147,20241010,20241010,1.021872
000001.SZ,1d,2016-09-28,7.427456000683759,7.427456000683759,7.402861775515932,7.419257925627817,271366.0,245499467.89,20160928,9.049999999999999,1.2197985419457147,20241010,20241010,1.021872
000001.SZ,1d,2016-09-29,7.419257925627818,7.443852150795645,7.419257925627818,7.42745600068376,303664.0,275239667.40999997,20160929,9.06,1.2197985419457147,20241010,20241010,1.021872
000001.SZ,1d,2016-09-30,7.42745600068376,7.460248300907531,7.419257925627818,7.435654075739703,308084.0,279526475.64000005,20160930,9.07,1.2197985419457147,20241010,20241010,1.021872
000001.SZ,1d,2016-10-10,7.460248300907529,7.517634826299125,7.443852150795645,7.476644451019413,611381.0,557122276.5,20161010,9.12,1.2197985419457147,20241010,20241010,1.021872
000001.SZ,1d,2016-10-11,7.484842526075355,7.501238676187239,7.468446375963471,7.501238676187239,363370.0,331886515.46000004,20161011,9.149999999999999,1.2197985419457147,20241010,20241010,1.021872
000001.SZ,1d,2016-10-12,7.493040601131299,7.509436751243183,7.476644451019415,7.484842526075357,270316.0,246995531.01,20161012,9.13,1.2197985419457147,20241010,20241010,1.021872
000001.SZ,1d,2016-10-13,7.443852150795645,7.468446375963473,7.419257925627818,7.435654075739703,632367.0,574142476.2700001,20161013,9.07,1.2197985419457147,20241010,20241010,1.021872
000001.SZ,1d,2016-10-14,7.42745600068376,7.452050225851588,7.411059850571876,7.452050225851588,335411.0,304218676.83,20161014,9.090000000000002,1.2197985419457147,20241010,20241010,1.021872
000001.SZ,1d,2016-10-17,7.443852150795645,7.452050225851587,7.402861775515932,7.419257925627817,359223.0,325582450.32,20161017,9.049999999999999,1.2197985419457147,20241010,20241010,1.021872
000001.SZ,1d,2016-10-18,7.402861775515932,7.452050225851587,7.402861775515932,7.452050225851587,593737.0,537784120.36,20161018,9.09,1.2197985419457147,20241010,20241010,1.021872
000001.SZ,1d,2016-10-19,7.452050225851587,7.468446375963473,7.419257925627818,7.443852150795645,482636.0,438299029.51,20161019,9.08,1.2197985419457147,20241010,20241010,1.021872
000001.SZ,1d,2016-10-20,7.443852150795645,7.452050225851587,7.419257925627818,7.435654075739703,342844.0,310966016.7,20161020,9.07,1.2197985419457147,20241010,20241010,1.021872
000001.SZ,1d,2016-10-21,7.443852150795645,7.484842526075357,7.42745600068376,7.484842526075357,683896.0,621549844.97,20161021,9.13,1.2197985419457147,20241010,20241010,1.021872
000001.SZ,1d,2016-10-24,7.484842526075357,7.624209802026376,7.476644451019415,7.575021351690722,915677.0,844746080.61,20161024,9.24,1.2197985419457147,20241010,20241010,1.021872
000001.SZ,1d,2016-10-25,7.583219426746664,7.591417501802606,7.525832901355067,7.550427126522894,500752.0,461542701.14000005,20161025,9.209999999999999,1.2197985419457147,20241010,20241010,1.021872
000001.SZ,1d,2016-10-26,7.558625201578838,7.558625201578838,7.484842526075357,7.501238676187241,440452.0,403750809.07000005,20161026,9.15,1.2197985419457147,20241010,20241010,1.021872
000001.SZ,1d,2016-10-27,7.509436751243183,7.517634826299127,7.476644451019415,7.509436751243183,324140.0,296216914.82,20161027,9.16,1.2197985419457147,20241010,20241010,1.021872
000001.SZ,1d,2016-10-28,7.509436751243183,7.56682327663478,7.493040601131299,7.517634826299125,541997.0,497615050.8,20161028,9.17,1.2197985419457147,20241010,20241010,1.021872
000001.SZ,1d,2016-10-31,7.501238676187241,7.509436751243183,7.452050225851587,7.501238676187241,493596.0,450148883.09,20161031,9.15,1.2197985419457147,20241010,20241010,1.021872
000001.SZ,1d,2016-11-01,7.493040601131297,7.509436751243183,7.468446375963471,7.493040601131297,525415.0,480117542.32000005,20161101,9.139999999999999,1.2197985419457147,20241010,20241010,1.021872
000001.SZ,1d,2016-11-02,7.493040601131299,7.493040601131299,7.419257925627818,7.435654075739703,633586.0,576083788.2400001,20161102,9.07,1.2197985419457147,20241010,20241010,1.021872
000001.SZ,1d,2016-11-03,7.42745600068376,7.493040601131299,7.419257925627818,7.484842526075357,616871.0,561464947.1899999,20161103,9.13,1.2197985419457147,20241010,20241010,1.021872
000001.SZ,1d,2016-11-04,7.468446375963471,7.517634826299125,7.460248300907529,7.468446375963471,508117.0,463831938.55,20161104,9.11,1.2197985419457147,20241010,20241010,1.021872
000001.SZ,1d,2016-11-07,7.460248300907529,7.476644451019415,7.435654075739703,7.476644451019415,497240.0,452447930.56000006,20161107,9.120000000000001,1.2197985419457147,20241010,20241010,1.021872
000001.SZ,1d,2016-11-08,7.476644451019413,7.501238676187241,7.460248300907529,7.501238676187241,806694.0,736747217.08,20161108,9.15,1.2197985419457147,20241010,20241010,1.021872
000001.SZ,1d,2016-11-09,7.493040601131299,7.493040601131299,7.386465625404048,7.435654075739703,722616.0,656061960.6999999,20161109,9.07,1.2197985419457147,20241010,20241010,1.021872
000001.SZ,1d,2016-11-10,7.460248300907529,7.509436751243183,7.460248300907529,7.493040601131297,631998.0,576898452.74,20161110,9.139999999999999,1.2197985419457147,20241010,20241010,1.021872
000001.SZ,1d,2016-11-11,7.493040601131297,7.525832901355067,7.468446375963471,7.525832901355067,812269.0,742969896.6100001,20161111,9.18,1.2197985419457147,20241010,20241010,1.021872
000001.SZ,1d,2016-11-14,7.509436751243183,7.583219426746664,7.509436751243183,7.558625201578838,975078.0,898058354.0100001,20161114,9.22,1.2197985419457147,20241010,20241010,1.021872
000001.SZ,1d,2016-11-15,7.542229051466952,7.575021351690722,7.525832901355067,7.56682327663478,554342.0,510596178.35,20161115,9.23,1.2197985419457147,20241010,20241010,1.021872
000001.SZ,1d,2016-11-16,7.56682327663478,7.575021351690722,7.542229051466953,7.56682327663478,415842.0,383425739.88,20161116,9.23,1.2197985419457147,20241010,20241010,1.021872
000001.SZ,1d,2016-11-17,7.558625201578836,7.558625201578836,7.525832901355067,7.550427126522894,505324.0,464611128.37,20161117,9.209999999999999,1.2197985419457147,20241010,20241010,1.021872
000001.SZ,1d,2016-11-18,7.550427126522896,7.550427126522896,7.509436751243183,7.525832901355067,517597.0,475289972.51000005,20161118,9.18,1.2197985419457147,20241010,20241010,1.021872
000001.SZ,1d,2016-11-21,7.525832901355067,7.6078136519144905,7.517634826299125,7.575021351690722,850243.0,785475676.61,20161121,9.24,1.2197985419457147,20241010,20241010,1.021872
000001.SZ,1d,2016-11-22,7.575021351690722,7.673398252362031,7.56682327663478,7.673398252362031,1180256.0,1097408714.34,20161122,9.360000000000001,1.2197985419457147,20241010,20241010,1.021872
000001.SZ,1d,2016-11-23,7.6570021022501455,7.837359753480877,7.6570021022501455,7.747180927865511,1752869.0,1660465709.36,20161123,9.45,1.2197985419457147,20241010,20241010,1.021872
000001.SZ,1d,2016-11-24,7.738982852809569,7.804567453257107,7.722586702697684,7.763577077977397,779748.0,738580569.2900001,20161124,9.47,1.2197985419457147,20241010,20241010,1.021872
000001.SZ,1d,2016-11-25,7.771775153033339,7.886548203816532,7.755379002921455,7.886548203816532,1013674.0,968127766.3299999,20161125,9.620000000000001,1.2197985419457147,20241010,20241010,1.021872
000001.SZ,1d,2016-11-28,7.943934729208127,8.017717404711608,7.870152053704646,7.894746278872472,1279689.0,1240686233.53,20161128,9.629999999999999,1.2197985419457147,20241010,20241010,1.021872
000001.SZ,1d,2016-11-29,7.861953978648704,7.95213280426407,7.829161678424935,7.886548203816532,887779.0,854308658.4000001,20161129,9.620000000000001,1.2197985419457147,20241010,20241010,1.021872
000001.SZ,1d,2016-11-30,7.911142428984358,7.968528954375955,7.788171303145223,7.829161678424935,1025963.0,985758449.84,20161130,9.55,1.2197985419457147,20241010,20241010,1.021872
000001.SZ,1d,2016-12-01,7.84555782853682,7.894746278872474,7.829161678424935,7.870152053704648,646004.0,619633746.85,20161201,9.600000000000001,1.2197985419457147,20241010,20241010,1.021872
000001.SZ,1d,2016-12-02,7.870152053704646,7.870152053704646,7.738982852809569,7.829161678424934,829686.0,790044441.9300001,20161202,9.549999999999999,1.2197985419457147,20241010,20241010,1.021872
000001.SZ,1d,2016-12-05,7.788171303145223,7.820963603368993,7.714388627641742,7.755379002921455,764365.0,723222053.6400001,20161205,9.46,1.2197985419457147,20241010,20241010,1.021872
000001.SZ,1d,2016-12-06,7.771775153033339,7.804567453257109,7.747180927865512,7.779973228089281,602902.0,571585177.5,20161206,9.49,1.2197985419457147,20241010,20241010,1.021872
000001.SZ,1d,2016-12-07,7.771775153033339,7.779973228089281,7.714388627641742,7.771775153033339,493404.0,466085503.37,20161207,9.48,1.2197985419457147,20241010,20241010,1.021872
000001.SZ,1d,2016-12-08,7.788171303145223,7.829161678424934,7.730784777753626,7.804567453257107,671452.0,638058504.08,20161208,9.52,1.2197985419457147,20241010,20241010,1.021872
000001.SZ,1d,2016-12-09,7.788171303145223,7.993123179543781,7.771775153033339,7.911142428984358,1514199.0,1460778328.2,20161209,9.65,1.2197985419457147,20241010,20241010,1.021872
000001.SZ,1d,2016-12-12,7.911142428984358,8.009519329655665,7.738982852809569,7.788171303145223,1256874.0,1206662616.99,20161212,9.5,1.2197985419457147,20241010,20241010,1.021872
000001.SZ,1d,2016-12-13,7.771775153033339,7.788171303145223,7.6488040271942035,7.722586702697684,645771.0,607769965.5799999,20161213,9.42,1.2197985419457147,20241010,20241010,1.021872
000001.SZ,1d,2016-12-14,7.722586702697684,7.796369378201165,7.7061905525858,7.7061905525858,597705.0,564787516.4599999,20161214,9.4,1.2197985419457147,20241010,20241010,1.021872
000001.SZ,1d,2016-12-15,7.6815963274179735,7.714388627641742,7.550427126522896,7.583219426746664,827612.0,767751835.57,20161215,9.25,1.2197985419457147,20241010,20241010,1.021872
000001.SZ,1d,2016-12-16,7.575021351690722,7.616011726970434,7.550427126522896,7.583219426746664,396813.0,366925349.32000005,20161216,9.25,1.2197985419457147,20241010,20241010,1.021872
000001.SZ,1d,2016-12-19,7.558625201578838,7.56682327663478,7.517634826299125,7.542229051466952,494010.0,453899744.36,20161219,9.2,1.2197985419457147,20241010,20241010,1.021872
000001.SZ,1d,2016-12-20,7.542229051466952,7.542229051466952,7.443852150795645,7.468446375963471,636638.0,580118167.69,20161220,9.11,1.2197985419457147,20241010,20241010,1.021872
000001.SZ,1d,2016-12-21,7.476644451019413,7.509436751243183,7.468446375963471,7.509436751243183,369920.0,338201446.46000004,20161221,9.16,1.2197985419457147,20241010,20241010,1.021872
000001.SZ,1d,2016-12-22,7.501238676187239,7.509436751243183,7.468446375963471,7.493040601131297,341341.0,311546856.93,20161222,9.139999999999999,1.2197985419457147,20241010,20241010,1.021872
000001.SZ,1d,2016-12-23,7.493040601131299,7.493040601131299,7.435654075739703,7.443852150795645,382912.0,348140451.36999995,20161223,9.08,1.2197985419457147,20241010,20241010,1.021872
000001.SZ,1d,2016-12-26,7.427456000683759,7.484842526075355,7.39466370045999,7.476644451019413,302058.0,273934287.19,20161226,9.12,1.2197985419457147,20241010,20241010,1.021872
000001.SZ,1d,2016-12-27,7.476644451019415,7.484842526075357,7.435654075739703,7.443852150795645,268841.0,244788273.85999998,20161227,9.08,1.2197985419457147,20241010,20241010,1.021872
000001.SZ,1d,2016-12-28,7.443852150795645,7.468446375963473,7.411059850571876,7.42745600068376,336055.0,304898614.02,20161228,9.06,1.2197985419457147,20241010,20241010,1.021872
000001.SZ,1d,2016-12-29,7.435654075739703,7.452050225851587,7.419257925627818,7.443852150795645,338758.0,307183503.28,20161229,9.08,1.2197985419457147,20241010,20241010,1.021872
000001.SZ,1d,2016-12-30,7.443852150795645,7.460248300907529,7.42745600068376,7.460248300907529,302607.0,274882698.47,20161230,9.1,1.2197985419457147,20241010,20241010,1.021872
000001.SZ,1d,2017-01-03,7.468446375963471,7.525832901355067,7.452050225851587,7.509436751243183,459840.0,420595176.46000004,20170103,9.16,1.2197985419457147,20241010,20241010,1.021872
000001.SZ,1d,2017-01-04,7.501238676187241,7.525832901355067,7.493040601131299,7.509436751243183,449329.0,411503444.03,20170104,9.16,1.2197985419457147,20241010,20241010,1.021872
000001.SZ,1d,2017-01-05,7.517634826299125,7.525832901355067,7.501238676187241,7.517634826299125,344372.0,315769693.5,20170105,9.17,1.2197985419457147,20241010,20241010,1.021872
000001.SZ,1d,2017-01-06,7.517634826299125,7.517634826299125,7.468446375963471,7.484842526075355,358154.0,327176433.93,20170106,9.129999999999999,1.2197985419457147,20241010,20241010,1.021872
000001.SZ,1d,2017-01-09,7.484842526075355,7.517634826299125,7.468446375963471,7.501238676187239,361081.0,329994604.0,20170109,9.149999999999999,1.2197985419457147,20241010,20241010,1.021872
000001.SZ,1d,2017-01-10,7.501238676187241,7.509436751243183,7.493040601131299,7.501238676187241,241053.0,220575131.96,20170110,9.15,1.2197985419457147,20241010,20241010,1.021872
000001.SZ,1d,2017-01-11,7.493040601131299,7.517634826299125,7.484842526075357,7.493040601131299,303430.0,277553207.26000005,20170111,9.14,1.2197985419457147,20241010,20241010,1.021872
000001.SZ,1d,2017-01-12,7.484842526075357,7.517634826299125,7.484842526075357,7.501238676187241,428006.0,391869402.76,20170112,9.15,1.2197985419457147,20241010,20241010,1.021872
000001.SZ,1d,2017-01-13,7.493040601131299,7.534030976411011,7.476644451019415,7.509436751243183,434301.0,397601906.25,20170113,9.16,1.2197985419457147,20241010,20241010,1.021872
000001.SZ,1d,2017-01-16,7.501238676187241,7.509436751243183,7.435654075739703,7.493040601131299,683165.0,623025820.2700001,20170116,9.14,1.2197985419457147,20241010,20241010,1.021872
000001.SZ,1d,2017-01-17,7.476644451019413,7.509436751243183,7.460248300907529,7.501238676187241,545552.0,498179703.17,20170117,9.15,1.2197985419457147,20241010,20241010,1.021872
000001.SZ,1d,2017-01-18,7.493040601131299,7.534030976411011,7.484842526075357,7.517634826299125,574269.0,526426595.69000006,20170118,9.17,1.2197985419457147,20241010,20241010,1.021872
000001.SZ,1d,2017-01-19,7.501238676187241,7.575021351690722,7.501238676187241,7.525832901355067,437712.0,402445639.34,20170119,9.18,1.2197985419457147,20241010,20241010,1.021872
000001.SZ,1d,2017-01-20,7.517634826299125,7.56682327663478,7.517634826299125,7.558625201578838,393328.0,361865155.13000005,20170120,9.22,1.2197985419457147,20241010,20241010,1.021872
000001.SZ,1d,2017-01-23,7.558625201578838,7.591417501802608,7.542229051466953,7.558625201578838,420299.0,388019072.55999994,20170123,9.22,1.2197985419457147,20241010,20241010,1.021872
000001.SZ,1d,2017-01-24,7.56682327663478,7.607813651914492,7.542229051466953,7.59961557685855,470244.0,434787729.13000005,20170124,9.270000000000001,1.2197985419457147,20241010,20241010,1.021872
000001.SZ,1d,2017-01-25,7.5996155768585485,7.6078136519144905,7.583219426746664,7.591417501802606,304401.0,281976294.07000005,20170125,9.26,1.2197985419457147,20241010,20241010,1.021872
000001.SZ,1d,2017-01-26,7.5996155768585485,7.6570021022501455,7.591417501802606,7.6488040271942035,420712.0,391844286.24,20170126,9.33,1.2197985419457147,20241010,20241010,1.021872
000001.SZ,1d,2017-02-03,7.6570021022501455,7.673398252362031,7.56682327663478,7.591417501802606,315472.0,292617943.26000005,20170203,9.26,1.2197985419457147,20241010,20241010,1.021872
000001.SZ,1d,2017-02-06,7.591417501802606,7.640605952138261,7.591417501802606,7.6324078770823185,516786.0,480441331.03999996,20170206,9.31,1.2197985419457147,20241010,20241010,1.021872
000001.SZ,1d,2017-02-07,7.632407877082318,7.640605952138261,7.5996155768585485,7.6242098020263755,396884.0,368755274.2,20170207,9.299999999999999,1.2197985419457147,20241010,20241010,1.021872
000001.SZ,1d,2017-02-08,7.616011726970434,7.624209802026376,7.575021351690722,7.624209802026376,360272.0,333975401.82000005,20170208,9.3,1.2197985419457147,20241010,20241010,1.021872
000001.SZ,1d,2017-02-09,7.6242098020263755,7.6488040271942035,7.6078136519144905,7.632407877082318,342855.0,319201023.28000003,20170209,9.309999999999999,1.2197985419457147,20241010,20241010,1.021872
000001.SZ,1d,2017-02-10,7.640605952138261,7.673398252362031,7.6324078770823185,7.6488040271942035,482743.0,450701345.31000006,20170210,9.33,1.2197985419457147,20241010,20241010,1.021872
000001.SZ,1d,2017-02-13,7.6570021022501455,7.738982852809569,7.6488040271942035,7.714388627641742,638364.0,599951024.32,20170213,9.41,1.2197985419457147,20241010,20241010,1.021872
000001.SZ,1d,2017-02-14,7.714388627641742,7.7225867026976855,7.6815963274179735,7.7061905525858,362404.0,340318431.40000004,20170214,9.4,1.2197985419457147,20241010,20241010,1.021872
000001.SZ,1d,2017-02-15,7.7061905525858,7.820963603368993,7.697992477529858,7.747180927865512,756613.0,716759655.28,20170215,9.450000000000001,1.2197985419457147,20241010,20241010,1.021872
000001.SZ,1d,2017-02-16,7.747180927865511,7.788171303145223,7.722586702697684,7.755379002921453,411161.0,388636225.1999999,20170216,9.459999999999999,1.2197985419457147,20241010,20241010,1.021872
000001.SZ,1d,2017-02-17,7.755379002921455,7.779973228089281,7.6815963274179735,7.697992477529858,423774.0,400161795.09,20170217,9.39,1.2197985419457147,20241010,20241010,1.021872
000001.SZ,1d,2017-02-20,7.7061905525858,7.853755903592762,7.7061905525858,7.837359753480877,898755.0,855710805.5000001,20170220,9.56,1.2197985419457147,20241010,20241010,1.021872
000001.SZ,1d,2017-02-21,7.829161678424935,7.886548203816532,7.820963603368993,7.84555782853682,646584.0,618761069.26,20170221,9.57,1.2197985419457147,20241010,20241010,1.021872
000001.SZ,1d,2017-02-22,7.84555782853682,7.84555782853682,7.788171303145223,7.84555782853682,462966.0,441528339.71,20170222,9.57,1.2197985419457147,20241010,20241010,1.021872
000001.SZ,1d,2017-02-23,7.829161678424935,7.84555782853682,7.771775153033339,7.796369378201165,335327.0,319293836.59,20170223,9.51,1.2197985419457147,20241010,20241010,1.021872
000001.SZ,1d,2017-02-24,7.788171303145223,7.820963603368993,7.771775153033339,7.788171303145223,332500.0,316020789.4,20170224,9.5,1.2197985419457147,20241010,20241010,1.021872
000001.SZ,1d,2017-02-27,7.788171303145223,7.788171303145223,7.722586702697684,7.730784777753626,407341.0,384781015.65000004,20170227,9.43,1.2197985419457147,20241010,20241010,1.021872
000001.SZ,1d,2017-02-28,7.730784777753626,7.796369378201165,7.722586702697684,7.771775153033339,369719.0,350366892.5,20170228,9.48,1.2197985419457147,20241010,20241010,1.021872
000001.SZ,1d,2017-03-01,7.779973228089281,7.829161678424935,7.763577077977397,7.779973228089281,346993.0,330157963.40000004,20170301,9.49,1.2197985419457147,20241010,20241010,1.021872
000001.SZ,1d,2017-03-02,7.796369378201165,7.820963603368991,7.722586702697684,7.730784777753626,403628.0,382395883.84000003,20170302,9.43,1.2197985419457147,20241010,20241010,1.021872
000001.SZ,1d,2017-03-03,7.714388627641742,7.730784777753626,7.67339825236203,7.706190552585798,342655.0,321952549.22,20170303,9.399999999999999,1.2197985419457147,20241010,20241010,1.021872
000001.SZ,1d,2017-03-06,7.7061905525858,7.755379002921455,7.697992477529858,7.747180927865512,404511.0,381212304.19000006,20170306,9.450000000000001,1.2197985419457147,20241010,20241010,1.021872
000001.SZ,1d,2017-03-07,7.738982852809569,7.755379002921455,7.7061905525858,7.747180927865512,294672.0,277747415.4200001,20170307,9.450000000000001,1.2197985419457147,20241010,20241010,1.021872
000001.SZ,1d,2017-03-08,7.730784777753626,7.747180927865512,7.7061905525858,7.722586702697684,244438.0,230425150.54000002,20170308,9.42,1.2197985419457147,20241010,20241010,1.021872
000001.SZ,1d,2017-03-09,7.714388627641742,7.730784777753626,7.67339825236203,7.689794402473914,378169.0,354813687.5,20170309,9.379999999999999,1.2197985419457147,20241010,20241010,1.021872
000001.SZ,1d,2017-03-10,7.689794402473914,7.714388627641742,7.67339825236203,7.706190552585798,390182.0,366140052.24,20170310,9.399999999999999,1.2197985419457147,20241010,20241010,1.021872
000001.SZ,1d,2017-03-13,7.697992477529858,7.747180927865512,7.6815963274179735,7.73898285280957,545304.0,513148481.04,20170313,9.440000000000001,1.2197985419457147,20241010,20241010,1.021872
000001.SZ,1d,2017-03-14,7.730784777753626,7.755379002921455,7.714388627641742,7.738982852809569,404484.0,381594066.95,20170314,9.44,1.2197985419457147,20241010,20241010,1.021872
000001.SZ,1d,2017-03-15,7.722586702697684,7.771775153033339,7.722586702697684,7.771775153033339,546560.0,515943748.1,20170315,9.48,1.2197985419457147,20241010,20241010,1.021872
000001.SZ,1d,2017-03-16,7.771775153033339,7.812765528313051,7.747180927865512,7.804567453257109,635953.0,603450064.0699999,20170316,9.520000000000001,1.2197985419457147,20241010,20241010,1.021872
000001.SZ,1d,2017-03-17,7.747180927865512,7.755379002921455,7.624209802026376,7.6324078770823185,1583647.0,1482736995.3700001,20170317,9.31,1.2197985419457147,20241010,20241010,1.021872
000001.SZ,1d,2017-03-20,7.616011726970434,7.6324078770823185,7.558625201578838,7.583219426746664,715021.0,661887015.08,20170320,9.25,1.2197985419457147,20241010,20241010,1.021872
000001.SZ,1d,2017-03-21,7.583219426746666,7.591417501802608,7.542229051466953,7.575021351690722,554648.0,511914333.09000003,20170321,9.24,1.2197985419457147,20241010,20241010,1.021872
000001.SZ,1d,2017-03-22,7.542229051466953,7.558625201578838,7.493040601131299,7.509436751243183,566123.0,519331026.2700001,20170322,9.16,1.2197985419457147,20241010,20241010,1.021872
000001.SZ,1d,2017-03-23,7.509436751243183,7.575021351690722,7.501238676187241,7.542229051466953,433588.0,398986562.09000003,20170323,9.200000000000001,1.2197985419457147,20241010,20241010,1.021872
000001.SZ,1d,2017-03-24,7.542229051466952,7.575021351690722,7.509436751243183,7.53403097641101,710827.0,653533829.8800001,20170324,9.19,1.2197985419457147,20241010,20241010,1.021872
000001.SZ,1d,2017-03-27,7.476644451019413,7.53403097641101,7.443852150795645,7.493040601131299,985012.0,900094460.9200001,20170327,9.14,1.2197985419457147,20241010,20241010,1.021872
000001.SZ,1d,2017-03-28,7.509436751243183,7.517634826299125,7.460248300907529,7.476644451019413,481372.0,439405816.17,20170328,9.12,1.2197985419457147,20241010,20241010,1.021872
000001.SZ,1d,2017-03-29,7.484842526075355,7.501238676187241,7.452050225851587,7.468446375963471,601140.0,548060692.96,20170329,9.11,1.2197985419457147,20241010,20241010,1.021872
000001.SZ,1d,2017-03-30,7.476644451019415,7.476644451019415,7.42745600068376,7.443852150795645,687285.0,623995512.84,20170330,9.08,1.2197985419457147,20241010,20241010,1.021872
000001.SZ,1d,2017-03-31,7.443852150795645,7.525832901355067,7.443852150795645,7.517634826299125,633121.0,578579035.11,20170331,9.17,1.2197985419457147,20241010,20241010,1.021872
000001.SZ,1d,2017-04-05,7.509436751243183,7.558625201578838,7.501238676187241,7.550427126522896,499150.0,458567834.2,20170405,9.21,1.2197985419457147,20241010,20241010,1.021872
000001.SZ,1d,2017-04-06,7.542229051466952,7.558625201578838,7.517634826299125,7.542229051466952,434391.0,399118983.36,20170406,9.2,1.2197985419457147,20241010,20241010,1.021872
000001.SZ,1d,2017-04-07,7.53403097641101,7.558625201578838,7.517634826299125,7.542229051466952,514844.0,473366404.45000005,20170407,9.2,1.2197985419457147,20241010,20241010,1.021872
000001.SZ,1d,2017-04-10,7.542229051466952,7.550427126522894,7.517634826299125,7.525832901355067,401343.0,368682024.90000004,20170410,9.18,1.2197985419457147,20241010,20241010,1.021872
000001.SZ,1d,2017-04-11,7.517634826299125,7.53403097641101,7.452050225851587,7.501238676187241,612437.0,560304072.91,20170411,9.15,1.2197985419457147,20241010,20241010,1.021872
000001.SZ,1d,2017-04-12,7.509436751243183,7.517634826299125,7.460248300907529,7.476644451019413,455336.0,416101249.02,20170412,9.12,1.2197985419457147,20241010,20241010,1.021872
000001.SZ,1d,2017-04-13,7.468446375963471,7.493040601131297,7.460248300907529,7.476644451019413,357442.0,325949861.06,20170413,9.12,1.2197985419457147,20241010,20241010,1.021872
000001.SZ,1d,2017-04-14,7.468446375963473,7.476644451019415,7.42745600068376,7.443852150795645,490500.0,445637458.07,20170414,9.08,1.2197985419457147,20241010,20241010,1.021872
000001.SZ,1d,2017-04-17,7.443852150795645,7.468446375963473,7.419257925627818,7.460248300907531,531892.0,483130499.71999997,20170417,9.100000000000001,1.2197985419457147,20241010,20241010,1.021872
000001.SZ,1d,2017-04-18,7.452050225851587,7.460248300907531,7.419257925627818,7.419257925627818,335376.0,304162860.29,20170418,9.05,1.2197985419457147,20241010,20241010,1.021872
000001.SZ,1d,2017-04-19,7.402861775515934,7.411059850571876,7.296286799788683,7.304484874844625,799668.0,714963673.1400001,20170419,8.91,1.2197985419457147,20241010,20241010,1.021872
000001.SZ,1d,2017-04-20,7.296286799788683,7.329079100012453,7.288088724732741,7.312682949900567,437629.0,390063543.84000003,20170420,8.92,1.2197985419457147,20241010,20241010,1.021872
000001.SZ,1d,2017-04-21,7.312682949900567,7.370069475292164,7.296286799788683,7.35367332518028,325408.0,291126076.24,20170421,8.97,1.2197985419457147,20241010,20241010,1.021872
000001.SZ,1d,2017-04-24,7.35367332518028,7.361871400236222,7.288088724732741,7.320881024956509,394995.0,352926394.67,20170424,8.93,1.2197985419457147,20241010,20241010,1.021872
000001.SZ,1d,2017-04-25,7.320881024956509,7.386465625404048,7.320881024956509,7.378267550348106,377933.0,339230143.96999997,20170425,9.0,1.2197985419457147,20241010,20241010,1.021872
000001.SZ,1d,2017-04-26,7.378267550348106,7.38646562540405,7.345475250124338,7.370069475292164,382147.0,343316092.51000005,20170426,8.99,1.2197985419457147,20241010,20241010,1.021872
000001.SZ,1d,2017-04-27,7.35367332518028,7.361871400236222,7.304484874844625,7.35367332518028,387392.0,346186989.88,20170427,8.97,1.2197985419457147,20241010,20241010,1.021872
000001.SZ,1d,2017-04-28,7.345475250124336,7.370069475292164,7.312682949900567,7.370069475292164,286446.0,256106698.72,20170428,8.99,1.2197985419457147,20241010,20241010,1.021872
000001.SZ,1d,2017-05-02,7.345475250124338,7.345475250124338,7.296286799788683,7.329079100012452,311026.0,277665881.67,20170502,8.94,1.2197985419457147,20241010,20241010,1.021872
000001.SZ,1d,2017-05-03,7.312682949900567,7.320881024956509,7.288088724732741,7.304484874844625,280310.0,249660877.22,20170503,8.91,1.2197985419457147,20241010,20241010,1.021872
000001.SZ,1d,2017-05-04,7.288088724732741,7.288088724732741,7.148721448781721,7.165117598893605,696517.0,613783434.3100001,20170504,8.74,1.2197985419457147,20241010,20241010,1.021872
000001.SZ,1d,2017-05-05,7.165117598893605,7.1815137490054894,7.033948397998528,7.07493877327824,623700.0,539541739.86,20170505,8.63,1.2197985419457147,20241010,20241010,1.021872
000001.SZ,1d,2017-05-08,7.050344548110414,7.066740698222298,7.001156097774759,7.025750322942586,460089.0,394424117.19,20170508,8.57,1.2197985419457147,20241010,20241010,1.021872
000001.SZ,1d,2017-05-09,7.017552247886643,7.083136848334182,7.009354172830701,7.083136848334182,324194.0,279119676.49,20170509,8.64,1.2197985419457147,20241010,20241010,1.021872
000001.SZ,1d,2017-05-10,7.07493877327824,7.214306049229259,7.066740698222298,7.10773107350201,573077.0,498675307.83000004,20170510,8.670000000000002,1.2197985419457147,20241010,20241010,1.021872
000001.SZ,1d,2017-05-11,7.091334923390124,7.1487214487817194,7.050344548110412,7.132325298669835,503643.0,436444282.31000006,20170511,8.7,1.2197985419457147,20241010,20241010,1.021872
000001.SZ,1d,2017-05-12,7.11592914855795,7.296286799788683,7.083136848334182,7.296286799788683,917968.0,809131900.1400001,20170512,8.9,1.2197985419457147,20241010,20241010,1.021872
000001.SZ,1d,2017-05-15,7.288088724732741,7.337277175068395,7.2225041242852015,7.263494499564914,536578.0,476417671.71999997,20170515,8.860000000000001,1.2197985419457147,20241010,20241010,1.021872
000001.SZ,1d,2017-05-16,7.2470983494530286,7.255296424508971,7.156919523837663,7.2470983494530286,524872.0,461069300.97,20170516,8.84,1.2197985419457147,20241010,20241010,1.021872
000001.SZ,1d,2017-05-17,7.2225041242852015,7.2225041242852015,7.173315673949547,7.1897118240614315,417338.0,365987542.61,20170517,8.77,1.2197985419457147,20241010,20241010,1.021872
000001.SZ,1d,2017-05-18,7.148721448781721,7.189711824061433,7.140523373725779,7.156919523837663,227401.0,198765579.76000002,20170518,8.73,1.2197985419457147,20241010,20241010,1.021872
000001.SZ,1d,2017-05-19,7.165117598893605,7.1815137490054894,7.11592914855795,7.124127223613893,294270.0,256396867.64000002,20170519,8.69,1.2197985419457147,20241010,20241010,1.021872
000001.SZ,1d,2017-05-22,7.11592914855795,7.1569195238376615,7.058542623166354,7.11592914855795,679120.0,588546725.07,20170522,8.68,1.2197985419457147,20241010,20241010,1.021872
000001.SZ,1d,2017-05-23,7.107731073502008,7.2470983494530286,7.083136848334182,7.206107974173317,800040.0,702123772.9800001,20170523,8.790000000000001,1.2197985419457147,20241010,20241010,1.021872
000001.SZ,1d,2017-05-24,7.1979098991173736,7.2389002743970865,7.11592914855795,7.2225041242852015,532376.0,466560635.92,20170524,8.81,1.2197985419457147,20241010,20241010,1.021872
000001.SZ,1d,2017-05-25,7.206107974173316,7.493040601131297,7.1979098991173736,7.460248300907529,1621543.0,1462763018.52,20170525,9.1,1.2197985419457147,20241010,20241010,1.021872
000001.SZ,1d,2017-05-26,7.443852150795645,7.484842526075357,7.411059850571876,7.460248300907531,895365.0,813387170.15,20170526,9.100000000000001,1.2197985419457147,20241010,20241010,1.021872
000001.SZ,1d,2017-05-31,7.460248300907529,7.56682327663478,7.42745600068376,7.542229051466953,1033210.0,948741889.7,20170531,9.200000000000001,1.2197985419457147,20241010,20241010,1.021872
000001.SZ,1d,2017-06-01,7.542229051466953,7.56682327663478,7.476644451019415,7.534030976411011,566182.0,519544675.84,20170601,9.190000000000001,1.2197985419457147,20241010,20241010,1.021872
000001.SZ,1d,2017-06-02,7.525832901355067,7.616011726970434,7.493040601131299,7.517634826299125,770757.0,710119498.0999999,20170602,9.17,1.2197985419457147,20241010,20241010,1.021872
000001.SZ,1d,2017-06-05,7.484842526075357,7.517634826299125,7.370069475292164,7.402861775515932,634132.0,573460396.83,20170605,9.03,1.2197985419457147,20241010,20241010,1.021872
000001.SZ,1d,2017-06-06,7.386465625404048,7.42745600068376,7.370069475292164,7.411059850571876,355341.0,320520904.30999994,20170606,9.040000000000001,1.2197985419457147,20241010,20241010,1.021872
000001.SZ,1d,2017-06-07,7.39466370045999,7.501238676187241,7.386465625404048,7.484842526075355,645723.0,587357671.1600001,20170607,9.129999999999999,1.2197985419457147,20241010,20241010,1.021872
000001.SZ,1d,2017-06-08,7.468446375963471,7.501238676187241,7.443852150795645,7.484842526075357,383004.0,348860774.29999995,20170608,9.13,1.2197985419457147,20241010,20241010,1.021872
000001.SZ,1d,2017-06-09,7.501238676187241,7.558625201578838,7.476644451019415,7.501238676187241,685468.0,628281688.31,20170609,9.15,1.2197985419457147,20241010,20241010,1.021872
000001.SZ,1d,2017-06-12,7.501238676187241,7.53403097641101,7.460248300907529,7.468446375963471,504578.0,461493689.83,20170612,9.11,1.2197985419457147,20241010,20241010,1.021872
000001.SZ,1d,2017-06-13,7.468446375963473,7.493040601131299,7.419257925627818,7.476644451019415,448434.0,407876695.89000005,20170613,9.120000000000001,1.2197985419457147,20241010,20241010,1.021872
000001.SZ,1d,2017-06-14,7.476644451019415,7.484842526075357,7.411059850571876,7.443852150795645,375444.0,340596135.74,20170614,9.08,1.2197985419457147,20241010,20241010,1.021872
000001.SZ,1d,2017-06-15,7.443852150795645,7.443852150795645,7.402861775515932,7.411059850571874,337797.0,305610500.17,20170615,9.04,1.2197985419457147,20241010,20241010,1.021872
000001.SZ,1d,2017-06-16,7.411059850571874,7.443852150795645,7.386465625404048,7.39466370045999,285991.0,258559005.29,20170616,9.02,1.2197985419457147,20241010,20241010,1.021872
000001.SZ,1d,2017-06-19,7.402861775515932,7.501238676187241,7.39466370045999,7.484842526075355,489704.0,446000772.99,20170619,9.129999999999999,1.2197985419457147,20241010,20241010,1.021872
000001.SZ,1d,2017-06-20,7.476644451019413,7.509436751243183,7.452050225851587,7.476644451019413,313615.0,286053883.71000004,20170620,9.12,1.2197985419457147,20241010,20241010,1.021872
000001.SZ,1d,2017-06-21,7.517634826299125,7.525832901355067,7.468446375963471,7.501238676187239,496932.0,454488888.04,20170621,9.149999999999999,1.2197985419457147,20241010,20241010,1.021872
000001.SZ,1d,2017-06-22,7.501238676187241,7.7061905525858,7.493040601131299,7.583219426746664,1426958.0,1325210564.6399999,20170622,9.25,1.2197985419457147,20241010,20241010,1.021872
000001.SZ,1d,2017-06-23,7.56682327663478,7.5996155768585485,7.509436751243183,7.583219426746664,584004.0,538303574.27,20170623,9.25,1.2197985419457147,20241010,20241010,1.021872
000001.SZ,1d,2017-06-26,7.591417501802606,7.7061905525858,7.591417501802606,7.6242098020263755,710769.0,663762850.0400001,20170626,9.299999999999999,1.2197985419457147,20241010,20241010,1.021872
000001.SZ,1d,2017-06-27,7.6242098020263755,7.697992477529856,7.5996155768585485,7.67339825236203,546016.0,509162008.98,20170627,9.36,1.2197985419457147,20241010,20241010,1.021872
000001.SZ,1d,2017-06-28,7.665200177306088,7.779973228089281,7.6488040271942035,7.730784777753626,1168796.0,1102438099.9,20170628,9.43,1.2197985419457147,20241010,20241010,1.021872
000001.SZ,1d,2017-06-29,7.730784777753628,7.747180927865512,7.6815963274179735,7.730784777753628,488804.0,459810415.61999995,20170629,9.430000000000001,1.2197985419457147,20241010,20241010,1.021872
000001.SZ,1d,2017-06-30,7.7061905525858,7.730784777753626,7.6324078770823185,7.697992477529858,499633.0,468003516.71999997,20170630,9.39,1.2197985419457147,20241010,20241010,1.021872
000001.SZ,1d,2017-07-03,7.7061905525858,7.730784777753626,7.6570021022501455,7.7061905525858,388349.0,364465847.32,20170703,9.4,1.2197985419457147,20241010,20241010,1.021872
000001.SZ,1d,2017-07-04,7.7061905525858,7.714388627641742,7.624209802026376,7.6570021022501455,488362.0,456577021.24999994,20170704,9.34,1.2197985419457147,20241010,20241010,1.021872
000001.SZ,1d,2017-07-05,7.616011726970433,7.689794402473914,7.5996155768585485,7.681596327417972,567720.0,529294114.23999995,20170705,9.37,1.2197985419457147,20241010,20241010,1.021872
000001.SZ,1d,2017-07-06,7.673398252362031,7.714388627641742,7.6324078770823185,7.7061905525858,738911.0,691387184.15,20170706,9.4,1.2197985419457147,20241010,20241010,1.021872
000001.SZ,1d,2017-07-07,7.681596327417972,7.771775153033339,7.6570021022501455,7.763577077977397,760369.0,717084352.1800001,20170707,9.47,1.2197985419457147,20241010,20241010,1.021872
000001.SZ,1d,2017-07-10,7.747180927865511,7.9193405040403,7.738982852809569,7.861953978648704,1360815.0,1303090005.3600001,20170710,9.59,1.2197985419457147,20241010,20241010,1.021872
000001.SZ,1d,2017-07-11,7.878350128760588,8.575186508515687,7.878350128760588,8.403026932340898,3812086.0,3842010171.29,20170711,10.25,1.2197985419457147,20241010,20241010,1.021872
000001.SZ,1d,2017-07-12,8.419423082452784,8.673563409186997,8.362036557061188,8.47680960784438,2998844.0,3113681338.88,20170712,10.340000000000002,1.2197985419457147,20241010,20241010,1.021872
000001.SZ,1d,2017-07-13,8.44401730762061,8.935901810977152,8.394828857284956,8.935901810977152,2994534.0,3180144566.46,20170713,10.9,1.2197985419457147,20241010,20241010,1.021872
000001.SZ,1d,2017-07-14,8.86211913547367,8.96869411120092,8.739148009634535,8.935901810977152,1722570.0,1864449201.5,20170714,10.9,1.2197985419457147,20241010,20241010,1.021872
000001.SZ,1d,2017-07-17,8.976892186256864,9.28841903838267,8.78833645997019,8.86211913547367,3273123.0,3608692279.05,20170717,10.81,1.2197985419457147,20241010,20241010,1.021872
000001.SZ,1d,2017-07-18,8.812930685138017,9.132655612319768,8.706355709410765,9.058872936816286,2349431.0,2558433986.13,20170718,11.05,1.2197985419457147,20241010,20241010,1.021872
000001.SZ,1d,2017-07-19,9.009684486480632,9.17364598759948,8.919505660865266,9.091665237040056,1933075.0,2131336294.18,20170719,11.090000000000002,1.2197985419457147,20241010,20241010,1.021872
000001.SZ,1d,2017-07-20,9.083467161984112,9.198240212767306,8.944099886033094,8.993288336368748,1537338.0,1695060974.17,20170720,10.97,1.2197985419457147,20241010,20241010,1.021872
000001.SZ,1d,2017-07-21,9.00992619032751,9.109759167505654,8.893454383619675,9.059842678916581,1501020.0,1625416436.89,20170721,10.889999999999999,1.202007627057634,20241010,20241010,1.021872
000001.SZ,1d,2017-07-24,9.001606775562665,9.201272729918953,8.926732042679058,9.109759167505656,1692664.0,1846886678.93,20170724,10.950000000000001,1.202007627057634,20241010,20241010,1.021872
000001.SZ,1d,2017-07-25,9.13471741180019,9.375980439980706,9.109759167505656,9.151356241329882,1954768.0,2172114597.09,20170725,11.000000000000002,1.202007627057634,20241010,20241010,1.021872
000001.SZ,1d,2017-07-26,9.084800923211118,9.301105707097097,8.86849613932514,8.935051457443903,1697412.0,1846282151.7699997,20170726,10.74,1.202007627057634,20241010,20241010,1.021872
000001.SZ,1d,2017-07-27,8.918412627914211,8.960009701738437,8.76034374738215,8.810260235971223,1194490.0,1273888886.18,20170727,10.59,1.202007627057634,20241010,20241010,1.021872
000001.SZ,1d,2017-07-28,8.826899065500912,8.99328736079782,8.801940821206376,8.935051457443903,819195.0,877769279.49,20170728,10.74,1.202007627057634,20241010,20241010,1.021872
000001.SZ,1d,2017-07-31,8.984967946032976,9.001606775562665,8.693788429263387,8.876815554089987,1575864.0,1671814035.24,20170731,10.670000000000002,1.202007627057634,20241010,20241010,1.021872
000001.SZ,1d,2017-08-01,8.851857309795447,9.217911559448645,8.818579650736067,9.184633900389262,2035709.0,2222887933.96,20170801,11.04,1.202007627057634,20241010,20241010,1.021872
000001.SZ,1d,2017-08-02,9.192953315154108,9.434216343334624,9.1180785822705,9.276147462802562,2062069.0,2307726682.9399996,20170802,11.15,1.202007627057634,20241010,20241010,1.021872
000001.SZ,1d,2017-08-03,9.267828048037716,9.33438336615648,9.126397997035346,9.159675656094727,984219.0,1090954131.84,20170803,11.01,1.202007627057634,20241010,20241010,1.021872
000001.SZ,1d,2017-08-04,9.15135624132988,9.392619269510396,9.093120337975963,9.292786292332252,1353951.0,1511389828.31,20170804,11.17,1.202007627057634,20241010,20241010,1.021872
000001.SZ,1d,2017-08-07,9.201272729918953,9.292786292332252,9.068162093681428,9.15135624132988,860644.0,946975699.5600001,20170807,11.0,1.202007627057634,20241010,20241010,1.021872
000001.SZ,1d,2017-08-08,9.15135624132988,9.24286980374318,9.076481508446273,9.192953315154108,689567.0,758872028.53,20170808,11.05,1.202007627057634,20241010,20241010,1.021872
000001.SZ,1d,2017-08-09,9.118078582270499,9.167995070859572,8.88513496885483,8.926732042679058,1042321.0,1126512107.8200002,20170809,10.73,1.202007627057634,20241010,20241010,1.021872
000001.SZ,1d,2017-08-10,8.901773798384522,9.001606775562665,8.768663162146996,8.835218480265759,959879.0,1026676005.5000001,20170810,10.620000000000001,1.202007627057634,20241010,20241010,1.021872
000001.SZ,1d,2017-08-11,8.718746673557924,8.768663162146996,8.311095350080501,8.336053594375036,2440643.0,2501779371.25,20170811,10.02,1.202007627057634,20241010,20241010,1.021872
000001.SZ,1d,2017-08-14,8.427567156788337,8.527400133966482,8.35269242390473,8.502441889671944,1157664.0,1175479138.54,20170814,10.22,1.202007627057634,20241010,20241010,1.021872
000001.SZ,1d,2017-08-15,8.519080719201636,8.74370491785246,8.4941224749071,8.577316622555553,1075162.0,1116749994.49,20170815,10.31,1.202007627057634,20241010,20241010,1.021872
000001.SZ,1d,2017-08-16,8.560677793025862,8.627233111144625,8.444205986318027,8.602274866850088,756806.0,778517621.68,20170816,10.34,1.202007627057634,20241010,20241010,1.021872
000001.SZ,1d,2017-08-17,8.610594281614935,8.668830184968852,8.560677793025862,8.668830184968852,553642.0,573093949.61,20170817,10.420000000000002,1.202007627057634,20241010,20241010,1.021872
000001.SZ,1d,2017-08-18,8.61891369637978,8.81857965073607,8.560677793025862,8.685469014498542,616520.0,643188717.2099999,20170818,10.440000000000001,1.202007627057634,20241010,20241010,1.021872
000001.SZ,1d,2017-08-21,8.677149599733696,8.752024332617305,8.643871940674316,8.702107844028234,399154.0,417653110.84999996,20170821,10.46,1.202007627057634,20241010,20241010,1.021872
000001.SZ,1d,2017-08-22,8.718746673557924,8.86849613932514,8.627233111144625,8.860176724560294,875681.0,922881865.79,20170822,10.65,1.202007627057634,20241010,20241010,1.021872
000001.SZ,1d,2017-08-23,8.843537895030602,9.13471741180019,8.810260235971223,9.068162093681428,1319151.0,1430051908.04,20170823,10.9,1.202007627057634,20241010,20241010,1.021872
000001.SZ,1d,2017-08-24,9.059842678916583,9.24286980374318,9.018245605092355,9.093120337975963,924248.0,1014933651.98,20170824,10.93,1.202007627057634,20241010,20241010,1.021872
000001.SZ,1d,2017-08-25,9.10143975274081,9.292786292332252,9.068162093681428,9.242869803743181,963940.0,1068994547.06,20170825,11.110000000000001,1.202007627057634,20241010,20241010,1.021872
000001.SZ,1d,2017-08-28,9.234550388978334,9.600604638631529,9.234550388978334,9.442535758099467,1603938.0,1828380086.0000002,20170828,11.35,1.202007627057634,20241010,20241010,1.021872
000001.SZ,1d,2017-08-29,9.400938684275241,9.766992933928437,9.384299854745551,9.70875703057452,1357983.0,1569230034.16,20170829,11.67,1.202007627057634,20241010,20241010,1.021872
000001.SZ,1d,2017-08-30,9.717076445339364,9.733715274869056,9.442535758099467,9.509091076218231,1096674.0,1264128140.6799998,20170830,11.43,1.202007627057634,20241010,20241010,1.021872
000001.SZ,1d,2017-08-31,9.47581341715885,9.517410490983076,9.276147462802562,9.384299854745551,1151786.0,1297730595.7200003,20170831,11.280000000000001,1.202007627057634,20241010,20241010,1.021872
000001.SZ,1d,2017-09-01,9.384299854745551,9.47581341715885,9.276147462802562,9.326063951391633,959976.0,1080996319.27,20170901,11.21,1.202007627057634,20241010,20241010,1.021872
000001.SZ,1d,2017-09-04,9.301105707097097,9.750354104398747,9.292786292332252,9.750354104398747,1352325.0,1551875033.9,20170904,11.72,1.202007627057634,20241010,20241010,1.021872
000001.SZ,1d,2017-09-05,9.717076445339364,9.933381229225343,9.650521127220602,9.683798786279983,1287518.0,1513759541.19,20170905,11.639999999999999,1.202007627057634,20241010,20241010,1.021872
000001.SZ,1d,2017-09-06,9.642201712455757,9.883464740636272,9.550688150042458,9.733715274869056,791621.0,925519043.82,20170906,11.700000000000001,1.202007627057634,20241010,20241010,1.021872
000001.SZ,1d,2017-09-07,9.69211820104483,9.775312348693282,9.47581341715885,9.517410490983078,614187.0,711036421.43,20170907,11.440000000000001,1.202007627057634,20241010,20241010,1.021872
000001.SZ,1d,2017-09-08,9.534049320512768,9.683798786279985,9.467494002394005,9.559007564807303,481276.0,553644520.36,20170908,11.49,1.202007627057634,20241010,20241010,1.021872
000001.SZ,1d,2017-09-11,9.60060463863153,9.72539586010421,9.400938684275243,9.467494002394005,699472.0,801825014.63,20170911,11.38,1.202007627057634,20241010,20241010,1.021872
000001.SZ,1d,2017-09-12,9.467494002394004,9.600604638631529,9.375980439980705,9.600604638631529,846183.0,962032172.14,20170912,11.54,1.202007627057634,20241010,20241010,1.021872
000001.SZ,1d,2017-09-13,9.559007564807303,9.600604638631529,9.434216343334622,9.509091076218231,668237.0,765028184.64,20170913,11.43,1.202007627057634,20241010,20241010,1.021872
000001.SZ,1d,2017-09-14,9.509091076218231,9.642201712455757,9.35102219568617,9.417577513804932,883087.0,1005775578.2400001,20170914,11.32,1.202007627057634,20241010,20241010,1.021872
000001.SZ,1d,2017-09-15,9.392619269510398,9.417577513804932,9.276147462802562,9.392619269510398,646094.0,726061100.4500002,20170915,11.290000000000001,1.202007627057634,20241010,20241010,1.021872
000001.SZ,1d,2017-09-18,9.359341610451017,9.417577513804932,9.317744536626789,9.359341610451017,607612.0,684223023.19,20170918,11.250000000000002,1.202007627057634,20241010,20241010,1.021872
000001.SZ,1d,2017-09-19,9.359341610451015,9.434216343334622,9.217911559448645,9.25950863327287,764212.0,853815999.65,20170919,11.13,1.202007627057634,20241010,20241010,1.021872
000001.SZ,1d,2017-09-20,9.267828048037716,9.45917458762916,9.192953315154108,9.392619269510398,787154.0,884640964.2099999,20170920,11.290000000000001,1.202007627057634,20241010,20241010,1.021872
000001.SZ,1d,2017-09-21,9.367661025215861,9.575646394336996,9.317744536626789,9.534049320512768,692407.0,788605300.87,20170921,11.46,1.202007627057634,20241010,20241010,1.021872
000001.SZ,1d,2017-09-22,9.509091076218231,9.58396580910184,9.409258099040088,9.517410490983078,593927.0,677622489.51,20170922,11.440000000000001,1.202007627057634,20241010,20241010,1.021872
000001.SZ,1d,2017-09-25,9.517410490983076,9.525729905747921,9.301105707097097,9.392619269510396,532391.0,602270302.75,20170925,11.29,1.202007627057634,20241010,20241010,1.021872
000001.SZ,1d,2017-09-26,9.367661025215861,9.400938684275243,9.1180785822705,9.192953315154108,967460.0,1074228193.8000002,20170926,11.05,1.202007627057634,20241010,20241010,1.021872
000001.SZ,1d,2017-09-27,9.159675656094727,9.217911559448645,9.068162093681428,9.093120337975963,727188.0,798377280.0500001,20170927,10.93,1.202007627057634,20241010,20241010,1.021872
000001.SZ,1d,2017-09-28,9.13471741180019,9.13471741180019,9.001606775562665,9.051523264151738,517220.0,563485127.39,20170928,10.88,1.202007627057634,20241010,20241010,1.021872
000001.SZ,1d,2017-09-29,9.084800923211118,9.284466877567407,9.034884434622045,9.24286980374318,682280.0,753852534.72,20170929,11.11,1.202007627057634,20241010,20241010,1.021872
000001.SZ,1d,2017-10-09,9.625562882926067,9.683798786279985,9.36766102521586,9.400938684275241,1325227.0,1520609511.5700002,20171009,11.299999999999999,1.202007627057634,20241010,20241010,1.021872
000001.SZ,1d,2017-10-10,9.425896928569777,9.56732697957215,9.425896928569777,9.542368735277613,747925.0,853665849.11,20171010,11.47,1.202007627057634,20241010,20241010,1.021872
000001.SZ,1d,2017-10-11,9.550688150042458,9.633882297690912,9.434216343334622,9.592285223866684,658077.0,756203405.4,20171011,11.53,1.202007627057634,20241010,20241010,1.021872
000001.SZ,1d,2017-10-12,9.60060463863153,9.633882297690912,9.542368735277613,9.608924053396375,578065.0,667148377.69,20171012,11.55,1.202007627057634,20241010,20241010,1.021872
000001.SZ,1d,2017-10-13,9.61724346816122,9.61724346816122,9.359341610451015,9.450855172864314,737375.0,839662734.96,20171013,11.36,1.202007627057634,20241010,20241010,1.021872
000001.SZ,1d,2017-10-16,9.450855172864314,9.650521127220603,9.392619269510398,9.642201712455758,1036250.0,1190724204.76,20171016,11.590000000000002,1.202007627057634,20241010,20241010,1.021872
000001.SZ,1d,2017-10-17,9.667159956750293,9.69211820104483,9.550688150042458,9.575646394336994,506372.0,585333998.33,20171017,11.51,1.202007627057634,20241010,20241010,1.021872
000001.SZ,1d,2017-10-18,9.592285223866684,9.733715274869056,9.575646394336994,9.725395860104209,871365.0,1011050927.6999999,20171018,11.69,1.202007627057634,20241010,20241010,1.021872
000001.SZ,1d,2017-10-19,9.683798786279985,9.750354104398747,9.625562882926067,9.675479371515138,722764.0,841546799.4000001,20171019,11.63,1.202007627057634,20241010,20241010,1.021872
000001.SZ,1d,2017-10-20,9.642201712455757,9.642201712455757,9.49245224668854,9.550688150042458,461808.0,529747048.15999997,20171020,11.48,1.202007627057634,20241010,20241010,1.021872
000001.SZ,1d,2017-10-23,9.47581341715885,9.484132831923695,9.276147462802562,9.309425121861942,1074465.0,1206888281.81,20171023,11.19,1.202007627057634,20241010,20241010,1.021872
000001.SZ,1d,2017-10-24,9.317744536626787,9.500771661453385,9.301105707097097,9.47581341715885,618871.0,700896871.75,20171024,11.39,1.202007627057634,20241010,20241010,1.021872
000001.SZ,1d,2017-10-25,9.450855172864314,9.459174587629159,9.359341610451015,9.375980439980705,418573.0,472708177.86,20171025,11.27,1.202007627057634,20241010,20241010,1.021872
000001.SZ,1d,2017-10-26,9.359341610451017,9.417577513804932,9.251189218508026,9.301105707097099,928996.0,1041707022.8800001,20171026,11.180000000000001,1.202007627057634,20241010,20241010,1.021872
000001.SZ,1d,2017-10-27,9.309425121861942,9.61724346816122,9.301105707097097,9.61724346816122,1360086.0,1548543731.64,20171027,11.56,1.202007627057634,20241010,20241010,1.021872
000001.SZ,1d,2017-10-30,9.608924053396375,9.758673519163592,9.525729905747923,9.61724346816122,1278246.0,1484495472.5400002,20171030,11.56,1.202007627057634,20241010,20241010,1.021872
000001.SZ,1d,2017-10-31,9.608924053396375,9.633882297690912,9.47581341715885,9.60060463863153,627491.0,721237474.23,20171031,11.540000000000001,1.202007627057634,20241010,20241010,1.021872
000001.SZ,1d,2017-11-01,9.61724346816122,9.642201712455757,9.417577513804932,9.484132831923695,692617.0,792881042.8199999,20171101,11.4,1.202007627057634,20241010,20241010,1.021872
000001.SZ,1d,2017-11-02,9.450855172864314,9.633882297690912,9.36766102521586,9.600604638631529,604308.0,689229873.86,20171102,11.54,1.202007627057634,20241010,20241010,1.021872
000001.SZ,1d,2017-11-03,9.559007564807303,9.717076445339364,9.442535758099467,9.475813417158848,743343.0,852032107.89,20171103,11.389999999999999,1.202007627057634,20241010,20241010,1.021872
000001.SZ,1d,2017-11-06,9.500771661453385,9.500771661453385,9.22623097421349,9.384299854745551,1029902.0,1157303985.6000001,20171106,11.28,1.202007627057634,20241010,20241010,1.021872
000001.SZ,1d,2017-11-07,9.375980439980705,10.058172450698024,9.359341610451015,9.916742399695654,2477163.0,2914269160.44,20171107,11.92,1.202007627057634,20241010,20241010,1.021872
000001.SZ,1d,2017-11-08,9.983297717814416,10.47414318894029,9.925061814460499,10.091450109757405,4262825.0,5199224276.82,20171108,12.129999999999999,1.202007627057634,20241010,20241010,1.021872
000001.SZ,1d,2017-11-09,10.149686013111324,10.457504359410601,10.108088939287097,10.257838405054311,2295289.0,2839861735.04,20171109,12.33,1.202007627057634,20241010,20241010,1.021872
000001.SZ,1d,2017-11-10,10.291116064113695,10.440865529880911,10.108088939287097,10.232880160759777,1757552.0,2167126597.89,20171110,12.3,1.202007627057634,20241010,20241010,1.021872
000001.SZ,1d,2017-11-13,10.274477234584003,10.898433341947404,10.274477234584003,10.732045046650498,2566906.0,3307955288.7400002,20171113,12.9,1.202007627057634,20241010,20241010,1.021872
000001.SZ,1d,2017-11-14,10.773642120474724,11.03154397818493,10.657170313766889,10.773642120474724,1780302.0,2318092534.3199997,20171114,12.950000000000001,1.202007627057634,20241010,20241010,1.021872
000001.SZ,1d,2017-11-15,10.732045046650498,10.923391586241939,10.623892654707507,10.732045046650498,1263052.0,1627912725.03,20171115,12.9,1.202007627057634,20241010,20241010,1.021872
000001.SZ,1d,2017-11-16,10.732045046650498,10.915072171477094,10.540698507059053,10.898433341947404,1200814.0,1550701791.1,20171116,13.1,1.202007627057634,20241010,20241010,1.021872
000001.SZ,1d,2017-11-17,10.956669245301322,11.197932273481838,10.840197438593487,10.964988660066167,2064149.0,2731215933.7500005,20171117,13.180000000000001,1.202007627057634,20241010,20241010,1.021872
000001.SZ,1d,2017-11-20,10.92339158624194,11.855166039904619,10.856836268123178,11.855166039904619,2843925.0,3860145472.82,20171120,14.25,1.202007627057634,20241010,20241010,1.021872
000001.SZ,1d,2017-11-21,11.705416574137402,12.304414437206267,11.655500085548331,12.021554335201525,2495327.0,3609849024.92,20171121,14.45,1.202007627057634,20241010,20241010,1.021872
000001.SZ,1d,2017-11-22,12.046512579496062,12.678788101624308,12.046512579496062,12.562316294916473,2570231.0,3839501153.96,20171122,15.1,1.202007627057634,20241010,20241010,1.021872
000001.SZ,1d,2017-11-23,12.6039133687407,12.678788101624308,11.705416574137402,11.938360187553071,2429142.0,3562843399.78,20171123,14.35,1.202007627057634,20241010,20241010,1.021872
000001.SZ,1d,2017-11-24,11.888443698964,12.138026141909362,11.464153545956888,12.113067897614824,2630189.0,3732597275.58,20171124,14.56,1.202007627057634,20241010,20241010,1.021872
000001.SZ,1d,2017-11-27,11.896763113728847,11.896763113728847,11.439195301662352,11.588944767429567,2064085.0,2878491901.4700003,20171127,13.93,1.202007627057634,20241010,20241010,1.021872
000001.SZ,1d,2017-11-28,11.522389449310804,11.522389449310804,11.148015784892765,11.397598227838126,1766432.0,2396540133.1,20171128,13.700000000000001,1.202007627057634,20241010,20241010,1.021872
000001.SZ,1d,2017-11-29,11.42255647213266,11.588944767429568,11.206251688246683,11.49743120501627,1564094.0,2148312654.9900002,20171129,13.82,1.202007627057634,20241010,20241010,1.021872
000001.SZ,1d,2017-11-30,11.397598227838124,11.42255647213266,11.03154397818493,11.131376955363073,1379635.0,1866700884.5900002,20171130,13.379999999999999,1.202007627057634,20241010,20241010,1.021872
000001.SZ,1d,2017-12-01,11.148015784892765,11.214571103011528,10.781961535239569,10.81523919429895,1784933.0,2354299656.82,20171201,13.0,1.202007627057634,20241010,20241010,1.021872
000001.SZ,1d,2017-12-04,10.856836268123178,11.123057540598227,10.81523919429895,11.064821637244311,1454023.0,1923315712.98,20171204,13.3,1.202007627057634,20241010,20241010,1.021872
000001.SZ,1d,2017-12-05,10.94003041577163,11.222890517776372,10.898433341947404,11.06482163724431,1723681.0,2301867653.6200004,20171205,13.299999999999999,1.202007627057634,20241010,20241010,1.021872
000001.SZ,1d,2017-12-06,11.031543978184931,11.039863392949776,10.640531484237199,10.881794512417713,1619844.0,2104168537.1000001,20171206,13.08,1.202007627057634,20241010,20241010,1.021872
000001.SZ,1d,2017-12-07,10.856836268123178,10.931711001006786,10.607253825177816,10.67380914329658,1181957.0,1526953344.35,20171207,12.83,1.202007627057634,20241010,20241010,1.021872
000001.SZ,1d,2017-12-08,10.723725631885651,10.890113927182558,10.607253825177816,10.890113927182558,1351315.0,1751423112.52,20171208,13.09,1.202007627057634,20241010,20241010,1.021872
000001.SZ,1d,2017-12-11,10.881794512417713,11.289445835895135,10.715406217120806,11.231209932541217,2261952.0,2980735572.46,20171211,13.5,1.202007627057634,20241010,20241010,1.021872
000001.SZ,1d,2017-12-12,11.148015784892765,11.214571103011528,10.83187802382864,10.83187802382864,1743405.0,2302354901.4999995,20171212,13.02,1.202007627057634,20241010,20241010,1.021872
000001.SZ,1d,2017-12-13,10.81523919429895,10.981627489595859,10.715406217120806,10.92339158624194,1289248.0,1679022035.87,20171213,13.13,1.202007627057634,20241010,20241010,1.021872
000001.SZ,1d,2017-12-14,10.94003041577163,11.073141052009156,10.740364461415343,10.81523919429895,1001997.0,1311131917.6599998,20171214,13.0,1.202007627057634,20241010,20241010,1.021872
000001.SZ,1d,2017-12-15,10.732045046650498,10.757003290945033,10.540698507059053,10.582295580883281,1099952.0,1405372004.0400002,20171215,12.72,1.202007627057634,20241010,20241010,1.021872
000001.SZ,1d,2017-12-18,10.590614995648126,10.740364461415343,10.515740262764519,10.607253825177816,805464.0,1029422753.2800001,20171218,12.75,1.202007627057634,20241010,20241010,1.021872
000001.SZ,1d,2017-12-19,10.640531484237199,11.081460466774002,10.598934410412971,11.048182807714621,2397942.0,3138687565.9,20171219,13.280000000000001,1.202007627057634,20241010,20241010,1.021872
000001.SZ,1d,2017-12-20,10.981627489595859,11.073141052009156,10.92339158624194,11.031543978184931,1106245.0,1463802116.67,20171220,13.260000000000002,1.202007627057634,20241010,20241010,1.021872
000001.SZ,1d,2017-12-21,10.964988660066167,11.380959398308434,10.948349830536475,11.2644875916006,1485203.0,2005617683.8600001,20171221,13.540000000000001,1.202007627057634,20241010,20241010,1.021872
000001.SZ,1d,2017-12-22,11.23120993254122,11.339362324484208,11.189612858716991,11.247848762070909,742900.0,1004525768.54,20171222,13.520000000000001,1.202007627057634,20241010,20241010,1.021872
000001.SZ,1d,2017-12-25,11.247848762070909,11.530708864075649,10.948349830536475,11.023224563420085,1585567.0,2145040658.23,20171225,13.25,1.202007627057634,20241010,20241010,1.021872
000001.SZ,1d,2017-12-26,11.03154397818493,11.389278813073279,10.973308074831012,11.364320568778743,1123688.0,1510826264.4400003,20171226,13.66,1.202007627057634,20241010,20241010,1.021872
000001.SZ,1d,2017-12-27,11.29776525065998,11.464153545956886,10.973308074831012,11.056502222479464,1366566.0,1848165006.46,20171227,13.29,1.202007627057634,20241010,20241010,1.021872
000001.SZ,1d,2017-12-28,11.04818280771462,11.197932273481836,10.83187802382864,10.989946904360702,1553030.0,2052944539.1400003,20171228,13.209999999999999,1.202007627057634,20241010,20241010,1.021872
000001.SZ,1d,2017-12-29,10.989946904360702,11.1729740291873,10.898433341947404,11.06482163724431,982915.0,1303222040.36,20171229,13.299999999999999,1.202007627057634,20241010,20241010,1.021872
000001.SZ,1d,2018-01-02,11.106418711068537,11.588944767429567,11.081460466774002,11.397598227838126,2081592.0,2856543822.1800003,20180102,13.700000000000001,1.202007627057634,20241010,20241010,1.021872
000001.SZ,1d,2018-01-03,11.42255647213266,11.53070886407565,10.981627489595859,11.089779881538849,2962498.0,4006220766.94,20180103,13.330000000000002,1.202007627057634,20241010,20241010,1.021872
000001.SZ,1d,2018-01-04,11.081460466774002,11.123057540598229,10.92339158624194,11.023224563420085,1854509.0,2454543516.41,20180104,13.25,1.202007627057634,20241010,20241010,1.021872
000001.SZ,1d,2018-01-05,10.989946904360703,11.106418711068537,10.94003041577163,11.064821637244311,1210312.0,1603289517.9300003,20180105,13.3,1.202007627057634,20241010,20241010,1.021872
000001.SZ,1d,2018-01-08,11.023224563420085,11.056502222479464,10.698767387591115,10.781961535239569,2158620.0,2806099169.66,20180108,12.959999999999999,1.202007627057634,20241010,20241010,1.021872
000001.SZ,1d,2018-01-09,10.781961535239569,10.981627489595857,10.748683876180188,10.881794512417713,1344345.0,1754315792.47,20180109,13.08,1.202007627057634,20241010,20241010,1.021872
000001.SZ,1d,2018-01-10,10.848516853358332,11.222890517776372,10.748683876180188,11.206251688246683,2403277.0,3196055830.9100003,20180110,13.47,1.202007627057634,20241010,20241010,1.021872
000001.SZ,1d,2018-01-11,11.15633519965761,11.306084665424827,11.039863392949774,11.148015784892765,1443877.0,1937494294.07,20180111,13.4,1.202007627057634,20241010,20241010,1.021872
000001.SZ,1d,2018-01-12,11.189612858716991,11.380959398308434,11.15633519965761,11.272807006365445,1353991.0,1833435672.07,20180112,13.55,1.202007627057634,20241010,20241010,1.021872
000001.SZ,1d,2018-01-15,11.239529347306062,11.921721358023381,11.231209932541217,11.81356896608039,3122394.0,4376707088.52,20180115,14.2,1.202007627057634,20241010,20241010,1.021872
000001.SZ,1d,2018-01-16,11.788610721785856,11.963318431847608,11.663819500313176,11.81356896608039,2444549.0,3479177087.3,20180116,14.2,1.202007627057634,20241010,20241010,1.021872
000001.SZ,1d,2018-01-17,11.921721358023383,12.312733851971114,11.813568966080393,11.838527210374929,2656294.0,3849312882.21,20180117,14.23,1.202007627057634,20241010,20241010,1.021872
000001.SZ,1d,2018-01-18,11.979957261377299,12.246178533852351,11.880124284199155,12.246178533852351,2148026.0,3120455742.3500004,20180118,14.72,1.202007627057634,20241010,20241010,1.021872
000001.SZ,1d,2018-01-19,12.312733851971112,12.587274539211009,12.212900874792968,12.312733851971112,2571146.0,3832857440.2999997,20180119,14.799999999999999,1.202007627057634,20241010,20241010,1.021872
000001.SZ,1d,2018-01-22,12.146345556674206,12.429205658678947,12.004915505671836,12.01323492043668,2073867.0,3032799070.35,20180122,14.44,1.202007627057634,20241010,20241010,1.021872
000001.SZ,1d,2018-01-23,11.946679602317918,12.395927999619566,11.921721358023381,12.187942630498434,2388791.0,3492462005.57,20180123,14.65,1.202007627057634,20241010,20241010,1.021872
000001.SZ,1d,2018-01-24,12.196262045263278,12.545677465386783,12.063151409025753,12.179623215733587,2591292.0,3838734922.63,20180124,14.64,1.202007627057634,20241010,20241010,1.021872
000001.SZ,1d,2018-01-25,12.021554335201525,12.038193164731217,11.647180670783484,11.81356896608039,2369984.0,3360822344.56,20180125,14.2,1.202007627057634,20241010,20241010,1.021872
000001.SZ,1d,2018-01-26,11.796930136550701,11.930040772788226,11.663819500313176,11.68877774460771,2032988.0,2885104627.01,20180126,14.049999999999999,1.202007627057634,20241010,20241010,1.021872
000001.SZ,1d,2018-01-29,11.68877774460771,11.855166039904619,11.314404080189671,11.430875886897507,2090546.0,2911452095.24,20180129,13.74,1.202007627057634,20241010,20241010,1.021872
000001.SZ,1d,2018-01-30,11.397598227838126,11.51407003454596,11.272807006365445,11.356001154013898,1094739.0,1497708872.6299999,20180130,13.65,1.202007627057634,20241010,20241010,1.021872
000001.SZ,1d,2018-01-31,11.314404080189673,11.688777744607712,11.256168176835756,11.688777744607712,1747729.0,2423104767.05,20180131,14.05,1.202007627057634,20241010,20241010,1.021872
000001.SZ,1d,2018-02-01,11.605583596959258,11.896763113728847,11.51407003454596,11.67213891507802,2005614.0,2821583609.2299995,20180201,14.03,1.202007627057634,20241010,20241010,1.021872
000001.SZ,1d,2018-02-02,11.572305937899877,11.73037481843194,11.339362324484208,11.688777744607712,1176512.0,1637619618.3200002,20180202,14.05,1.202007627057634,20241010,20241010,1.021872
000001.SZ,1d,2018-02-05,11.480792375486578,12.121387312379671,11.42255647213266,12.10474848284998,2331997.0,3326355314.78,20180205,14.55,1.202007627057634,20241010,20241010,1.021872
000001.SZ,1d,2018-02-06,11.838527210374929,11.921721358023381,11.588944767429567,11.647180670783484,2582872.0,3641294710.26,20180206,14.0,1.202007627057634,20241010,20241010,1.021872
000001.SZ,1d,2018-02-07,11.830207795610082,11.896763113728847,10.615573239942663,10.748683876180188,3345716.0,4521586590.190001,20180207,12.92,1.202007627057634,20241010,20241010,1.021872
000001.SZ,1d,2018-02-08,10.67380914329658,10.74868387618019,10.42422670035122,10.432546115116065,2137815.0,2711464886.05,20180208,12.540000000000001,1.202007627057634,20241010,20241010,1.021872
000001.SZ,1d,2018-02-09,10.049853035933179,10.049853035933179,9.467494002394005,9.72539586010421,2824949.0,3308553501.5200005,20180209,11.690000000000001,1.202007627057634,20241010,20241010,1.021872
000001.SZ,1d,2018-02-12,9.800270592987818,9.85018708157689,9.61724346816122,9.750354104398747,1228782.0,1439644312.04,20180212,11.72,1.202007627057634,20241010,20241010,1.021872
000001.SZ,1d,2018-02-13,9.875145325871426,10.158005427876168,9.85018708157689,9.933381229225343,1298178.0,1562420005.24,20180213,11.94,1.202007627057634,20241010,20241010,1.021872
000001.SZ,1d,2018-02-14,9.950020058755033,10.00825596210895,9.783631763458127,9.983297717814416,864190.0,1030474410.4399999,20180214,12.0,1.202007627057634,20241010,20241010,1.021872
000001.SZ,1d,2018-02-22,10.191283086935549,10.424226700351218,10.191283086935549,10.365990796997302,1268406.0,1573562575.57,20180222,12.46,1.202007627057634,20241010,20241010,1.021872
000001.SZ,1d,2018-02-23,10.465823774175448,10.640531484237199,10.357671382232457,10.490782018469982,1013663.0,1278185721.74,20180223,12.610000000000001,1.202007627057634,20241010,20241010,1.021872
000001.SZ,1d,2018-02-26,10.62389265470751,10.690447972826272,10.357671382232457,10.507420847999674,1045758.0,1318960463.96,20180226,12.63,1.202007627057634,20241010,20241010,1.021872
000001.SZ,1d,2018-02-27,10.515740262764517,10.56565675135359,10.141366598346478,10.216241331230085,1285869.0,1590018492.14,20180227,12.28,1.202007627057634,20241010,20241010,1.021872
000001.SZ,1d,2018-02-28,10.066491865462869,10.141366598346478,9.925061814460499,10.024894791638642,1214145.0,1463313702.75,20180228,12.049999999999999,1.202007627057634,20241010,20241010,1.021872
000001.SZ,1d,2018-03-01,9.916742399695654,10.108088939287097,9.900103570165962,10.016575376873798,886957.0,1069354491.03,20180301,12.040000000000001,1.202007627057634,20241010,20241010,1.021872
000001.SZ,1d,2018-03-02,9.916742399695654,10.016575376873796,9.858506496341736,9.941700643990188,663124.0,791736473.27,20180302,11.95,1.202007627057634,20241010,20241010,1.021872
000001.SZ,1d,2018-03-05,9.9250618144605,10.049853035933179,9.81690942251751,9.866825911106583,754183.0,897244265.05,20180305,11.860000000000001,1.202007627057634,20241010,20241010,1.021872
000001.SZ,1d,2018-03-06,9.941700643990188,10.074811280227713,9.791951178222972,10.066491865462869,1150162.0,1373438382.66,20180306,12.1,1.202007627057634,20241010,20241010,1.021872
000001.SZ,1d,2018-03-07,10.108088939287097,10.266157819819158,10.016575376873798,10.024894791638642,1427570.0,1744085270.0400002,20180307,12.05,1.202007627057634,20241010,20241010,1.021872
000001.SZ,1d,2018-03-08,10.024894791638642,10.108088939287097,9.94170064399019,10.074811280227715,689755.0,832153697.14,20180308,12.110000000000001,1.202007627057634,20241010,20241010,1.021872
000001.SZ,1d,2018-03-09,10.108088939287097,10.149686013111324,9.966658888284725,10.058172450698024,943876.0,1139043574.6299999,20180309,12.09,1.202007627057634,20241010,20241010,1.021872
000001.SZ,1d,2018-03-12,10.108088939287097,10.124727768816788,9.94170064399019,10.008255962108953,1268701.0,1526643478.9199998,20180312,12.030000000000001,1.202007627057634,20241010,20241010,1.021872
000001.SZ,1d,2018-03-13,10.016575376873796,10.166324842641014,9.983297717814416,9.999936547344106,1082267.0,1309543466.56,20180313,12.02,1.202007627057634,20241010,20241010,1.021872
000001.SZ,1d,2018-03-14,9.966658888284725,9.983297717814416,9.841867666812044,9.916742399695654,635594.0,757090756.4300001,20180314,11.92,1.202007627057634,20241010,20241010,1.021872
000001.SZ,1d,2018-03-15,9.808590007752665,9.858506496341736,9.700437615809674,9.742034689633902,1155694.0,1356878634.17,20180315,11.71,1.202007627057634,20241010,20241010,1.021872
000001.SZ,1d,2018-03-16,9.750354104398747,9.858506496341736,9.683798786279985,9.683798786279985,962983.0,1130784170.87,20180316,11.64,1.202007627057634,20241010,20241010,1.021872
000001.SZ,1d,2018-03-19,9.700437615809674,9.85018708157689,9.658840541985446,9.841867666812044,808538.0,947664744.37,20180319,11.83,1.202007627057634,20241010,20241010,1.021872
000001.SZ,1d,2018-03-20,9.766992933928437,9.883464740636272,9.750354104398747,9.8335482520472,776150.0,916858475.86,20180320,11.82,1.202007627057634,20241010,20241010,1.021872
000001.SZ,1d,2018-03-21,9.941700643990188,10.08313069499256,9.858506496341736,9.900103570165962,1445109.0,1736437401.21,20180321,11.9,1.202007627057634,20241010,20241010,1.021872
000001.SZ,1d,2018-03-22,9.900103570165962,9.95833947351988,9.667159956750293,9.700437615809674,984278.0,1155741055.8700001,20180322,11.66,1.202007627057634,20241010,20241010,1.021872
000001.SZ,1d,2018-03-23,9.359341610451015,9.442535758099467,9.084800923211118,9.434216343334622,1825690.0,2037734400.0900002,20180323,11.34,1.202007627057634,20241010,20241010,1.021872
000001.SZ,1d,2018-03-26,9.27614746280256,9.317744536626787,9.034884434622045,9.093120337975963,1383598.0,1519435011.09,20180326,10.93,1.202007627057634,20241010,20241010,1.021872
000001.SZ,1d,2018-03-27,9.234550388978334,9.292786292332252,9.034884434622045,9.10143975274081,1103933.0,1213989931.1799998,20180327,10.94,1.202007627057634,20241010,20241010,1.021872
000001.SZ,1d,2018-03-28,9.026565019857202,9.267828048037716,8.976648531268129,9.059842678916583,1099023.0,1201023442.2099998,20180328,10.89,1.202007627057634,20241010,20241010,1.021872
000001.SZ,1d,2018-03-29,9.084800923211118,9.292786292332252,8.776982576911841,9.192953315154108,1330602.0,1445281829.8600001,20180329,11.05,1.202007627057634,20241010,20241010,1.021872
000001.SZ,1d,2018-03-30,9.184633900389263,9.192953315154108,9.051523264151738,9.068162093681428,752173.0,823438180.73,20180330,10.9,1.202007627057634,20241010,20241010,1.021872
000001.SZ,1d,2018-04-02,9.043203849386892,9.143036826565035,8.901773798384522,8.910093213149366,1109316.0,1200911980.3799999,20180402,10.71,1.202007627057634,20241010,20241010,1.021872
000001.SZ,1d,2018-04-03,8.818579650736067,8.876815554089985,8.743704917852458,8.785301991676686,890745.0,942237800.69,20180403,10.56,1.202007627057634,20241010,20241010,1.021872
000001.SZ,1d,2018-04-04,8.88513496885483,9.159675656094727,8.818579650736067,9.043203849386892,1602488.0,1737258898.2800002,20180404,10.87,1.202007627057634,20241010,20241010,1.021872
000001.SZ,1d,2018-04-09,8.984967946032976,9.234550388978334,8.926732042679058,9.167995070859572,1074795.0,1180084371.5900002,20180409,11.02,1.202007627057634,20241010,20241010,1.021872
000001.SZ,1d,2018-04-10,9.167995070859574,9.534049320512768,9.126397997035346,9.500771661453385,1390950.0,1562265089.74,20180410,11.42,1.202007627057634,20241010,20241010,1.021872
000001.SZ,1d,2018-04-11,9.47581341715885,9.916742399695654,9.467494002394005,9.841867666812044,2095970.0,2458982163.44,20180411,11.83,1.202007627057634,20241010,20241010,1.021872
000001.SZ,1d,2018-04-12,9.81690942251751,9.841867666812044,9.500771661453385,9.583965809101839,1173128.0,1364675848.46,20180412,11.52,1.202007627057634,20241010,20241010,1.021872
000001.SZ,1d,2018-04-13,9.683798786279985,9.808590007752665,9.525729905747923,9.625562882926067,1300255.0,1516155527.17,20180413,11.57,1.202007627057634,20241010,20241010,1.021872
000001.SZ,1d,2018-04-16,9.542368735277611,9.542368735277611,9.176314485624417,9.234550388978334,1427072.0,1593706086.4,20180416,11.1,1.202007627057634,20241010,20241010,1.021872
000001.SZ,1d,2018-04-17,9.251189218508024,9.525729905747921,9.24286980374318,9.326063951391633,1301891.0,1468159349.6599998,20180417,11.209999999999999,1.202007627057634,20241010,20241010,1.021872
000001.SZ,1d,2018-04-18,9.525729905747921,9.658840541985446,9.384299854745551,9.56732697957215,1475845.0,1692722923.5,20180418,11.5,1.202007627057634,20241010,20241010,1.021872
000001.SZ,1d,2018-04-19,9.583965809101839,9.725395860104209,9.500771661453385,9.542368735277613,849131.0,979593564.5999999,20180419,11.47,1.202007627057634,20241010,20241010,1.021872
000001.SZ,1d,2018-04-20,9.575646394336996,9.633882297690914,9.317744536626789,9.442535758099469,958690.0,1090801311.42,20180420,11.350000000000001,1.202007627057634,20241010,20241010,1.021872
000001.SZ,1d,2018-04-23,9.400938684275241,9.658840541985446,9.36766102521586,9.625562882926067,1070289.0,1228544006.32,20180423,11.57,1.202007627057634,20241010,20241010,1.021872
000001.SZ,1d,2018-04-24,9.675479371515138,9.933381229225343,9.633882297690912,9.86682591110658,1461098.0,1725152198.09,20180424,11.86,1.202007627057634,20241010,20241010,1.021872
000001.SZ,1d,2018-04-25,9.783631763458128,9.825228837282355,9.675479371515138,9.717076445339366,730286.0,854713248.8800001,20180425,11.680000000000001,1.202007627057634,20241010,20241010,1.021872
000001.SZ,1d,2018-04-26,9.700437615809674,9.72539586010421,9.409258099040088,9.500771661453385,874235.0,1002483154.12,20180426,11.42,1.202007627057634,20241010,20241010,1.021872
000001.SZ,1d,2018-04-27,9.559007564807303,9.575646394336996,8.843537895030604,9.026565019857202,2709795.0,2958464277.86,20180427,10.850000000000001,1.202007627057634,20241010,20241010,1.021872
000001.SZ,1d,2018-05-02,9.126397997035346,9.176314485624419,8.984967946032976,9.051523264151738,1190523.0,1295804420.86,20180502,10.88,1.202007627057634,20241010,20241010,1.021872
000001.SZ,1d,2018-05-03,9.034884434622045,9.051523264151738,8.793621406441531,8.943370872208748,1281355.0,1372765845.8300002,20180503,10.75,1.202007627057634,20241010,20241010,1.021872
000001.SZ,1d,2018-05-04,8.926732042679058,9.00992619032751,8.86849613932514,8.88513496885483,710509.0,761302468.67,20180504,10.68,1.202007627057634,20241010,20241010,1.021872
000001.SZ,1d,2018-05-07,8.901773798384522,9.00992619032751,8.851857309795449,8.99328736079782,974309.0,1046743101.9200001,20180507,10.81,1.202007627057634,20241010,20241010,1.021872
000001.SZ,1d,2018-05-08,9.00992619032751,9.276147462802562,8.984967946032976,9.159675656094727,1373305.0,1511546681.16,20180508,11.010000000000002,1.202007627057634,20241010,20241010,1.021872
000001.SZ,1d,2018-05-09,9.13471741180019,9.176314485624419,9.051523264151738,9.126397997035346,627656.0,687036874.44,20180509,10.97,1.202007627057634,20241010,20241010,1.021872
000001.SZ,1d,2018-05-10,9.176314485624417,9.22623097421349,9.076481508446273,9.159675656094727,552735.0,607349997.23,20180510,11.01,1.202007627057634,20241010,20241010,1.021872
000001.SZ,1d,2018-05-11,9.184633900389263,9.25950863327287,9.1180785822705,9.159675656094727,772369.0,853271166.64,20180511,11.010000000000002,1.202007627057634,20241010,20241010,1.021872
000001.SZ,1d,2018-05-14,9.22623097421349,9.342702780921323,9.176314485624417,9.301105707097097,1039297.0,1158064201.07,20180514,11.18,1.202007627057634,20241010,20241010,1.021872
000001.SZ,1d,2018-05-15,9.301105707097097,9.309425121861942,9.167995070859572,9.251189218508024,669261.0,742590447.6500001,20180515,11.12,1.202007627057634,20241010,20241010,1.021872
000001.SZ,1d,2018-05-16,9.209592144683798,9.209592144683798,9.059842678916583,9.068162093681428,714362.0,782694669.6899999,20180516,10.9,1.202007627057634,20241010,20241010,1.021872
000001.SZ,1d,2018-05-17,9.076481508446273,9.10143975274081,8.968329116503282,9.001606775562664,586494.0,635675440.98,20180517,10.819999999999999,1.202007627057634,20241010,20241010,1.021872
000001.SZ,1d,2018-05-18,8.99328736079782,9.126397997035346,8.951690286973593,9.118078582270499,578384.0,628250184.9200001,20180518,10.959999999999999,1.202007627057634,20241010,20241010,1.021872
000001.SZ,1d,2018-05-21,9.209592144683798,9.24286980374318,9.093120337975963,9.109759167505654,763533.0,838750577.6500001,20180521,10.95,1.202007627057634,20241010,20241010,1.021872
000001.SZ,1d,2018-05-22,9.109759167505656,9.13471741180019,8.976648531268129,9.034884434622047,589871.0,639815249.44,20180522,10.860000000000001,1.202007627057634,20241010,20241010,1.021872
000001.SZ,1d,2018-05-23,9.001606775562665,9.001606775562665,8.835218480265759,8.860176724560294,991016.0,1058587812.32,20180523,10.65,1.202007627057634,20241010,20241010,1.021872
000001.SZ,1d,2018-05-24,8.86849613932514,8.88513496885483,8.801940821206376,8.826899065500912,688152.0,730678763.88,20180524,10.61,1.202007627057634,20241010,20241010,1.021872
000001.SZ,1d,2018-05-25,8.826899065500914,8.876815554089985,8.776982576911841,8.810260235971223,593335.0,629735450.6,20180525,10.59,1.202007627057634,20241010,20241010,1.021872
000001.SZ,1d,2018-05-28,8.801940821206376,8.86849613932514,8.743704917852458,8.810260235971223,569400.0,602590746.57,20180528,10.59,1.202007627057634,20241010,20241010,1.021872
000001.SZ,1d,2018-05-29,8.801940821206376,8.843537895030602,8.610594281614933,8.63555252590947,889494.0,930386966.6300001,20180529,10.379999999999999,1.202007627057634,20241010,20241010,1.021872
000001.SZ,1d,2018-05-30,8.560677793025862,8.560677793025862,8.361011838669574,8.385970082964109,1124447.0,1139918753.16,20180530,10.08,1.202007627057634,20241010,20241010,1.021872
000001.SZ,1d,2018-05-31,8.410928327258645,8.477483645377408,8.336053594375036,8.469164230612563,987360.0,999216332.96,20180531,10.18,1.202007627057634,20241010,20241010,1.021872
000001.SZ,1d,2018-06-01,8.444205986318027,8.560677793025862,8.377650668199264,8.477483645377408,597211.0,608398867.4599999,20180601,10.19,1.202007627057634,20241010,20241010,1.021872
000001.SZ,1d,2018-06-04,8.51076130443679,8.577316622555553,8.444205986318027,8.54403896349617,593038.0,608291978.44,20180604,10.27,1.202007627057634,20241010,20241010,1.021872
000001.SZ,1d,2018-06-05,8.56067779302586,8.568997207790707,8.410928327258645,8.535719548731326,656540.0,670740302.01,20180605,10.26,1.202007627057634,20241010,20241010,1.021872
000001.SZ,1d,2018-06-06,8.52740013396648,8.535719548731326,8.4026089124938,8.43588657155318,712743.0,724032796.29,20180606,10.139999999999999,1.202007627057634,20241010,20241010,1.021872
000001.SZ,1d,2018-06-07,8.485803060142253,8.702107844028232,8.469164230612563,8.627233111144623,1262638.0,1306425478.0900002,20180607,10.37,1.202007627057634,20241010,20241010,1.021872
000001.SZ,1d,2018-06-08,8.593955452085243,8.593955452085243,8.369331253434419,8.419247742023492,1099379.0,1114968856.53,20180608,10.120000000000001,1.202007627057634,20241010,20241010,1.021872
000001.SZ,1d,2018-06-11,8.369331253434419,8.427567156788337,8.319414764845346,8.352692423904728,721374.0,724687998.61,20180611,10.04,1.202007627057634,20241010,20241010,1.021872
000001.SZ,1d,2018-06-12,8.344373009139883,8.38597008296411,8.27781769102112,8.369331253434419,913300.0,914001701.46,20180612,10.06,1.202007627057634,20241010,20241010,1.021872
000001.SZ,1d,2018-06-13,8.35269242390473,8.369331253434419,8.27781769102112,8.27781769102112,530584.0,530483756.71000004,20180613,9.950000000000001,1.202007627057634,20241010,20241010,1.021872
000001.SZ,1d,2018-06-14,8.277817691021118,8.444205986318027,8.252859446726584,8.377650668199264,866392.0,872487574.2800001,20180614,10.07,1.202007627057634,20241010,20241010,1.021872
000001.SZ,1d,2018-06-15,8.385970082964109,8.560677793025862,8.369331253434419,8.460844815847718,1248707.0,1273412999.36,20180615,10.17,1.202007627057634,20241010,20241010,1.021872
000001.SZ,1d,2018-06-19,8.361011838669574,8.444205986318027,8.169665299078131,8.211262372902357,1565874.0,1565756559.87,20180619,9.870000000000001,1.202007627057634,20241010,20241010,1.021872
000001.SZ,1d,2018-06-20,8.211262372902356,8.277817691021118,8.119748810489058,8.244540031961739,763637.0,752950700.66,20180620,9.91,1.202007627057634,20241010,20241010,1.021872
000001.SZ,1d,2018-06-21,8.261178861491429,8.352692423904728,8.20294295813751,8.20294295813751,840070.0,836014838.1400001,20180621,9.86,1.202007627057634,20241010,20241010,1.021872
000001.SZ,1d,2018-06-22,8.153026469548438,8.211262372902356,8.128068225253903,8.194623543372666,657818.0,645752909.26,20180622,9.85,1.202007627057634,20241010,20241010,1.021872
000001.SZ,1d,2018-06-25,8.244540031961739,8.252859446726585,7.803611049424935,7.870166367543699,1195212.0,1154559080.5,20180625,9.46,1.202007627057634,20241010,20241010,1.021872
000001.SZ,1d,2018-06-26,7.811930464189781,7.853527538014006,7.56234802124442,7.786972219895244,1124156.0,1042528543.9899999,20180626,9.36,1.202007627057634,20241010,20241010,1.021872
000001.SZ,1d,2018-06-27,7.745375146071017,7.820249878954624,7.512431532655348,7.56234802124442,1045142.0,958871648.21,20180627,9.09,1.202007627057634,20241010,20241010,1.021872
000001.SZ,1d,2018-06-28,7.445876214536586,7.5540286064795765,7.379320896417823,7.4209179702420505,1110764.0,996801234.6999999,20180628,8.920000000000002,1.202007627057634,20241010,20241010,1.021872
000001.SZ,1d,2018-06-29,7.495792703125659,7.595625680303802,7.454195629301431,7.562348021244421,675299.0,611346088.6899999,20180629,9.090000000000002,1.202007627057634,20241010,20241010,1.021872
000001.SZ,1d,2018-07-02,7.529070362185039,7.529070362185039,7.113099623942772,7.163016112531844,1315520.0,1158545868.8100002,20180702,8.610000000000001,1.202007627057634,20241010,20241010,1.021872
000001.SZ,1d,2018-07-03,7.229571430650606,7.237890845415451,7.029905476294317,7.212932601120915,1274838.0,1096657033.32,20180703,8.67,1.202007627057634,20241010,20241010,1.021872
000001.SZ,1d,2018-07-04,7.179654942061533,7.279487919239678,7.163016112531843,7.163016112531843,711153.0,617278559.96,20180704,8.61,1.202007627057634,20241010,20241010,1.021872
000001.SZ,1d,2018-07-05,7.17133552729669,7.262849089709988,7.113099623942772,7.154696697766999,835768.0,722169579.0,20180705,8.600000000000001,1.202007627057634,20241010,20241010,1.021872
000001.SZ,1d,2018-07-06,7.163016112531843,7.304446163534213,7.029905476294317,7.20461318635607,988282.0,852071526.9799999,20180706,8.66,1.202007627057634,20241010,20241010,1.021872
000001.SZ,1d,2018-07-09,7.229571430650606,7.512431532655348,7.221252015885761,7.512431532655348,1409954.0,1255007609.99,20180709,9.03,1.202007627057634,20241010,20241010,1.021872
000001.SZ,1d,2018-07-10,7.504112117890504,7.504112117890504,7.395959725947513,7.4708344588311215,896862.0,803038965.2500001,20180710,8.98,1.202007627057634,20241010,20241010,1.021872
000001.SZ,1d,2018-07-11,7.2878073340045235,7.346043237358441,7.221252015885761,7.304446163534213,851296.0,744765824.8900001,20180711,8.78,1.202007627057634,20241010,20241010,1.021872
000001.SZ,1d,2018-07-12,7.2706242483609165,7.583430175325282,7.253715819876357,7.507342247144761,1140492.0,1008658828.6700001,20180712,8.88,1.1828420375236386,20241010,20241010,1.021872
000001.SZ,1d,2018-07-13,7.5411591041138815,7.558067532598441,7.45661696169108,7.507342247144761,603378.0,535401175.45,20180713,8.88,1.1828420375236386,20241010,20241010,1.021872
000001.SZ,1d,2018-07-16,7.48197960441792,7.524250675629321,7.346712176541438,7.380529033510557,689845.0,603427713.21,20180716,8.729999999999999,1.1828420375236386,20241010,20241010,1.021872
000001.SZ,1d,2018-07-17,7.388983247752839,7.397437461995119,7.3213495338145975,7.372074819268279,375356.0,326396994.95,20180717,8.72,1.1828420375236386,20241010,20241010,1.021872
000001.SZ,1d,2018-07-18,7.397437461995119,7.48197960441792,7.346712176541438,7.355166390783718,525152.0,460697377.12000006,20180718,8.7,1.1828420375236386,20241010,20241010,1.021872
000001.SZ,1d,2018-07-19,7.397437461995119,7.448162747448799,7.346712176541438,7.380529033510557,461372.0,403674308.23,20180719,8.729999999999999,1.1828420375236386,20241010,20241010,1.021872
000001.SZ,1d,2018-07-20,7.380529033510557,7.777877102897724,7.279078462603197,7.701789174717203,1754277.0,1576843937.1000001,20180720,9.11,1.1828420375236386,20241010,20241010,1.021872
000001.SZ,1d,2018-07-23,7.642609675021242,7.989232458954728,7.608792818052122,7.963869816227888,1781688.0,1646028021.04,20180723,9.42,1.1828420375236386,20241010,20241010,1.021872
000001.SZ,1d,2018-07-24,7.938507173501048,8.10759145834665,7.887781888047367,7.946961387743328,1425894.0,1348746826.8300002,20180724,9.4,1.1828420375236386,20241010,20241010,1.021872
000001.SZ,1d,2018-07-25,7.980778244712448,8.006140887439289,7.887781888047367,7.930052959258768,614122.0,575752176.95,20180725,9.38,1.1828420375236386,20241010,20241010,1.021872
000001.SZ,1d,2018-07-26,7.946961387743328,8.01459510168157,7.7863313171400055,7.820148174109126,833358.0,778429753.7900001,20180726,9.25,1.1828420375236386,20241010,20241010,1.021872
000001.SZ,1d,2018-07-27,7.862419245320526,7.913144530774207,7.7609686744131645,7.820148174109126,515126.0,477527419.46,20180727,9.25,1.1828420375236386,20241010,20241010,1.021872
000001.SZ,1d,2018-07-30,7.879327673805087,8.02304931592385,7.828602388351405,7.938507173501048,706385.0,661767547.55,20180730,9.39,1.1828420375236386,20241010,20241010,1.021872
000001.SZ,1d,2018-07-31,7.921598745016486,8.02304931592385,7.820148174109126,7.963869816227888,720150.0,674484650.66,20180731,9.42,1.1828420375236386,20241010,20241010,1.021872
000001.SZ,1d,2018-08-01,7.963869816227888,8.031503530166129,7.701789174717203,7.735606031686323,814081.0,759282229.65,20180801,9.149999999999999,1.1828420375236386,20241010,20241010,1.021872
000001.SZ,1d,2018-08-02,7.718697603201765,7.735606031686324,7.507342247144761,7.558067532598442,931401.0,839272254.36,20180802,8.940000000000001,1.1828420375236386,20241010,20241010,1.021872
000001.SZ,1d,2018-08-03,7.549613318356161,7.693334960474924,7.532704889871601,7.532704889871601,476546.0,428641526.2,20180803,8.91,1.1828420375236386,20241010,20241010,1.021872
000001.SZ,1d,2018-08-06,7.558067532598442,7.701789174717205,7.515796461387041,7.558067532598442,554010.0,497906686.27000004,20180806,8.940000000000001,1.1828420375236386,20241010,20241010,1.021872
000001.SZ,1d,2018-08-07,7.574975961083003,7.752514460170884,7.507342247144761,7.752514460170884,690423.0,624359656.36,20180807,9.17,1.1828420375236386,20241010,20241010,1.021872
000001.SZ,1d,2018-08-08,7.744060245928605,7.744060245928605,7.6426096750212436,7.651063889263524,578953.0,527526989.83,20180808,9.05,1.1828420375236386,20241010,20241010,1.021872
000001.SZ,1d,2018-08-09,7.642609675021242,7.904690316531926,7.625701246536682,7.853965031078245,806783.0,746469808.0899999,20180809,9.29,1.1828420375236386,20241010,20241010,1.021872
000001.SZ,1d,2018-08-10,7.862419245320527,7.879327673805087,7.744060245928605,7.803239745624566,424168.0,391366341.57,20180810,9.23,1.1828420375236386,20241010,20241010,1.021872
000001.SZ,1d,2018-08-13,7.710243388959484,7.744060245928605,7.524250675629321,7.651063889263524,818491.0,736947790.49,20180813,9.05,1.1828420375236386,20241010,20241010,1.021872
000001.SZ,1d,2018-08-14,7.634155460778962,7.642609675021242,7.558067532598441,7.608792818052122,430240.0,386334617.9499999,20180814,9.0,1.1828420375236386,20241010,20241010,1.021872
000001.SZ,1d,2018-08-15,7.625701246536682,7.625701246536682,7.397437461995119,7.431254318964239,670442.0,594759517.14,20180815,8.79,1.1828420375236386,20241010,20241010,1.021872
000001.SZ,1d,2018-08-16,7.380529033510559,7.515796461387041,7.304441105330038,7.4228001047219605,638272.0,559523123.02,20180816,8.780000000000001,1.1828420375236386,20241010,20241010,1.021872
000001.SZ,1d,2018-08-17,7.50734224714476,7.558067532598441,7.422800104721959,7.448162747448799,649476.0,576683267.1100001,20180817,8.809999999999999,1.1828420375236386,20241010,20241010,1.021872
000001.SZ,1d,2018-08-20,7.524250675629321,7.625701246536684,7.498888032902482,7.608792818052124,681322.0,609934725.59,20180820,9.000000000000002,1.1828420375236386,20241010,20241010,1.021872
000001.SZ,1d,2018-08-21,7.625701246536682,7.828602388351405,7.617247032294403,7.803239745624566,1264474.0,1163292795.24,20180821,9.23,1.1828420375236386,20241010,20241010,1.021872
000001.SZ,1d,2018-08-22,7.811693959866846,7.896236102289648,7.718697603201765,7.853965031078247,982433.0,909598743.27,20180822,9.290000000000001,1.1828420375236386,20241010,20241010,1.021872
000001.SZ,1d,2018-08-23,7.862419245320527,7.963869816227888,7.803239745624566,7.9131445307742085,729074.0,680941392.24,20180823,9.360000000000001,1.1828420375236386,20241010,20241010,1.021872
000001.SZ,1d,2018-08-24,7.870873459562807,8.690932241063981,7.853965031078247,8.479576885006978,3040408.0,2995071976.8100004,20180824,10.030000000000001,1.1828420375236386,20241010,20241010,1.021872
000001.SZ,1d,2018-08-27,8.471122670764696,8.817745454698183,8.428851599553296,8.817745454698183,2218424.0,2251527721.3500004,20180827,10.430000000000001,1.1828420375236386,20241010,20241010,1.021872
000001.SZ,1d,2018-08-28,8.74165752651766,8.817745454698182,8.65711538409486,8.69938645530626,1289777.0,1331917860.95,20180828,10.290000000000001,1.1828420375236386,20241010,20241010,1.021872
000001.SZ,1d,2018-08-29,8.66556959833714,8.73320331227538,8.581027455914338,8.682478026821698,901883.0,923581546.46,20180829,10.27,1.1828420375236386,20241010,20241010,1.021872
000001.SZ,1d,2018-08-30,8.682478026821698,8.750111740759941,8.521847956218377,8.555664813187496,994917.0,1013877514.26,20180830,10.12,1.1828420375236386,20241010,20241010,1.021872
000001.SZ,1d,2018-08-31,8.564119027429777,8.7247490980331,8.538756384702937,8.564119027429777,1310865.0,1337898869.57,20180831,10.129999999999999,1.1828420375236386,20241010,20241010,1.021872
000001.SZ,1d,2018-09-03,8.530302170460656,8.70784066954854,8.530302170460656,8.614844312883458,711695.0,725303291.73,20180903,10.19,1.1828420375236386,20241010,20241010,1.021872
000001.SZ,1d,2018-09-04,8.623298527125739,8.919196025605544,8.513393741976097,8.817745454698182,1296342.0,1339756563.51,20180904,10.43,1.1828420375236386,20241010,20241010,1.021872
000001.SZ,1d,2018-09-05,8.70784066954854,8.73320331227538,8.496485313491537,8.496485313491537,1179453.0,1202345697.97,20180905,10.05,1.1828420375236386,20241010,20241010,1.021872
000001.SZ,1d,2018-09-06,8.496485313491537,8.572573241672059,8.411943171068737,8.428851599553296,711777.0,713975749.0200001,20180906,9.97,1.1828420375236386,20241010,20241010,1.021872
000001.SZ,1d,2018-09-07,8.488031099249255,8.606390098641178,8.395034742584174,8.462668456522415,809035.0,815151722.99,20180907,10.01,1.1828420375236386,20241010,20241010,1.021872
000001.SZ,1d,2018-09-10,8.462668456522415,8.513393741976097,8.318946814403654,8.352763671372774,636989.0,631174169.9300001,20180910,9.879999999999999,1.1828420375236386,20241010,20241010,1.021872
000001.SZ,1d,2018-09-11,8.369672099857334,8.479576885006978,8.293584171676814,8.378126314099616,712967.0,707337570.1400001,20180911,9.91,1.1828420375236386,20241010,20241010,1.021872
000001.SZ,1d,2018-09-12,8.344309457130494,8.428851599553296,8.302038385919094,8.352763671372776,564829.0,558399563.21,20180912,9.88,1.1828420375236386,20241010,20241010,1.021872
000001.SZ,1d,2018-09-13,8.530302170460656,8.538756384702937,8.318946814403654,8.420397385311015,999725.0,993389970.35,20180913,9.959999999999999,1.1828420375236386,20241010,20241010,1.021872
000001.SZ,1d,2018-09-14,8.437305813795575,8.437305813795575,8.293584171676814,8.318946814403654,619750.0,611422480.21,20180914,9.84,1.1828420375236386,20241010,20241010,1.021872
000001.SZ,1d,2018-09-17,8.285129957434533,8.285129957434533,8.18367938652717,8.192133600769452,517082.0,502609643.63,20180917,9.69,1.1828420375236386,20241010,20241010,1.021872
000001.SZ,1d,2018-09-18,8.225950457738573,8.555664813187498,8.200587815011733,8.521847956218378,1126807.0,1120867543.02,20180918,10.080000000000002,1.1828420375236386,20241010,20241010,1.021872
000001.SZ,1d,2018-09-19,8.479576885006976,8.74165752651766,8.479576885006976,8.65711538409486,1231548.0,1257191505.9599998,20180919,10.24,1.1828420375236386,20241010,20241010,1.021872
000001.SZ,1d,2018-09-20,8.682478026821698,8.75856595500222,8.614844312883458,8.648661169852577,620348.0,636742814.2300001,20180920,10.229999999999999,1.1828420375236386,20241010,20241010,1.021872
000001.SZ,1d,2018-09-21,8.674023812579419,9.046009239239744,8.606390098641178,9.020646596512904,1624518.0,1707850487.8000002,20180921,10.67,1.1828420375236386,20241010,20241010,1.021872
000001.SZ,1d,2018-09-25,8.893833382878702,9.029100810755185,8.860016525909582,8.919196025605544,977014.0,1030715785.16,20180925,10.55,1.1828420375236386,20241010,20241010,1.021872
000001.SZ,1d,2018-09-26,8.969921311059224,9.232001952569908,8.893833382878702,9.054463453482025,1490513.0,1600626208.76,20180926,10.709999999999999,1.1828420375236386,20241010,20241010,1.021872
000001.SZ,1d,2018-09-27,9.003738168028345,9.164368238631667,8.936104454090104,9.079826096208865,880363.0,942200398.6200001,20180927,10.74,1.1828420375236386,20241010,20241010,1.021872
000001.SZ,1d,2018-09-28,9.113642953177987,9.527899451049713,9.113642953177987,9.34190673771955,2110242.0,2331358288.96,20180928,11.049999999999999,1.1828420375236386,20241010,20241010,1.021872
000001.SZ,1d,2018-10-08,9.046009239239746,9.122097167420268,8.834653883182742,8.834653883182742,1686358.0,1793455283.0900002,20181008,10.450000000000001,1.1828420375236386,20241010,20241010,1.021872
000001.SZ,1d,2018-10-09,8.843108097425024,9.046009239239746,8.783928597729062,8.927650239847823,1064084.0,1117946550.71,20181009,10.56,1.1828420375236386,20241010,20241010,1.021872
000001.SZ,1d,2018-10-10,8.910741811363264,9.012192382270625,8.775474383486781,8.834653883182742,995200.0,1045666180.93,20181010,10.450000000000001,1.1828420375236386,20241010,20241010,1.021872
000001.SZ,1d,2018-10-11,8.496485313491537,8.58948167015662,8.200587815011733,8.335855242888215,1995143.0,1994186611.8000002,20181011,9.860000000000001,1.1828420375236386,20241010,20241010,1.021872
000001.SZ,1d,2018-10-12,8.428851599553296,8.741657526517661,8.344309457130494,8.70784066954854,1516810.0,1532651400.23,20181012,10.3,1.1828420375236386,20241010,20241010,1.021872
000001.SZ,1d,2018-10-15,8.783928597729062,8.851562311667303,8.530302170460656,8.547210598945217,1402685.0,1443043059.27,20181015,10.11,1.1828420375236386,20241010,20241010,1.021872
000001.SZ,1d,2018-10-16,8.572573241672059,8.910741811363264,8.555664813187498,8.767020169244502,1396921.0,1450020371.45,20181016,10.370000000000001,1.1828420375236386,20241010,20241010,1.021872
000001.SZ,1d,2018-10-17,8.876924954394143,8.919196025605544,8.572573241672059,8.73320331227538,1350889.0,1400306336.2199998,20181017,10.33,1.1828420375236386,20241010,20241010,1.021872
000001.SZ,1d,2018-10-18,8.69938645530626,8.69938645530626,8.504939527733818,8.530302170460656,1001156.0,1015654821.72,20181018,10.09,1.1828420375236386,20241010,20241010,1.021872
000001.SZ,1d,2018-10-19,8.411943171068735,9.113642953177987,8.386580528341895,9.096734524693426,2083667.0,2173571254.6200004,20181019,10.76,1.1828420375236386,20241010,20241010,1.021872
000001.SZ,1d,2018-10-22,9.139005595904825,9.688529521653034,9.113642953177987,9.42644888014235,2645543.0,2932714470.7000003,20181022,11.149999999999999,1.1828420375236386,20241010,20241010,1.021872
000001.SZ,1d,2018-10-23,9.468719951353753,9.485628379838312,9.071371881966586,9.164368238631667,1602545.0,1759265958.65,20181023,10.84,1.1828420375236386,20241010,20241010,1.021872
000001.SZ,1d,2018-10-24,9.215093524085349,9.578624736503395,9.130551381662547,9.333452523477272,1829424.0,2026171911.6200004,20181024,11.040000000000001,1.1828420375236386,20241010,20241010,1.021872
000001.SZ,1d,2018-10-25,9.130551381662547,9.544807879534273,9.054463453482025,9.544807879534273,1685011.0,1855823739.15,20181025,11.290000000000001,1.1828420375236386,20241010,20241010,1.021872
000001.SZ,1d,2018-10-26,9.544807879534273,9.561716308018834,9.265818809539029,9.451811522869193,1299975.0,1448843512.3,20181026,11.180000000000001,1.1828420375236386,20241010,20241010,1.021872
000001.SZ,1d,2018-10-29,9.468719951353753,9.502536808322873,8.978375525301505,9.088280310451147,1591628.0,1725932497.6100001,20181029,10.750000000000002,1.1828420375236386,20241010,20241010,1.021872
000001.SZ,1d,2018-10-30,9.113642953177987,9.367269380446391,9.071371881966586,9.215093524085349,1501827.0,1641371787.2,20181030,10.9,1.1828420375236386,20241010,20241010,1.021872
000001.SZ,1d,2018-10-31,9.257364595296748,9.291181452265869,9.088280310451147,9.223547738327628,1152683.0,1252156775.98,20181031,10.91,1.1828420375236386,20241010,20241010,1.021872
000001.SZ,1d,2018-11-01,9.291181452265869,9.34190673771955,9.096734524693426,9.155914024389388,1542776.0,1679443449.7099998,20181101,10.83,1.1828420375236386,20241010,20241010,1.021872
000001.SZ,1d,2018-11-02,9.333452523477272,9.434903094384632,9.155914024389388,9.37572359468867,2212922.0,2439179135.98,20181102,11.09,1.1828420375236386,20241010,20241010,1.021872
000001.SZ,1d,2018-11-05,9.25736459529675,9.333452523477272,9.147459810147108,9.232001952569908,1291924.0,1409457171.3,20181105,10.92,1.1828420375236386,20241010,20241010,1.021872
000001.SZ,1d,2018-11-06,9.189730881358509,9.240456166812189,9.071371881966586,9.164368238631667,735725.0,795322638.26,20181106,10.84,1.1828420375236386,20241010,20241010,1.021872
000001.SZ,1d,2018-11-07,9.155914024389388,9.257364595296748,9.088280310451147,9.139005595904827,785597.0,851487053.87,20181107,10.81,1.1828420375236386,20241010,20241010,1.021872
000001.SZ,1d,2018-11-08,9.198185095600788,9.27427302378131,9.147459810147108,9.206639309843068,793976.0,864744243.04,20181108,10.89,1.1828420375236386,20241010,20241010,1.021872
000001.SZ,1d,2018-11-09,9.054463453482025,9.071371881966586,8.792382811971342,8.919196025605544,1629269.0,1716198382.75,20181109,10.55,1.1828420375236386,20241010,20241010,1.021872
000001.SZ,1d,2018-11-12,8.843108097425024,8.944558668332384,8.775474383486781,8.927650239847823,920333.0,965756504.35,20181112,10.56,1.1828420375236386,20241010,20241010,1.021872
000001.SZ,1d,2018-11-13,8.800837026213621,9.003738168028345,8.775474383486781,8.910741811363264,1072497.0,1126736143.27,20181113,10.540000000000001,1.1828420375236386,20241010,20241010,1.021872
000001.SZ,1d,2018-11-14,8.902287597120983,8.919196025605544,8.809291240455902,8.826199668940461,774239.0,810357748.16,20181114,10.44,1.1828420375236386,20241010,20241010,1.021872
000001.SZ,1d,2018-11-15,8.826199668940461,8.995283953786066,8.809291240455902,8.978375525301503,901461.0,949991801.2,20181115,10.62,1.1828420375236386,20241010,20241010,1.021872
000001.SZ,1d,2018-11-16,8.969921311059224,9.062917667724307,8.868470740151862,8.936104454090104,1059592.0,1123173219.43,20181116,10.57,1.1828420375236386,20241010,20241010,1.021872
000001.SZ,1d,2018-11-19,8.936104454090104,9.198185095600788,8.936104454090104,9.172822452873946,1360887.0,1466899416.6200001,20181119,10.85,1.1828420375236386,20241010,20241010,1.021872
000001.SZ,1d,2018-11-20,9.088280310451147,9.130551381662546,8.893833382878702,8.936104454090104,1033877.0,1099654683.02,20181120,10.57,1.1828420375236386,20241010,20241010,1.021872
000001.SZ,1d,2018-11-21,8.876924954394143,9.020646596512904,8.860016525909582,8.969921311059226,666157.0,705638355.22,20181121,10.610000000000001,1.1828420375236386,20241010,20241010,1.021872
000001.SZ,1d,2018-11-22,9.020646596512904,9.020646596512904,8.860016525909582,8.919196025605544,500267.0,527103281.19,20181122,10.55,1.1828420375236386,20241010,20241010,1.021872
000001.SZ,1d,2018-11-23,8.902287597120983,8.944558668332384,8.71629488379082,8.7247490980331,700358.0,730667665.37,20181123,10.32,1.1828420375236386,20241010,20241010,1.021872
000001.SZ,1d,2018-11-26,8.74165752651766,8.843108097425024,8.70784066954854,8.74165752651766,516569.0,535963342.8600001,20181126,10.34,1.1828420375236386,20241010,20241010,1.021872
000001.SZ,1d,2018-11-27,8.750111740759941,8.783928597729062,8.589481670156617,8.606390098641178,733448.0,752824120.3000001,20181127,10.18,1.1828420375236386,20241010,20241010,1.021872
000001.SZ,1d,2018-11-28,8.597935884398899,8.71629488379082,8.589481670156617,8.69093224106398,537751.0,550820246.7,20181128,10.28,1.1828420375236386,20241010,20241010,1.021872
000001.SZ,1d,2018-11-29,8.750111740759941,8.78392859772906,8.614844312883458,8.623298527125739,485284.0,499068827.02,20181129,10.2,1.1828420375236386,20241010,20241010,1.021872
000001.SZ,1d,2018-11-30,8.6402069556103,8.75856595500222,8.597935884398899,8.75856595500222,594715.0,610571532.6100001,20181130,10.36,1.1828420375236386,20241010,20241010,1.021872
000001.SZ,1d,2018-12-03,8.953012882574663,9.012192382270625,8.851562311667303,8.953012882574663,1064097.0,1126374829.79,20181203,10.59,1.1828420375236386,20241010,20241010,1.021872
000001.SZ,1d,2018-12-04,8.936104454090103,8.978375525301503,8.902287597120983,8.953012882574663,534813.0,565743744.88,20181204,10.59,1.1828420375236386,20241010,20241010,1.021872
000001.SZ,1d,2018-12-05,8.868470740151862,8.885379168636423,8.792382811971342,8.834653883182742,581545.0,608133290.28,20181205,10.450000000000001,1.1828420375236386,20241010,20241010,1.021872
000001.SZ,1d,2018-12-06,8.758565955002222,8.767020169244502,8.648661169852579,8.66556959833714,578866.0,594649682.9899999,20181206,10.25,1.1828420375236386,20241010,20241010,1.021872
000001.SZ,1d,2018-12-07,8.707840669548538,8.78392859772906,8.682478026821698,8.69093224106398,340216.0,351101370.35,20181207,10.28,1.1828420375236386,20241010,20241010,1.021872
000001.SZ,1d,2018-12-10,8.6402069556103,8.6824780268217,8.56411902742978,8.597935884398899,494818.0,504040653.97,20181210,10.17,1.1828420375236386,20241010,20241010,1.021872
000001.SZ,1d,2018-12-11,8.631752741368018,8.674023812579419,8.597935884398899,8.648661169852579,299089.0,305389210.46,20181211,10.23,1.1828420375236386,20241010,20241010,1.021872
000001.SZ,1d,2018-12-12,8.70784066954854,8.7247490980331,8.623298527125739,8.65711538409486,366379.0,375402863.91999996,20181212,10.24,1.1828420375236386,20241010,20241010,1.021872
000001.SZ,1d,2018-12-13,8.665569598337141,8.860016525909582,8.623298527125739,8.783928597729062,790845.0,819920689.17,20181213,10.39,1.1828420375236386,20241010,20241010,1.021872
000001.SZ,1d,2018-12-14,8.74165752651766,8.750111740759941,8.589481670156617,8.597935884398899,526675.0,539263012.14,20181214,10.17,1.1828420375236386,20241010,20241010,1.021872
000001.SZ,1d,2018-12-17,8.589481670156617,8.73320331227538,8.538756384702937,8.699386455306259,571274.0,584679512.2099999,20181217,10.29,1.1828420375236386,20241010,20241010,1.021872
000001.SZ,1d,2018-12-18,8.623298527125739,8.7247490980331,8.538756384702937,8.555664813187496,537744.0,547157562.7800001,20181218,10.12,1.1828420375236386,20241010,20241010,1.021872
000001.SZ,1d,2018-12-19,8.572573241672059,8.606390098641178,8.369672099857334,8.403488956826454,598007.0,600090171.1800001,20181219,9.94,1.1828420375236386,20241010,20241010,1.021872
000001.SZ,1d,2018-12-20,8.386580528341895,8.428851599553296,8.141408315315772,8.209042029254013,990284.0,964202861.12,20181220,9.71,1.1828420375236386,20241010,20241010,1.021872
000001.SZ,1d,2018-12-21,8.18367938652717,8.200587815011732,7.887781888047367,7.989232458954728,1000616.0,944460332.35,20181221,9.45,1.1828420375236386,20241010,20241010,1.021872
000001.SZ,1d,2018-12-24,7.946961387743328,7.98923245895473,7.870873459562807,7.963869816227888,509117.0,477186904.75,20181224,9.42,1.1828420375236386,20241010,20241010,1.021872
000001.SZ,1d,2018-12-25,7.853965031078247,7.972324030470169,7.7863313171400055,7.896236102289648,586615.0,545235607.8500001,20181225,9.340000000000002,1.1828420375236386,20241010,20241010,1.021872
000001.SZ,1d,2018-12-26,7.904690316531926,7.963869816227888,7.837056602593686,7.862419245320526,421140.0,393215140.96999997,20181226,9.299999999999999,1.1828420375236386,20241010,20241010,1.021872
000001.SZ,1d,2018-12-27,7.989232458954728,8.02304931592385,7.845510816835966,7.845510816835966,624593.0,586343755.0300001,20181227,9.28,1.1828420375236386,20241010,20241010,1.021872
000001.SZ,1d,2018-12-28,7.870873459562807,7.997686673197009,7.870873459562807,7.930052959258768,576604.0,541571004.8000001,20181228,9.38,1.1828420375236386,20241010,20241010,1.021872
000001.SZ,1d,2019-01-02,7.938507173501048,7.963869816227888,7.744060245928605,7.769422888655445,539386.0,498695109.65999997,20190102,9.19,1.1828420375236386,20241010,20241010,1.021872
000001.SZ,1d,2019-01-03,7.7609686744131645,7.887781888047367,7.735606031686324,7.845510816835967,415537.0,384457707.88,20190103,9.280000000000001,1.1828420375236386,20241010,20241010,1.021872
000001.SZ,1d,2019-01-04,7.811693959866846,8.302038385919094,7.794785531382286,8.242858886223132,1481159.0,1422149888.16,20190104,9.75,1.1828420375236386,20241010,20241010,1.021872
000001.SZ,1d,2019-01-07,8.318946814403654,8.327401028645935,8.141408315315772,8.234404671980853,865687.0,841166430.7,20190107,9.74,1.1828420375236386,20241010,20241010,1.021872
000001.SZ,1d,2019-01-08,8.225950457738573,8.234404671980853,8.13295410107349,8.166770958042612,402388.0,389247795.73,20190108,9.66,1.1828420375236386,20241010,20241010,1.021872
000001.SZ,1d,2019-01-09,8.234404671980853,8.521847956218378,8.200587815011733,8.403488956826456,1233486.0,1229465116.69,20190109,9.940000000000001,1.1828420375236386,20241010,20241010,1.021872
000001.SZ,1d,2019-01-10,8.344309457130493,8.623298527125739,8.335855242888213,8.538756384702937,1071817.0,1079711035.8,20190110,10.1,1.1828420375236386,20241010,20241010,1.021872
000001.SZ,1d,2019-01-11,8.547210598945219,8.6402069556103,8.496485313491537,8.623298527125739,696364.0,708001802.1700001,20190111,10.200000000000001,1.1828420375236386,20241010,20241010,1.021872
000001.SZ,1d,2019-01-14,8.6402069556103,8.66556959833714,8.513393741976097,8.547210598945217,500443.0,507862882.18000007,20190114,10.11,1.1828420375236386,20241010,20241010,1.021872
000001.SZ,1d,2019-01-15,8.547210598945217,8.69093224106398,8.530302170460656,8.65711538409486,542160.0,553027309.58,20190115,10.24,1.1828420375236386,20241010,20241010,1.021872
000001.SZ,1d,2019-01-16,8.65711538409486,8.876924954394143,8.648661169852579,8.860016525909582,977699.0,1017495116.1099999,20190116,10.48,1.1828420375236386,20241010,20241010,1.021872
000001.SZ,1d,2019-01-17,8.910741811363263,8.936104454090104,8.597935884398899,8.66556959833714,882811.0,910212066.3100001,20190117,10.25,1.1828420375236386,20241010,20241010,1.021872
000001.SZ,1d,2019-01-18,8.74165752651766,8.868470740151862,8.69093224106398,8.817745454698182,738793.0,769973637.95,20190118,10.43,1.1828420375236386,20241010,20241010,1.021872
000001.SZ,1d,2019-01-21,8.74165752651766,8.851562311667303,8.7247490980331,8.74165752651766,659355.0,684465646.24,20190121,10.34,1.1828420375236386,20241010,20241010,1.021872
000001.SZ,1d,2019-01-22,8.74165752651766,8.826199668940461,8.674023812579419,8.69093224106398,424413.0,438991450.35,20190122,10.28,1.1828420375236386,20241010,20241010,1.021872
000001.SZ,1d,2019-01-23,8.69938645530626,8.851562311667303,8.69938645530626,8.750111740759943,537876.0,559384396.28,20190123,10.350000000000001,1.1828420375236386,20241010,20241010,1.021872
000001.SZ,1d,2019-01-24,8.792382811971342,8.919196025605544,8.767020169244502,8.893833382878704,679240.0,711495718.15,20190124,10.520000000000001,1.1828420375236386,20241010,20241010,1.021872
000001.SZ,1d,2019-01-25,8.927650239847823,9.333452523477272,8.919196025605544,9.299635666508149,2108361.0,2299718224.86,20190125,11.0,1.1828420375236386,20241010,20241010,1.021872
000001.SZ,1d,2019-01-28,9.333452523477272,9.417994665900071,9.198185095600788,9.24891038105447,1035909.0,1141853833.8300002,20190128,10.940000000000001,1.1828420375236386,20241010,20241010,1.021872
000001.SZ,1d,2019-01-29,9.265818809539027,9.35881516620411,9.105188738935706,9.299635666508149,826631.0,904847854.0699999,20190129,11.0,1.1828420375236386,20241010,20241010,1.021872
000001.SZ,1d,2019-01-30,9.257364595296748,9.45181152286919,9.181276667116228,9.257364595296748,712001.0,785204571.5500001,20190130,10.95,1.1828420375236386,20241010,20241010,1.021872
000001.SZ,1d,2019-01-31,9.282727238023588,9.468719951353751,9.248910381054468,9.38417780893095,831622.0,922602874.5899999,20190131,11.1,1.1828420375236386,20241010,20241010,1.021872
000001.SZ,1d,2019-02-01,9.468719951353753,9.510991022565152,9.265818809539029,9.468719951353753,1014270.0,1127216186.16,20190201,11.200000000000001,1.1828420375236386,20241010,20241010,1.021872
000001.SZ,1d,2019-02-11,9.367269380446391,9.477174165596033,9.27427302378131,9.477174165596033,801936.0,889951528.7600001,20190211,11.21,1.1828420375236386,20241010,20241010,1.021872
000001.SZ,1d,2019-02-12,9.468719951353751,9.561716308018832,9.324998309234989,9.460265737111472,959936.0,1071873084.84,20190212,11.19,1.1828420375236386,20241010,20241010,1.021872
000001.SZ,1d,2019-02-13,9.460265737111474,9.646258450441636,9.401086237415512,9.620895807714795,1137365.0,1280182096.94,20190213,11.38,1.1828420375236386,20241010,20241010,1.021872
000001.SZ,1d,2019-02-14,9.553262093776553,9.578624736503395,9.460265737111472,9.510991022565152,869185.0,977818097.6200001,20190214,11.25,1.1828420375236386,20241010,20241010,1.021872
000001.SZ,1d,2019-02-15,9.494082594080593,9.494082594080593,9.215093524085349,9.25736459529675,1100127.0,1213914428.9,20190215,10.950000000000001,1.1828420375236386,20241010,20241010,1.021872
000001.SZ,1d,2019-02-18,9.341906737719551,9.603987379230235,9.333452523477272,9.603987379230235,1255522.0,1408279680.0900002,20190218,11.360000000000001,1.1828420375236386,20241010,20241010,1.021872
000001.SZ,1d,2019-02-19,9.603987379230233,9.823796949529518,9.502536808322873,9.527899451049713,1270882.0,1445281382.8999999,20190219,11.27,1.1828420375236386,20241010,20241010,1.021872
000001.SZ,1d,2019-02-20,9.578624736503395,9.747709021348996,9.510991022565152,9.646258450441636,832629.0,949430819.5100001,20190220,11.41,1.1828420375236386,20241010,20241010,1.021872
000001.SZ,1d,2019-02-21,9.620895807714794,9.764617449833557,9.536353665291992,9.603987379230233,754246.0,860591070.9,20190221,11.36,1.1828420375236386,20241010,20241010,1.021872
000001.SZ,1d,2019-02-22,9.595533164987954,9.781525878318117,9.426448880142352,9.756163235591277,1184047.0,1343020336.09,20190222,11.540000000000001,1.1828420375236386,20241010,20241010,1.021872
000001.SZ,1d,2019-02-25,9.89143066346776,10.686126802242093,9.781525878318117,10.610038874061571,2824935.0,3415946860.2000003,20190225,12.55,1.1828420375236386,20241010,20241010,1.021872
000001.SZ,1d,2019-02-26,10.610038874061571,10.626947302546132,10.271870304370365,10.314141375581766,2017544.0,2485673356.7699995,20190226,12.200000000000001,1.1828420375236386,20241010,20241010,1.021872
000001.SZ,1d,2019-02-27,10.347958232550887,10.703035230726652,10.271870304370365,10.483225660427369,1979013.0,2454404411.85,20190227,12.4,1.1828420375236386,20241010,20241010,1.021872
000001.SZ,1d,2019-02-28,10.517042517396488,10.660764159515251,10.373320875277726,10.449408803458248,1113099.0,1383110810.74,20190228,12.36,1.1828420375236386,20241010,20241010,1.021872
000001.SZ,1d,2019-03-01,10.55085937436561,10.804485801634014,10.314141375581766,10.787577373149455,1712679.0,2137669556.8100002,20190301,12.760000000000002,1.1828420375236386,20241010,20241010,1.021872
000001.SZ,1d,2019-03-04,10.736852087695773,11.311738656170823,10.669218373757532,10.982024300721896,2456830.0,3195011702.87,20190304,12.99,1.1828420375236386,20241010,20241010,1.021872
000001.SZ,1d,2019-03-05,10.914390586783655,11.2356507279903,10.855211087087694,11.041203800417858,1408422.0,1838251656.51,20190305,13.06,1.1828420375236386,20241010,20241010,1.021872
000001.SZ,1d,2019-03-06,11.041203800417858,11.11729172859838,10.855211087087694,11.058112228902418,1245760.0,1614670974.69,20190306,13.08,1.1828420375236386,20241010,20241010,1.021872
000001.SZ,1d,2019-03-07,11.041203800417858,11.041203800417858,10.610038874061571,10.770668944664893,1782057.0,2274151007.32,20190307,12.74,1.1828420375236386,20241010,20241010,1.021872
000001.SZ,1d,2019-03-08,10.559313588607889,10.736852087695771,10.356412446793167,10.398683518004567,1778162.0,2214572416.75,20190308,12.3,1.1828420375236386,20241010,20241010,1.021872
000001.SZ,1d,2019-03-11,10.398683518004567,10.559313588607889,10.187328161947564,10.415591946489128,1157650.0,1416000379.71,20190311,12.32,1.1828420375236386,20241010,20241010,1.021872
000001.SZ,1d,2019-03-12,10.559313588607889,10.686126802242093,10.347958232550887,10.449408803458248,1411794.0,1757797250.71,20190312,12.36,1.1828420375236386,20241010,20241010,1.021872
000001.SZ,1d,2019-03-13,10.432500374973689,10.610038874061571,10.254961875885806,10.457863017700529,1269427.0,1568387543.68,20190313,12.370000000000001,1.1828420375236386,20241010,20241010,1.021872
000001.SZ,1d,2019-03-14,10.424046160731407,10.66921837375753,10.373320875277726,10.508588303154209,1057467.0,1316372926.2,20190314,12.43,1.1828420375236386,20241010,20241010,1.021872
000001.SZ,1d,2019-03-15,10.432500374973687,10.719943659211213,10.432500374973687,10.56776780285017,1045406.0,1311323009.34,20190315,12.5,1.1828420375236386,20241010,20241010,1.021872
000001.SZ,1d,2019-03-18,10.59313044557701,10.939753229510496,10.415591946489128,10.914390586783655,1486454.0,1882483633.89,20190318,12.91,1.1828420375236386,20241010,20241010,1.021872
000001.SZ,1d,2019-03-19,10.922844801025935,10.939753229510496,10.660764159515251,10.812940015876293,957196.0,1221118294.2,20190319,12.79,1.1828420375236386,20241010,20241010,1.021872
000001.SZ,1d,2019-03-20,10.719943659211214,10.889027944056815,10.669218373757532,10.779123158907174,929996.0,1185477058.67,20190320,12.750000000000002,1.1828420375236386,20241010,20241010,1.021872
000001.SZ,1d,2019-03-21,10.796031587391733,10.821394230118575,10.635401516788411,10.728397873453492,860140.0,1092506482.84,20190321,12.69,1.1828420375236386,20241010,20241010,1.021872
000001.SZ,1d,2019-03-22,10.728397873453492,10.770668944664893,10.56776780285017,10.64385573103069,713502.0,898629416.83,20190322,12.59,1.1828420375236386,20241010,20241010,1.021872
000001.SZ,1d,2019-03-25,10.483225660427369,10.483225660427369,10.229599233158964,10.238053447401244,1179883.0,1445560160.24,20190325,12.11,1.1828420375236386,20241010,20241010,1.021872
000001.SZ,1d,2019-03-26,10.339504018308606,10.390229303762286,10.153511304978442,10.229599233158964,935393.0,1136721266.5500002,20190326,12.1,1.1828420375236386,20241010,20241010,1.021872
000001.SZ,1d,2019-03-27,10.347958232550887,10.542405160123328,10.297232947097205,10.466317231942808,922826.0,1138302657.13,20190327,12.379999999999999,1.1828420375236386,20241010,20241010,1.021872
000001.SZ,1d,2019-03-28,10.407137732246847,10.407137732246847,10.229599233158964,10.331049804066325,732467.0,892530627.33,20190328,12.219999999999999,1.1828420375236386,20241010,20241010,1.021872
000001.SZ,1d,2019-03-29,10.364866661035448,10.838302658603135,10.322595589824047,10.838302658603135,1669506.0,2108295393.9300003,20190329,12.82,1.1828420375236386,20241010,20241010,1.021872
000001.SZ,1d,2019-04-01,10.846756872845415,11.455460298289585,10.846756872845415,11.142654371325218,1951401.0,2588268668.8700004,20190401,13.18,1.1828420375236386,20241010,20241010,1.021872
000001.SZ,1d,2019-04-02,11.227196513748021,11.396280798593624,11.18492544253662,11.294830227686262,1100384.0,1466040987.0900002,20190402,13.360000000000001,1.1828420375236386,20241010,20241010,1.021872
000001.SZ,1d,2019-04-03,11.16801701405206,11.370918155866784,11.11729172859838,11.362463941624503,792915.0,1056166231.5300001,20190403,13.44,1.1828420375236386,20241010,20241010,1.021872
000001.SZ,1d,2019-04-04,11.354009727382222,11.83589993919219,11.354009727382222,11.717540939800267,2034365.0,2796366353.31,20190404,13.86,1.1828420375236386,20241010,20241010,1.021872
000001.SZ,1d,2019-04-08,11.751357796769389,12.199431151610236,11.599181940408346,11.80208308222307,1743176.0,2464536241.4700003,20190408,13.96,1.1828420375236386,20241010,20241010,1.021872
000001.SZ,1d,2019-04-09,11.725995154042547,11.81899151070763,11.624544583135187,11.675269868588869,781332.0,1080549202.28,20190409,13.81,1.1828420375236386,20241010,20241010,1.021872
000001.SZ,1d,2019-04-10,11.624544583135187,11.73444936828483,11.328647084655382,11.607636154650628,947135.0,1289475602.49,20190410,13.73,1.1828420375236386,20241010,20241010,1.021872
000001.SZ,1d,2019-04-11,11.607636154650628,11.80208308222307,11.404735012835904,11.447006084047304,655356.0,897382236.21,20190411,13.540000000000001,1.1828420375236386,20241010,20241010,1.021872
000001.SZ,1d,2019-04-12,11.404735012835904,11.489277155258707,11.16801701405206,11.345555513139944,774324.0,1035139673.9499999,20190412,13.420000000000002,1.1828420375236386,20241010,20241010,1.021872
000001.SZ,1d,2019-04-15,11.599181940408346,11.91198786737271,11.548456654954666,11.573819297681506,1533890.0,2134708981.63,20190415,13.69,1.1828420375236386,20241010,20241010,1.021872
000001.SZ,1d,2019-04-16,11.556910869196946,12.326244365244438,11.455460298289585,12.326244365244438,2379375.0,3379550307.18,20190416,14.58,1.1828420375236386,20241010,20241010,1.021872
000001.SZ,1d,2019-04-17,12.190976937367957,12.334698579486718,12.030346866764633,12.131797437671995,1004109.0,1443493493.4099998,20190417,14.35,1.1828420375236386,20241010,20241010,1.021872
000001.SZ,1d,2019-04-18,12.089526366460593,12.148705866156554,11.928896295857271,12.123343223429714,507045.0,721908800.5899999,20190418,14.34,1.1828420375236386,20241010,20241010,1.021872
000001.SZ,1d,2019-04-19,12.216339580094797,12.512237078574602,12.089526366460595,12.45305757887864,1246036.0,1814875936.7,20190419,14.73,1.1828420375236386,20241010,20241010,1.021872
000001.SZ,1d,2019-04-22,12.343152793728999,12.546053935543721,11.903533653130431,11.962713152826392,1322273.0,1899850004.34,20190422,14.15,1.1828420375236386,20241010,20241010,1.021872
000001.SZ,1d,2019-04-23,11.920442081614993,12.004984224037793,11.81053729646535,11.895079438888152,940687.0,1326465625.0800002,20190423,14.07,1.1828420375236386,20241010,20241010,1.021872
000001.SZ,1d,2019-04-24,12.216339580094795,12.343152793728999,11.971167367068672,12.207885365852515,1949723.0,2811131027.08,20190424,14.44,1.1828420375236386,20241010,20241010,1.021872
000001.SZ,1d,2019-04-25,12.157160080398835,12.37696965069812,11.945804724341833,11.945804724341833,1111476.0,1597895217.3200002,20190425,14.13,1.1828420375236386,20241010,20241010,1.021872
000001.SZ,1d,2019-04-26,11.903533653130433,12.047255295249196,11.582273511923788,11.658361440104308,1009421.0,1407987365.7900002,20190426,13.790000000000001,1.1828420375236386,20241010,20241010,1.021872
000001.SZ,1d,2019-04-29,11.751357796769387,12.114889009187435,11.717540939800267,11.920442081614992,1030695.0,1450714134.04,20190429,14.1,1.1828420375236386,20241010,20241010,1.021872
000001.SZ,1d,2019-04-30,11.82744572494991,11.878171010403591,11.489277155258705,11.709086725557988,1116570.0,1542958577.5900002,20190430,13.85,1.1828420375236386,20241010,20241010,1.021872
000001.SZ,1d,2019-05-06,11.075020657386979,11.286376013443983,10.745306301938053,10.880573729814536,2108667.0,2742409411.07,20190506,12.870000000000001,1.1828420375236386,20241010,20241010,1.021872
000001.SZ,1d,2019-05-07,11.015841157691018,11.066566443144698,10.753760516180334,10.948207443752777,1072658.0,1386247078.7,20190507,12.950000000000001,1.1828420375236386,20241010,20241010,1.021872
000001.SZ,1d,2019-05-08,10.753760516180334,10.914390586783655,10.56776780285017,10.652309945272972,975450.0,1236655982.73,20190508,12.6,1.1828420375236386,20241010,20241010,1.021872
000001.SZ,1d,2019-05-09,10.584676231334731,10.635401516788411,10.187328161947564,10.280324518612645,1557151.0,1904905488.71,20190509,12.16,1.1828420375236386,20241010,20241010,1.021872
000001.SZ,1d,2019-05-10,10.432500374973687,10.779123158907174,10.229599233158964,10.719943659211213,1192399.0,1489975624.98,20190510,12.68,1.1828420375236386,20241010,20241010,1.021872
000001.SZ,1d,2019-05-13,10.424046160731407,10.601584659819292,10.339504018308606,10.398683518004567,741917.0,916213719.48,20190513,12.3,1.1828420375236386,20241010,20241010,1.021872
000001.SZ,1d,2019-05-14,10.314141375581766,10.779123158907174,10.280324518612645,10.559313588607889,1182598.0,1477008362.9199998,20190514,12.49,1.1828420375236386,20241010,20241010,1.021872
000001.SZ,1d,2019-05-15,10.635401516788411,11.083474871629258,10.626947302546132,10.922844801025935,1103988.0,1417050112.5900002,20190515,12.92,1.1828420375236386,20241010,20241010,1.021872
000001.SZ,1d,2019-05-16,10.931299015268216,10.982024300721898,10.804485801634014,10.863665301329975,634901.0,816740932.1200001,20190516,12.850000000000001,1.1828420375236386,20241010,20241010,1.021872
000001.SZ,1d,2019-05-17,10.922844801025935,10.931299015268216,10.449408803458248,10.517042517396488,965000.0,1208569909.79,20190517,12.44,1.1828420375236386,20241010,20241010,1.021872
000001.SZ,1d,2019-05-20,10.440954589215968,10.60158465981929,10.356412446793167,10.466317231942808,786435.0,971222474.19,20190520,12.38,1.1828420375236386,20241010,20241010,1.021872
000001.SZ,1d,2019-05-21,10.483225660427367,10.762214730422611,10.449408803458248,10.61849308830385,731210.0,919191240.9100001,20190521,12.559999999999999,1.1828420375236386,20241010,20241010,1.021872
000001.SZ,1d,2019-05-22,10.626947302546132,10.626947302546132,10.415591946489128,10.483225660427369,506230.0,628437470.0600001,20190522,12.4,1.1828420375236386,20241010,20241010,1.021872
000001.SZ,1d,2019-05-23,10.347958232550887,10.50013408891193,10.263416090128086,10.390229303762288,666855.0,817850530.3199999,20190523,12.290000000000001,1.1828420375236386,20241010,20241010,1.021872
000001.SZ,1d,2019-05-24,10.440954589215968,10.52549673163877,10.407137732246847,10.440954589215968,495526.0,613106248.37,20190524,12.35,1.1828420375236386,20241010,20241010,1.021872
000001.SZ,1d,2019-05-27,10.322595589824045,10.50013408891193,10.085877591040202,10.457863017700527,1048425.0,1275632724.48,20190527,12.37,1.1828420375236386,20241010,20241010,1.021872
000001.SZ,1d,2019-05-28,10.407137732246847,10.61003887406157,10.364866661035446,10.559313588607889,880703.0,1094063186.24,20190528,12.49,1.1828420375236386,20241010,20241010,1.021872
000001.SZ,1d,2019-05-29,10.449408803458248,10.64385573103069,10.364866661035446,10.483225660427369,666411.0,827828661.23,20190529,12.4,1.1828420375236386,20241010,20241010,1.021872
000001.SZ,1d,2019-05-30,10.415591946489128,10.466317231942808,10.238053447401244,10.331049804066325,646284.0,787801007.39,20190530,12.219999999999999,1.1828420375236386,20241010,20241010,1.021872
000001.SZ,1d,2019-05-31,10.280324518612645,10.483225660427367,10.238053447401244,10.297232947097205,686794.0,839375709.99,20190531,12.18,1.1828420375236386,20241010,20241010,1.021872
000001.SZ,1d,2019-06-03,10.331049804066327,10.424046160731407,9.99288123437512,10.060514948313362,1512719.0,1816591876.76,20190603,11.9,1.1828420375236386,20241010,20241010,1.021872
000001.SZ,1d,2019-06-04,10.05206073407108,10.094331805282481,9.806888521044957,10.01824387710196,974655.0,1147709578.0800002,20190604,11.85,1.1828420375236386,20241010,20241010,1.021872
000001.SZ,1d,2019-06-05,10.119694448009323,10.263416090128086,10.077423376797922,10.119694448009323,748892.0,899331716.0500001,20190605,11.97,1.1828420375236386,20241010,20241010,1.021872
000001.SZ,1d,2019-06-06,10.119694448009323,10.204236590432124,10.052060734071082,10.077423376797922,433665.0,519425127.17999995,20190606,11.92,1.1828420375236386,20241010,20241010,1.021872
000001.SZ,1d,2019-06-10,10.153511304978442,10.54240516012333,10.128148662251602,10.432500374973687,1144668.0,1404223620.41,20190610,12.34,1.1828420375236386,20241010,20241010,1.021872
000001.SZ,1d,2019-06-11,10.432500374973687,10.753760516180334,10.398683518004567,10.694581016484372,1251087.0,1574105212.1800003,20190611,12.65,1.1828420375236386,20241010,20241010,1.021872
000001.SZ,1d,2019-06-12,10.67767258799981,10.703035230726652,10.517042517396488,10.626947302546132,657310.0,825178004.4200001,20190612,12.57,1.1828420375236386,20241010,20241010,1.021872
000001.SZ,1d,2019-06-13,10.60158465981929,10.719943659211213,10.508588303154209,10.64385573103069,530000.0,666277695.76,20190613,12.59,1.1828420375236386,20241010,20241010,1.021872
000001.SZ,1d,2019-06-14,10.643855731030692,10.728397873453494,10.52549673163877,10.559313588607889,483191.0,606815214.15,20190614,12.49,1.1828420375236386,20241010,20241010,1.021872
000001.SZ,1d,2019-06-17,10.55085937436561,10.812940015876295,10.55085937436561,10.711489444968931,619815.0,786223580.98,20190617,12.67,1.1828420375236386,20241010,20241010,1.021872
000001.SZ,1d,2019-06-18,10.711489444968931,10.863665301329974,10.64385573103069,10.821394230118575,483555.0,616237571.71,20190618,12.8,1.1828420375236386,20241010,20241010,1.021872
000001.SZ,1d,2019-06-19,11.2356507279903,11.320192870413102,10.998932729206457,11.049658014660137,1143226.0,1504997837.9,20190619,13.07,1.1828420375236386,20241010,20241010,1.021872
000001.SZ,1d,2019-06-20,11.13420015708294,11.793628867980791,11.09192908587154,11.666815654346587,1529191.0,2083209238.7299998,20190620,13.8,1.1828420375236386,20241010,20241010,1.021872
000001.SZ,1d,2019-06-21,11.632998797377466,11.725995154042547,11.480822941016424,11.531548226470106,1011129.0,1384099587.01,20190621,13.64,1.1828420375236386,20241010,20241010,1.021872
000001.SZ,1d,2019-06-24,11.573819297681506,11.692178297073427,11.506185583743264,11.573819297681506,659572.0,904433349.2900001,20190624,13.69,1.1828420375236386,20241010,20241010,1.021872
000001.SZ,1d,2019-06-25,11.599181940408346,11.599181940408346,11.049658014660137,11.354009727382222,1469227.0,1954855785.9299998,20190625,13.43,1.1828420375236386,20241010,20241010,1.021872
000001.SZ,1d,2019-06-26,11.336920530888737,11.533415762396228,11.26857436340787,11.422353240239818,546504.0,731207282.9,20190626,13.37,1.170511865532123,20241010,20241010,1.021872
000001.SZ,1d,2019-06-27,11.53341576239623,11.83243024512502,11.490699407720687,11.712824452033503,925074.0,1270042461.29,20190627,13.71,1.170511865532123,20241010,20241010,1.021872
000001.SZ,1d,2019-06-28,11.729910993903719,11.78117061951437,11.601761929877094,11.77262734857926,498093.0,682679970.2,20190628,13.78,1.170511865532123,20241010,20241010,1.021872
000001.SZ,1d,2019-07-01,11.969122580086754,12.114358185983594,11.849516786995236,11.900776412605886,960636.0,1347792874.8,20190701,13.930000000000001,1.170511865532123,20241010,20241010,1.021872
000001.SZ,1d,2019-07-02,11.858060057930343,12.165617811594243,11.840973516060126,12.114358185983592,1052744.0,1481211353.19,20190702,14.18,1.170511865532123,20241010,20241010,1.021872
000001.SZ,1d,2019-07-03,12.114358185983594,12.13998799878892,11.849516786995236,11.969122580086754,769078.0,1076744400.79,20190703,14.010000000000002,1.170511865532123,20241010,20241010,1.021872
000001.SZ,1d,2019-07-04,11.969122580086754,12.199790895334678,11.858060057930345,11.952036038216535,621292.0,873624287.32,20190704,13.99,1.170511865532123,20241010,20241010,1.021872
000001.SZ,1d,2019-07-05,11.917862954476101,11.943492767281425,11.695737910163285,11.892233141670777,749196.0,1037357175.72,20190705,13.92,1.170511865532123,20241010,20241010,1.021872
000001.SZ,1d,2019-07-08,11.806800432319694,11.858060057930345,11.490699407720687,11.610305200812205,778413.0,1061095712.61,20190708,13.590000000000002,1.170511865532123,20241010,20241010,1.021872
000001.SZ,1d,2019-07-09,11.644478284552635,11.712824452033502,11.482156136785578,11.610305200812203,494296.0,670391720.57,20190709,13.59,1.170511865532123,20241010,20241010,1.021872
000001.SZ,1d,2019-07-10,11.627391742682418,11.704281181098395,11.52487249146112,11.584675388006879,358220.0,487071876.75000006,20190710,13.56,1.170511865532123,20241010,20241010,1.021872
000001.SZ,1d,2019-07-11,11.68719463922818,11.772627348579261,11.559045575201553,11.567588846136662,484183.0,660588299.89,20190711,13.540000000000001,1.170511865532123,20241010,20241010,1.021872
000001.SZ,1d,2019-07-12,11.618848471747311,12.157074540659135,11.601761929877094,12.063098560372945,1465366.0,2055749881.65,20190712,14.120000000000001,1.170511865532123,20241010,20241010,1.021872
000001.SZ,1d,2019-07-15,11.986209121956968,12.063098560372943,11.82388697418991,11.960579309151644,841282.0,1175798104.87,20190715,14.0,1.170511865532123,20241010,20241010,1.021872
000001.SZ,1d,2019-07-16,11.93494949634632,11.952036038216535,11.712824452033503,11.746997535773936,722780.0,998151578.95,20190716,13.75,1.170511865532123,20241010,20241010,1.021872
000001.SZ,1d,2019-07-17,11.704281181098393,11.798257161384585,11.627391742682418,11.695737910163285,410020.0,561944451.84,20190717,13.69,1.170511865532123,20241010,20241010,1.021872
000001.SZ,1d,2019-07-18,11.661564826422852,11.798257161384585,11.584675388006879,11.67865136829307,422826.0,578067487.97,20190718,13.67,1.170511865532123,20241010,20241010,1.021872
000001.SZ,1d,2019-07-19,11.738454264838827,12.02892547663251,11.687194639228178,11.952036038216535,866390.0,1207316526.53,20190719,13.99,1.170511865532123,20241010,20241010,1.021872
000001.SZ,1d,2019-07-22,11.92640622541121,11.97766585102186,11.755540806709044,11.83243024512502,582283.0,807249426.05,20190722,13.85,1.170511865532123,20241010,20241010,1.021872
000001.SZ,1d,2019-07-23,11.840973516060128,11.849516786995236,11.661564826422852,11.755540806709044,504004.0,692328447.63,20190723,13.76,1.170511865532123,20241010,20241010,1.021872
000001.SZ,1d,2019-07-24,11.849516786995236,11.969122580086754,11.78117061951437,11.858060057930345,570276.0,793387782.2,20190724,13.88,1.170511865532123,20241010,20241010,1.021872
000001.SZ,1d,2019-07-25,11.892233141670777,12.191247624399567,11.83243024512502,12.13144472785381,1087826.0,1534889645.77,20190725,14.2,1.170511865532123,20241010,20241010,1.021872
000001.SZ,1d,2019-07-26,12.114358185983592,12.174161082529352,12.02892547663251,12.157074540659135,635305.0,901074107.51,20190726,14.23,1.170511865532123,20241010,20241010,1.021872
000001.SZ,1d,2019-07-29,12.174161082529352,12.345026501231517,12.114358185983592,12.208334166269784,715576.0,1023261763.08,20190729,14.29,1.170511865532123,20241010,20241010,1.021872
000001.SZ,1d,2019-07-30,12.225420708140001,12.430459210582601,12.208334166269786,12.276680333750653,796634.0,1148582412.5600002,20190730,14.370000000000001,1.170511865532123,20241010,20241010,1.021872
000001.SZ,1d,2019-07-31,12.216877437204893,12.23396397907511,12.02892547663251,12.071641831308053,634723.0,899227865.95,20190731,14.13,1.170511865532123,20241010,20241010,1.021872
000001.SZ,1d,2019-08-01,12.011838934762293,12.1229014569187,11.909319683540993,12.046012018502726,527981.0,742308285.2,20190801,14.1,1.170511865532123,20241010,20241010,1.021872
000001.SZ,1d,2019-08-02,11.764084077644153,11.858060057930345,11.67010809735796,11.738454264838827,969926.0,1333400773.79,20190802,13.74,1.170511865532123,20241010,20241010,1.021872
000001.SZ,1d,2019-08-05,11.618848471747311,11.653021555487744,11.336920530888737,11.405266698369603,893082.0,1201885399.11,20190805,13.35,1.170511865532123,20241010,20241010,1.021872
000001.SZ,1d,2019-08-06,11.191684924991897,11.499242678655795,11.131882028446137,11.42235324023982,882499.0,1166971469.04,20190806,13.370000000000001,1.170511865532123,20241010,20241010,1.021872
000001.SZ,1d,2019-08-07,11.52487249146112,11.653021555487745,11.42235324023982,11.567588846136662,793038.0,1070736943.88,20190807,13.540000000000001,1.170511865532123,20241010,20241010,1.021872
000001.SZ,1d,2019-08-08,11.87514659980056,12.38774285590706,11.83243024512502,12.28522360468576,2330715.0,3313302100.1800003,20190808,14.379999999999999,1.170511865532123,20241010,20241010,1.021872
000001.SZ,1d,2019-08-09,12.430459210582601,12.68675733863585,12.3279399593613,12.404829397777275,2060575.0,3021884306.17,20190809,14.52,1.170511865532123,20241010,20241010,1.021872
000001.SZ,1d,2019-08-12,12.48171883619325,12.917425653883775,12.473175565258142,12.917425653883775,2733425.0,4084497902.64,20190812,15.12,1.170511865532123,20241010,20241010,1.021872
000001.SZ,1d,2019-08-13,12.814906402662475,12.883252570143341,12.59278135834966,12.720930422376284,1293736.0,1925835288.3000002,20190813,14.89,1.170511865532123,20241010,20241010,1.021872
000001.SZ,1d,2019-08-14,12.934512195753992,13.002858363234859,12.64404098396031,12.78927658985715,1360546.0,2038261151.5400002,20190814,14.97,1.170511865532123,20241010,20241010,1.021872
000001.SZ,1d,2019-08-15,12.507348648998574,12.78073331892204,12.473175565258142,12.763646777051825,897376.0,1333117725.96,20190815,14.94,1.170511865532123,20241010,20241010,1.021872
000001.SZ,1d,2019-08-16,12.891795841078451,12.934512195753992,12.626954442090094,12.729473693311393,986902.0,1474900257.6000001,20190816,14.9,1.170511865532123,20241010,20241010,1.021872
000001.SZ,1d,2019-08-19,12.738016964246501,12.763646777051825,12.404829397777275,12.746560235181608,2292956.0,3368207935.07,20190819,14.92,1.170511865532123,20241010,20241010,1.021872
000001.SZ,1d,2019-08-20,12.746560235181608,12.985771821364642,12.618411171154984,12.806363131727368,1921041.0,2872304200.9100003,20190820,14.99,1.170511865532123,20241010,20241010,1.021872
000001.SZ,1d,2019-08-21,12.703843880506069,12.720930422376284,12.285223604685761,12.34502650123152,1990131.0,2902251100.57,20190821,14.450000000000001,1.170511865532123,20241010,20241010,1.021872
000001.SZ,1d,2019-08-22,12.302310146555977,12.34502650123152,12.131444727853811,12.225420708140001,1353071.0,1935208499.0500002,20190822,14.31,1.170511865532123,20241010,20241010,1.021872
000001.SZ,1d,2019-08-23,12.276680333750651,12.59278135834966,12.259593791880434,12.515891919933685,1636867.0,2388239081.28,20190823,14.65,1.170511865532123,20241010,20241010,1.021872
000001.SZ,1d,2019-08-26,12.319396688426194,12.38774285590706,12.088728373178268,12.174161082529352,1415122.0,2018498039.72,20190826,14.25,1.170511865532123,20241010,20241010,1.021872
000001.SZ,1d,2019-08-27,12.268137062815542,12.370656314036843,12.165617811594243,12.225420708140001,1356713.0,1948127123.02,20190827,14.31,1.170511865532123,20241010,20241010,1.021872
000001.SZ,1d,2019-08-28,12.18270435346446,12.199790895334678,12.003295663827187,12.191247624399569,829657.0,1176329095.67,20190828,14.270000000000001,1.170511865532123,20241010,20241010,1.021872
000001.SZ,1d,2019-08-29,12.148531269724026,12.165617811594243,12.02892547663251,12.071641831308053,609034.0,861177482.39,20190829,14.13,1.170511865532123,20241010,20241010,1.021872
000001.SZ,1d,2019-08-30,12.208334166269784,12.293766875620866,12.046012018502726,12.097271644113377,798500.0,1136119659.76,20190830,14.16,1.170511865532123,20241010,20241010,1.021872
000001.SZ,1d,2019-09-02,12.088728373178267,12.38774285590706,12.054555289437834,12.345026501231517,1360201.0,1955673136.8999999,20190902,14.45,1.170511865532123,20241010,20241010,1.021872
000001.SZ,1d,2019-09-03,12.370656314036843,12.396286126842167,12.174161082529352,12.216877437204893,858653.0,1230606485.0300002,20190903,14.3,1.170511865532123,20241010,20241010,1.021872
000001.SZ,1d,2019-09-04,12.23396397907511,12.38774285590706,12.225420708140001,12.33648323029641,973964.0,1404037295.8,20190904,14.440000000000001,1.170511865532123,20241010,20241010,1.021872
000001.SZ,1d,2019-09-05,12.43900248151771,12.686757338635852,12.430459210582601,12.456089023387927,1768051.0,2599478258.9100003,20190905,14.58,1.170511865532123,20241010,20241010,1.021872
000001.SZ,1d,2019-09-06,12.567151545544334,12.652584254895418,12.49026210712836,12.652584254895418,986432.0,1451264912.6499999,20190906,14.81,1.170511865532123,20241010,20241010,1.021872
000001.SZ,1d,2019-09-09,12.79781986079226,12.814906402662475,12.473175565258142,12.550065003674117,1299839.0,1918042303.9099998,20190909,14.69,1.170511865532123,20241010,20241010,1.021872
000001.SZ,1d,2019-09-10,12.473175565258142,12.507348648998576,12.310853417491085,12.430459210582601,796870.0,1155180739.29,20190910,14.55,1.170511865532123,20241010,20241010,1.021872
000001.SZ,1d,2019-09-11,12.473175565258144,12.567151545544334,12.353569772166628,12.43900248151771,818614.0,1192674258.6000001,20190911,14.56,1.170511865532123,20241010,20241010,1.021872
000001.SZ,1d,2019-09-12,12.524435190868795,12.626954442090094,12.413372668712386,12.54152173273901,1150687.0,1682911849.7800002,20190912,14.680000000000001,1.170511865532123,20241010,20241010,1.021872
000001.SZ,1d,2019-09-16,12.558608274609227,12.575694816479443,12.302310146555977,12.34502650123152,929894.0,1349401481.22,20190916,14.450000000000001,1.170511865532123,20241010,20241010,1.021872
000001.SZ,1d,2019-09-17,12.268137062815542,12.345026501231517,12.114358185983592,12.165617811594243,882655.0,1261416554.2900002,20190917,14.24,1.170511865532123,20241010,20241010,1.021872
000001.SZ,1d,2019-09-18,12.165617811594243,12.370656314036843,12.165617811594243,12.310853417491085,820436.0,1179079988.0200002,20190918,14.41,1.170511865532123,20241010,20241010,1.021872
000001.SZ,1d,2019-09-19,12.370656314036843,12.720930422376284,12.370656314036843,12.678214067700742,1884020.0,2777383508.48,20190919,14.84,1.170511865532123,20241010,20241010,1.021872
000001.SZ,1d,2019-09-20,12.772190047986934,13.156637240066809,12.755103506116717,13.105377614456158,2644285.0,4020646521.9500003,20190920,15.34,1.170511865532123,20241010,20241010,1.021872
000001.SZ,1d,2019-09-23,13.105377614456158,13.216440136612565,12.968685279494425,13.13955069819659,1403282.0,2148740448.83,20190923,15.379999999999999,1.170511865532123,20241010,20241010,1.021872
000001.SZ,1d,2019-09-24,13.216440136612565,13.276243033158323,12.968685279494425,12.968685279494425,1129103.0,1726238272.95,20190924,15.18,1.170511865532123,20241010,20241010,1.021872
000001.SZ,1d,2019-09-25,12.985771821364642,13.541084432146683,12.977228550429533,13.455651722795599,1938892.0,3024598930.57,20190925,15.75,1.170511865532123,20241010,20241010,1.021872
000001.SZ,1d,2019-09-26,13.54962770308179,13.70340657991374,13.378762284379624,13.421478639055167,1686592.0,2673096951.2300005,20190926,15.71,1.170511865532123,20241010,20241010,1.021872
000001.SZ,1d,2019-09-27,13.541084432146684,13.669233496173307,13.412935368120058,13.583800786822223,1007706.0,1598567052.2,20190927,15.9,1.170511865532123,20241010,20241010,1.021872
000001.SZ,1d,2019-09-30,13.455651722795599,13.575257515887117,13.301872845963649,13.318959387833866,1046363.0,1645828526.9,20190930,15.59,1.170511865532123,20241010,20241010,1.021872
000001.SZ,1d,2019-10-08,13.327502658768974,13.865728727680798,13.327502658768974,13.840098914875473,1386676.0,2225024598.59,20191008,16.2,1.170511865532123,20241010,20241010,1.021872
000001.SZ,1d,2019-10-09,13.754666205524389,14.113483584798939,13.686320038043524,13.882815269551015,1316693.0,2145061763.15,20191009,16.25,1.170511865532123,20241010,20241010,1.021872
000001.SZ,1d,2019-10-10,13.89990181142123,13.89990181142123,13.660690225238199,13.874271998615908,879746.0,1418751875.7800002,20191010,16.240000000000002,1.170511865532123,20241010,20241010,1.021872
000001.SZ,1d,2019-10-11,13.840098914875473,14.480844235008597,13.840098914875473,14.361238441917079,1405422.0,2335030599.2500005,20191011,16.81,1.170511865532123,20241010,20241010,1.021872
000001.SZ,1d,2019-10-14,14.497930776878816,15.03615684579064,14.455214422203273,14.711512550256524,1557637.0,2688929547.26,20191014,17.220000000000002,1.170511865532123,20241010,20241010,1.021872
000001.SZ,1d,2019-10-15,14.737142363061846,14.822575072412931,14.36978171285219,14.677339466516088,881955.0,1503633369.4900002,20191015,17.18,1.170511865532123,20241010,20241010,1.021872
000001.SZ,1d,2019-10-16,14.745685633996953,14.899464510828903,14.20745956508513,14.344151900046864,1267671.0,2146150627.2600002,20191016,16.79,1.170511865532123,20241010,20241010,1.021872
000001.SZ,1d,2019-10-17,14.438127880333058,14.52356058968414,14.139113397604266,14.267262461630889,1126182.0,1887045621.02,20191017,16.7,1.170511865532123,20241010,20241010,1.021872
000001.SZ,1d,2019-10-18,14.352695170981972,14.557733673424572,14.036594146382965,14.10494031386383,1196799.0,1999012671.73,20191018,16.509999999999998,1.170511865532123,20241010,20241010,1.021872
000001.SZ,1d,2019-10-21,14.036594146382965,14.497930776878812,14.036594146382965,14.429584609397947,945952.0,1589276085.98,20191021,16.89,1.170511865532123,20241010,20241010,1.021872
000001.SZ,1d,2019-10-22,14.446671151268164,14.46375769313838,13.694863308978633,14.028050875447859,1883531.0,3072547165.9700003,20191022,16.42,1.170511865532123,20241010,20241010,1.021872
000001.SZ,1d,2019-10-23,13.942618166096773,14.241632648825565,13.865728727680798,14.05368068825318,967534.0,1590781971.78,20191023,16.45,1.170511865532123,20241010,20241010,1.021872
000001.SZ,1d,2019-10-24,14.096397042928723,14.52356058968414,14.045137417318074,14.412498067527732,1109214.0,1861032918.48,20191024,16.87,1.170511865532123,20241010,20241010,1.021872
000001.SZ,1d,2019-10-25,14.335608629111757,14.489387505943705,14.164743210409592,14.42104133846284,691435.0,1161100080.0000002,20191025,16.880000000000003,1.170511865532123,20241010,20241010,1.021872
000001.SZ,1d,2019-10-28,14.506474047813922,14.557733673424572,14.079310501058506,14.233089377890456,1070131.0,1780873358.2599998,20191028,16.66,1.170511865532123,20241010,20241010,1.021872
000001.SZ,1d,2019-10-29,14.258719190695778,14.46375769313838,14.147656668539371,14.446671151268164,788864.0,1322036352.42,20191029,16.91,1.170511865532123,20241010,20241010,1.021872
000001.SZ,1d,2019-10-30,14.352695170981972,14.489387505943705,14.028050875447859,14.036594146382967,854317.0,1420644944.87,20191030,16.430000000000003,1.170511865532123,20241010,20241010,1.021872
000001.SZ,1d,2019-10-31,14.028050875447859,14.0707672301234,13.874271998615908,13.891358540486126,862569.0,1407006434.79,20191031,16.26,1.170511865532123,20241010,20241010,1.021872
000001.SZ,1d,2019-11-01,13.968247978902099,14.52356058968414,13.90844508235634,14.403954796592622,1254655.0,2096068960.5900002,20191101,16.86,1.170511865532123,20241010,20241010,1.021872
000001.SZ,1d,2019-11-04,14.506474047813922,14.737142363061846,14.327065358176647,14.455214422203271,889824.0,1507910818.55,20191104,16.919999999999998,1.170511865532123,20241010,20241010,1.021872
000001.SZ,1d,2019-11-05,14.352695170981972,14.899464510828903,14.344151900046864,14.651709653710762,1172485.0,2010924199.94,20191105,17.15,1.170511865532123,20241010,20241010,1.021872
000001.SZ,1d,2019-11-06,14.574820215294787,14.745685633996953,14.421041338462839,14.489387505943704,863325.0,1470233502.73,20191106,16.959999999999997,1.170511865532123,20241010,20241010,1.021872
000001.SZ,1d,2019-11-07,14.46375769313838,14.583363486229898,14.309978816306431,14.429584609397947,711896.0,1200671649.42,20191107,16.89,1.170511865532123,20241010,20241010,1.021872
000001.SZ,1d,2019-11-08,14.506474047813922,14.540647131554355,14.21600283602024,14.22454610695535,849139.0,1421088326.1499999,20191108,16.650000000000002,1.170511865532123,20241010,20241010,1.021872
000001.SZ,1d,2019-11-11,14.096397042928723,14.122026855734045,13.840098914875473,13.908445082356337,953515.0,1556517253.18,20191111,16.279999999999998,1.170511865532123,20241010,20241010,1.021872
000001.SZ,1d,2019-11-12,13.916988353291448,13.985334520772316,13.80592583113504,13.951161437031883,516266.0,840769286.54,20191112,16.330000000000002,1.170511865532123,20241010,20241010,1.021872
000001.SZ,1d,2019-11-13,13.916988353291448,14.062223959188287,13.720493121783957,13.95116143703188,655120.0,1067975601.16,20191113,16.33,1.170511865532123,20241010,20241010,1.021872
000001.SZ,1d,2019-11-14,14.036594146382965,14.079310501058506,13.882815269551015,13.942618166096773,468899.0,767006342.15,20191114,16.32,1.170511865532123,20241010,20241010,1.021872
000001.SZ,1d,2019-11-15,14.002421062642531,14.139113397604266,13.874271998615908,13.959704707966992,569227.0,933539572.45,20191115,16.340000000000003,1.170511865532123,20241010,20241010,1.021872
000001.SZ,1d,2019-11-18,13.968247978902099,14.139113397604266,13.865728727680798,14.05368068825318,557918.0,915983935.5500001,20191118,16.45,1.170511865532123,20241010,20241010,1.021872
000001.SZ,1d,2019-11-19,14.05368068825318,14.079310501058506,13.934074895161665,14.019507604512748,562120.0,920998203.3399999,20191119,16.41,1.170511865532123,20241010,20241010,1.021872
000001.SZ,1d,2019-11-20,13.925531624226558,13.925531624226558,13.472738264665816,13.541084432146683,1724383.0,2747598383.4000006,20191120,15.85,1.170511865532123,20241010,20241010,1.021872
000001.SZ,1d,2019-11-21,13.455651722795599,13.5581709740169,13.3531324715743,13.549627703081791,772563.0,1218516399.48,20191121,15.860000000000001,1.170511865532123,20241010,20241010,1.021872
000001.SZ,1d,2019-11-22,13.575257515887117,13.60088732869244,13.284786304093434,13.318959387833866,773473.0,1216064537.8300002,20191122,15.59,1.170511865532123,20241010,20241010,1.021872
000001.SZ,1d,2019-11-25,13.361675742509409,13.532541161211576,13.276243033158325,13.498368077471142,783257.0,1233388886.1599998,20191125,15.8,1.170511865532123,20241010,20241010,1.021872
000001.SZ,1d,2019-11-26,13.575257515887117,13.575257515887117,13.233526678482782,13.344589200639192,815297.0,1271594662.99,20191126,15.620000000000001,1.170511865532123,20241010,20241010,1.021872
000001.SZ,1d,2019-11-27,13.361675742509409,13.361675742509409,13.1480939691317,13.216440136612567,476169.0,736584294.07,20191127,15.47,1.170511865532123,20241010,20241010,1.021872
000001.SZ,1d,2019-11-28,13.216440136612565,13.276243033158323,13.190810323807241,13.233526678482782,378016.0,585252046.59,20191128,15.49,1.170511865532123,20241010,20241010,1.021872
000001.SZ,1d,2019-11-29,13.276243033158323,13.284786304093432,12.968685279494425,13.062661259780615,653866.0,1001451096.26,20191129,15.29,1.170511865532123,20241010,20241010,1.021872
000001.SZ,1d,2019-12-02,13.113920885391266,13.182267052872133,13.011401634169967,13.122464156326377,553877.0,849784129.4100001,20191202,15.360000000000001,1.170511865532123,20241010,20241010,1.021872
000001.SZ,1d,2019-12-03,13.071204530715725,13.207896865677458,12.99431509229975,13.19935359474235,455418.0,700293548.85,20191203,15.450000000000001,1.170511865532123,20241010,20241010,1.021872
000001.SZ,1d,2019-12-04,13.10537761445616,13.165180511001916,12.99431509229975,13.079747801650834,524545.0,802110334.25,20191204,15.31,1.170511865532123,20241010,20241010,1.021872
000001.SZ,1d,2019-12-05,13.113920885391268,13.224983407547676,13.071204530715725,13.182267052872135,557084.0,857682575.8100001,20191205,15.430000000000001,1.170511865532123,20241010,20241010,1.021872
000001.SZ,1d,2019-12-06,13.216440136612567,13.430021909990275,13.207896865677458,13.327502658768976,712615.0,1109423061.49,20191206,15.600000000000001,1.170511865532123,20241010,20241010,1.021872
000001.SZ,1d,2019-12-09,13.34458920063919,13.34458920063919,13.113920885391266,13.165180511001916,605992.0,935135952.74,20191209,15.41,1.170511865532123,20241010,20241010,1.021872
000001.SZ,1d,2019-12-10,13.122464156326375,13.139550698196592,13.028488176040183,13.09683434352105,556383.0,851377532.72,20191210,15.33,1.170511865532123,20241010,20241010,1.021872
000001.SZ,1d,2019-12-11,13.139550698196592,13.395848826249843,13.071204530715725,13.378762284379624,871505.0,1351786530.59,20191211,15.66,1.170511865532123,20241010,20241010,1.021872
000001.SZ,1d,2019-12-12,13.378762284379626,13.387305555314734,13.267699762223216,13.327502658768976,478998.0,747519511.1,20191212,15.600000000000001,1.170511865532123,20241010,20241010,1.021872
000001.SZ,1d,2019-12-13,13.541084432146683,13.771752747394608,13.472738264665816,13.771752747394608,1053103.0,1680707282.0600002,20191213,16.12,1.170511865532123,20241010,20241010,1.021872
000001.SZ,1d,2019-12-16,13.771752747394608,13.788839289264825,13.5581709740169,13.780296018329718,787952.0,1262802471.74,20191216,16.130000000000003,1.170511865532123,20241010,20241010,1.021872
000001.SZ,1d,2019-12-17,13.669233496173307,14.20745956508513,13.65214695430309,14.096397042928723,1203104.0,1969891323.5900002,20191217,16.5,1.170511865532123,20241010,20241010,1.021872
000001.SZ,1d,2019-12-18,14.036594146382965,14.233089377890456,14.019507604512748,14.062223959188291,797091.0,1317608543.24,20191218,16.46,1.170511865532123,20241010,20241010,1.021872
000001.SZ,1d,2019-12-19,14.139113397604266,14.301435545371325,14.045137417318074,14.139113397604266,675536.0,1119925969.1100001,20191219,16.55,1.170511865532123,20241010,20241010,1.021872
000001.SZ,1d,2019-12-20,14.139113397604266,14.250175919760672,14.045137417318074,14.173286481344698,644478.0,1067869779.7799999,20191220,16.59,1.170511865532123,20241010,20241010,1.021872
000001.SZ,1d,2019-12-23,14.250175919760675,14.250175919760675,13.81446910207015,13.874271998615908,715792.0,1173372080.8400002,20191223,16.240000000000002,1.170511865532123,20241010,20241010,1.021872
000001.SZ,1d,2019-12-24,13.865728727680798,14.096397042928723,13.865728727680798,14.010964333577641,459128.0,752351618.1899999,20191224,16.400000000000002,1.170511865532123,20241010,20241010,1.021872
000001.SZ,1d,2019-12-25,14.053680688253184,14.147656668539375,13.874271998615908,13.925531624226558,414917.0,679664596.6700001,20191225,16.3,1.170511865532123,20241010,20241010,1.021872
000001.SZ,1d,2019-12-26,13.95970470796699,14.079310501058506,13.942618166096773,14.070767230123398,372033.0,610381757.75,20191226,16.47,1.170511865532123,20241010,20241010,1.021872
000001.SZ,1d,2019-12-27,14.122026855734049,14.46375769313838,14.036594146382965,14.20745956508513,1042574.0,1741473179.3,20191227,16.63,1.170511865532123,20241010,20241010,1.021872
000001.SZ,1d,2019-12-30,14.062223959188291,14.207459565085133,13.75466620552439,14.156199939474481,976970.0,1603152786.5900002,20191230,16.57,1.170511865532123,20241010,20241010,1.021872
000001.SZ,1d,2019-12-31,14.156199939474481,14.20745956508513,13.934074895161665,14.05368068825318,704442.0,1154704348.9199998,20191231,16.45,1.170511865532123,20241010,20241010,1.021872
000001.SZ,1d,2020-01-02,14.22454610695535,14.480844235008597,14.139113397604266,14.412498067527732,1530231.0,2571196482.14,20200102,16.87,1.170511865532123,20241010,20241010,1.021872
000001.SZ,1d,2020-01-03,14.47230096407349,14.788401988672499,14.455214422203273,14.677339466516091,1116194.0,1914495474.63,20200103,17.180000000000003,1.170511865532123,20241010,20241010,1.021872
000001.SZ,1d,2020-01-06,14.532103860619248,14.814031801477821,14.446671151268164,14.583363486229898,862083.0,1477930193.19,20200106,17.07,1.170511865532123,20241010,20241010,1.021872
000001.SZ,1d,2020-01-07,14.634623111840545,14.76277217586717,14.480844235008597,14.651709653710762,728607.0,1247047135.26,20200107,17.15,1.170511865532123,20241010,20241010,1.021872
000001.SZ,1d,2020-01-08,14.52356058968414,14.56627694435968,14.20745956508513,14.233089377890456,847824.0,1423608811.1799998,20200108,16.66,1.170511865532123,20241010,20241010,1.021872
000001.SZ,1d,2020-01-09,14.361238441917083,14.46375769313838,14.122026855734049,14.344151900046866,1031636.0,1725326806.2500002,20200109,16.790000000000003,1.170511865532123,20241010,20241010,1.021872
000001.SZ,1d,2020-01-10,14.344151900046864,14.361238441917079,14.113483584798939,14.258719190695782,585548.0,975154818.7800001,20200110,16.69,1.170511865532123,20241010,20241010,1.021872
000001.SZ,1d,2020-01-13,14.309978816306431,14.549190402489465,14.190373023214914,14.51501731874903,872133.0,1468271683.72,20200113,16.99,1.170511865532123,20241010,20241010,1.021872
000001.SZ,1d,2020-01-14,14.515017318749033,14.754228904932067,14.31852208724154,14.31852208724154,1304493.0,2217608852.69,20200114,16.76,1.170511865532123,20241010,20241010,1.021872
000001.SZ,1d,2020-01-15,14.344151900046864,14.403954796592622,14.05368068825318,14.113483584798939,859439.0,1424889228.07,20200115,16.52,1.170511865532123,20241010,20241010,1.021872
000001.SZ,1d,2020-01-16,14.113483584798939,14.156199939474481,13.840098914875473,13.95116143703188,1028104.0,1678888507.83,20200116,16.33,1.170511865532123,20241010,20241010,1.021872
000001.SZ,1d,2020-01-17,13.993877791707426,14.139113397604266,13.968247978902099,14.002421062642531,605436.0,995909007.3499999,20200117,16.39,1.170511865532123,20241010,20241010,1.021872
000001.SZ,1d,2020-01-20,14.036594146382965,14.190373023214917,13.968247978902099,14.053680688253184,746074.0,1226464649.55,20200120,16.450000000000003,1.170511865532123,20241010,20241010,1.021872
000001.SZ,1d,2020-01-21,13.95970470796699,13.95970470796699,13.609430599627549,13.669233496173307,896603.0,1442171431.55,20200121,16.0,1.170511865532123,20241010,20241010,1.021872
000001.SZ,1d,2020-01-22,13.600887328692442,13.80592583113504,13.421478639055167,13.746122934589282,719464.0,1150933398.98,20200122,16.09,1.170511865532123,20241010,20241010,1.021872
000001.SZ,1d,2020-01-23,13.60088732869244,13.60088732869244,13.1480939691317,13.276243033158325,1100592.0,1723394336.66,20200123,15.540000000000001,1.170511865532123,20241010,20241010,1.021872
000001.SZ,1d,2020-02-03,11.952036038216535,12.558608274609226,11.952036038216535,11.952036038216535,2259194.0,3201454164.92,20200203,13.99,1.170511865532123,20241010,20241010,1.021872
000001.SZ,1d,2020-02-04,12.003295663827185,12.524435190868793,11.97766585102186,12.473175565258142,1706172.0,2442932842.71,20200204,14.6,1.170511865532123,20241010,20241010,1.021872
000001.SZ,1d,2020-02-05,12.464632294323033,12.720930422376284,12.23396397907511,12.498805378063468,1491380.0,2177632043.62,20200205,14.63,1.170511865532123,20241010,20241010,1.021872
000001.SZ,1d,2020-02-06,12.652584254895418,12.703843880506067,12.396286126842167,12.618411171154984,1185815.0,1740107625.4199998,20200206,14.77,1.170511865532123,20241010,20241010,1.021872
000001.SZ,1d,2020-02-07,12.473175565258142,12.550065003674117,12.310853417491085,12.49026210712836,924852.0,1345053255.67,20200207,14.620000000000001,1.170511865532123,20241010,20241010,1.021872
000001.SZ,1d,2020-02-10,12.396286126842169,12.413372668712386,12.216877437204893,12.38774285590706,1339495.0,1931983482.1000001,20200210,14.5,1.170511865532123,20241010,20241010,1.021872
000001.SZ,1d,2020-02-11,12.473175565258142,12.763646777051827,12.43900248151771,12.6354977130252,1407507.0,2077194138.9199998,20200211,14.790000000000001,1.170511865532123,20241010,20241010,1.021872
000001.SZ,1d,2020-02-12,12.6354977130252,12.661127525830526,12.473175565258142,12.618411171154984,1070503.0,1573229042.5500002,20200212,14.77,1.170511865532123,20241010,20241010,1.021872
000001.SZ,1d,2020-02-13,12.567151545544334,12.712387151441174,12.48171883619325,12.515891919933683,1013205.0,1491327713.78,20200213,14.649999999999999,1.170511865532123,20241010,20241010,1.021872
000001.SZ,1d,2020-02-14,12.601324629284768,12.934512195753992,12.558608274609227,12.840536215467802,1512434.0,2253906452.48,20200214,15.030000000000001,1.170511865532123,20241010,20241010,1.021872
000001.SZ,1d,2020-02-17,12.849079486402909,13.131007427261482,12.755103506116717,13.131007427261482,1543696.0,2337993586.1200004,20200217,15.37,1.170511865532123,20241010,20241010,1.021872
000001.SZ,1d,2020-02-18,13.09683434352105,13.09683434352105,12.823449673597583,12.985771821364642,973612.0,1478274222.5800002,20200218,15.2,1.170511865532123,20241010,20241010,1.021872
000001.SZ,1d,2020-02-19,12.900339112013558,13.131007427261482,12.883252570143341,13.019944905105076,874106.0,1333730218.9699998,20200219,15.24,1.170511865532123,20241010,20241010,1.021872
000001.SZ,1d,2020-02-20,13.0455747179104,13.34458920063919,12.900339112013558,13.318959387833866,1235444.0,1897923029.0400002,20200220,15.59,1.170511865532123,20241010,20241010,1.021872
000001.SZ,1d,2020-02-21,13.233526678482782,13.430021909990275,13.19935359474235,13.31041611689876,995071.0,1546692930.16,20200221,15.580000000000002,1.170511865532123,20241010,20241010,1.021872
000001.SZ,1d,2020-02-24,13.207896865677458,13.207896865677458,12.943055466689101,13.011401634169967,1191794.0,1820183854.52,20200224,15.23,1.170511865532123,20241010,20241010,1.021872
000001.SZ,1d,2020-02-25,12.814906402662476,12.925968924818884,12.626954442090094,12.849079486402909,1144575.0,1710369786.03,20200225,15.040000000000001,1.170511865532123,20241010,20241010,1.021872
000001.SZ,1d,2020-02-26,12.618411171154985,13.045574717910402,12.558608274609227,12.806363131727368,1176599.0,1769612245.3700001,20200226,14.99,1.170511865532123,20241010,20241010,1.021872
000001.SZ,1d,2020-02-27,12.780733318922042,12.943055466689101,12.720930422376284,12.908882382948669,975270.0,1464605739.4600003,20200227,15.110000000000001,1.170511865532123,20241010,20241010,1.021872
000001.SZ,1d,2020-02-28,12.686757338635852,12.849079486402909,12.353569772166628,12.38774285590706,1300644.0,1906892413.3100002,20200228,14.5,1.170511865532123,20241010,20241010,1.021872
000001.SZ,1d,2020-03-02,12.430459210582601,12.772190047986935,12.353569772166628,12.6354977130252,1116580.0,1647432269.71,20200302,14.790000000000001,1.170511865532123,20241010,20241010,1.021872
000001.SZ,1d,2020-03-03,12.780733318922042,12.806363131727368,12.498805378063468,12.575694816479443,1153584.0,1705816271.89,20200303,14.72,1.170511865532123,20241010,20241010,1.021872
000001.SZ,1d,2020-03-04,12.541521732739008,12.626954442090092,12.396286126842167,12.550065003674117,862595.0,1261123063.8300002,20200304,14.69,1.170511865532123,20241010,20241010,1.021872
000001.SZ,1d,2020-03-05,12.64404098396031,13.361675742509409,12.584238087414551,13.1480939691317,2686602.0,4089493523.03,20200305,15.39,1.170511865532123,20241010,20241010,1.021872
000001.SZ,1d,2020-03-06,12.968685279494425,13.0455747179104,12.831992944532692,12.8405362154678,1228531.0,1858691259.32,20200306,15.03,1.170511865532123,20241010,20241010,1.021872
000001.SZ,1d,2020-03-09,12.567151545544334,12.584238087414551,12.319396688426194,12.345026501231517,1665793.0,2420392130.73,20200309,14.45,1.170511865532123,20241010,20241010,1.021872
000001.SZ,1d,2020-03-10,12.285223604685761,12.686757338635852,12.285223604685761,12.609867900219877,1167864.0,1709084565.32,20200310,14.760000000000002,1.170511865532123,20241010,20241010,1.021872
000001.SZ,1d,2020-03-11,12.618411171154985,12.712387151441176,12.49026210712836,12.550065003674119,814381.0,1201250682.1599998,20200311,14.690000000000001,1.170511865532123,20241010,20241010,1.021872
000001.SZ,1d,2020-03-12,12.515891919933685,12.678214067700743,12.413372668712386,12.54152173273901,986497.0,1447436641.92,20200312,14.680000000000001,1.170511865532123,20241010,20241010,1.021872
000001.SZ,1d,2020-03-13,11.87514659980056,12.456089023387927,11.87514659980056,12.404829397777275,1169765.0,1669009835.48,20200313,14.52,1.170511865532123,20241010,20241010,1.021872
000001.SZ,1d,2020-03-16,12.345026501231517,12.353569772166628,11.746997535773936,11.746997535773936,1406202.0,1975824191.21,20200316,13.75,1.170511865532123,20241010,20241010,1.021872
000001.SZ,1d,2020-03-17,11.746997535773936,11.93494949634632,11.21731473779722,11.456526323980253,1177849.0,1582506075.02,20200317,13.41,1.170511865532123,20241010,20241010,1.021872
000001.SZ,1d,2020-03-18,11.456526323980253,11.57613211707177,10.807237732912021,10.858497358522671,1384784.0,1816836893.63,20200318,12.71,1.170511865532123,20241010,20241010,1.021872
000001.SZ,1d,2020-03-19,10.832867545717345,10.884127171327997,10.175035683714006,10.448420353637472,1891457.0,2313863663.4799995,20200319,12.23,1.170511865532123,20241010,20241010,1.021872
000001.SZ,1d,2020-03-20,10.593655959534313,10.832867545717345,10.474050166442796,10.696175210755612,1578352.0,1967487818.45,20200320,12.52,1.170511865532123,20241010,20241010,1.021872
000001.SZ,1d,2020-03-23,10.25192512212998,10.55093960485877,10.192122225584221,10.380074186156605,1071113.0,1300469494.43,20200323,12.15,1.170511865532123,20241010,20241010,1.021872
000001.SZ,1d,2020-03-24,10.593655959534313,10.832867545717345,10.482593437377904,10.773064649171587,1180200.0,1472909399.72,20200324,12.61,1.170511865532123,20241010,20241010,1.021872
000001.SZ,1d,2020-03-25,11.003732964419513,11.166055112186571,10.849954087587564,10.995189693484404,1136957.0,1467534956.1599998,20200325,12.870000000000001,1.170511865532123,20241010,20241010,1.021872
000001.SZ,1d,2020-03-26,10.91830025506843,11.396723427434495,10.86704062945778,11.157511841251463,1075192.0,1408651057.3400002,20200326,13.06,1.170511865532123,20241010,20241010,1.021872
000001.SZ,1d,2020-03-27,11.31983398901852,11.430896511174929,11.174598383121678,11.234401279667438,653018.0,861618663.0500001,20200327,13.15,1.170511865532123,20241010,20241010,1.021872
000001.SZ,1d,2020-03-30,10.978103151614187,11.140425299381244,10.901213713198212,11.054992590030162,661738.0,852956240.25,20200330,12.94,1.170511865532123,20241010,20241010,1.021872
000001.SZ,1d,2020-03-31,11.148968570316354,11.183141654056788,10.91830025506843,10.935386796938646,513370.0,662915471.38,20200331,12.8,1.170511865532123,20241010,20241010,1.021872
000001.SZ,1d,2020-04-01,10.986646422549295,11.21731473779722,10.952473338808863,11.012276235354621,520836.0,676070117.75,20200401,12.89,1.170511865532123,20241010,20241010,1.021872
000001.SZ,1d,2020-04-02,10.892670442263103,11.080622402835488,10.81578100384713,11.080622402835488,518365.0,663197628.3500001,20200402,12.97,1.170511865532123,20241010,20241010,1.021872
000001.SZ,1d,2020-04-03,10.952473338808863,11.012276235354621,10.721805023560938,10.77306464917159,825348.0,1047282400.16,20200403,12.610000000000001,1.170511865532123,20241010,20241010,1.021872
000001.SZ,1d,2020-04-07,11.012276235354621,11.054992590030164,10.943930067873755,11.003732964419513,870313.0,1121200115.4100003,20200407,12.88,1.170511865532123,20241010,20241010,1.021872
000001.SZ,1d,2020-04-08,11.003732964419513,11.037906048159945,10.86704062945778,10.91830025506843,528716.0,676604872.29,20200408,12.780000000000001,1.170511865532123,20241010,20241010,1.021872
000001.SZ,1d,2020-04-09,11.003732964419513,11.012276235354621,10.86704062945778,10.884127171327997,408553.0,522027888.31,20200409,12.74,1.170511865532123,20241010,20241010,1.021872
000001.SZ,1d,2020-04-10,10.901213713198212,11.089165673770596,10.807237732912021,10.926843526003537,666674.0,853689950.23,20200410,12.790000000000001,1.170511865532123,20241010,20241010,1.021872
000001.SZ,1d,2020-04-13,10.824324274782237,10.858497358522671,10.653458856080071,10.75597810730137,446214.0,562008050.35,20200413,12.59,1.170511865532123,20241010,20241010,1.021872
000001.SZ,1d,2020-04-14,10.807237732912021,10.986646422549295,10.738891565431155,10.986646422549295,686086.0,874856562.2800001,20200414,12.86,1.170511865532123,20241010,20241010,1.021872
000001.SZ,1d,2020-04-15,10.986646422549297,11.046449319095055,10.91830025506843,10.995189693484404,656396.0,843649273.39,20200415,12.870000000000001,1.170511865532123,20241010,20241010,1.021872
000001.SZ,1d,2020-04-16,10.926843526003537,10.926843526003537,10.71326175262583,10.832867545717347,789154.0,997623816.4499999,20200416,12.680000000000001,1.170511865532123,20241010,20241010,1.021872
000001.SZ,1d,2020-04-17,10.90975698413332,11.140425299381246,10.807237732912021,11.012276235354621,1331164.0,1713215766.82,20200417,12.89,1.170511865532123,20241010,20241010,1.021872
000001.SZ,1d,2020-04-20,10.986646422549295,11.148968570316352,10.90975698413332,11.097708944705705,818455.0,1058524019.15,20200420,12.99,1.170511865532123,20241010,20241010,1.021872
000001.SZ,1d,2020-04-21,11.362550343694062,11.704281181098395,11.362550343694062,11.490699407720687,2122448.0,2861879086.0899997,20200421,13.450000000000001,1.170511865532123,20241010,20241010,1.021872
000001.SZ,1d,2020-04-22,11.42235324023982,11.465069594915361,11.242944550602544,11.302747447148304,1032803.0,1368222854.7100003,20200422,13.23,1.170511865532123,20241010,20241010,1.021872
000001.SZ,1d,2020-04-23,11.302747447148302,11.371093614629169,11.200228195927004,11.302747447148302,646990.0,855052110.23,20200423,13.229999999999999,1.170511865532123,20241010,20241010,1.021872
000001.SZ,1d,2020-04-24,11.251487821537653,11.345463801823845,11.200228195927004,11.311290718083411,566002.0,747473770.46,20200424,13.24,1.170511865532123,20241010,20241010,1.021872
000001.SZ,1d,2020-04-27,11.362550343694062,11.653021555487745,11.31983398901852,11.533415762396228,936830.0,1263809737.41,20200427,13.5,1.170511865532123,20241010,20241010,1.021872
000001.SZ,1d,2020-04-28,11.490699407720685,11.584675388006877,11.336920530888737,11.550502304266445,771564.0,1038718080.27,20200428,13.52,1.170511865532123,20241010,20241010,1.021872
000001.SZ,1d,2020-04-29,11.516329220526012,12.046012018502728,11.490699407720687,11.977665851021861,1108722.0,1541638203.4799998,20200429,14.020000000000001,1.170511865532123,20241010,20241010,1.021872
000001.SZ,1d,2020-04-30,11.977665851021861,12.23396397907511,11.858060057930345,11.900776412605886,819540.0,1155968238.1299999,20200430,13.930000000000001,1.170511865532123,20241010,20241010,1.021872
000001.SZ,1d,2020-05-06,11.755540806709044,11.866603328865452,11.627391742682418,11.764084077644153,1008998.0,1382727481.73,20200506,13.77,1.170511865532123,20241010,20241010,1.021872
000001.SZ,1d,2020-05-07,11.755540806709044,11.755540806709044,11.618848471747311,11.695737910163285,662749.0,904349531.9899999,20200507,13.69,1.170511865532123,20241010,20241010,1.021872
000001.SZ,1d,2020-05-08,11.755540806709044,11.97766585102186,11.687194639228178,11.917862954476101,934782.0,1297924588.29,20200508,13.95,1.170511865532123,20241010,20241010,1.021872
000001.SZ,1d,2020-05-11,11.892233141670777,12.071641831308053,11.87514659980056,11.960579309151644,612862.0,859156594.2199999,20200511,14.0,1.170511865532123,20241010,20241010,1.021872
000001.SZ,1d,2020-05-12,11.917862954476103,12.003295663827187,11.721367722968612,11.78117061951437,558511.0,772109502.04,20200512,13.790000000000001,1.170511865532123,20241010,20241010,1.021872
000001.SZ,1d,2020-05-13,11.746997535773938,11.772627348579261,11.559045575201553,11.644478284552637,640359.0,871062043.61,20200513,13.63,1.170511865532123,20241010,20241010,1.021872
000001.SZ,1d,2020-05-14,11.57613211707177,11.610305200812203,11.294204176213196,11.362550343694062,944672.0,1259440848.2399998,20200514,13.3,1.170511865532123,20241010,20241010,1.021872
000001.SZ,1d,2020-05-15,11.439439782110037,11.47361286585047,11.22585800873233,11.302747447148304,756794.0,1004313267.9300001,20200515,13.23,1.170511865532123,20241010,20241010,1.021872
000001.SZ,1d,2020-05-18,11.277117634342979,11.396723427434496,11.208771466862112,11.277117634342979,637209.0,843479669.71,20200518,13.200000000000001,1.170511865532123,20241010,20241010,1.021872
000001.SZ,1d,2020-05-19,11.456526323980253,11.490699407720685,11.336920530888737,11.413809969304712,600369.0,801755671.01,20200519,13.36,1.170511865532123,20241010,20241010,1.021872
000001.SZ,1d,2020-05-20,11.430896511174927,11.635935013617527,11.336920530888737,11.541959033331336,690851.0,929928885.9300001,20200520,13.51,1.170511865532123,20241010,20241010,1.021872
000001.SZ,1d,2020-05-21,11.550502304266445,11.593218658941986,11.413809969304712,11.447983053045144,552312.0,742797057.29,20200521,13.399999999999999,1.170511865532123,20241010,20241010,1.021872
000001.SZ,1d,2020-05-22,11.388180156499386,11.396723427434495,11.037906048159945,11.037906048159945,856237.0,1119433491.01,20200522,12.92,1.170511865532123,20241010,20241010,1.021872
000001.SZ,1d,2020-05-25,11.080622402835488,11.089165673770596,10.901213713198212,11.072079131900377,410171.0,528769352.5,20200525,12.959999999999999,1.170511865532123,20241010,20241010,1.021872
000001.SZ,1d,2020-05-26,11.123338757511029,11.166055112186571,11.054992590030162,11.140425299381244,396212.0,515451849.4,20200526,13.04,1.170511865532123,20241010,20241010,1.021872
000001.SZ,1d,2020-05-27,11.148968570316354,11.268574363407872,11.072079131900379,11.106252215640811,482963.0,630305864.0899999,20200527,13.0,1.170511865532123,20241010,20241010,1.021872
000001.SZ,1d,2020-05-28,11.184460888868042,11.453861267698583,11.13231888006213,11.358267584887747,960760.0,1255226999.49,20200528,13.07,1.15070365285193,20241010,20241010,1.021872
000001.SZ,1d,2020-05-29,11.306125576081834,11.33219658048479,11.227912562872968,11.29743524128085,457808.0,594502123.85,20200529,13.0,1.15070365285193,20241010,20241010,1.021872
000001.SZ,1d,2020-06-01,11.384338589290701,11.636358298519275,11.366957919688732,11.575525954912377,882961.0,1173619006.66,20200601,13.32,1.15070365285193,20241010,20241010,1.021872
000001.SZ,1d,2020-06-02,11.549454950509423,11.844926333742922,11.540764615708438,11.77540365533504,883459.0,1194375822.0600002,20200602,13.55,1.15070365285193,20241010,20241010,1.021872
000001.SZ,1d,2020-06-03,11.853616668543907,12.062184703767553,11.731951981330113,11.766713320534054,956803.0,1308782294.7,20200603,13.54,1.15070365285193,20241010,20241010,1.021872
000001.SZ,1d,2020-06-04,11.758022985733069,11.853616668543907,11.653738968121246,11.79278432493701,583066.0,788707630.29,20200604,13.57,1.15070365285193,20241010,20241010,1.021872
000001.SZ,1d,2020-06-05,11.818855329339966,11.836235998941936,11.671119637723216,11.81016499453898,383027.0,517232135.8,20200605,13.59,1.15070365285193,20241010,20241010,1.021872
000001.SZ,1d,2020-06-08,11.888378007747848,12.036113699364597,11.801474659737995,11.836235998941936,585972.0,802115792.0600001,20200608,13.62,1.15070365285193,20241010,20241010,1.021872
000001.SZ,1d,2020-06-09,11.853616668543907,11.931829681752774,11.758022985733069,11.879687672946863,474300.0,646895834.84,20200609,13.670000000000002,1.15070365285193,20241010,20241010,1.021872
000001.SZ,1d,2020-06-10,11.914449012150804,11.914449012150804,11.645048633320261,11.723261646529128,580476.0,781995749.3600001,20200610,13.49,1.15070365285193,20241010,20241010,1.021872
000001.SZ,1d,2020-06-11,11.62766796371829,11.636358298519275,11.29743524128085,11.366957919688732,1349040.0,1774199978.6799998,20200611,13.08,1.15070365285193,20241010,20241010,1.021872
000001.SZ,1d,2020-06-12,11.210531893270996,11.314815910882821,11.184460888868042,11.288744906479865,1030551.0,1331618728.51,20200612,12.99,1.15070365285193,20241010,20241010,1.021872
000001.SZ,1d,2020-06-15,11.167080219266072,11.271364236877893,11.123628545261145,11.141009214863114,660313.0,850767506.4300001,20200615,12.82,1.15070365285193,20241010,20241010,1.021872
000001.SZ,1d,2020-06-16,11.210531893270996,11.288744906479865,11.175770554067055,11.20184155847001,718059.0,927043687.82,20200616,12.889999999999999,1.15070365285193,20241010,20241010,1.021872
000001.SZ,1d,2020-06-17,11.201841558470012,11.227912562872968,11.088867206057202,11.16708021926607,716468.0,918251153.1899999,20200617,12.85,1.15070365285193,20241010,20241010,1.021872
000001.SZ,1d,2020-06-18,11.088867206057202,11.123628545261145,10.941131514440453,11.088867206057202,1119648.0,1419972017.43,20200618,12.76,1.15070365285193,20241010,20241010,1.021872
000001.SZ,1d,2020-06-19,11.062796201654246,11.158389884465086,10.958512184042423,11.123628545261143,1539522.0,1954584919.95,20200619,12.799999999999999,1.15070365285193,20241010,20241010,1.021872
000001.SZ,1d,2020-06-22,11.071486536455232,11.088867206057204,10.96720251884341,10.98458318844538,1319080.0,1671023278.9900002,20200622,12.64,1.15070365285193,20241010,20241010,1.021872
000001.SZ,1d,2020-06-23,10.993273523246366,11.028034862450305,10.880299170833556,10.949821849241438,990807.0,1248046646.7199998,20200623,12.6,1.15070365285193,20241010,20241010,1.021872
000001.SZ,1d,2020-06-24,10.984583188445379,11.193151223669025,10.949821849241438,11.123628545261143,1523220.0,1946329095.3100002,20200624,12.799999999999999,1.15070365285193,20241010,20241010,1.021872
000001.SZ,1d,2020-06-29,11.22791256287297,11.271364236877893,11.045415532052278,11.123628545261145,1038480.0,1330678288.8300002,20200629,12.8,1.15070365285193,20241010,20241010,1.021872
000001.SZ,1d,2020-06-30,11.1496995496641,11.193151223669027,11.054105866853263,11.123628545261145,937940.0,1199181601.42,20200630,12.8,1.15070365285193,20241010,20241010,1.021872
000001.SZ,1d,2020-07-01,11.11493821046016,11.427790263295629,11.071486536455232,11.401719258892674,1697390.0,2202800843.9700003,20200701,13.120000000000001,1.15070365285193,20241010,20241010,1.021872
000001.SZ,1d,2020-07-02,11.366957919688732,11.723261646529128,11.271364236877893,11.671119637723217,2590501.0,3433511084.46,20200702,13.430000000000001,1.15070365285193,20241010,20241010,1.021872
000001.SZ,1d,2020-07-03,11.79278432493701,12.444559435010905,11.784093990136025,12.383727091404008,3768334.0,5280918011.400001,20200703,14.25,1.15070365285193,20241010,20241010,1.021872
000001.SZ,1d,2020-07-06,12.687888809438492,13.6264449679449,12.679198474637507,13.6264449679449,4711461.0,7168653356.250001,20200706,15.68,1.15070365285193,20241010,20241010,1.021872
000001.SZ,1d,2020-07-07,14.165245725605988,14.452026774038504,13.06157320588086,13.452638271925196,3964427.0,6267919683.040001,20200707,15.48,1.15070365285193,20241010,20241010,1.021872
000001.SZ,1d,2020-07-08,13.235379901900565,13.90453568157643,13.235379901900565,13.695967646352784,2631339.0,4095447757.1699996,20200708,15.76,1.15070365285193,20241010,20241010,1.021872
000001.SZ,1d,2020-07-09,13.60906429834293,13.60906429834293,13.304902580308447,13.496089945930123,2243994.0,3469517329.73,20200709,15.530000000000001,1.15070365285193,20241010,20241010,1.021872
000001.SZ,1d,2020-07-10,13.339663919512388,13.452638271925196,12.826934166254256,12.91383751426411,2158773.0,3254272377.89,20200710,14.86,1.15070365285193,20241010,20241010,1.021872
000001.SZ,1d,2020-07-13,12.774792157448344,13.105024879885786,12.600985461428639,12.939908518667066,1937160.0,2871414844.76,20200713,14.89,1.15070365285193,20241010,20241010,1.021872
000001.SZ,1d,2020-07-14,12.94859885346805,13.200618562696624,12.644437135433567,12.757411487846376,1953566.0,2891773817.07,20200714,14.680000000000001,1.15070365285193,20241010,20241010,1.021872
000001.SZ,1d,2020-07-15,12.844314835856228,12.913837514264111,12.366346421802039,12.401107761005978,2042563.0,2947173149.7200003,20200715,14.27,1.15070365285193,20241010,20241010,1.021872
000001.SZ,1d,2020-07-16,12.427178765408936,12.644437135433567,12.2707527389912,12.296823743394155,1930891.0,2771496391.19,20200716,14.15,1.15070365285193,20241010,20241010,1.021872
000001.SZ,1d,2020-07-17,12.314204412996128,12.409798095806964,12.12301704737445,12.28813340859317,1291347.0,1821043927.51,20200717,14.14,1.15070365285193,20241010,20241010,1.021872
000001.SZ,1d,2020-07-20,12.366346421802039,12.835624501055241,12.25337206938923,12.800863161851302,1979632.0,2872758056.19,20200720,14.73,1.15070365285193,20241010,20241010,1.021872
000001.SZ,1d,2020-07-21,12.757411487846374,12.757411487846374,12.514082113418787,12.592295126627654,1252866.0,1815570300.6,20200721,14.49,1.15070365285193,20241010,20241010,1.021872
000001.SZ,1d,2020-07-22,12.592295126627654,12.73134048344342,12.401107761005978,12.522772448219772,1312952.0,1895447229.4099998,20200722,14.41,1.15070365285193,20241010,20241010,1.021872
000001.SZ,1d,2020-07-23,12.375036756603023,12.41848843060795,12.001352360160656,12.17515905618036,2027526.0,2838535210.7500005,20200723,14.01,1.15070365285193,20241010,20241010,1.021872
000001.SZ,1d,2020-07-24,12.140397716976421,12.157778386578391,11.66242930292223,11.731951981330113,1830882.0,2504647111.34,20200724,13.5,1.15070365285193,20241010,20241010,1.021872
000001.SZ,1d,2020-07-27,11.879687672946863,11.888378007747848,11.384338589290701,11.506003276504496,1880653.0,2497551472.2799997,20200727,13.24,1.15070365285193,20241010,20241010,1.021872
000001.SZ,1d,2020-07-28,11.592906624514349,11.671119637723216,11.453861267698583,11.592906624514349,1217006.0,1618089558.6,20200728,13.34,1.15070365285193,20241010,20241010,1.021872
000001.SZ,1d,2020-07-29,11.601596959315335,11.844926333742922,11.479932272101541,11.766713320534055,1519580.0,2043847472.9400003,20200729,13.540000000000001,1.15070365285193,20241010,20241010,1.021872
000001.SZ,1d,2020-07-30,11.731951981330115,11.7406423161311,11.618977628917305,11.618977628917305,964068.0,1294444933.22,20200730,13.370000000000001,1.15070365285193,20241010,20241010,1.021872
000001.SZ,1d,2020-07-31,11.540764615708436,11.758022985733069,11.51469361130548,11.592906624514349,1165822.0,1559068291.6299999,20200731,13.34,1.15070365285193,20241010,20241010,1.021872
000001.SZ,1d,2020-08-03,11.705880976927157,11.836235998941936,11.671119637723216,11.81016499453898,1445096.0,1954607257.49,20200803,13.59,1.15070365285193,20241010,20241010,1.021872
000001.SZ,1d,2020-08-04,11.870997338145877,12.296823743394155,11.714571311728143,12.201230060583319,2445663.0,3388510059.2700005,20200804,14.040000000000001,1.15070365285193,20241010,20241010,1.021872
000001.SZ,1d,2020-08-05,12.010042694961642,12.036113699364599,11.836235998941937,11.957900686155732,1440203.0,1980352978.3400002,20200805,13.760000000000002,1.15070365285193,20241010,20241010,1.021872
000001.SZ,1d,2020-08-06,12.010042694961642,12.131707382175437,11.862307003344892,12.079565373369524,1352511.0,1868047342.49,20200806,13.9,1.15070365285193,20241010,20241010,1.021872
000001.SZ,1d,2020-08-07,11.992662025359671,12.079565373369524,11.836235998941937,11.90575867734982,988678.0,1356305781.15,20200807,13.700000000000001,1.15070365285193,20241010,20241010,1.021872
000001.SZ,1d,2020-08-10,11.879687672946863,12.183849390981347,11.836235998941937,12.12301704737445,1587710.0,2208568316.4900002,20200810,13.950000000000001,1.15070365285193,20241010,20241010,1.021872
000001.SZ,1d,2020-08-11,12.140397716976421,12.740030818244405,12.140397716976421,12.279443073792185,2603308.0,3748036828.23,20200811,14.13,1.15070365285193,20241010,20241010,1.021872
000001.SZ,1d,2020-08-12,12.348965752200067,12.600985461428639,12.296823743394155,12.496701443816818,1596812.0,2287731088.15,20200812,14.38,1.15070365285193,20241010,20241010,1.021872
000001.SZ,1d,2020-08-13,12.514082113418787,12.5662241222247,12.28813340859317,12.322894747797111,837262.0,1190139725.41,20200813,14.18,1.15070365285193,20241010,20241010,1.021872
000001.SZ,1d,2020-08-14,12.25337206938923,12.609675796229626,12.218610730185288,12.574914457025685,1103216.0,1578543607.1,20200814,14.47,1.15070365285193,20241010,20241010,1.021872
000001.SZ,1d,2020-08-17,12.687888809438494,13.33966391951239,12.644437135433567,13.200618562696624,3268028.0,4923669137.3,20200817,15.190000000000001,1.15070365285193,20241010,20241010,1.021872
000001.SZ,1d,2020-08-18,13.209308897497609,13.296212245507462,12.957289188269035,13.165857223492683,1350261.0,2033477707.99,20200818,15.15,1.15070365285193,20241010,20241010,1.021872
000001.SZ,1d,2020-08-19,13.131095884288742,13.33966391951239,13.000740862273963,13.122405549487757,1420928.0,2154215097.0600004,20200819,15.100000000000001,1.15070365285193,20241010,20241010,1.021872
000001.SZ,1d,2020-08-20,13.04419253627889,13.157166888691698,12.627056465831597,12.67919847463751,1333802.0,1962605013.7,20200820,14.590000000000002,1.15070365285193,20241010,20241010,1.021872
000001.SZ,1d,2020-08-21,12.78348249224933,12.78348249224933,12.444559435010905,12.557533787423715,1234517.0,1787278581.3400002,20200821,14.450000000000001,1.15070365285193,20241010,20241010,1.021872
000001.SZ,1d,2020-08-24,12.600985461428639,12.78348249224933,12.522772448219772,12.5662241222247,919449.0,1338031969.4,20200824,14.46,1.15070365285193,20241010,20241010,1.021872
000001.SZ,1d,2020-08-25,12.653127470234551,12.76610182264736,12.5662241222247,12.687888809438494,748320.0,1090756854.22,20200825,14.600000000000001,1.15070365285193,20241010,20241010,1.021872
000001.SZ,1d,2020-08-26,12.687888809438494,12.696579144239479,12.409798095806964,12.488011109015831,734118.0,1057274169.74,20200826,14.370000000000001,1.15070365285193,20241010,20241010,1.021872
000001.SZ,1d,2020-08-27,12.514082113418786,12.566224122224698,12.262062404190214,12.566224122224698,626667.0,895618648.57,20200827,14.459999999999999,1.15070365285193,20241010,20241010,1.021872
000001.SZ,1d,2020-08-28,12.392417426204993,13.191928227895637,12.392417426204993,13.148476553890712,2410400.0,3599035694.78,20200828,15.129999999999999,1.15070365285193,20241010,20241010,1.021872
000001.SZ,1d,2020-08-31,13.296212245507462,13.6264449679449,13.026811866676917,13.105024879885786,1797130.0,2760350322.28,20200831,15.08,1.15070365285193,20241010,20241010,1.021872
000001.SZ,1d,2020-09-01,13.000740862273963,13.235379901900565,12.931218183866081,13.157166888691698,813643.0,1228342741.95,20200901,15.14,1.15070365285193,20241010,20241010,1.021872
000001.SZ,1d,2020-09-02,13.044192536278889,13.496089945930121,13.044192536278889,13.313592915109432,1679383.0,2575966637.51,20200902,15.32,1.15070365285193,20241010,20241010,1.021872
000001.SZ,1d,2020-09-03,13.313592915109432,13.322283249910416,12.896456844662138,12.94859885346805,1279842.0,1919266726.0100002,20200903,14.9,1.15070365285193,20241010,20241010,1.021872
000001.SZ,1d,2020-09-04,12.800863161851302,13.087644210283814,12.687888809438492,13.000740862273961,909890.0,1353550808.28,20200904,14.959999999999999,1.15070365285193,20241010,20241010,1.021872
000001.SZ,1d,2020-09-07,12.931218183866081,13.24407023670155,12.887766509861153,12.983360192671991,1031377.0,1551971380.96,20200907,14.94,1.15070365285193,20241010,20241010,1.021872
000001.SZ,1d,2020-09-08,13.035502201477904,13.40918659792027,13.035502201477904,13.40918659792027,1407602.0,2154220778.29,20200908,15.43,1.15070365285193,20241010,20241010,1.021872
000001.SZ,1d,2020-09-09,13.261450906303521,13.52216095033308,13.148476553890712,13.217999232298595,1013572.0,1554005575.35,20200909,15.21,1.15070365285193,20241010,20241010,1.021872
000001.SZ,1d,2020-09-10,13.313592915109432,13.452638271925196,13.209308897497609,13.330973584711403,957092.0,1469402768.28,20200910,15.340000000000002,1.15070365285193,20241010,20241010,1.021872
000001.SZ,1d,2020-09-11,13.191928227895637,13.296212245507462,12.879076175060169,13.044192536278889,954236.0,1431844020.44,20200911,15.01,1.15070365285193,20241010,20241010,1.021872
000001.SZ,1d,2020-09-14,13.044192536278889,13.296212245507462,12.96597952307002,13.296212245507462,680251.0,1027508108.5500001,20200914,15.3,1.15070365285193,20241010,20241010,1.021872
000001.SZ,1d,2020-09-15,13.209308897497609,13.452638271925196,13.165857223492683,13.339663919512388,657133.0,1007999044.1099999,20200915,15.35,1.15070365285193,20241010,20241010,1.021872
000001.SZ,1d,2020-09-16,13.313592915109432,13.504780280731108,13.217999232298595,13.417876932721256,722415.0,1114667832.1100001,20200916,15.440000000000001,1.15070365285193,20241010,20241010,1.021872
000001.SZ,1d,2020-09-17,13.504780280731108,13.661206307148843,13.383115593517314,13.530851285134064,988216.0,1543414501.54,20200917,15.57,1.15070365285193,20241010,20241010,1.021872
000001.SZ,1d,2020-09-18,13.57430295913899,13.982748694785297,13.487399611129137,13.965368025183327,1373193.0,2186759087.8100004,20200918,16.07,1.15070365285193,20241010,20241010,1.021872
000001.SZ,1d,2020-09-21,13.90453568157643,13.947987355581358,13.652515972347858,13.782870994362638,896162.0,1418370973.91,20200921,15.860000000000001,1.15070365285193,20241010,20241010,1.021872
000001.SZ,1d,2020-09-22,13.617754633143916,13.765490324760666,13.374425258716329,13.530851285134064,867756.0,1354536272.84,20200922,15.57,1.15070365285193,20241010,20241010,1.021872
000001.SZ,1d,2020-09-23,13.548231954736034,13.756799989959681,13.478709276328152,13.582993293939975,599200.0,939763265.95,20200923,15.629999999999999,1.15070365285193,20241010,20241010,1.021872
000001.SZ,1d,2020-09-24,13.548231954736035,13.565612624338005,13.139786219089727,13.139786219089727,1061011.0,1623376200.8100002,20200924,15.120000000000001,1.15070365285193,20241010,20241010,1.021872
000001.SZ,1d,2020-09-25,13.209308897497609,13.304902580308445,13.13109588428874,13.200618562696622,614087.0,933035044.4699999,20200925,15.19,1.15070365285193,20241010,20241010,1.021872
000001.SZ,1d,2020-09-28,13.200618562696624,13.35704458911436,13.018121531875932,13.304902580308447,612711.0,932800766.0300001,20200928,15.31,1.15070365285193,20241010,20241010,1.021872
000001.SZ,1d,2020-09-29,13.374425258716329,13.3918059283183,12.826934166254256,12.861695505458197,1182374.0,1766848544.72,20200929,14.799999999999999,1.15070365285193,20241010,20241010,1.021872
000001.SZ,1d,2020-09-30,12.861695505458199,13.270141241104506,12.861695505458199,13.183237893094653,1217065.0,1838547595.4599998,20200930,15.17,1.15070365285193,20241010,20241010,1.021872
000001.SZ,1d,2020-10-09,13.296212245507462,13.513470615532093,13.148476553890712,13.19192822789564,900426.0,1376995906.6,20201009,15.180000000000001,1.15070365285193,20241010,20241010,1.021872
000001.SZ,1d,2020-10-12,13.22668956709958,13.947987355581358,13.217999232298595,13.817632333566578,1591347.0,2509002885.3100004,20201012,15.9,1.15070365285193,20241010,20241010,1.021872
000001.SZ,1d,2020-10-13,13.817632333566578,14.000129364387268,13.704657981153769,13.95667769038234,908819.0,1453986337.96,20201013,16.06,1.15070365285193,20241010,20241010,1.021872
000001.SZ,1d,2020-10-14,13.939297020780371,14.008819699188255,13.730728985556725,13.930606685979386,662562.0,1057937816.08,20201014,16.03,1.15070365285193,20241010,20241010,1.021872
000001.SZ,1d,2020-10-15,14.078342377596135,14.704046483267073,14.034890703591207,14.391194430431604,1600062.0,2654379585.66,20201015,16.56,1.15070365285193,20241010,20241010,1.021872
000001.SZ,1d,2020-10-16,14.391194430431604,15.09511154931141,14.373813760829634,14.860472509684808,2095614.0,3589229558.5699997,20201016,17.099999999999998,1.15070365285193,20241010,20241010,1.021872
000001.SZ,1d,2020-10-19,15.034279205704516,15.729505989783338,15.034279205704516,15.19070523212225,2016106.0,3571336006.25,20201019,17.48,1.15070365285193,20241010,20241010,1.021872
000001.SZ,1d,2020-10-20,15.19070523212225,15.294989249734074,14.990827531699589,15.24284724092816,960072.0,1673173355.6499999,20201020,17.54,1.15070365285193,20241010,20241010,1.021872
000001.SZ,1d,2020-10-21,15.329750588938015,15.642602641773486,15.060350210107472,15.564389628564616,1244560.0,2204040364.8,20201021,17.91,1.15070365285193,20241010,20241010,1.021872
000001.SZ,1d,2020-10-22,15.590460632967574,16.077119381822747,15.034279205704516,15.260227910530133,1890519.0,3342069010.79,20201022,17.560000000000002,1.15070365285193,20241010,20241010,1.021872
000001.SZ,1d,2020-10-23,15.234156906127177,16.320448756250336,15.234156906127177,15.755576994186294,1698502.0,3105623948.39,20201023,18.130000000000003,1.15070365285193,20241010,20241010,1.021872
000001.SZ,1d,2020-10-26,15.81640933779319,15.894622351002056,15.164634227719294,15.381892597743924,1175599.0,2085800598.85,20201026,17.7,1.15070365285193,20241010,20241010,1.021872
000001.SZ,1d,2020-10-27,15.642602641773484,15.642602641773484,15.208085901724221,15.434034606549838,1034865.0,1839243224.79,20201027,17.76,1.15070365285193,20241010,20241010,1.021872
000001.SZ,1d,2020-10-28,15.434034606549835,15.55569929376363,15.02558887090353,15.321060254137029,1205824.0,2125604541.75,20201028,17.63,1.15070365285193,20241010,20241010,1.021872
000001.SZ,1d,2020-10-29,15.242847240928164,15.581770298166587,15.077730879709442,15.442724941350825,846604.0,1498040947.7,20201029,17.770000000000003,1.15070365285193,20241010,20241010,1.021872
000001.SZ,1d,2020-10-30,15.416653936947869,15.955454694608957,15.294989249734074,15.425344271748852,1007804.0,1813064343.1200001,20201030,17.75,1.15070365285193,20241010,20241010,1.021872
000001.SZ,1d,2020-11-02,15.338440923739002,15.68605431577841,15.060350210107472,15.32106025413703,968453.0,1702741437.95,20201102,17.630000000000003,1.15070365285193,20241010,20241010,1.021872
000001.SZ,1d,2020-11-03,15.390582932544913,15.938074025006983,15.381892597743924,15.607841302569543,957869.0,1727488481.5,20201103,17.96,1.15070365285193,20241010,20241010,1.021872
000001.SZ,1d,2020-11-04,15.94676435980797,16.059738712220778,15.607841302569543,15.920693355405012,1247636.0,2275824963.43,20201104,18.32,1.15070365285193,20241010,20241010,1.021872
000001.SZ,1d,2020-11-05,15.964145029409936,16.077119381822747,15.24284724092816,15.381892597743924,1429469.0,2558562453.1800003,20201105,17.7,1.15070365285193,20241010,20241010,1.021872
000001.SZ,1d,2020-11-06,15.390582932544909,15.425344271748852,14.964756527296633,15.329750588938015,848782.0,1486492208.3700001,20201106,17.64,1.15070365285193,20241010,20241010,1.021872
000001.SZ,1d,2020-11-09,15.355821593340968,15.642602641773484,15.24284724092816,15.503557284957719,951424.0,1688807401.7,20201109,17.84,1.15070365285193,20241010,20241010,1.021872
000001.SZ,1d,2020-11-10,15.642602641773484,16.077119381822747,15.581770298166587,15.73819632458432,1021063.0,1854142808.8500001,20201110,18.11,1.15070365285193,20241010,20241010,1.021872
000001.SZ,1d,2020-11-11,15.816409337793191,15.903312685803042,15.294989249734074,15.477486280554766,940130.0,1677811478.7400002,20201111,17.810000000000002,1.15070365285193,20241010,20241010,1.021872
000001.SZ,1d,2020-11-12,15.477486280554762,15.59046063296757,15.164634227719294,15.347131258539985,677258.0,1197284181.1100001,20201112,17.66,1.15070365285193,20241010,20241010,1.021872
000001.SZ,1d,2020-11-13,15.13856322331634,15.182014897321267,14.504168782844415,14.929995188092692,1289189.0,2191492021.21,20201113,17.18,1.15070365285193,20241010,20241010,1.021872
000001.SZ,1d,2020-11-16,14.843091840082838,15.147253558117324,14.686665813665103,15.09511154931141,759857.0,1308190459.6,20201116,17.369999999999997,1.15070365285193,20241010,20241010,1.021872
000001.SZ,1d,2020-11-17,15.103801884112396,15.581770298166587,14.990827531699589,15.494866950156732,852931.0,1509511577.97,20201117,17.83,1.15070365285193,20241010,20241010,1.021872
000001.SZ,1d,2020-11-18,15.45141527615181,16.077119381822747,15.425344271748852,16.042358042618808,1373401.0,2508632642.49,20201118,18.46,1.15070365285193,20241010,20241010,1.021872
000001.SZ,1d,2020-11-19,16.155332395031614,16.49425545227004,15.903312685803042,16.381281099857233,1211741.0,2270476474.58,20201119,18.85,1.15070365285193,20241010,20241010,1.021872
000001.SZ,1d,2020-11-20,16.36390043025526,16.502945787071024,16.094500051424717,16.389971434658218,673919.0,1265262915.5900002,20201120,18.86,1.15070365285193,20241010,20241010,1.021872
000001.SZ,1d,2020-11-23,16.381281099857233,17.0504368795331,16.337829425852306,17.0504368795331,1165858.0,2252290578.43,20201123,19.62,1.15070365285193,20241010,20241010,1.021872
000001.SZ,1d,2020-11-24,17.0504368795331,17.10257888833901,16.65937181348876,16.824488174707483,678543.0,1313496136.53,20201124,19.360000000000003,1.15070365285193,20241010,20241010,1.021872
000001.SZ,1d,2020-11-25,16.928772192319304,17.11995955794098,16.555087795876936,16.563778130677925,552585.0,1068352014.21,20201125,19.060000000000002,1.15070365285193,20241010,20241010,1.021872
000001.SZ,1d,2020-11-26,16.555087795876936,17.04174654473211,16.537707126274967,16.946152861921274,639658.0,1240074378.13,20201126,19.5,1.15070365285193,20241010,20241010,1.021872
000001.SZ,1d,2020-11-27,17.38066960197054,17.38066960197054,16.84186884430945,17.11995955794098,753774.0,1479430635.59,20201127,19.7,1.15070365285193,20241010,20241010,1.021872
000001.SZ,1d,2020-11-30,17.293766253960683,18.14541906445724,17.02436587513014,17.15472089714492,1581441.0,3213680470.07,20201130,19.74,1.15070365285193,20241010,20241010,1.021872
000001.SZ,1d,2020-12-01,17.11995955794098,17.823876676820788,16.859249513911422,17.424121275975466,1263720.0,2516010782.4900002,20201201,20.05,1.15070365285193,20241010,20241010,1.021872
000001.SZ,1d,2020-12-02,17.31983725836364,17.432811610776447,16.963533531523243,17.059127214334083,889385.0,1758639187.8400002,20201202,19.63,1.15070365285193,20241010,20241010,1.021872
000001.SZ,1d,2020-12-03,17.189482236348862,17.259004914756748,16.65937181348876,16.980914201125216,714452.0,1393085020.58,20201203,19.540000000000003,1.15070365285193,20241010,20241010,1.021872
000001.SZ,1d,2020-12-04,16.920081857518316,16.920081857518316,16.485565117469054,16.772346165901567,891348.0,1707639065.1,20201204,19.299999999999997,1.15070365285193,20241010,20241010,1.021872
000001.SZ,1d,2020-12-07,16.78103650070255,16.850559179110437,16.23354540824048,16.433423108663142,873807.0,1655173465.4,20201207,18.91,1.15070365285193,20241010,20241010,1.021872
000001.SZ,1d,2020-12-08,16.44211344346413,16.537707126274967,16.103190386225705,16.25961641264344,719648.0,1345951734.38,20201208,18.71,1.15070365285193,20241010,20241010,1.021872
000001.SZ,1d,2020-12-09,16.32913909105132,16.555087795876936,16.23354540824048,16.25961641264344,677221.0,1277484440.94,20201209,18.71,1.15070365285193,20241010,20241010,1.021872
000001.SZ,1d,2020-12-10,16.27699708224541,16.407352104260188,16.03366770781782,16.207474403837526,607867.0,1130916254.15,20201210,18.65,1.15070365285193,20241010,20241010,1.021872
000001.SZ,1d,2020-12-11,16.259616412643435,16.337829425852302,15.833790007395159,16.094500051424717,887794.0,1642392314.27,20201211,18.52,1.15070365285193,20241010,20241010,1.021872
000001.SZ,1d,2020-12-14,16.164022729832602,16.56377813067792,16.077119381822747,16.407352104260188,835992.0,1575396008.32,20201214,18.88,1.15070365285193,20241010,20241010,1.021872
000001.SZ,1d,2020-12-15,16.337829425852306,16.381281099857233,15.772957663788265,16.285687417046397,788858.0,1458268620.75,20201215,18.740000000000002,1.15070365285193,20241010,20241010,1.021872
000001.SZ,1d,2020-12-16,16.337829425852306,16.598539469881864,16.14664206023063,16.520326456672997,689070.0,1302133815.28,20201216,19.01,1.15070365285193,20241010,20241010,1.021872
000001.SZ,1d,2020-12-17,16.433423108663142,16.57246846547891,16.164022729832602,16.46818444786709,686141.0,1294658299.27,20201217,18.950000000000003,1.15070365285193,20241010,20241010,1.021872
000001.SZ,1d,2020-12-18,16.511636121872012,16.598539469881864,15.842480342196145,15.955454694608953,1058756.0,1959764074.98,20201218,18.36,1.15070365285193,20241010,20241010,1.021872
000001.SZ,1d,2020-12-21,15.903312685803042,16.19878406903654,15.66867364617644,15.885932016201073,906878.0,1662649810.0500002,20201221,18.28,1.15070365285193,20241010,20241010,1.021872
000001.SZ,1d,2020-12-22,15.955454694608953,16.207474403837526,15.53831862416166,15.55569929376363,1028738.0,1873638734.0600002,20201222,17.9,1.15070365285193,20241010,20241010,1.021872
000001.SZ,1d,2020-12-23,15.607841302569543,15.703434985380381,15.460105610952793,15.642602641773484,750083.0,1345650736.09,20201223,18.0,1.15070365285193,20241010,20241010,1.021872
000001.SZ,1d,2020-12-24,15.772957663788265,16.068429047021763,15.68605431577841,15.868551346599101,632950.0,1155767283.67,20201224,18.26,1.15070365285193,20241010,20241010,1.021872
000001.SZ,1d,2020-12-25,15.868551346599101,15.868551346599101,15.46879594575378,15.677363980977423,577077.0,1038128197.3900001,20201225,18.04,1.15070365285193,20241010,20241010,1.021872
000001.SZ,1d,2020-12-28,15.659983311375454,16.389971434658218,15.607841302569543,16.381281099857233,1270337.0,2352947321.9700003,20201228,18.85,1.15070365285193,20241010,20241010,1.021872
000001.SZ,1d,2020-12-29,16.398661769459203,16.77234616590157,16.25092607784245,16.659371813488757,963092.0,1837947238.25,20201229,19.169999999999998,1.15070365285193,20241010,20241010,1.021872
000001.SZ,1d,2020-12-30,16.511636121872012,16.685442817891715,16.268306747444424,16.685442817891715,978498.0,1854082812.28,20201230,19.2,1.15070365285193,20241010,20241010,1.021872
000001.SZ,1d,2020-12-31,16.694133152692704,17.015675540329156,16.529016791473982,16.80710750510551,924503.0,1781736285.58,20201231,19.34,1.15070365285193,20241010,20241010,1.021872
000001.SZ,1d,2021-01-04,16.598539469881864,16.598539469881864,16.024977373016835,16.164022729832602,1554216.0,2891682312.0499997,20210104,18.6,1.15070365285193,20241010,20241010,1.021872
000001.SZ,1d,2021-01-05,15.990216033812896,16.059738712220778,15.46879594575378,15.790338333390235,1821352.0,3284606913.9100003,20210105,18.17,1.15070365285193,20241010,20241010,1.021872
000001.SZ,1d,2021-01-06,15.712125320181364,16.998294870727186,15.642602641773484,16.998294870727186,1934945.0,3648521909.1000004,20210106,19.56,1.15070365285193,20241010,20241010,1.021872
000001.SZ,1d,2021-01-07,16.963533531523243,17.36328893236857,16.711513822294673,17.293766253960687,1584185.0,3111274625.37,20210107,19.900000000000002,1.15070365285193,20241010,20241010,1.021872
000001.SZ,1d,2021-01-08,17.293766253960683,17.46757294998039,16.78103650070255,17.250314579955756,1195473.0,2348316363.18,20210108,19.849999999999998,1.15070365285193,20241010,20241010,1.021872
000001.SZ,1d,2021-01-11,17.38066960197054,17.936851029233594,17.38066960197054,17.71090232440798,1790457.0,3652546646.82,20210111,20.38,1.15070365285193,20241010,20241010,1.021872
000001.SZ,1d,2021-01-12,17.719592659208963,18.249703082069065,17.537095628388272,18.249703082069065,1288166.0,2657687440.67,20210112,21.0,1.15070365285193,20241010,20241010,1.021872
000001.SZ,1d,2021-01-13,18.249703082069068,18.25839341687005,17.728282994009952,17.98899303803951,1049120.0,2161849708.0400004,20210113,20.700000000000003,1.15070365285193,20241010,20241010,1.021872
000001.SZ,1d,2021-01-14,17.971612368437537,18.15410939925823,17.33721792796561,17.528405293587287,1130156.0,2306404546.81,20210114,20.169999999999998,1.15070365285193,20241010,20241010,1.021872
000001.SZ,1d,2021-01-15,18.249703082069065,19.075284888162663,18.09327705565133,18.249703082069065,2480689.0,5311218074.76,20210115,21.0,1.15070365285193,20241010,20241010,1.021872
000001.SZ,1d,2021-01-18,18.423509778088768,19.796582676644444,18.423509778088768,19.72705999823656,2157302.0,4792909447.95,20210118,22.7,1.15070365285193,20241010,20241010,1.021872
000001.SZ,1d,2021-01-19,19.56194363701784,19.848724685450353,19.16218823617252,19.414207945401092,1242088.0,2790056611.29,20210119,22.34,1.15070365285193,20241010,20241010,1.021872
000001.SZ,1d,2021-01-20,19.249091584182374,19.961699037863166,19.223020579779416,19.5271822978139,1280793.0,2889249850.4500003,20210120,22.470000000000002,1.15070365285193,20241010,20241010,1.021872
000001.SZ,1d,2021-01-21,19.55325330221686,19.813963346246414,19.249091584182374,19.318614262590252,944779.0,2114252731.64,20210121,22.23,1.15070365285193,20241010,20241010,1.021872
000001.SZ,1d,2021-01-22,19.318614262590252,19.318614262590252,18.692910156919314,19.14480756657055,924434.0,2025834761.5400002,20210122,22.03,1.15070365285193,20241010,20241010,1.021872
000001.SZ,1d,2021-01-25,18.875407187740002,19.640156650226707,18.623387478511432,19.544562967415867,1028365.0,2269032820.67,20210125,22.49,1.15070365285193,20241010,20241010,1.021872
000001.SZ,1d,2021-01-26,19.37944660619715,20.26586075589765,19.37944660619715,19.440278949804046,1126721.0,2558575511.9700003,20210126,22.37,1.15070365285193,20241010,20241010,1.021872
000001.SZ,1d,2021-01-27,19.388136940998134,20.396215777912424,19.388136940998134,20.057292720674,1294153.0,2976800955.73,20210127,23.08,1.15070365285193,20241010,20241010,1.021872
000001.SZ,1d,2021-01-28,19.79658267664444,20.144196068683854,19.509801628211928,19.822653681047395,857477.0,1948881146.95,20210128,22.81,1.15070365285193,20241010,20241010,1.021872
000001.SZ,1d,2021-01-29,19.8226536810474,20.45704812151932,19.735750333037547,20.065983055474984,1240258.0,2864101419.33,20210129,23.09,1.15070365285193,20241010,20241010,1.021872
000001.SZ,1d,2021-02-01,19.987770042266117,21.717146667662185,19.72705999823656,21.334771936418836,1475239.0,3529556986.77,20210201,24.55,1.15070365285193,20241010,20241010,1.021872
000001.SZ,1d,2021-02-02,20.318002764703557,20.9437068703745,19.90955702905725,20.231099416693706,2416169.0,5679179941.74,20210202,23.28,1.15070365285193,20241010,20241010,1.021872
000001.SZ,1d,2021-02-03,20.404906112713412,21.882263028880907,20.318002764703557,21.682385328458246,1923272.0,4690176486.28,20210203,24.95,1.15070365285193,20241010,20241010,1.021872
000001.SZ,1d,2021-02-04,21.01322954878238,21.934405037686815,20.891564861568586,21.37822361042376,1255248.0,3084553750.95,20210204,24.599999999999998,1.15070365285193,20241010,20241010,1.021872
000001.SZ,1d,2021-02-05,21.37822361042376,21.995237381293713,21.091442561991247,21.665004658856276,1015576.0,2517804159.63,20210205,24.93,1.15070365285193,20241010,20241010,1.021872
000001.SZ,1d,2021-02-08,21.63893365445332,21.63893365445332,20.9437068703745,21.552030306443466,1084265.0,2650948251.3799996,20210208,24.8,1.15070365285193,20241010,20241010,1.021872
000001.SZ,1d,2021-02-09,21.543339971642485,21.58679164564741,21.004539213981396,21.360842940821794,942094.0,2302978158.4,20210209,24.580000000000002,1.15070365285193,20241010,20241010,1.021872
000001.SZ,1d,2021-02-10,21.37822361042376,21.69107566325923,20.318002764703557,20.70037749594691,1918867.0,4569741959.900001,20210210,23.82,1.15070365285193,20241010,20241010,1.021872
000001.SZ,1d,2021-02-18,20.856803522364643,21.334771936418836,20.404906112713412,21.117513566394205,1505231.0,3619387651.7099996,20210218,24.3,1.15070365285193,20241010,20241010,1.021872
000001.SZ,1d,2021-02-19,20.822042183160704,21.021919883583365,20.48311912592228,20.726448500349868,922583.0,2197558286.91,20210219,23.85,1.15070365285193,20241010,20241010,1.021872
000001.SZ,1d,2021-02-22,20.68299682634494,20.68299682634494,19.34468526699321,19.448969284605035,1956842.0,4445818547.6,20210222,22.380000000000003,1.15070365285193,20241010,20241010,1.021872
000001.SZ,1d,2021-02-23,19.44896928460503,19.70967932863459,18.962310535749857,19.057904218560694,1870460.0,4160776611.3100004,20210223,21.93,1.15070365285193,20241010,20241010,1.021872
000001.SZ,1d,2021-02-24,19.353375601794195,19.362065936595176,18.73636183092424,19.257781918983355,1428500.0,3144209051.81,20210224,22.16,1.15070365285193,20241010,20241010,1.021872
000001.SZ,1d,2021-02-25,19.466349954207,19.605395311022765,18.840645848536063,19.196949575376458,1593403.0,3524600794.46,20210225,22.09,1.15070365285193,20241010,20241010,1.021872
000001.SZ,1d,2021-02-26,18.77112317012818,19.08397522296365,18.432200112889756,18.57993580450651,1124977.0,2424653753.46,20210226,21.380000000000003,1.15070365285193,20241010,20241010,1.021872
000001.SZ,1d,2021-03-01,18.71898116132227,18.840645848536063,18.406129108486798,18.640768148113402,1125387.0,2408050906.4,20210301,21.45,1.15070365285193,20241010,20241010,1.021872
000001.SZ,1d,2021-03-02,18.78850383973015,19.249091584182374,18.475651786894684,18.81457484413311,1473425.0,3196536981.14,20210302,21.650000000000002,1.15070365285193,20241010,20241010,1.021872
000001.SZ,1d,2021-03-03,18.75374250052621,20.057292720674003,18.649458482914387,19.996460377067105,1919635.0,4320024431.320001,20210303,23.01,1.15070365285193,20241010,20241010,1.021872
000001.SZ,1d,2021-03-04,19.78789234184346,20.413596447514397,19.683608324231635,19.91824736385824,1213579.0,2799747146.4100003,20210304,22.92,1.15070365285193,20241010,20241010,1.021872
000001.SZ,1d,2021-03-05,19.72705999823656,19.970389372664147,18.997071874953797,19.414207945401092,880171.0,1960439115.0400002,20210305,22.34,1.15070365285193,20241010,20241010,1.021872
000001.SZ,1d,2021-03-08,19.501111293410943,19.718369663435578,18.666839152516356,18.77112317012818,993774.0,2189190957.56,20210308,21.6,1.15070365285193,20241010,20241010,1.021872
000001.SZ,1d,2021-03-09,18.840645848536067,19.04921388375971,17.884709020427685,18.119348060054286,1361895.0,2882931927.56,20210309,20.85,1.15070365285193,20241010,20241010,1.021872
000001.SZ,1d,2021-03-10,18.1106577252533,18.171490068860198,17.623998976398127,17.728282994009952,1149417.0,2356185003.94,20210310,20.400000000000002,1.15070365285193,20241010,20241010,1.021872
000001.SZ,1d,2021-03-11,17.88470902042768,18.579935804506505,17.867328350825712,18.484342121695665,1048659.0,2213107787.13,20210311,21.27,1.15070365285193,20241010,20241010,1.021872
000001.SZ,1d,2021-03-12,18.57124546970552,18.858026518138033,18.423509778088768,18.666839152516356,697201.0,1494219075.5,20210312,21.48,1.15070365285193,20241010,20241010,1.021872
000001.SZ,1d,2021-03-15,18.597316474108474,19.223020579779416,18.3452967648799,18.771123170128178,958749.0,2077984893.9499998,20210315,21.599999999999998,1.15070365285193,20241010,20241010,1.021872
000001.SZ,1d,2021-03-16,18.771123170128178,19.214330244978427,18.484342121695665,18.823265178934093,939684.0,2038470660.5300002,20210316,21.66,1.15070365285193,20241010,20241010,1.021872
000001.SZ,1d,2021-03-17,18.640768148113406,18.727671496123254,18.162799734059213,18.42350977808877,821489.0,1738185857.1,20210317,21.200000000000003,1.15070365285193,20241010,20241010,1.021872
000001.SZ,1d,2021-03-18,18.510413126098623,18.88409752254099,18.249703082069065,18.88409752254099,691610.0,1483801548.9800003,20210318,21.73,1.15070365285193,20241010,20241010,1.021872
000001.SZ,1d,2021-03-19,18.710290826521284,18.81457484413311,17.702211989606994,17.78911533761685,1525622.0,3159181042.9600005,20210319,20.470000000000002,1.15070365285193,20241010,20241010,1.021872
000001.SZ,1d,2021-03-22,17.858638016024727,18.727671496123254,17.841257346422758,18.727671496123254,1451190.0,3087549484.44,20210322,21.55,1.15070365285193,20241010,20241010,1.021872
000001.SZ,1d,2021-03-23,18.745052165725227,18.81457484413311,18.214941742865125,18.449580782491726,682903.0,1448043613.41,20210323,21.23,1.15070365285193,20241010,20241010,1.021872
000001.SZ,1d,2021-03-24,18.432200112889756,18.493032456496653,17.771734668014876,17.841257346422754,850085.0,1757688572.4800003,20210324,20.529999999999998,1.15070365285193,20241010,20241010,1.021872
000001.SZ,1d,2021-03-25,17.884709020427685,18.101967390452316,17.728282994009952,18.032444712044438,492666.0,1017166048.68,20210325,20.750000000000004,1.15070365285193,20241010,20241010,1.021872
000001.SZ,1d,2021-03-26,18.1106577252533,18.597316474108478,18.04113504684542,18.37136776928286,822108.0,1733412579.12,20210326,21.14,1.15070365285193,20241010,20241010,1.021872
000001.SZ,1d,2021-03-29,18.49303245649665,18.814574844133105,18.423509778088768,18.67552948731734,785667.0,1684397866.28,20210329,21.49,1.15070365285193,20241010,20241010,1.021872
000001.SZ,1d,2021-03-30,18.57993580450651,19.057904218560694,18.432200112889756,19.057904218560694,738655.0,1601238499.0600002,20210330,21.93,1.15070365285193,20241010,20241010,1.021872
000001.SZ,1d,2021-03-31,18.918858861744933,19.179568905774488,18.77112317012818,19.12742689696858,777028.0,1699922183.9799998,20210331,22.01,1.15070365285193,20241010,20241010,1.021872
000001.SZ,1d,2021-04-01,19.188259240575473,19.214330244978427,18.68421982211833,18.927549196545918,544449.0,1183868023.6599998,20210401,21.78,1.15070365285193,20241010,20241010,1.021872
000001.SZ,1d,2021-04-02,18.858026518138033,18.88409752254099,18.562555134904535,18.68421982211833,581084.0,1249405387.16,20210402,21.5,1.15070365285193,20241010,20241010,1.021872
000001.SZ,1d,2021-04-06,18.727671496123254,19.196949575376458,18.692910156919314,18.840645848536067,401103.0,873387016.62,20210406,21.680000000000003,1.15070365285193,20241010,20241010,1.021872
000001.SZ,1d,2021-04-07,19.014452544555766,19.057904218560694,18.519103460899608,18.80588450933212,517605.0,1116774452.27,20210407,21.639999999999997,1.15070365285193,20241010,20241010,1.021872
000001.SZ,1d,2021-04-08,18.649458482914387,18.88409752254099,18.53648413050158,18.736361830924242,383030.0,825170840.99,20210408,21.560000000000002,1.15070365285193,20241010,20241010,1.021872
000001.SZ,1d,2021-04-09,18.86671685293902,18.875407187740006,18.319225760476947,18.510413126098623,398960.0,849870878.04,20210409,21.3,1.15070365285193,20241010,20241010,1.021872
000001.SZ,1d,2021-04-12,18.69291015691931,18.69291015691931,17.92816069443261,17.988993038039506,594743.0,1240067319.93,20210412,20.7,1.15070365285193,20241010,20241010,1.021872
000001.SZ,1d,2021-04-13,18.006373707641476,18.14541906445724,17.893399355228667,18.05851571644739,499904.0,1036992692.52,20210413,20.78,1.15070365285193,20241010,20241010,1.021872
000001.SZ,1d,2021-04-14,18.067206051248377,18.197561073263152,17.74566366361192,17.962922033636552,537438.0,1113001541.55,20210414,20.67,1.15070365285193,20241010,20241010,1.021872
000001.SZ,1d,2021-04-15,18.04113504684542,18.049825381646407,17.45019228037842,17.69352165480601,735865.0,1494016040.7500002,20210415,20.360000000000003,1.15070365285193,20241010,20241010,1.021872
000001.SZ,1d,2021-04-16,17.693521654806005,17.754353998412903,17.215553240751817,17.606618306796154,729998.0,1466509057.44,20210416,20.259999999999998,1.15070365285193,20241010,20241010,1.021872
000001.SZ,1d,2021-04-19,17.406740606373493,18.458271117292714,17.30245658876167,18.380058104083844,1112283.0,2304021478.31,20210419,21.15,1.15070365285193,20241010,20241010,1.021872
000001.SZ,1d,2021-04-20,18.319225760476947,19.075284888162667,18.180180403661183,18.849336183337048,834773.0,1798249024.3,20210420,21.69,1.15070365285193,20241010,20241010,1.021872
000001.SZ,1d,2021-04-21,19.37944660619715,20.152886403484835,19.370756271396164,19.996460377067102,1597100.0,3644577541.25,20210421,23.009999999999998,1.15070365285193,20241010,20241010,1.021872
000001.SZ,1d,2021-04-22,20.15288640348484,20.187647742688778,19.796582676644444,19.970389372664147,829694.0,1905208911.5900002,20210422,22.98,1.15070365285193,20241010,20241010,1.021872
000001.SZ,1d,2021-04-23,20.26586075589765,20.55264180433016,20.048602385873014,20.23978975149469,823230.0,1920413502.35,20210423,23.29,1.15070365285193,20241010,20241010,1.021872
000001.SZ,1d,2021-04-26,20.743829169951837,21.05668122278731,19.90086669425627,19.93562803346021,872418.0,2037109597.0100002,20210426,22.94,1.15070365285193,20241010,20241010,1.021872
000001.SZ,1d,2021-04-27,19.94431836826119,20.152886403484835,19.866105355052323,19.935628033460205,470431.0,1083043579.27,20210427,22.939999999999998,1.15070365285193,20241010,20241010,1.021872
000001.SZ,1d,2021-04-28,20.239789751494694,20.378835108310458,19.796582676644444,20.291931760300603,593838.0,1375141409.72,20210428,23.35,1.15070365285193,20241010,20241010,1.021872
000001.SZ,1d,2021-04-29,20.283241425499618,20.604783813136073,20.083363725076957,20.50049979552425,614837.0,1439823965.34,20210429,23.59,1.15070365285193,20241010,20241010,1.021872
000001.SZ,1d,2021-04-30,20.291931760300603,20.413596447514397,19.996460377067105,20.239789751494694,561981.0,1308177202.7800002,20210430,23.290000000000003,1.15070365285193,20241010,20241010,1.021872
000001.SZ,1d,2021-05-06,20.074673390275972,20.59609347833509,20.074673390275972,20.422286782315382,500295.0,1174181608.06,20210506,23.5,1.15070365285193,20241010,20241010,1.021872
000001.SZ,1d,2021-05-07,20.570022473932134,21.117513566394205,20.326693099504546,20.90025519636957,802214.0,1929112374.46,20210507,24.05,1.15070365285193,20241010,20241010,1.021872
000001.SZ,1d,2021-05-10,20.856803522364643,20.891564861568586,20.005150711868087,20.735138835150853,661439.0,1566860764.0900002,20210510,23.86,1.15070365285193,20241010,20241010,1.021872
000001.SZ,1d,2021-05-11,20.526570799927203,20.639545152340013,20.03991205107203,20.448357786718336,497223.0,1161846399.0600002,20210511,23.529999999999998,1.15070365285193,20241010,20241010,1.021872
000001.SZ,1d,2021-05-12,20.23978975149469,20.543951469529176,19.883486024654292,20.46573845632031,533265.0,1245517716.8700001,20210512,23.55,1.15070365285193,20241010,20241010,1.021872
000001.SZ,1d,2021-05-13,20.43966745191735,20.50049979552425,19.848724685450353,20.048602385873014,549653.0,1271946298.62,20210513,23.07,1.15070365285193,20241010,20241010,1.021872
000001.SZ,1d,2021-05-14,20.267555214757813,20.52155655496005,19.794587201967442,20.42521121902127,563785.0,1300250943.6000001,20210514,23.32,1.1417262592752488,20241010,20241010,1.021872
000001.SZ,1d,2021-05-17,20.276313881661338,20.86314456419754,20.10114054359083,20.67045389231998,527565.0,1241605192.3400002,20210517,23.599999999999998,1.1417262592752488,20241010,20241010,1.021872
000001.SZ,1d,2021-05-18,20.889420564908118,21.11714590439978,20.495280554249476,20.933213899425745,395415.0,939786731.9499999,20210518,23.900000000000002,1.1417262592752488,20241010,20241010,1.021872
000001.SZ,1d,2021-05-19,20.86314456419754,21.134663238206826,20.60038455709178,20.67045389231998,429420.0,1022553739.18,20210519,23.599999999999998,1.1417262592752488,20241010,20241010,1.021872
000001.SZ,1d,2021-05-20,20.504039221153,20.880661898004593,20.381417884503644,20.86314456419754,405788.0,957478853.76,20210520,23.82,1.1417262592752488,20241010,20241010,1.021872
000001.SZ,1d,2021-05-21,20.915696565618696,21.099628570592728,20.171209878819035,20.574108556381205,539336.0,1263058114.62,20210521,23.490000000000002,1.1417262592752488,20241010,20241010,1.021872
000001.SZ,1d,2021-05-24,20.565349889477677,20.670453892319983,20.31134854927544,20.565349889477677,343936.0,806092207.23,20210524,23.48,1.1417262592752488,20241010,20241010,1.021872
000001.SZ,1d,2021-05-25,20.61790189089883,21.660183252418353,20.5390738887671,21.54632058267252,972375.0,2363145902.7,20210525,24.599999999999998,1.1417262592752488,20241010,20241010,1.021872
000001.SZ,1d,2021-05-26,21.581355250286627,22.001771261655847,21.458733913637268,21.90542592571707,919264.0,2286540248.86,20210526,25.01,1.1417262592752488,20241010,20241010,1.021872
000001.SZ,1d,2021-05-27,21.81783925668181,22.036805929269946,21.47625124744432,21.712735253839504,504091.0,1246712048.75,20210527,24.79,1.1417262592752488,20241010,20241010,1.021872
000001.SZ,1d,2021-05-28,21.616389917900726,21.642665918611304,21.160939238917404,21.458733913637268,492401.0,1200523315.7,20210528,24.5,1.1417262592752488,20241010,20241010,1.021872
000001.SZ,1d,2021-05-31,21.309836576277338,21.485009914347845,20.94197256632927,21.195973906531506,515351.0,1244209045.99,20210531,24.2,1.1417262592752488,20241010,20241010,1.021872
000001.SZ,1d,2021-06-01,21.195973906531506,21.239767241049133,20.58286722328473,20.950731233232798,625018.0,1490476624.5600002,20210601,23.92,1.1417262592752488,20241010,20241010,1.021872
000001.SZ,1d,2021-06-02,20.92445523252222,20.950731233232794,20.477763220442423,20.92445523252222,497527.0,1176608126.9900002,20210602,23.89,1.1417262592752488,20241010,20241010,1.021872
000001.SZ,1d,2021-06-03,20.775557895162287,21.143421905110355,20.740523227548184,20.819351229679913,400901.0,958876472.45,20210603,23.77,1.1417262592752488,20241010,20241010,1.021872
000001.SZ,1d,2021-06-04,21.012041901557474,21.861632591199438,20.84562723039049,21.49376858125137,756739.0,1851425837.6100001,20210604,24.54,1.1417262592752488,20241010,20241010,1.021872
000001.SZ,1d,2021-06-07,21.44121657983022,21.44121657983022,20.95948990013632,21.28356057556676,447914.0,1081738832.95,20210607,24.3,1.1417262592752488,20241010,20241010,1.021872
000001.SZ,1d,2021-06-08,21.15218057201388,21.520044581961947,20.97700723394337,21.485009914347845,570078.0,1384120301.27,20210608,24.529999999999998,1.1417262592752488,20241010,20241010,1.021872
000001.SZ,1d,2021-06-09,21.39742324531259,21.791563255971234,21.178456572724457,21.59011391719015,453832.0,1116771375.46,20210609,24.65,1.1417262592752488,20241010,20241010,1.021872
000001.SZ,1d,2021-06-10,21.59887258409368,21.949219260234695,21.152180572013883,21.19597390653151,530215.0,1294972566.6500003,20210610,24.200000000000003,1.1417262592752488,20241010,20241010,1.021872
000001.SZ,1d,2021-06-11,21.29231924247029,21.32735391008439,20.250037880950764,20.4690045535389,834665.0,1965393115.4999998,20210611,23.37,1.1417262592752488,20241010,20241010,1.021872
000001.SZ,1d,2021-06-15,20.45148721973185,20.52155655496005,19.96976054003795,20.337624549986018,660623.0,1524503477.67,20210615,23.220000000000002,1.1417262592752488,20241010,20241010,1.021872
000001.SZ,1d,2021-06-16,20.337624549986018,20.495280554249476,20.153692545011985,20.37265921760012,378208.0,878470834.12,20210616,23.26,1.1417262592752488,20241010,20241010,1.021872
000001.SZ,1d,2021-06-17,20.162451211915506,20.749281894451713,20.162451211915506,20.23252054714371,453282.0,1059121804.3299999,20210617,23.099999999999998,1.1417262592752488,20241010,20241010,1.021872
000001.SZ,1d,2021-06-18,20.258796547854285,20.39017655140717,19.610655196993406,19.83838053648507,694099.0,1574437729.5800002,20210618,22.650000000000002,1.1417262592752488,20241010,20241010,1.021872
000001.SZ,1d,2021-06-21,19.794587201967442,19.855897870292118,19.277825854659444,19.40920585821232,718273.0,1600119859.9500003,20210621,22.16,1.1417262592752488,20241010,20241010,1.021872
000001.SZ,1d,2021-06-22,19.60189653008988,20.223761880240186,19.48803386034405,20.11865787739788,757751.0,1720058046.82,20210622,22.97,1.1417262592752488,20241010,20241010,1.021872
000001.SZ,1d,2021-06-23,20.013553874555573,20.504039221153,19.899691204809745,20.267555214757813,447908.0,1035835695.88,20210623,23.14,1.1417262592752488,20241010,20241010,1.021872
000001.SZ,1d,2021-06-24,20.171209878819035,20.250037880950764,19.864656537195643,20.215003213336658,390283.0,894502108.5799999,20210624,23.08,1.1417262592752488,20241010,20241010,1.021872
000001.SZ,1d,2021-06-25,20.215003213336658,20.67045389231998,20.19748587952961,20.46024588663537,559973.0,1310287389.9,20210625,23.36,1.1417262592752488,20241010,20241010,1.021872
000001.SZ,1d,2021-06-28,20.46024588663537,20.486521887345948,19.689483199125135,19.9522432062309,626257.0,1425702202.01,20210628,22.78,1.1417262592752488,20241010,20241010,1.021872
000001.SZ,1d,2021-06-29,19.77706986816039,19.96100187313442,19.269067187755915,19.56686186247578,1049749.0,2341926371.42,20210629,22.34,1.1417262592752488,20241010,20241010,1.021872
000001.SZ,1d,2021-06-30,19.584379196282832,20.083623209783777,19.575620529379307,19.81210453577449,403435.0,913285187.0999999,20210630,22.62,1.1417262592752488,20241010,20241010,1.021872
000001.SZ,1d,2021-07-01,19.978519206941474,20.58286722328473,19.724517866739237,20.320107216178965,664833.0,1530548798.57,20210701,23.2,1.1417262592752488,20241010,20241010,1.021872
000001.SZ,1d,2021-07-02,19.89969120480975,19.917208538616798,19.058859182071306,19.102652516588936,1070678.0,2360189793.98,20210702,21.810000000000002,1.1417262592752488,20241010,20241010,1.021872
000001.SZ,1d,2021-07-05,18.99754851374663,19.400447191308796,18.472028499535103,19.321619189177067,859341.0,1859394323.75,20210705,22.06,1.1417262592752488,20241010,20241010,1.021872
000001.SZ,1d,2021-07-06,19.33913652298412,20.144933878108457,19.137687184203035,19.9522432062309,791957.0,1784792785.5700002,20210706,22.78,1.1417262592752488,20241010,20241010,1.021872
000001.SZ,1d,2021-07-07,19.864656537195643,20.188727212626084,19.707000532932184,19.750793867449815,468945.0,1063910095.8299999,20210707,22.55,1.1417262592752488,20241010,20241010,1.021872
000001.SZ,1d,2021-07-08,19.9522432062309,19.9522432062309,18.56837383547388,18.839892509483168,1457059.0,3140657439.76,20210708,21.509999999999998,1.1417262592752488,20241010,20241010,1.021872
000001.SZ,1d,2021-07-09,18.655960504509135,18.944996512325474,18.410717831210423,18.62968450379856,762365.0,1625461607.71,20210709,21.27,1.1417262592752488,20241010,20241010,1.021872
000001.SZ,1d,2021-07-12,18.831133842579646,18.831133842579646,18.296855161464595,18.53333916785978,877901.0,1859059510.48,20210712,21.16,1.1417262592752488,20241010,20241010,1.021872
000001.SZ,1d,2021-07-13,18.524580500956255,18.690995172123237,17.990301819841203,18.498304500245677,657614.0,1382029130.1100001,20210713,21.119999999999997,1.1417262592752488,20241010,20241010,1.021872
000001.SZ,1d,2021-07-14,18.393200497403374,18.393200497403374,17.876439150095376,18.182992491718764,847951.0,1755810875.16,20210714,20.76,1.1417262592752488,20241010,20241010,1.021872
000001.SZ,1d,2021-07-15,18.14795782410466,19.023824514457203,18.069129821972933,18.936237845421946,956003.0,2040266258.5900002,20210715,21.619999999999997,1.1417262592752488,20241010,20241010,1.021872
000001.SZ,1d,2021-07-16,18.752305840447917,19.111411183492457,18.655960504509135,18.690995172123237,573003.0,1230180813.02,20210716,21.34,1.1417262592752488,20241010,20241010,1.021872
000001.SZ,1d,2021-07-19,18.708512505930287,18.769823174254967,18.200509825525817,18.57713250237741,522136.0,1098434741.86,20210719,21.21,1.1417262592752488,20241010,20241010,1.021872
000001.SZ,1d,2021-07-20,18.480787166438628,18.56837383547388,17.928991151516527,18.042853821262355,804034.0,1665315545.53,20210720,20.599999999999998,1.1417262592752488,20241010,20241010,1.021872
000001.SZ,1d,2021-07-21,18.025336487455306,18.218027159332866,17.69250714512134,17.911473817709474,753077.0,1535327561.83,20210721,20.45,1.1417262592752488,20241010,20241010,1.021872
000001.SZ,1d,2021-07-22,17.911473817709478,18.095405822683514,17.727541812735446,17.8501631493848,868648.0,1773999331.02,20210722,20.380000000000003,1.1417262592752488,20241010,20241010,1.021872
000001.SZ,1d,2021-07-23,17.850163149384798,17.850163149384798,17.517333807050832,17.604920476086086,727404.0,1461467511.7900002,20210723,20.1,1.1417262592752488,20241010,20241010,1.021872
000001.SZ,1d,2021-07-26,17.48229913943673,17.508575140147304,16.14222310319734,16.466293778627783,1451304.0,2770236696.2900004,20210726,18.8,1.1417262592752488,20241010,20241010,1.021872
000001.SZ,1d,2021-07-27,16.527604446952463,16.632708449794766,15.415253750204734,15.555392420661141,1357551.0,2461708369.8399997,20210727,17.76,1.1417262592752488,20241010,20241010,1.021872
000001.SZ,1d,2021-07-28,15.634220422792868,15.826911094670427,15.485323085432935,15.546633753757614,1062994.0,1898562591.76,20210728,17.75,1.1417262592752488,20241010,20241010,1.021872
000001.SZ,1d,2021-07-29,15.68677242421402,15.97580843203036,15.57290975446819,15.730565758731649,872378.0,1566107824.4,20210729,17.96,1.1417262592752488,20241010,20241010,1.021872
000001.SZ,1d,2021-07-30,15.695531091117546,15.809393760863376,15.099941741677819,15.494081752336463,950156.0,1679747318.2799997,20210730,17.69,1.1417262592752488,20241010,20241010,1.021872
000001.SZ,1d,2021-08-02,15.450288417818834,15.888221762995105,15.047389740256664,15.774359093249272,1159923.0,2056014242.9099998,20210802,18.009999999999998,1.1417262592752488,20241010,20241010,1.021872
000001.SZ,1d,2021-08-03,15.756841759442223,15.89698042989863,15.467805751625885,15.66925509040697,896949.0,1609422575.43,20210803,17.89,1.1417262592752488,20241010,20241010,1.021872
000001.SZ,1d,2021-08-04,15.800635093959853,15.826911094670427,15.415253750204734,15.599185755178768,729620.0,1300164293.35,20210804,17.810000000000002,1.1417262592752488,20241010,20241010,1.021872
000001.SZ,1d,2021-08-05,15.50284041923999,15.809393760863376,15.397736416397683,15.485323085432938,621574.0,1104903004.6999998,20210805,17.680000000000003,1.1417262592752488,20241010,20241010,1.021872
000001.SZ,1d,2021-08-06,15.371460415687105,15.678013757310493,15.283873746651851,15.642979089696393,567454.0,1005870948.8,20210806,17.86,1.1417262592752488,20241010,20241010,1.021872
000001.SZ,1d,2021-08-09,15.68677242421402,16.860433789286425,15.625461755889342,16.694019118119442,1752798.0,3313803230.96,20210809,19.06,1.1417262592752488,20241010,20241010,1.021872
000001.SZ,1d,2021-08-10,16.720295118830023,17.499816473243786,16.553880447663037,17.28084980065565,1301988.0,2535427989.3100004,20210810,19.730000000000004,1.1417262592752488,20241010,20241010,1.021872
000001.SZ,1d,2021-08-11,17.508575140147304,18.025336487455306,17.25457379994507,17.35091913588385,1048308.0,2104975144.53,20210811,19.81,1.1417262592752488,20241010,20241010,1.021872
000001.SZ,1d,2021-08-12,17.333401802076796,17.780093814156594,17.19326313162039,17.420988471112054,666458.0,1330388046.16,20210812,19.89,1.1417262592752488,20241010,20241010,1.021872
000001.SZ,1d,2021-08-13,17.324643135173275,17.44726447182263,17.079400461874563,17.420988471112054,562885.0,1110191399.0,20210813,19.89,1.1417262592752488,20241010,20241010,1.021872
000001.SZ,1d,2021-08-16,17.59616180918256,17.69250714512134,17.14071113019924,17.473540472533205,627050.0,1247681171.0,20210816,19.95,1.1417262592752488,20241010,20241010,1.021872
000001.SZ,1d,2021-08-17,17.385953803497948,17.71002447892839,17.17574579781334,17.228297799234493,476022.0,947385521.39,20210817,19.669999999999998,1.1417262592752488,20241010,20241010,1.021872
000001.SZ,1d,2021-08-18,17.228297799234493,18.56837383547388,17.12319379639219,18.060371155069408,1332732.0,2732213549.09,20210818,20.62,1.1417262592752488,20241010,20241010,1.021872
000001.SZ,1d,2021-08-19,17.937749818420052,18.060371155069408,17.53485114085788,17.815128481770696,649976.0,1315320351.8400002,20210819,20.34,1.1417262592752488,20241010,20241010,1.021872
000001.SZ,1d,2021-08-20,17.491057806340255,17.578644475375512,16.37870710959253,17.009331126646355,1614628.0,3119152554.9300003,20210820,19.419999999999998,1.1417262592752488,20241010,20241010,1.021872
000001.SZ,1d,2021-08-23,17.079400461874563,17.56112714156846,16.73781245263707,16.904227123804052,1191849.0,2315871646.1299996,20210823,19.3,1.1417262592752488,20241010,20241010,1.021872
000001.SZ,1d,2021-08-24,16.948020458321682,17.491057806340258,16.825399121672326,16.956779125225204,868953.0,1690760837.07,20210824,19.36,1.1417262592752488,20241010,20241010,1.021872
000001.SZ,1d,2021-08-25,17.009331126646355,17.053124461163986,16.597673782180664,16.781605787154696,698084.0,1341330418.51,20210825,19.16,1.1417262592752488,20241010,20241010,1.021872
000001.SZ,1d,2021-08-26,16.816640454768798,16.869192456189953,16.124705769390292,16.16849910390792,951619.0,1783725035.2600002,20210826,18.46,1.1417262592752488,20241010,20241010,1.021872
000001.SZ,1d,2021-08-27,16.25608577294317,16.536363113855984,16.037119100355035,16.107188435583236,728820.0,1354408976.91,20210827,18.389999999999997,1.1417262592752488,20241010,20241010,1.021872
000001.SZ,1d,2021-08-30,15.949532431319783,16.019601766547986,15.371460415687105,15.520357753047039,1252211.0,2221855858.7,20210830,17.720000000000002,1.1417262592752488,20241010,20241010,1.021872
000001.SZ,1d,2021-08-31,15.520357753047037,15.704289758021071,15.161252410002493,15.590427088275238,1174868.0,2072006842.05,20210831,17.799999999999997,1.1417262592752488,20241010,20241010,1.021872
000001.SZ,1d,2021-09-01,15.310149747362427,15.695531091117546,14.898492402896734,15.660496423503446,2316894.0,4046284162.5199995,20210901,17.880000000000003,1.1417262592752488,20241010,20241010,1.021872
000001.SZ,1d,2021-09-02,15.765600426345749,16.448776444820734,15.590427088275241,16.115947102486768,2422604.0,4454545280.06,20210902,18.400000000000002,1.1417262592752488,20241010,20241010,1.021872
000001.SZ,1d,2021-09-03,16.203533771522018,16.203533771522018,15.502840419239986,15.80063509395985,1394819.0,2523273155.42,20210903,18.04,1.1417262592752488,20241010,20241010,1.021872
000001.SZ,1d,2021-09-06,15.704289758021071,16.291120440557275,15.57290975446819,16.159740437004395,1515226.0,2780281080.51,20210906,18.450000000000003,1.1417262592752488,20241010,20241010,1.021872
000001.SZ,1d,2021-09-07,16.291120440557275,17.131952463295715,16.07215376796914,16.851675122382904,1622344.0,3067365668.7200003,20210907,19.240000000000002,1.1417262592752488,20241010,20241010,1.021872
000001.SZ,1d,2021-09-08,16.851675122382904,17.12319379639219,16.729053785733544,16.842916455479376,1026201.0,1979771479.65,20210908,19.23,1.1417262592752488,20241010,20241010,1.021872
000001.SZ,1d,2021-09-09,16.73781245263707,16.772847120251175,16.466293778627783,16.64146711669829,739506.0,1399536020.5,20210909,19.0,1.1417262592752488,20241010,20241010,1.021872
000001.SZ,1d,2021-09-10,16.545121780759512,18.19175115862229,16.501328446241885,18.01657782055178,2314945.0,4668361827.72,20210910,20.57,1.1417262592752488,20241010,20241010,1.021872
000001.SZ,1d,2021-09-13,17.832645815577745,17.964025819130626,17.35091913588385,17.701265812024864,1297228.0,2606152378.88,20210913,20.209999999999997,1.1417262592752488,20241010,20241010,1.021872
000001.SZ,1d,2021-09-14,17.67498981131429,17.75381781344602,16.877951123093478,16.965537792128732,1158173.0,2272080156.85,20210914,19.37,1.1417262592752488,20241010,20241010,1.021872
000001.SZ,1d,2021-09-15,16.91298579070758,18.38444183049985,16.807881787865274,17.096917795681613,841618.0,1639298361.44,20210915,19.52,1.1417262592752488,20241010,20241010,1.021872
000001.SZ,1d,2021-09-16,16.904227123804052,17.079400461874563,16.404983110303103,16.711536451926495,1176954.0,2234474948.1600003,20210916,19.080000000000002,1.1417262592752488,20241010,20241010,1.021872
000001.SZ,1d,2021-09-17,16.553880447663037,16.64146711669829,16.124705769390292,16.229809772232596,1124880.0,2098715196.6000001,20210917,18.53,1.1417262592752488,20241010,20241010,1.021872
000001.SZ,1d,2021-09-22,15.65173775659992,15.809393760863376,15.257597745941275,15.748083092538698,1473365.0,2616707242.58,20210922,17.98,1.1417262592752488,20241010,20241010,1.021872
000001.SZ,1d,2021-09-23,15.853187095381005,16.045877767258567,15.45904708472236,15.485323085432938,1379838.0,2465683704.6800003,20210923,17.680000000000003,1.1417262592752488,20241010,20241010,1.021872
000001.SZ,1d,2021-09-24,15.415253750204734,15.485323085432935,15.187528410713071,15.196287077616597,1265696.0,2209461934.4100003,20210924,17.35,1.1417262592752488,20241010,20241010,1.021872
000001.SZ,1d,2021-09-27,15.073665740967238,15.485323085432935,14.942285737414359,15.388977749494156,1140668.0,1979196739.27,20210927,17.57,1.1417262592752488,20241010,20241010,1.021872
000001.SZ,1d,2021-09-28,15.3013910804589,15.914497763705679,15.283873746651851,15.739324425635171,1293167.0,2311265535.64,20210928,17.97,1.1417262592752488,20241010,20241010,1.021872
000001.SZ,1d,2021-09-29,15.642979089696393,16.15098177010087,15.511599086143512,15.896980429898631,1230122.0,2225416488.1400003,20210929,18.150000000000002,1.1417262592752488,20241010,20241010,1.021872
000001.SZ,1d,2021-09-30,15.844428428477478,15.940773764416257,15.511599086143512,15.704289758021071,795611.0,1424675916.8600001,20210930,17.93,1.1417262592752488,20241010,20241010,1.021872
000001.SZ,1d,2021-10-08,15.914497763705679,16.545121780759512,15.7831177601528,16.326155108171378,1159201.0,2146983881.5400002,20211008,18.64,1.1417262592752488,20241010,20241010,1.021872
000001.SZ,1d,2021-10-11,16.64146711669829,17.28960846755917,16.64146711669829,16.991813792839306,1455338.0,2829310843.75,20211011,19.4,1.1417262592752488,20241010,20241010,1.021872
000001.SZ,1d,2021-10-12,16.904227123804052,17.263332466848595,16.816640454768798,16.94802045832168,1031232.0,2004823967.61,20211012,19.349999999999998,1.1417262592752488,20241010,20241010,1.021872
000001.SZ,1d,2021-10-13,16.904227123804052,17.438505804919103,16.790364454058224,17.149469797102768,807897.0,1577612469.53,20211013,19.580000000000002,1.1417262592752488,20241010,20241010,1.021872
000001.SZ,1d,2021-10-14,17.15822846400629,17.44726447182263,16.545121780759512,16.825399121672326,842990.0,1623970431.3999999,20211014,19.21,1.1417262592752488,20241010,20241010,1.021872
000001.SZ,1d,2021-10-15,16.64146711669829,17.42974713801558,16.64146711669829,17.21953913233097,993494.0,1948647236.8100002,20211015,19.66,1.1417262592752488,20241010,20241010,1.021872
000001.SZ,1d,2021-10-18,17.035607127356936,17.12319379639219,16.729053785733544,16.89546845690053,729623.0,1408737777.28,20211018,19.290000000000003,1.1417262592752488,20241010,20241010,1.021872
000001.SZ,1d,2021-10-19,16.772847120251175,17.23705646613802,16.772847120251175,17.140711130199243,682415.0,1330501301.75,20211019,19.570000000000004,1.1417262592752488,20241010,20241010,1.021872
000001.SZ,1d,2021-10-20,17.298367134462698,17.324643135173275,16.807881787865274,16.851675122382904,662956.0,1283356219.4900002,20211020,19.240000000000002,1.1417262592752488,20241010,20241010,1.021872
000001.SZ,1d,2021-10-21,17.096917795681613,17.569885808471984,16.860433789286425,17.517333807050832,1621661.0,3198266215.28,20211021,20.0,1.1417262592752488,20241010,20241010,1.021872
000001.SZ,1d,2021-10-22,17.657472477507238,18.03409515435883,17.342160468980325,17.552368474664934,1134964.0,2287284921.47,20211022,20.04,1.1417262592752488,20241010,20241010,1.021872
000001.SZ,1d,2021-10-25,17.263332466848595,17.69250714512134,17.079400461874563,17.62243780989314,730828.0,1458800089.77,20211025,20.12,1.1417262592752488,20241010,20241010,1.021872
000001.SZ,1d,2021-10-26,17.569885808471984,17.911473817709474,17.394712470401476,17.56112714156846,652807.0,1313475882.79,20211026,20.05,1.1417262592752488,20241010,20241010,1.021872
000001.SZ,1d,2021-10-27,17.517333807050832,17.666231144410762,17.15822846400629,17.447264471822628,687600.0,1365982833.66,20211027,19.919999999999998,1.1417262592752488,20241010,20241010,1.021872
000001.SZ,1d,2021-10-28,17.342160468980325,17.46478180562968,16.965537792128732,17.272091133752124,619011.0,1211946109.14,20211028,19.720000000000002,1.1417262592752488,20241010,20241010,1.021872
000001.SZ,1d,2021-10-29,17.19326313162039,17.289608467559173,16.921744457611105,17.079400461874563,539930.0,1052760273.1700001,20211029,19.5,1.1417262592752488,20241010,20241010,1.021872
000001.SZ,1d,2021-11-01,16.93050312451463,17.280849800655645,16.65022578360182,16.98305512593578,841490.0,1626762029.8,20211101,19.39,1.1417262592752488,20241010,20241010,1.021872
000001.SZ,1d,2021-11-02,16.965537792128732,17.07064179497104,15.756841759442226,15.923256430609209,1997691.0,3691356324.29,20211102,18.180000000000003,1.1417262592752488,20241010,20241010,1.021872
000001.SZ,1d,2021-11-03,15.853187095381005,15.97580843203036,15.634220422792868,15.791876427056327,1114972.0,2009325065.9299998,20211103,18.03,1.1417262592752488,20241010,20241010,1.021872
000001.SZ,1d,2021-11-04,15.835669761573953,15.853187095381005,15.590427088275241,15.65173775659992,983411.0,1760671898.39,20211104,17.87,1.1417262592752488,20241010,20241010,1.021872
000001.SZ,1d,2021-11-05,15.634220422792868,15.765600426345749,15.388977749494156,15.450288417818834,1096040.0,1942415605.07,20211105,17.64,1.1417262592752488,20241010,20241010,1.021872
000001.SZ,1d,2021-11-08,15.432771084011785,15.599185755178764,15.205045744520122,15.257597745941274,1376815.0,2406417771.9100003,20211108,17.419999999999998,1.1417262592752488,20241010,20241010,1.021872
000001.SZ,1d,2021-11-09,15.310149747362427,15.45904708472236,15.11745907548487,15.353943081880056,1240573.0,2163193119.31,20211109,17.53,1.1417262592752488,20241010,20241010,1.021872
000001.SZ,1d,2021-11-10,15.292632413555378,15.3013910804589,15.029872406449615,15.240080412134223,1220851.0,2109735147.17,20211110,17.4,1.1417262592752488,20241010,20241010,1.021872
000001.SZ,1d,2021-11-11,15.196287077616597,16.14222310319734,15.170011076906022,16.07215376796914,2084729.0,3752413858.84,20211111,18.35,1.1417262592752488,20241010,20241010,1.021872
000001.SZ,1d,2021-11-12,16.037119100355035,16.31739644126785,15.861945762284527,16.002084432740936,957546.0,1753072716.42,20211112,18.27,1.1417262592752488,20241010,20241010,1.021872
000001.SZ,1d,2021-11-15,16.072153767969137,16.31739644126785,15.940773764416257,16.14222310319734,655090.0,1203764095.71,20211115,18.43,1.1417262592752488,20241010,20241010,1.021872
000001.SZ,1d,2021-11-16,16.080912434872666,16.238568439136124,15.914497763705683,15.95829109822331,601110.0,1099113409.38,20211116,18.220000000000002,1.1417262592752488,20241010,20241010,1.021872
000001.SZ,1d,2021-11-17,15.896980429898631,16.02836043345151,15.748083092538698,15.861945762284527,664640.0,1203859180.01,20211117,18.11,1.1417262592752488,20241010,20241010,1.021872
000001.SZ,1d,2021-11-18,15.844428428477478,15.870704429188056,15.529116419950563,15.590427088275241,799844.0,1430058311.95,20211118,17.8,1.1417262592752488,20241010,20241010,1.021872
000001.SZ,1d,2021-11-19,15.590427088275241,15.975808432030357,15.502840419239986,15.89698042989863,786372.0,1414506380.3700001,20211119,18.15,1.1417262592752488,20241010,20241010,1.021872
000001.SZ,1d,2021-11-22,15.791876427056327,15.984567098933887,15.678013757310497,15.870704429188056,738618.0,1337768172.45,20211122,18.12,1.1417262592752488,20241010,20241010,1.021872
000001.SZ,1d,2021-11-23,15.861945762284527,16.07215376796914,15.485323085432935,15.660496423503442,1235978.0,2213817590.5600004,20211123,17.88,1.1417262592752488,20241010,20241010,1.021872
000001.SZ,1d,2021-11-24,15.564151087564664,15.721807091828122,15.467805751625885,15.65173775659992,741311.0,1316774397.9600003,20211124,17.87,1.1417262592752488,20241010,20241010,1.021872
000001.SZ,1d,2021-11-25,15.537875086854086,15.581668421371715,15.441529750915308,15.485323085432935,603533.0,1068221304.51,20211125,17.68,1.1417262592752488,20241010,20241010,1.021872
000001.SZ,1d,2021-11-26,15.432771084011785,15.476564418529408,15.34518441497653,15.39773641639768,694500.0,1219937312.76,20211126,17.58,1.1417262592752488,20241010,20241010,1.021872
000001.SZ,1d,2021-11-29,15.248839079037749,15.388977749494156,15.205045744520122,15.336425748073001,512595.0,895105981.97,20211129,17.509999999999998,1.1417262592752488,20241010,20241010,1.021872
000001.SZ,1d,2021-11-30,15.362701748783582,15.485323085432935,15.196287077616597,15.275115079748327,733616.0,1280384552.25,20211130,17.44,1.1417262592752488,20241010,20241010,1.021872
000001.SZ,1d,2021-12-01,15.2663564128448,15.564151087564664,15.213804411423649,15.450288417818834,706925.0,1243666842.2,20211201,17.64,1.1417262592752488,20241010,20241010,1.021872
000001.SZ,1d,2021-12-02,15.432771084011785,15.599185755178768,15.213804411423649,15.406495083301207,994798.0,1749164558.4199998,20211202,17.59,1.1417262592752488,20241010,20241010,1.021872
000001.SZ,1d,2021-12-03,15.450288417818834,15.502840419239986,15.248839079037749,15.459047084722359,707600.0,1242375057.32,20211203,17.65,1.1417262592752488,20241010,20241010,1.021872
000001.SZ,1d,2021-12-06,15.634220422792868,16.256085772943173,15.590427088275241,15.853187095381005,2145625.0,3896385171.79,20211206,18.1,1.1417262592752488,20241010,20241010,1.021872
000001.SZ,1d,2021-12-07,16.02836043345151,16.35243110888195,15.896980429898631,16.16849910390792,1616444.0,2979968976.77,20211207,18.46,1.1417262592752488,20241010,20241010,1.021872
000001.SZ,1d,2021-12-08,16.15974043700439,16.24732710603965,15.905739096802156,16.177257770811444,980281.0,1798691052.86,20211208,18.47,1.1417262592752488,20241010,20241010,1.021872
000001.SZ,1d,2021-12-09,16.194775104618497,16.694019118119446,16.08967110177619,16.37870710959253,1455887.0,2726663443.3,20211209,18.7,1.1417262592752488,20241010,20241010,1.021872
000001.SZ,1d,2021-12-10,16.212292438425543,16.37870710959253,16.002084432740936,16.098429768679715,989255.0,1824076523.0400002,20211210,18.38,1.1417262592752488,20241010,20241010,1.021872
000001.SZ,1d,2021-12-13,16.177257770811444,16.536363113855984,15.923256430609205,16.002084432740936,1314490.0,2427803721.72,20211213,18.27,1.1417262592752488,20241010,20241010,1.021872
000001.SZ,1d,2021-12-14,15.905739096802156,15.914497763705679,15.34518441497653,15.39773641639768,1937209.0,3434156327.9900002,20211214,17.58,1.1417262592752488,20241010,20241010,1.021872
000001.SZ,1d,2021-12-15,15.336425748073005,15.467805751625889,15.240080412134226,15.371460415687105,1294627.0,2269821045.32,20211215,17.55,1.1417262592752488,20241010,20241010,1.021872
000001.SZ,1d,2021-12-16,15.371460415687105,15.529116419950563,15.292632413555378,15.520357753047039,819480.0,1445483375.0399997,20211216,17.720000000000002,1.1417262592752488,20241010,20241010,1.021872
000001.SZ,1d,2021-12-17,15.502840419239986,15.546633753757614,15.388977749494156,15.388977749494156,602370.0,1062875482.9799999,20211217,17.57,1.1417262592752488,20241010,20241010,1.021872
000001.SZ,1d,2021-12-20,15.38021908259063,15.459047084722359,15.283873746651851,15.34518441497653,746435.0,1309029268.8100002,20211220,17.52,1.1417262592752488,20241010,20241010,1.021872
000001.SZ,1d,2021-12-21,15.318908414265955,15.511599086143512,15.310149747362427,15.406495083301207,893734.0,1572895581.5,20211221,17.59,1.1417262592752488,20241010,20241010,1.021872
000001.SZ,1d,2021-12-22,15.432771084011785,15.450288417818834,15.15249374309897,15.2313217452307,976928.0,1701772583.5200002,20211222,17.39,1.1417262592752488,20241010,20241010,1.021872
000001.SZ,1d,2021-12-23,15.240080412134226,15.2663564128448,15.073665740967241,15.170011076906022,1059576.0,1831122716.47,20211223,17.32,1.1417262592752488,20241010,20241010,1.021872
000001.SZ,1d,2021-12-24,15.178769743809548,15.196287077616597,15.073665740967241,15.161252410002497,488251.0,843109664.7700001,20211224,17.310000000000002,1.1417262592752488,20241010,20241010,1.021872
000001.SZ,1d,2021-12-27,15.178769743809548,15.196287077616597,15.029872406449615,15.082424407870766,731119.0,1260455319.19,20211227,17.22,1.1417262592752488,20241010,20241010,1.021872
000001.SZ,1d,2021-12-28,15.082424407870766,15.178769743809545,14.968561738124937,15.038631073353137,1126639.0,1934461075.51,20211228,17.169999999999998,1.1417262592752488,20241010,20241010,1.021872
000001.SZ,1d,2021-12-29,15.029872406449615,15.029872406449615,14.626973728887444,14.670767063405073,1469374.0,2480534592.86,20211229,16.75,1.1417262592752488,20241010,20241010,1.021872
000001.SZ,1d,2021-12-30,14.679525730308596,14.84594040147558,14.644491062694495,14.73207773172975,796664.0,1342374249.46,20211230,16.82,1.1417262592752488,20241010,20241010,1.021872
000001.SZ,1d,2021-12-31,14.767112399343851,14.802147066957952,14.364213721781681,14.434283057009884,1750761.0,2899617148.55,20211231,16.479999999999997,1.1417262592752488,20241010,20241010,1.021872
000001.SZ,1d,2022-01-04,14.434283057009885,14.591939061273344,14.171523049904122,14.591939061273344,1169259.0,1918887050.94,20220104,16.66,1.1417262592752488,20241010,20241010,1.021872
000001.SZ,1d,2022-01-05,14.521869726045141,15.082424407870768,14.495593725334563,15.02111373954609,1961998.0,3344124589.35,20220105,17.150000000000002,1.1417262592752488,20241010,20241010,1.021872
000001.SZ,1d,2022-01-06,14.986079071931986,15.126217742388393,14.889733735993207,14.994837738835514,1107885.0,1896535837.6,20220106,17.12,1.1417262592752488,20241010,20241010,1.021872
000001.SZ,1d,2022-01-07,14.97732040502846,15.134976409291918,14.942285737414359,15.064907074063715,1126631.0,1937710958.28,20220107,17.2,1.1417262592752488,20241010,20241010,1.021872
000001.SZ,1d,2022-01-10,15.143735076195448,15.257597745941275,14.916009736703785,15.056148407160192,909774.0,1563414572.47,20220110,17.19,1.1417262592752488,20241010,20241010,1.021872
000001.SZ,1d,2022-01-11,15.11745907548487,15.362701748783579,15.012355072642563,15.248839079037749,1581999.0,2752485391.2799997,20220111,17.41,1.1417262592752488,20241010,20241010,1.021872
000001.SZ,1d,2022-01-12,15.248839079037749,15.283873746651851,14.802147066957952,14.889733735993207,1502164.0,2561266412.25,20220112,17.0,1.1417262592752488,20241010,20241010,1.021872
000001.SZ,1d,2022-01-13,14.810905733861478,15.099941741677819,14.73207773172975,14.872216402186156,909423.0,1550319158.87,20220113,16.98,1.1417262592752488,20241010,20241010,1.021872
000001.SZ,1d,2022-01-14,14.889733735993207,14.907251069800258,14.276627052746429,14.302903053457007,2103095.0,3459950804.53,20220114,16.330000000000002,1.1417262592752488,20241010,20241010,1.021872
000001.SZ,1d,2022-01-17,14.320420387264056,14.434283057009885,14.118971048482972,14.206557717518226,1143689.0,1855633789.59,20220117,16.220000000000002,1.1417262592752488,20241010,20241010,1.021872
000001.SZ,1d,2022-01-18,14.2328337182288,14.486835058431037,14.154005716097073,14.469317724623988,1152974.0,1891094610.09,20220118,16.52,1.1417262592752488,20241010,20241010,1.021872
000001.SZ,1d,2022-01-19,14.486835058431037,14.618215061983918,14.32917905416758,14.451800390816937,988392.0,1630973587.2,20220119,16.5,1.1417262592752488,20241010,20241010,1.021872
000001.SZ,1d,2022-01-20,14.425524390106363,15.292632413555378,14.381731055588734,15.178769743809548,3031194.0,5195805549.58,20220120,17.330000000000002,1.1417262592752488,20241010,20241010,1.021872
000001.SZ,1d,2022-01-21,15.283873746651851,15.380219082590633,15.073665740967241,15.196287077616597,1481683.0,2575115124.6899996,20220121,17.35,1.1417262592752488,20241010,20241010,1.021872
000001.SZ,1d,2022-01-24,15.187528410713071,15.222563078327171,14.872216402186156,15.064907074063715,874771.0,1501390339.0100002,20220124,17.2,1.1417262592752488,20241010,20241010,1.021872
000001.SZ,1d,2022-01-25,14.95980307122141,14.95980307122141,14.723319064826223,14.758353732440325,1093284.0,1851999025.4199998,20220125,16.849999999999998,1.1417262592752488,20241010,20241010,1.021872
000001.SZ,1d,2022-01-26,14.84594040147558,14.97732040502846,14.486835058431037,14.583180394369817,984975.0,1646384984.37,20220126,16.65,1.1417262592752488,20241010,20241010,1.021872
000001.SZ,1d,2022-01-27,14.451800390816937,14.486835058431037,14.2328337182288,14.276627052746429,1024643.0,1677261296.33,20220127,16.3,1.1417262592752488,20241010,20241010,1.021872
000001.SZ,1d,2022-01-28,14.355455054878158,14.40800705629931,13.85621104137721,13.864969708280734,1675564.0,2695470330.62,20220128,15.83,1.1417262592752488,20241010,20241010,1.021872
000001.SZ,1d,2022-02-07,14.031384379447717,14.372972388685207,13.917521709701887,14.355455054878158,1515476.0,2451798485.84,20220207,16.39,1.1417262592752488,20241010,20241010,1.021872
000001.SZ,1d,2022-02-08,14.276627052746429,14.863457735282633,14.241592385132329,14.740836398633277,1754695.0,2950309012.49,20220208,16.830000000000002,1.1417262592752488,20241010,20241010,1.021872
000001.SZ,1d,2022-02-09,14.819664400765005,14.889733735993207,14.63573239579097,14.767112399343851,1051162.0,1774253636.5000002,20220209,16.86,1.1417262592752488,20241010,20241010,1.021872
000001.SZ,1d,2022-02-10,14.688284397212126,14.916009736703785,14.60069772817687,14.880975069089684,784557.0,1326848947.79,20220210,16.990000000000002,1.1417262592752488,20241010,20241010,1.021872
000001.SZ,1d,2022-02-11,14.916009736703785,15.187528410713071,14.916009736703785,14.977320405028463,1078139.0,1852167493.23,20220211,17.1,1.1417262592752488,20241010,20241010,1.021872
000001.SZ,1d,2022-02-14,14.977320405028463,15.02111373954609,14.460559057720463,14.521869726045141,1150659.0,1917613419.43,20220214,16.580000000000002,1.1417262592752488,20241010,20241010,1.021872
000001.SZ,1d,2022-02-15,14.451800390816937,14.60069772817687,14.101453714675921,14.259109718939378,1208264.0,1968985378.1799998,20220215,16.28,1.1417262592752488,20241010,20241010,1.021872
000001.SZ,1d,2022-02-16,14.320420387264056,14.478076391527514,14.1977990506147,14.372972388685207,782400.0,1282234150.21,20220216,16.41,1.1417262592752488,20241010,20241010,1.021872
000001.SZ,1d,2022-02-17,14.355455054878158,14.495593725334563,14.29414438655348,14.381731055588734,794502.0,1306514349.5900002,20220217,16.42,1.1417262592752488,20241010,20241010,1.021872
000001.SZ,1d,2022-02-18,14.29414438655348,14.688284397212122,14.285385719649952,14.688284397212122,802499.0,1330233365.6799998,20220218,16.77,1.1417262592752488,20241010,20241010,1.021872
000001.SZ,1d,2022-02-21,14.591939061273344,14.60069772817687,14.29414438655348,14.460559057720463,800995.0,1316023718.12,20220221,16.51,1.1417262592752488,20241010,20241010,1.021872
000001.SZ,1d,2022-02-22,14.285385719649952,14.399248389395785,14.154005716097073,14.215316384421751,894957.0,1454156224.87,20220222,16.23,1.1417262592752488,20241010,20241010,1.021872
000001.SZ,1d,2022-02-23,14.276627052746429,14.285385719649952,14.048901713254766,14.180281716807647,886742.0,1431289852.14,20220223,16.189999999999998,1.1417262592752488,20241010,20241010,1.021872
000001.SZ,1d,2022-02-24,14.127729715386495,14.145247049193548,13.838693707570158,13.935039043508937,1324087.0,2112842553.1000001,20220224,15.91,1.1417262592752488,20241010,20241010,1.021872
000001.SZ,1d,2022-02-25,14.005108378737141,14.08393638086887,13.900004375894836,13.926280376605412,726397.0,1157890268.48,20220225,15.9,1.1417262592752488,20241010,20241010,1.021872
000001.SZ,1d,2022-02-28,13.926280376605412,13.943797710412463,13.681037703306702,13.794900373052531,723990.0,1137154094.55,20220228,15.750000000000002,1.1417262592752488,20241010,20241010,1.021872
000001.SZ,1d,2022-03-01,13.829935040666633,13.970073711123039,13.681037703306702,13.943797710412463,935040.0,1474693965.21,20220301,15.920000000000002,1.1417262592752488,20241010,20241010,1.021872
000001.SZ,1d,2022-03-02,13.829935040666633,13.900004375894836,13.716072370920802,13.733589704727851,760761.0,1196321948.91,20220302,15.68,1.1417262592752488,20241010,20241010,1.021872
000001.SZ,1d,2022-03-03,13.77738303924548,13.847452374473683,13.689796370210226,13.759865705438429,578285.0,908171588.15,20220303,15.71,1.1417262592752488,20241010,20241010,1.021872
000001.SZ,1d,2022-03-04,13.681037703306702,13.689796370210226,13.383243028586836,13.427036363104465,990936.0,1523793664.71,20220304,15.330000000000002,1.1417262592752488,20241010,20241010,1.021872
000001.SZ,1d,2022-03-07,13.286897692648056,13.286897692648056,12.84020568056826,12.892757681989414,1113159.0,1655959941.77,20220307,14.72,1.1417262592752488,20241010,20241010,1.021872
000001.SZ,1d,2022-03-08,12.805171012954158,13.015379018638768,12.481100337523717,12.53365233894487,1003033.0,1463145930.4,20220308,14.31,1.1417262592752488,20241010,20241010,1.021872
000001.SZ,1d,2022-03-09,12.6124803410766,12.656273675594226,11.578957646460601,12.121994994479175,1800760.0,2492042993.23,20220309,13.84,1.1417262592752488,20241010,20241010,1.021872
000001.SZ,1d,2022-03-10,12.419789669199039,12.91903368269999,12.340961667067312,12.761377678436531,2249158.0,3269867788.2200003,20220310,14.57,1.1417262592752488,20241010,20241010,1.021872
000001.SZ,1d,2022-03-11,12.6124803410766,13.120483021481073,12.393513668488463,13.05041368625287,1493647.0,2187480610.66,20220311,14.9,1.1417262592752488,20241010,20241010,1.021872
000001.SZ,1d,2022-03-14,12.813929679857685,13.076689686963448,12.656273675594226,12.691308343208329,1118407.0,1637278471.46,20220314,14.49,1.1417262592752488,20241010,20241010,1.021872
000001.SZ,1d,2022-03-15,12.6124803410766,12.6124803410766,11.911786988794566,11.981856324022768,1781409.0,2479769555.05,20220315,13.68,1.1417262592752488,20241010,20241010,1.021872
000001.SZ,1d,2022-03-16,12.139512328286227,12.6124803410766,11.832958986662836,12.53365233894487,1531779.0,2141637065.8400002,20220316,14.31,1.1417262592752488,20241010,20241010,1.021872
000001.SZ,1d,2022-03-17,12.84020568056826,12.883999015085887,12.472341670620192,12.656273675594226,1730061.0,2506504217.46,20220317,14.450000000000001,1.1417262592752488,20241010,20241010,1.021872
000001.SZ,1d,2022-03-18,12.577445673462499,13.006620351735243,12.384755001584939,12.875240348182363,1528807.0,2222158762.02,20220318,14.700000000000001,1.1417262592752488,20241010,20241010,1.021872
000001.SZ,1d,2022-03-21,12.700067010111853,12.980344351024668,12.603721674173075,12.778895012243582,1208868.0,1765673892.12,20220321,14.59,1.1417262592752488,20241010,20241010,1.021872
000001.SZ,1d,2022-03-22,12.778895012243582,13.330691027165685,12.700067010111853,13.29565635955158,1628657.0,2443174055.8500004,20220322,15.18,1.1417262592752488,20241010,20241010,1.021872
000001.SZ,1d,2022-03-23,13.234345691226904,13.304415026455107,13.05041368625287,13.138000355288124,1050102.0,1577561341.66,20220323,15.0,1.1417262592752488,20241010,20241010,1.021872
000001.SZ,1d,2022-03-24,13.067931020059921,13.409519029297412,12.971585684121141,13.313173693358634,1002360.0,1518870080.3100002,20220324,15.200000000000001,1.1417262592752488,20241010,20241010,1.021872
000001.SZ,1d,2022-03-25,13.269380358841005,13.356967027876259,12.980344351024668,13.120483021481073,742933.0,1116354595.1599998,20220325,14.98,1.1417262592752488,20241010,20241010,1.021872
000001.SZ,1d,2022-03-28,12.962827017217617,13.181793689805751,12.813929679857685,13.006620351735243,727137.0,1078327302.93,20220328,14.850000000000001,1.1417262592752488,20241010,20241010,1.021872
000001.SZ,1d,2022-03-29,13.032896352445817,13.094207020770497,12.787653679147107,12.85772301437531,615643.0,909169631.2400001,20220329,14.68,1.1417262592752488,20241010,20241010,1.021872
000001.SZ,1d,2022-03-30,13.015379018638768,13.37448436168331,12.927792349603514,13.321932360262156,1236792.0,1859617040.6399999,20220330,15.209999999999999,1.1417262592752488,20241010,20241010,1.021872
000001.SZ,1d,2022-03-31,13.225587024323378,13.637244368789073,13.190552356709278,13.47082969762209,1163747.0,1789209946.79,20220331,15.38,1.1417262592752488,20241010,20241010,1.021872
000001.SZ,1d,2022-04-01,13.462071030718565,13.829935040666633,13.313173693358634,13.794900373052531,1484879.0,2319616863.0200005,20220401,15.750000000000002,1.1417262592752488,20241010,20241010,1.021872
000001.SZ,1d,2022-04-06,13.698555037113751,14.486835058431037,13.689796370210226,14.355455054878158,2488540.0,4064051491.84,20220406,16.39,1.1417262592752488,20241010,20241010,1.021872
000001.SZ,1d,2022-04-07,14.34669638797463,14.591939061273344,14.189040383711173,14.259109718939376,1659065.0,2724002904.78,20220407,16.279999999999998,1.1417262592752488,20241010,20241010,1.021872
000001.SZ,1d,2022-04-08,14.241592385132325,14.40800705629931,14.127729715386495,14.364213721781681,1066779.0,1741072072.4800003,20220408,16.4,1.1417262592752488,20241010,20241010,1.021872
000001.SZ,1d,2022-04-11,14.320420387264056,14.364213721781685,13.838693707570158,14.057660380158293,1416735.0,2277469055.78,20220411,16.05,1.1417262592752488,20241010,20241010,1.021872
000001.SZ,1d,2022-04-12,14.057660380158293,14.241592385132329,13.716072370920802,13.943797710412463,1039261.0,1654820082.5300002,20220412,15.92,1.1417262592752488,20241010,20241010,1.021872
000001.SZ,1d,2022-04-13,13.917521709701887,14.08393638086887,13.768624372341955,13.838693707570158,890628.0,1415496125.98,20220413,15.8,1.1417262592752488,20241010,20241010,1.021872
000001.SZ,1d,2022-04-14,14.013867045640666,14.2328337182288,13.943797710412463,14.048901713254766,929615.0,1493343952.1499999,20220414,16.04,1.1417262592752488,20241010,20241010,1.021872
000001.SZ,1d,2022-04-15,13.926280376605412,14.478076391527514,13.891245708991312,14.381731055588734,1231761.0,2014010094.33,20220415,16.42,1.1417262592752488,20241010,20241010,1.021872
000001.SZ,1d,2022-04-18,14.145247049193548,14.189040383711173,13.847452374473683,13.926280376605412,1086888.0,1734236523.8500001,20220418,15.9,1.1417262592752488,20241010,20241010,1.021872
000001.SZ,1d,2022-04-19,13.926280376605412,13.98759104493009,13.681037703306702,13.847452374473683,821772.0,1294226951.21,20220419,15.81,1.1417262592752488,20241010,20241010,1.021872
000001.SZ,1d,2022-04-20,13.847452374473683,14.057660380158293,13.751107038534904,13.882487042087785,716555.0,1137697846.98,20220420,15.850000000000001,1.1417262592752488,20241010,20241010,1.021872
000001.SZ,1d,2022-04-21,13.812417706859582,13.996349711833615,13.751107038534904,13.847452374473683,709891.0,1124663651.04,20220421,15.81,1.1417262592752488,20241010,20241010,1.021872
000001.SZ,1d,2022-04-22,13.698555037113751,14.18028171680765,13.488347031429141,14.066419047061817,921274.0,1468452957.95,20220422,16.06,1.1417262592752488,20241010,20241010,1.021872
000001.SZ,1d,2022-04-25,13.724831037824329,13.935039043508938,12.945309683410565,13.006620351735243,1664481.0,2527610217.4300003,20220425,14.850000000000001,1.1417262592752488,20241010,20241010,1.021872
000001.SZ,1d,2022-04-26,13.03289635244582,13.120483021481073,12.656273675594226,12.901516348892939,988210.0,1456929632.19,20220426,14.73,1.1417262592752488,20241010,20241010,1.021872
000001.SZ,1d,2022-04-27,13.120483021481073,13.707313704017276,13.102965687674024,13.707313704017276,1490295.0,2296798759.0,20220427,15.65,1.1417262592752488,20241010,20241010,1.021872
000001.SZ,1d,2022-04-28,13.637244368789073,13.95255637731599,13.462071030718565,13.707313704017276,911772.0,1426381925.81,20220428,15.65,1.1417262592752488,20241010,20241010,1.021872
000001.SZ,1d,2022-04-29,13.74234837163138,13.786141706149005,13.111724354577548,13.418277696200938,1645013.0,2503476827.84,20220429,15.32,1.1417262592752488,20241010,20241010,1.021872
000001.SZ,1d,2022-05-05,13.313173693358634,13.532140365946768,13.269380358841005,13.418277696200938,790196.0,1208735141.83,20220505,15.32,1.1417262592752488,20241010,20241010,1.021872
000001.SZ,1d,2022-05-06,13.155517689095175,13.313173693358632,13.059172353156395,13.102965687674024,832432.0,1250995594.77,20220506,14.96,1.1417262592752488,20241010,20241010,1.021872
000001.SZ,1d,2022-05-09,13.085448353866973,13.085448353866973,12.665032342497753,12.74386034462948,818621.0,1197104247.0600002,20220509,14.55,1.1417262592752488,20241010,20241010,1.021872
000001.SZ,1d,2022-05-10,12.700067010111853,12.787653679147107,12.358479000874361,12.778895012243582,992285.0,1425836927.23,20220510,14.59,1.1417262592752488,20241010,20241010,1.021872
000001.SZ,1d,2022-05-11,12.735101677725954,12.997861684831717,12.6475150086907,12.813929679857683,848574.0,1240700426.07,20220511,14.629999999999999,1.1417262592752488,20241010,20241010,1.021872
000001.SZ,1d,2022-05-12,12.682549676304802,12.752619011533007,12.551169672751922,12.594963007269548,685064.0,987061607.22,20220512,14.38,1.1417262592752488,20241010,20241010,1.021872
000001.SZ,1d,2022-05-13,12.700067010111853,12.84020568056826,12.691308343208329,12.796412346050632,676312.0,985962932.0899999,20220513,14.61,1.1417262592752488,20241010,20241010,1.021872
000001.SZ,1d,2022-05-16,12.84020568056826,12.901516348892939,12.568687006558973,12.621239007980124,668228.0,965652298.06,20220516,14.41,1.1417262592752488,20241010,20241010,1.021872
000001.SZ,1d,2022-05-17,12.708825677015378,12.892757681989414,12.542411005848397,12.883999015085887,931406.0,1357428406.7499998,20220517,14.71,1.1417262592752488,20241010,20241010,1.021872
000001.SZ,1d,2022-05-18,13.006620351735243,13.041655019349346,12.848964347471785,12.91903368269999,778578.0,1150500437.95,20220518,14.75,1.1417262592752488,20241010,20241010,1.021872
000001.SZ,1d,2022-05-19,12.74386034462948,12.875240348182361,12.700067010111853,12.805171012954158,590922.0,863214130.52,20220519,14.62,1.1417262592752488,20241010,20241010,1.021872
000001.SZ,1d,2022-05-20,12.875240348182361,13.173035022902225,12.848964347471785,13.155517689095175,948598.0,1415164711.31,20220520,15.02,1.1417262592752488,20241010,20241010,1.021872
000001.SZ,1d,2022-05-23,13.199311023612802,13.199311023612802,12.927792349603514,12.989103017928192,647726.0,962683728.68,20220523,14.83,1.1417262592752488,20241010,20241010,1.021872
000001.SZ,1d,2022-05-24,13.024137685542295,13.024137685542295,12.6124803410766,12.6124803410766,933557.0,1358693535.33,20220524,14.4,1.1417262592752488,20241010,20241010,1.021872
000001.SZ,1d,2022-05-25,12.638756341787177,12.691308343208329,12.524893672041346,12.603721674173075,603228.0,866228924.0199999,20220525,14.39,1.1417262592752488,20241010,20241010,1.021872
000001.SZ,1d,2022-05-26,12.621239007980124,12.638756341787175,12.32344433326026,12.428548336102565,1011318.0,1435689342.0400002,20220526,14.19,1.1417262592752488,20241010,20241010,1.021872
000001.SZ,1d,2022-05-27,12.51613500513782,12.568687006558973,12.358479000874361,12.419789669199039,723067.0,1029702185.9300001,20220527,14.18,1.1417262592752488,20241010,20241010,1.021872
000001.SZ,1d,2022-05-30,12.489859004427245,12.507376338234295,12.297168332549685,12.332203000163785,896901.0,1265573047.59,20220530,14.08,1.1417262592752488,20241010,20241010,1.021872
000001.SZ,1d,2022-05-31,12.32344433326026,12.419789669199039,12.262133664935583,12.40227233539199,938869.0,1325012047.99,20220531,14.16,1.1417262592752488,20241010,20241010,1.021872
000001.SZ,1d,2022-06-01,12.384755001584939,12.384755001584939,12.262133664935583,12.332203000163785,845299.0,1187423732.04,20220601,14.08,1.1417262592752488,20241010,20241010,1.021872
000001.SZ,1d,2022-06-02,12.279650998742635,12.28840966564616,12.157029662093278,12.218340330417956,979268.0,1363740797.79,20220602,13.950000000000001,1.1417262592752488,20241010,20241010,1.021872
000001.SZ,1d,2022-06-06,12.183305662803853,12.411031002295514,11.946821656408668,12.411031002295514,1710852.0,2370807610.48,20220606,14.17,1.1417262592752488,20241010,20241010,1.021872
000001.SZ,1d,2022-06-07,12.279650998742634,12.481100337523717,12.253374998032058,12.40227233539199,1315113.0,1860366715.71,20220607,14.16,1.1417262592752488,20241010,20241010,1.021872
000001.SZ,1d,2022-06-08,12.40227233539199,12.411031002295514,12.270892331839107,12.40227233539199,1145521.0,1613524957.8200002,20220608,14.16,1.1417262592752488,20241010,20241010,1.021872
000001.SZ,1d,2022-06-09,12.384755001584937,12.665032342497751,12.349720333970836,12.568687006558973,1632901.0,2339986707.88,20220609,14.35,1.1417262592752488,20241010,20241010,1.021872
000001.SZ,1d,2022-06-10,12.489859004427245,12.551169672751922,12.375996334681414,12.542411005848397,1346012.0,1914639698.1100001,20220610,14.32,1.1417262592752488,20241010,20241010,1.021872
000001.SZ,1d,2022-06-13,12.41978966919904,12.428548336102567,12.157029662093278,12.183305662803853,1547753.0,2163340108.91,20220613,13.91,1.1417262592752488,20241010,20241010,1.021872
000001.SZ,1d,2022-06-14,12.008132324733346,12.375996334681414,12.008132324733346,12.36723766777789,1151429.0,1602169897.9900002,20220614,14.120000000000001,1.1417262592752488,20241010,20241010,1.021872
000001.SZ,1d,2022-06-15,12.349720333970836,13.234345691226904,12.314685666356736,12.910275015796463,3413544.0,5010292726.77,20220615,14.74,1.1417262592752488,20241010,20241010,1.021872
000001.SZ,1d,2022-06-16,12.910275015796463,12.989103017928192,12.62999767488365,12.6475150086907,1332546.0,1939976254.7700002,20220616,14.44,1.1417262592752488,20241010,20241010,1.021872
000001.SZ,1d,2022-06-17,12.542411005848397,12.726343010822431,12.437307003006092,12.656273675594226,1053788.0,1513925913.67,20220617,14.450000000000001,1.1417262592752488,20241010,20241010,1.021872
000001.SZ,1d,2022-06-20,12.6475150086907,12.6475150086907,12.489859004427244,12.559928339655446,1032167.0,1479529786.97,20220620,14.34,1.1417262592752488,20241010,20241010,1.021872
000001.SZ,1d,2022-06-21,12.559928339655446,12.813929679857685,12.463583003716668,12.586204340366024,1321794.0,1905346056.7,20220621,14.370000000000001,1.1417262592752488,20241010,20241010,1.021872
000001.SZ,1d,2022-06-22,12.577445673462497,12.577445673462497,12.332203000163785,12.332203000163785,1056046.0,1498415783.73,20220622,14.08,1.1417262592752488,20241010,20241010,1.021872
000001.SZ,1d,2022-06-23,12.340961667067312,12.463583003716668,12.314685666356736,12.437307003006092,806028.0,1140899091.6399999,20220623,14.200000000000001,1.1417262592752488,20241010,20241010,1.021872
000001.SZ,1d,2022-06-24,12.43730700300609,12.481100337523717,12.358479000874361,12.463583003716666,866041.0,1227798687.09,20220624,14.229999999999999,1.1417262592752488,20241010,20241010,1.021872
000001.SZ,1d,2022-06-27,12.472341670620192,12.752619011533007,12.454824336813143,12.691308343208329,1497278.0,2166380438.04,20220627,14.49,1.1417262592752488,20241010,20241010,1.021872
000001.SZ,1d,2022-06-28,12.673791009401278,12.848964347471785,12.621239007980124,12.813929679857685,1125110.0,1638673242.41,20220628,14.63,1.1417262592752488,20241010,20241010,1.021872
000001.SZ,1d,2022-06-29,12.831447013664734,13.05041368625287,12.74386034462948,12.82268834676121,1266547.0,1865064678.4800003,20220629,14.64,1.1417262592752488,20241010,20241010,1.021872
000001.SZ,1d,2022-06-30,12.813929679857685,13.155517689095177,12.74386034462948,13.120483021481073,1548745.0,2304888691.73,20220630,14.98,1.1417262592752488,20241010,20241010,1.021872
000001.SZ,1d,2022-07-01,13.138000355288124,13.199311023612802,12.997861684831717,13.067931020059921,779243.0,1164030775.95,20220701,14.92,1.1417262592752488,20241010,20241010,1.021872
000001.SZ,1d,2022-07-04,13.094207020770497,13.120483021481073,12.91903368269999,13.08544835386697,834968.0,1241453402.1100001,20220704,14.94,1.1417262592752488,20241010,20241010,1.021872
000001.SZ,1d,2022-07-05,13.1292416883846,13.37448436168331,12.980344351024668,13.059172353156395,1115172.0,1674719025.12,20220705,14.91,1.1417262592752488,20241010,20241010,1.021872
000001.SZ,1d,2022-07-06,12.989103017928192,13.076689686963448,12.665032342497753,12.726343010822431,1043335.0,1520022514.77,20220706,14.530000000000001,1.1417262592752488,20241010,20241010,1.021872
000001.SZ,1d,2022-07-07,12.735101677725956,12.831447013664734,12.594963007269548,12.62999767488365,730161.0,1057696546.69,20220707,14.42,1.1417262592752488,20241010,20241010,1.021872
000001.SZ,1d,2022-07-08,12.700067010111855,12.831447013664734,12.586204340366024,12.735101677725956,639698.0,928850348.74,20220708,14.540000000000001,1.1417262592752488,20241010,20241010,1.021872
000001.SZ,1d,2022-07-11,12.700067010111853,12.761377678436531,12.577445673462497,12.665032342497751,611692.0,883613754.0500001,20220711,14.459999999999999,1.1417262592752488,20241010,20241010,1.021872
000001.SZ,1d,2022-07-12,12.621239007980124,12.901516348892939,12.594963007269548,12.62999767488365,742882.0,1078431989.61,20220712,14.42,1.1417262592752488,20241010,20241010,1.021872
000001.SZ,1d,2022-07-13,12.62999767488365,12.673791009401278,12.165788328996804,12.235857664225007,2175996.0,3056913117.8399997,20220713,13.97,1.1417262592752488,20241010,20241010,1.021872
000001.SZ,1d,2022-07-14,11.999373657829821,12.008132324733346,11.64026831478528,11.710337650013482,2632121.0,3534578702.13,20220714,13.370000000000001,1.1417262592752488,20241010,20241010,1.021872
000001.SZ,1d,2022-07-15,11.80668298595226,11.876752321180465,11.578957646460601,11.59647498026765,1598637.0,2139915274.0300002,20220715,13.24,1.1417262592752488,20241010,20241010,1.021872
000001.SZ,1d,2022-07-18,11.605233647171175,11.77164831833816,11.570198979557075,11.727854983820533,1153506.0,1536340973.1999998,20220718,13.39,1.1417262592752488,20241010,20241010,1.021872
000001.SZ,1d,2022-07-19,11.684061649302906,11.762889651434635,11.631509647881753,11.754130984531109,755597.0,1008562417.24,20220719,13.420000000000002,1.1417262592752488,20241010,20241010,1.021872
000001.SZ,1d,2022-07-20,11.762889651434634,11.797924319048734,11.692820316206431,11.727854983820531,801459.0,1073936299.76,20220720,13.389999999999999,1.1417262592752488,20241010,20241010,1.021872
000001.SZ,1d,2022-07-21,11.666544315495855,11.684061649302905,11.377508307679516,11.395025641486566,1970388.0,2588696130.23,20220721,13.01,1.1417262592752488,20241010,20241010,1.021872
000001.SZ,1d,2022-07-22,11.448513629087696,11.528760219945786,11.252355295879028,11.42176476546833,1376510.0,1755555714.49,20220722,12.81,1.121542971952001,20241010,20241010,1.021872
000001.SZ,1d,2022-07-25,11.41284847759521,11.457429916960814,11.296936735244632,11.430681053341452,763956.0,976071707.3000001,20220725,12.82,1.121542971952001,20241010,20241010,1.021872
000001.SZ,1d,2022-07-26,11.368267038229602,11.510927644199542,11.332601886737118,11.510927644199542,1024049.0,1314310442.31,20220726,12.91,1.121542971952001,20241010,20241010,1.021872
000001.SZ,1d,2022-07-27,11.457429916960814,11.48417878058018,11.35043446248336,11.403932189722088,923914.0,1182889760.7399998,20220727,12.790000000000001,1.121542971952001,20241010,20241010,1.021872
000001.SZ,1d,2022-07-28,11.42176476546833,11.510927644199544,11.395015901848968,11.48417878058018,750347.0,964903657.6600001,20220728,12.88,1.121542971952001,20241010,20241010,1.021872
000001.SZ,1d,2022-07-29,11.48417878058018,11.502011356326422,11.27910415949839,11.305853023117754,831497.0,1059518584.7199999,20220729,12.68,1.121542971952001,20241010,20241010,1.021872
000001.SZ,1d,2022-08-01,11.288020447371512,11.288020447371512,11.05619696267036,11.074029538416601,1025733.0,1277987010.0,20220801,12.42,1.121542971952001,20241010,20241010,1.021872
000001.SZ,1d,2022-08-02,10.895703780954175,11.002699235431631,10.64604772050678,10.931368932446661,1373009.0,1664397666.12,20220802,12.26,1.121542971952001,20241010,20241010,1.021872
000001.SZ,1d,2022-08-03,10.868954917334811,10.940285220319781,10.708461735618629,10.726294311364871,746137.0,905653324.71,20220803,12.03,1.121542971952001,20241010,20241010,1.021872
000001.SZ,1d,2022-08-04,10.788708326476721,10.85112234158857,10.71737802349175,10.842206053715449,602676.0,729351710.0200001,20220804,12.16,1.121542971952001,20241010,20241010,1.021872
000001.SZ,1d,2022-08-05,10.815457190096085,10.99378294755851,10.681712871999267,10.975950371812267,765298.0,930836354.1000001,20220805,12.31,1.121542971952001,20241010,20241010,1.021872
000001.SZ,1d,2022-08-08,10.92245264457354,11.020531811177873,10.842206053715449,10.877871205207933,552000.0,674950920.8,20220808,12.2,1.121542971952001,20241010,20241010,1.021872
000001.SZ,1d,2022-08-09,10.886787493081055,10.895703780954177,10.770875750730479,10.806540902222963,558448.0,677098632.5500001,20220809,12.12,1.121542971952001,20241010,20241010,1.021872
000001.SZ,1d,2022-08-10,10.806540902222963,10.913536356700419,10.71737802349175,10.753043174984235,683023.0,825806007.7700001,20220810,12.059999999999999,1.121542971952001,20241010,20241010,1.021872
000001.SZ,1d,2022-08-11,10.770875750730479,11.047280674797237,10.735210599237995,11.011615523304753,1399304.0,1710719478.1100001,20220811,12.350000000000001,1.121542971952001,20241010,20241010,1.021872
000001.SZ,1d,2022-08-12,10.931368932446663,11.065113250543481,10.877871205207935,11.038364386924117,820504.0,1010612433.4000001,20220812,12.38,1.121542971952001,20241010,20241010,1.021872
000001.SZ,1d,2022-08-15,10.958117796066023,11.020531811177873,10.779792038603599,10.797624614349841,1172010.0,1425087455.23,20220815,12.11,1.121542971952001,20241010,20241010,1.021872
000001.SZ,1d,2022-08-16,10.797624614349841,10.877871205207933,10.788708326476721,10.815457190096083,631224.0,765907218.72,20220816,12.129999999999999,1.121542971952001,20241010,20241010,1.021872
000001.SZ,1d,2022-08-17,10.833289765842327,11.074029538416601,10.761959462857357,11.05619696267036,1348507.0,1656961619.3600001,20220817,12.4,1.121542971952001,20241010,20241010,1.021872
000001.SZ,1d,2022-08-18,11.12752726565533,11.181024992894057,10.842206053715449,10.92245264457354,1269701.0,1560630567.7,20220818,12.25,1.121542971952001,20241010,20241010,1.021872
000001.SZ,1d,2022-08-19,10.940285220319781,11.368267038229602,10.904620068827297,11.20777385651342,2106417.0,2653471090.1000004,20220819,12.57,1.121542971952001,20241010,20241010,1.021872
000001.SZ,1d,2022-08-22,11.216690144386542,11.305853023117754,11.06511325054348,11.145359841401572,1138077.0,1423361878.69,20220822,12.5,1.121542971952001,20241010,20241010,1.021872
000001.SZ,1d,2022-08-23,11.100778402035965,11.136443553528451,10.949201508192905,11.002699235431633,921463.0,1137300431.45,20220823,12.340000000000002,1.121542971952001,20241010,20241010,1.021872
000001.SZ,1d,2022-08-24,10.99378294755851,11.181024992894057,10.99378294755851,11.05619696267036,1295375.0,1613309589.13,20220824,12.4,1.121542971952001,20241010,20241010,1.021872
000001.SZ,1d,2022-08-25,11.05619696267036,11.288020447371512,10.967034083939147,11.252355295879028,1064011.0,1329230362.3200002,20220825,12.620000000000001,1.121542971952001,20241010,20241010,1.021872
000001.SZ,1d,2022-08-26,11.305853023117756,11.368267038229602,11.109694689909087,11.243439008005906,927634.0,1168951099.46,20220826,12.610000000000001,1.121542971952001,20241010,20241010,1.021872
000001.SZ,1d,2022-08-29,11.145359841401572,11.1988575686403,10.975950371812267,11.074029538416601,924491.0,1145189174.15,20220829,12.42,1.121542971952001,20241010,20241010,1.021872
000001.SZ,1d,2022-08-30,11.082945826289723,11.181024992894057,10.949201508192905,11.12752726565533,799712.0,991447627.25,20220830,12.48,1.121542971952001,20241010,20241010,1.021872
000001.SZ,1d,2022-08-31,11.038364386924115,11.395015901848966,11.020531811177873,11.368267038229602,1653042.0,2091408314.7800002,20220831,12.75,1.121542971952001,20241010,20241010,1.021872
000001.SZ,1d,2022-09-01,11.27910415949839,11.403932189722088,11.216690144386542,11.243439008005904,861982.0,1092666276.97,20220901,12.61,1.121542971952001,20241010,20241010,1.021872
000001.SZ,1d,2022-09-02,11.252355295879026,11.314769310990874,11.082945826289722,11.154276129274692,786363.0,983433862.85,20220902,12.51,1.121542971952001,20241010,20241010,1.021872
000001.SZ,1d,2022-09-05,11.109694689909087,11.234522720132786,11.029448099050995,11.20777385651342,632040.0,788451088.8000001,20220905,12.57,1.121542971952001,20241010,20241010,1.021872
000001.SZ,1d,2022-09-06,11.216690144386542,11.288020447371512,11.082945826289722,11.145359841401572,731295.0,914692183.62,20220906,12.5,1.121542971952001,20241010,20241010,1.021872
000001.SZ,1d,2022-09-07,11.074029538416603,11.074029538416603,10.949201508192905,10.993782947558511,979813.0,1208329758.8600001,20220907,12.330000000000002,1.121542971952001,20241010,20241010,1.021872
000001.SZ,1d,2022-09-08,10.98486665968539,11.091862114162845,10.967034083939147,11.020531811177875,621117.0,768913483.55,20220908,12.360000000000001,1.121542971952001,20241010,20241010,1.021872
000001.SZ,1d,2022-09-09,11.056196962670358,11.359350750356482,11.020531811177873,11.341518174610238,1951297.0,2469131334.35,20220909,12.719999999999999,1.121542971952001,20241010,20241010,1.021872
000001.SZ,1d,2022-09-13,11.48417878058018,11.609006810803876,11.288020447371512,11.546592795692026,1722690.0,2223707380.1400003,20220913,12.95,1.121542971952001,20241010,20241010,1.021872
000001.SZ,1d,2022-09-14,11.368267038229604,11.475262492707058,11.323685598863998,11.35043446248336,858036.0,1095054828.69,20220914,12.73,1.121542971952001,20241010,20241010,1.021872
000001.SZ,1d,2022-09-15,11.412848477595208,11.680337113788847,11.386099613975844,11.591174235057634,1841018.0,2393239453.41,20220915,13.0,1.121542971952001,20241010,20241010,1.021872
000001.SZ,1d,2022-09-16,11.519843932072664,11.546592795692028,11.1988575686403,11.1988575686403,1357448.0,1719252822.13,20220916,12.56,1.121542971952001,20241010,20241010,1.021872
000001.SZ,1d,2022-09-19,11.181024992894057,11.296936735244632,11.12752726565533,11.20777385651342,632121.0,793491306.11,20220919,12.57,1.121542971952001,20241010,20241010,1.021872
000001.SZ,1d,2022-09-20,11.243439008005904,11.261271583752148,10.98486665968539,11.002699235431631,889989.0,1102212203.6399999,20220920,12.34,1.121542971952001,20241010,20241010,1.021872
000001.SZ,1d,2022-09-21,10.975950371812267,11.12752726565533,10.877871205207935,11.082945826289723,684197.0,845477181.51,20220921,12.430000000000001,1.121542971952001,20241010,20241010,1.021872
000001.SZ,1d,2022-09-22,10.99378294755851,11.020531811177873,10.92245264457354,10.958117796066023,586133.0,720058210.3199999,20220922,12.29,1.121542971952001,20241010,20241010,1.021872
000001.SZ,1d,2022-09-23,10.913536356700419,11.082945826289722,10.904620068827297,10.958117796066025,586441.0,722703127.6800001,20220923,12.290000000000001,1.121542971952001,20241010,20241010,1.021872
000001.SZ,1d,2022-09-26,10.842206053715449,10.949201508192903,10.690629159872387,10.699545447745509,903729.0,1094060839.05,20220926,12.0,1.121542971952001,20241010,20241010,1.021872
000001.SZ,1d,2022-09-27,10.699545447745509,10.842206053715449,10.530135978156205,10.833289765842327,789622.0,946732993.84,20220927,12.15,1.121542971952001,20241010,20241010,1.021872
000001.SZ,1d,2022-09-28,10.779792038603599,10.92245264457354,10.628215144760539,10.797624614349841,780926.0,946211766.9,20220928,12.11,1.121542971952001,20241010,20241010,1.021872
000001.SZ,1d,2022-09-29,10.92245264457354,10.949201508192905,10.539052266029326,10.57471741752181,917718.0,1100405198.17,20220929,11.86,1.121542971952001,20241010,20241010,1.021872
000001.SZ,1d,2022-09-30,10.58363370539493,10.663880296253025,10.547968553902447,10.556884841775569,537230.0,638906947.7700001,20220930,11.84,1.121542971952001,20241010,20241010,1.021872
000001.SZ,1d,2022-10-10,10.432056811551872,10.49447082666372,10.218065902596962,10.226982190470082,966080.0,1119089730.68,20221010,11.47,1.121542971952001,20241010,20241010,1.021872
000001.SZ,1d,2022-10-11,10.289396205581932,10.325061357074416,10.173484463231354,10.235898478343204,415253.0,476749226.5,20221011,11.48,1.121542971952001,20241010,20241010,1.021872
000001.SZ,1d,2022-10-12,10.209149614723838,10.3607265085669,10.119986735992626,10.342893932820658,559572.0,641776508.91,20221012,11.6,1.121542971952001,20241010,20241010,1.021872
000001.SZ,1d,2022-10-13,10.262647341962566,10.289396205581932,10.084321584500142,10.111070448119506,852616.0,970021739.4,20221013,11.34,1.121542971952001,20241010,20241010,1.021872
000001.SZ,1d,2022-10-14,10.20914961472384,10.369642796440022,10.164568175358234,10.28047991770881,1096062.0,1265486550.33,20221014,11.530000000000001,1.121542971952001,20241010,20241010,1.021872
000001.SZ,1d,2022-10-17,10.182400751104476,10.271563629835688,10.111070448119506,10.235898478343204,1024823.0,1171523550.16,20221017,11.48,1.121542971952001,20241010,20241010,1.021872
000001.SZ,1d,2022-10-18,10.298312493455052,10.378559084313144,10.218065902596962,10.235898478343204,946837.0,1091646643.7200003,20221018,11.48,1.121542971952001,20241010,20241010,1.021872
000001.SZ,1d,2022-10-19,10.182400751104476,10.244814766216324,10.057572720880778,10.066489008753898,923990.0,1049700767.19,20221019,11.29,1.121542971952001,20241010,20241010,1.021872
000001.SZ,1d,2022-10-20,10.012991281515172,10.084321584500142,9.950577266403323,9.986242417895808,781923.0,876967150.6100001,20221020,11.2,1.121542971952001,20241010,20241010,1.021872
000001.SZ,1d,2022-10-21,9.99515870576893,10.030823857261414,9.870330675545231,9.888163251291473,785574.0,876648490.6099999,20221021,11.09,1.121542971952001,20241010,20241010,1.021872
000001.SZ,1d,2022-10-24,9.888163251291473,9.897079539164595,9.460181433381653,9.469097721254775,1383391.0,1496043940.1299999,20221024,10.62,1.121542971952001,20241010,20241010,1.021872
000001.SZ,1d,2022-10-25,9.540428024239745,9.638507190844079,9.451265145508533,9.495846584874139,1316979.0,1406437766.06,20221025,10.65,1.121542971952001,20241010,20241010,1.021872
000001.SZ,1d,2022-10-26,9.486930297001017,9.567176887859107,9.460181433381653,9.50476287274726,1143830.0,1220733277.8500001,20221026,10.66,1.121542971952001,20241010,20241010,1.021872
000001.SZ,1d,2022-10-27,9.540428024239745,9.602842039351593,9.50476287274726,9.522595448493503,957383.0,1024868047.2099999,20221027,10.68,1.121542971952001,20241010,20241010,1.021872
000001.SZ,1d,2022-10-28,9.478014009127897,9.540428024239745,9.281855675919228,9.29077196379235,1057947.0,1114999302.1100001,20221028,10.42,1.121542971952001,20241010,20241010,1.021872
000001.SZ,1d,2022-10-31,9.210525372934258,9.317520827411714,9.112446206329926,9.21944166080738,983096.0,1016230012.22,20221031,10.34,1.121542971952001,20241010,20241010,1.021872
000001.SZ,1d,2022-11-01,9.255106812299864,9.522595448493503,9.237274236553622,9.51367916062038,1381234.0,1459758367.3200002,20221101,10.67,1.121542971952001,20241010,20241010,1.021872
000001.SZ,1d,2022-11-02,9.460181433381655,9.522595448493503,9.344269691031078,9.478014009127897,1302988.0,1377816220.13,20221102,10.63,1.121542971952001,20241010,20241010,1.021872
000001.SZ,1d,2022-11-03,9.397767418269806,9.424516281889169,9.255106812299866,9.308604539538594,983536.0,1028904286.0400001,20221103,10.440000000000001,1.121542971952001,20241010,20241010,1.021872
000001.SZ,1d,2022-11-04,9.272939388046108,9.674172342336565,9.264023100172986,9.6474234787172,1776112.0,1903720943.5199997,20221104,10.82,1.121542971952001,20241010,20241010,1.021872
000001.SZ,1d,2022-11-07,9.638507190844079,9.727670069575291,9.567176887859109,9.700921205955929,988082.0,1070554832.9,20221107,10.88,1.121542971952001,20241010,20241010,1.021872
000001.SZ,1d,2022-11-08,9.709837493829047,9.736586357448413,9.611758327224715,9.674172342336563,583222.0,632835804.82,20221108,10.85,1.121542971952001,20241010,20241010,1.021872
000001.SZ,1d,2022-11-09,9.665256054463443,9.879246963418353,9.6474234787172,9.709837493829049,832107.0,911153622.45,20221109,10.89,1.121542971952001,20241010,20241010,1.021872
000001.SZ,1d,2022-11-10,9.620674615097835,9.718753781702171,9.531511736366623,9.692004918082805,552021.0,596916589.27,20221110,10.87,1.121542971952001,20241010,20241010,1.021872
000001.SZ,1d,2022-11-11,9.923828402783958,10.396391660059386,9.816832948306503,10.191317038977596,2545071.0,2878557391.61,20221111,11.43,1.121542971952001,20241010,20241010,1.021872
000001.SZ,1d,2022-11-14,10.432056811551872,10.949201508192905,10.432056811551872,10.654964008379903,3872084.0,4637823413.97,20221114,11.950000000000001,1.121542971952001,20241010,20241010,1.021872
000001.SZ,1d,2022-11-15,10.57471741752181,10.860038629461691,10.547968553902447,10.708461735618629,1573901.0,1891249648.0500002,20221115,12.01,1.121542971952001,20241010,20241010,1.021872
000001.SZ,1d,2022-11-16,10.672796584126145,10.744126887111115,10.512303402409962,10.539052266029326,1278693.0,1519133931.8500001,20221116,11.82,1.121542971952001,20241010,20241010,1.021872
000001.SZ,1d,2022-11-17,10.530135978156205,10.556884841775569,10.325061357074416,10.423140523678748,1091047.0,1273790880.66,20221117,11.69,1.121542971952001,20241010,20241010,1.021872
000001.SZ,1d,2022-11-18,10.467721963044356,10.503387114536842,10.316145069201294,10.333977644947536,868093.0,1011078679.59,20221118,11.59,1.121542971952001,20241010,20241010,1.021872
000001.SZ,1d,2022-11-21,10.235898478343204,10.253731054089446,10.004074993642051,10.218065902596962,1047737.0,1189388618.26,20221121,11.46,1.121542971952001,20241010,20241010,1.021872
000001.SZ,1d,2022-11-22,10.21806590259696,10.637131432633659,10.200233326850718,10.539052266029326,1491324.0,1748727406.58,20221122,11.82,1.121542971952001,20241010,20241010,1.021872
000001.SZ,1d,2022-11-23,10.503387114536842,10.744126887111115,10.449889387298114,10.539052266029326,1247657.0,1483352651.7299998,20221123,11.82,1.121542971952001,20241010,20241010,1.021872
000001.SZ,1d,2022-11-24,10.628215144760539,10.690629159872387,10.423140523678748,10.494470826663719,796719.0,941002372.9200001,20221124,11.77,1.121542971952001,20241010,20241010,1.021872
000001.SZ,1d,2022-11-25,10.51230340240996,10.904620068827297,10.494470826663719,10.85112234158857,1760728.0,2130171604.6399999,20221125,12.17,1.121542971952001,20241010,20241010,1.021872
000001.SZ,1d,2022-11-28,10.610382569014297,10.628215144760539,10.423140523678748,10.530135978156203,1331563.0,1568351120.1700003,20221128,11.809999999999999,1.121542971952001,20241010,20241010,1.021872
000001.SZ,1d,2022-11-29,10.842206053715449,11.582257947184512,10.815457190096085,11.582257947184512,4749277.0,6026006641.970001,20221129,12.99,1.121542971952001,20241010,20241010,1.021872
000001.SZ,1d,2022-11-30,11.502011356326422,11.894328022743757,11.430681053341452,11.617923098676998,3209628.0,4206404173.0800004,20221130,13.030000000000001,1.121542971952001,20241010,20241010,1.021872
000001.SZ,1d,2022-12-01,11.929993174236243,12.179649234683637,11.653588250169483,11.680337113788847,2002689.0,2658203027.2,20221201,13.1,1.121542971952001,20241010,20241010,1.021872
000001.SZ,1d,2022-12-02,11.71600226528133,11.724918553154453,11.314769310990874,11.502011356326422,1404203.0,1803658762.25,20221202,12.9,1.121542971952001,20241010,20241010,1.021872
000001.SZ,1d,2022-12-05,11.671420825915725,12.099402643825545,11.600090522930754,12.06373749233306,2287627.0,3057231972.57,20221205,13.53,1.121542971952001,20241010,20241010,1.021872
000001.SZ,1d,2022-12-06,11.894328022743757,12.179649234683637,11.814081431885665,11.974574613601847,1252579.0,1680593515.5000002,20221206,13.43,1.121542971952001,20241010,20241010,1.021872
000001.SZ,1d,2022-12-07,11.885411734870637,11.921076886363121,11.617923098676998,11.724918553154453,1377377.0,1815667663.45,20221207,13.15,1.121542971952001,20241010,20241010,1.021872
000001.SZ,1d,2022-12-08,11.724918553154453,12.054821204459941,11.69816968953509,11.91216059849,1065723.0,1422047904.5,20221208,13.360000000000001,1.121542971952001,20241010,20241010,1.021872
000001.SZ,1d,2022-12-09,11.947825749982485,12.259895825541728,11.903244310616877,12.215314386176122,1615832.0,2197501648.81,20221209,13.7,1.121542971952001,20241010,20241010,1.021872
000001.SZ,1d,2022-12-12,12.108318931698667,12.108318931698667,11.644671962296362,11.689253401661968,1392584.0,1848277966.6,20221212,13.110000000000001,1.121542971952001,20241010,20241010,1.021872
000001.SZ,1d,2022-12-13,11.724918553154453,11.91216059849,11.716002265281332,11.805165144012545,902285.0,1194285343.0900002,20221213,13.24,1.121542971952001,20241010,20241010,1.021872
000001.SZ,1d,2022-12-14,11.796248856139423,11.947825749982485,11.662504538042604,11.796248856139423,974061.0,1287867945.07,20221214,13.23,1.121542971952001,20241010,20241010,1.021872
000001.SZ,1d,2022-12-15,11.71600226528133,11.840830295505029,11.537676507818906,11.680337113788847,835349.0,1094434005.98,20221215,13.1,1.121542971952001,20241010,20241010,1.021872
000001.SZ,1d,2022-12-16,11.609006810803876,11.947825749982485,11.609006810803876,11.894328022743757,924252.0,1225269166.25,20221216,13.34,1.121542971952001,20241010,20241010,1.021872
000001.SZ,1d,2022-12-19,11.885411734870637,12.010239765094333,11.546592795692028,11.62683938655012,1030866.0,1355435567.1599998,20221219,13.040000000000001,1.121542971952001,20241010,20241010,1.021872
000001.SZ,1d,2022-12-20,11.56442537143827,11.662504538042604,11.296936735244632,11.377183326102724,896212.0,1150630681.38,20221220,12.76,1.121542971952001,20241010,20241010,1.021872
000001.SZ,1d,2022-12-21,11.457429916960814,11.582257947184512,11.359350750356482,11.4930950684533,614590.0,791782473.2900001,20221221,12.89,1.121542971952001,20241010,20241010,1.021872
000001.SZ,1d,2022-12-22,11.591174235057634,11.724918553154453,11.502011356326422,11.546592795692028,672394.0,876159828.48,20221222,12.950000000000001,1.121542971952001,20241010,20241010,1.021872
000001.SZ,1d,2022-12-23,11.457429916960816,11.644671962296362,11.41284847759521,11.573341659311392,564426.0,730705958.53,20221223,12.98,1.121542971952001,20241010,20241010,1.021872
000001.SZ,1d,2022-12-26,11.582257947184512,11.62683938655012,11.332601886737118,11.386099613975846,797120.0,1021903962.65,20221226,12.770000000000001,1.121542971952001,20241010,20241010,1.021872
000001.SZ,1d,2022-12-27,11.475262492707058,11.787332568266303,11.475262492707058,11.689253401661968,886004.0,1160090119.01,20221227,13.110000000000001,1.121542971952001,20241010,20241010,1.021872
000001.SZ,1d,2022-12-28,11.733834841027575,11.929993174236243,11.591174235057634,11.716002265281332,791192.0,1042402080.41,20221228,13.14,1.121542971952001,20241010,20241010,1.021872
000001.SZ,1d,2022-12-29,11.653588250169483,11.707085977408209,11.457429916960814,11.617923098676997,666890.0,865144967.1,20221229,13.03,1.121542971952001,20241010,20241010,1.021872
000001.SZ,1d,2022-12-30,11.62683938655012,11.84083029550503,11.55550908356515,11.733834841027575,818036.0,1074756753.75,20221230,13.16,1.121542971952001,20241010,20241010,1.021872
000001.SZ,1d,2023-01-03,11.76949999252006,12.349058704272942,11.63575567442324,12.277728401287971,2194128.0,2971546989.04,20230103,13.770000000000001,1.121542971952001,20241010,20241010,1.021872
000001.SZ,1d,2023-01-04,12.224230674049243,12.857287113040854,12.152900371064273,12.76812423430964,2189683.0,3110729449.03,20230104,14.32,1.121542971952001,20241010,20241010,1.021872
000001.SZ,1d,2023-01-05,12.83945453729461,13.142608324980733,12.812705673675246,12.91078484027958,1665425.0,2417272355.99,20230105,14.48,1.121542971952001,20241010,20241010,1.021872
000001.SZ,1d,2023-01-06,12.928617416025823,13.124775749234491,12.91078484027958,13.035612870503279,1195745.0,1747915169.2600002,20230106,14.620000000000001,1.121542971952001,20241010,20241010,1.021872
000001.SZ,1d,2023-01-09,13.151524612853853,13.26743635520443,12.946449991772065,13.19610605221946,1057659.0,1561368487.3,20230109,14.799999999999999,1.121542971952001,20241010,20241010,1.021872
000001.SZ,1d,2023-01-10,13.160440900726975,13.276352643077551,12.830538249421489,12.875119688787096,1269423.0,1851093716.76,20230110,14.440000000000001,1.121542971952001,20241010,20241010,1.021872
000001.SZ,1d,2023-01-11,12.884035976660217,13.178273476473219,12.830538249421489,13.080194309868883,830566.0,1217450811.64,20230111,14.67,1.121542971952001,20241010,20241010,1.021872
000001.SZ,1d,2023-01-12,13.169357188600097,13.169357188600097,12.955366279645187,13.080194309868885,625695.0,914367699.65,20230112,14.670000000000002,1.121542971952001,20241010,20241010,1.021872
000001.SZ,1d,2023-01-13,13.080194309868883,13.32985037031628,12.973198855391429,13.32985037031628,949086.0,1407181074.2900002,20230113,14.950000000000001,1.121542971952001,20241010,20241010,1.021872
000001.SZ,1d,2023-01-16,13.329850370316278,13.62408787012928,13.240687491585065,13.445762112666856,1560040.0,2356399992.83,20230116,15.08,1.121542971952001,20241010,20241010,1.021872
000001.SZ,1d,2023-01-17,13.490343552032462,13.534924991398068,13.169357188600095,13.347682946062521,935835.0,1396151514.52,20230117,14.969999999999999,1.121542971952001,20241010,20241010,1.021872
000001.SZ,1d,2023-01-18,13.329850370316278,13.534924991398068,13.294185218823793,13.472510976286218,718434.0,1083362997.53,20230118,15.11,1.121542971952001,20241010,20241010,1.021872
000001.SZ,1d,2023-01-19,13.490343552032462,13.597339006509918,13.25852006733131,13.454678400539978,641875.0,963744633.47,20230119,15.090000000000002,1.121542971952001,20241010,20241010,1.021872
000001.SZ,1d,2023-01-20,13.517092415651826,13.588422718636796,13.374431809681885,13.490343552032462,608590.0,920144805.73,20230120,15.13,1.121542971952001,20241010,20241010,1.021872
000001.SZ,1d,2023-01-30,13.909409082069162,14.034237112292859,13.276352643077551,13.508176127778704,1374318.0,2096867649.37,20230130,15.15,1.121542971952001,20241010,20241010,1.021872
000001.SZ,1d,2023-01-31,13.588422718636796,13.82916249121107,13.338766658189401,13.365515521808764,1030498.0,1568639326.21,20230131,14.99,1.121542971952001,20241010,20241010,1.021872
000001.SZ,1d,2023-02-01,13.401180673301248,13.445762112666856,12.937533703898943,13.106943173488247,1653421.0,2426471972.5199995,20230201,14.7,1.121542971952001,20241010,20241010,1.021872
000001.SZ,1d,2023-02-02,13.142608324980733,13.178273476473217,12.723542794944033,13.017780294757035,1577900.0,2280744883.13,20230202,14.6,1.121542971952001,20241010,20241010,1.021872
000001.SZ,1d,2023-02-03,12.884035976660215,12.973198855391429,12.6254636283397,12.76812423430964,1246383.0,1782105890.79,20230203,14.32,1.121542971952001,20241010,20241010,1.021872
000001.SZ,1d,2023-02-06,12.571965901100972,12.598714764720334,12.357974992146062,12.48280302236976,1317610.0,1838428709.03,20230206,14.0,1.121542971952001,20241010,20241010,1.021872
000001.SZ,1d,2023-02-07,12.536300749608488,12.76812423430964,12.509551885989124,12.670045067705306,869460.0,1235297762.5400002,20230207,14.21,1.121542971952001,20241010,20241010,1.021872
000001.SZ,1d,2023-02-08,12.696793931324672,12.76812423430964,12.509551885989124,12.518468173862246,657893.0,928708933.8500001,20230208,14.040000000000001,1.121542971952001,20241010,20241010,1.021872
000001.SZ,1d,2023-02-09,12.491719310242882,12.750291658563398,12.447137870877276,12.598714764720336,830350.0,1174361963.28,20230209,14.13,1.121542971952001,20241010,20241010,1.021872
000001.SZ,1d,2023-02-10,12.571965901100972,12.589798476847214,12.357974992146062,12.464970446623516,847284.0,1184283386.2,20230210,13.979999999999999,1.121542971952001,20241010,20241010,1.021872
000001.SZ,1d,2023-02-13,12.429305295131032,12.429305295131032,12.12615150744491,12.322309840653578,1800054.0,2473405202.92,20230213,13.82,1.121542971952001,20241010,20241010,1.021872
000001.SZ,1d,2023-02-14,12.349058704272942,12.464970446623518,12.304477264907336,12.447137870877276,909937.0,1263892077.72,20230214,13.96,1.121542971952001,20241010,20241010,1.021872
000001.SZ,1d,2023-02-15,12.438221583004154,12.447137870877276,12.143984083191153,12.18856552255676,1250244.0,1713566672.72,20230215,13.670000000000002,1.121542971952001,20241010,20241010,1.021872
000001.SZ,1d,2023-02-16,12.19748181042988,12.402556431511668,12.036988628713697,12.12615150744491,1279123.0,1757431083.85,20230216,13.6,1.121542971952001,20241010,20241010,1.021872
000001.SZ,1d,2023-02-17,12.152900371064272,12.233146961922364,11.974574613601847,11.974574613601847,918364.0,1246777397.11,20230217,13.43,1.121542971952001,20241010,20241010,1.021872
000001.SZ,1d,2023-02-20,12.036988628713697,12.616547340466578,12.028072340840575,12.616547340466578,2116191.0,2945969773.39,20230220,14.15,1.121542971952001,20241010,20241010,1.021872
000001.SZ,1d,2023-02-21,12.536300749608488,12.661128779832184,12.41147271938479,12.571965901100972,990495.0,1393153377.3000002,20230221,14.1,1.121542971952001,20241010,20241010,1.021872
000001.SZ,1d,2023-02-22,12.48280302236976,12.589798476847214,12.429305295131032,12.500635598116002,638922.0,895742534.3100001,20230222,14.02,1.121542971952001,20241010,20241010,1.021872
000001.SZ,1d,2023-02-23,12.48280302236976,12.76812423430964,12.464970446623518,12.527384461735366,824491.0,1165539851.19,20230223,14.05,1.121542971952001,20241010,20241010,1.021872
000001.SZ,1d,2023-02-24,12.500635598116004,12.509551885989124,12.304477264907336,12.357974992146064,729989.0,1012652971.88,20230224,13.860000000000001,1.121542971952001,20241010,20241010,1.021872
000001.SZ,1d,2023-02-27,12.259895825541728,12.375807567892304,12.19748181042988,12.206398098303,621462.0,854854040.5400001,20230227,13.69,1.121542971952001,20241010,20241010,1.021872
000001.SZ,1d,2023-02-28,12.259895825541728,12.34905870427294,12.13506779531803,12.286644689161092,607936.0,833316018.4499999,20230228,13.78,1.121542971952001,20241010,20241010,1.021872
000001.SZ,1d,2023-03-01,12.304477264907336,12.652212491959062,12.250979537668607,12.63437991621282,1223452.0,1719710647.06,20230301,14.17,1.121542971952001,20241010,20241010,1.021872
000001.SZ,1d,2023-03-02,12.598714764720336,12.875119688787096,12.536300749608488,12.69679393132467,1015877.0,1447565979.98,20230302,14.24,1.121542971952001,20241010,20241010,1.021872
000001.SZ,1d,2023-03-03,12.794873097929004,12.812705673675246,12.607631052593458,12.741375370690276,690954.0,985552120.63,20230303,14.290000000000001,1.121542971952001,20241010,20241010,1.021872
000001.SZ,1d,2023-03-06,12.750291658563398,12.750291658563398,12.233146961922365,12.349058704272942,1455824.0,2023954547.2,20230306,13.850000000000001,1.121542971952001,20241010,20241010,1.021872
000001.SZ,1d,2023-03-07,12.34905870427294,12.571965901100972,12.170732946810515,12.206398098303,1279266.0,1773654737.03,20230307,13.69,1.121542971952001,20241010,20241010,1.021872
000001.SZ,1d,2023-03-08,12.152900371064273,12.161816658937395,11.947825749982485,12.063737492333061,1096898.0,1479838980.07,20230308,13.530000000000001,1.121542971952001,20241010,20241010,1.021872
000001.SZ,1d,2023-03-09,12.072653780206183,12.108318931698667,11.70708597740821,11.76949999252006,1736065.0,2305765842.21,20230309,13.200000000000001,1.121542971952001,20241010,20241010,1.021872
000001.SZ,1d,2023-03-10,11.591174235057634,11.831914007631907,11.591174235057634,11.716002265281332,856996.0,1128558359.5,20230310,13.14,1.121542971952001,20241010,20241010,1.021872
000001.SZ,1d,2023-03-13,11.698169689535089,11.849746583378149,11.591174235057634,11.63575567442324,1000635.0,1309490079.38,20230313,13.05,1.121542971952001,20241010,20241010,1.021872
000001.SZ,1d,2023-03-14,11.582257947184512,11.591174235057634,11.35043446248336,11.475262492707058,1149076.0,1474124198.8600001,20230314,12.870000000000001,1.121542971952001,20241010,20241010,1.021872
000001.SZ,1d,2023-03-15,11.635755674423239,11.751667416773817,11.537676507818906,11.635755674423239,979364.0,1278262225.47,20230315,13.049999999999999,1.121542971952001,20241010,20241010,1.021872
000001.SZ,1d,2023-03-16,11.4930950684533,11.617923098676998,11.41284847759521,11.430681053341452,916792.0,1182054433.62,20230316,12.82,1.121542971952001,20241010,20241010,1.021872
000001.SZ,1d,2023-03-17,11.582257947184512,11.62683938655012,11.27910415949839,11.368267038229602,1556814.0,2000832407.83,20230317,12.75,1.121542971952001,20241010,20241010,1.021872
000001.SZ,1d,2023-03-20,11.377183326102726,11.457429916960816,11.189941280767178,11.20777385651342,1188816.0,1505893658.68,20230320,12.57,1.121542971952001,20241010,20241010,1.021872
000001.SZ,1d,2023-03-21,11.27910415949839,11.395015901848966,11.145359841401572,11.323685598863996,840743.0,1060914056.37,20230321,12.7,1.121542971952001,20241010,20241010,1.021872
000001.SZ,1d,2023-03-22,11.368267038229602,11.48417878058018,11.332601886737118,11.403932189722088,876691.0,1121080753.38,20230322,12.790000000000001,1.121542971952001,20241010,20241010,1.021872
000001.SZ,1d,2023-03-23,11.323685598863998,11.502011356326422,11.261271583752148,11.502011356326422,804306.0,1029380497.2700001,20230323,12.9,1.121542971952001,20241010,20241010,1.021872
000001.SZ,1d,2023-03-24,11.457429916960814,11.466346204833936,11.377183326102724,11.430681053341452,621519.0,796319541.9700001,20230324,12.82,1.121542971952001,20241010,20241010,1.021872
000001.SZ,1d,2023-03-27,11.41284847759521,11.42176476546833,11.109694689909087,11.234522720132786,1008422.0,1266945056.0299997,20230327,12.600000000000001,1.121542971952001,20241010,20241010,1.021872
000001.SZ,1d,2023-03-28,11.288020447371512,11.35043446248336,11.189941280767178,11.27018787162527,673868.0,851797868.5600001,20230328,12.64,1.121542971952001,20241010,20241010,1.021872
000001.SZ,1d,2023-03-29,11.35043446248336,11.359350750356482,11.145359841401572,11.172108705020934,596064.0,750687550.55,20230329,12.53,1.121542971952001,20241010,20241010,1.021872
000001.SZ,1d,2023-03-30,11.189941280767178,11.332601886737118,11.06511325054348,11.305853023117754,824546.0,1035422932.0100001,20230330,12.68,1.121542971952001,20241010,20241010,1.021872
000001.SZ,1d,2023-03-31,11.314769310990874,11.386099613975844,11.154276129274692,11.172108705020934,865492.0,1092263436.9,20230331,12.53,1.121542971952001,20241010,20241010,1.021872
000001.SZ,1d,2023-04-03,11.189941280767178,11.314769310990876,11.109694689909087,11.296936735244634,740429.0,934285179.24,20230403,12.670000000000002,1.121542971952001,20241010,20241010,1.021872
000001.SZ,1d,2023-04-04,11.27018787162527,11.34151817461024,11.225606432259662,11.27910415949839,647457.0,817726526.95,20230404,12.65,1.121542971952001,20241010,20241010,1.021872
000001.SZ,1d,2023-04-06,11.234522720132784,11.243439008005904,11.145359841401572,11.216690144386542,563321.0,706480659.58,20230406,12.58,1.121542971952001,20241010,20241010,1.021872
000001.SZ,1d,2023-04-07,11.20777385651342,11.314769310990874,11.145359841401572,11.252355295879026,607925.0,767354796.52,20230407,12.62,1.121542971952001,20241010,20241010,1.021872
000001.SZ,1d,2023-04-10,11.27018787162527,11.323685598863996,11.216690144386542,11.305853023117754,640182.0,809943147.62,20230410,12.68,1.121542971952001,20241010,20241010,1.021872
000001.SZ,1d,2023-04-11,11.323685598863996,11.341518174610238,11.163192417147814,11.181024992894056,777780.0,978302907.7900001,20230411,12.54,1.121542971952001,20241010,20241010,1.021872
000001.SZ,1d,2023-04-12,11.216690144386543,11.225606432259664,11.100778402035965,11.12752726565533,909957.0,1136997696.1399999,20230412,12.48,1.121542971952001,20241010,20241010,1.021872
000001.SZ,1d,2023-04-13,11.06511325054348,11.296936735244632,10.967034083939147,11.1988575686403,1131591.0,1413919037.13,20230413,12.56,1.121542971952001,20241010,20241010,1.021872
000001.SZ,1d,2023-04-14,11.234522720132784,11.502011356326422,11.216690144386542,11.314769310990874,1297995.0,1653539530.91,20230414,12.69,1.121542971952001,20241010,20241010,1.021872
000001.SZ,1d,2023-04-17,11.288020447371512,11.537676507818906,11.234522720132784,11.528760219945784,1304213.0,1669357649.18,20230417,12.93,1.121542971952001,20241010,20241010,1.021872
000001.SZ,1d,2023-04-18,11.528760219945784,11.76949999252006,11.4930950684533,11.591174235057634,1538936.0,2009934874.5900002,20230418,13.0,1.121542971952001,20241010,20241010,1.021872
000001.SZ,1d,2023-04-19,11.609006810803876,11.653588250169483,11.439597341214572,11.457429916960814,1014378.0,1309536001.8000002,20230419,12.85,1.121542971952001,20241010,20241010,1.021872
000001.SZ,1d,2023-04-20,11.502011356326422,11.502011356326422,11.252355295879028,11.368267038229604,811788.0,1033330703.7800001,20230420,12.750000000000002,1.121542971952001,20241010,20241010,1.021872
000001.SZ,1d,2023-04-21,11.323685598863998,11.439597341214572,11.12752726565533,11.145359841401572,918668.0,1160509766.03,20230421,12.5,1.121542971952001,20241010,20241010,1.021872
000001.SZ,1d,2023-04-24,11.12752726565533,11.145359841401573,10.726294311364873,10.788708326476723,1467672.0,1798133966.9200003,20230424,12.100000000000001,1.121542971952001,20241010,20241010,1.021872
000001.SZ,1d,2023-04-25,10.824373477969207,11.029448099050995,10.806540902222965,10.949201508192905,1301901.0,1595320169.74,20230425,12.280000000000001,1.121542971952001,20241010,20241010,1.021872
000001.SZ,1d,2023-04-26,10.92245264457354,10.92245264457354,10.690629159872387,10.806540902222965,991260.0,1197555724.16,20230426,12.120000000000001,1.121542971952001,20241010,20241010,1.021872
000001.SZ,1d,2023-04-27,10.753043174984237,11.011615523304751,10.699545447745509,10.931368932446661,1004093.0,1222755932.3700001,20230427,12.26,1.121542971952001,20241010,20241010,1.021872
000001.SZ,1d,2023-04-28,10.931368932446661,11.395015901848968,10.895703780954177,11.189941280767178,1445254.0,1816868032.9800003,20230428,12.55,1.121542971952001,20241010,20241010,1.021872
000001.SZ,1d,2023-05-04,11.05619696267036,11.439597341214572,10.868954917334811,11.35043446248336,1478264.0,1863146144.1599998,20230504,12.73,1.121542971952001,20241010,20241010,1.021872
000001.SZ,1d,2023-05-05,11.395015901848966,11.689253401661967,11.368267038229602,11.510927644199542,1762189.0,2283981032.07,20230505,12.91,1.121542971952001,20241010,20241010,1.021872
000001.SZ,1d,2023-05-08,11.537676507818906,12.028072340840575,11.448513629087694,11.876495446997515,2630719.0,3478891629.3500004,20230508,13.32,1.121542971952001,20241010,20241010,1.021872
000001.SZ,1d,2023-05-09,11.947825749982485,12.126151507444911,11.70708597740821,11.733834841027575,2422534.0,3238716470.9700003,20230509,13.16,1.121542971952001,20241010,20241010,1.021872
000001.SZ,1d,2023-05-10,11.742751128900695,11.822997719758789,11.41284847759521,11.448513629087694,1237053.0,1600189994.17,20230510,12.84,1.121542971952001,20241010,20241010,1.021872
000001.SZ,1d,2023-05-11,11.546592795692028,11.69816968953509,11.41284847759521,11.457429916960816,903758.0,1166479364.8899999,20230511,12.850000000000001,1.121542971952001,20241010,20241010,1.021872
000001.SZ,1d,2023-05-12,11.430681053341452,11.475262492707056,11.243439008005904,11.252355295879026,885604.0,1124579090.5400002,20230512,12.62,1.121542971952001,20241010,20241010,1.021872
000001.SZ,1d,2023-05-15,11.305853023117756,11.457429916960816,11.100778402035965,11.439597341214574,928326.0,1173804243.15,20230515,12.830000000000002,1.121542971952001,20241010,20241010,1.021872
000001.SZ,1d,2023-05-16,11.41284847759521,11.519843932072664,11.20777385651342,11.252355295879028,998302.0,1267712090.05,20230516,12.620000000000001,1.121542971952001,20241010,20241010,1.021872
000001.SZ,1d,2023-05-17,11.216690144386542,11.270187871625268,11.091862114162844,11.13644355352845,754621.0,945315193.07,20230517,12.49,1.121542971952001,20241010,20241010,1.021872
000001.SZ,1d,2023-05-18,11.20777385651342,11.27018787162527,11.082945826289722,11.13644355352845,687187.0,861347534.3199999,20230518,12.49,1.121542971952001,20241010,20241010,1.021872
000001.SZ,1d,2023-05-19,11.082945826289722,11.091862114162844,10.98486665968539,11.002699235431631,688414.0,851165593.52,20230519,12.34,1.121542971952001,20241010,20241010,1.021872
000001.SZ,1d,2023-05-22,10.975950371812267,11.100778402035965,10.975950371812267,11.038364386924117,549328.0,679754868.04,20230522,12.38,1.121542971952001,20241010,20241010,1.021872
000001.SZ,1d,2023-05-23,11.038364386924117,11.06511325054348,10.886787493081055,10.886787493081055,694364.0,852871175.23,20230523,12.21,1.121542971952001,20241010,20241010,1.021872
000001.SZ,1d,2023-05-24,10.877871205207933,10.886787493081053,10.708461735618629,10.708461735618629,824251.0,996600577.63,20230524,12.01,1.121542971952001,20241010,20241010,1.021872
000001.SZ,1d,2023-05-25,10.690629159872387,10.699545447745509,10.530135978156205,10.637131432633659,882744.0,1050002541.88,20230525,11.93,1.121542971952001,20241010,20241010,1.021872
000001.SZ,1d,2023-05-26,10.637131432633659,10.815457190096083,10.556884841775569,10.788708326476721,511429.0,613772897.17,20230526,12.1,1.121542971952001,20241010,20241010,1.021872
000001.SZ,1d,2023-05-29,10.797624614349843,10.815457190096085,10.654964008379903,10.681712871999267,566074.0,680275577.83,20230529,11.98,1.121542971952001,20241010,20241010,1.021872
000001.SZ,1d,2023-05-30,10.681712871999267,10.690629159872387,10.521219690283084,10.583633705394933,763997.0,906316373.6100001,20230530,11.870000000000001,1.121542971952001,20241010,20241010,1.021872
000001.SZ,1d,2023-05-31,10.539052266029326,10.556884841775569,10.325061357074416,10.342893932820658,1179587.0,1376758356.6800003,20230531,11.6,1.121542971952001,20241010,20241010,1.021872
000001.SZ,1d,2023-06-01,10.342893932820658,10.414224235805628,10.253731054089446,10.333977644947536,743023.0,861646489.19,20230601,11.59,1.121542971952001,20241010,20241010,1.021872
000001.SZ,1d,2023-06-02,10.414224235805628,10.672796584126145,10.378559084313144,10.637131432633659,1221843.0,1446502669.25,20230602,11.93,1.121542971952001,20241010,20241010,1.021872
000001.SZ,1d,2023-06-05,10.592549993268054,10.699545447745509,10.539052266029326,10.619298856887417,521846.0,620531416.4200001,20230605,11.91,1.121542971952001,20241010,20241010,1.021872
000001.SZ,1d,2023-06-06,10.619298856887417,10.779792038603599,10.539052266029326,10.556884841775569,833273.0,997039311.52,20230606,11.84,1.121542971952001,20241010,20241010,1.021872
000001.SZ,1d,2023-06-07,10.601466281141175,10.761959462857357,10.592549993268054,10.646047720506782,643698.0,770386878.4700001,20230607,11.940000000000001,1.121542971952001,20241010,20241010,1.021872
000001.SZ,1d,2023-06-08,10.663880296253023,10.877871205207933,10.57471741752181,10.806540902222963,869397.0,1048266235.89,20230608,12.12,1.121542971952001,20241010,20241010,1.021872
000001.SZ,1d,2023-06-09,10.753043174984237,10.779792038603599,10.565801129648689,10.592549993268053,1315285.0,1566929273.97,20230609,11.879999999999999,1.121542971952001,20241010,20241010,1.021872
000001.SZ,1d,2023-06-12,10.539052266029326,10.610382569014297,10.485554538790598,10.51230340240996,758747.0,896015708.76,20230612,11.79,1.121542971952001,20241010,20241010,1.021872
000001.SZ,1d,2023-06-13,10.485554538790598,10.556884841775569,10.423140523678748,10.494470826663719,849988.0,1000183566.9200002,20230613,11.77,1.121542971952001,20241010,20241010,1.021872
000001.SZ,1d,2023-06-14,10.549272070608064,10.713676310669486,10.46706995057735,10.476203519469651,1069200.0,1237376775.64,20230614,11.47,1.0948622732159998,20241010,20241010,1.021872
000001.SZ,1d,2023-06-15,10.494470657254254,10.622340621746474,10.40313496833124,10.604073483961871,925301.0,1064567231.22,20230615,11.610000000000001,1.0948622732159998,20241010,20241010,1.021872
000001.SZ,1d,2023-06-16,10.60407348396187,10.658874897315679,10.567539208392665,10.622340621746474,842034.0,978869317.2900001,20230616,11.63,1.0948622732159998,20241010,20241010,1.021872
000001.SZ,1d,2023-06-19,10.622340621746474,10.622340621746474,10.421402106115844,10.457936381685048,953997.0,1096351096.7099998,20230619,11.45,1.0948622732159998,20241010,20241010,1.021872
000001.SZ,1d,2023-06-20,10.448802812792747,10.467069950577349,10.366600692762034,10.375734261654335,544551.0,620374307.69,20230620,11.36,1.0948622732159998,20241010,20241010,1.021872
000001.SZ,1d,2023-06-21,10.375734261654335,10.485337088361954,10.357467123869734,10.366600692762034,616583.0,703681563.97,20230621,11.35,1.0948622732159998,20241010,20241010,1.021872
000001.SZ,1d,2023-06-26,10.32093284830053,10.32093284830053,10.183929314916009,10.211330021592913,676577.0,757975991.51,20230626,11.18,1.0948622732159998,20241010,20241010,1.021872
000001.SZ,1d,2023-06-27,10.229597159377514,10.33919998608513,10.20219645270061,10.302665710515925,461702.0,519520687.33000004,20230627,11.28,1.0948622732159998,20241010,20241010,1.021872
000001.SZ,1d,2023-06-28,10.302665710515926,10.348333554977433,10.247864297162119,10.32093284830053,365396.0,412039353.92999995,20230628,11.3,1.0948622732159998,20241010,20241010,1.021872
000001.SZ,1d,2023-06-29,10.311799279408227,10.311799279408227,10.20219645270061,10.211330021592913,485906.0,544534825.51,20230629,11.18,1.0948622732159998,20241010,20241010,1.021872
000001.SZ,1d,2023-06-30,10.211330021592913,10.33006641719283,10.183929314916009,10.25699786605442,519053.0,583494654.79,20230630,11.23,1.0948622732159998,20241010,20241010,1.021872
000001.SZ,1d,2023-07-03,10.26613143494672,10.53100493282346,10.25699786605442,10.494470657254254,885091.0,1009887428.65,20230703,11.49,1.0948622732159998,20241010,20241010,1.021872
000001.SZ,1d,2023-07-04,10.46706995057735,10.494470657254254,10.33919998608513,10.412268537223541,616301.0,701885269.78,20230704,11.4,1.0948622732159998,20241010,20241010,1.021872
000001.SZ,1d,2023-07-05,10.375734261654337,10.412268537223541,10.32093284830053,10.357467123869734,423482.0,479726282.46999997,20230705,11.34,1.0948622732159998,20241010,20241010,1.021872
000001.SZ,1d,2023-07-06,10.32093284830053,10.357467123869736,10.238730728269816,10.26613143494672,597096.0,672396816.4000001,20230706,11.24,1.0948622732159998,20241010,20241010,1.021872
000001.SZ,1d,2023-07-07,10.229597159377514,10.293532141623624,10.211330021592913,10.229597159377514,484441.0,543212455.87,20230707,11.2,1.0948622732159998,20241010,20241010,1.021872
000001.SZ,1d,2023-07-10,10.27526500383902,10.302665710515925,10.20219645270061,10.229597159377514,495882.0,556581581.65,20230710,11.2,1.0948622732159998,20241010,20241010,1.021872
000001.SZ,1d,2023-07-11,10.247864297162117,10.284398572731323,10.220463590485213,10.238730728269815,570809.0,640131787.1,20230711,11.209999999999999,1.0948622732159998,20241010,20241010,1.021872
000001.SZ,1d,2023-07-12,10.25699786605442,10.375734261654337,10.247864297162119,10.26613143494672,736084.0,830230820.88,20230712,11.24,1.0948622732159998,20241010,20241010,1.021872
000001.SZ,1d,2023-07-13,10.33919998608513,10.47620351946965,10.293532141623624,10.439669243900445,1124230.0,1281848378.9100003,20230713,11.43,1.0948622732159998,20241010,20241010,1.021872
000001.SZ,1d,2023-07-14,10.439669243900445,10.549272070608064,10.412268537223541,10.46706995057735,719147.0,825295738.24,20230714,11.46,1.0948622732159998,20241010,20241010,1.021872
000001.SZ,1d,2023-07-17,10.421402106115844,10.421402106115844,10.284398572731323,10.33006641719283,608343.0,687262893.86,20230717,11.31,1.0948622732159998,20241010,20241010,1.021872
000001.SZ,1d,2023-07-18,10.311799279408227,10.33919998608513,10.247864297162119,10.27526500383902,471966.0,531299772.68,20230718,11.25,1.0948622732159998,20241010,20241010,1.021872
000001.SZ,1d,2023-07-19,10.25699786605442,10.33919998608513,10.25699786605442,10.33006641719283,382196.0,430771279.03000003,20230719,11.31,1.0948622732159998,20241010,20241010,1.021872
000001.SZ,1d,2023-07-20,10.348333554977433,10.44880281279275,10.311799279408227,10.33919998608513,554070.0,629696111.29,20230720,11.32,1.0948622732159998,20241010,20241010,1.021872
000001.SZ,1d,2023-07-21,10.330066417192828,10.403134968331239,10.302665710515925,10.357467123869734,377103.0,427375950.49,20230721,11.34,1.0948622732159998,20241010,20241010,1.021872
000001.SZ,1d,2023-07-24,10.348333554977433,10.348333554977433,10.26613143494672,10.284398572731323,426852.0,480713395.70000005,20230724,11.26,1.0948622732159998,20241010,20241010,1.021872
000001.SZ,1d,2023-07-25,10.457936381685048,10.713676310669486,10.448802812792747,10.704542741777184,2032958.0,2358815159.63,20230725,11.719999999999999,1.0948622732159998,20241010,20241010,1.021872
000001.SZ,1d,2023-07-26,10.640607759531076,10.722809879561789,10.558405639500364,10.658874897315679,751663.0,875260135.14,20230726,11.67,1.0948622732159998,20241010,20241010,1.021872
000001.SZ,1d,2023-07-27,10.66800846620798,10.841546275161706,10.640607759531076,10.73194344845409,1115196.0,1314228293.8400002,20230727,11.75,1.0948622732159998,20241010,20241010,1.021872
000001.SZ,1d,2023-07-28,10.67714203510028,11.234289737530665,10.658874897315679,11.197755461961458,2347013.0,2839828236.6200004,20230728,12.26,1.0948622732159998,20241010,20241010,1.021872
000001.SZ,1d,2023-07-31,11.234289737530665,11.41696111537669,11.170354755284555,11.252556875315266,1854952.0,2288940410.58,20230731,12.32,1.0948622732159998,20241010,20241010,1.021872
000001.SZ,1d,2023-08-01,11.19775546196146,11.298224719776774,11.07901906636154,11.106419773038445,957735.0,1169570704.83,20230801,12.16,1.0948622732159998,20241010,20241010,1.021872
000001.SZ,1d,2023-08-02,11.015084084115431,11.179488324176855,10.896347688515513,10.987683377438527,1115900.0,1343864165.36,20230802,12.03,1.0948622732159998,20241010,20241010,1.021872
000001.SZ,1d,2023-08-03,10.951149101869321,11.298224719776774,10.914614826300117,11.26169044420757,1175848.0,1433255493.11,20230803,12.330000000000002,1.0948622732159998,20241010,20241010,1.021872
000001.SZ,1d,2023-08-04,11.343892564238281,11.444361822053596,11.152087617499951,11.234289737530665,1303131.0,1611435431.36,20230804,12.3,1.0948622732159998,20241010,20241010,1.021872
000001.SZ,1d,2023-08-07,11.152087617499951,11.188621893069158,11.06988549746924,11.106419773038445,646913.0,786506452.16,20230807,12.16,1.0948622732159998,20241010,20241010,1.021872
000001.SZ,1d,2023-08-08,11.069885497469238,11.152087617499951,10.960282670761623,11.051618359684635,725705.0,877489187.97,20230808,12.1,1.0948622732159998,20241010,20241010,1.021872
000001.SZ,1d,2023-08-09,11.015084084115431,11.14295404860765,11.00595051522313,11.115553341930745,577608.0,702060796.64,20230809,12.17,1.0948622732159998,20241010,20241010,1.021872
000001.SZ,1d,2023-08-10,11.097286204146144,11.152087617499951,11.015084084115431,11.106419773038445,475595.0,577123919.6800001,20230810,12.16,1.0948622732159998,20241010,20241010,1.021872
000001.SZ,1d,2023-08-11,11.115553341930745,11.20688903085376,10.859813412946309,10.859813412946309,943539.0,1132867239.31,20230811,11.89,1.0948622732159998,20241010,20241010,1.021872
000001.SZ,1d,2023-08-14,10.74107701734639,10.759344155130993,10.585806346177268,10.658874897315679,975920.0,1139185249.4600003,20230814,11.67,1.0948622732159998,20241010,20241010,1.021872
000001.SZ,1d,2023-08-15,10.67714203510028,10.777611292915594,10.594939915069569,10.713676310669486,712813.0,834163039.6,20230815,11.73,1.0948622732159998,20241010,20241010,1.021872
000001.SZ,1d,2023-08-16,10.658874897315679,10.823279137377103,10.60407348396187,10.713676310669486,572904.0,671706045.36,20230816,11.729999999999999,1.0948622732159998,20241010,20241010,1.021872
000001.SZ,1d,2023-08-17,10.65887489731568,10.686275603992584,10.46706995057735,10.567539208392665,965058.0,1116292661.67,20230817,11.57,1.0948622732159998,20241010,20241010,1.021872
000001.SZ,1d,2023-08-18,10.576672777284966,10.722809879561789,10.531004932823459,10.558405639500362,659819.0,767047286.8900001,20230818,11.559999999999999,1.0948622732159998,20241010,20241010,1.021872
000001.SZ,1d,2023-08-21,10.558405639500364,10.576672777284966,10.33919998608513,10.33919998608513,701498.0,799641423.7600001,20230821,11.32,1.0948622732159998,20241010,20241010,1.021872
000001.SZ,1d,2023-08-22,10.39400139943894,10.45793638168505,10.33006641719283,10.38486783054664,606808.0,689991238.06,20230822,11.370000000000001,1.0948622732159998,20241010,20241010,1.021872
000001.SZ,1d,2023-08-23,10.366600692762034,10.430535675008144,10.26613143494672,10.27526500383902,691810.0,783102827.23,20230823,11.25,1.0948622732159998,20241010,20241010,1.021872
000001.SZ,1d,2023-08-24,10.311799279408227,10.33919998608513,10.092593625992995,10.165662177131406,1291271.0,1439197083.69,20230824,11.13,1.0948622732159998,20241010,20241010,1.021872
000001.SZ,1d,2023-08-25,10.1382614704545,10.348333554977433,10.119994332669899,10.25699786605442,845350.0,946760250.6,20230825,11.23,1.0948622732159998,20241010,20241010,1.021872
000001.SZ,1d,2023-08-28,10.8141455684848,10.896347688515513,10.494470657254254,10.521871363931158,1997610.0,2336205800.5600004,20230828,11.52,1.0948622732159998,20241010,20241010,1.021872
000001.SZ,1d,2023-08-29,10.476203519469651,10.494470657254254,10.165662177131406,10.33006641719283,1964961.0,2217588610.12,20230829,11.31,1.0948622732159998,20241010,20241010,1.021872
000001.SZ,1d,2023-08-30,10.293532141623626,10.293532141623626,10.165662177131406,10.165662177131406,1375638.0,1537573550.5700002,20230830,11.13,1.0948622732159998,20241010,20241010,1.021872
000001.SZ,1d,2023-08-31,10.174795746023706,10.247864297162119,10.156528608239105,10.165662177131406,806474.0,900123574.83,20230831,11.13,1.0948622732159998,20241010,20241010,1.021872
000001.SZ,1d,2023-09-01,10.220463590485213,10.375734261654335,10.220463590485213,10.33919998608513,1138705.0,1285169019.19,20230901,11.32,1.0948622732159998,20241010,20241010,1.021872
000001.SZ,1d,2023-09-04,10.366600692762034,10.585806346177268,10.348333554977433,10.558405639500364,1410029.0,1621769196.4,20230904,11.56,1.0948622732159998,20241010,20241010,1.021872
000001.SZ,1d,2023-09-05,10.503604226146555,10.512737795038856,10.375734261654335,10.403134968331239,804177.0,917888858.57,20230905,11.389999999999999,1.0948622732159998,20241010,20241010,1.021872
000001.SZ,1d,2023-09-06,10.348333554977433,10.46706995057735,10.32093284830053,10.439669243900447,634841.0,721905681.98,20230906,11.430000000000001,1.0948622732159998,20241010,20241010,1.021872
000001.SZ,1d,2023-09-07,10.412268537223541,10.448802812792747,10.33919998608513,10.348333554977433,540042.0,613812175.9100001,20230907,11.33,1.0948622732159998,20241010,20241010,1.021872
000001.SZ,1d,2023-09-08,10.302665710515926,10.33919998608513,10.25699786605442,10.293532141623624,479030.0,539624962.82,20230908,11.27,1.0948622732159998,20241010,20241010,1.021872
000001.SZ,1d,2023-09-11,10.320932848300528,10.412268537223541,10.293532141623624,10.357467123869734,654486.0,741764911.22,20230911,11.34,1.0948622732159998,20241010,20241010,1.021872
000001.SZ,1d,2023-09-12,10.366600692762034,10.366600692762034,10.27526500383902,10.302665710515925,495485.0,559058535.52,20230912,11.28,1.0948622732159998,20241010,20241010,1.021872
000001.SZ,1d,2023-09-13,10.311799279408227,10.33919998608513,10.238730728269816,10.27526500383902,490218.0,551747627.6800001,20230913,11.25,1.0948622732159998,20241010,20241010,1.021872
000001.SZ,1d,2023-09-14,10.302665710515925,10.348333554977433,10.27526500383902,10.311799279408227,551650.0,622906052.62,20230914,11.29,1.0948622732159998,20241010,20241010,1.021872
000001.SZ,1d,2023-09-15,10.366600692762036,10.412268537223541,10.229597159377516,10.247864297162119,890476.0,1005529160.7700001,20230915,11.22,1.0948622732159998,20241010,20241010,1.021872
000001.SZ,1d,2023-09-18,10.247864297162119,10.26613143494672,10.174795746023706,10.25699786605442,501325.0,561449769.63,20230918,11.23,1.0948622732159998,20241010,20241010,1.021872
000001.SZ,1d,2023-09-19,10.247864297162119,10.25699786605442,10.19306288380831,10.238730728269816,503664.0,564044044.21,20230919,11.21,1.0948622732159998,20241010,20241010,1.021872
000001.SZ,1d,2023-09-20,10.229597159377516,10.247864297162119,10.183929314916009,10.183929314916009,558872.0,624785494.94,20230920,11.15,1.0948622732159998,20241010,20241010,1.021872
000001.SZ,1d,2023-09-21,10.174795746023706,10.174795746023706,10.083460057100694,10.092593625992995,843930.0,934673193.8699999,20230921,11.05,1.0948622732159998,20241010,20241010,1.021872
000001.SZ,1d,2023-09-22,10.074326488208392,10.27526500383902,10.074326488208392,10.26613143494672,911484.0,1017137921.82,20230922,11.24,1.0948622732159998,20241010,20241010,1.021872
000001.SZ,1d,2023-09-25,10.26613143494672,10.33919998608513,10.220463590485213,10.247864297162117,761211.0,856022502.11,20230925,11.219999999999999,1.0948622732159998,20241010,20241010,1.021872
000001.SZ,1d,2023-09-26,10.247864297162119,10.284398572731323,10.174795746023706,10.19306288380831,444980.0,497885810.84000003,20230926,11.16,1.0948622732159998,20241010,20241010,1.021872
000001.SZ,1d,2023-09-27,10.183929314916009,10.247864297162119,10.183929314916009,10.20219645270061,490311.0,547905820.77,20230927,11.17,1.0948622732159998,20241010,20241010,1.021872
000001.SZ,1d,2023-09-28,10.220463590485213,10.26613143494672,10.211330021592913,10.229597159377514,520697.0,583649730.0400001,20230928,11.2,1.0948622732159998,20241010,20241010,1.021872
000001.SZ,1d,2023-10-09,10.19306288380831,10.20219645270061,10.101727194885296,10.147395039346804,695828.0,772959353.15,20231009,11.110000000000001,1.0948622732159998,20241010,20241010,1.021872
000001.SZ,1d,2023-10-10,10.220463590485213,10.229597159377514,10.06519291931609,10.06519291931609,820749.0,910160341.9,20231010,11.02,1.0948622732159998,20241010,20241010,1.021872
000001.SZ,1d,2023-10-11,10.129127901562201,10.129127901562201,10.010391505962284,10.028658643746885,724116.0,797663827.0,20231011,10.98,1.0948622732159998,20241010,20241010,1.021872
000001.SZ,1d,2023-10-12,10.147395039346804,10.19306288380831,10.083460057100694,10.147395039346804,853058.0,947562324.75,20231012,11.110000000000001,1.0948622732159998,20241010,20241010,1.021872
000001.SZ,1d,2023-10-13,10.074326488208392,10.110860763777598,10.001257937069981,10.04692578153149,684483.0,753110725.51,20231013,11.000000000000002,1.0948622732159998,20241010,20241010,1.021872
000001.SZ,1d,2023-10-16,10.04692578153149,10.074326488208392,10.001257937069981,10.05605935042379,501624.0,550988719.63,20231016,11.010000000000002,1.0948622732159998,20241010,20241010,1.021872
000001.SZ,1d,2023-10-17,10.05605935042379,10.092593625992995,10.010391505962284,10.065192919316091,493525.0,543170900.73,20231017,11.020000000000001,1.0948622732159998,20241010,20241010,1.021872
000001.SZ,1d,2023-10-18,10.037792212639186,10.06519291931609,9.964723661500775,10.00125793706998,651825.0,713979896.11,20231018,10.95,1.0948622732159998,20241010,20241010,1.021872
000001.SZ,1d,2023-10-19,9.964723661500775,9.973857230393078,9.672449456947133,9.681583025839434,1188961.0,1271914676.53,20231019,10.6,1.0948622732159998,20241010,20241010,1.021872
000001.SZ,1d,2023-10-20,9.635915181377927,9.745518008085543,9.59938090580872,9.681583025839434,526139.0,557618632.37,20231020,10.6,1.0948622732159998,20241010,20241010,1.021872
000001.SZ,1d,2023-10-23,9.672449456947133,9.681583025839434,9.52631235467031,9.59024733691642,530404.0,557032228.65,20231023,10.5,1.0948622732159998,20241010,20241010,1.021872
000001.SZ,1d,2023-10-24,9.626781612485624,9.690716594731734,9.535445923562612,9.635915181377927,760653.0,801528403.6700001,20231024,10.549999999999999,1.0948622732159998,20241010,20241010,1.021872
000001.SZ,1d,2023-10-25,9.59938090580872,9.626781612485624,9.4623773724242,9.480644510208803,1411450.0,1470971923.59,20231025,10.379999999999999,1.0948622732159998,20241010,20241010,1.021872
000001.SZ,1d,2023-10-26,9.416709527962695,9.51717878577801,9.407575959070394,9.508045216885709,599991.0,621915276.9,20231026,10.41,1.0948622732159998,20241010,20241010,1.021872
000001.SZ,1d,2023-10-27,9.480644510208805,9.571980199131819,9.434976665747298,9.544579492454913,919771.0,957587534.4300001,20231027,10.45,1.0948622732159998,20241010,20241010,1.021872
000001.SZ,1d,2023-10-30,9.498911647993406,9.562846630239514,9.4532438035319,9.544579492454913,805690.0,837646002.0400001,20231030,10.45,1.0948622732159998,20241010,20241010,1.021872
000001.SZ,1d,2023-10-31,9.52631235467031,9.58111376802412,9.508045216885709,9.553713061347215,652855.0,682212137.64,20231031,10.46,1.0948622732159998,20241010,20241010,1.021872
000001.SZ,1d,2023-11-01,9.635915181377927,9.64504875027023,9.544579492454915,9.571980199131819,567300.0,595211885.0,20231101,10.48,1.0948622732159998,20241010,20241010,1.021872
000001.SZ,1d,2023-11-02,9.59024733691642,9.681583025839435,9.562846630239516,9.571980199131819,619430.0,652316669.9300001,20231102,10.48,1.0948622732159998,20241010,20241010,1.021872
000001.SZ,1d,2023-11-03,9.58111376802412,9.608514474701023,9.52631235467031,9.571980199131819,705463.0,738879704.3000001,20231103,10.48,1.0948622732159998,20241010,20241010,1.021872
000001.SZ,1d,2023-11-06,9.59938090580872,9.763785145870145,9.59938090580872,9.763785145870145,1007062.0,1069206837.6800001,20231106,10.69,1.0948622732159998,20241010,20241010,1.021872
000001.SZ,1d,2023-11-07,9.736384439193241,9.736384439193241,9.66331588805483,9.681583025839434,640866.0,679815569.19,20231107,10.6,1.0948622732159998,20241010,20241010,1.021872
000001.SZ,1d,2023-11-08,9.663315888054832,9.681583025839435,9.544579492454915,9.590247336916422,877819.0,923622008.1100001,20231108,10.500000000000002,1.0948622732159998,20241010,20241010,1.021872
000001.SZ,1d,2023-11-09,9.553713061347214,9.608514474701023,9.52631235467031,9.58111376802412,639136.0,669639052.44,20231109,10.49,1.0948622732159998,20241010,20241010,1.021872
000001.SZ,1d,2023-11-10,9.544579492454915,9.562846630239516,9.398442390178092,9.407575959070394,1045044.0,1080649733.9800003,20231110,10.3,1.0948622732159998,20241010,20241010,1.021872
000001.SZ,1d,2023-11-13,9.416709527962695,9.434976665747298,9.334507407931984,9.361908114608886,770043.0,789007117.83,20231113,10.25,1.0948622732159998,20241010,20241010,1.021872
000001.SZ,1d,2023-11-14,9.352774545716585,9.434976665747298,9.343640976824284,9.380175252393489,596859.0,613377697.97,20231114,10.27,1.0948622732159998,20241010,20241010,1.021872
000001.SZ,1d,2023-11-15,9.471510941316502,9.544579492454913,9.444110234639599,9.471510941316502,1109140.0,1152154780.3400002,20231115,10.37,1.0948622732159998,20241010,20241010,1.021872
000001.SZ,1d,2023-11-16,9.480644510208805,9.489778079101105,9.343640976824284,9.352774545716585,922622.0,948395097.3299999,20231116,10.24,1.0948622732159998,20241010,20241010,1.021872
000001.SZ,1d,2023-11-17,9.334507407931984,9.361908114608887,9.24317171900897,9.270572425685874,903362.0,917616681.2800001,20231117,10.15,1.0948622732159998,20241010,20241010,1.021872
000001.SZ,1d,2023-11-20,9.270572425685874,9.334507407931982,9.224904581224365,9.307106701255078,639528.0,650077370.01,20231120,10.19,1.0948622732159998,20241010,20241010,1.021872
000001.SZ,1d,2023-11-21,9.343640976824284,9.453243803531901,9.334507407931984,9.389308821285791,1041166.0,1072311504.28,20231121,10.280000000000001,1.0948622732159998,20241010,20241010,1.021872
000001.SZ,1d,2023-11-22,9.371041683501188,9.416709527962695,9.261438856793571,9.279705994578174,737490.0,753064757.94,20231122,10.16,1.0948622732159998,20241010,20241010,1.021872
000001.SZ,1d,2023-11-23,9.270572425685874,9.279705994578174,9.197503874547463,9.270572425685874,846656.0,855904311.98,20231123,10.15,1.0948622732159998,20241010,20241010,1.021872
000001.SZ,1d,2023-11-24,9.234038150116668,9.25230528790127,9.206637443439764,9.224904581224365,684695.0,691423444.34,20231124,10.1,1.0948622732159998,20241010,20241010,1.021872
000001.SZ,1d,2023-11-27,9.215771012332064,9.215771012332064,9.10616818562445,9.142702461193654,836188.0,836268368.7500001,20231127,10.01,1.0948622732159998,20241010,20241010,1.021872
000001.SZ,1d,2023-11-28,9.12443532340905,9.151836030085956,9.087901047839846,9.087901047839846,786175.0,784405804.65,20231128,9.950000000000001,1.0948622732159998,20241010,20241010,1.021872
000001.SZ,1d,2023-11-29,9.087901047839846,9.10616818562445,8.859561825532312,8.877828963316915,1467597.0,1438320264.1100001,20231129,9.72,1.0948622732159998,20241010,20241010,1.021872
000001.SZ,1d,2023-11-30,8.850428256640011,8.886962532209216,8.786493274393901,8.84129468774771,901765.0,871481712.43,20231130,9.680000000000001,1.0948622732159998,20241010,20241010,1.021872
000001.SZ,1d,2023-12-01,8.813893981070805,8.841294687747709,8.749958998824695,8.823027549963106,778057.0,749668363.8499999,20231201,9.66,1.0948622732159998,20241010,20241010,1.021872
000001.SZ,1d,2023-12-04,8.832161118855408,8.841294687747709,8.777359705501599,8.795626843286202,605438.0,583664338.41,20231204,9.629999999999999,1.0948622732159998,20241010,20241010,1.021872
000001.SZ,1d,2023-12-05,8.7773597055016,8.786493274393901,8.649489741009381,8.658623309901683,787378.0,750961219.91,20231205,9.48,1.0948622732159998,20241010,20241010,1.021872
000001.SZ,1d,2023-12-06,8.622089034332475,8.740825429932395,8.585554758763271,8.676890447686285,753056.0,714029468.7,20231206,9.5,1.0948622732159998,20241010,20241010,1.021872
000001.SZ,1d,2023-12-07,8.667756878793984,8.667756878793984,8.56728762097867,8.622089034332477,585380.0,552224831.1700001,20231207,9.440000000000001,1.0948622732159998,20241010,20241010,1.021872
000001.SZ,1d,2023-12-08,8.594688327655573,8.63122260322478,8.494219069840259,8.494219069840259,1021152.0,957664580.59,20231208,9.3,1.0948622732159998,20241010,20241010,1.021872
000001.SZ,1d,2023-12-11,8.421150518701847,8.56728762097867,8.338948398671135,8.539886914301766,1133663.0,1044765734.9000001,20231211,9.350000000000001,1.0948622732159998,20241010,20241010,1.021872
000001.SZ,1d,2023-12-12,8.50335263873256,8.676890447686285,8.494219069840259,8.603821896547874,855016.0,805067628.4599999,20231212,9.42,1.0948622732159998,20241010,20241010,1.021872
000001.SZ,1d,2023-12-13,8.56728762097867,8.57642118987097,8.357215536455739,8.36634910534804,1061302.0,981001231.48,20231213,9.16,1.0948622732159998,20241010,20241010,1.021872
000001.SZ,1d,2023-12-14,8.412016949809546,8.475951932055656,8.357215536455739,8.357215536455739,742901.0,683211465.8,20231214,9.15,1.0948622732159998,20241010,20241010,1.021872
000001.SZ,1d,2023-12-15,8.402883380917244,8.539886914301764,8.393749812024943,8.412016949809544,988939.0,915126127.17,20231215,9.209999999999999,1.0948622732159998,20241010,20241010,1.021872
000001.SZ,1d,2023-12-18,8.38461624313264,8.43941765648645,8.30241412310193,8.338948398671134,654426.0,599379044.02,20231218,9.129999999999999,1.0948622732159998,20241010,20241010,1.021872
000001.SZ,1d,2023-12-19,8.329814829778835,8.37548267424034,8.284146985317326,8.31154769199423,644071.0,586716664.2800001,20231219,9.1,1.0948622732159998,20241010,20241010,1.021872
000001.SZ,1d,2023-12-20,8.320681260886532,8.357215536455737,8.24761270974812,8.24761270974812,715634.0,650511342.87,20231220,9.03,1.0948622732159998,20241010,20241010,1.021872
000001.SZ,1d,2023-12-21,8.229345571963519,8.393749812024943,8.211078434178916,8.37548267424034,1017047.0,925407072.91,20231221,9.17,1.0948622732159998,20241010,20241010,1.021872
000001.SZ,1d,2023-12-22,8.393749812024943,8.475951932055654,8.320681260886532,8.402883380917244,1005645.0,924998769.19,20231222,9.2,1.0948622732159998,20241010,20241010,1.021872
000001.SZ,1d,2023-12-25,8.38461624313264,8.402883380917245,8.348081967563436,8.393749812024945,413971.0,379638233.73,20231225,9.190000000000001,1.0948622732159998,20241010,20241010,1.021872
000001.SZ,1d,2023-12-26,8.393749812024943,8.402883380917245,8.284146985317326,8.31154769199423,541896.0,493746622.76,20231226,9.1,1.0948622732159998,20241010,20241010,1.021872
000001.SZ,1d,2023-12-27,8.31154769199423,8.338948398671134,8.23847914085582,8.329814829778833,641534.0,582036660.6800001,20231227,9.12,1.0948622732159998,20241010,20241010,1.021872
000001.SZ,1d,2023-12-28,8.320681260886532,8.649489741009381,8.293280554209629,8.631222603224778,1661592.0,1550256590.5900002,20231228,9.45,1.0948622732159998,20241010,20241010,1.021872
000001.SZ,1d,2023-12-29,8.603821896547874,8.658623309901683,8.539886914301764,8.576421189870969,853853.0,803196743.82,20231229,9.389999999999999,1.0948622732159998,20241010,20241010,1.021872
000001.SZ,1d,2024-01-02,8.57642118987097,8.603821896547876,8.412016949809546,8.412016949809546,1158366.0,1075742252.45,20240102,9.21,1.0948622732159998,20241010,20241010,1.021872
000001.SZ,1d,2024-01-03,8.393749812024943,8.421150518701847,8.357215536455739,8.402883380917245,733610.0,673673613.54,20240103,9.200000000000001,1.0948622732159998,20241010,20241010,1.021872
000001.SZ,1d,2024-01-04,8.393749812024943,8.393749812024943,8.293280554209629,8.320681260886532,864194.0,787470082.3700001,20240104,9.11,1.0948622732159998,20241010,20241010,1.021872
000001.SZ,1d,2024-01-05,8.31154769199423,8.622089034332475,8.284146985317326,8.466818363163354,1991622.0,1852659692.14,20240105,9.27,1.0948622732159998,20241010,20241010,1.021872
000001.SZ,1d,2024-01-08,8.430284087594147,8.494219069840257,8.320681260886532,8.357215536455737,1121156.0,1029006548.7299999,20240108,9.149999999999999,1.0948622732159998,20241010,20241010,1.021872
000001.SZ,1d,2024-01-09,8.36634910534804,8.393749812024943,8.30241412310193,8.38461624313264,766194.0,700375720.2,20240109,9.18,1.0948622732159998,20241010,20241010,1.021872
000001.SZ,1d,2024-01-10,8.36634910534804,8.393749812024943,8.30241412310193,8.30241412310193,858621.0,783771150.0100001,20240110,9.09,1.0948622732159998,20241010,20241010,1.021872
000001.SZ,1d,2024-01-11,8.293280554209629,8.421150518701847,8.24761270974812,8.37548267424034,934686.0,853890237.2900001,20240111,9.17,1.0948622732159998,20241010,20241010,1.021872
000001.SZ,1d,2024-01-12,8.338948398671134,8.466818363163354,8.320681260886532,8.393749812024943,772582.0,711018266.0699999,20240112,9.19,1.0948622732159998,20241010,20241010,1.021872
000001.SZ,1d,2024-01-15,8.36634910534804,8.485085500947957,8.338948398671135,8.412016949809546,745133.0,685950951.4499999,20240115,9.21,1.0948622732159998,20241010,20241010,1.021872
000001.SZ,1d,2024-01-16,8.393749812024943,8.539886914301764,8.36634910534804,8.530753345409464,1438313.0,1334465408.5300002,20240116,9.34,1.0948622732159998,20241010,20241010,1.021872
000001.SZ,1d,2024-01-17,8.521619776517161,8.57642118987097,8.43028408759415,8.43028408759415,1482296.0,1380725065.0300002,20240117,9.23,1.0948622732159998,20241010,20241010,1.021872
000001.SZ,1d,2024-01-18,8.412016949809546,8.43941765648645,8.220212003071218,8.402883380917244,1755132.0,1597853726.63,20240118,9.2,1.0948622732159998,20241010,20241010,1.021872
000001.SZ,1d,2024-01-19,8.36634910534804,8.402883380917244,8.31154769199423,8.37548267424034,963981.0,881865023.89,20240119,9.17,1.0948622732159998,20241010,20241010,1.021872
000001.SZ,1d,2024-01-22,8.36634910534804,8.457684794271055,8.256746278640424,8.311547691994232,1580320.0,1449858241.68,20240122,9.100000000000001,1.0948622732159998,20241010,20241010,1.021872
000001.SZ,1d,2024-01-23,8.265879847532725,8.384616243132642,8.183677727502012,8.36634910534804,1135545.0,1030898421.0400001,20240123,9.16,1.0948622732159998,20241010,20241010,1.021872
000001.SZ,1d,2024-01-24,8.43028408759415,8.530753345409464,8.284146985317326,8.521619776517161,1759123.0,1620099272.06,20240124,9.33,1.0948622732159998,20241010,20241010,1.021872
000001.SZ,1d,2024-01-25,8.521619776517161,8.71342472325549,8.466818363163354,8.676890447686285,2162514.0,2037648413.07,20240125,9.5,1.0948622732159998,20241010,20241010,1.021872
000001.SZ,1d,2024-01-26,8.64948974100938,8.832161118855408,8.622089034332475,8.7864932743939,2272287.0,2172799799.0099998,20240126,9.62,1.0948622732159998,20241010,20241010,1.021872
000001.SZ,1d,2024-01-29,8.85042825664001,9.023966065593736,8.749958998824695,8.859561825532312,2376252.0,2312173346.33,20240129,9.7,1.0948622732159998,20241010,20241010,1.021872
000001.SZ,1d,2024-01-30,8.777359705501599,8.859561825532312,8.667756878793984,8.676890447686285,1579122.0,1515156603.9600003,20240130,9.5,1.0948622732159998,20241010,20241010,1.021872
000001.SZ,1d,2024-01-31,8.64035617211708,8.731691861040094,8.56728762097867,8.64035617211708,1357217.0,1286857396.81,20240131,9.46,1.0948622732159998,20241010,20241010,1.021872
000001.SZ,1d,2024-02-01,8.594688327655573,8.658623309901683,8.530753345409464,8.594688327655573,1055260.0,993481907.01,20240201,9.41,1.0948622732159998,20241010,20241010,1.021872
000001.SZ,1d,2024-02-02,8.603821896547874,8.649489741009381,8.284146985317326,8.466818363163354,1634214.0,1520605694.69,20240202,9.27,1.0948622732159998,20241010,20241010,1.021872
000001.SZ,1d,2024-02-05,8.393749812024943,8.612955465440175,8.320681260886532,8.567287620978668,1803592.0,1674566499.4600003,20240205,9.379999999999999,1.0948622732159998,20241010,20241010,1.021872
000001.SZ,1d,2024-02-06,8.494219069840259,8.84129468774771,8.485085500947957,8.84129468774771,1995410.0,1900324218.2000003,20240206,9.680000000000001,1.0948622732159998,20241010,20241010,1.021872
000001.SZ,1d,2024-02-07,8.786493274393901,8.832161118855408,8.658623309901683,8.7773597055016,2062015.0,1975435102.1200001,20240207,9.610000000000001,1.0948622732159998,20241010,20241010,1.021872
000001.SZ,1d,2024-02-08,8.749958998824695,8.832161118855408,8.695157585470888,8.832161118855408,1656814.0,1593505690.1299999,20240208,9.67,1.0948622732159998,20241010,20241010,1.021872
000001.SZ,1d,2024-02-19,8.91436323888612,8.960031083347626,8.813893981070805,8.960031083347626,1605243.0,1564088444.93,20240219,9.81,1.0948622732159998,20241010,20241010,1.021872
000001.SZ,1d,2024-02-20,8.941763945563025,8.98743179002453,8.886962532209216,8.969164652239929,1123564.0,1098987813.26,20240220,9.82,1.0948622732159998,20241010,20241010,1.021872
000001.SZ,1d,2024-02-21,8.932630376670723,9.86425440368546,8.92349680777842,9.86425440368546,5055285.0,5295259396.809999,20240221,10.799999999999999,1.0948622732159998,20241010,20241010,1.021872
000001.SZ,1d,2024-02-22,9.72725087030094,9.964723661500775,9.699850163624037,9.955590092608475,4922325.0,5307736374.06,20240222,10.9,1.0948622732159998,20241010,20241010,1.021872
000001.SZ,1d,2024-02-23,9.93732295482387,10.26613143494672,9.900788679254665,9.909922248146968,3567480.0,3917316281.52,20240223,10.85,1.0948622732159998,20241010,20241010,1.021872
000001.SZ,1d,2024-02-26,9.845987265900858,9.937322954823872,9.59024733691642,9.617648043593324,2862609.0,3048205024.7799997,20240226,10.53,1.0948622732159998,20241010,20241010,1.021872
000001.SZ,1d,2024-02-27,9.58111376802412,9.681583025839435,9.553713061347215,9.59024733691642,1981905.0,2083027074.06,20240227,10.5,1.0948622732159998,20241010,20241010,1.021872
000001.SZ,1d,2024-02-28,9.59938090580872,9.772918714762449,9.498911647993406,9.58111376802412,3082693.0,3253340358.41,20240228,10.49,1.0948622732159998,20241010,20241010,1.021872
000001.SZ,1d,2024-02-29,9.51717878577801,9.672449456947133,9.508045216885709,9.672449456947133,1845344.0,1936020982.56,20240229,10.59,1.0948622732159998,20241010,20241010,1.021872
000001.SZ,1d,2024-03-01,9.672449456947133,9.681583025839434,9.52631235467031,9.58111376802412,1828103.0,1917689306.77,20240301,10.49,1.0948622732159998,20241010,20241010,1.021872
000001.SZ,1d,2024-03-04,9.544579492454915,9.59024733691642,9.425843096854996,9.434976665747298,1655930.0,1719562862.03,20240304,10.33,1.0948622732159998,20241010,20241010,1.021872
000001.SZ,1d,2024-03-05,9.407575959070392,9.562846630239516,9.371041683501188,9.52631235467031,1817319.0,1889144330.1599998,20240305,10.43,1.0948622732159998,20241010,20241010,1.021872
000001.SZ,1d,2024-03-06,9.498911647993406,9.544579492454913,9.434976665747298,9.434976665747298,1345640.0,1396940060.4199998,20240306,10.33,1.0948622732159998,20241010,20241010,1.021872
000001.SZ,1d,2024-03-07,9.434976665747298,9.71811730140864,9.434976665747298,9.480644510208805,2016166.0,2109589237.19,20240307,10.38,1.0948622732159998,20241010,20241010,1.021872
000001.SZ,1d,2024-03-08,9.453243803531901,9.535445923562612,9.407575959070394,9.480644510208805,1113974.0,1154491251.2299998,20240308,10.38,1.0948622732159998,20241010,20241010,1.021872
000001.SZ,1d,2024-03-11,9.480644510208803,9.562846630239516,9.444110234639599,9.562846630239516,1210673.0,1260212019.6599998,20240311,10.47,1.0948622732159998,20241010,20241010,1.021872
000001.SZ,1d,2024-03-12,9.571980199131819,9.672449456947133,9.508045216885709,9.64504875027023,1641262.0,1721999708.11,20240312,10.56,1.0948622732159998,20241010,20241010,1.021872
000001.SZ,1d,2024-03-13,9.617648043593325,9.635915181377927,9.407575959070394,9.434976665747298,1768039.0,1834654994.4,20240313,10.33,1.0948622732159998,20241010,20241010,1.021872
000001.SZ,1d,2024-03-14,9.407575959070394,9.480644510208805,9.31624027014738,9.343640976824284,1409400.0,1448499697.91,20240314,10.23,1.0948622732159998,20241010,20241010,1.021872
000001.SZ,1d,2024-03-15,9.635915181377927,9.818586559223954,9.59024733691642,9.681583025839434,3750208.0,3973799130.9,20240315,10.6,1.0948622732159998,20241010,20241010,1.021872
000001.SZ,1d,2024-03-18,9.64504875027023,9.690716594731734,9.58111376802412,9.626781612485626,1671397.0,1761249149.98,20240318,10.540000000000001,1.0948622732159998,20241010,20241010,1.021872
000001.SZ,1d,2024-03-19,9.617648043593325,9.626781612485626,9.489778079101105,9.498911647993406,1293216.0,1351069630.23,20240319,10.4,1.0948622732159998,20241010,20241010,1.021872
000001.SZ,1d,2024-03-20,9.480644510208805,9.562846630239516,9.471510941316504,9.544579492454915,872663.0,910278572.98,20240320,10.450000000000001,1.0948622732159998,20241010,20241010,1.021872
000001.SZ,1d,2024-03-21,9.544579492454913,9.608514474701023,9.51717878577801,9.562846630239516,864466.0,905422293.6700001,20240321,10.47,1.0948622732159998,20241010,20241010,1.021872
000001.SZ,1d,2024-03-22,9.544579492454915,9.544579492454915,9.416709527962695,9.462377372424202,1028142.0,1065535606.11,20240322,10.360000000000001,1.0948622732159998,20241010,20241010,1.021872
000001.SZ,1d,2024-03-25,9.4532438035319,9.58111376802412,9.425843096854996,9.498911647993406,953202.0,993304120.45,20240325,10.4,1.0948622732159998,20241010,20241010,1.021872
000001.SZ,1d,2024-03-26,9.544579492454913,9.736384439193241,9.51717878577801,9.681583025839434,1740021.0,1835376190.72,20240326,10.6,1.0948622732159998,20241010,20241010,1.021872
000001.SZ,1d,2024-03-27,9.64504875027023,9.708983732516337,9.59938090580872,9.617648043593324,1274136.0,1347397150.36,20240327,10.53,1.0948622732159998,20241010,20241010,1.021872
000001.SZ,1d,2024-03-28,9.599380905808722,9.65418231916253,9.480644510208805,9.58111376802412,1302189.0,1362980388.48,20240328,10.49,1.0948622732159998,20241010,20241010,1.021872
000001.SZ,1d,2024-03-29,9.544579492454913,9.65418231916253,9.52631235467031,9.608514474701023,872759.0,917332315.96,20240329,10.52,1.0948622732159998,20241010,20241010,1.021872
000001.SZ,1d,2024-04-01,9.608514474701023,9.72725087030094,9.59938090580872,9.71811730140864,1191088.0,1261770380.39,20240401,10.64,1.0948622732159998,20241010,20241010,1.021872
000001.SZ,1d,2024-04-02,9.708983732516337,9.754651576977844,9.617648043593324,9.635915181377927,1085458.0,1149700799.95,20240402,10.549999999999999,1.0948622732159998,20241010,20241010,1.021872
000001.SZ,1d,2024-04-03,9.617648043593324,9.635915181377927,9.51717878577801,9.553713061347214,981846.0,1028648883.4300001,20240403,10.459999999999999,1.0948622732159998,20241010,20241010,1.021872
000001.SZ,1d,2024-04-08,9.517178785778011,9.58111376802412,9.471510941316504,9.526312354670312,906361.0,945290441.32,20240408,10.430000000000001,1.0948622732159998,20241010,20241010,1.021872
000001.SZ,1d,2024-04-09,9.52631235467031,9.562846630239514,9.4623773724242,9.498911647993406,857157.0,891468991.0099999,20240409,10.399999999999999,1.0948622732159998,20241010,20241010,1.021872
000001.SZ,1d,2024-04-10,9.480644510208803,9.508045216885709,9.380175252393489,9.38930882128579,1246391.0,1288696196.29,20240410,10.28,1.0948622732159998,20241010,20241010,1.021872
000001.SZ,1d,2024-04-11,9.352774545716585,9.398442390178092,9.24317171900897,9.361908114608887,1010213.0,1030820137.3900001,20240411,10.250000000000002,1.0948622732159998,20241010,20241010,1.021872
000001.SZ,1d,2024-04-12,9.334507407931984,9.38017525239349,9.17010316787056,9.18837030565516,1305454.0,1322011753.93,20240412,10.06,1.0948622732159998,20241010,20241010,1.021872
000001.SZ,1d,2024-04-15,9.197503874547463,9.425843096854996,9.18837030565516,9.398442390178092,1453203.0,1486326196.0100002,20240415,10.290000000000001,1.0948622732159998,20241010,20241010,1.021872
000001.SZ,1d,2024-04-16,9.389308821285791,9.489778079101105,9.334507407931984,9.389308821285791,1478036.0,1523138499.07,20240416,10.280000000000001,1.0948622732159998,20241010,20241010,1.021872
000001.SZ,1d,2024-04-17,9.37104168350119,9.708983732516339,9.325373839039681,9.699850163624037,2232641.0,2337576586.88,20240417,10.620000000000001,1.0948622732159998,20241010,20241010,1.021872
000001.SZ,1d,2024-04-18,9.66331588805483,10.074326488208392,9.64504875027023,9.864254403685461,3165914.0,3427338981.81,20240418,10.8,1.0948622732159998,20241010,20241010,1.021872
000001.SZ,1d,2024-04-19,9.78205228365475,9.882521541470064,9.736384439193241,9.763785145870145,1457675.0,1562376146.58,20240419,10.69,1.0948622732159998,20241010,20241010,1.021872
000001.SZ,1d,2024-04-22,9.71811730140864,9.873387972577763,9.544579492454915,9.590247336916422,2009818.0,2125722741.4099998,20240422,10.500000000000002,1.0948622732159998,20241010,20241010,1.021872
000001.SZ,1d,2024-04-23,9.599380905808722,9.72725087030094,9.553713061347215,9.626781612485626,1240027.0,1308866093.1299999,20240423,10.540000000000001,1.0948622732159998,20241010,20241010,1.021872
000001.SZ,1d,2024-04-24,9.608514474701025,9.65418231916253,9.553713061347215,9.617648043593325,941568.0,989093538.21,20240424,10.530000000000001,1.0948622732159998,20241010,20241010,1.021872
000001.SZ,1d,2024-04-25,9.59024733691642,9.699850163624037,9.571980199131819,9.690716594731736,1113812.0,1176304524.8600001,20240425,10.610000000000001,1.0948622732159998,20241010,20241010,1.021872
000001.SZ,1d,2024-04-26,9.672449456947133,9.745518008085543,9.571980199131819,9.681583025839434,1607628.0,1698581436.96,20240426,10.6,1.0948622732159998,20241010,20241010,1.021872
000001.SZ,1d,2024-04-29,9.645048750270227,9.955590092608475,9.608514474701023,9.873387972577762,2169177.0,2337350883.73,20240429,10.809999999999999,1.0948622732159998,20241010,20241010,1.021872
000001.SZ,1d,2024-04-30,9.864254403685461,9.937322954823872,9.800319421439351,9.85512083479316,1324557.0,1431407709.3700001,20240430,10.790000000000001,1.0948622732159998,20241010,20241010,1.021872
000001.SZ,1d,2024-05-06,10.010391505962282,10.147395039346803,9.900788679254665,9.946456523716174,1784101.0,1953817493.43,20240506,10.89,1.0948622732159998,20241010,20241010,1.021872
000001.SZ,1d,2024-05-07,9.928189385931569,9.946456523716174,9.827720128116255,9.93732295482387,1087057.0,1176786412.82,20240507,10.879999999999999,1.0948622732159998,20241010,20241010,1.021872
000001.SZ,1d,2024-05-08,9.900788679254667,9.937322954823872,9.78205228365475,9.800319421439351,1221791.0,1318611999.65,20240508,10.73,1.0948622732159998,20241010,20241010,1.021872
000001.SZ,1d,2024-05-09,9.78205228365475,9.882521541470064,9.78205228365475,9.827720128116257,1069461.0,1150726857.51,20240509,10.760000000000002,1.0948622732159998,20241010,20241010,1.021872
000001.SZ,1d,2024-05-10,9.836853697008555,10.010391505962282,9.827720128116255,9.992124368177679,1767836.0,1923452176.8400002,20240510,10.94,1.0948622732159998,20241010,20241010,1.021872
000001.SZ,1d,2024-05-13,9.955590092608475,10.056059350423789,9.873387972577763,10.019525074854585,1402499.0,1530058919.54,20240513,10.97,1.0948622732159998,20241010,20241010,1.021872
000001.SZ,1d,2024-05-14,10.046925781531488,10.101727194885296,9.937322954823872,9.964723661500775,1075784.0,1176577328.23,20240514,10.91,1.0948622732159998,20241010,20241010,1.021872
000001.SZ,1d,2024-05-15,9.955590092608475,9.973857230393078,9.873387972577763,9.891655110362365,868297.0,942907950.4999999,20240515,10.83,1.0948622732159998,20241010,20241010,1.021872
000001.SZ,1d,2024-05-16,9.909922248146968,10.238730728269816,9.891655110362365,10.20219645270061,3076292.0,3410151917.15,20240516,11.17,1.0948622732159998,20241010,20241010,1.021872
000001.SZ,1d,2024-05-17,10.211330021592913,10.430535675008144,10.165662177131406,10.430535675008144,2841749.0,3200736554.36,20240517,11.42,1.0948622732159998,20241010,20241010,1.021872
000001.SZ,1d,2024-05-20,10.439669243900445,10.53100493282346,10.33006641719283,10.39400139943894,2170210.0,2475290152.11,20240520,11.38,1.0948622732159998,20241010,20241010,1.021872
000001.SZ,1d,2024-05-21,10.33919998608513,10.613207052854172,10.33006641719283,10.549272070608064,2030049.0,2336192874.9700003,20240521,11.55,1.0948622732159998,20241010,20241010,1.021872
000001.SZ,1d,2024-05-22,10.558405639500364,10.722809879561789,10.46706995057735,10.558405639500364,2115531.0,2458448969.6600003,20240522,11.56,1.0948622732159998,20241010,20241010,1.021872
000001.SZ,1d,2024-05-23,10.53100493282346,10.58580634617727,10.38486783054664,10.412268537223541,1841623.0,2110799281.76,20240523,11.4,1.0948622732159998,20241010,20241010,1.021872
000001.SZ,1d,2024-05-24,10.38486783054664,10.494470657254254,10.32093284830053,10.33006641719283,1398276.0,1593330336.42,20240524,11.31,1.0948622732159998,20241010,20241010,1.021872
000001.SZ,1d,2024-05-27,10.33006641719283,10.53100493282346,10.33006641719283,10.512737795038856,1454361.0,1663272117.57,20240527,11.51,1.0948622732159998,20241010,20241010,1.021872
000001.SZ,1d,2024-05-28,10.503604226146555,10.576672777284966,10.375734261654335,10.412268537223541,1204323.0,1377107203.9099998,20240528,11.399999999999999,1.0948622732159998,20241010,20241010,1.021872
000001.SZ,1d,2024-05-29,10.39400139943894,10.45793638168505,10.25699786605442,10.284398572731323,1444811.0,1635445613.13,20240529,11.26,1.0948622732159998,20241010,20241010,1.021872
000001.SZ,1d,2024-05-30,10.26613143494672,10.357467123869734,10.101727194885296,10.156528608239105,1325496.0,1481608711.0200002,20240530,11.120000000000001,1.0948622732159998,20241010,20241010,1.021872
000001.SZ,1d,2024-05-31,10.174795746023706,10.220463590485213,10.147395039346803,10.147395039346803,826707.0,921248145.59,20240531,11.11,1.0948622732159998,20241010,20241010,1.021872
000001.SZ,1d,2024-06-03,10.156528608239105,10.165662177131406,9.964723661500775,10.028658643746885,1326697.0,1456086023.6200001,20240603,10.98,1.0948622732159998,20241010,20241010,1.021872
000001.SZ,1d,2024-06-04,10.00125793706998,10.092593625992995,9.964723661500775,10.06519291931609,981005.0,1079356560.6100001,20240604,11.02,1.0948622732159998,20241010,20241010,1.021872
000001.SZ,1d,2024-06-05,10.083460057100694,10.110860763777598,9.92818938593157,9.92818938593157,1018968.0,1114155998.81,20240605,10.870000000000001,1.0948622732159998,20241010,20241010,1.021872
000001.SZ,1d,2024-06-06,9.955590092608475,10.028658643746885,9.937322954823872,9.955590092608475,1049332.0,1145989425.79,20240606,10.9,1.0948622732159998,20241010,20241010,1.021872
000001.SZ,1d,2024-06-07,9.973857230393078,10.056059350423789,9.946456523716174,10.037792212639186,1170126.0,1281662985.8,20240607,10.99,1.0948622732159998,20241010,20241010,1.021872
000001.SZ,1d,2024-06-11,10.028658643746885,10.065192919316091,9.85512083479316,9.92818938593157,1337629.0,1452841956.8899999,20240611,10.870000000000001,1.0948622732159998,20241010,20241010,1.021872
000001.SZ,1d,2024-06-12,9.909922248146968,9.964723661500775,9.845987265900858,9.93732295482387,957426.0,1037927497.39,20240612,10.879999999999999,1.0948622732159998,20241010,20241010,1.021872
000001.SZ,1d,2024-06-13,9.946456523716174,9.98299079928538,9.864254403685461,9.864254403685461,1203508.0,1304403407.0500002,20240613,10.8,1.0948622732159998,20241010,20241010,1.021872
000001.SZ,1d,2024-06-14,9.932750872907762,10.011038564516888,9.776175489689512,9.962108757261184,1637990.0,1657433954.94,20240614,10.18,1.021872,20241010,20241010,1.021872
000001.SZ,1d,2024-06-17,9.91317895000548,9.942536834358902,9.864249142749777,9.883821065652059,681217.0,688669914.12,20240617,10.1,1.021872,20241010,20241010,1.021872
000001.SZ,1d,2024-06-18,9.8936070271032,9.942536834358902,9.825105296945216,9.864249142749777,700653.0,707829471.51,20240618,10.08,1.021872,20241010,20241010,1.021872
000001.SZ,1d,2024-06-19,9.883821065652059,9.991466641614608,9.864249142749777,9.932750872907762,796184.0,807676192.22,20240619,10.15,1.021872,20241010,20241010,1.021872
000001.SZ,1d,2024-06-20,9.942536834358902,9.952322795810044,9.834891258396356,9.834891258396356,629628.0,635070262.4,20240620,10.05,1.021872,20241010,20241010,1.021872
000001.SZ,1d,2024-06-21,9.834891258396356,9.87403510420092,9.73703164388495,9.785961451140654,830545.0,831176895.4200001,20240621,10.000000000000002,1.021872,20241010,20241010,1.021872
000001.SZ,1d,2024-06-24,9.75660356678723,9.854463181298637,9.668529913726966,9.76638952823837,947082.0,944907465.65,20240624,9.98,1.021872,20241010,20241010,1.021872
000001.SZ,1d,2024-06-25,9.776175489689512,9.91317895000548,9.76638952823837,9.864249142749777,769993.0,775332071.89,20240625,10.08,1.021872,20241010,20241010,1.021872
000001.SZ,1d,2024-06-26,9.844677219847496,9.913178950005479,9.805533374042934,9.864249142749777,628599.0,633763882.0899999,20240626,10.08,1.021872,20241010,20241010,1.021872
000001.SZ,1d,2024-06-27,9.844677219847497,9.991466641614608,9.785961451140652,9.91317895000548,928882.0,938954397.5,20240627,10.13,1.021872,20241010,20241010,1.021872
000001.SZ,1d,2024-06-28,9.883821065652059,10.04039644887031,9.874035104200917,9.932750872907762,918090.0,933947813.42,20240628,10.15,1.021872,20241010,20241010,1.021872
000001.SZ,1d,2024-07-01,9.87403510420092,10.128470101930576,9.825105296945216,10.128470101930576,1343051.0,1372549619.58,20240701,10.350000000000001,1.021872,20241010,20241010,1.021872
000001.SZ,1d,2024-07-02,10.079540294674871,10.255687600795403,10.05996837177259,10.177399909186278,1384386.0,1440864390.61,20240702,10.399999999999999,1.021872,20241010,20241010,1.021872
000001.SZ,1d,2024-07-03,10.17739990918628,10.206757793539701,10.069754333223733,10.089326256126013,713067.0,737326421.1600001,20240703,10.31,1.021872,20241010,20241010,1.021872
000001.SZ,1d,2024-07-04,10.079540294674873,10.157827986283998,10.03061048741917,10.04039644887031,735044.0,757464386.79,20240704,10.26,1.021872,20241010,20241010,1.021872
000001.SZ,1d,2024-07-05,10.04039644887031,10.069754333223731,9.707673759531527,9.75660356678723,1713354.0,1721256576.49,20240705,9.97,1.021872,20241010,20241010,1.021872
000001.SZ,1d,2024-07-08,9.727245682433807,9.805533374042934,9.639172029373542,9.717459720982667,868660.0,864791776.33,20240708,9.93,1.021872,20241010,20241010,1.021872
000001.SZ,1d,2024-07-09,9.727245682433807,9.883821065652059,9.697887798080387,9.854463181298637,1032485.0,1034316510.76,20240709,10.07,1.021872,20241010,20241010,1.021872
000001.SZ,1d,2024-07-10,9.854463181298637,9.981680680163466,9.834891258396356,9.922964911456623,873865.0,886626727.3,20240710,10.14,1.021872,20241010,20241010,1.021872
000001.SZ,1d,2024-07-11,9.991466641614608,10.011038564516888,9.854463181298637,9.91317895000548,721392.0,731789332.33,20240711,10.13,1.021872,20241010,20241010,1.021872
000001.SZ,1d,2024-07-12,9.90339298855434,10.089326256126013,9.90339298855434,10.089326256126013,1214164.0,1246877665.6,20240712,10.31,1.021872,20241010,20241010,1.021872
000001.SZ,1d,2024-07-15,10.089326256126013,10.128470101930574,10.04039644887031,10.108898179028294,869412.0,896975833.1600001,20240715,10.33,1.021872,20241010,20241010,1.021872
000001.SZ,1d,2024-07-16,10.108898179028294,10.148042024832858,10.020824525968028,10.079540294674873,943008.0,971564894.83,20240716,10.3,1.021872,20241010,20241010,1.021872
000001.SZ,1d,2024-07-17,10.079540294674871,10.19697183208856,10.05996837177259,10.177399909186278,1220168.0,1266412580.0,20240717,10.399999999999999,1.021872,20241010,20241010,1.021872
000001.SZ,1d,2024-07-18,10.157827986283998,10.206757793539701,10.079540294674873,10.18718587063742,1087061.0,1127365070.67,20240718,10.41,1.021872,20241010,20241010,1.021872
000001.SZ,1d,2024-07-19,10.157827986283998,10.196971832088561,10.069754333223733,10.148042024832858,898723.0,929722661.62,20240719,10.370000000000001,1.021872,20241010,20241010,1.021872
000001.SZ,1d,2024-07-22,10.138256063381716,10.157827986283996,9.971894718712324,10.011038564516886,994481.0,1018663805.8,20240722,10.229999999999999,1.021872,20241010,20241010,1.021872
000001.SZ,1d,2024-07-23,10.03061048741917,10.108898179028294,9.942536834358902,9.962108757261184,1020154.0,1046994471.4000001,20240723,10.18,1.021872,20241010,20241010,1.021872
000001.SZ,1d,2024-07-24,9.962108757261186,10.020824525968028,9.90339298855434,9.91317895000548,724518.0,736332832.11,20240724,10.13,1.021872,20241010,20241010,1.021872
000001.SZ,1d,2024-07-25,9.903392988554339,9.932750872907762,9.785961451140652,9.874035104200917,856404.0,861750365.5400001,20240725,10.09,1.021872,20241010,20241010,1.021872
000001.SZ,1d,2024-07-26,9.88382106565206,9.90339298855434,9.75660356678723,9.815319335494076,929552.0,931879546.46,20240726,10.030000000000001,1.021872,20241010,20241010,1.021872
000001.SZ,1d,2024-07-29,9.805533374042936,9.922964911456623,9.75660356678723,9.8936070271032,781552.0,788019058.6100001,20240729,10.110000000000001,1.021872,20241010,20241010,1.021872
000001.SZ,1d,2024-07-30,9.883821065652059,9.913178950005479,9.815319335494074,9.864249142749777,613268.0,618056610.32,20240730,10.08,1.021872,20241010,20241010,1.021872
000001.SZ,1d,2024-07-31,9.864249142749777,10.059968371772591,9.854463181298637,10.05018241032145,1096906.0,1117768674.6999998,20240731,10.27,1.021872,20241010,20241010,1.021872
000001.SZ,1d,2024-08-01,10.03061048741917,10.099112217577153,9.952322795810044,10.05018241032145,733884.0,752688220.0,20240801,10.27,1.021872,20241010,20241010,1.021872
000001.SZ,1d,2024-08-02,10.001252603065748,10.03061048741917,9.91317895000548,9.922964911456623,590229.0,601173370.8399999,20240802,10.14,1.021872,20241010,20241010,1.021872
000001.SZ,1d,2024-08-05,9.8936070271032,10.001252603065748,9.834891258396356,9.834891258396356,758979.0,768980624.53,20240805,10.05,1.021872,20241010,20241010,1.021872
000001.SZ,1d,2024-08-06,9.854463181298637,9.90339298855434,9.678315875178106,9.717459720982667,1265537.0,1261997756.88,20240806,9.93,1.021872,20241010,20241010,1.021872
000001.SZ,1d,2024-08-07,9.737031643884949,9.76638952823837,9.697887798080387,9.717459720982667,517608.0,514848813.1,20240807,9.93,1.021872,20241010,20241010,1.021872
000001.SZ,1d,2024-08-08,9.707673759531527,9.76638952823837,9.688101836629246,9.727245682433807,500411.0,497548149.01,20240808,9.94,1.021872,20241010,20241010,1.021872
000001.SZ,1d,2024-08-09,9.746817605336089,9.883821065652059,9.727245682433807,9.825105296945214,730274.0,732886455.92,20240809,10.04,1.021872,20241010,20241010,1.021872
000001.SZ,1d,2024-08-12,9.805533374042934,9.834891258396356,9.76638952823837,9.795747412591792,353013.0,353251351.40000004,20240812,10.01,1.021872,20241010,20241010,1.021872
000001.SZ,1d,2024-08-13,9.805533374042934,9.815319335494074,9.707673759531527,9.737031643884949,622077.0,620061491.9200001,20240813,9.95,1.021872,20241010,20241010,1.021872
000001.SZ,1d,2024-08-14,9.727245682433807,9.76638952823837,9.697887798080387,9.707673759531527,436380.0,433380446.81000006,20240814,9.92,1.021872,20241010,20241010,1.021872
000001.SZ,1d,2024-08-15,9.707673759531529,9.844677219847497,9.658743952275826,9.815319335494076,776247.0,775851460.98,20240815,10.030000000000001,1.021872,20241010,20241010,1.021872
000001.SZ,1d,2024-08-16,9.864249142749777,9.991466641614608,9.834891258396356,9.91317895000548,1260368.0,1277042000.97,20240816,10.13,1.021872,20241010,20241010,1.021872
000001.SZ,1d,2024-08-19,9.91317895000548,10.079540294674873,9.90339298855434,10.069754333223733,1482985.0,1520594687.5500002,20240819,10.290000000000001,1.021872,20241010,20241010,1.021872
000001.SZ,1d,2024-08-20,10.09911221757715,10.2067577935397,10.05996837177259,10.118684140479434,1569187.0,1623147686.3600001,20240820,10.34,1.021872,20241010,20241010,1.021872
000001.SZ,1d,2024-08-21,10.079540294674873,10.157827986283998,9.991466641614608,10.128470101930576,1034888.0,1068207868.1500001,20240821,10.350000000000001,1.021872,20241010,20241010,1.021872
000001.SZ,1d,2024-08-22,10.118684140479434,10.226329716441983,10.099112217577153,10.157827986283998,1109030.0,1153871815.8000002,20240822,10.38,1.021872,20241010,20241010,1.021872
000001.SZ,1d,2024-08-23,10.167613947735138,10.275259523697684,10.099112217577153,10.245901639344263,1071906.0,1117475768.1799998,20240823,10.47,1.021872,20241010,20241010,1.021872
000001.SZ,1d,2024-08-26,10.275259523697684,10.32418933095339,10.19697183208856,10.265473562246545,740675.0,775921848.78,20240826,10.49,1.021872,20241010,20241010,1.021872
000001.SZ,1d,2024-08-27,10.245901639344263,10.294831446599968,10.148042024832858,10.206757793539701,723137.0,755583764.04,20240827,10.430000000000001,1.021872,20241010,20241010,1.021872
000001.SZ,1d,2024-08-28,10.18718587063742,10.2067577935397,10.05996837177259,10.108898179028294,942548.0,973872155.01,20240828,10.33,1.021872,20241010,20241010,1.021872
000001.SZ,1d,2024-08-29,10.08932625612601,10.157827986283996,9.893607027103199,9.913178950005479,1197676.0,1221351092.1299999,20240829,10.129999999999999,1.021872,20241010,20241010,1.021872
000001.SZ,1d,2024-08-30,9.893607027103199,10.04039644887031,9.893607027103199,9.942536834358902,1294059.0,1318858687.52,20240830,10.16,1.021872,20241010,20241010,1.021872
000001.SZ,1d,2024-09-02,9.903392988554339,9.991466641614606,9.874035104200917,9.893607027103199,968836.0,983898750.95,20240902,10.11,1.021872,20241010,20241010,1.021872
000001.SZ,1d,2024-09-03,9.893607027103199,9.91317895000548,9.785961451140652,9.864249142749777,916581.0,920884663.15,20240903,10.08,1.021872,20241010,20241010,1.021872
000001.SZ,1d,2024-09-04,9.834891258396356,9.932750872907762,9.785961451140652,9.805533374042934,847992.0,852224669.89,20240904,10.02,1.021872,20241010,20241010,1.021872
000001.SZ,1d,2024-09-05,9.815319335494076,9.864249142749777,9.76638952823837,9.854463181298637,594209.0,595845842.53,20240905,10.07,1.021872,20241010,20241010,1.021872
000001.SZ,1d,2024-09-06,9.844677219847497,9.991466641614608,9.834891258396356,9.864249142749777,878865.0,891507833.6099999,20240906,10.08,1.021872,20241010,20241010,1.021872
000001.SZ,1d,2024-09-09,9.834891258396356,9.854463181298637,9.629386067922402,9.639172029373542,1639175.0,1624857668.46,20240909,9.85,1.021872,20241010,20241010,1.021872
000001.SZ,1d,2024-09-10,9.648957990824682,9.707673759531527,9.570670299215557,9.688101836629244,767901.0,756124763.92,20240910,9.899999999999999,1.021872,20241010,20241010,1.021872
000001.SZ,1d,2024-09-11,9.668529913726966,9.668529913726966,9.423880877448449,9.44345280035073,1108727.0,1078602467.68,20240911,9.65,1.021872,20241010,20241010,1.021872
000001.SZ,1d,2024-09-12,9.443452800350729,9.560884337764417,9.404308954546167,9.531526453410995,581834.0,564923215.58,20240912,9.74,1.021872,20241010,20241010,1.021872
000001.SZ,1d,2024-09-13,9.521740491959855,9.60981414502012,9.492382607606434,9.492382607606434,566462.0,553269703.6,20240913,9.700000000000001,1.021872,20241010,20241010,1.021872
000001.SZ,1d,2024-09-18,9.511954530508715,9.570670299215557,9.45323876180187,9.560884337764417,443611.0,431665627.32,20240918,9.77,1.021872,20241010,20241010,1.021872
000001.SZ,1d,2024-09-19,9.580456260666697,9.629386067922402,9.472810684704152,9.60002818356898,684293.0,669341181.7,20240919,9.81,1.021872,20241010,20241010,1.021872
000001.SZ,1d,2024-09-20,9.600028183568979,9.688101836629244,9.570670299215557,9.688101836629244,797297.0,785121198.9100001,20240920,9.899999999999999,1.021872,20241010,20241010,1.021872
000001.SZ,1d,2024-09-23,9.678315875178106,9.87403510420092,9.658743952275826,9.825105296945216,896908.0,897428029.52,20240923,10.040000000000001,1.021872,20241010,20241010,1.021872
000001.SZ,1d,2024-09-24,9.893607027103199,10.148042024832856,9.864249142749777,10.148042024832856,1638213.0,1678174481.91,20240924,10.37,1.021872,20241010,20241010,1.021872
000001.SZ,1d,2024-09-25,10.294831446599968,10.4709787527205,10.226329716441983,10.275259523697686,2160694.0,2285995369.39,20240925,10.500000000000002,1.021872,20241010,20241010,1.021872
000001.SZ,1d,2024-09-26,10.275259523697684,10.911347018021827,10.275259523697684,10.911347018021827,3086457.0,3341759455.52,20240926,11.15,1.021872,20241010,20241010,1.021872
000001.SZ,1d,2024-09-27,11.10706624704464,11.312571437518592,10.793915480608138,11.175567977202626,3840016.0,4337985142.5,20240927,11.42,1.021872,20241010,20241010,1.021872
000001.SZ,1d,2024-09-30,11.371287206225439,12.036732584903003,11.312571437518594,11.948658931842738,5430284.0,6467438837.700001,20240930,12.21,1.021872,20241010,20241010,1.021872
000001.SZ,1d,2024-10-08,13.142546228881896,13.142546228881896,12.075876430707565,12.604318349069159,5888978.0,7602664023.92,20241008,12.879999999999999,1.021872,20241010,20241010,1.021872
000001.SZ,1d,2024-10-09,12.359669312790645,12.359669312790645,11.41043105203,11.430002974932282,4269345.0,5172049702.2300005,20241009,11.68,1.021872,20241010,20241010,1.021872
000001.SZ,1d,2024-10-10,11.62,12.26,11.6,11.98,3426422.0,4095573500.6400003,20241010,11.98,1.0,20241010,20241010,1.021872
