stock,period,datetime,open,high,low,close,volume,amount,day,raw_close,cum_dr,asof,new_event_day,new_dr
000001.SZ,1d,2016-01-04,8.841642739422989,8.863746846271548,8.27430399697668,8.34798435313854,563497.0,660376153.12,20160104,11.33,1.3572138519570094,20230614,20230614,1.024369
000001.SZ,1d,2016-01-05,8.303776139441423,8.524817207926999,8.215359712047194,8.399560602451839,663269.0,755531353.7200001,20160105,11.4,1.3572138519570094,20230614,20230614,1.024369
000001.SZ,1d,2016-01-06,8.41429667368421,8.517449172310814,8.392192566835654,8.495345065462256,515706.0,591698520.3600001,20160106,11.530000000000001,1.3572138519570094,20230614,20230614,1.024369
000001.SZ,1d,2016-01-07,8.406928638068026,8.406928638068026,8.038526857258734,8.060630964107292,174761.0,194869493.47000003,20160107,10.94,1.3572138519570094,20230614,20230614,1.024369
000001.SZ,1d,2016-01-08,8.25956792574431,8.318512210673797,8.03115882164255,8.193255605198637,747527.0,831334546.23,20160108,11.120000000000001,1.3572138519570094,20230614,20230614,1.024369
000001.SZ,1d,2016-01-11,8.104839177804406,8.163783462733893,7.86906203808646,7.928006323015946,732013.0,800683640.99,20160111,10.76,1.3572138519570094,20230614,20230614,1.024369
000001.SZ,1d,2016-01-12,7.979582572329248,8.038526857258734,7.839589895621717,7.9648465010968765,561642.0,605970836.99,20160112,10.81,1.3572138519570094,20230614,20230614,1.024369
000001.SZ,1d,2016-01-13,8.023790786026362,8.060630964107293,7.883798109318833,7.891166144935018,391709.0,424371697.73,20160113,10.71,1.3572138519570094,20230614,20230614,1.024369
000001.SZ,1d,2016-01-14,7.802749717540787,7.9574784654806905,7.721701325762744,7.935374358632132,666314.0,708535004.7,20160114,10.77,1.3572138519570094,20230614,20230614,1.024369
000001.SZ,1d,2016-01-15,7.854325966854089,7.9574784654806905,7.677493112065629,7.706965254530371,448202.0,474908142.0300001,20160115,10.459999999999999,1.3572138519570094,20230614,20230614,1.024369
000001.SZ,1d,2016-01-18,7.618548827136142,7.780645610692231,7.589076684671399,7.670125076449443,421040.0,439917816.17999995,20160118,10.41,1.3572138519570094,20230614,20230614,1.024369
000001.SZ,1d,2016-01-19,7.699597218914185,7.9427423942483175,7.670125076449443,7.891166144935018,501109.0,532074699.5,20160119,10.71,1.3572138519570094,20230614,20230614,1.024369
000001.SZ,1d,2016-01-20,7.883798109318831,7.95747846548069,7.692229183298,7.765909539459858,603752.0,640968946.8700001,20160120,10.54,1.3572138519570094,20230614,20230614,1.024369
000001.SZ,1d,2016-01-21,7.721701325762744,7.920638287399761,7.60381275590377,7.60381275590377,606145.0,638127876.8299999,20160121,10.32,1.3572138519570094,20230614,20230614,1.024369
000001.SZ,1d,2016-01-22,7.662757040833257,7.699597218914187,7.5301323997419125,7.662757040833257,466752.0,482984450.37000006,20160122,10.4,1.3572138519570094,20230614,20230614,1.024369
000001.SZ,1d,2016-01-25,7.662757040833257,7.692229183298,7.611180791519956,7.640652933984699,376431.0,390734876.74,20160125,10.37,1.3572138519570094,20230614,20230614,1.024369
000001.SZ,1d,2016-01-26,7.60381275590377,7.60381275590377,7.264883117559222,7.272251153175408,647901.0,653561593.37,20160126,9.87,1.3572138519570094,20230614,20230614,1.024369
000001.SZ,1d,2016-01-27,7.316459366872523,7.353299544953453,7.073314191538391,7.279619188791593,569037.0,558510640.86,20160127,9.879999999999999,1.3572138519570094,20230614,20230614,1.024369
000001.SZ,1d,2016-01-28,7.23541097509448,7.28698722440778,7.110154369619321,7.139626512084063,302540.0,296055319.24,20160128,9.69,1.3572138519570094,20230614,20230614,1.024369
000001.SZ,1d,2016-01-29,7.176466690164993,7.426979901115311,7.139626512084063,7.368035616185824,544435.0,540544459.55,20160129,10.0,1.3572138519570094,20230614,20230614,1.024369
000001.SZ,1d,2016-02-01,7.353299544953453,7.37540365180201,7.176466690164993,7.220674903862108,417732.0,412635642.62999994,20160201,9.8,1.3572138519570094,20230614,20230614,1.024369
000001.SZ,1d,2016-02-02,7.220674903862107,7.390139723034381,7.205938832629736,7.331195438104895,369104.0,367360499.7,20160202,9.95,1.3572138519570094,20230614,20230614,1.024369
000001.SZ,1d,2016-02-03,7.257515081943036,7.286987224407779,7.1985707970135495,7.257515081943036,274572.0,269997835.61,20160203,9.85,1.3572138519570094,20230614,20230614,1.024369
000001.SZ,1d,2016-02-04,7.28698722440778,7.368035616185824,7.279619188791595,7.331195438104896,373099.0,370586187.52000004,20160204,9.950000000000001,1.3572138519570094,20230614,20230614,1.024369
000001.SZ,1d,2016-02-05,7.338563473721082,7.345931509337267,7.301723295640151,7.3090913312563375,270893.0,269184383.53,20160205,9.92,1.3572138519570094,20230614,20230614,1.024369
000001.SZ,1d,2016-02-15,7.117522405235506,7.257515081943036,7.110154369619321,7.2133068682459225,278499.0,271173372.44,20160215,9.790000000000001,1.3572138519570094,20230614,20230614,1.024369
000001.SZ,1d,2016-02-16,7.250147046326851,7.390139723034381,7.242779010710665,7.37540365180201,428386.0,427507774.18,20160216,10.01,1.3572138519570094,20230614,20230614,1.024369
000001.SZ,1d,2016-02-17,7.390139723034381,7.5301323997419125,7.360667580569638,7.478556150428612,585167.0,590538918.7800001,20160217,10.15,1.3572138519570094,20230614,20230614,1.024369
000001.SZ,1d,2016-02-18,7.500660257277168,7.5301323997419125,7.434347936731497,7.434347936731497,406178.0,412337569.83000004,20160218,10.09,1.3572138519570094,20230614,20230614,1.024369
000001.SZ,1d,2016-02-19,7.434347936731497,7.471188114812426,7.360667580569638,7.397507758650568,318898.0,320939651.99,20160219,10.040000000000001,1.3572138519570094,20230614,20230614,1.024369
000001.SZ,1d,2016-02-22,7.46382007919624,7.596444720287585,7.412243829882939,7.581708649055214,617739.0,630251514.49,20160222,10.290000000000001,1.3572138519570094,20230614,20230614,1.024369
000001.SZ,1d,2016-02-23,7.581708649055214,7.581708649055214,7.404875794266753,7.456452043580055,425874.0,432315311.35,20160223,10.120000000000001,1.3572138519570094,20230614,20230614,1.024369
000001.SZ,1d,2016-02-24,7.412243829882939,7.478556150428612,7.37540365180201,7.478556150428612,300103.0,302498026.09,20160224,10.15,1.3572138519570094,20230614,20230614,1.024369
000001.SZ,1d,2016-02-25,7.456452043580053,7.463820079196239,7.073314191538391,7.124890440851692,622072.0,615004743.2700001,20160225,9.67,1.3572138519570094,20230614,20230614,1.024369
000001.SZ,1d,2016-02-26,7.1985707970135495,7.242779010710665,7.117522405235506,7.2133068682459225,392154.0,382634662.72,20160226,9.790000000000001,1.3572138519570094,20230614,20230614,1.024369
000001.SZ,1d,2016-02-29,7.213306868245921,7.228042939478294,6.940689550447046,7.043842049073648,566896.0,542183971.78,20160229,9.56,1.3572138519570094,20230614,20230614,1.024369
000001.SZ,1d,2016-03-01,7.0880502627707624,7.1985707970135495,7.058578120306019,7.146994547700249,377910.0,365149008.02000004,20160301,9.7,1.3572138519570094,20230614,20230614,1.024369
000001.SZ,1d,2016-03-02,7.183834725781178,7.46382007919624,7.161730618932621,7.441715972347684,676613.0,673626229.31,20160302,10.100000000000001,1.3572138519570094,20230614,20230614,1.024369
000001.SZ,1d,2016-03-03,7.4343479367314975,7.50066025727717,7.397507758650568,7.449084007963869,553089.0,559045201.6200001,20160303,10.110000000000001,1.3572138519570094,20230614,20230614,1.024369
000001.SZ,1d,2016-03-04,7.434347936731497,7.7364373969951155,7.419611865499125,7.662757040833257,1381249.0,1429273062.74,20160304,10.4,1.3572138519570094,20230614,20230614,1.024369
000001.SZ,1d,2016-03-07,7.625916862752329,7.729069361378929,7.589076684671399,7.618548827136142,606352.0,630155599.1600001,20160307,10.34,1.3572138519570094,20230614,20230614,1.024369
000001.SZ,1d,2016-03-08,7.6332848983685135,7.6332848983685135,7.323827402488709,7.574340613439027,643156.0,650471607.35,20160308,10.28,1.3572138519570094,20230614,20230614,1.024369
000001.SZ,1d,2016-03-09,7.471188114812426,7.5301323997419125,7.397507758650568,7.493292221660984,325900.0,330124892.38,20160309,10.170000000000002,1.3572138519570094,20230614,20230614,1.024369
000001.SZ,1d,2016-03-10,7.544868470974284,7.625916862752329,7.46382007919624,7.478556150428612,474020.0,486414240.72,20160310,10.15,1.3572138519570094,20230614,20230614,1.024369
000001.SZ,1d,2016-03-11,7.441715972347684,7.5301323997419125,7.397507758650568,7.485924186044797,383736.0,389638934.2,20160311,10.16,1.3572138519570094,20230614,20230614,1.024369
000001.SZ,1d,2016-03-14,7.522764364125727,7.706965254530372,7.522764364125727,7.559604542206657,655158.0,679161304.98,20160314,10.260000000000002,1.3572138519570094,20230614,20230614,1.024369
000001.SZ,1d,2016-03-15,7.574340613439027,7.6332848983685135,7.485924186044797,7.60381275590377,417920.0,428786691.82,20160315,10.32,1.3572138519570094,20230614,20230614,1.024369
000001.SZ,1d,2016-03-16,7.566972577822841,7.699597218914185,7.55223650659047,7.6259168627523275,664886.0,690087713.0500001,20160316,10.35,1.3572138519570094,20230614,20230614,1.024369
000001.SZ,1d,2016-03-17,7.633284898368514,7.721701325762744,7.589076684671399,7.677493112065629,610996.0,635181313.4699999,20160317,10.42,1.3572138519570094,20230614,20230614,1.024369
000001.SZ,1d,2016-03-18,7.677493112065629,7.788013646308416,7.662757040833257,7.76590953945986,797215.0,836565552.7900001,20160318,10.540000000000001,1.3572138519570094,20230614,20230614,1.024369
000001.SZ,1d,2016-03-21,7.773277575076045,8.001686679177805,7.773277575076045,7.9574784654806905,920432.0,987764461.92,20160321,10.8,1.3572138519570094,20230614,20230614,1.024369
000001.SZ,1d,2016-03-22,7.935374358632132,8.060630964107292,7.876430073702646,7.898534180551202,625482.0,675406611.44,20160322,10.719999999999999,1.3572138519570094,20230614,20230614,1.024369
000001.SZ,1d,2016-03-23,7.891166144935017,7.935374358632132,7.817485788773159,7.883798109318831,430278.0,458963272.7,20160323,10.7,1.3572138519570094,20230614,20230614,1.024369
000001.SZ,1d,2016-03-24,7.817485788773159,7.832221860005531,7.7364373969951155,7.751173468227487,372406.0,393411544.51,20160324,10.52,1.3572138519570094,20230614,20230614,1.024369
000001.SZ,1d,2016-03-25,7.743805432611301,7.810117753156973,7.7364373969951155,7.802749717540787,237070.0,250338489.56000003,20160325,10.59,1.3572138519570094,20230614,20230614,1.024369
000001.SZ,1d,2016-03-28,7.824853824389346,7.8469579312379025,7.699597218914187,7.721701325762744,358621.0,378973327.48,20160328,10.48,1.3572138519570094,20230614,20230614,1.024369
000001.SZ,1d,2016-03-29,7.743805432611302,7.7511734682274875,7.648020969600886,7.684861147681816,318317.0,332422397.07,20160329,10.430000000000001,1.3572138519570094,20230614,20230614,1.024369
000001.SZ,1d,2016-03-30,7.721701325762744,7.883798109318833,7.714333290146558,7.883798109318833,539699.0,572627417.13,20160330,10.700000000000001,1.3572138519570094,20230614,20230614,1.024369
000001.SZ,1d,2016-03-31,7.891166144935018,7.920638287399761,7.839589895621717,7.839589895621717,418387.0,447266281.73,20160331,10.64,1.3572138519570094,20230614,20230614,1.024369
000001.SZ,1d,2016-04-01,7.824853824389344,7.876430073702646,7.7364373969951155,7.854325966854089,369341.0,391830399.33,20160401,10.66,1.3572138519570094,20230614,20230614,1.024369
000001.SZ,1d,2016-04-05,7.824853824389344,7.9648465010968765,7.7364373969951155,7.883798109318831,592308.0,632378859.33,20160405,10.7,1.3572138519570094,20230614,20230614,1.024369
000001.SZ,1d,2016-04-06,7.86906203808646,7.920638287399761,7.817485788773159,7.898534180551202,435259.0,464962437.13000005,20160406,10.719999999999999,1.3572138519570094,20230614,20230614,1.024369
000001.SZ,1d,2016-04-07,7.898534180551204,7.905902216167389,7.802749717540787,7.802749717540787,377719.0,401949050.57000005,20160407,10.59,1.3572138519570094,20230614,20230614,1.024369
000001.SZ,1d,2016-04-08,7.773277575076045,7.861694002470275,7.7364373969951155,7.788013646308416,376553.0,397998243.93,20160408,10.57,1.3572138519570094,20230614,20230614,1.024369
000001.SZ,1d,2016-04-11,7.810117753156973,7.95747846548069,7.810117753156973,7.898534180551202,786386.0,840486348.21,20160411,10.719999999999999,1.3572138519570094,20230614,20230614,1.024369
000001.SZ,1d,2016-04-12,7.883798109318833,7.891166144935018,7.824853824389346,7.8616940024702755,298599.0,318538001.82000005,20160412,10.670000000000002,1.3572138519570094,20230614,20230614,1.024369
000001.SZ,1d,2016-04-13,7.905902216167389,8.082735070955849,7.891166144935018,7.9648465010968765,856760.0,929858588.49,20160413,10.81,1.3572138519570094,20230614,20230614,1.024369
000001.SZ,1d,2016-04-14,8.016422750410177,8.03115882164255,7.9501104298645044,7.986950607945435,323646.0,350702741.47,20160414,10.840000000000002,1.3572138519570094,20230614,20230614,1.024369
000001.SZ,1d,2016-04-15,7.986950607945433,8.060630964107293,7.9574784654806905,8.016422750410177,497224.0,541052858.38,20160415,10.88,1.3572138519570094,20230614,20230614,1.024369
000001.SZ,1d,2016-04-18,7.972214536713062,7.994318643561619,7.905902216167389,7.905902216167389,350654.0,377791436.76,20160418,10.73,1.3572138519570094,20230614,20230614,1.024369
000001.SZ,1d,2016-04-19,7.935374358632133,7.9648465010968765,7.891166144935018,7.935374358632133,218239.0,234479844.29,20160419,10.770000000000001,1.3572138519570094,20230614,20230614,1.024369
000001.SZ,1d,2016-04-20,7.935374358632132,7.9427423942483175,7.6332848983685135,7.751173468227487,606586.0,640149677.08,20160420,10.52,1.3572138519570094,20230614,20230614,1.024369
000001.SZ,1d,2016-04-21,7.7511734682274875,7.832221860005531,7.699597218914187,7.743805432611302,558799.0,588731547.4699999,20160421,10.510000000000002,1.3572138519570094,20230614,20230614,1.024369
000001.SZ,1d,2016-04-22,7.706965254530372,7.824853824389346,7.670125076449443,7.773277575076045,359677.0,379176139.25,20160422,10.55,1.3572138519570094,20230614,20230614,1.024369
000001.SZ,1d,2016-04-25,7.780645610692231,7.780645610692231,7.677493112065629,7.7364373969951155,349257.0,366533376.73,20160425,10.5,1.3572138519570094,20230614,20230614,1.024369
000001.SZ,1d,2016-04-26,7.721701325762744,7.810117753156974,7.706965254530372,7.802749717540789,291699.0,306962513.0,20160426,10.590000000000002,1.3572138519570094,20230614,20230614,1.024369
000001.SZ,1d,2016-04-27,7.795381681924602,7.817485788773159,7.751173468227487,7.788013646308416,239553.0,253308584.05,20160427,10.57,1.3572138519570094,20230614,20230614,1.024369
000001.SZ,1d,2016-04-28,7.795381681924602,7.928006323015948,7.76590953945986,7.854325966854089,457460.0,487261220.54,20160428,10.66,1.3572138519570094,20230614,20230614,1.024369
000001.SZ,1d,2016-04-29,7.839589895621717,7.839589895621717,7.773277575076045,7.788013646308416,404977.0,428582155.01,20160429,10.57,1.3572138519570094,20230614,20230614,1.024369
000001.SZ,1d,2016-05-03,7.795381681924602,7.898534180551202,7.751173468227487,7.86906203808646,489102.0,521137502.43000007,20160503,10.68,1.3572138519570094,20230614,20230614,1.024369
000001.SZ,1d,2016-05-04,7.86906203808646,7.920638287399761,7.854325966854089,7.898534180551204,412435.0,441848167.65000004,20160504,10.72,1.3572138519570094,20230614,20230614,1.024369
000001.SZ,1d,2016-05-05,7.876430073702646,7.898534180551204,7.8469579312379025,7.898534180551204,239516.0,256002095.85999998,20160505,10.72,1.3572138519570094,20230614,20230614,1.024369
000001.SZ,1d,2016-05-06,7.905902216167389,7.905902216167389,7.751173468227487,7.751173468227487,346545.0,367408584.52,20160506,10.52,1.3572138519570094,20230614,20230614,1.024369
000001.SZ,1d,2016-05-09,7.7364373969951155,7.758541503843674,7.60381275590377,7.6259168627523275,411171.0,428356624.07,20160509,10.35,1.3572138519570094,20230614,20230614,1.024369
000001.SZ,1d,2016-05-10,7.618548827136142,7.640652933984699,7.566972577822841,7.574340613439027,292599.0,301767207.97,20160510,10.28,1.3572138519570094,20230614,20230614,1.024369
000001.SZ,1d,2016-05-11,7.589076684671399,7.692229183298001,7.589076684671399,7.6406529339847005,327289.0,339005275.76,20160511,10.370000000000001,1.3572138519570094,20230614,20230614,1.024369
000001.SZ,1d,2016-05-12,7.596444720287585,7.662757040833257,7.55223650659047,7.648020969600886,325885.0,336792700.57,20160512,10.38,1.3572138519570094,20230614,20230614,1.024369
000001.SZ,1d,2016-05-13,7.6259168627523275,7.662757040833257,7.611180791519956,7.6259168627523275,184266.0,191007255.66,20160513,10.35,1.3572138519570094,20230614,20230614,1.024369
000001.SZ,1d,2016-05-16,7.60381275590377,7.6332848983685135,7.55223650659047,7.6332848983685135,215224.0,221931208.07000002,20160516,10.36,1.3572138519570094,20230614,20230614,1.024369
000001.SZ,1d,2016-05-17,7.6332848983685135,7.6406529339847005,7.544868470974284,7.589076684671399,250424.0,257859628.95000002,20160517,10.3,1.3572138519570094,20230614,20230614,1.024369
000001.SZ,1d,2016-05-18,7.581708649055212,7.60381275590377,7.493292221660983,7.589076684671399,534150.0,547076639.38,20160518,10.3,1.3572138519570094,20230614,20230614,1.024369
000001.SZ,1d,2016-05-19,7.566972577822841,7.60381275590377,7.55223650659047,7.55223650659047,170777.0,175591500.42,20160519,10.25,1.3572138519570094,20230614,20230614,1.024369
000001.SZ,1d,2016-05-20,7.544868470974284,7.611180791519956,7.508028292893354,7.589076684671398,206703.0,212277642.00000003,20160520,10.299999999999999,1.3572138519570094,20230614,20230614,1.024369
000001.SZ,1d,2016-05-23,7.611180791519956,7.618548827136142,7.55223650659047,7.574340613439027,323646.0,333300178.49,20160523,10.28,1.3572138519570094,20230614,20230614,1.024369
000001.SZ,1d,2016-05-24,7.566972577822841,7.574340613439027,7.508028292893354,7.522764364125726,259294.0,265042286.91000003,20160524,10.209999999999999,1.3572138519570094,20230614,20230614,1.024369
000001.SZ,1d,2016-05-25,7.55223650659047,7.574340613439027,7.508028292893354,7.537500435358097,204235.0,209019882.70000002,20160525,10.229999999999999,1.3572138519570094,20230614,20230614,1.024369
000001.SZ,1d,2016-05-26,7.5301323997419125,7.566972577822841,7.493292221660983,7.5301323997419125,261396.0,266736775.84,20160526,10.22,1.3572138519570094,20230614,20230614,1.024369
000001.SZ,1d,2016-05-27,7.530132399741912,7.581708649055212,7.508028292893354,7.566972577822841,222818.0,228377555.01999998,20160527,10.27,1.3572138519570094,20230614,20230614,1.024369
000001.SZ,1d,2016-05-30,7.552236506590471,7.574340613439028,7.515396328509541,7.574340613439028,380946.0,390119748.19,20160530,10.280000000000001,1.3572138519570094,20230614,20230614,1.024369
000001.SZ,1d,2016-05-31,7.559604542206655,7.788013646308416,7.559604542206655,7.773277575076044,946467.0,991668174.78,20160531,10.549999999999999,1.3572138519570094,20230614,20230614,1.024369
000001.SZ,1d,2016-06-01,7.743805432611301,7.773277575076044,7.692229183298,7.7217013257627425,556750.0,584161145.13,20160601,10.479999999999999,1.3572138519570094,20230614,20230614,1.024369
000001.SZ,1d,2016-06-02,7.714333290146558,7.721701325762744,7.677493112065629,7.706965254530371,293036.0,306269383.37,20160602,10.459999999999999,1.3572138519570094,20230614,20230614,1.024369
000001.SZ,1d,2016-06-03,7.714333290146558,7.751173468227487,7.670125076449443,7.7364373969951155,423389.0,443039580.98,20160603,10.5,1.3572138519570094,20230614,20230614,1.024369
000001.SZ,1d,2016-06-06,7.743805432611302,7.758541503843674,7.699597218914187,7.743805432611302,338332.0,354998364.13,20160606,10.510000000000002,1.3572138519570094,20230614,20230614,1.024369
000001.SZ,1d,2016-06-07,7.751173468227487,7.758541503843674,7.721701325762744,7.751173468227487,229282.0,240887148.70000002,20160607,10.52,1.3572138519570094,20230614,20230614,1.024369
000001.SZ,1d,2016-06-08,7.76590953945986,7.76590953945986,7.706965254530372,7.7364373969951155,268188.0,281651740.87,20160608,10.5,1.3572138519570094,20230614,20230614,1.024369
000001.SZ,1d,2016-06-13,7.706965254530372,7.714333290146558,7.611180791519956,7.611180791519956,344816.0,358996277.49999994,20160613,10.33,1.3572138519570094,20230614,20230614,1.024369
000001.SZ,1d,2016-06-14,7.618548827136142,7.670125076449443,7.60381275590377,7.662757040833257,273637.0,283578296.52,20160614,10.4,1.3572138519570094,20230614,20230614,1.024369
000001.SZ,1d,2016-06-15,7.611180791519956,7.721701325762744,7.60381275590377,7.692229183298,378172.0,394033686.13,20160615,10.44,1.3572138519570094,20230614,20230614,1.024369
000001.SZ,1d,2016-06-16,7.692228969624964,7.719156258900199,7.656325917257988,7.692228969624964,386670.0,331192444.67,20160616,8.569999999999999,1.1141114017589924,20230614,20230614,1.024369
000001.SZ,1d,2016-06-17,7.692228969624966,7.728132021991945,7.665301680349733,7.70120473271671,315173.0,270236697.97,20160617,8.58,1.1141114017589924,20230614,20230614,1.024369
000001.SZ,1d,2016-06-20,7.710180495808455,7.719156258900199,7.683253206533222,7.719156258900199,270731.0,232205297.92,20160620,8.6,1.1141114017589924,20230614,20230614,1.024369
000001.SZ,1d,2016-06-21,7.728132021991943,7.7640350743589215,7.70120473271671,7.728132021991943,380749.0,327940703.41,20160621,8.61,1.1141114017589924,20230614,20230614,1.024369
000001.SZ,1d,2016-06-22,7.719156258900199,7.835841179092877,7.70120473271671,7.835841179092877,478002.0,413947368.64000005,20160622,8.73,1.1141114017589924,20230614,20230614,1.024369
000001.SZ,1d,2016-06-23,7.78198660054241,7.808913889817644,7.746083548175433,7.7730108374506655,335614.0,290490407.0,20160623,8.66,1.1141114017589924,20230614,20230614,1.024369
000001.SZ,1d,2016-06-24,7.755059311267176,7.808913889817642,7.647350154166244,7.692228969624966,427664.0,367771053.91,20160624,8.57,1.1141114017589924,20230614,20230614,1.024369
000001.SZ,1d,2016-06-27,7.692228969624966,7.7550593112671775,7.665301680349733,7.728132021991945,325214.0,280044073.17999995,20160627,8.610000000000001,1.1141114017589924,20230614,20230614,1.024369
000001.SZ,1d,2016-06-28,7.70120473271671,7.7550593112671775,7.683253206533222,7.746083548175433,336519.0,289122213.99,20160628,8.63,1.1141114017589924,20230614,20230614,1.024369
000001.SZ,1d,2016-06-29,7.746083548175433,7.7999381267259,7.737107785083689,7.7999381267259,369611.0,319908689.63,20160629,8.690000000000001,1.1141114017589924,20230614,20230614,1.024369
000001.SZ,1d,2016-06-30,7.799938126725898,7.844816942184621,7.7730108374506655,7.808913889817642,362204.0,315051854.72999996,20160630,8.7,1.1141114017589924,20230614,20230614,1.024369
000001.SZ,1d,2016-07-01,7.799938126725898,7.835841179092877,7.790962363634154,7.817889652909387,348930.0,303652375.25,20160701,8.709999999999999,1.1141114017589924,20230614,20230614,1.024369
000001.SZ,1d,2016-07-04,7.799938126725898,7.952526099285554,7.78198660054241,7.907647283826832,608257.0,534656909.55,20160704,8.81,1.1141114017589924,20230614,20230614,1.024369
000001.SZ,1d,2016-07-05,7.898671520735086,7.925598810010321,7.871744231459854,7.90764728382683,422037.0,371422814.75,20160705,8.809999999999999,1.1141114017589924,20230614,20230614,1.024369
000001.SZ,1d,2016-07-06,7.898671520735086,7.916623046918576,7.86276846836811,7.889695757643342,322950.0,283827375.8,20160706,8.79,1.1141114017589924,20230614,20230614,1.024369
000001.SZ,1d,2016-07-07,7.889695757643344,7.898671520735088,7.844816942184621,7.880719994551598,312853.0,274337185.84000003,20160707,8.78,1.1141114017589924,20230614,20230614,1.024369
000001.SZ,1d,2016-07-08,7.889695757643344,7.889695757643344,7.835841179092877,7.844816942184621,261342.0,228778674.11,20160708,8.74,1.1141114017589924,20230614,20230614,1.024369
000001.SZ,1d,2016-07-11,7.853792705276366,7.889695757643344,7.844816942184621,7.853792705276366,365372.0,320333760.68,20160711,8.75,1.1141114017589924,20230614,20230614,1.024369
000001.SZ,1d,2016-07-12,7.853792705276366,7.9794533885607875,7.844816942184621,7.9704776254690435,711832.0,627505578.42,20160712,8.88,1.1141114017589924,20230614,20230614,1.024369
000001.SZ,1d,2016-07-13,7.970477625469042,8.123065598028697,7.952526099285554,8.069211019478232,798288.0,716797025.3100001,20160713,8.99,1.1141114017589924,20230614,20230614,1.024369
000001.SZ,1d,2016-07-14,8.051259493294744,8.078186782569976,7.997404914744276,8.024332204019508,359699.0,321889343.31,20160714,8.94,1.1141114017589924,20230614,20230614,1.024369
000001.SZ,1d,2016-07-15,8.033307967111254,8.078186782569976,7.997404914744276,8.069211019478232,352033.0,315555253.54,20160715,8.99,1.1141114017589924,20230614,20230614,1.024369
000001.SZ,1d,2016-07-18,8.069211019478232,8.149992887303931,8.051259493294744,8.114089834936955,506934.0,457358031.39,20160718,9.040000000000001,1.1141114017589924,20230614,20230614,1.024369
000001.SZ,1d,2016-07-19,8.114089834936955,8.123065598028699,8.033307967111254,8.051259493294744,362787.0,326046531.03999996,20160719,8.97,1.1141114017589924,20230614,20230614,1.024369
000001.SZ,1d,2016-07-20,8.042283730203,8.069211019478232,8.033307967111254,8.042283730203,310926.0,278737194.12,20160720,8.96,1.1141114017589924,20230614,20230614,1.024369
000001.SZ,1d,2016-07-21,8.033307967111254,8.087162545661721,8.033307967111254,8.069211019478232,340261.0,305710332.75,20160721,8.99,1.1141114017589924,20230614,20230614,1.024369
000001.SZ,1d,2016-07-22,8.069211019478232,8.069211019478232,8.00638067783602,8.024332204019508,295549.0,264379250.43,20160722,8.94,1.1141114017589924,20230614,20230614,1.024369
000001.SZ,1d,2016-07-25,8.015356440927764,8.060235256386488,7.997404914744276,8.060235256386488,264682.0,236937494.08,20160725,8.98,1.1141114017589924,20230614,20230614,1.024369
000001.SZ,1d,2016-07-26,8.051259493294744,8.18589593967091,8.051259493294744,8.176920176579165,546556.0,494506420.12000006,20160726,9.110000000000001,1.1141114017589924,20230614,20230614,1.024369
000001.SZ,1d,2016-07-27,8.18589593967091,8.23077475512963,7.997404914744276,8.08716254566172,818678.0,741263303.03,20160727,9.01,1.1141114017589924,20230614,20230614,1.024369
000001.SZ,1d,2016-07-28,8.060235256386488,8.176920176579165,8.051259493294744,8.149992887303931,479910.0,434490536.62,20160728,9.08,1.1141114017589924,20230614,20230614,1.024369
000001.SZ,1d,2016-07-29,8.149992887303931,8.293605096771842,8.10511407184521,8.257702044404864,671425.0,614972669.3,20160729,9.2,1.1141114017589924,20230614,20230614,1.024369
000001.SZ,1d,2016-08-01,8.239750518221376,8.383362727689287,8.23077475512963,8.32950814913882,759324.0,702466616.0,20160801,9.28,1.1141114017589924,20230614,20230614,1.024369
000001.SZ,1d,2016-08-02,8.293605096771842,8.311556622955331,8.23077475512963,8.302580859863586,449165.0,413484595.07000005,20160802,9.25,1.1141114017589924,20230614,20230614,1.024369
000001.SZ,1d,2016-08-03,8.26667780749661,8.275653570588354,8.212823228946142,8.239750518221376,424622.0,389817535.11,20160803,9.18,1.1141114017589924,20230614,20230614,1.024369
000001.SZ,1d,2016-08-04,8.23077475512963,8.239750518221376,8.015356440927764,8.069211019478232,1344462.0,1210346973.56,20160804,8.99,1.1141114017589924,20230614,20230614,1.024369
000001.SZ,1d,2016-08-05,8.069211019478232,8.141017124212187,8.033307967111254,8.114089834936955,725948.0,654998092.94,20160805,9.040000000000001,1.1141114017589924,20230614,20230614,1.024369
000001.SZ,1d,2016-08-08,8.114089834936953,8.176920176579165,8.08716254566172,8.176920176579165,398479.0,361191045.29,20160808,9.11,1.1141114017589924,20230614,20230614,1.024369
000001.SZ,1d,2016-08-09,8.158968650395675,8.212823228946142,8.141017124212187,8.212823228946142,415676.0,378720688.32000005,20160809,9.15,1.1141114017589924,20230614,20230614,1.024369
000001.SZ,1d,2016-08-10,8.212823228946142,8.239750518221376,8.18589593967091,8.203847465854398,436655.0,399656990.64000005,20160810,9.14,1.1141114017589924,20230614,20230614,1.024369
000001.SZ,1d,2016-08-11,8.203847465854398,8.392338490781032,8.194871702762654,8.275653570588354,935576.0,866594867.9,20160811,9.22,1.1141114017589924,20230614,20230614,1.024369
000001.SZ,1d,2016-08-12,8.257702044404864,8.55390222643243,8.239750518221376,8.526974937157197,1370021.0,1282336292.04,20160812,9.5,1.1141114017589924,20230614,20230614,1.024369
000001.SZ,1d,2016-08-15,8.571853752615917,8.796247829909529,8.535950700248941,8.688538672808596,1897552.0,1835196865.56,20160815,9.68,1.1141114017589924,20230614,20230614,1.024369
000001.SZ,1d,2016-08-16,8.688538672808598,8.688538672808598,8.49107188479022,8.544926463340687,1099558.0,1050479545.3100001,20160816,9.520000000000001,1.1141114017589924,20230614,20230614,1.024369
000001.SZ,1d,2016-08-17,8.544926463340685,8.61673256807464,8.509023410973708,8.571853752615919,560725.0,534926047.02,20160817,9.55,1.1141114017589924,20230614,20230614,1.024369
000001.SZ,1d,2016-08-18,8.580829515707663,8.607756804982897,8.464144595514986,8.526974937157197,691504.0,658183955.01,20160818,9.5,1.1141114017589924,20230614,20230614,1.024369
000001.SZ,1d,2016-08-19,8.517999174065453,8.544926463340685,8.464144595514986,8.535950700248941,505334.0,478779724.24,20160819,9.51,1.1141114017589924,20230614,20230614,1.024369
000001.SZ,1d,2016-08-22,8.526974937157197,8.535950700248941,8.401314253872775,8.43721730623975,979432.0,922426435.12,20160822,9.399999999999999,1.1141114017589924,20230614,20230614,1.024369
000001.SZ,1d,2016-08-23,8.419265780056264,8.482096121698476,8.41029001696452,8.437217306239752,890656.0,838185900.5899999,20160823,9.4,1.1141114017589924,20230614,20230614,1.024369
000001.SZ,1d,2016-08-24,8.446193069331496,8.464144595514988,8.419265780056264,8.464144595514988,732281.0,688971683.08,20160824,9.430000000000001,1.1141114017589924,20230614,20230614,1.024369
000001.SZ,1d,2016-08-25,8.455168832423242,8.482096121698474,8.383362727689287,8.47312035860673,617389.0,580648481.91,20160825,9.44,1.1141114017589924,20230614,20230614,1.024369
000001.SZ,1d,2016-08-26,8.482096121698476,8.500047647881964,8.437217306239752,8.482096121698476,502233.0,473688076.59,20160826,9.450000000000001,1.1141114017589924,20230614,20230614,1.024369
000001.SZ,1d,2016-08-29,8.446193069331496,8.482096121698476,8.419265780056264,8.455168832423242,565231.0,532295362.01000005,20160829,9.42,1.1141114017589924,20230614,20230614,1.024369
000001.SZ,1d,2016-08-30,8.455168832423242,8.500047647881964,8.446193069331496,8.500047647881964,595081.0,561854066.27,20160830,9.47,1.1141114017589924,20230614,20230614,1.024369
000001.SZ,1d,2016-08-31,8.491071884790218,8.526974937157197,8.464144595514986,8.517999174065453,489746.0,463875762.93,20160831,9.49,1.1141114017589924,20230614,20230614,1.024369
000001.SZ,1d,2016-09-01,8.517999174065453,8.544926463340685,8.455168832423242,8.482096121698474,480131.0,454848634.31,20160901,9.45,1.1141114017589924,20230614,20230614,1.024369
000001.SZ,1d,2016-09-02,8.464144595514986,8.491071884790218,8.455168832423242,8.482096121698474,368796.0,348054367.10999995,20160902,9.45,1.1141114017589924,20230614,20230614,1.024369
000001.SZ,1d,2016-09-05,8.49107188479022,8.49107188479022,8.437217306239752,8.455168832423242,469936.0,443204803.58,20160905,9.42,1.1141114017589924,20230614,20230614,1.024369
000001.SZ,1d,2016-09-06,8.455168832423242,8.464144595514986,8.401314253872775,8.446193069331496,574738.0,539813283.55,20160906,9.41,1.1141114017589924,20230614,20230614,1.024369
000001.SZ,1d,2016-09-07,8.446193069331496,8.455168832423244,8.41029001696452,8.437217306239752,459373.0,431984158.6100001,20160907,9.4,1.1141114017589924,20230614,20230614,1.024369
000001.SZ,1d,2016-09-08,8.428241543148008,8.455168832423242,8.419265780056264,8.437217306239752,295218.0,277503757.8,20160908,9.4,1.1141114017589924,20230614,20230614,1.024369
000001.SZ,1d,2016-09-09,8.43721730623975,8.464144595514986,8.401314253872775,8.419265780056262,327431.0,307527271.24,20160909,9.379999999999999,1.1141114017589924,20230614,20230614,1.024369
000001.SZ,1d,2016-09-12,8.338483912230565,8.365411201505797,8.194871702762654,8.221798992037886,756581.0,697759184.1,20160912,9.16,1.1141114017589924,20230614,20230614,1.024369
000001.SZ,1d,2016-09-13,8.239750518221376,8.26667780749661,8.203847465854398,8.248726281313122,460931.0,423113832.02000004,20160913,9.190000000000001,1.1141114017589924,20230614,20230614,1.024369
000001.SZ,1d,2016-09-14,8.23077475512963,8.239750518221376,8.123065598028699,8.132041361120443,421481.0,384081266.46000004,20160914,9.06,1.1141114017589924,20230614,20230614,1.024369
000001.SZ,1d,2016-09-19,8.123065598028699,8.203847465854398,8.123065598028699,8.18589593967091,354348.0,322575925.94,20160919,9.120000000000001,1.1141114017589924,20230614,20230614,1.024369
000001.SZ,1d,2016-09-20,8.18589593967091,8.18589593967091,8.114089834936955,8.149992887303931,436678.0,396359321.31,20160920,9.08,1.1141114017589924,20230614,20230614,1.024369
000001.SZ,1d,2016-09-21,8.149992887303931,8.167944413487419,8.10511407184521,8.149992887303931,405665.0,367767497.46,20160921,9.08,1.1141114017589924,20230614,20230614,1.024369
000001.SZ,1d,2016-09-22,8.167944413487419,8.239750518221376,8.158968650395675,8.221798992037886,494613.0,451909020.47999996,20160922,9.16,1.1141114017589924,20230614,20230614,1.024369
000001.SZ,1d,2016-09-23,8.221798992037886,8.248726281313122,8.203847465854398,8.212823228946142,288798.0,264699513.1,20160923,9.15,1.1141114017589924,20230614,20230614,1.024369
000001.SZ,1d,2016-09-26,8.194871702762654,8.194871702762654,8.114089834936955,8.114089834936955,439481.0,398771864.85,20160926,9.040000000000001,1.1141114017589924,20230614,20230614,1.024369
000001.SZ,1d,2016-09-27,8.114089834936953,8.141017124212187,8.08716254566172,8.132041361120443,401323.0,362769231.03,20160927,9.06,1.1141114017589924,20230614,20230614,1.024369
000001.SZ,1d,2016-09-28,8.132041361120441,8.132041361120441,8.10511407184521,8.123065598028697,271366.0,245499467.89,20160928,9.049999999999999,1.1141114017589924,20230614,20230614,1.024369
000001.SZ,1d,2016-09-29,8.123065598028699,8.149992887303931,8.123065598028699,8.132041361120443,303664.0,275239667.40999997,20160929,9.06,1.1141114017589924,20230614,20230614,1.024369
000001.SZ,1d,2016-09-30,8.132041361120443,8.16794441348742,8.123065598028699,8.141017124212187,308084.0,279526475.64000005,20160930,9.07,1.1141114017589924,20230614,20230614,1.024369
000001.SZ,1d,2016-10-10,8.167944413487419,8.23077475512963,8.149992887303931,8.185895939670909,611381.0,557122276.5,20161010,9.12,1.1141114017589924,20230614,20230614,1.024369
000001.SZ,1d,2016-10-11,8.194871702762653,8.21282322894614,8.176920176579165,8.21282322894614,363370.0,331886515.46000004,20161011,9.149999999999999,1.1141114017589924,20230614,20230614,1.024369
000001.SZ,1d,2016-10-12,8.203847465854398,8.221798992037886,8.18589593967091,8.194871702762654,270316.0,246995531.01,20161012,9.13,1.1141114017589924,20230614,20230614,1.024369
000001.SZ,1d,2016-10-13,8.149992887303931,8.176920176579165,8.123065598028699,8.141017124212187,632367.0,574142476.2700001,20161013,9.07,1.1141114017589924,20230614,20230614,1.024369
000001.SZ,1d,2016-10-14,8.132041361120443,8.158968650395677,8.114089834936955,8.158968650395677,335411.0,304218676.83,20161014,9.090000000000002,1.1141114017589924,20230614,20230614,1.024369
000001.SZ,1d,2016-10-17,8.149992887303931,8.158968650395675,8.10511407184521,8.123065598028697,359223.0,325582450.32,20161017,9.049999999999999,1.1141114017589924,20230614,20230614,1.024369
000001.SZ,1d,2016-10-18,8.10511407184521,8.158968650395675,8.10511407184521,8.158968650395675,593737.0,537784120.36,20161018,9.09,1.1141114017589924,20230614,20230614,1.024369
000001.SZ,1d,2016-10-19,8.158968650395675,8.176920176579165,8.123065598028699,8.149992887303931,482636.0,438299029.51,20161019,9.08,1.1141114017589924,20230614,20230614,1.024369
000001.SZ,1d,2016-10-20,8.149992887303931,8.158968650395675,8.123065598028699,8.141017124212187,342844.0,310966016.7,20161020,9.07,1.1141114017589924,20230614,20230614,1.024369
000001.SZ,1d,2016-10-21,8.149992887303931,8.194871702762654,8.132041361120443,8.194871702762654,683896.0,621549844.97,20161021,9.13,1.1141114017589924,20230614,20230614,1.024369
000001.SZ,1d,2016-10-24,8.194871702762654,8.347459675322309,8.18589593967091,8.293605096771842,915677.0,844746080.61,20161024,9.24,1.1141114017589924,20230614,20230614,1.024369
000001.SZ,1d,2016-10-25,8.302580859863586,8.311556622955331,8.239750518221376,8.266677807496608,500752.0,461542701.14000005,20161025,9.209999999999999,1.1141114017589924,20230614,20230614,1.024369
000001.SZ,1d,2016-10-26,8.275653570588354,8.275653570588354,8.194871702762654,8.212823228946142,440452.0,403750809.07000005,20161026,9.15,1.1141114017589924,20230614,20230614,1.024369
000001.SZ,1d,2016-10-27,8.221798992037886,8.230774755129632,8.18589593967091,8.221798992037886,324140.0,296216914.82,20161027,9.16,1.1141114017589924,20230614,20230614,1.024369
000001.SZ,1d,2016-10-28,8.221798992037886,8.284629333680098,8.203847465854398,8.23077475512963,541997.0,497615050.8,20161028,9.17,1.1141114017589924,20230614,20230614,1.024369
000001.SZ,1d,2016-10-31,8.212823228946142,8.221798992037886,8.158968650395675,8.212823228946142,493596.0,450148883.09,20161031,9.15,1.1141114017589924,20230614,20230614,1.024369
000001.SZ,1d,2016-11-01,8.203847465854397,8.221798992037886,8.176920176579165,8.203847465854397,525415.0,480117542.32000005,20161101,9.139999999999999,1.1141114017589924,20230614,20230614,1.024369
000001.SZ,1d,2016-11-02,8.203847465854398,8.203847465854398,8.123065598028699,8.141017124212187,633586.0,576083788.2400001,20161102,9.07,1.1141114017589924,20230614,20230614,1.024369
000001.SZ,1d,2016-11-03,8.132041361120443,8.203847465854398,8.123065598028699,8.194871702762654,616871.0,561464947.1899999,20161103,9.13,1.1141114017589924,20230614,20230614,1.024369
000001.SZ,1d,2016-11-04,8.176920176579165,8.23077475512963,8.167944413487419,8.176920176579165,508117.0,463831938.55,20161104,9.11,1.1141114017589924,20230614,20230614,1.024369
000001.SZ,1d,2016-11-07,8.167944413487419,8.18589593967091,8.141017124212187,8.18589593967091,497240.0,452447930.56000006,20161107,9.120000000000001,1.1141114017589924,20230614,20230614,1.024369
000001.SZ,1d,2016-11-08,8.185895939670909,8.212823228946142,8.167944413487419,8.212823228946142,806694.0,736747217.08,20161108,9.15,1.1141114017589924,20230614,20230614,1.024369
000001.SZ,1d,2016-11-09,8.203847465854398,8.203847465854398,8.08716254566172,8.141017124212187,722616.0,656061960.6999999,20161109,9.07,1.1141114017589924,20230614,20230614,1.024369
000001.SZ,1d,2016-11-10,8.167944413487419,8.221798992037886,8.167944413487419,8.203847465854397,631998.0,576898452.74,20161110,9.139999999999999,1.1141114017589924,20230614,20230614,1.024369
000001.SZ,1d,2016-11-11,8.203847465854397,8.239750518221376,8.176920176579165,8.239750518221376,812269.0,742969896.6100001,20161111,9.18,1.1141114017589924,20230614,20230614,1.024369
000001.SZ,1d,2016-11-14,8.221798992037886,8.302580859863586,8.221798992037886,8.275653570588354,975078.0,898058354.0100001,20161114,9.22,1.1141114017589924,20230614,20230614,1.024369
000001.SZ,1d,2016-11-15,8.257702044404864,8.293605096771842,8.239750518221376,8.284629333680098,554342.0,510596178.35,20161115,9.23,1.1141114017589924,20230614,20230614,1.024369
000001.SZ,1d,2016-11-16,8.284629333680098,8.293605096771842,8.257702044404866,8.284629333680098,415842.0,383425739.88,20161116,9.23,1.1141114017589924,20230614,20230614,1.024369
000001.SZ,1d,2016-11-17,8.275653570588352,8.275653570588352,8.239750518221376,8.266677807496608,505324.0,464611128.37,20161117,9.209999999999999,1.1141114017589924,20230614,20230614,1.024369
000001.SZ,1d,2016-11-18,8.26667780749661,8.26667780749661,8.221798992037886,8.239750518221376,517597.0,475289972.51000005,20161118,9.18,1.1141114017589924,20230614,20230614,1.024369
000001.SZ,1d,2016-11-21,8.239750518221376,8.32950814913882,8.23077475512963,8.293605096771842,850243.0,785475676.61,20161121,9.24,1.1141114017589924,20230614,20230614,1.024369
000001.SZ,1d,2016-11-22,8.293605096771842,8.401314253872776,8.284629333680098,8.401314253872776,1180256.0,1097408714.34,20161122,9.360000000000001,1.1141114017589924,20230614,20230614,1.024369
000001.SZ,1d,2016-11-23,8.383362727689287,8.580829515707663,8.383362727689287,8.482096121698474,1752869.0,1660465709.36,20161123,9.45,1.1141114017589924,20230614,20230614,1.024369
000001.SZ,1d,2016-11-24,8.47312035860673,8.544926463340685,8.455168832423242,8.500047647881964,779748.0,738580569.2900001,20161124,9.47,1.1141114017589924,20230614,20230614,1.024369
000001.SZ,1d,2016-11-25,8.509023410973708,8.63468409425813,8.49107188479022,8.63468409425813,1013674.0,968127766.3299999,20161125,9.620000000000001,1.1141114017589924,20230614,20230614,1.024369
000001.SZ,1d,2016-11-28,8.69751443590034,8.778296303726039,8.61673256807464,8.643659857349872,1279689.0,1240686233.53,20161128,9.629999999999999,1.1141114017589924,20230614,20230614,1.024369
000001.SZ,1d,2016-11-29,8.607756804982897,8.706490198992086,8.571853752615919,8.63468409425813,887779.0,854308658.4000001,20161129,9.620000000000001,1.1141114017589924,20230614,20230614,1.024369
000001.SZ,1d,2016-11-30,8.661611383533364,8.724441725175575,8.526974937157197,8.571853752615919,1025963.0,985758449.84,20161130,9.55,1.1141114017589924,20230614,20230614,1.024369
000001.SZ,1d,2016-12-01,8.589805278799409,8.643659857349874,8.571853752615919,8.616732568074642,646004.0,619633746.85,20161201,9.600000000000001,1.1141114017589924,20230614,20230614,1.024369
000001.SZ,1d,2016-12-02,8.61673256807464,8.61673256807464,8.47312035860673,8.571853752615917,829686.0,790044441.9300001,20161202,9.549999999999999,1.1141114017589924,20230614,20230614,1.024369
000001.SZ,1d,2016-12-05,8.526974937157197,8.562877989524175,8.446193069331496,8.49107188479022,764365.0,723222053.6400001,20161205,9.46,1.1141114017589924,20230614,20230614,1.024369
000001.SZ,1d,2016-12-06,8.509023410973708,8.544926463340687,8.482096121698476,8.517999174065453,602902.0,571585177.5,20161206,9.49,1.1141114017589924,20230614,20230614,1.024369
000001.SZ,1d,2016-12-07,8.509023410973708,8.517999174065453,8.446193069331496,8.509023410973708,493404.0,466085503.37,20161207,9.48,1.1141114017589924,20230614,20230614,1.024369
000001.SZ,1d,2016-12-08,8.526974937157197,8.571853752615917,8.464144595514986,8.544926463340685,671452.0,638058504.08,20161208,9.52,1.1141114017589924,20230614,20230614,1.024369
000001.SZ,1d,2016-12-09,8.526974937157197,8.751369014450807,8.509023410973708,8.661611383533364,1514199.0,1460778328.2,20161209,9.65,1.1141114017589924,20230614,20230614,1.024369
000001.SZ,1d,2016-12-12,8.661611383533364,8.769320540634295,8.47312035860673,8.526974937157197,1256874.0,1206662616.99,20161212,9.5,1.1141114017589924,20230614,20230614,1.024369
000001.SZ,1d,2016-12-13,8.509023410973708,8.526974937157197,8.37438696459754,8.455168832423242,645771.0,607769965.5799999,20161213,9.42,1.1141114017589924,20230614,20230614,1.024369
000001.SZ,1d,2016-12-14,8.455168832423242,8.535950700248941,8.437217306239752,8.437217306239752,597705.0,564787516.4599999,20161214,9.4,1.1141114017589924,20230614,20230614,1.024369
000001.SZ,1d,2016-12-15,8.41029001696452,8.446193069331496,8.26667780749661,8.302580859863586,827612.0,767751835.57,20161215,9.25,1.1141114017589924,20230614,20230614,1.024369
000001.SZ,1d,2016-12-16,8.293605096771842,8.338483912230565,8.26667780749661,8.302580859863586,396813.0,366925349.32000005,20161216,9.25,1.1141114017589924,20230614,20230614,1.024369
000001.SZ,1d,2016-12-19,8.275653570588354,8.284629333680098,8.23077475512963,8.257702044404864,494010.0,453899744.36,20161219,9.2,1.1141114017589924,20230614,20230614,1.024369
000001.SZ,1d,2016-12-20,8.257702044404864,8.257702044404864,8.149992887303931,8.176920176579165,636638.0,580118167.69,20161220,9.11,1.1141114017589924,20230614,20230614,1.024369
000001.SZ,1d,2016-12-21,8.185895939670909,8.221798992037886,8.176920176579165,8.221798992037886,369920.0,338201446.46000004,20161221,9.16,1.1141114017589924,20230614,20230614,1.024369
000001.SZ,1d,2016-12-22,8.21282322894614,8.221798992037886,8.176920176579165,8.203847465854397,341341.0,311546856.93,20161222,9.139999999999999,1.1141114017589924,20230614,20230614,1.024369
000001.SZ,1d,2016-12-23,8.203847465854398,8.203847465854398,8.141017124212187,8.149992887303931,382912.0,348140451.36999995,20161223,9.08,1.1141114017589924,20230614,20230614,1.024369
000001.SZ,1d,2016-12-26,8.132041361120441,8.194871702762653,8.096138308753464,8.185895939670909,302058.0,273934287.19,20161226,9.12,1.1141114017589924,20230614,20230614,1.024369
000001.SZ,1d,2016-12-27,8.18589593967091,8.194871702762654,8.141017124212187,8.149992887303931,268841.0,244788273.85999998,20161227,9.08,1.1141114017589924,20230614,20230614,1.024369
000001.SZ,1d,2016-12-28,8.149992887303931,8.176920176579165,8.114089834936955,8.132041361120443,336055.0,304898614.02,20161228,9.06,1.1141114017589924,20230614,20230614,1.024369
000001.SZ,1d,2016-12-29,8.141017124212187,8.158968650395675,8.123065598028699,8.149992887303931,338758.0,307183503.28,20161229,9.08,1.1141114017589924,20230614,20230614,1.024369
000001.SZ,1d,2016-12-30,8.149992887303931,8.167944413487419,8.132041361120443,8.167944413487419,302607.0,274882698.47,20161230,9.1,1.1141114017589924,20230614,20230614,1.024369
000001.SZ,1d,2017-01-03,8.176920176579165,8.239750518221376,8.158968650395675,8.221798992037886,459840.0,420595176.46000004,20170103,9.16,1.1141114017589924,20230614,20230614,1.024369
000001.SZ,1d,2017-01-04,8.212823228946142,8.239750518221376,8.203847465854398,8.221798992037886,449329.0,411503444.03,20170104,9.16,1.1141114017589924,20230614,20230614,1.024369
000001.SZ,1d,2017-01-05,8.23077475512963,8.239750518221376,8.212823228946142,8.23077475512963,344372.0,315769693.5,20170105,9.17,1.1141114017589924,20230614,20230614,1.024369
000001.SZ,1d,2017-01-06,8.23077475512963,8.23077475512963,8.176920176579165,8.194871702762653,358154.0,327176433.93,20170106,9.129999999999999,1.1141114017589924,20230614,20230614,1.024369
000001.SZ,1d,2017-01-09,8.194871702762653,8.23077475512963,8.176920176579165,8.21282322894614,361081.0,329994604.0,20170109,9.149999999999999,1.1141114017589924,20230614,20230614,1.024369
000001.SZ,1d,2017-01-10,8.212823228946142,8.221798992037886,8.203847465854398,8.212823228946142,241053.0,220575131.96,20170110,9.15,1.1141114017589924,20230614,20230614,1.024369
000001.SZ,1d,2017-01-11,8.203847465854398,8.23077475512963,8.194871702762654,8.203847465854398,303430.0,277553207.26000005,20170111,9.14,1.1141114017589924,20230614,20230614,1.024369
000001.SZ,1d,2017-01-12,8.194871702762654,8.23077475512963,8.194871702762654,8.212823228946142,428006.0,391869402.76,20170112,9.15,1.1141114017589924,20230614,20230614,1.024369
000001.SZ,1d,2017-01-13,8.203847465854398,8.248726281313122,8.18589593967091,8.221798992037886,434301.0,397601906.25,20170113,9.16,1.1141114017589924,20230614,20230614,1.024369
000001.SZ,1d,2017-01-16,8.212823228946142,8.221798992037886,8.141017124212187,8.203847465854398,683165.0,623025820.2700001,20170116,9.14,1.1141114017589924,20230614,20230614,1.024369
000001.SZ,1d,2017-01-17,8.185895939670909,8.221798992037886,8.167944413487419,8.212823228946142,545552.0,498179703.17,20170117,9.15,1.1141114017589924,20230614,20230614,1.024369
000001.SZ,1d,2017-01-18,8.203847465854398,8.248726281313122,8.194871702762654,8.23077475512963,574269.0,526426595.69000006,20170118,9.17,1.1141114017589924,20230614,20230614,1.024369
000001.SZ,1d,2017-01-19,8.212823228946142,8.293605096771842,8.212823228946142,8.239750518221376,437712.0,402445639.34,20170119,9.18,1.1141114017589924,20230614,20230614,1.024369
000001.SZ,1d,2017-01-20,8.23077475512963,8.284629333680098,8.23077475512963,8.275653570588354,393328.0,361865155.13000005,20170120,9.22,1.1141114017589924,20230614,20230614,1.024369
000001.SZ,1d,2017-01-23,8.275653570588354,8.311556622955331,8.257702044404866,8.275653570588354,420299.0,388019072.55999994,20170123,9.22,1.1141114017589924,20230614,20230614,1.024369
000001.SZ,1d,2017-01-24,8.284629333680098,8.329508149138821,8.257702044404866,8.320532386047077,470244.0,434787729.13000005,20170124,9.270000000000001,1.1141114017589924,20230614,20230614,1.024369
000001.SZ,1d,2017-01-25,8.320532386047075,8.32950814913882,8.302580859863586,8.311556622955331,304401.0,281976294.07000005,20170125,9.26,1.1141114017589924,20230614,20230614,1.024369
000001.SZ,1d,2017-01-26,8.320532386047075,8.383362727689287,8.311556622955331,8.37438696459754,420712.0,391844286.24,20170126,9.33,1.1141114017589924,20230614,20230614,1.024369
000001.SZ,1d,2017-02-03,8.383362727689287,8.401314253872776,8.284629333680098,8.311556622955331,315472.0,292617943.26000005,20170203,9.26,1.1141114017589924,20230614,20230614,1.024369
000001.SZ,1d,2017-02-06,8.311556622955331,8.365411201505797,8.311556622955331,8.356435438414053,516786.0,480441331.03999996,20170206,9.31,1.1141114017589924,20230614,20230614,1.024369
000001.SZ,1d,2017-02-07,8.356435438414051,8.365411201505797,8.320532386047075,8.347459675322307,396884.0,368755274.2,20170207,9.299999999999999,1.1141114017589924,20230614,20230614,1.024369
000001.SZ,1d,2017-02-08,8.338483912230565,8.347459675322309,8.293605096771842,8.347459675322309,360272.0,333975401.82000005,20170208,9.3,1.1141114017589924,20230614,20230614,1.024369
000001.SZ,1d,2017-02-09,8.347459675322307,8.37438696459754,8.32950814913882,8.356435438414051,342855.0,319201023.28000003,20170209,9.309999999999999,1.1141114017589924,20230614,20230614,1.024369
000001.SZ,1d,2017-02-10,8.365411201505797,8.401314253872776,8.356435438414053,8.37438696459754,482743.0,450701345.31000006,20170210,9.33,1.1141114017589924,20230614,20230614,1.024369
000001.SZ,1d,2017-02-13,8.383362727689287,8.47312035860673,8.37438696459754,8.446193069331496,638364.0,599951024.32,20170213,9.41,1.1141114017589924,20230614,20230614,1.024369
000001.SZ,1d,2017-02-14,8.446193069331496,8.455168832423244,8.41029001696452,8.437217306239752,362404.0,340318431.40000004,20170214,9.4,1.1141114017589924,20230614,20230614,1.024369
000001.SZ,1d,2017-02-15,8.437217306239752,8.562877989524175,8.428241543148008,8.482096121698476,756613.0,716759655.28,20170215,9.450000000000001,1.1141114017589924,20230614,20230614,1.024369
000001.SZ,1d,2017-02-16,8.482096121698474,8.526974937157197,8.455168832423242,8.491071884790218,411161.0,388636225.1999999,20170216,9.459999999999999,1.1141114017589924,20230614,20230614,1.024369
000001.SZ,1d,2017-02-17,8.49107188479022,8.517999174065453,8.41029001696452,8.428241543148008,423774.0,400161795.09,20170217,9.39,1.1141114017589924,20230614,20230614,1.024369
000001.SZ,1d,2017-02-20,8.437217306239752,8.598781041891153,8.437217306239752,8.580829515707663,898755.0,855710805.5000001,20170220,9.56,1.1141114017589924,20230614,20230614,1.024369
000001.SZ,1d,2017-02-21,8.571853752615919,8.63468409425813,8.562877989524175,8.589805278799409,646584.0,618761069.26,20170221,9.57,1.1141114017589924,20230614,20230614,1.024369
000001.SZ,1d,2017-02-22,8.589805278799409,8.589805278799409,8.526974937157197,8.589805278799409,462966.0,441528339.71,20170222,9.57,1.1141114017589924,20230614,20230614,1.024369
000001.SZ,1d,2017-02-23,8.571853752615919,8.589805278799409,8.509023410973708,8.535950700248941,335327.0,319293836.59,20170223,9.51,1.1141114017589924,20230614,20230614,1.024369
000001.SZ,1d,2017-02-24,8.526974937157197,8.562877989524175,8.509023410973708,8.526974937157197,332500.0,316020789.4,20170224,9.5,1.1141114017589924,20230614,20230614,1.024369
000001.SZ,1d,2017-02-27,8.526974937157197,8.526974937157197,8.455168832423242,8.464144595514986,407341.0,384781015.65000004,20170227,9.43,1.1141114017589924,20230614,20230614,1.024369
000001.SZ,1d,2017-02-28,8.464144595514986,8.535950700248941,8.455168832423242,8.509023410973708,369719.0,350366892.5,20170228,9.48,1.1141114017589924,20230614,20230614,1.024369
000001.SZ,1d,2017-03-01,8.517999174065453,8.571853752615919,8.500047647881964,8.517999174065453,346993.0,330157963.40000004,20170301,9.49,1.1141114017589924,20230614,20230614,1.024369
000001.SZ,1d,2017-03-02,8.535950700248941,8.562877989524173,8.455168832423242,8.464144595514986,403628.0,382395883.84000003,20170302,9.43,1.1141114017589924,20230614,20230614,1.024369
000001.SZ,1d,2017-03-03,8.446193069331496,8.464144595514986,8.401314253872775,8.43721730623975,342655.0,321952549.22,20170303,9.399999999999999,1.1141114017589924,20230614,20230614,1.024369
000001.SZ,1d,2017-03-06,8.437217306239752,8.49107188479022,8.428241543148008,8.482096121698476,404511.0,381212304.19000006,20170306,9.450000000000001,1.1141114017589924,20230614,20230614,1.024369
000001.SZ,1d,2017-03-07,8.47312035860673,8.49107188479022,8.437217306239752,8.482096121698476,294672.0,277747415.4200001,20170307,9.450000000000001,1.1141114017589924,20230614,20230614,1.024369
000001.SZ,1d,2017-03-08,8.464144595514986,8.482096121698476,8.437217306239752,8.455168832423242,244438.0,230425150.54000002,20170308,9.42,1.1141114017589924,20230614,20230614,1.024369
000001.SZ,1d,2017-03-09,8.446193069331496,8.464144595514986,8.401314253872775,8.419265780056262,378169.0,354813687.5,20170309,9.379999999999999,1.1141114017589924,20230614,20230614,1.024369
000001.SZ,1d,2017-03-10,8.419265780056262,8.446193069331496,8.401314253872775,8.43721730623975,390182.0,366140052.24,20170310,9.399999999999999,1.1141114017589924,20230614,20230614,1.024369
000001.SZ,1d,2017-03-13,8.428241543148008,8.482096121698476,8.41029001696452,8.473120358606732,545304.0,513148481.04,20170313,9.440000000000001,1.1141114017589924,20230614,20230614,1.024369
000001.SZ,1d,2017-03-14,8.464144595514986,8.49107188479022,8.446193069331496,8.47312035860673,404484.0,381594066.95,20170314,9.44,1.1141114017589924,20230614,20230614,1.024369
000001.SZ,1d,2017-03-15,8.455168832423242,8.509023410973708,8.455168832423242,8.509023410973708,546560.0,515943748.1,20170315,9.48,1.1141114017589924,20230614,20230614,1.024369
000001.SZ,1d,2017-03-16,8.509023410973708,8.553902226432431,8.482096121698476,8.544926463340687,635953.0,603450064.0699999,20170316,9.520000000000001,1.1141114017589924,20230614,20230614,1.024369
000001.SZ,1d,2017-03-17,8.482096121698476,8.49107188479022,8.347459675322309,8.356435438414053,1583647.0,1482736995.3700001,20170317,9.31,1.1141114017589924,20230614,20230614,1.024369
000001.SZ,1d,2017-03-20,8.338483912230565,8.356435438414053,8.275653570588354,8.302580859863586,715021.0,661887015.08,20170320,9.25,1.1141114017589924,20230614,20230614,1.024369
000001.SZ,1d,2017-03-21,8.302580859863587,8.311556622955331,8.257702044404866,8.293605096771842,554648.0,511914333.09000003,20170321,9.24,1.1141114017589924,20230614,20230614,1.024369
000001.SZ,1d,2017-03-22,8.257702044404866,8.275653570588354,8.203847465854398,8.221798992037886,566123.0,519331026.2700001,20170322,9.16,1.1141114017589924,20230614,20230614,1.024369
000001.SZ,1d,2017-03-23,8.221798992037886,8.293605096771842,8.212823228946142,8.257702044404866,433588.0,398986562.09000003,20170323,9.200000000000001,1.1141114017589924,20230614,20230614,1.024369
000001.SZ,1d,2017-03-24,8.257702044404864,8.293605096771842,8.221798992037886,8.24872628131312,710827.0,653533829.8800001,20170324,9.19,1.1141114017589924,20230614,20230614,1.024369
000001.SZ,1d,2017-03-27,8.185895939670909,8.24872628131312,8.149992887303931,8.203847465854398,985012.0,900094460.9200001,20170327,9.14,1.1141114017589924,20230614,20230614,1.024369
000001.SZ,1d,2017-03-28,8.221798992037886,8.23077475512963,8.167944413487419,8.185895939670909,481372.0,439405816.17,20170328,9.12,1.1141114017589924,20230614,20230614,1.024369
000001.SZ,1d,2017-03-29,8.194871702762653,8.212823228946142,8.158968650395675,8.176920176579165,601140.0,548060692.96,20170329,9.11,1.1141114017589924,20230614,20230614,1.024369
000001.SZ,1d,2017-03-30,8.18589593967091,8.18589593967091,8.132041361120443,8.149992887303931,687285.0,623995512.84,20170330,9.08,1.1141114017589924,20230614,20230614,1.024369
000001.SZ,1d,2017-03-31,8.149992887303931,8.239750518221376,8.149992887303931,8.23077475512963,633121.0,578579035.11,20170331,9.17,1.1141114017589924,20230614,20230614,1.024369
000001.SZ,1d,2017-04-05,8.221798992037886,8.275653570588354,8.212823228946142,8.26667780749661,499150.0,458567834.2,20170405,9.21,1.1141114017589924,20230614,20230614,1.024369
000001.SZ,1d,2017-04-06,8.257702044404864,8.275653570588354,8.23077475512963,8.257702044404864,434391.0,399118983.36,20170406,9.2,1.1141114017589924,20230614,20230614,1.024369
000001.SZ,1d,2017-04-07,8.24872628131312,8.275653570588354,8.23077475512963,8.257702044404864,514844.0,473366404.45000005,20170407,9.2,1.1141114017589924,20230614,20230614,1.024369
000001.SZ,1d,2017-04-10,8.257702044404864,8.266677807496608,8.23077475512963,8.239750518221376,401343.0,368682024.90000004,20170410,9.18,1.1141114017589924,20230614,20230614,1.024369
000001.SZ,1d,2017-04-11,8.23077475512963,8.24872628131312,8.158968650395675,8.212823228946142,612437.0,560304072.91,20170411,9.15,1.1141114017589924,20230614,20230614,1.024369
000001.SZ,1d,2017-04-12,8.221798992037886,8.23077475512963,8.167944413487419,8.185895939670909,455336.0,416101249.02,20170412,9.12,1.1141114017589924,20230614,20230614,1.024369
000001.SZ,1d,2017-04-13,8.176920176579165,8.203847465854397,8.167944413487419,8.185895939670909,357442.0,325949861.06,20170413,9.12,1.1141114017589924,20230614,20230614,1.024369
000001.SZ,1d,2017-04-14,8.176920176579165,8.18589593967091,8.132041361120443,8.149992887303931,490500.0,445637458.07,20170414,9.08,1.1141114017589924,20230614,20230614,1.024369
000001.SZ,1d,2017-04-17,8.149992887303931,8.176920176579165,8.123065598028699,8.16794441348742,531892.0,483130499.71999997,20170417,9.100000000000001,1.1141114017589924,20230614,20230614,1.024369
000001.SZ,1d,2017-04-18,8.158968650395675,8.16794441348742,8.123065598028699,8.123065598028699,335376.0,304162860.29,20170418,9.05,1.1141114017589924,20230614,20230614,1.024369
000001.SZ,1d,2017-04-19,8.10511407184521,8.114089834936955,7.988429151652532,7.997404914744276,799668.0,714963673.1400001,20170419,8.91,1.1141114017589924,20230614,20230614,1.024369
000001.SZ,1d,2017-04-20,7.988429151652532,8.02433220401951,7.9794533885607875,8.00638067783602,437629.0,390063543.84000003,20170420,8.92,1.1141114017589924,20230614,20230614,1.024369
000001.SZ,1d,2017-04-21,8.00638067783602,8.069211019478232,7.988429151652532,8.051259493294744,325408.0,291126076.24,20170421,8.97,1.1141114017589924,20230614,20230614,1.024369
000001.SZ,1d,2017-04-24,8.051259493294744,8.060235256386488,7.9794533885607875,8.015356440927764,394995.0,352926394.67,20170424,8.93,1.1141114017589924,20230614,20230614,1.024369
000001.SZ,1d,2017-04-25,8.015356440927764,8.08716254566172,8.015356440927764,8.078186782569976,377933.0,339230143.96999997,20170425,9.0,1.1141114017589924,20230614,20230614,1.024369
000001.SZ,1d,2017-04-26,8.078186782569976,8.087162545661721,8.042283730203,8.069211019478232,382147.0,343316092.51000005,20170426,8.99,1.1141114017589924,20230614,20230614,1.024369
000001.SZ,1d,2017-04-27,8.051259493294744,8.060235256386488,7.997404914744276,8.051259493294744,387392.0,346186989.88,20170427,8.97,1.1141114017589924,20230614,20230614,1.024369
000001.SZ,1d,2017-04-28,8.042283730202998,8.069211019478232,8.00638067783602,8.069211019478232,286446.0,256106698.72,20170428,8.99,1.1141114017589924,20230614,20230614,1.024369
000001.SZ,1d,2017-05-02,8.042283730203,8.042283730203,7.988429151652532,8.024332204019508,311026.0,277665881.67,20170502,8.94,1.1141114017589924,20230614,20230614,1.024369
000001.SZ,1d,2017-05-03,8.00638067783602,8.015356440927764,7.9794533885607875,7.997404914744276,280310.0,249660877.22,20170503,8.91,1.1141114017589924,20230614,20230614,1.024369
000001.SZ,1d,2017-05-04,7.9794533885607875,7.9794533885607875,7.826865416001133,7.844816942184621,696517.0,613783434.3100001,20170504,8.74,1.1141114017589924,20230614,20230614,1.024369
000001.SZ,1d,2017-05-05,7.844816942184621,7.86276846836811,7.70120473271671,7.746083548175433,623700.0,539541739.86,20170505,8.63,1.1141114017589924,20230614,20230614,1.024369
000001.SZ,1d,2017-05-08,7.719156258900201,7.737107785083689,7.665301680349733,7.692228969624966,460089.0,394424117.19,20170508,8.57,1.1141114017589924,20230614,20230614,1.024369
000001.SZ,1d,2017-05-09,7.683253206533222,7.7550593112671775,7.674277443441477,7.7550593112671775,324194.0,279119676.49,20170509,8.64,1.1141114017589924,20230614,20230614,1.024369
000001.SZ,1d,2017-05-10,7.746083548175433,7.898671520735088,7.737107785083689,7.781986600542411,573077.0,498675307.83000004,20170510,8.670000000000002,1.1141114017589924,20230614,20230614,1.024369
000001.SZ,1d,2017-05-11,7.7640350743589215,7.826865416001131,7.719156258900199,7.808913889817642,503643.0,436444282.31000006,20170511,8.7,1.1141114017589924,20230614,20230614,1.024369
000001.SZ,1d,2017-05-12,7.790962363634154,7.988429151652532,7.7550593112671775,7.988429151652532,917968.0,809131900.1400001,20170512,8.9,1.1141114017589924,20230614,20230614,1.024369
000001.SZ,1d,2017-05-15,7.9794533885607875,8.033307967111254,7.907647283826832,7.952526099285555,536578.0,476417671.71999997,20170515,8.860000000000001,1.1141114017589924,20230614,20230614,1.024369
000001.SZ,1d,2017-05-16,7.934574573102065,7.943550336193809,7.835841179092877,7.934574573102065,524872.0,461069300.97,20170516,8.84,1.1141114017589924,20230614,20230614,1.024369
000001.SZ,1d,2017-05-17,7.907647283826832,7.907647283826832,7.853792705276366,7.871744231459854,417338.0,365987542.61,20170517,8.77,1.1141114017589924,20230614,20230614,1.024369
000001.SZ,1d,2017-05-18,7.826865416001133,7.871744231459855,7.817889652909389,7.835841179092877,227401.0,198765579.76000002,20170518,8.73,1.1141114017589924,20230614,20230614,1.024369
000001.SZ,1d,2017-05-19,7.844816942184621,7.86276846836811,7.790962363634154,7.799938126725898,294270.0,256396867.64000002,20170519,8.69,1.1141114017589924,20230614,20230614,1.024369
000001.SZ,1d,2017-05-22,7.790962363634154,7.835841179092875,7.728132021991943,7.790962363634154,679120.0,588546725.07,20170522,8.68,1.1141114017589924,20230614,20230614,1.024369
000001.SZ,1d,2017-05-23,7.78198660054241,7.934574573102065,7.7550593112671775,7.889695757643344,800040.0,702123772.9800001,20170523,8.790000000000001,1.1141114017589924,20230614,20230614,1.024369
000001.SZ,1d,2017-05-24,7.880719994551598,7.925598810010321,7.790962363634154,7.907647283826832,532376.0,466560635.92,20170524,8.81,1.1141114017589924,20230614,20230614,1.024369
000001.SZ,1d,2017-05-25,7.889695757643342,8.203847465854397,7.880719994551598,8.167944413487419,1621543.0,1462763018.52,20170525,9.1,1.1141114017589924,20230614,20230614,1.024369
000001.SZ,1d,2017-05-26,8.149992887303931,8.194871702762654,8.114089834936955,8.16794441348742,895365.0,813387170.15,20170526,9.100000000000001,1.1141114017589924,20230614,20230614,1.024369
000001.SZ,1d,2017-05-31,8.167944413487419,8.284629333680098,8.132041361120443,8.257702044404866,1033210.0,948741889.7,20170531,9.200000000000001,1.1141114017589924,20230614,20230614,1.024369
000001.SZ,1d,2017-06-01,8.257702044404866,8.284629333680098,8.18589593967091,8.248726281313122,566182.0,519544675.84,20170601,9.190000000000001,1.1141114017589924,20230614,20230614,1.024369
000001.SZ,1d,2017-06-02,8.239750518221376,8.338483912230565,8.203847465854398,8.23077475512963,770757.0,710119498.0999999,20170602,9.17,1.1141114017589924,20230614,20230614,1.024369
000001.SZ,1d,2017-06-05,8.194871702762654,8.23077475512963,8.069211019478232,8.10511407184521,634132.0,573460396.83,20170605,9.03,1.1141114017589924,20230614,20230614,1.024369
000001.SZ,1d,2017-06-06,8.08716254566172,8.132041361120443,8.069211019478232,8.114089834936955,355341.0,320520904.30999994,20170606,9.040000000000001,1.1141114017589924,20230614,20230614,1.024369
000001.SZ,1d,2017-06-07,8.096138308753464,8.212823228946142,8.08716254566172,8.194871702762653,645723.0,587357671.1600001,20170607,9.129999999999999,1.1141114017589924,20230614,20230614,1.024369
000001.SZ,1d,2017-06-08,8.176920176579165,8.212823228946142,8.149992887303931,8.194871702762654,383004.0,348860774.29999995,20170608,9.13,1.1141114017589924,20230614,20230614,1.024369
000001.SZ,1d,2017-06-09,8.212823228946142,8.275653570588354,8.18589593967091,8.212823228946142,685468.0,628281688.31,20170609,9.15,1.1141114017589924,20230614,20230614,1.024369
000001.SZ,1d,2017-06-12,8.212823228946142,8.24872628131312,8.167944413487419,8.176920176579165,504578.0,461493689.83,20170612,9.11,1.1141114017589924,20230614,20230614,1.024369
000001.SZ,1d,2017-06-13,8.176920176579165,8.203847465854398,8.123065598028699,8.18589593967091,448434.0,407876695.89000005,20170613,9.120000000000001,1.1141114017589924,20230614,20230614,1.024369
000001.SZ,1d,2017-06-14,8.18589593967091,8.194871702762654,8.114089834936955,8.149992887303931,375444.0,340596135.74,20170614,9.08,1.1141114017589924,20230614,20230614,1.024369
000001.SZ,1d,2017-06-15,8.149992887303931,8.149992887303931,8.10511407184521,8.114089834936953,337797.0,305610500.17,20170615,9.04,1.1141114017589924,20230614,20230614,1.024369
000001.SZ,1d,2017-06-16,8.114089834936953,8.149992887303931,8.08716254566172,8.096138308753464,285991.0,258559005.29,20170616,9.02,1.1141114017589924,20230614,20230614,1.024369
000001.SZ,1d,2017-06-19,8.10511407184521,8.212823228946142,8.096138308753464,8.194871702762653,489704.0,446000772.99,20170619,9.129999999999999,1.1141114017589924,20230614,20230614,1.024369
000001.SZ,1d,2017-06-20,8.185895939670909,8.221798992037886,8.158968650395675,8.185895939670909,313615.0,286053883.71000004,20170620,9.12,1.1141114017589924,20230614,20230614,1.024369
000001.SZ,1d,2017-06-21,8.23077475512963,8.239750518221376,8.176920176579165,8.21282322894614,496932.0,454488888.04,20170621,9.149999999999999,1.1141114017589924,20230614,20230614,1.024369
000001.SZ,1d,2017-06-22,8.212823228946142,8.437217306239752,8.203847465854398,8.302580859863586,1426958.0,1325210564.6399999,20170622,9.25,1.1141114017589924,20230614,20230614,1.024369
000001.SZ,1d,2017-06-23,8.284629333680098,8.320532386047075,8.221798992037886,8.302580859863586,584004.0,538303574.27,20170623,9.25,1.1141114017589924,20230614,20230614,1.024369
000001.SZ,1d,2017-06-26,8.311556622955331,8.437217306239752,8.311556622955331,8.347459675322307,710769.0,663762850.0400001,20170626,9.299999999999999,1.1141114017589924,20230614,20230614,1.024369
000001.SZ,1d,2017-06-27,8.347459675322307,8.428241543148006,8.320532386047075,8.401314253872775,546016.0,509162008.98,20170627,9.36,1.1141114017589924,20230614,20230614,1.024369
000001.SZ,1d,2017-06-28,8.39233849078103,8.517999174065453,8.37438696459754,8.464144595514986,1168796.0,1102438099.9,20170628,9.43,1.1141114017589924,20230614,20230614,1.024369
000001.SZ,1d,2017-06-29,8.464144595514988,8.482096121698476,8.41029001696452,8.464144595514988,488804.0,459810415.61999995,20170629,9.430000000000001,1.1141114017589924,20230614,20230614,1.024369
000001.SZ,1d,2017-06-30,8.437217306239752,8.464144595514986,8.356435438414053,8.428241543148008,499633.0,468003516.71999997,20170630,9.39,1.1141114017589924,20230614,20230614,1.024369
000001.SZ,1d,2017-07-03,8.437217306239752,8.464144595514986,8.383362727689287,8.437217306239752,388349.0,364465847.32,20170703,9.4,1.1141114017589924,20230614,20230614,1.024369
000001.SZ,1d,2017-07-04,8.437217306239752,8.446193069331496,8.347459675322309,8.383362727689287,488362.0,456577021.24999994,20170704,9.34,1.1141114017589924,20230614,20230614,1.024369
000001.SZ,1d,2017-07-05,8.338483912230563,8.419265780056262,8.320532386047075,8.410290016964519,567720.0,529294114.23999995,20170705,9.37,1.1141114017589924,20230614,20230614,1.024369
000001.SZ,1d,2017-07-06,8.401314253872776,8.446193069331496,8.356435438414053,8.437217306239752,738911.0,691387184.15,20170706,9.4,1.1141114017589924,20230614,20230614,1.024369
000001.SZ,1d,2017-07-07,8.410290016964519,8.509023410973708,8.383362727689287,8.500047647881964,760369.0,717084352.1800001,20170707,9.47,1.1141114017589924,20230614,20230614,1.024369
000001.SZ,1d,2017-07-10,8.482096121698474,8.670587146625108,8.47312035860673,8.607756804982897,1360815.0,1303090005.3600001,20170710,9.59,1.1141114017589924,20230614,20230614,1.024369
000001.SZ,1d,2017-07-11,8.625708331166384,9.38864819396466,8.625708331166384,9.200157169038029,3812086.0,3842010171.29,20170711,10.25,1.1141114017589924,20230614,20230614,1.024369
000001.SZ,1d,2017-07-12,9.218108695221519,9.496357351065596,9.155278353579307,9.28093903686373,2998844.0,3113681338.88,20170712,10.340000000000002,1.1141114017589924,20230614,20230614,1.024369
000001.SZ,1d,2017-07-13,9.24503598449675,9.783581770001415,9.191181405946283,9.783581770001415,2994534.0,3180144566.46,20170713,10.9,1.1141114017589924,20230614,20230614,1.024369
000001.SZ,1d,2017-07-14,9.702799902175716,9.819484822368393,9.56816345579955,9.783581770001415,1722570.0,1864449201.5,20170714,10.9,1.1141114017589924,20230614,20230614,1.024369
000001.SZ,1d,2017-07-17,9.828460585460139,10.169539582946426,9.622018034350017,9.702799902175716,3273123.0,3608692279.05,20170717,10.81,1.1141114017589924,20230614,20230614,1.024369
000001.SZ,1d,2017-07-18,9.64894532362525,9.999000084203281,9.532260403432572,9.918218216377582,2349431.0,2558433986.13,20170718,11.05,1.1141114017589924,20230614,20230614,1.024369
000001.SZ,1d,2017-07-19,9.864363637827115,10.043878899662005,9.765630243817927,9.95412126874456,1933075.0,2131336294.18,20170719,11.090000000000002,1.1141114017589924,20230614,20230614,1.024369
000001.SZ,1d,2017-07-20,9.945145505652814,10.070806188937237,9.79255753309316,9.846412111643627,1537338.0,1695060974.17,20170720,10.97,1.1141114017589924,20230614,20230614,1.024369
000001.SZ,1d,2017-07-21,9.864628270250352,9.973931630585536,9.737107683192637,9.919279950417943,1501020.0,1625416436.89,20170721,10.889999999999999,1.097861947080257,20230614,20230614,1.024369
000001.SZ,1d,2017-07-24,9.855519656889086,10.074126377559455,9.7735421366377,9.973931630585538,1692664.0,1846886678.93,20170724,10.950000000000001,1.097861947080257,20230614,20230614,1.024369
000001.SZ,1d,2017-07-25,10.001257470669332,10.265407258146027,9.973931630585538,10.019474697391864,1954768.0,2172114597.09,20170725,11.000000000000002,1.097861947080257,20230614,20230614,1.024369
000001.SZ,1d,2017-07-26,9.94660579050174,10.183429737894638,9.709781843108841,9.782650749998965,1697412.0,1846282151.7699997,20170726,10.74,1.097861947080257,20230614,20230614,1.024369
000001.SZ,1d,2017-07-27,9.764433523276432,9.80997659008276,9.591369869412391,9.646021549579984,1194490.0,1273888886.18,20170727,10.59,1.097861947080257,20230614,20230614,1.024369
000001.SZ,1d,2017-07-28,9.664238776302515,9.846411043527821,9.63691293621872,9.782650749998965,819195.0,877769279.49,20170728,10.74,1.097861947080257,20230614,20230614,1.024369
000001.SZ,1d,2017-07-31,9.837302430166556,9.855519656889086,9.518500962522271,9.718890456470108,1575864.0,1671814035.24,20170731,10.670000000000002,1.097861947080257,20230614,20230614,1.024369
000001.SZ,1d,2017-08-01,9.69156461638631,10.092343604281986,9.65513016294125,10.055909150836923,2035709.0,2222887933.96,20170801,11.04,1.097861947080257,20230614,20230614,1.024369
000001.SZ,1d,2017-08-02,10.06501776419819,10.329167551674885,9.983040243946801,10.156103897810842,2062069.0,2307726682.9399996,20170802,11.15,1.097861947080257,20230614,20230614,1.024369
000001.SZ,1d,2017-08-03,10.146995284449577,10.2198641913397,9.992148857308067,10.028583310753127,984219.0,1090954131.84,20170803,11.01,1.097861947080257,20230614,20230614,1.024369
000001.SZ,1d,2017-08-04,10.019474697391862,10.283624484868556,9.955714403863006,10.174321124533373,1353951.0,1511389828.31,20170804,11.17,1.097861947080257,20230614,20230614,1.024369
000001.SZ,1d,2017-08-07,10.074126377559455,10.174321124533373,9.92838856377921,10.019474697391862,860644.0,946975699.5600001,20170807,11.0,1.097861947080257,20230614,20230614,1.024369
000001.SZ,1d,2017-08-08,10.019474697391862,10.119669444365782,9.937497177140475,10.06501776419819,689567.0,758872028.53,20170808,11.05,1.097861947080257,20230614,20230614,1.024369
000001.SZ,1d,2017-08-09,9.983040243946801,10.037691924114393,9.727999069831371,9.7735421366377,1042321.0,1126512107.8200002,20170809,10.73,1.097861947080257,20230614,20230614,1.024369
000001.SZ,1d,2017-08-10,9.746216296553904,9.855519656889086,9.600478482773658,9.673347389663782,959879.0,1026676005.5000001,20170810,10.620000000000001,1.097861947080257,20230614,20230614,1.024369
000001.SZ,1d,2017-08-11,9.545826802606065,9.600478482773658,9.099504747904065,9.12683058798786,2440643.0,2501779371.25,20170811,10.02,1.097861947080257,20230614,20230614,1.024369
000001.SZ,1d,2017-08-14,9.22702533496178,9.336328695296965,9.145047814710392,9.309002855213167,1157664.0,1175479138.54,20170814,10.22,1.097861947080257,20230614,20230614,1.024369
000001.SZ,1d,2017-08-15,9.327220081935698,9.573152642689863,9.299894241851902,9.390980375464556,1075162.0,1116749994.49,20170815,10.31,1.097861947080257,20230614,20230614,1.024369
000001.SZ,1d,2017-08-16,9.372763148742026,9.445632055632148,9.24524256168431,9.41830621554835,756806.0,778517621.68,20170816,10.34,1.097861947080257,20230614,20230614,1.024369
000001.SZ,1d,2017-08-17,9.427414828909617,9.491175122438475,9.372763148742026,9.491175122438475,553642.0,573093949.61,20170817,10.420000000000002,1.097861947080257,20230614,20230614,1.024369
000001.SZ,1d,2017-08-18,9.436523442270882,9.655130162941251,9.372763148742026,9.509392349161006,616520.0,643188717.2099999,20170818,10.440000000000001,1.097861947080257,20230614,20230614,1.024369
000001.SZ,1d,2017-08-21,9.500283735799739,9.582261256051128,9.463849282354678,9.527609575883536,399154.0,417653110.84999996,20170821,10.46,1.097861947080257,20230614,20230614,1.024369
000001.SZ,1d,2017-08-22,9.545826802606065,9.709781843108841,9.445632055632148,9.700673229747576,875681.0,922881865.79,20170822,10.65,1.097861947080257,20230614,20230614,1.024369
000001.SZ,1d,2017-08-23,9.682456003025045,10.001257470669332,9.646021549579984,9.92838856377921,1319151.0,1430051908.04,20170823,10.9,1.097861947080257,20230614,20230614,1.024369
000001.SZ,1d,2017-08-24,9.919279950417945,10.119669444365782,9.873736883611617,9.955714403863006,924248.0,1014933651.98,20170824,10.93,1.097861947080257,20230614,20230614,1.024369
000001.SZ,1d,2017-08-25,9.96482301722427,10.174321124533373,9.92838856377921,10.119669444365783,963940.0,1068994547.06,20170825,11.110000000000001,1.097861947080257,20230614,20230614,1.024369
000001.SZ,1d,2017-08-28,10.110560831004516,10.51133981890019,10.110560831004516,10.338276165036149,1603938.0,1828380086.0000002,20170828,11.35,1.097861947080257,20230614,20230614,1.024369
000001.SZ,1d,2017-08-29,10.29273309822982,10.693512086125498,10.274515871507292,10.62975179259664,1357983.0,1569230034.16,20170829,11.67,1.097861947080257,20230614,20230614,1.024369
000001.SZ,1d,2017-08-30,10.638860405957905,10.657077632680435,10.338276165036149,10.411145071926272,1096674.0,1264128140.6799998,20170830,11.43,1.097861947080257,20230614,20230614,1.024369
000001.SZ,1d,2017-08-31,10.374710618481211,10.420253685287538,10.156103897810842,10.274515871507292,1151786.0,1297730595.7200003,20170831,11.280000000000001,1.097861947080257,20230614,20230614,1.024369
000001.SZ,1d,2017-09-01,10.274515871507292,10.374710618481211,10.156103897810842,10.210755577978436,959976.0,1080996319.27,20170901,11.21,1.097861947080257,20230614,20230614,1.024369
000001.SZ,1d,2017-09-04,10.183429737894638,10.675294859402968,10.174321124533373,10.675294859402968,1352325.0,1551875033.9,20170904,11.72,1.097861947080257,20230614,20230614,1.024369
000001.SZ,1d,2017-09-05,10.638860405957905,10.875684353350803,10.565991499067783,10.602425952512842,1287518.0,1513759541.19,20170905,11.639999999999999,1.097861947080257,20230614,20230614,1.024369
000001.SZ,1d,2017-09-06,10.556882885706518,10.821032673183213,10.456688138732599,10.657077632680437,791621.0,925519043.82,20170906,11.700000000000001,1.097861947080257,20230614,20230614,1.024369
000001.SZ,1d,2017-09-07,10.61153456587411,10.702620699486763,10.374710618481211,10.420253685287538,614187.0,711036421.43,20170907,11.440000000000001,1.097861947080257,20230614,20230614,1.024369
000001.SZ,1d,2017-09-08,10.438470912010068,10.602425952512844,10.365602005119946,10.465796752093864,481276.0,553644520.36,20170908,11.49,1.097861947080257,20230614,20230614,1.024369
000001.SZ,1d,2017-09-11,10.511339818900192,10.647969019319172,10.292733098229823,10.365602005119946,699472.0,801825014.63,20170911,11.38,1.097861947080257,20230614,20230614,1.024369
000001.SZ,1d,2017-09-12,10.365602005119944,10.51133981890019,10.265407258146027,10.51133981890019,846183.0,962032172.14,20170912,11.54,1.097861947080257,20230614,20230614,1.024369
000001.SZ,1d,2017-09-13,10.465796752093864,10.51133981890019,10.329167551674884,10.411145071926272,668237.0,765028184.64,20170913,11.43,1.097861947080257,20230614,20230614,1.024369
000001.SZ,1d,2017-09-14,10.411145071926272,10.556882885706518,10.238081418062231,10.310950324952353,883087.0,1005775578.2400001,20170914,11.32,1.097861947080257,20230614,20230614,1.024369
000001.SZ,1d,2017-09-15,10.283624484868557,10.310950324952353,10.156103897810842,10.283624484868557,646094.0,726061100.4500002,20170915,11.290000000000001,1.097861947080257,20230614,20230614,1.024369
000001.SZ,1d,2017-09-18,10.247190031423498,10.310950324952353,10.20164696461717,10.247190031423498,607612.0,684223023.19,20170918,11.250000000000002,1.097861947080257,20230614,20230614,1.024369
000001.SZ,1d,2017-09-19,10.247190031423496,10.329167551674884,10.092343604281986,10.137886671088312,764212.0,853815999.65,20170919,11.13,1.097861947080257,20230614,20230614,1.024369
000001.SZ,1d,2017-09-20,10.146995284449577,10.356493391758681,10.06501776419819,10.283624484868557,787154.0,884640964.2099999,20170920,11.290000000000001,1.097861947080257,20230614,20230614,1.024369
000001.SZ,1d,2017-09-21,10.256298644784763,10.484013978816396,10.20164696461717,10.438470912010068,692407.0,788605300.87,20170921,11.46,1.097861947080257,20230614,20230614,1.024369
000001.SZ,1d,2017-09-22,10.411145071926272,10.493122592177661,10.301841711591088,10.420253685287538,593927.0,677622489.51,20170922,11.440000000000001,1.097861947080257,20230614,20230614,1.024369
000001.SZ,1d,2017-09-25,10.420253685287538,10.429362298648801,10.183429737894638,10.283624484868556,532391.0,602270302.75,20170925,11.29,1.097861947080257,20230614,20230614,1.024369
000001.SZ,1d,2017-09-26,10.256298644784763,10.292733098229823,9.983040243946801,10.06501776419819,967460.0,1074228193.8000002,20170926,11.05,1.097861947080257,20230614,20230614,1.024369
000001.SZ,1d,2017-09-27,10.028583310753127,10.092343604281986,9.92838856377921,9.955714403863006,727188.0,798377280.0500001,20170927,10.93,1.097861947080257,20230614,20230614,1.024369
000001.SZ,1d,2017-09-28,10.001257470669332,10.001257470669332,9.855519656889086,9.91017133705668,517220.0,563485127.39,20170928,10.88,1.097861947080257,20230614,20230614,1.024369
000001.SZ,1d,2017-09-29,9.94660579050174,10.165212511172108,9.891954110334147,10.119669444365782,682280.0,753852534.72,20170929,11.11,1.097861947080257,20230614,20230614,1.024369
000001.SZ,1d,2017-10-09,10.538665658983987,10.602425952512844,10.256298644784762,10.29273309822982,1325227.0,1520609511.5700002,20171009,11.299999999999999,1.097861947080257,20230614,20230614,1.024369
000001.SZ,1d,2017-10-10,10.320058938313618,10.474905365455129,10.320058938313618,10.447579525371333,747925.0,853665849.11,20171010,11.47,1.097861947080257,20230614,20230614,1.024369
000001.SZ,1d,2017-10-11,10.456688138732599,10.547774272345253,10.329167551674884,10.502231205538925,658077.0,756203405.4,20171011,11.53,1.097861947080257,20230614,20230614,1.024369
000001.SZ,1d,2017-10-12,10.511339818900192,10.547774272345253,10.447579525371333,10.520448432261457,578065.0,667148377.69,20171012,11.55,1.097861947080257,20230614,20230614,1.024369
000001.SZ,1d,2017-10-13,10.529557045622722,10.529557045622722,10.247190031423496,10.347384778397414,737375.0,839662734.96,20171013,11.36,1.097861947080257,20230614,20230614,1.024369
000001.SZ,1d,2017-10-16,10.347384778397416,10.565991499067783,10.283624484868557,10.556882885706518,1036250.0,1190724204.76,20171016,11.590000000000002,1.097861947080257,20230614,20230614,1.024369
000001.SZ,1d,2017-10-17,10.584208725790313,10.61153456587411,10.456688138732599,10.484013978816394,506372.0,585333998.33,20171017,11.51,1.097861947080257,20230614,20230614,1.024369
000001.SZ,1d,2017-10-18,10.502231205538925,10.657077632680435,10.484013978816394,10.64796901931917,871365.0,1011050927.6999999,20171018,11.69,1.097861947080257,20230614,20230614,1.024369
000001.SZ,1d,2017-10-19,10.602425952512844,10.675294859402968,10.538665658983987,10.593317339151579,722764.0,841546799.4000001,20171019,11.63,1.097861947080257,20230614,20230614,1.024369
000001.SZ,1d,2017-10-20,10.556882885706518,10.556882885706518,10.392927845203742,10.456688138732599,461808.0,529747048.15999997,20171020,11.48,1.097861947080257,20230614,20230614,1.024369
000001.SZ,1d,2017-10-23,10.374710618481211,10.383819231842477,10.156103897810842,10.192538351255903,1074465.0,1206888281.81,20171023,11.19,1.097861947080257,20230614,20230614,1.024369
000001.SZ,1d,2017-10-24,10.201646964617169,10.402036458565007,10.183429737894638,10.374710618481211,618871.0,700896871.75,20171024,11.39,1.097861947080257,20230614,20230614,1.024369
000001.SZ,1d,2017-10-25,10.347384778397414,10.35649339175868,10.247190031423496,10.265407258146027,418573.0,472708177.86,20171025,11.27,1.097861947080257,20230614,20230614,1.024369
000001.SZ,1d,2017-10-26,10.247190031423498,10.310950324952353,10.128778057727047,10.18342973789464,928996.0,1041707022.8800001,20171026,11.180000000000001,1.097861947080257,20230614,20230614,1.024369
000001.SZ,1d,2017-10-27,10.192538351255903,10.529557045622722,10.183429737894638,10.529557045622722,1360086.0,1548543731.64,20171027,11.56,1.097861947080257,20230614,20230614,1.024369
000001.SZ,1d,2017-10-30,10.520448432261457,10.684403472764233,10.429362298648803,10.529557045622722,1278246.0,1484495472.5400002,20171030,11.56,1.097861947080257,20230614,20230614,1.024369
000001.SZ,1d,2017-10-31,10.520448432261457,10.547774272345253,10.374710618481211,10.511339818900192,627491.0,721237474.23,20171031,11.540000000000001,1.097861947080257,20230614,20230614,1.024369
000001.SZ,1d,2017-11-01,10.529557045622722,10.556882885706518,10.310950324952353,10.383819231842477,692617.0,792881042.8199999,20171101,11.4,1.097861947080257,20230614,20230614,1.024369
000001.SZ,1d,2017-11-02,10.347384778397414,10.547774272345253,10.256298644784762,10.51133981890019,604308.0,689229873.86,20171102,11.54,1.097861947080257,20230614,20230614,1.024369
000001.SZ,1d,2017-11-03,10.465796752093864,10.638860405957905,10.338276165036149,10.37471061848121,743343.0,852032107.89,20171103,11.389999999999999,1.097861947080257,20230614,20230614,1.024369
000001.SZ,1d,2017-11-06,10.402036458565007,10.402036458565007,10.101452217643251,10.274515871507292,1029902.0,1157303985.6000001,20171106,11.28,1.097861947080257,20230614,20230614,1.024369
000001.SZ,1d,2017-11-07,10.265407258146027,11.012313553769783,10.247190031423496,10.857467126628274,2477163.0,2914269160.44,20171107,11.92,1.097861947080257,20230614,20230614,1.024369
000001.SZ,1d,2017-11-08,10.930336033518396,11.46774422183305,10.866575739989537,11.048748007214844,4262825.0,5199224276.82,20171108,12.129999999999999,1.097861947080257,20230614,20230614,1.024369
000001.SZ,1d,2017-11-09,11.112508300743704,11.449526995110519,11.066965233937376,11.230920274440152,2295289.0,2839861735.04,20171109,12.33,1.097861947080257,20230614,20230614,1.024369
000001.SZ,1d,2017-11-10,11.267354727885214,11.43130976838799,11.066965233937376,11.203594434356356,1757552.0,2167126597.89,20171110,12.3,1.097861947080257,20230614,20230614,1.024369
000001.SZ,1d,2017-11-13,11.249137501162682,11.932283503257581,11.249137501162682,11.750111236032275,2566906.0,3307955288.7400002,20171113,12.9,1.097861947080257,20230614,20230614,1.024369
000001.SZ,1d,2017-11-14,11.795654302838603,12.078021317037827,11.668133715780888,11.795654302838603,1780302.0,2318092534.3199997,20171114,12.950000000000001,1.097861947080257,20230614,20230614,1.024369
000001.SZ,1d,2017-11-15,11.750111236032275,11.959609343341377,11.631699262335825,11.750111236032275,1263052.0,1627912725.03,20171115,12.9,1.097861947080257,20230614,20230614,1.024369
000001.SZ,1d,2017-11-16,11.750111236032275,11.950500729980112,11.540613128723173,11.932283503257581,1200814.0,1550701791.1,20171116,13.1,1.097861947080257,20230614,20230614,1.024369
000001.SZ,1d,2017-11-17,11.996043796786442,12.260193584263135,11.868523209728727,12.005152410147707,2064149.0,2731215933.7500005,20171117,13.180000000000001,1.097861947080257,20230614,20230614,1.024369
000001.SZ,1d,2017-11-20,11.959609343341379,12.979774039803095,11.886740436451255,12.979774039803095,2843925.0,3860145472.82,20171120,14.25,1.097861947080257,20230614,20230614,1.024369
000001.SZ,1d,2017-11-21,12.815818999300319,13.471639161311423,12.761167319132726,13.161946307028401,2495327.0,3609849024.92,20171121,14.45,1.097861947080257,20230614,20230614,1.024369
000001.SZ,1d,2017-11-22,13.189272147112197,13.881526762568363,13.189272147112197,13.754006175510648,2570231.0,3839501153.96,20171122,15.1,1.097861947080257,20230614,20230614,1.024369
000001.SZ,1d,2017-11-23,13.799549242316974,13.881526762568363,12.815818999300319,13.070860173415747,2429142.0,3562843399.78,20171123,14.35,1.097861947080257,20230614,20230614,1.024369
000001.SZ,1d,2017-11-24,13.016208493248158,13.289466894086118,12.551669211823626,13.26214105400232,2630189.0,3732597275.58,20171124,14.56,1.097861947080257,20230614,20230614,1.024369
000001.SZ,1d,2017-11-27,13.025317106609423,13.025317106609423,12.524343371739828,12.688298412242604,2064085.0,2878491901.4700003,20171127,13.93,1.097861947080257,20230614,20230614,1.024369
000001.SZ,1d,2017-11-28,12.61542950535248,12.61542950535248,12.205541904095542,12.478800304933502,1766432.0,2396540133.1,20171128,13.700000000000001,1.097861947080257,20230614,20230614,1.024369
000001.SZ,1d,2017-11-29,12.506126145017298,12.688298412242606,12.2693021976244,12.588103665268687,1564094.0,2148312654.9900002,20171129,13.82,1.097861947080257,20230614,20230614,1.024369
000001.SZ,1d,2017-11-30,12.4788003049335,12.506126145017298,12.078021317037827,12.18732467737301,1379635.0,1866700884.5900002,20171130,13.379999999999999,1.097861947080257,20230614,20230614,1.024369
000001.SZ,1d,2017-12-01,12.205541904095542,12.278410810985665,11.804762916199868,11.841197369644929,1784933.0,2354299656.82,20171201,13.0,1.097861947080257,20230614,20230614,1.024369
000001.SZ,1d,2017-12-04,11.886740436451255,12.178216064011744,11.841197369644929,12.11445577048289,1454023.0,1923315712.98,20171204,13.3,1.097861947080257,20230614,20230614,1.024369
000001.SZ,1d,2017-12-05,11.97782657006391,12.28751942434693,11.932283503257581,12.114455770482888,1723681.0,2301867653.6200004,20171205,13.299999999999999,1.097861947080257,20230614,20230614,1.024369
000001.SZ,1d,2017-12-06,12.078021317037829,12.087129930399094,11.649916489058358,11.914066276535051,1619844.0,2104168537.1000001,20171206,13.08,1.097861947080257,20230614,20230614,1.024369
000001.SZ,1d,2017-12-07,11.886740436451255,11.968717956702644,11.613482035613295,11.686350942503418,1181957.0,1526953344.35,20171207,12.83,1.097861947080257,20230614,20230614,1.024369
000001.SZ,1d,2017-12-08,11.74100262267101,11.923174889896316,11.613482035613295,11.923174889896316,1351315.0,1751423112.52,20171208,13.09,1.097861947080257,20230614,20230614,1.024369
000001.SZ,1d,2017-12-11,11.914066276535051,12.360388331237052,11.731894009309745,12.296628037708196,2261952.0,2980735572.46,20171211,13.5,1.097861947080257,20230614,20230614,1.024369
000001.SZ,1d,2017-12-12,12.205541904095542,12.278410810985665,11.85941459636746,11.85941459636746,1743405.0,2302354901.4999995,20171212,13.02,1.097861947080257,20230614,20230614,1.024369
000001.SZ,1d,2017-12-13,11.841197369644929,12.023369636870235,11.731894009309745,11.959609343341379,1289248.0,1679022035.87,20171213,13.13,1.097861947080257,20230614,20230614,1.024369
000001.SZ,1d,2017-12-14,11.97782657006391,12.123564383844155,11.75921984939354,11.841197369644929,1001997.0,1311131917.6599998,20171214,13.0,1.097861947080257,20230614,20230614,1.024369
000001.SZ,1d,2017-12-15,11.750111236032275,11.77743707611607,11.540613128723173,11.5861561955295,1099952.0,1405372004.0400002,20171215,12.72,1.097861947080257,20230614,20230614,1.024369
000001.SZ,1d,2017-12-18,11.595264808890764,11.75921984939354,11.513287288639377,11.613482035613295,805464.0,1029422753.2800001,20171218,12.75,1.097861947080257,20230614,20230614,1.024369
000001.SZ,1d,2017-12-19,11.649916489058358,12.13267299720542,11.60437342225203,12.096238543760359,2397942.0,3138687565.9,20171219,13.280000000000001,1.097861947080257,20230614,20230614,1.024369
000001.SZ,1d,2017-12-20,12.023369636870235,12.123564383844155,11.959609343341379,12.078021317037829,1106245.0,1463802116.67,20171220,13.260000000000002,1.097861947080257,20230614,20230614,1.024369
000001.SZ,1d,2017-12-21,12.005152410147705,12.460583078210972,11.986935183425175,12.333062491153257,1485203.0,2005617683.8600001,20171221,13.540000000000001,1.097861947080257,20230614,20230614,1.024369
000001.SZ,1d,2017-12-22,12.296628037708198,12.415040011404646,12.25108497090187,12.314845264430726,742900.0,1004525768.54,20171222,13.520000000000001,1.097861947080257,20230614,20230614,1.024369
000001.SZ,1d,2017-12-25,12.314845264430726,12.624538118713746,11.986935183425175,12.068912703676562,1585567.0,2145040658.23,20171225,13.25,1.097861947080257,20230614,20230614,1.024369
000001.SZ,1d,2017-12-26,12.078021317037827,12.469691691572235,12.01426102350897,12.442365851488441,1123688.0,1510826264.4400003,20171226,13.66,1.097861947080257,20230614,20230614,1.024369
000001.SZ,1d,2017-12-27,12.369496944598318,12.551669211823624,12.01426102350897,12.105347157121622,1366566.0,1848165006.46,20171227,13.29,1.097861947080257,20230614,20230614,1.024369
000001.SZ,1d,2017-12-28,12.096238543760357,12.260193584263133,11.85941459636746,12.032478250231499,1553030.0,2052944539.1400003,20171228,13.209999999999999,1.097861947080257,20230614,20230614,1.024369
000001.SZ,1d,2017-12-29,12.032478250231499,12.232867744179337,11.932283503257581,12.114455770482888,982915.0,1303222040.36,20171229,13.299999999999999,1.097861947080257,20230614,20230614,1.024369
000001.SZ,1d,2018-01-02,12.159998837289216,12.688298412242604,12.13267299720542,12.478800304933502,2081592.0,2856543822.1800003,20180102,13.700000000000001,1.097861947080257,20230614,20230614,1.024369
000001.SZ,1d,2018-01-03,12.506126145017298,12.624538118713748,12.023369636870235,12.141781610566687,2962498.0,4006220766.94,20180103,13.330000000000002,1.097861947080257,20230614,20230614,1.024369
000001.SZ,1d,2018-01-04,12.13267299720542,12.178216064011746,11.959609343341379,12.068912703676562,1854509.0,2454543516.41,20180104,13.25,1.097861947080257,20230614,20230614,1.024369
000001.SZ,1d,2018-01-05,12.0324782502315,12.159998837289216,11.97782657006391,12.11445577048289,1210312.0,1603289517.9300003,20180105,13.3,1.097861947080257,20230614,20230614,1.024369
000001.SZ,1d,2018-01-08,12.068912703676562,12.105347157121622,11.713676782587214,11.804762916199866,2158620.0,2806099169.66,20180108,12.959999999999999,1.097861947080257,20230614,20230614,1.024369
000001.SZ,1d,2018-01-09,11.804762916199866,12.023369636870235,11.768328462754805,11.914066276535051,1344345.0,1754315792.47,20180109,13.08,1.097861947080257,20230614,20230614,1.024369
000001.SZ,1d,2018-01-10,11.87763182308999,12.28751942434693,11.768328462754805,12.2693021976244,2403277.0,3196055830.9100003,20180110,13.47,1.097861947080257,20230614,20230614,1.024369
000001.SZ,1d,2018-01-11,12.214650517456807,12.378605557959583,12.087129930399092,12.205541904095542,1443877.0,1937494294.07,20180111,13.4,1.097861947080257,20230614,20230614,1.024369
000001.SZ,1d,2018-01-12,12.251084970901868,12.460583078210972,12.214650517456807,12.342171104514522,1353991.0,1833435672.07,20180112,13.55,1.097861947080257,20230614,20230614,1.024369
000001.SZ,1d,2018-01-15,12.305736651069461,13.052642946693217,12.296628037708196,12.934230972996767,3122394.0,4376707088.52,20180115,14.2,1.097861947080257,20230614,20230614,1.024369
000001.SZ,1d,2018-01-16,12.906905132912971,13.098186013499543,12.770275932493991,12.934230972996767,2444549.0,3479177087.3,20180116,14.2,1.097861947080257,20230614,20230614,1.024369
000001.SZ,1d,2018-01-17,13.052642946693219,13.480747774672688,12.934230972996769,12.961556813080565,2656294.0,3849312882.21,20180117,14.23,1.097861947080257,20230614,20230614,1.024369
000001.SZ,1d,2018-01-18,13.116403240222075,13.407878867782566,13.007099879886892,13.407878867782566,2148026.0,3120455742.3500004,20180118,14.72,1.097861947080257,20230614,20230614,1.024369
000001.SZ,1d,2018-01-19,13.480747774672688,13.781332015594442,13.371444414337503,13.480747774672688,2571146.0,3832857440.2999997,20180119,14.799999999999999,1.097861947080257,20230614,20230614,1.024369
000001.SZ,1d,2018-01-22,13.298575507447381,13.608268361730403,13.14372908030587,13.152837693667136,2073867.0,3032799070.35,20180122,14.44,1.097861947080257,20230614,20230614,1.024369
000001.SZ,1d,2018-01-23,13.079968786777012,13.571833908285342,13.052642946693217,13.344118574253708,2388791.0,3492462005.57,20180123,14.65,1.097861947080257,20230614,20230614,1.024369
000001.SZ,1d,2018-01-24,13.353227187614973,13.735788948788118,13.207489373834727,13.335009960892442,2591292.0,3838734922.63,20180124,14.64,1.097861947080257,20230614,20230614,1.024369
000001.SZ,1d,2018-01-25,13.161946307028401,13.180163533750934,12.75205870577146,12.934230972996767,2369984.0,3360822344.56,20180125,14.2,1.097861947080257,20230614,20230614,1.024369
000001.SZ,1d,2018-01-26,12.916013746274237,13.061751560054482,12.770275932493991,12.797601772577787,2032988.0,2885104627.01,20180126,14.049999999999999,1.097861947080257,20230614,20230614,1.024369
000001.SZ,1d,2018-01-29,12.797601772577787,12.979774039803095,12.387714171320848,12.515234758378563,2090546.0,2911452095.24,20180129,13.74,1.097861947080257,20230614,20230614,1.024369
000001.SZ,1d,2018-01-30,12.478800304933502,12.606320891991217,12.342171104514522,12.433257238127176,1094739.0,1497708872.6299999,20180130,13.65,1.097861947080257,20230614,20230614,1.024369
000001.SZ,1d,2018-01-31,12.38771417132085,12.797601772577789,12.323953877791991,12.797601772577789,1747729.0,2423104767.05,20180131,14.05,1.097861947080257,20230614,20230614,1.024369
000001.SZ,1d,2018-02-01,12.706515638965135,13.025317106609423,12.606320891991217,12.779384545855256,2005614.0,2821583609.2299995,20180201,14.03,1.097861947080257,20230614,20230614,1.024369
000001.SZ,1d,2018-02-02,12.670081185520074,12.843144839384117,12.415040011404646,12.797601772577789,1176512.0,1637619618.3200002,20180202,14.05,1.097861947080257,20230614,20230614,1.024369
000001.SZ,1d,2018-02-05,12.569886438546156,13.271249667363586,12.506126145017298,13.253032440641055,2331997.0,3326355314.78,20180205,14.55,1.097861947080257,20230614,20230614,1.024369
000001.SZ,1d,2018-02-06,12.961556813080565,13.052642946693217,12.688298412242604,12.75205870577146,2582872.0,3641294710.26,20180206,14.0,1.097861947080257,20230614,20230614,1.024369
000001.SZ,1d,2018-02-07,12.952448199719298,13.025317106609423,11.62259064897456,11.768328462754805,3345716.0,4521586590.190001,20180207,12.92,1.097861947080257,20230614,20230614,1.024369
000001.SZ,1d,2018-02-08,11.68635094250342,11.768328462754807,11.41309254166546,11.422201155026725,2137815.0,2711464886.05,20180208,12.540000000000001,1.097861947080257,20230614,20230614,1.024369
000001.SZ,1d,2018-02-09,11.003204940408517,11.003204940408517,10.365602005119946,10.647969019319172,2824949.0,3308553501.5200005,20180209,11.690000000000001,1.097861947080257,20230614,20230614,1.024369
000001.SZ,1d,2018-02-12,10.729946539570559,10.78459821973815,10.529557045622722,10.675294859402968,1228782.0,1439644312.04,20180212,11.72,1.097861947080257,20230614,20230614,1.024369
000001.SZ,1d,2018-02-13,10.811924059821946,11.121616914104967,10.78459821973815,10.875684353350803,1298178.0,1562420005.24,20180213,11.94,1.097861947080257,20230614,20230614,1.024369
000001.SZ,1d,2018-02-14,10.893901580073333,10.957661873602191,10.711729312848028,10.930336033518396,864190.0,1030474410.4399999,20180214,12.0,1.097861947080257,20230614,20230614,1.024369
000001.SZ,1d,2018-02-22,11.158051367550028,11.413092541665458,11.158051367550028,11.349332248136601,1268406.0,1573562575.57,20180222,12.46,1.097861947080257,20230614,20230614,1.024369
000001.SZ,1d,2018-02-23,11.458635608471786,11.649916489058358,11.340223634775336,11.485961448555582,1013663.0,1278185721.74,20180223,12.610000000000001,1.097861947080257,20230614,20230614,1.024369
000001.SZ,1d,2018-02-26,11.631699262335827,11.70456816922595,11.340223634775336,11.504178675278112,1045758.0,1318960463.96,20180226,12.63,1.097861947080257,20230614,20230614,1.024369
000001.SZ,1d,2018-02-27,11.513287288639376,11.567938968806969,11.103399687382437,11.185377207633824,1285869.0,1590018492.14,20180227,12.28,1.097861947080257,20230614,20230614,1.024369
000001.SZ,1d,2018-02-28,11.021422167131048,11.103399687382437,10.866575739989537,10.975879100324722,1214145.0,1463313702.75,20180228,12.049999999999999,1.097861947080257,20230614,20230614,1.024369
000001.SZ,1d,2018-03-01,10.857467126628274,11.066965233937376,10.839249899905743,10.966770486963458,886957.0,1069354491.03,20180301,12.040000000000001,1.097861947080257,20230614,20230614,1.024369
000001.SZ,1d,2018-03-02,10.857467126628274,10.966770486963457,10.793706833099415,10.884792966712068,663124.0,791736473.27,20180302,11.95,1.097861947080257,20230614,20230614,1.024369
000001.SZ,1d,2018-03-05,10.866575739989539,11.003204940408517,10.74816376629309,10.802815446460682,754183.0,897244265.05,20180305,11.860000000000001,1.097861947080257,20230614,20230614,1.024369
000001.SZ,1d,2018-03-06,10.884792966712068,11.030530780492313,10.720837926209292,11.021422167131048,1150162.0,1373438382.66,20180306,12.1,1.097861947080257,20230614,20230614,1.024369
000001.SZ,1d,2018-03-07,11.066965233937376,11.240028887801419,10.966770486963458,10.975879100324724,1427570.0,1744085270.0400002,20180307,12.05,1.097861947080257,20230614,20230614,1.024369
000001.SZ,1d,2018-03-08,10.975879100324724,11.066965233937376,10.88479296671207,11.030530780492315,689755.0,832153697.14,20180308,12.110000000000001,1.097861947080257,20230614,20230614,1.024369
000001.SZ,1d,2018-03-09,11.066965233937376,11.112508300743704,10.912118806795865,11.012313553769783,943876.0,1139043574.6299999,20180309,12.09,1.097861947080257,20230614,20230614,1.024369
000001.SZ,1d,2018-03-12,11.066965233937376,11.085182460659908,10.88479296671207,10.957661873602193,1268701.0,1526643478.9199998,20180312,12.030000000000001,1.097861947080257,20230614,20230614,1.024369
000001.SZ,1d,2018-03-13,10.966770486963457,11.130725527466234,10.930336033518396,10.948553260240926,1082267.0,1309543466.56,20180313,12.02,1.097861947080257,20230614,20230614,1.024369
000001.SZ,1d,2018-03-14,10.912118806795865,10.930336033518396,10.775489606376885,10.857467126628274,635594.0,757090756.4300001,20180314,11.92,1.097861947080257,20230614,20230614,1.024369
000001.SZ,1d,2018-03-15,10.739055152931824,10.793706833099415,10.620643179235374,10.666186246041702,1155694.0,1356878634.17,20180315,11.71,1.097861947080257,20230614,20230614,1.024369
000001.SZ,1d,2018-03-16,10.675294859402968,10.793706833099417,10.602425952512844,10.602425952512844,962983.0,1130784170.87,20180316,11.64,1.097861947080257,20230614,20230614,1.024369
000001.SZ,1d,2018-03-19,10.620643179235374,10.78459821973815,10.575100112429046,10.775489606376885,808538.0,947664744.37,20180319,11.83,1.097861947080257,20230614,20230614,1.024369
000001.SZ,1d,2018-03-20,10.693512086125498,10.821032673183213,10.675294859402968,10.76638099301562,776150.0,916858475.86,20180320,11.82,1.097861947080257,20230614,20230614,1.024369
000001.SZ,1d,2018-03-21,10.884792966712068,11.039639393853578,10.793706833099415,10.839249899905743,1445109.0,1736437401.21,20180321,11.9,1.097861947080257,20230614,20230614,1.024369
000001.SZ,1d,2018-03-22,10.839249899905743,10.9030101934346,10.584208725790313,10.620643179235374,984278.0,1155741055.8700001,20180322,11.66,1.097861947080257,20230614,20230614,1.024369
000001.SZ,1d,2018-03-23,10.247190031423496,10.338276165036149,9.94660579050174,10.329167551674884,1825690.0,2037734400.0900002,20180323,11.34,1.097861947080257,20230614,20230614,1.024369
000001.SZ,1d,2018-03-26,10.15610389781084,10.201646964617169,9.891954110334147,9.955714403863006,1383598.0,1519435011.09,20180326,10.93,1.097861947080257,20230614,20230614,1.024369
000001.SZ,1d,2018-03-27,10.110560831004516,10.174321124533373,9.891954110334147,9.96482301722427,1103933.0,1213989931.1799998,20180327,10.94,1.097861947080257,20230614,20230614,1.024369
000001.SZ,1d,2018-03-28,9.882845496972884,10.146995284449577,9.828193816805292,9.919279950417945,1099023.0,1201023442.2099998,20180328,10.89,1.097861947080257,20230614,20230614,1.024369
000001.SZ,1d,2018-03-29,9.94660579050174,10.174321124533373,9.609587096134923,10.06501776419819,1330602.0,1445281829.8600001,20180329,11.05,1.097861947080257,20230614,20230614,1.024369
000001.SZ,1d,2018-03-30,10.055909150836925,10.06501776419819,9.91017133705668,9.92838856377921,752173.0,823438180.73,20180330,10.9,1.097861947080257,20230614,20230614,1.024369
000001.SZ,1d,2018-04-02,9.901062723695414,10.010366084030597,9.746216296553904,9.755324909915169,1109316.0,1200911980.3799999,20180402,10.71,1.097861947080257,20230614,20230614,1.024369
000001.SZ,1d,2018-04-03,9.65513016294125,9.718890456470106,9.57315264268986,9.618695709496189,890745.0,942237800.69,20180403,10.56,1.097861947080257,20230614,20230614,1.024369
000001.SZ,1d,2018-04-04,9.727999069831371,10.028583310753127,9.65513016294125,9.901062723695413,1602488.0,1737258898.2800002,20180404,10.87,1.097861947080257,20230614,20230614,1.024369
000001.SZ,1d,2018-04-09,9.837302430166556,10.110560831004516,9.7735421366377,10.037691924114393,1074795.0,1180084371.5900002,20180409,11.02,1.097861947080257,20230614,20230614,1.024369
000001.SZ,1d,2018-04-10,10.037691924114394,10.438470912010068,9.992148857308067,10.402036458565007,1390950.0,1562265089.74,20180410,11.42,1.097861947080257,20230614,20230614,1.024369
000001.SZ,1d,2018-04-11,10.374710618481211,10.857467126628274,10.365602005119946,10.775489606376885,2095970.0,2458982163.44,20180411,11.83,1.097861947080257,20230614,20230614,1.024369
000001.SZ,1d,2018-04-12,10.74816376629309,10.775489606376885,10.402036458565007,10.49312259217766,1173128.0,1364675848.46,20180412,11.52,1.097861947080257,20230614,20230614,1.024369
000001.SZ,1d,2018-04-13,10.602425952512844,10.739055152931824,10.429362298648803,10.538665658983987,1300255.0,1516155527.17,20180413,11.57,1.097861947080257,20230614,20230614,1.024369
000001.SZ,1d,2018-04-16,10.447579525371331,10.447579525371331,10.046800537475658,10.110560831004516,1427072.0,1593706086.4,20180416,11.1,1.097861947080257,20230614,20230614,1.024369
000001.SZ,1d,2018-04-17,10.128778057727047,10.429362298648801,10.119669444365782,10.210755577978434,1301891.0,1468159349.6599998,20180417,11.209999999999999,1.097861947080257,20230614,20230614,1.024369
000001.SZ,1d,2018-04-18,10.429362298648801,10.575100112429046,10.274515871507292,10.474905365455129,1475845.0,1692722923.5,20180418,11.5,1.097861947080257,20230614,20230614,1.024369
000001.SZ,1d,2018-04-19,10.49312259217766,10.64796901931917,10.402036458565007,10.447579525371333,849131.0,979593564.5999999,20180419,11.47,1.097861947080257,20230614,20230614,1.024369
000001.SZ,1d,2018-04-20,10.484013978816396,10.547774272345254,10.20164696461717,10.33827616503615,958690.0,1090801311.42,20180420,11.350000000000001,1.097861947080257,20230614,20230614,1.024369
000001.SZ,1d,2018-04-23,10.29273309822982,10.575100112429046,10.256298644784762,10.538665658983987,1070289.0,1228544006.32,20180423,11.57,1.097861947080257,20230614,20230614,1.024369
000001.SZ,1d,2018-04-24,10.593317339151579,10.875684353350803,10.547774272345253,10.80281544646068,1461098.0,1725152198.09,20180424,11.86,1.097861947080257,20230614,20230614,1.024369
000001.SZ,1d,2018-04-25,10.711729312848028,10.757272379654355,10.593317339151579,10.638860405957907,730286.0,854713248.8800001,20180425,11.680000000000001,1.097861947080257,20230614,20230614,1.024369
000001.SZ,1d,2018-04-26,10.620643179235374,10.647969019319172,10.301841711591088,10.402036458565007,874235.0,1002483154.12,20180426,11.42,1.097861947080257,20230614,20230614,1.024369
000001.SZ,1d,2018-04-27,10.465796752093864,10.484013978816396,9.682456003025047,9.882845496972884,2709795.0,2958464277.86,20180427,10.850000000000001,1.097861947080257,20230614,20230614,1.024369
000001.SZ,1d,2018-05-02,9.992148857308067,10.04680053747566,9.837302430166556,9.91017133705668,1190523.0,1295804420.86,20180502,10.88,1.097861947080257,20230614,20230614,1.024369
000001.SZ,1d,2018-05-03,9.891954110334147,9.91017133705668,9.627804322857454,9.79175936336023,1281355.0,1372765845.8300002,20180503,10.75,1.097861947080257,20230614,20230614,1.024369
000001.SZ,1d,2018-05-04,9.7735421366377,9.864628270250352,9.709781843108841,9.727999069831371,710509.0,761302468.67,20180504,10.68,1.097861947080257,20230614,20230614,1.024369
000001.SZ,1d,2018-05-07,9.746216296553904,9.864628270250352,9.69156461638631,9.846411043527821,974309.0,1046743101.9200001,20180507,10.81,1.097861947080257,20230614,20230614,1.024369
000001.SZ,1d,2018-05-08,9.864628270250352,10.156103897810842,9.837302430166556,10.02858331075313,1373305.0,1511546681.16,20180508,11.010000000000002,1.097861947080257,20230614,20230614,1.024369
000001.SZ,1d,2018-05-09,10.001257470669332,10.04680053747566,9.91017133705668,9.992148857308067,627656.0,687036874.44,20180509,10.97,1.097861947080257,20230614,20230614,1.024369
000001.SZ,1d,2018-05-10,10.046800537475658,10.101452217643251,9.937497177140475,10.028583310753127,552735.0,607349997.23,20180510,11.01,1.097861947080257,20230614,20230614,1.024369
000001.SZ,1d,2018-05-11,10.055909150836925,10.137886671088312,9.983040243946801,10.02858331075313,772369.0,853271166.64,20180511,11.010000000000002,1.097861947080257,20230614,20230614,1.024369
000001.SZ,1d,2018-05-14,10.101452217643251,10.228972804700964,10.046800537475658,10.183429737894638,1039297.0,1158064201.07,20180514,11.18,1.097861947080257,20230614,20230614,1.024369
000001.SZ,1d,2018-05-15,10.183429737894638,10.192538351255903,10.037691924114393,10.128778057727047,669261.0,742590447.6500001,20180515,11.12,1.097861947080257,20230614,20230614,1.024369
000001.SZ,1d,2018-05-16,10.08323499092072,10.08323499092072,9.919279950417945,9.92838856377921,714362.0,782694669.6899999,20180516,10.9,1.097861947080257,20230614,20230614,1.024369
000001.SZ,1d,2018-05-17,9.937497177140475,9.96482301722427,9.819085203444025,9.855519656889085,586494.0,635675440.98,20180517,10.819999999999999,1.097861947080257,20230614,20230614,1.024369
000001.SZ,1d,2018-05-18,9.846411043527821,9.992148857308067,9.800867976721495,9.983040243946801,578384.0,628250184.9200001,20180518,10.959999999999999,1.097861947080257,20230614,20230614,1.024369
000001.SZ,1d,2018-05-21,10.08323499092072,10.119669444365782,9.955714403863006,9.973931630585536,763533.0,838750577.6500001,20180521,10.95,1.097861947080257,20230614,20230614,1.024369
000001.SZ,1d,2018-05-22,9.973931630585538,10.001257470669332,9.828193816805292,9.891954110334149,589871.0,639815249.44,20180522,10.860000000000001,1.097861947080257,20230614,20230614,1.024369
000001.SZ,1d,2018-05-23,9.855519656889086,9.855519656889086,9.673347389663782,9.700673229747576,991016.0,1058587812.32,20180523,10.65,1.097861947080257,20230614,20230614,1.024369
000001.SZ,1d,2018-05-24,9.709781843108841,9.727999069831371,9.63691293621872,9.664238776302515,688152.0,730678763.88,20180524,10.61,1.097861947080257,20230614,20230614,1.024369
000001.SZ,1d,2018-05-25,9.664238776302517,9.718890456470106,9.609587096134923,9.646021549579984,593335.0,629735450.6,20180525,10.59,1.097861947080257,20230614,20230614,1.024369
000001.SZ,1d,2018-05-28,9.63691293621872,9.709781843108841,9.57315264268986,9.646021549579984,569400.0,602590746.57,20180528,10.59,1.097861947080257,20230614,20230614,1.024369
000001.SZ,1d,2018-05-29,9.63691293621872,9.682456003025045,9.427414828909615,9.454740668993411,889494.0,930386966.6300001,20180529,10.379999999999999,1.097861947080257,20230614,20230614,1.024369
000001.SZ,1d,2018-05-30,9.372763148742026,9.372763148742026,9.154156428071657,9.181482268155452,1124447.0,1139918753.16,20180530,10.08,1.097861947080257,20230614,20230614,1.024369
000001.SZ,1d,2018-05-31,9.208808108239248,9.28167701512937,9.12683058798786,9.272568401768105,987360.0,999216332.96,20180531,10.18,1.097861947080257,20230614,20230614,1.024369
000001.SZ,1d,2018-06-01,9.24524256168431,9.372763148742026,9.172373654794187,9.28167701512937,597211.0,608398867.4599999,20180601,10.19,1.097861947080257,20230614,20230614,1.024369
000001.SZ,1d,2018-06-04,9.318111468574433,9.390980375464556,9.24524256168431,9.354545922019494,593038.0,608291978.44,20180604,10.27,1.097861947080257,20230614,20230614,1.024369
000001.SZ,1d,2018-06-05,9.372763148742024,9.38187176210329,9.208808108239248,9.345437308658228,656540.0,670740302.01,20180605,10.26,1.097861947080257,20230614,20230614,1.024369
000001.SZ,1d,2018-06-06,9.336328695296963,9.345437308658228,9.199699494877983,9.236133948323044,712743.0,724032796.29,20180606,10.139999999999999,1.097861947080257,20230614,20230614,1.024369
000001.SZ,1d,2018-06-07,9.290785628490635,9.527609575883535,9.272568401768105,9.445632055632146,1262638.0,1306425478.0900002,20180607,10.37,1.097861947080257,20230614,20230614,1.024369
000001.SZ,1d,2018-06-08,9.409197602187085,9.409197602187085,9.163265041432922,9.217916721600515,1099379.0,1114968856.53,20180608,10.120000000000001,1.097861947080257,20230614,20230614,1.024369
000001.SZ,1d,2018-06-11,9.163265041432922,9.22702533496178,9.10861336126533,9.14504781471039,721374.0,724687998.61,20180611,10.04,1.097861947080257,20230614,20230614,1.024369
000001.SZ,1d,2018-06-12,9.135939201349126,9.181482268155454,9.063070294459004,9.163265041432922,913300.0,914001701.46,20180612,10.06,1.097861947080257,20230614,20230614,1.024369
000001.SZ,1d,2018-06-13,9.145047814710392,9.163265041432922,9.063070294459004,9.063070294459004,530584.0,530483756.71000004,20180613,9.950000000000001,1.097861947080257,20230614,20230614,1.024369
000001.SZ,1d,2018-06-14,9.063070294459003,9.24524256168431,9.035744454375207,9.172373654794187,866392.0,872487574.2800001,20180614,10.07,1.097861947080257,20230614,20230614,1.024369
000001.SZ,1d,2018-06-15,9.181482268155452,9.372763148742026,9.163265041432922,9.26345978840684,1248707.0,1273412999.36,20180615,10.17,1.097861947080257,20230614,20230614,1.024369
000001.SZ,1d,2018-06-19,9.154156428071657,9.24524256168431,8.944658320762555,8.99020138756888,1565874.0,1565756559.87,20180619,9.870000000000001,1.097861947080257,20230614,20230614,1.024369
000001.SZ,1d,2018-06-20,8.990201387568879,9.063070294459003,8.890006640594962,9.026635841013942,763637.0,752950700.66,20180620,9.91,1.097861947080257,20230614,20230614,1.024369
000001.SZ,1d,2018-06-21,9.044853067736472,9.14504781471039,8.981092774207614,8.981092774207614,840070.0,836014838.1400001,20180621,9.86,1.097861947080257,20230614,20230614,1.024369
000001.SZ,1d,2018-06-22,8.926441094040023,8.990201387568879,8.899115253956227,8.971984160846349,657818.0,645752909.26,20180622,9.85,1.097861947080257,20230614,20230614,1.024369
000001.SZ,1d,2018-06-25,9.026635841013942,9.035744454375209,8.54387933286688,8.616748239757003,1195212.0,1154559080.5,20180625,9.46,1.097861947080257,20230614,20230614,1.024369
000001.SZ,1d,2018-06-26,8.552987946228145,8.59853101303447,8.279729545390184,8.525662106144349,1124156.0,1042528543.9899999,20180626,9.36,1.097861947080257,20230614,20230614,1.024369
000001.SZ,1d,2018-06-27,8.480119039338021,8.562096559589408,8.225077865222593,8.279729545390184,1045142.0,958871648.21,20180627,9.09,1.097861947080257,20230614,20230614,1.024369
000001.SZ,1d,2018-06-28,8.152208958332471,8.27062093202892,8.07934005144235,8.124883118248675,1110764.0,996801234.6999999,20180628,8.920000000000002,1.097861947080257,20230614,20230614,1.024369
000001.SZ,1d,2018-06-29,8.206860638500064,8.316163998835247,8.161317571693736,8.279729545390186,675299.0,611346088.6899999,20180629,9.090000000000002,1.097861947080257,20230614,20230614,1.024369
000001.SZ,1d,2018-07-02,8.243295091945123,8.243295091945123,7.7878644238818575,7.84251610404945,1315520.0,1158545868.8100002,20180702,8.610000000000001,1.097861947080257,20230614,20230614,1.024369
000001.SZ,1d,2018-07-03,7.915385010939571,7.924493624300836,7.696778290269203,7.897167784217041,1274838.0,1096657033.32,20180703,8.67,1.097861947080257,20230614,20230614,1.024369
000001.SZ,1d,2018-07-04,7.8607333307719784,7.970036691107164,7.842516104049448,7.842516104049448,711153.0,617278559.96,20180704,8.61,1.097861947080257,20230614,20230614,1.024369
000001.SZ,1d,2018-07-05,7.851624717410715,7.951819464384633,7.7878644238818575,7.8334074906881845,835768.0,722169579.0,20180705,8.600000000000001,1.097861947080257,20230614,20230614,1.024369
000001.SZ,1d,2018-07-06,7.842516104049448,7.997362531190959,7.696778290269203,7.888059170855776,988282.0,852071526.9799999,20180706,8.66,1.097861947080257,20230614,20230614,1.024369
000001.SZ,1d,2018-07-09,7.915385010939571,8.225077865222593,7.906276397578306,8.225077865222593,1409954.0,1255007609.99,20180709,9.03,1.097861947080257,20230614,20230614,1.024369
000001.SZ,1d,2018-07-10,8.21596925186133,8.21596925186133,8.097557278164878,8.179534798416267,896862.0,803038965.2500001,20180710,8.98,1.097861947080257,20230614,20230614,1.024369
000001.SZ,1d,2018-07-11,7.979145304468429,8.042905597997287,7.906276397578306,7.997362531190959,851296.0,744765824.8900001,20180711,8.78,1.097861947080257,20230614,20230614,1.024369
000001.SZ,1d,2018-07-12,7.960332192259803,8.302811600531447,7.941819791812688,8.219505798519426,1140492.0,1008658828.6700001,20180712,8.88,1.0803569238432253,20230614,20230614,1.024369
000001.SZ,1d,2018-07-13,8.256530599413656,8.275042999860773,8.163968597178078,8.219505798519426,603378.0,535401175.45,20180713,8.88,1.0803569238432253,20230614,20230614,1.024369
000001.SZ,1d,2018-07-16,8.19173719784875,8.238018198966541,8.043637994271824,8.080662795166056,689845.0,603427713.21,20180716,8.729999999999999,1.0803569238432253,20230614,20230614,1.024369
000001.SZ,1d,2018-07-17,8.089918995389615,8.099175195613173,8.01586939360115,8.071406594942498,375356.0,326396994.95,20180717,8.72,1.0803569238432253,20230614,20230614,1.024369
000001.SZ,1d,2018-07-18,8.099175195613173,8.19173719784875,8.043637994271824,8.052894194495382,525152.0,460697377.12000006,20180718,8.7,1.0803569238432253,20230614,20230614,1.024369
000001.SZ,1d,2018-07-19,8.099175195613173,8.154712396954519,8.043637994271824,8.080662795166056,461372.0,403674308.23,20180719,8.729999999999999,1.0803569238432253,20230614,20230614,1.024369
000001.SZ,1d,2018-07-20,8.080662795166056,8.515704205673277,7.969588392483361,8.432398403661256,1754277.0,1576843937.1000001,20180720,9.11,1.0803569238432253,20230614,20230614,1.024369
000001.SZ,1d,2018-07-23,8.36760500209635,8.747109211262226,8.33058020120212,8.719340610591551,1781688.0,1646028021.04,20180723,9.42,1.0803569238432253,20230614,20230614,1.024369
000001.SZ,1d,2018-07-24,8.691572009920879,8.876696014392037,8.63603480857953,8.700828210144437,1425894.0,1348746826.8300002,20180724,9.4,1.0803569238432253,20230614,20230614,1.024369
000001.SZ,1d,2018-07-25,8.737853011038668,8.765621611709342,8.63603480857953,8.682315809697322,614122.0,575752176.95,20180725,9.38,1.0803569238432253,20230614,20230614,1.024369
000001.SZ,1d,2018-07-26,8.700828210144437,8.7748778119329,8.524960405896836,8.561985206791068,833358.0,778429753.7900001,20180726,9.25,1.0803569238432253,20230614,20230614,1.024369
000001.SZ,1d,2018-07-27,8.608266207908857,8.663803409250205,8.497191805226162,8.561985206791068,515126.0,477527419.46,20180727,9.25,1.0803569238432253,20230614,20230614,1.024369
000001.SZ,1d,2018-07-30,8.626778608355973,8.784134012156457,8.571241407014625,8.691572009920879,706385.0,661767547.55,20180730,9.39,1.0803569238432253,20230614,20230614,1.024369
000001.SZ,1d,2018-07-31,8.673059609473762,8.784134012156457,8.561985206791068,8.719340610591551,720150.0,674484650.66,20180731,9.42,1.0803569238432253,20230614,20230614,1.024369
000001.SZ,1d,2018-08-01,8.719340610591551,8.793390212380016,8.432398403661256,8.469423204555488,814081.0,759282229.65,20180801,9.149999999999999,1.0803569238432253,20230614,20230614,1.024369
000001.SZ,1d,2018-08-02,8.450910804108373,8.46942320455549,8.219505798519426,8.275042999860773,931401.0,839272254.36,20180802,8.940000000000001,1.0803569238432253,20230614,20230614,1.024369
000001.SZ,1d,2018-08-03,8.265786799637214,8.423142203437699,8.247274399190099,8.247274399190099,476546.0,428641526.2,20180803,8.91,1.0803569238432253,20230614,20230614,1.024369
000001.SZ,1d,2018-08-06,8.275042999860773,8.432398403661258,8.228761998742984,8.275042999860773,554010.0,497906686.27000004,20180806,8.940000000000001,1.0803569238432253,20230614,20230614,1.024369
000001.SZ,1d,2018-08-07,8.29355540030789,8.487935605002605,8.219505798519426,8.487935605002605,690423.0,624359656.36,20180807,9.17,1.0803569238432253,20230614,20230614,1.024369
000001.SZ,1d,2018-08-08,8.478679404779047,8.478679404779047,8.367605002096353,8.37686120231991,578953.0,527526989.83,20180808,9.05,1.0803569238432253,20230614,20230614,1.024369
000001.SZ,1d,2018-08-09,8.36760500209635,8.654547209026646,8.349092601649236,8.5990100076853,806783.0,746469808.0899999,20180809,9.29,1.0803569238432253,20230614,20230614,1.024369
000001.SZ,1d,2018-08-10,8.608266207908859,8.626778608355973,8.478679404779047,8.543472806343953,424168.0,391366341.57,20180810,9.23,1.0803569238432253,20230614,20230614,1.024369
000001.SZ,1d,2018-08-13,8.441654603884816,8.478679404779047,8.238018198966541,8.37686120231991,818491.0,736947790.49,20180813,9.05,1.0803569238432253,20230614,20230614,1.024369
000001.SZ,1d,2018-08-14,8.358348801872793,8.36760500209635,8.275042999860773,8.33058020120212,430240.0,386334617.9499999,20180814,9.0,1.0803569238432253,20230614,20230614,1.024369
000001.SZ,1d,2018-08-15,8.349092601649236,8.349092601649236,8.099175195613173,8.136199996507402,670442.0,594759517.14,20180815,8.79,1.0803569238432253,20230614,20230614,1.024369
000001.SZ,1d,2018-08-16,8.080662795166056,8.228761998742984,7.997356993154035,8.126943796283847,638272.0,559523123.02,20180816,8.780000000000001,1.0803569238432253,20230614,20230614,1.024369
000001.SZ,1d,2018-08-17,8.219505798519425,8.275042999860773,8.126943796283845,8.154712396954519,649476.0,576683267.1100001,20180817,8.809999999999999,1.0803569238432253,20230614,20230614,1.024369
000001.SZ,1d,2018-08-20,8.238018198966541,8.349092601649238,8.210249598295867,8.330580201202121,681322.0,609934725.59,20180820,9.000000000000002,1.0803569238432253,20230614,20230614,1.024369
000001.SZ,1d,2018-08-21,8.349092601649236,8.571241407014625,8.339836401425679,8.543472806343953,1264474.0,1163292795.24,20180821,9.23,1.0803569238432253,20230614,20230614,1.024369
000001.SZ,1d,2018-08-22,8.55272900656751,8.64529100880309,8.450910804108373,8.599010007685301,982433.0,909598743.27,20180822,9.290000000000001,1.0803569238432253,20230614,20230614,1.024369
000001.SZ,1d,2018-08-23,8.608266207908859,8.719340610591551,8.543472806343953,8.663803409250205,729074.0,680941392.24,20180823,9.360000000000001,1.0803569238432253,20230614,20230614,1.024369
000001.SZ,1d,2018-08-24,8.617522408132416,9.515373829817534,8.599010007685301,9.283968824228586,3040408.0,2995071976.8100004,20180824,10.030000000000001,1.0803569238432253,20230614,20230614,1.024369
000001.SZ,1d,2018-08-27,9.274712624005028,9.654216833170903,9.228431622887237,9.654216833170903,2218424.0,2251527721.3500004,20180827,10.430000000000001,1.0803569238432253,20230614,20230614,1.024369
000001.SZ,1d,2018-08-28,9.57091103115888,9.654216833170901,9.4783490289233,9.524630030041092,1289777.0,1331917860.95,20180828,10.290000000000001,1.0803569238432253,20230614,20230614,1.024369
000001.SZ,1d,2018-08-29,9.487605229146858,9.561654830935321,9.39504322691128,9.506117629593975,901883.0,923581546.46,20180829,10.27,1.0803569238432253,20230614,20230614,1.024369
000001.SZ,1d,2018-08-30,9.506117629593975,9.580167231382438,9.330249825346375,9.367274626240606,994917.0,1013877514.26,20180830,10.12,1.0803569238432253,20230614,20230614,1.024369
000001.SZ,1d,2018-08-31,9.376530826464164,9.552398630711764,9.34876222579349,9.376530826464164,1310865.0,1337898869.57,20180831,10.129999999999999,1.0803569238432253,20230614,20230614,1.024369
000001.SZ,1d,2018-09-03,9.339506025569932,9.533886230264649,9.339506025569932,9.432068027805512,711695.0,725303291.73,20180903,10.19,1.0803569238432253,20230614,20230614,1.024369
000001.SZ,1d,2018-09-04,9.441324228029071,9.765291235853597,9.320993625122817,9.654216833170901,1296342.0,1339756563.51,20180904,10.43,1.0803569238432253,20230614,20230614,1.024369
000001.SZ,1d,2018-09-05,9.533886230264649,9.561654830935321,9.3024812246757,9.3024812246757,1179453.0,1202345697.97,20180905,10.05,1.0803569238432253,20230614,20230614,1.024369
000001.SZ,1d,2018-09-06,9.3024812246757,9.385787026687723,9.209919222440123,9.228431622887237,711777.0,713975749.0200001,20180906,9.97,1.0803569238432253,20230614,20230614,1.024369
000001.SZ,1d,2018-09-07,9.293225024452141,9.422811827581953,9.191406821993006,9.265456423781469,809035.0,815151722.99,20180907,10.01,1.0803569238432253,20230614,20230614,1.024369
000001.SZ,1d,2018-09-10,9.265456423781469,9.320993625122817,9.108101019980984,9.145125820875215,636989.0,631174169.9300001,20180910,9.879999999999999,1.0803569238432253,20230614,20230614,1.024369
000001.SZ,1d,2018-09-11,9.163638221322332,9.283968824228586,9.080332419310311,9.17289442154589,712967.0,707337570.1400001,20180911,9.91,1.0803569238432253,20230614,20230614,1.024369
000001.SZ,1d,2018-09-12,9.13586962065166,9.228431622887237,9.089588619533869,9.145125820875217,564829.0,558399563.21,20180912,9.88,1.0803569238432253,20230614,20230614,1.024369
000001.SZ,1d,2018-09-13,9.339506025569932,9.34876222579349,9.108101019980984,9.219175422663678,999725.0,993389970.35,20180913,9.959999999999999,1.0803569238432253,20230614,20230614,1.024369
000001.SZ,1d,2018-09-14,9.237687823110795,9.237687823110795,9.080332419310311,9.108101019980984,619750.0,611422480.21,20180914,9.84,1.0803569238432253,20230614,20230614,1.024369
000001.SZ,1d,2018-09-17,9.071076219086752,9.071076219086752,8.960001816404057,8.969258016627615,517082.0,502609643.63,20180917,9.69,1.0803569238432253,20230614,20230614,1.024369
000001.SZ,1d,2018-09-18,9.006282817521848,9.367274626240606,8.978514216851174,9.330249825346376,1126807.0,1120867543.02,20180918,10.080000000000002,1.0803569238432253,20230614,20230614,1.024369
000001.SZ,1d,2018-09-19,9.283968824228584,9.57091103115888,9.283968824228584,9.4783490289233,1231548.0,1257191505.9599998,20180919,10.24,1.0803569238432253,20230614,20230614,1.024369
000001.SZ,1d,2018-09-20,9.506117629593975,9.589423431605995,9.432068027805512,9.469092828699742,620348.0,636742814.2300001,20180920,10.229999999999999,1.0803569238432253,20230614,20230614,1.024369
000001.SZ,1d,2018-09-21,9.496861429370416,9.904134239206964,9.422811827581953,9.87636563853629,1624518.0,1707850487.8000002,20180921,10.67,1.0803569238432253,20230614,20230614,1.024369
000001.SZ,1d,2018-09-25,9.737522635182922,9.88562183875985,9.700497834288692,9.765291235853597,977014.0,1030715785.16,20180925,10.55,1.0803569238432253,20230614,20230614,1.024369
000001.SZ,1d,2018-09-26,9.820828437194944,10.107770644125239,9.737522635182922,9.913390439430522,1490513.0,1600626208.76,20180926,10.709999999999999,1.0803569238432253,20230614,20230614,1.024369
000001.SZ,1d,2018-09-27,9.857853238089175,10.033721042336776,9.783803636300712,9.941159040101196,880363.0,942200398.6200001,20180927,10.74,1.0803569238432253,20230614,20230614,1.024369
000001.SZ,1d,2018-09-28,9.978183840995428,10.431737651949765,9.978183840995428,10.228101247031491,2110242.0,2331358288.96,20180928,11.049999999999999,1.0803569238432253,20230614,20230614,1.024369
000001.SZ,1d,2018-10-08,9.904134239206966,9.987440041218987,9.672729233618018,9.672729233618018,1686358.0,1793455283.0900002,20181008,10.450000000000001,1.0803569238432253,20230614,20230614,1.024369
000001.SZ,1d,2018-10-09,9.681985433841575,9.904134239206966,9.61719203227667,9.774547436077155,1064084.0,1117946550.71,20181009,10.56,1.0803569238432253,20230614,20230614,1.024369
000001.SZ,1d,2018-10-10,9.756035035630038,9.867109438312733,9.607935832053112,9.672729233618018,995200.0,1045666180.93,20181010,10.450000000000001,1.0803569238432253,20230614,20230614,1.024369
000001.SZ,1d,2018-10-11,9.3024812246757,9.40429942713484,8.978514216851174,9.126613420428102,1995143.0,1994186611.8000002,20181011,9.860000000000001,1.0803569238432253,20230614,20230614,1.024369
000001.SZ,1d,2018-10-12,9.228431622887237,9.570911031158882,9.13586962065166,9.533886230264649,1516810.0,1532651400.23,20181012,10.3,1.0803569238432253,20230614,20230614,1.024369
000001.SZ,1d,2018-10-15,9.61719203227667,9.691241634065133,9.339506025569932,9.358018426017047,1402685.0,1443043059.27,20181015,10.11,1.0803569238432253,20230614,20230614,1.024369
000001.SZ,1d,2018-10-16,9.385787026687723,9.756035035630038,9.367274626240606,9.598679631829555,1396921.0,1450020371.45,20181016,10.370000000000001,1.0803569238432253,20230614,20230614,1.024369
000001.SZ,1d,2018-10-17,9.719010234735807,9.765291235853597,9.385787026687723,9.561654830935321,1350889.0,1400306336.2199998,20181017,10.33,1.0803569238432253,20230614,20230614,1.024369
000001.SZ,1d,2018-10-18,9.524630030041092,9.524630030041092,9.31173742489926,9.339506025569932,1001156.0,1015654821.72,20181018,10.09,1.0803569238432253,20230614,20230614,1.024369
000001.SZ,1d,2018-10-19,9.20991922244012,9.978183840995428,9.182150621769448,9.959671440548313,2083667.0,2173571254.6200004,20181019,10.76,1.0803569238432253,20230614,20230614,1.024369
000001.SZ,1d,2018-10-22,10.0059524416661,10.607605456197366,9.978183840995428,10.320663249267069,2645543.0,2932714470.7000003,20181022,11.149999999999999,1.0803569238432253,20230614,20230614,1.024369
000001.SZ,1d,2018-10-23,10.366944250384861,10.385456650831976,9.931902839877639,10.033721042336776,1602545.0,1759265958.65,20181023,10.84,1.0803569238432253,20230614,20230614,1.024369
000001.SZ,1d,2018-10-24,10.089258243678124,10.487274853291114,9.996696241442544,10.218845046807935,1829424.0,2026171911.6200004,20181024,11.040000000000001,1.0803569238432253,20230614,20230614,1.024369
000001.SZ,1d,2018-10-25,9.996696241442544,10.450250052396882,9.913390439430524,10.450250052396882,1685011.0,1855823739.15,20181025,11.290000000000001,1.0803569238432253,20230614,20230614,1.024369
000001.SZ,1d,2018-10-26,10.450250052396882,10.468762452843999,10.144795445019472,10.348431849937747,1299975.0,1448843512.3,20181026,11.180000000000001,1.0803569238432253,20230614,20230614,1.024369
000001.SZ,1d,2018-10-29,10.366944250384861,10.403969051279093,9.830084637418503,9.950415240324755,1591628.0,1725932497.6100001,20181029,10.750000000000002,1.0803569238432253,20230614,20230614,1.024369
000001.SZ,1d,2018-10-30,9.97818384099543,10.255869847702165,9.931902839877639,10.089258243678124,1501827.0,1641371787.2,20181030,10.9,1.0803569238432253,20230614,20230614,1.024369
000001.SZ,1d,2018-10-31,10.135539244795911,10.172564045690144,9.950415240324755,10.098514443901681,1152683.0,1252156775.98,20181031,10.91,1.0803569238432253,20230614,20230614,1.024369
000001.SZ,1d,2018-11-01,10.172564045690144,10.228101247031491,9.959671440548313,10.024464842113218,1542776.0,1679443449.7099998,20181101,10.83,1.0803569238432253,20230614,20230614,1.024369
000001.SZ,1d,2018-11-02,10.218845046807935,10.329919449490628,10.024464842113218,10.265126047925722,2212922.0,2439179135.98,20181102,11.09,1.0803569238432253,20230614,20230614,1.024369
000001.SZ,1d,2018-11-05,10.135539244795913,10.218845046807935,10.01520864188966,10.107770644125239,1291924.0,1409457171.3,20181105,10.92,1.0803569238432253,20230614,20230614,1.024369
000001.SZ,1d,2018-11-06,10.06148964300745,10.117026844348796,9.931902839877639,10.033721042336776,735725.0,795322638.26,20181106,10.84,1.0803569238432253,20230614,20230614,1.024369
000001.SZ,1d,2018-11-07,10.024464842113218,10.135539244795911,9.950415240324755,10.005952441666102,785597.0,851487053.87,20181107,10.81,1.0803569238432253,20230614,20230614,1.024369
000001.SZ,1d,2018-11-08,10.070745843231007,10.15405164524303,10.01520864188966,10.080002043454567,793976.0,864744243.04,20181108,10.89,1.0803569238432253,20230614,20230614,1.024369
000001.SZ,1d,2018-11-09,9.913390439430524,9.931902839877639,9.626448232500227,9.765291235853597,1629269.0,1716198382.75,20181109,10.55,1.0803569238432253,20230614,20230614,1.024369
000001.SZ,1d,2018-11-12,9.681985433841575,9.79305983652427,9.607935832053112,9.774547436077155,920333.0,965756504.35,20181112,10.56,1.0803569238432253,20230614,20230614,1.024369
000001.SZ,1d,2018-11-13,9.635704432723786,9.857853238089175,9.607935832053112,9.756035035630038,1072497.0,1126736143.27,20181113,10.540000000000001,1.0803569238432253,20230614,20230614,1.024369
000001.SZ,1d,2018-11-14,9.746778835406479,9.765291235853597,9.644960632947344,9.663473033394459,774239.0,810357748.16,20181114,10.44,1.0803569238432253,20230614,20230614,1.024369
000001.SZ,1d,2018-11-15,9.663473033394459,9.848597037865618,9.644960632947344,9.830084637418501,901461.0,949991801.2,20181115,10.62,1.0803569238432253,20230614,20230614,1.024369
000001.SZ,1d,2018-11-16,9.820828437194944,9.922646639654081,9.70975403451225,9.783803636300712,1059592.0,1123173219.43,20181116,10.57,1.0803569238432253,20230614,20230614,1.024369
000001.SZ,1d,2018-11-19,9.783803636300712,10.070745843231007,9.783803636300712,10.042977242560333,1360887.0,1466899416.6200001,20181119,10.85,1.0803569238432253,20230614,20230614,1.024369
000001.SZ,1d,2018-11-20,9.950415240324755,9.996696241442542,9.737522635182922,9.783803636300712,1033877.0,1099654683.02,20181120,10.57,1.0803569238432253,20230614,20230614,1.024369
000001.SZ,1d,2018-11-21,9.719010234735807,9.87636563853629,9.700497834288692,9.820828437194944,666157.0,705638355.22,20181121,10.610000000000001,1.0803569238432253,20230614,20230614,1.024369
000001.SZ,1d,2018-11-22,9.87636563853629,9.87636563853629,9.700497834288692,9.765291235853597,500267.0,527103281.19,20181122,10.55,1.0803569238432253,20230614,20230614,1.024369
000001.SZ,1d,2018-11-23,9.74677883540648,9.79305983652427,9.543142430488206,9.552398630711764,700358.0,730667665.37,20181123,10.32,1.0803569238432253,20230614,20230614,1.024369
000001.SZ,1d,2018-11-26,9.57091103115888,9.681985433841575,9.533886230264649,9.57091103115888,516569.0,535963342.8600001,20181126,10.34,1.0803569238432253,20230614,20230614,1.024369
000001.SZ,1d,2018-11-27,9.580167231382438,9.61719203227667,9.404299427134838,9.422811827581953,733448.0,752824120.3000001,20181127,10.18,1.0803569238432253,20230614,20230614,1.024369
000001.SZ,1d,2018-11-28,9.413555627358395,9.543142430488206,9.404299427134838,9.515373829817532,537751.0,550820246.7,20181128,10.28,1.0803569238432253,20230614,20230614,1.024369
000001.SZ,1d,2018-11-29,9.580167231382438,9.617192032276668,9.432068027805512,9.44132422802907,485284.0,499068827.02,20181129,10.2,1.0803569238432253,20230614,20230614,1.024369
000001.SZ,1d,2018-11-30,9.459836628476186,9.589423431605995,9.413555627358395,9.589423431605995,594715.0,610571532.6100001,20181130,10.36,1.0803569238432253,20230614,20230614,1.024369
000001.SZ,1d,2018-12-03,9.802316036747827,9.867109438312733,9.691241634065133,9.802316036747827,1064097.0,1126374829.79,20181203,10.59,1.0803569238432253,20230614,20230614,1.024369
000001.SZ,1d,2018-12-04,9.78380363630071,9.830084637418501,9.746778835406479,9.802316036747827,534813.0,565743744.88,20181204,10.59,1.0803569238432253,20230614,20230614,1.024369
000001.SZ,1d,2018-12-05,9.70975403451225,9.728266434959364,9.626448232500227,9.672729233618018,581545.0,608133290.28,20181205,10.450000000000001,1.0803569238432253,20230614,20230614,1.024369
000001.SZ,1d,2018-12-06,9.589423431605997,9.598679631829555,9.469092828699743,9.487605229146858,578866.0,594649682.9899999,20181206,10.25,1.0803569238432253,20230614,20230614,1.024369
000001.SZ,1d,2018-12-07,9.533886230264647,9.617192032276668,9.506117629593975,9.515373829817532,340216.0,351101370.35,20181207,10.28,1.0803569238432253,20230614,20230614,1.024369
000001.SZ,1d,2018-12-10,9.459836628476186,9.506117629593977,9.376530826464165,9.413555627358395,494818.0,504040653.97,20181210,10.17,1.0803569238432253,20230614,20230614,1.024369
000001.SZ,1d,2018-12-11,9.450580428252627,9.496861429370416,9.413555627358395,9.469092828699743,299089.0,305389210.46,20181211,10.23,1.0803569238432253,20230614,20230614,1.024369
000001.SZ,1d,2018-12-12,9.533886230264649,9.552398630711764,9.441324228029071,9.4783490289233,366379.0,375402863.91999996,20181212,10.24,1.0803569238432253,20230614,20230614,1.024369
000001.SZ,1d,2018-12-13,9.48760522914686,9.700497834288692,9.441324228029071,9.61719203227667,790845.0,819920689.17,20181213,10.39,1.0803569238432253,20230614,20230614,1.024369
000001.SZ,1d,2018-12-14,9.57091103115888,9.580167231382438,9.404299427134838,9.413555627358395,526675.0,539263012.14,20181214,10.17,1.0803569238432253,20230614,20230614,1.024369
000001.SZ,1d,2018-12-17,9.404299427134838,9.561654830935321,9.34876222579349,9.52463003004109,571274.0,584679512.2099999,20181217,10.29,1.0803569238432253,20230614,20230614,1.024369
000001.SZ,1d,2018-12-18,9.44132422802907,9.552398630711764,9.34876222579349,9.367274626240606,537744.0,547157562.7800001,20181218,10.12,1.0803569238432253,20230614,20230614,1.024369
000001.SZ,1d,2018-12-19,9.385787026687723,9.422811827581953,9.163638221322332,9.200663022216563,598007.0,600090171.1800001,20181219,9.94,1.0803569238432253,20230614,20230614,1.024369
000001.SZ,1d,2018-12-20,9.182150621769448,9.228431622887237,8.913720815286268,8.987770417074733,990284.0,964202861.12,20181220,9.71,1.0803569238432253,20230614,20230614,1.024369
000001.SZ,1d,2018-12-21,8.960001816404057,8.978514216851172,8.63603480857953,8.747109211262226,1000616.0,944460332.35,20181221,9.45,1.0803569238432253,20230614,20230614,1.024369
000001.SZ,1d,2018-12-24,8.700828210144437,8.747109211262227,8.617522408132416,8.719340610591551,509117.0,477186904.75,20181224,9.42,1.0803569238432253,20230614,20230614,1.024369
000001.SZ,1d,2018-12-25,8.599010007685301,8.72859681081511,8.524960405896836,8.64529100880309,586615.0,545235607.8500001,20181225,9.340000000000002,1.0803569238432253,20230614,20230614,1.024369
000001.SZ,1d,2018-12-26,8.654547209026646,8.719340610591551,8.580497607238183,8.608266207908857,421140.0,393215140.96999997,20181226,9.299999999999999,1.0803569238432253,20230614,20230614,1.024369
000001.SZ,1d,2018-12-27,8.747109211262226,8.784134012156457,8.58975380746174,8.58975380746174,624593.0,586343755.0300001,20181227,9.28,1.0803569238432253,20230614,20230614,1.024369
000001.SZ,1d,2018-12-28,8.617522408132416,8.756365411485785,8.617522408132416,8.682315809697322,576604.0,541571004.8000001,20181228,9.38,1.0803569238432253,20230614,20230614,1.024369
000001.SZ,1d,2019-01-02,8.691572009920879,8.719340610591551,8.478679404779047,8.50644800544972,539386.0,498695109.65999997,20190102,9.19,1.0803569238432253,20230614,20230614,1.024369
000001.SZ,1d,2019-01-03,8.497191805226162,8.63603480857953,8.46942320455549,8.589753807461742,415537.0,384457707.88,20190103,9.280000000000001,1.0803569238432253,20230614,20230614,1.024369
000001.SZ,1d,2019-01-04,8.55272900656751,9.089588619533869,8.534216606120395,9.024795217968963,1481159.0,1422149888.16,20190104,9.75,1.0803569238432253,20230614,20230614,1.024369
000001.SZ,1d,2019-01-07,9.108101019980985,9.117357220204545,8.913720815286268,9.015539017745406,865687.0,841166430.7,20190107,9.74,1.0803569238432253,20230614,20230614,1.024369
000001.SZ,1d,2019-01-08,9.006282817521848,9.015539017745406,8.904464615062711,8.941489415956942,402388.0,389247795.73,20190108,9.66,1.0803569238432253,20230614,20230614,1.024369
000001.SZ,1d,2019-01-09,9.015539017745406,9.330249825346376,8.978514216851174,9.200663022216565,1233486.0,1229465116.69,20190109,9.940000000000001,1.0803569238432253,20230614,20230614,1.024369
000001.SZ,1d,2019-01-10,9.135869620651658,9.44132422802907,9.1266134204281,9.34876222579349,1071817.0,1079711035.8,20190110,10.1,1.0803569238432253,20230614,20230614,1.024369
000001.SZ,1d,2019-01-11,9.358018426017049,9.459836628476186,9.3024812246757,9.441324228029071,696364.0,708001802.1700001,20190111,10.200000000000001,1.0803569238432253,20230614,20230614,1.024369
000001.SZ,1d,2019-01-14,9.459836628476186,9.487605229146858,9.320993625122817,9.358018426017047,500443.0,507862882.18000007,20190114,10.11,1.0803569238432253,20230614,20230614,1.024369
000001.SZ,1d,2019-01-15,9.358018426017047,9.515373829817532,9.339506025569932,9.4783490289233,542160.0,553027309.58,20190115,10.24,1.0803569238432253,20230614,20230614,1.024369
000001.SZ,1d,2019-01-16,9.4783490289233,9.719010234735807,9.469092828699743,9.700497834288692,977699.0,1017495116.1099999,20190116,10.48,1.0803569238432253,20230614,20230614,1.024369
000001.SZ,1d,2019-01-17,9.756035035630038,9.783803636300712,9.413555627358395,9.487605229146858,882811.0,910212066.3100001,20190117,10.25,1.0803569238432253,20230614,20230614,1.024369
000001.SZ,1d,2019-01-18,9.57091103115888,9.70975403451225,9.515373829817532,9.654216833170901,738793.0,769973637.95,20190118,10.43,1.0803569238432253,20230614,20230614,1.024369
000001.SZ,1d,2019-01-21,9.57091103115888,9.691241634065133,9.552398630711764,9.57091103115888,659355.0,684465646.24,20190121,10.34,1.0803569238432253,20230614,20230614,1.024369
000001.SZ,1d,2019-01-22,9.57091103115888,9.663473033394459,9.496861429370416,9.515373829817532,424413.0,438991450.35,20190122,10.28,1.0803569238432253,20230614,20230614,1.024369
000001.SZ,1d,2019-01-23,9.524630030041092,9.691241634065133,9.524630030041092,9.58016723138244,537876.0,559384396.28,20190123,10.350000000000001,1.0803569238432253,20230614,20230614,1.024369
000001.SZ,1d,2019-01-24,9.626448232500227,9.765291235853597,9.598679631829555,9.737522635182923,679240.0,711495718.15,20190124,10.520000000000001,1.0803569238432253,20230614,20230614,1.024369
000001.SZ,1d,2019-01-25,9.774547436077155,10.218845046807935,9.765291235853597,10.181820245913702,2108361.0,2299718224.86,20190125,11.0,1.0803569238432253,20230614,20230614,1.024369
000001.SZ,1d,2019-01-28,10.218845046807935,10.311407049043513,10.070745843231007,10.126283044572356,1035909.0,1141853833.8300002,20190128,10.940000000000001,1.0803569238432253,20230614,20230614,1.024369
000001.SZ,1d,2019-01-29,10.14479544501947,10.246613647478608,9.96892764077187,10.181820245913702,826631.0,904847854.0699999,20190129,11.0,1.0803569238432253,20230614,20230614,1.024369
000001.SZ,1d,2019-01-30,10.135539244795911,10.348431849937745,10.05223344278389,10.135539244795911,712001.0,785204571.5500001,20190130,10.95,1.0803569238432253,20230614,20230614,1.024369
000001.SZ,1d,2019-01-31,10.163307845466585,10.36694425038486,10.126283044572354,10.274382248149282,831622.0,922602874.5899999,20190131,11.1,1.0803569238432253,20230614,20230614,1.024369
000001.SZ,1d,2019-02-01,10.366944250384861,10.41322525150265,10.144795445019472,10.366944250384861,1014270.0,1127216186.16,20190201,11.200000000000001,1.0803569238432253,20230614,20230614,1.024369
000001.SZ,1d,2019-02-11,10.255869847702165,10.376200450608419,10.15405164524303,10.376200450608419,801936.0,889951528.7600001,20190211,11.21,1.0803569238432253,20230614,20230614,1.024369
000001.SZ,1d,2019-02-12,10.36694425038486,10.468762452843997,10.209588846584376,10.357688050161302,959936.0,1071873084.84,20190212,11.19,1.0803569238432253,20230614,20230614,1.024369
000001.SZ,1d,2019-02-13,10.357688050161304,10.561324455079577,10.292894648596398,10.533555854408904,1137365.0,1280182096.94,20190213,11.38,1.0803569238432253,20230614,20230614,1.024369
000001.SZ,1d,2019-02-14,10.459506252620438,10.487274853291114,10.357688050161302,10.41322525150265,869185.0,977818097.6200001,20190214,11.25,1.0803569238432253,20230614,20230614,1.024369
000001.SZ,1d,2019-02-15,10.394712851055534,10.394712851055534,10.089258243678124,10.135539244795913,1100127.0,1213914428.9,20190215,10.950000000000001,1.0803569238432253,20230614,20230614,1.024369
000001.SZ,1d,2019-02-18,10.228101247031493,10.515043453961788,10.218845046807935,10.515043453961788,1255522.0,1408279680.0900002,20190218,11.360000000000001,1.0803569238432253,20230614,20230614,1.024369
000001.SZ,1d,2019-02-19,10.515043453961786,10.755704659774294,10.403969051279093,10.431737651949765,1270882.0,1445281382.8999999,20190219,11.27,1.0803569238432253,20230614,20230614,1.024369
000001.SZ,1d,2019-02-20,10.487274853291114,10.672398857762271,10.41322525150265,10.561324455079577,832629.0,949430819.5100001,20190220,11.41,1.0803569238432253,20230614,20230614,1.024369
000001.SZ,1d,2019-02-21,10.533555854408903,10.690911258209386,10.440993852173323,10.515043453961786,754246.0,860591070.9,20190221,11.36,1.0803569238432253,20230614,20230614,1.024369
000001.SZ,1d,2019-02-22,10.505787253738228,10.709423658656503,10.32066324926707,10.68165505798583,1184047.0,1343020336.09,20190222,11.540000000000001,1.0803569238432253,20230614,20230614,1.024369
000001.SZ,1d,2019-02-25,10.829754261562757,11.6998370825772,10.709423658656503,11.616531280565178,2824935.0,3415946860.2000003,20190225,12.55,1.0803569238432253,20230614,20230614,1.024369
000001.SZ,1d,2019-02-26,11.616531280565178,11.635043681012295,11.246283271622863,11.292564272740652,2017544.0,2485673356.7699995,20190226,12.200000000000001,1.0803569238432253,20230614,20230614,1.024369
000001.SZ,1d,2019-02-27,11.329589073634883,11.718349483024316,11.246283271622863,11.47768827721181,1979013.0,2454404411.85,20190227,12.4,1.0803569238432253,20230614,20230614,1.024369
000001.SZ,1d,2019-02-28,11.514713078106041,11.672068481906525,11.357357674305556,11.440663476317578,1113099.0,1383110810.74,20190228,12.36,1.0803569238432253,20230614,20230614,1.024369
000001.SZ,1d,2019-03-01,11.551737879000273,11.829423885707012,11.292564272740652,11.810911485259895,1712679.0,2137669556.8100002,20190301,12.760000000000002,1.0803569238432253,20230614,20230614,1.024369
000001.SZ,1d,2019-03-04,11.755374283918549,12.384795899120485,11.681324682130084,12.023804090401727,2456830.0,3195011702.87,20190304,12.99,1.0803569238432253,20230614,20230614,1.024369
000001.SZ,1d,2019-03-05,11.949754488613264,12.301490097108463,11.884961087048358,12.088597491966633,1408422.0,1838251656.51,20190305,13.06,1.0803569238432253,20230614,20230614,1.024369
000001.SZ,1d,2019-03-06,12.088597491966633,12.171903293978653,11.884961087048358,12.107109892413748,1245760.0,1614670974.69,20190306,13.08,1.0803569238432253,20230614,20230614,1.024369
000001.SZ,1d,2019-03-07,12.088597491966633,12.088597491966633,11.616531280565178,11.792399084812779,1782057.0,2274151007.32,20190307,12.74,1.0803569238432253,20230614,20230614,1.024369
000001.SZ,1d,2019-03-08,11.560994079223832,11.755374283918547,11.33884527385844,11.385126274976232,1778162.0,2214572416.75,20190308,12.3,1.0803569238432253,20230614,20230614,1.024369
000001.SZ,1d,2019-03-11,11.385126274976232,11.560994079223832,11.153721269387283,11.403638675423347,1157650.0,1416000379.71,20190311,12.32,1.0803569238432253,20230614,20230614,1.024369
000001.SZ,1d,2019-03-12,11.560994079223832,11.6998370825772,11.329589073634883,11.440663476317578,1411794.0,1757797250.71,20190312,12.36,1.0803569238432253,20230614,20230614,1.024369
000001.SZ,1d,2019-03-13,11.422151075870463,11.616531280565178,11.227770871175746,11.449919676541137,1269427.0,1568387543.68,20190313,12.370000000000001,1.0803569238432253,20230614,20230614,1.024369
000001.SZ,1d,2019-03-14,11.412894875646904,11.681324682130082,11.357357674305556,11.505456877882484,1057467.0,1316372926.2,20190314,12.43,1.0803569238432253,20230614,20230614,1.024369
000001.SZ,1d,2019-03-15,11.422151075870461,11.73686188347143,11.422151075870461,11.57025027944739,1045406.0,1311323009.34,20190315,12.5,1.0803569238432253,20230614,20230614,1.024369
000001.SZ,1d,2019-03-18,11.598018880118063,11.977523089283936,11.403638675423347,11.949754488613264,1486454.0,1882483633.89,20190318,12.91,1.0803569238432253,20230614,20230614,1.024369
000001.SZ,1d,2019-03-19,11.959010688836822,11.977523089283936,11.672068481906525,11.838680085930568,957196.0,1221118294.2,20190319,12.79,1.0803569238432253,20230614,20230614,1.024369
000001.SZ,1d,2019-03-20,11.736861883471432,11.92198588794259,11.681324682130084,11.801655285036338,929996.0,1185477058.67,20190320,12.750000000000002,1.0803569238432253,20230614,20230614,1.024369
000001.SZ,1d,2019-03-21,11.820167685483453,11.847936286154127,11.644299881235852,11.746118083694988,860140.0,1092506482.84,20190321,12.69,1.0803569238432253,20230614,20230614,1.024369
000001.SZ,1d,2019-03-22,11.746118083694988,11.792399084812779,11.57025027944739,11.65355608145941,713502.0,898629416.83,20190322,12.59,1.0803569238432253,20230614,20230614,1.024369
000001.SZ,1d,2019-03-25,11.47768827721181,11.47768827721181,11.200002270505072,11.20925847072863,1179883.0,1445560160.24,20190325,12.11,1.0803569238432253,20230614,20230614,1.024369
000001.SZ,1d,2019-03-26,11.320332873411326,11.375870074752672,11.116696468493052,11.200002270505072,935393.0,1136721266.5500002,20190326,12.1,1.0803569238432253,20230614,20230614,1.024369
000001.SZ,1d,2019-03-27,11.329589073634883,11.542481678776713,11.274051872293535,11.459175876764693,922826.0,1138302657.13,20190327,12.379999999999999,1.0803569238432253,20230614,20230614,1.024369
000001.SZ,1d,2019-03-28,11.394382475199789,11.394382475199789,11.200002270505072,11.311076673187767,732467.0,892530627.33,20190328,12.219999999999999,1.0803569238432253,20230614,20230614,1.024369
000001.SZ,1d,2019-03-29,11.348101474082,11.866448686601242,11.30182047296421,11.866448686601242,1669506.0,2108295393.9300003,20190329,12.82,1.0803569238432253,20230614,20230614,1.024369
000001.SZ,1d,2019-04-01,11.8757048868248,12.54215130292097,11.8757048868248,12.199671894649326,1951401.0,2588268668.8700004,20190401,13.18,1.0803569238432253,20230614,20230614,1.024369
000001.SZ,1d,2019-04-02,12.292233896884907,12.477357901356065,12.245952895767116,12.36628349867337,1100384.0,1466040987.0900002,20190402,13.360000000000001,1.0803569238432253,20230614,20230614,1.024369
000001.SZ,1d,2019-04-03,12.227440495320002,12.44958930068539,12.171903293978653,12.440333100461832,792915.0,1056166231.5300001,20190403,13.44,1.0803569238432253,20230614,20230614,1.024369
000001.SZ,1d,2019-04-04,12.431076900238274,12.958680312981075,12.431076900238274,12.829093509851264,2034365.0,2796366353.31,20190404,13.86,1.0803569238432253,20230614,20230614,1.024369
000001.SZ,1d,2019-04-08,12.866118310745497,13.356696922594065,12.699506706721454,12.921655512086845,1743176.0,2464536241.4700003,20190408,13.96,1.0803569238432253,20230614,20230614,1.024369
000001.SZ,1d,2019-04-09,12.838349710074821,12.94016791253396,12.727275307392128,12.782812508733475,781332.0,1080549202.28,20190409,13.81,1.0803569238432253,20230614,20230614,1.024369
000001.SZ,1d,2019-04-10,12.727275307392128,12.84760591029838,12.403308299567602,12.708762906945012,947135.0,1289475602.49,20190410,13.73,1.0803569238432253,20230614,20230614,1.024369
000001.SZ,1d,2019-04-11,12.708762906945012,12.921655512086845,12.486614101579622,12.532895102697413,655356.0,897382236.21,20190411,13.540000000000001,1.0803569238432253,20230614,20230614,1.024369
000001.SZ,1d,2019-04-12,12.486614101579622,12.579176103815202,12.227440495320002,12.421820700014718,774324.0,1035139673.9499999,20190412,13.420000000000002,1.0803569238432253,20230614,20230614,1.024369
000001.SZ,1d,2019-04-15,12.699506706721454,13.041986114993097,12.643969505380106,12.67173810605078,1533890.0,2134708981.63,20190415,13.69,1.0803569238432253,20230614,20230614,1.024369
000001.SZ,1d,2019-04-16,12.653225705603665,13.495539925947435,12.54215130292097,13.495539925947435,2379375.0,3379550307.18,20190416,14.58,1.0803569238432253,20230614,20230614,1.024369
000001.SZ,1d,2019-04-17,13.347440722370507,13.504796126170993,13.171572918122909,13.282647320805602,1004109.0,1443493493.4099998,20190417,14.35,1.0803569238432253,20230614,20230614,1.024369
000001.SZ,1d,2019-04-18,13.236366319687813,13.301159721252718,13.060498515440212,13.273391120582044,507045.0,721908800.5899999,20190418,14.34,1.0803569238432253,20230614,20230614,1.024369
000001.SZ,1d,2019-04-19,13.375209323041183,13.69917633086571,13.236366319687814,13.634382929300804,1246036.0,1814875936.7,20190419,14.73,1.0803569238432253,20230614,20230614,1.024369
000001.SZ,1d,2019-04-22,13.51405232639455,13.73620113175994,13.032729914769538,13.097523316334444,1322273.0,1899850004.34,20190422,14.15,1.0803569238432253,20230614,20230614,1.024369
000001.SZ,1d,2019-04-23,13.051242315216657,13.143804317452235,12.930911712310403,13.02347371454598,940687.0,1326465625.0800002,20190423,14.07,1.0803569238432253,20230614,20230614,1.024369
000001.SZ,1d,2019-04-24,13.375209323041181,13.51405232639455,13.106779516558003,13.365953122817624,1949723.0,2811131027.08,20190424,14.44,1.0803569238432253,20230614,20230614,1.024369
000001.SZ,1d,2019-04-25,13.310415921476277,13.551077127288782,13.079010915887329,13.079010915887329,1111476.0,1597895217.3200002,20190425,14.13,1.0803569238432253,20230614,20230614,1.024369
000001.SZ,1d,2019-04-26,13.03272991476954,13.190085318570025,12.68099430627434,12.76430010828636,1009421.0,1407987365.7900002,20190426,13.790000000000001,1.0803569238432253,20230614,20230614,1.024369
000001.SZ,1d,2019-04-29,12.866118310745495,13.264134920358487,12.829093509851264,13.051242315216655,1030695.0,1450714134.04,20190429,14.1,1.0803569238432253,20230614,20230614,1.024369
000001.SZ,1d,2019-04-30,12.949424112757518,13.004961314098866,12.5791761038152,12.819837309627706,1116570.0,1542958577.5900002,20190430,13.85,1.0803569238432253,20230614,20230614,1.024369
000001.SZ,1d,2019-05-06,12.125622292860864,12.357027298449813,11.764630484142106,11.912729687719033,2108667.0,2742409411.07,20190506,12.870000000000001,1.0803569238432253,20230614,20230614,1.024369
000001.SZ,1d,2019-05-07,12.060828891295959,12.116366092637305,11.773886684365664,11.986779289507496,1072658.0,1386247078.7,20190507,12.950000000000001,1.0803569238432253,20230614,20230614,1.024369
000001.SZ,1d,2019-05-08,11.773886684365664,11.949754488613264,11.57025027944739,11.662812281682967,975450.0,1236655982.73,20190508,12.6,1.0803569238432253,20230614,20230614,1.024369
000001.SZ,1d,2019-05-09,11.588762679894506,11.644299881235852,11.153721269387283,11.25553947184642,1557151.0,1904905488.71,20190509,12.16,1.0803569238432253,20230614,20230614,1.024369
000001.SZ,1d,2019-05-10,11.422151075870461,11.801655285036336,11.200002270505072,11.73686188347143,1192399.0,1489975624.98,20190510,12.68,1.0803569238432253,20230614,20230614,1.024369
000001.SZ,1d,2019-05-13,11.412894875646904,11.607275080341621,11.320332873411326,11.385126274976232,741917.0,916213719.48,20190513,12.3,1.0803569238432253,20230614,20230614,1.024369
000001.SZ,1d,2019-05-14,11.29256427274065,11.801655285036336,11.25553947184642,11.560994079223832,1182598.0,1477008362.9199998,20190514,12.49,1.0803569238432253,20230614,20230614,1.024369
000001.SZ,1d,2019-05-15,11.644299881235852,12.13487849308442,11.635043681012295,11.959010688836822,1103988.0,1417050112.5900002,20190515,12.92,1.0803569238432253,20230614,20230614,1.024369
000001.SZ,1d,2019-05-16,11.96826688906038,12.023804090401729,11.829423885707012,11.894217287271918,634901.0,816740932.1200001,20190516,12.850000000000001,1.0803569238432253,20230614,20230614,1.024369
000001.SZ,1d,2019-05-17,11.959010688836822,11.968266889060379,11.440663476317578,11.514713078106041,965000.0,1208569909.79,20190517,12.44,1.0803569238432253,20230614,20230614,1.024369
000001.SZ,1d,2019-05-20,11.43140727609402,11.60727508034162,11.33884527385844,11.459175876764695,786435.0,971222474.19,20190520,12.38,1.0803569238432253,20230614,20230614,1.024369
000001.SZ,1d,2019-05-21,11.477688277211808,11.78314288458922,11.440663476317578,11.625787480788736,731210.0,919191240.9100001,20190521,12.559999999999999,1.0803569238432253,20230614,20230614,1.024369
000001.SZ,1d,2019-05-22,11.635043681012295,11.635043681012295,11.403638675423347,11.47768827721181,506230.0,628437470.0600001,20190522,12.4,1.0803569238432253,20230614,20230614,1.024369
000001.SZ,1d,2019-05-23,11.329589073634883,11.496200677658926,11.237027071399304,11.375870074752674,666855.0,817850530.3199999,20190523,12.290000000000001,1.0803569238432253,20230614,20230614,1.024369
000001.SZ,1d,2019-05-24,11.43140727609402,11.5239692783296,11.394382475199789,11.43140727609402,495526.0,613106248.37,20190524,12.35,1.0803569238432253,20230614,20230614,1.024369
000001.SZ,1d,2019-05-27,11.30182047296421,11.496200677658926,11.042646866704589,11.449919676541136,1048425.0,1275632724.48,20190527,12.37,1.0803569238432253,20230614,20230614,1.024369
000001.SZ,1d,2019-05-28,11.394382475199789,11.616531280565177,11.348101474081998,11.560994079223832,880703.0,1094063186.24,20190528,12.49,1.0803569238432253,20230614,20230614,1.024369
000001.SZ,1d,2019-05-29,11.440663476317578,11.65355608145941,11.348101474081998,11.47768827721181,666411.0,827828661.23,20190529,12.4,1.0803569238432253,20230614,20230614,1.024369
000001.SZ,1d,2019-05-30,11.403638675423347,11.459175876764693,11.20925847072863,11.311076673187767,646284.0,787801007.39,20190530,12.219999999999999,1.0803569238432253,20230614,20230614,1.024369
000001.SZ,1d,2019-05-31,11.25553947184642,11.477688277211808,11.20925847072863,11.274051872293535,686794.0,839375709.99,20190531,12.18,1.0803569238432253,20230614,20230614,1.024369
000001.SZ,1d,2019-06-03,11.311076673187769,11.412894875646904,10.940828664245451,11.014878266033914,1512719.0,1816591876.76,20190603,11.9,1.0803569238432253,20230614,20230614,1.024369
000001.SZ,1d,2019-06-04,11.005622065810355,11.051903066928146,10.737192259327177,10.968597264916124,974655.0,1147709578.0800002,20190604,11.85,1.0803569238432253,20230614,20230614,1.024369
000001.SZ,1d,2019-06-05,11.07967166759882,11.237027071399304,11.03339066648103,11.07967166759882,748892.0,899331716.0500001,20190605,11.97,1.0803569238432253,20230614,20230614,1.024369
000001.SZ,1d,2019-06-06,11.07967166759882,11.172233669834398,11.005622065810357,11.03339066648103,433665.0,519425127.17999995,20190606,11.92,1.0803569238432253,20230614,20230614,1.024369
000001.SZ,1d,2019-06-10,11.116696468493052,11.542481678776715,11.088927867822377,11.422151075870461,1144668.0,1404223620.41,20190610,12.34,1.0803569238432253,20230614,20230614,1.024369
000001.SZ,1d,2019-06-11,11.422151075870461,11.773886684365664,11.385126274976232,11.709093282800758,1251087.0,1574105212.1800003,20190611,12.65,1.0803569238432253,20230614,20230614,1.024369
000001.SZ,1d,2019-06-12,11.690580882353641,11.718349483024316,11.514713078106041,11.635043681012295,657310.0,825178004.4200001,20190612,12.57,1.0803569238432253,20230614,20230614,1.024369
000001.SZ,1d,2019-06-13,11.60727508034162,11.73686188347143,11.505456877882484,11.65355608145941,530000.0,666277695.76,20190613,12.59,1.0803569238432253,20230614,20230614,1.024369
000001.SZ,1d,2019-06-14,11.653556081459412,11.74611808369499,11.5239692783296,11.560994079223832,483191.0,606815214.15,20190614,12.49,1.0803569238432253,20230614,20230614,1.024369
000001.SZ,1d,2019-06-17,11.551737879000273,11.83868008593057,11.551737879000273,11.727605683247873,619815.0,786223580.98,20190617,12.67,1.0803569238432253,20230614,20230614,1.024369
000001.SZ,1d,2019-06-18,11.727605683247873,11.894217287271916,11.65355608145941,11.847936286154127,483555.0,616237571.71,20190618,12.8,1.0803569238432253,20230614,20230614,1.024369
000001.SZ,1d,2019-06-19,12.301490097108463,12.394052099344043,12.042316490848842,12.09785369219019,1143226.0,1504997837.9,20190619,13.07,1.0803569238432253,20230614,20230614,1.024369
000001.SZ,1d,2019-06-20,12.19041569442577,12.912399311863286,12.144134693307981,12.773556308509917,1529191.0,2083209238.7299998,20190620,13.8,1.0803569238432253,20230614,20230614,1.024369
000001.SZ,1d,2019-06-21,12.736531507615686,12.838349710074821,12.569919903591643,12.625457104932991,1011129.0,1384099587.01,20190621,13.64,1.0803569238432253,20230614,20230614,1.024369
000001.SZ,1d,2019-06-24,12.67173810605078,12.801324909180591,12.597688504262317,12.67173810605078,659572.0,904433349.2900001,20190624,13.69,1.0803569238432253,20230614,20230614,1.024369
000001.SZ,1d,2019-06-25,12.699506706721454,12.699506706721454,12.09785369219019,12.431076900238274,1469227.0,1954855785.9299998,20190625,13.43,1.0803569238432253,20230614,20230614,1.024369
000001.SZ,1d,2019-06-26,12.412366583717981,12.627501799562378,12.33753694342428,12.50590363408511,546504.0,731207282.9,20190626,13.37,1.069095076309382,20230614,20230614,1.024369
000001.SZ,1d,2019-06-27,12.62750179956238,12.95488147584733,12.580733274378815,12.82392960533335,925074.0,1270042461.29,20190627,13.71,1.069095076309382,20230614,20230614,1.024369
000001.SZ,1d,2019-06-28,12.842637015406774,12.898759245627053,12.702331439856081,12.889405540590339,498093.0,682679970.2,20190628,13.78,1.069095076309382,20230614,20230614,1.024369
000001.SZ,1d,2019-07-01,13.104540756434735,13.263553742058855,12.973588885920755,13.029711116141034,960636.0,1347792874.8,20190701,13.930000000000001,1.069095076309382,20230614,20230614,1.024369
000001.SZ,1d,2019-07-02,12.982942590957466,13.31967597227913,12.96423518088404,13.263553742058853,1052744.0,1481211353.19,20190702,14.18,1.069095076309382,20230614,20230614,1.024369
000001.SZ,1d,2019-07-03,13.263553742058855,13.291614857168993,12.973588885920755,13.104540756434735,769078.0,1076744400.79,20190703,14.010000000000002,1.069095076309382,20230614,20230614,1.024369
000001.SZ,1d,2019-07-04,13.104540756434735,13.357090792425984,12.982942590957467,13.085833346361309,621292.0,873624287.32,20190704,13.99,1.069095076309382,20230614,20230614,1.024369
000001.SZ,1d,2019-07-05,13.048418526214457,13.076479641324594,12.805222195259923,13.02035741110432,749196.0,1037357175.72,20190705,13.92,1.069095076309382,20230614,20230614,1.024369
000001.SZ,1d,2019-07-08,12.92682036073719,12.982942590957467,12.580733274378815,12.711685144892796,778413.0,1061095712.61,20190708,13.590000000000002,1.069095076309382,20230614,20230614,1.024369
000001.SZ,1d,2019-07-09,12.749099965039644,12.823929605333348,12.5713795693421,12.711685144892794,494296.0,670391720.57,20190709,13.59,1.069095076309382,20230614,20230614,1.024369
000001.SZ,1d,2019-07-10,12.730392554966219,12.814575900296637,12.618148094525665,12.683624029782656,358220.0,487071876.75000006,20190710,13.56,1.069095076309382,20230614,20230614,1.024369
000001.SZ,1d,2019-07-11,12.795868490223212,12.88940554059034,12.655562914672517,12.664916619709231,484183.0,660588299.89,20190711,13.540000000000001,1.069095076309382,20230614,20230614,1.024369
000001.SZ,1d,2019-07-12,12.721038849929506,13.310322267242418,12.702331439856081,13.207431511838577,1465366.0,2055749881.65,20190712,14.120000000000001,1.069095076309382,20230614,20230614,1.024369
000001.SZ,1d,2019-07-15,13.12324816650816,13.207431511838575,12.945527770810616,13.095187051398021,841282.0,1175798104.87,20190715,14.0,1.069095076309382,20230614,20230614,1.024369
000001.SZ,1d,2019-07-16,13.067125936287884,13.085833346361309,12.82392960533335,12.8613444254802,722780.0,998151578.95,20190716,13.75,1.069095076309382,20230614,20230614,1.024369
000001.SZ,1d,2019-07-17,12.814575900296635,12.917466655700476,12.730392554966219,12.805222195259923,410020.0,561944451.84,20190717,13.69,1.069095076309382,20230614,20230614,1.024369
000001.SZ,1d,2019-07-18,12.76780737511307,12.917466655700478,12.683624029782656,12.786514785186498,422826.0,578067487.97,20190718,13.67,1.069095076309382,20230614,20230614,1.024369
000001.SZ,1d,2019-07-19,12.851990720443487,13.170016691691725,12.79586849022321,13.085833346361309,866390.0,1207316526.53,20190719,13.99,1.069095076309382,20230614,20230614,1.024369
000001.SZ,1d,2019-07-22,13.05777223125117,13.113894461471448,12.870698130516912,12.954881475847328,582283.0,807249426.05,20190722,13.85,1.069095076309382,20230614,20230614,1.024369
000001.SZ,1d,2019-07-23,12.964235180884042,12.973588885920755,12.76780737511307,12.870698130516912,504004.0,692328447.63,20190723,13.76,1.069095076309382,20230614,20230614,1.024369
000001.SZ,1d,2019-07-24,12.973588885920755,13.104540756434735,12.898759245627053,12.982942590957467,570276.0,793387782.2,20190724,13.88,1.069095076309382,20230614,20230614,1.024369
000001.SZ,1d,2019-07-25,13.02035741110432,13.34773708738927,12.954881475847328,13.282261152132278,1087826.0,1534889645.77,20190725,14.2,1.069095076309382,20230614,20230614,1.024369
000001.SZ,1d,2019-07-26,13.263553742058853,13.329029677315843,13.170016691691725,13.310322267242418,635305.0,901074107.51,20190726,14.23,1.069095076309382,20230614,20230614,1.024369
000001.SZ,1d,2019-07-29,13.329029677315843,13.5161037780501,13.263553742058853,13.366444497462695,715576.0,1023261763.08,20190729,14.29,1.069095076309382,20230614,20230614,1.024369
000001.SZ,1d,2019-07-30,13.385151907536121,13.60964082841723,13.366444497462696,13.441274137756398,796634.0,1148582412.5600002,20190730,14.370000000000001,1.069095076309382,20230614,20230614,1.024369
000001.SZ,1d,2019-07-31,13.375798202499409,13.394505612572834,13.170016691691725,13.216785216875289,634723.0,899227865.95,20190731,14.13,1.069095076309382,20230614,20230614,1.024369
000001.SZ,1d,2019-08-01,13.151309281618298,13.272907447095566,13.039064821177744,13.18872410176515,527981.0,742308285.2,20190801,14.1,1.069095076309382,20230614,20230614,1.024369
000001.SZ,1d,2019-08-02,12.880051835553624,12.982942590957467,12.777161080149785,12.851990720443487,969926.0,1333400773.79,20190802,13.74,1.069095076309382,20230614,20230614,1.024369
000001.SZ,1d,2019-08-05,12.721038849929506,12.758453670076356,12.412366583717981,12.487196224011685,893082.0,1201885399.11,20190805,13.35,1.069095076309382,20230614,20230614,1.024369
000001.SZ,1d,2019-08-06,12.253353598093865,12.590086979415528,12.187877662836874,12.505903634085112,882499.0,1166971469.04,20190806,13.370000000000001,1.069095076309382,20230614,20230614,1.024369
000001.SZ,1d,2019-08-07,12.618148094525665,12.758453670076358,12.505903634085112,12.664916619709231,793038.0,1070736943.88,20190807,13.540000000000001,1.069095076309382,20230614,20230614,1.024369
000001.SZ,1d,2019-08-08,13.001650001030894,13.562872303233666,12.954881475847328,13.45062784279311,2330715.0,3313302100.1800003,20190808,14.379999999999999,1.069095076309382,20230614,20230614,1.024369
000001.SZ,1d,2019-08-09,13.609640828417229,13.890251979518615,13.497396367976675,13.581579713307091,2060575.0,3021884306.17,20190809,14.52,1.069095076309382,20230614,20230614,1.024369
000001.SZ,1d,2019-08-12,13.665763058637506,14.142802015509863,13.656409353600793,14.142802015509863,2733425.0,4084497902.64,20190812,15.12,1.069095076309382,20230614,20230614,1.024369
000001.SZ,1d,2019-08-13,14.03055755506931,14.105387195363011,13.787361224114775,13.927666799665468,1293736.0,1925835288.3000002,20190813,14.89,1.069095076309382,20230614,20230614,1.024369
000001.SZ,1d,2019-08-14,14.16150942558329,14.236339065876992,13.843483454335052,14.00249643995917,1360546.0,2038261151.5400002,20190814,14.97,1.069095076309382,20230614,20230614,1.024369
000001.SZ,1d,2019-08-15,13.693824173747645,13.993142734922456,13.656409353600793,13.974435324849031,897376.0,1333117725.96,20190815,14.94,1.069095076309382,20230614,20230614,1.024369
000001.SZ,1d,2019-08-16,14.114740900399726,14.16150942558329,13.824776044261627,13.937020504702181,986902.0,1474900257.6000001,20190816,14.9,1.069095076309382,20230614,20230614,1.024369
000001.SZ,1d,2019-08-19,13.946374209738893,13.974435324849031,13.581579713307091,13.955727914775606,2292956.0,3368207935.07,20190819,14.92,1.069095076309382,20230614,20230614,1.024369
000001.SZ,1d,2019-08-20,13.955727914775606,14.217631655803565,13.815422339224913,14.021203850032597,1921041.0,2872304200.9100003,20190820,14.99,1.069095076309382,20230614,20230614,1.024369
000001.SZ,1d,2019-08-21,13.908959389592043,13.927666799665468,13.450627842793113,13.516103778050102,1990131.0,2902251100.57,20190821,14.450000000000001,1.069095076309382,20230614,20230614,1.024369
000001.SZ,1d,2019-08-22,13.469335252866538,13.516103778050102,13.28226115213228,13.385151907536121,1353071.0,1935208499.0500002,20190822,14.31,1.069095076309382,20230614,20230614,1.024369
000001.SZ,1d,2019-08-23,13.441274137756396,13.787361224114775,13.422566727682971,13.70317787878436,1636867.0,2388239081.28,20190823,14.65,1.069095076309382,20230614,20230614,1.024369
000001.SZ,1d,2019-08-26,13.488042662939963,13.562872303233666,13.235492626948716,13.329029677315843,1415122.0,2018498039.72,20190826,14.25,1.069095076309382,20230614,20230614,1.024369
000001.SZ,1d,2019-08-27,13.431920432719684,13.54416489316024,13.31967597227913,13.385151907536121,1356713.0,1948127123.02,20190827,14.31,1.069095076309382,20230614,20230614,1.024369
000001.SZ,1d,2019-08-28,13.338383382352557,13.357090792425984,13.141955576581587,13.347737087389271,829657.0,1176329095.67,20190828,14.270000000000001,1.069095076309382,20230614,20230614,1.024369
000001.SZ,1d,2019-08-29,13.300968562205705,13.31967597227913,13.170016691691725,13.216785216875289,609034.0,861177482.39,20190829,14.13,1.069095076309382,20230614,20230614,1.024369
000001.SZ,1d,2019-08-30,13.366444497462695,13.459981547829823,13.18872410176515,13.244846331985428,798500.0,1136119659.76,20190830,14.16,1.069095076309382,20230614,20230614,1.024369
000001.SZ,1d,2019-09-02,13.235492626948714,13.562872303233666,13.198077806801862,13.5161037780501,1360201.0,1955673136.8999999,20190902,14.45,1.069095076309382,20230614,20230614,1.024369
000001.SZ,1d,2019-09-03,13.54416489316024,13.572226008270379,13.329029677315843,13.375798202499409,858653.0,1230606485.0300002,20190903,14.3,1.069095076309382,20230614,20230614,1.024369
000001.SZ,1d,2019-09-04,13.394505612572834,13.562872303233666,13.385151907536121,13.50675007301339,973964.0,1404037295.8,20190904,14.440000000000001,1.069095076309382,20230614,20230614,1.024369
000001.SZ,1d,2019-09-05,13.618994533453943,13.890251979518617,13.60964082841723,13.637701943527368,1768051.0,2599478258.9100003,20190905,14.58,1.069095076309382,20230614,20230614,1.024369
000001.SZ,1d,2019-09-06,13.759300109004636,13.852837159371765,13.67511676367422,13.852837159371765,986432.0,1451264912.6499999,20190906,14.81,1.069095076309382,20230614,20230614,1.024369
000001.SZ,1d,2019-09-09,14.011850144995885,14.03055755506931,13.656409353600793,13.74059269893121,1299839.0,1918042303.9099998,20190909,14.69,1.069095076309382,20230614,20230614,1.024369
000001.SZ,1d,2019-09-10,13.656409353600793,13.693824173747647,13.47868895790325,13.60964082841723,796870.0,1155180739.29,20190910,14.55,1.069095076309382,20230614,20230614,1.024369
000001.SZ,1d,2019-09-11,13.656409353600795,13.759300109004636,13.525457483086814,13.618994533453943,818614.0,1192674258.6000001,20190911,14.56,1.069095076309382,20230614,20230614,1.024369
000001.SZ,1d,2019-09-12,13.712531583821074,13.824776044261627,13.590933418343806,13.731238993894499,1150687.0,1682911849.7800002,20190912,14.680000000000001,1.069095076309382,20230614,20230614,1.024369
000001.SZ,1d,2019-09-16,13.749946403967924,13.768653814041349,13.469335252866538,13.516103778050102,929894.0,1349401481.22,20190916,14.450000000000001,1.069095076309382,20230614,20230614,1.024369
000001.SZ,1d,2019-09-17,13.431920432719684,13.5161037780501,13.263553742058853,13.31967597227913,882655.0,1261416554.2900002,20190917,14.24,1.069095076309382,20230614,20230614,1.024369
000001.SZ,1d,2019-09-18,13.31967597227913,13.54416489316024,13.31967597227913,13.47868895790325,820436.0,1179079988.0200002,20190918,14.41,1.069095076309382,20230614,20230614,1.024369
000001.SZ,1d,2019-09-19,13.54416489316024,13.927666799665468,13.54416489316024,13.880898274481902,1884020.0,2777383508.48,20190919,14.84,1.069095076309382,20230614,20230614,1.024369
000001.SZ,1d,2019-09-20,13.983789029885743,14.404705756537824,13.965081619812318,14.348583526317547,2644285.0,4020646521.9500003,20190920,15.34,1.069095076309382,20230614,20230614,1.024369
000001.SZ,1d,2019-09-23,14.348583526317547,14.470181691794814,14.19892424573014,14.385998346464397,1403282.0,2148740448.83,20190923,15.379999999999999,1.069095076309382,20230614,20230614,1.024369
000001.SZ,1d,2019-09-24,14.470181691794814,14.535657627051803,14.19892424573014,14.19892424573014,1129103.0,1726238272.95,20190924,15.18,1.069095076309382,20230614,20230614,1.024369
000001.SZ,1d,2019-09-25,14.217631655803565,14.825622483189903,14.208277950766853,14.732085432822775,1938892.0,3024598930.57,20190925,15.75,1.069095076309382,20230614,20230614,1.024369
000001.SZ,1d,2019-09-26,14.834976188226616,15.003342878887446,14.647902087492358,14.694670612675925,1686592.0,2673096951.2300005,20190926,15.71,1.069095076309382,20230614,20230614,1.024369
000001.SZ,1d,2019-09-27,14.825622483189905,14.965928058740596,14.68531690763921,14.872391008373468,1007706.0,1598567052.2,20190927,15.9,1.069095076309382,20230614,20230614,1.024369
000001.SZ,1d,2019-09-30,14.732085432822775,14.863037303336755,14.563718742161942,14.582426152235369,1046363.0,1645828526.9,20190930,15.59,1.069095076309382,20230614,20230614,1.024369
000001.SZ,1d,2019-10-08,14.591779857272082,15.181063274584993,14.591779857272082,15.153002159474854,1386676.0,2225024598.59,20191008,16.2,1.069095076309382,20230614,20230614,1.024369
000001.SZ,1d,2019-10-09,15.059465109107723,15.452320720649665,14.984635468814021,15.199770684658418,1316693.0,2145061763.15,20191009,16.25,1.069095076309382,20230614,20230614,1.024369
000001.SZ,1d,2019-10-10,15.218478094731843,15.218478094731843,14.956574353703884,15.190416979621707,879746.0,1418751875.7800002,20191010,16.240000000000002,1.069095076309382,20230614,20230614,1.024369
000001.SZ,1d,2019-10-11,15.153002159474854,15.854530037228319,15.153002159474854,15.723578166714338,1405422.0,2335030599.2500005,20191011,16.81,1.069095076309382,20230614,20230614,1.024369
000001.SZ,1d,2019-10-14,15.873237447301747,16.462520864614657,15.826468922118183,16.10708007321957,1557637.0,2688929547.26,20191014,17.220000000000002,1.069095076309382,20230614,20230614,1.024369
000001.SZ,1d,2019-10-15,16.135141188329705,16.228678238696837,15.732931871751052,16.069665253072714,881955.0,1503633369.4900002,20191015,17.18,1.069095076309382,20230614,20230614,1.024369
000001.SZ,1d,2019-10-16,16.144494893366417,16.31286158402725,15.555211476053506,15.704870756640913,1267671.0,2146150627.2600002,20191016,16.79,1.069095076309382,20230614,20230614,1.024369
000001.SZ,1d,2019-10-17,15.807761512044756,15.901298562411883,15.480381835759806,15.620687411310497,1126182.0,1887045621.02,20191017,16.7,1.069095076309382,20230614,20230614,1.024369
000001.SZ,1d,2019-10-18,15.714224461677627,15.938713382558735,15.36813737531925,15.44296701561295,1196799.0,1999012671.73,20191018,16.509999999999998,1.069095076309382,20230614,20230614,1.024369
000001.SZ,1d,2019-10-21,15.36813737531925,15.873237447301744,15.36813737531925,15.798407807008042,945952.0,1589276085.98,20191021,16.89,1.069095076309382,20230614,20230614,1.024369
000001.SZ,1d,2019-10-22,15.817115217081469,15.835822627154894,14.993989173850736,15.358783670282538,1883531.0,3072547165.9700003,20191022,16.42,1.069095076309382,20230614,20230614,1.024369
000001.SZ,1d,2019-10-23,15.265246619915409,15.592626296200361,15.181063274584993,15.386844785392675,967534.0,1590781971.78,20191023,16.45,1.069095076309382,20230614,20230614,1.024369
000001.SZ,1d,2019-10-24,15.43361331057624,15.901298562411883,15.377491080355965,15.779700396934617,1109214.0,1861032918.48,20191024,16.87,1.069095076309382,20230614,20230614,1.024369
000001.SZ,1d,2019-10-25,15.6955170516042,15.863883742265033,15.508442950869945,15.789054101971331,691435.0,1161100080.0000002,20191025,16.880000000000003,1.069095076309382,20230614,20230614,1.024369
000001.SZ,1d,2019-10-28,15.882591152338458,15.938713382558735,15.414905900502815,15.583272591163645,1070131.0,1780873358.2599998,20191028,16.66,1.069095076309382,20230614,20230614,1.024369
000001.SZ,1d,2019-10-29,15.611333706273783,15.835822627154894,15.489735540796516,15.817115217081469,788864.0,1322036352.42,20191029,16.91,1.069095076309382,20230614,20230614,1.024369
000001.SZ,1d,2019-10-30,15.714224461677627,15.863883742265033,15.358783670282538,15.368137375319252,854317.0,1420644944.87,20191030,16.430000000000003,1.069095076309382,20230614,20230614,1.024369
000001.SZ,1d,2019-10-31,15.358783670282538,15.405552195466104,15.190416979621707,15.209124389695132,862569.0,1407006434.79,20191031,16.26,1.069095076309382,20230614,20230614,1.024369
000001.SZ,1d,2019-11-01,15.293307735025548,15.901298562411883,15.227831799768557,15.770346691897903,1254655.0,2096068960.5900002,20191101,16.86,1.069095076309382,20230614,20230614,1.024369
000001.SZ,1d,2019-11-04,15.882591152338458,16.135141188329705,15.686163346567486,15.82646892211818,889824.0,1507910818.55,20191104,16.919999999999998,1.069095076309382,20230614,20230614,1.024369
000001.SZ,1d,2019-11-05,15.714224461677627,16.31286158402725,15.704870756640913,16.041604137962576,1172485.0,2010924199.94,20191105,17.15,1.069095076309382,20230614,20230614,1.024369
000001.SZ,1d,2019-11-06,15.95742079263216,16.144494893366417,15.789054101971328,15.86388374226503,863325.0,1470233502.73,20191106,16.959999999999997,1.069095076309382,20230614,20230614,1.024369
000001.SZ,1d,2019-11-07,15.835822627154894,15.966774497668874,15.667455936494061,15.798407807008042,711896.0,1200671649.42,20191107,16.89,1.069095076309382,20230614,20230614,1.024369
000001.SZ,1d,2019-11-08,15.882591152338458,15.920005972485308,15.56456518109022,15.573918886126934,849139.0,1421088326.1499999,20191108,16.650000000000002,1.069095076309382,20230614,20230614,1.024369
000001.SZ,1d,2019-11-11,15.43361331057624,15.461674425686375,15.153002159474854,15.227831799768554,953515.0,1556517253.18,20191111,16.279999999999998,1.069095076309382,20230614,20230614,1.024369
000001.SZ,1d,2019-11-12,15.237185504805268,15.312015145098973,15.115587339328002,15.274600324952123,516266.0,840769286.54,20191112,16.330000000000002,1.069095076309382,20230614,20230614,1.024369
000001.SZ,1d,2019-11-13,15.237185504805268,15.396198490429386,15.022050288960873,15.27460032495212,655120.0,1067975601.16,20191113,16.33,1.069095076309382,20230614,20230614,1.024369
000001.SZ,1d,2019-11-14,15.36813737531925,15.414905900502815,15.199770684658418,15.265246619915409,468899.0,767006342.15,20191114,16.32,1.069095076309382,20230614,20230614,1.024369
000001.SZ,1d,2019-11-15,15.330722555172398,15.480381835759806,15.190416979621707,15.283954029988838,569227.0,933539572.45,20191115,16.340000000000003,1.069095076309382,20230614,20230614,1.024369
000001.SZ,1d,2019-11-18,15.293307735025548,15.480381835759806,15.181063274584993,15.386844785392675,557918.0,915983935.5500001,20191118,16.45,1.069095076309382,20230614,20230614,1.024369
000001.SZ,1d,2019-11-19,15.386844785392675,15.414905900502815,15.255892914878695,15.349429965245823,562120.0,920998203.3399999,20191119,16.41,1.069095076309382,20230614,20230614,1.024369
000001.SZ,1d,2019-11-20,15.246539209841982,15.246539209841982,14.7507928428962,14.825622483189903,1724383.0,2747598383.4000006,20191120,15.85,1.069095076309382,20230614,20230614,1.024369
000001.SZ,1d,2019-11-21,14.732085432822775,14.84432989326333,14.619840972382221,14.834976188226618,772563.0,1218516399.48,20191121,15.860000000000001,1.069095076309382,20230614,20230614,1.024369
000001.SZ,1d,2019-11-22,14.863037303336755,14.891098418446893,14.545011332088517,14.582426152235369,773473.0,1216064537.8300002,20191122,15.59,1.069095076309382,20230614,20230614,1.024369
000001.SZ,1d,2019-11-25,14.629194677418933,14.816268778153193,14.535657627051805,14.778853958006339,783257.0,1233388886.1599998,20191125,15.8,1.069095076309382,20230614,20230614,1.024369
000001.SZ,1d,2019-11-26,14.863037303336755,14.863037303336755,14.48888910186824,14.610487267345508,815297.0,1271594662.99,20191126,15.620000000000001,1.069095076309382,20230614,20230614,1.024369
000001.SZ,1d,2019-11-27,14.629194677418933,14.629194677418933,14.395352051501112,14.470181691794815,476169.0,736584294.07,20191127,15.47,1.069095076309382,20230614,20230614,1.024369
000001.SZ,1d,2019-11-28,14.470181691794814,14.535657627051803,14.442120576684674,14.48888910186824,378016.0,585252046.59,20191128,15.49,1.069095076309382,20230614,20230614,1.024369
000001.SZ,1d,2019-11-29,14.535657627051803,14.545011332088515,14.19892424573014,14.301815001133981,653866.0,1001451096.26,20191129,15.29,1.069095076309382,20230614,20230614,1.024369
000001.SZ,1d,2019-12-02,14.35793723135426,14.432766871647962,14.245692770913706,14.367290936390974,553877.0,849784129.4100001,20191202,15.360000000000001,1.069095076309382,20230614,20230614,1.024369
000001.SZ,1d,2019-12-03,14.311168706170696,14.460827986758101,14.22698536084028,14.451474281721389,455418.0,700293548.85,20191203,15.450000000000001,1.069095076309382,20230614,20230614,1.024369
000001.SZ,1d,2019-12-04,14.348583526317547,14.414059461574537,14.22698536084028,14.320522411207408,524545.0,802110334.25,20191204,15.31,1.069095076309382,20230614,20230614,1.024369
000001.SZ,1d,2019-12-05,14.357937231354262,14.479535396831528,14.311168706170696,14.432766871647964,557084.0,857682575.8100001,20191205,15.430000000000001,1.069095076309382,20230614,20230614,1.024369
000001.SZ,1d,2019-12-06,14.470181691794815,14.704024317712637,14.460827986758101,14.591779857272083,712615.0,1109423061.49,20191206,15.600000000000001,1.069095076309382,20230614,20230614,1.024369
000001.SZ,1d,2019-12-09,14.610487267345507,14.610487267345507,14.35793723135426,14.414059461574537,605992.0,935135952.74,20191209,15.41,1.069095076309382,20230614,20230614,1.024369
000001.SZ,1d,2019-12-10,14.367290936390972,14.3859983464644,14.264400180987131,14.339229821280833,556383.0,851377532.72,20191210,15.33,1.069095076309382,20230614,20230614,1.024369
000001.SZ,1d,2019-12-11,14.3859983464644,14.666609497565785,14.311168706170696,14.647902087492358,871505.0,1351786530.59,20191211,15.66,1.069095076309382,20230614,20230614,1.024369
000001.SZ,1d,2019-12-12,14.64790208749236,14.657255792529073,14.526303922015092,14.591779857272083,478998.0,747519511.1,20191212,15.600000000000001,1.069095076309382,20230614,20230614,1.024369
000001.SZ,1d,2019-12-13,14.825622483189903,15.078172519181152,14.7507928428962,15.078172519181152,1053103.0,1680707282.0600002,20191213,16.12,1.069095076309382,20230614,20230614,1.024369
000001.SZ,1d,2019-12-16,15.078172519181152,15.096879929254577,14.84432989326333,15.087526224217866,787952.0,1262802471.74,20191216,16.130000000000003,1.069095076309382,20230614,20230614,1.024369
000001.SZ,1d,2019-12-17,14.965928058740596,15.555211476053506,14.947220648667171,15.43361331057624,1203104.0,1969891323.5900002,20191217,16.5,1.069095076309382,20230614,20230614,1.024369
000001.SZ,1d,2019-12-18,15.36813737531925,15.583272591163645,15.349429965245823,15.39619849042939,797091.0,1317608543.24,20191218,16.46,1.069095076309382,20230614,20230614,1.024369
000001.SZ,1d,2019-12-19,15.480381835759806,15.65810223145735,15.377491080355965,15.480381835759806,675536.0,1119925969.1100001,20191219,16.55,1.069095076309382,20230614,20230614,1.024369
000001.SZ,1d,2019-12-20,15.480381835759806,15.601980001237072,15.377491080355965,15.517796655906656,644478.0,1067869779.7799999,20191220,16.59,1.069095076309382,20230614,20230614,1.024369
000001.SZ,1d,2019-12-23,15.601980001237076,15.601980001237076,15.124941044364716,15.190416979621707,715792.0,1173372080.8400002,20191223,16.240000000000002,1.069095076309382,20230614,20230614,1.024369
000001.SZ,1d,2019-12-24,15.181063274584993,15.43361331057624,15.181063274584993,15.340076260209113,459128.0,752351618.1899999,20191224,16.400000000000002,1.069095076309382,20230614,20230614,1.024369
000001.SZ,1d,2019-12-25,15.386844785392679,15.48973554079652,15.190416979621707,15.246539209841982,414917.0,679664596.6700001,20191225,16.3,1.069095076309382,20230614,20230614,1.024369
000001.SZ,1d,2019-12-26,15.283954029988834,15.414905900502815,15.265246619915409,15.4055521954661,372033.0,610381757.75,20191226,16.47,1.069095076309382,20230614,20230614,1.024369
000001.SZ,1d,2019-12-27,15.461674425686379,15.835822627154894,15.36813737531925,15.555211476053506,1042574.0,1741473179.3,20191227,16.63,1.069095076309382,20230614,20230614,1.024369
000001.SZ,1d,2019-12-30,15.39619849042939,15.55521147605351,15.059465109107727,15.49908924583323,976970.0,1603152786.5900002,20191230,16.57,1.069095076309382,20230614,20230614,1.024369
000001.SZ,1d,2019-12-31,15.49908924583323,15.555211476053506,15.255892914878695,15.386844785392675,704442.0,1154704348.9199998,20191231,16.45,1.069095076309382,20230614,20230614,1.024369
000001.SZ,1d,2020-01-02,15.573918886126934,15.854530037228319,15.480381835759806,15.779700396934617,1530231.0,2571196482.14,20200102,16.87,1.069095076309382,20230614,20230614,1.024369
000001.SZ,1d,2020-01-03,15.845176332191608,16.191263418549983,15.826468922118183,16.069665253072717,1116194.0,1914495474.63,20200103,17.180000000000003,1.069095076309382,20230614,20230614,1.024369
000001.SZ,1d,2020-01-06,15.910652267448597,16.21932453366012,15.817115217081469,15.966774497668874,862083.0,1477930193.19,20200106,17.07,1.069095076309382,20230614,20230614,1.024369
000001.SZ,1d,2020-01-07,16.02289672788915,16.163202303439842,15.854530037228319,16.041604137962576,728607.0,1247047135.26,20200107,17.15,1.069095076309382,20230614,20230614,1.024369
000001.SZ,1d,2020-01-08,15.901298562411883,15.948067087595449,15.555211476053506,15.583272591163645,847824.0,1423608811.1799998,20200108,16.66,1.069095076309382,20230614,20230614,1.024369
000001.SZ,1d,2020-01-09,15.723578166714342,15.835822627154894,15.461674425686379,15.704870756640915,1031636.0,1725326806.2500002,20200109,16.790000000000003,1.069095076309382,20230614,20230614,1.024369
000001.SZ,1d,2020-01-10,15.704870756640913,15.723578166714338,15.452320720649665,15.611333706273786,585548.0,975154818.7800001,20200110,16.69,1.069095076309382,20230614,20230614,1.024369
000001.SZ,1d,2020-01-13,15.667455936494061,15.929359677522024,15.53650406598008,15.891944857375169,872133.0,1468271683.72,20200113,16.99,1.069095076309382,20230614,20230614,1.024369
000001.SZ,1d,2020-01-14,15.891944857375172,16.153848598403133,15.676809641530776,15.676809641530776,1304493.0,2217608852.69,20200114,16.76,1.069095076309382,20230614,20230614,1.024369
000001.SZ,1d,2020-01-15,15.704870756640913,15.770346691897903,15.386844785392675,15.452320720649665,859439.0,1424889228.07,20200115,16.52,1.069095076309382,20230614,20230614,1.024369
000001.SZ,1d,2020-01-16,15.452320720649665,15.49908924583323,15.153002159474854,15.27460032495212,1028104.0,1678888507.83,20200116,16.33,1.069095076309382,20230614,20230614,1.024369
000001.SZ,1d,2020-01-17,15.321368850135688,15.480381835759806,15.293307735025548,15.330722555172398,605436.0,995909007.3499999,20200117,16.39,1.069095076309382,20230614,20230614,1.024369
000001.SZ,1d,2020-01-20,15.36813737531925,15.536504065980084,15.293307735025548,15.386844785392679,746074.0,1226464649.55,20200120,16.450000000000003,1.069095076309382,20230614,20230614,1.024369
000001.SZ,1d,2020-01-21,15.283954029988834,15.283954029988834,14.900452123483605,14.965928058740596,896603.0,1442171431.55,20200121,16.0,1.069095076309382,20230614,20230614,1.024369
000001.SZ,1d,2020-01-22,14.891098418446894,15.115587339328002,14.694670612675925,15.050111404071012,719464.0,1150933398.98,20200122,16.09,1.069095076309382,20230614,20230614,1.024369
000001.SZ,1d,2020-01-23,14.891098418446893,14.891098418446893,14.395352051501112,14.535657627051805,1100592.0,1723394336.66,20200123,15.540000000000001,1.069095076309382,20230614,20230614,1.024369
000001.SZ,1d,2020-02-03,13.085833346361309,13.749946403967922,13.085833346361309,13.085833346361309,2259194.0,3201454164.92,20200203,13.99,1.069095076309382,20230614,20230614,1.024369
000001.SZ,1d,2020-02-04,13.141955576581585,13.712531583821072,13.113894461471448,13.656409353600793,1706172.0,2442932842.71,20200204,14.6,1.069095076309382,20230614,20230614,1.024369
000001.SZ,1d,2020-02-05,13.64705564856408,13.927666799665468,13.394505612572834,13.684470468710934,1491380.0,2177632043.62,20200205,14.63,1.069095076309382,20230614,20230614,1.024369
000001.SZ,1d,2020-02-06,13.852837159371765,13.908959389592042,13.572226008270379,13.815422339224913,1185815.0,1740107625.4199998,20200206,14.77,1.069095076309382,20230614,20230614,1.024369
000001.SZ,1d,2020-02-07,13.656409353600793,13.74059269893121,13.47868895790325,13.67511676367422,924852.0,1345053255.67,20200207,14.620000000000001,1.069095076309382,20230614,20230614,1.024369
000001.SZ,1d,2020-02-10,13.57222600827038,13.590933418343806,13.375798202499409,13.562872303233666,1339495.0,1931983482.1000001,20200210,14.5,1.069095076309382,20230614,20230614,1.024369
000001.SZ,1d,2020-02-11,13.656409353600793,13.974435324849033,13.618994533453943,13.83412974929834,1407507.0,2077194138.9199998,20200211,14.790000000000001,1.069095076309382,20230614,20230614,1.024369
000001.SZ,1d,2020-02-12,13.834129749298338,13.862190864408477,13.656409353600793,13.815422339224913,1070503.0,1573229042.5500002,20200212,14.77,1.069095076309382,20230614,20230614,1.024369
000001.SZ,1d,2020-02-13,13.759300109004634,13.918313094628754,13.665763058637506,13.703177878784357,1013205.0,1491327713.78,20200213,14.649999999999999,1.069095076309382,20230614,20230614,1.024369
000001.SZ,1d,2020-02-14,13.79671492915149,14.16150942558329,13.749946403967924,14.058618670179449,1512434.0,2253906452.48,20200214,15.030000000000001,1.069095076309382,20230614,20230614,1.024369
000001.SZ,1d,2020-02-17,14.06797237521616,14.376644641427685,13.965081619812318,14.376644641427685,1543696.0,2337993586.1200004,20200217,15.37,1.069095076309382,20230614,20230614,1.024369
000001.SZ,1d,2020-02-18,14.339229821280833,14.339229821280833,14.039911260106022,14.217631655803565,973612.0,1478274222.5800002,20200218,15.2,1.069095076309382,20230614,20230614,1.024369
000001.SZ,1d,2020-02-19,14.124094605436438,14.376644641427685,14.105387195363011,14.255046475950419,874106.0,1333730218.9699998,20200219,15.24,1.069095076309382,20230614,20230614,1.024369
000001.SZ,1d,2020-02-20,14.283107591060556,14.610487267345507,14.124094605436438,14.582426152235369,1235444.0,1897923029.0400002,20200220,15.59,1.069095076309382,20230614,20230614,1.024369
000001.SZ,1d,2020-02-21,14.48888910186824,14.704024317712637,14.451474281721389,14.573072447198657,995071.0,1546692930.16,20200221,15.580000000000002,1.069095076309382,20230614,20230614,1.024369
000001.SZ,1d,2020-02-24,14.460827986758101,14.460827986758101,14.170863130620003,14.245692770913706,1191794.0,1820183854.52,20200224,15.23,1.069095076309382,20230614,20230614,1.024369
000001.SZ,1d,2020-02-25,14.030557555069311,14.152155720546578,13.824776044261627,14.067972375216161,1144575.0,1710369786.03,20200225,15.040000000000001,1.069095076309382,20230614,20230614,1.024369
000001.SZ,1d,2020-02-26,13.815422339224915,14.283107591060558,13.749946403967924,14.021203850032597,1176599.0,1769612245.3700001,20200226,14.99,1.069095076309382,20230614,20230614,1.024369
000001.SZ,1d,2020-02-27,13.993142734922458,14.170863130620003,13.927666799665468,14.133448310473153,975270.0,1464605739.4600003,20200227,15.110000000000001,1.069095076309382,20230614,20230614,1.024369
000001.SZ,1d,2020-02-28,13.890251979518617,14.067972375216161,13.525457483086814,13.562872303233666,1300644.0,1906892413.3100002,20200228,14.5,1.069095076309382,20230614,20230614,1.024369
000001.SZ,1d,2020-03-02,13.60964082841723,13.983789029885745,13.525457483086814,13.83412974929834,1116580.0,1647432269.71,20200302,14.790000000000001,1.069095076309382,20230614,20230614,1.024369
000001.SZ,1d,2020-03-03,13.993142734922458,14.021203850032597,13.684470468710934,13.768653814041349,1153584.0,1705816271.89,20200303,14.72,1.069095076309382,20230614,20230614,1.024369
000001.SZ,1d,2020-03-04,13.731238993894497,13.824776044261625,13.572226008270379,13.74059269893121,862595.0,1261123063.8300002,20200304,14.69,1.069095076309382,20230614,20230614,1.024369
000001.SZ,1d,2020-03-05,13.843483454335052,14.629194677418933,13.778007519078061,14.395352051501112,2686602.0,4089493523.03,20200305,15.39,1.069095076309382,20230614,20230614,1.024369
000001.SZ,1d,2020-03-06,14.19892424573014,14.283107591060556,14.049264965142735,14.058618670179447,1228531.0,1858691259.32,20200306,15.03,1.069095076309382,20230614,20230614,1.024369
000001.SZ,1d,2020-03-09,13.759300109004634,13.778007519078061,13.488042662939963,13.5161037780501,1665793.0,2420392130.73,20200309,14.45,1.069095076309382,20230614,20230614,1.024369
000001.SZ,1d,2020-03-10,13.450627842793113,13.890251979518617,13.450627842793113,13.806068634188202,1167864.0,1709084565.32,20200310,14.760000000000002,1.069095076309382,20230614,20230614,1.024369
000001.SZ,1d,2020-03-11,13.815422339224915,13.918313094628756,13.67511676367422,13.740592698931211,814381.0,1201250682.1599998,20200311,14.690000000000001,1.069095076309382,20230614,20230614,1.024369
000001.SZ,1d,2020-03-12,13.70317787878436,13.880898274481904,13.590933418343806,13.731238993894499,986497.0,1447436641.92,20200312,14.680000000000001,1.069095076309382,20230614,20230614,1.024369
000001.SZ,1d,2020-03-13,13.001650001030894,13.637701943527368,13.001650001030894,13.581579713307091,1169765.0,1669009835.48,20200313,14.52,1.069095076309382,20230614,20230614,1.024369
000001.SZ,1d,2020-03-16,13.5161037780501,13.525457483086814,12.8613444254802,12.8613444254802,1406202.0,1975824191.21,20200316,13.75,1.069095076309382,20230614,20230614,1.024369
000001.SZ,1d,2020-03-17,12.8613444254802,13.067125936287884,12.281414713204002,12.543318454231962,1177849.0,1582506075.02,20200317,13.41,1.069095076309382,20230614,20230614,1.024369
000001.SZ,1d,2020-03-18,12.543318454231962,12.674270324745944,11.832436871441784,11.888559101662063,1384784.0,1816836893.63,20200318,12.71,1.069095076309382,20230614,20230614,1.024369
000001.SZ,1d,2020-03-19,11.860497986551922,11.9166202167722,11.140262698725031,11.439581259899844,1891457.0,2313863663.4799995,20200319,12.23,1.069095076309382,20230614,20230614,1.024369
000001.SZ,1d,2020-03-20,11.598594245523962,11.860497986551922,11.467642375009982,11.710838705964516,1578352.0,1967487818.45,20200320,12.52,1.069095076309382,20230614,20230614,1.024369
000001.SZ,1d,2020-03-23,11.224446044055448,11.551825720340398,11.158970108798457,11.36475161960614,1071113.0,1300469494.43,20200323,12.15,1.069095076309382,20230614,20230614,1.024369
000001.SZ,1d,2020-03-24,11.598594245523962,11.860497986551922,11.476996080046694,11.795022051294932,1180200.0,1472909399.72,20200324,12.61,1.069095076309382,20230614,20230614,1.024369
000001.SZ,1d,2020-03-25,12.04757208728618,12.225292482983726,11.87920539662535,12.038218382249468,1136957.0,1467534956.1599998,20200325,12.870000000000001,1.069095076309382,20230614,20230614,1.024369
000001.SZ,1d,2020-03-26,11.954035036919052,12.477842518974972,11.897912806698775,12.215938777947013,1075192.0,1408651057.3400002,20200326,13.06,1.069095076309382,20230614,20230614,1.024369
000001.SZ,1d,2020-03-27,12.393659173644556,12.515257339121824,12.234646188020438,12.300122123277427,653018.0,861618663.0500001,20200327,13.15,1.069095076309382,20230614,20230614,1.024369
000001.SZ,1d,2020-03-30,12.019510972176041,12.197231367873584,11.935327626845625,12.103694317506458,661738.0,852956240.25,20200330,12.94,1.069095076309382,20230614,20230614,1.024369
000001.SZ,1d,2020-03-31,12.206585072910299,12.243999893057152,11.954035036919052,11.972742446992477,513370.0,662915471.38,20200331,12.8,1.069095076309382,20230614,20230614,1.024369
000001.SZ,1d,2020-04-01,12.028864677212754,12.281414713204002,11.991449857065904,12.056925792322893,520836.0,676070117.75,20200401,12.89,1.069095076309382,20230614,20230614,1.024369
000001.SZ,1d,2020-04-02,11.925973921808913,12.131755432616597,11.841790576478497,12.131755432616597,518365.0,663197628.3500001,20200402,12.97,1.069095076309382,20230614,20230614,1.024369
000001.SZ,1d,2020-04-03,11.991449857065904,12.056925792322893,11.738899821074655,11.795022051294934,825348.0,1047282400.16,20200403,12.610000000000001,1.069095076309382,20230614,20230614,1.024369
000001.SZ,1d,2020-04-07,12.056925792322893,12.10369431750646,11.98209615202919,12.04757208728618,870313.0,1121200115.4100003,20200407,12.88,1.069095076309382,20230614,20230614,1.024369
000001.SZ,1d,2020-04-08,12.04757208728618,12.08498690743303,11.897912806698775,11.954035036919052,528716.0,676604872.29,20200408,12.780000000000001,1.069095076309382,20230614,20230614,1.024369
000001.SZ,1d,2020-04-09,12.04757208728618,12.056925792322893,11.897912806698775,11.9166202167722,408553.0,522027888.31,20200409,12.74,1.069095076309382,20230614,20230614,1.024369
000001.SZ,1d,2020-04-10,11.935327626845625,12.14110913765331,11.832436871441784,11.963388741955765,666674.0,853689950.23,20200410,12.790000000000001,1.069095076309382,20230614,20230614,1.024369
000001.SZ,1d,2020-04-13,11.851144281515209,11.888559101662063,11.664070180780953,11.776314641221507,446214.0,562008050.35,20200413,12.59,1.069095076309382,20230614,20230614,1.024369
000001.SZ,1d,2020-04-14,11.832436871441784,12.028864677212754,11.75760723114808,12.028864677212754,686086.0,874856562.2800001,20200414,12.86,1.069095076309382,20230614,20230614,1.024369
000001.SZ,1d,2020-04-15,12.028864677212756,12.094340612469745,11.954035036919052,12.038218382249468,656396.0,843649273.39,20200415,12.870000000000001,1.069095076309382,20230614,20230614,1.024369
000001.SZ,1d,2020-04-16,11.963388741955765,11.963388741955765,11.729546116037943,11.860497986551923,789154.0,997623816.4499999,20200416,12.680000000000001,1.069095076309382,20230614,20230614,1.024369
000001.SZ,1d,2020-04-17,11.944681331882338,12.197231367873586,11.832436871441784,12.056925792322893,1331164.0,1713215766.82,20200417,12.89,1.069095076309382,20230614,20230614,1.024369
000001.SZ,1d,2020-04-20,12.028864677212754,12.206585072910299,11.944681331882338,12.150462842690022,818455.0,1058524019.15,20200420,12.99,1.069095076309382,20230614,20230614,1.024369
000001.SZ,1d,2020-04-21,12.440427698828122,12.814575900296637,12.440427698828122,12.580733274378815,2122448.0,2861879086.0899997,20200421,13.450000000000001,1.069095076309382,20230614,20230614,1.024369
000001.SZ,1d,2020-04-22,12.505903634085112,12.552672159268676,12.30947582831414,12.374951763571131,1032803.0,1368222854.7100003,20200422,13.23,1.069095076309382,20230614,20230614,1.024369
000001.SZ,1d,2020-04-23,12.37495176357113,12.449781403864833,12.262707303130576,12.37495176357113,646990.0,855052110.23,20200423,13.229999999999999,1.069095076309382,20230614,20230614,1.024369
000001.SZ,1d,2020-04-24,12.318829533350852,12.421720288754694,12.262707303130576,12.384305468607844,566002.0,747473770.46,20200424,13.24,1.069095076309382,20230614,20230614,1.024369
000001.SZ,1d,2020-04-27,12.440427698828122,12.758453670076358,12.393659173644556,12.627501799562378,936830.0,1263809737.41,20200427,13.5,1.069095076309382,20230614,20230614,1.024369
000001.SZ,1d,2020-04-28,12.580733274378813,12.683624029782655,12.412366583717981,12.646209209635803,771564.0,1038718080.27,20200428,13.52,1.069095076309382,20230614,20230614,1.024369
000001.SZ,1d,2020-04-29,12.608794389488953,13.188724101765152,12.580733274378815,13.113894461471448,1108722.0,1541638203.4799998,20200429,14.020000000000001,1.069095076309382,20230614,20230614,1.024369
000001.SZ,1d,2020-04-30,13.113894461471448,13.394505612572834,12.982942590957467,13.029711116141034,819540.0,1155968238.1299999,20200430,13.930000000000001,1.069095076309382,20230614,20230614,1.024369
000001.SZ,1d,2020-05-06,12.870698130516912,12.99229629599418,12.730392554966219,12.880051835553624,1008998.0,1382727481.73,20200506,13.77,1.069095076309382,20230614,20230614,1.024369
000001.SZ,1d,2020-05-07,12.870698130516912,12.870698130516912,12.721038849929506,12.805222195259923,662749.0,904349531.9899999,20200507,13.69,1.069095076309382,20230614,20230614,1.024369
000001.SZ,1d,2020-05-08,12.870698130516912,13.113894461471448,12.79586849022321,13.048418526214457,934782.0,1297924588.29,20200508,13.95,1.069095076309382,20230614,20230614,1.024369
000001.SZ,1d,2020-05-11,13.02035741110432,13.216785216875289,13.001650001030894,13.095187051398021,612862.0,859156594.2199999,20200511,14.0,1.069095076309382,20230614,20230614,1.024369
000001.SZ,1d,2020-05-12,13.048418526214459,13.141955576581587,12.833283310370062,12.898759245627053,558511.0,772109502.04,20200512,13.790000000000001,1.069095076309382,20230614,20230614,1.024369
000001.SZ,1d,2020-05-13,12.861344425480201,12.88940554059034,12.655562914672517,12.749099965039646,640359.0,871062043.61,20200513,13.63,1.069095076309382,20230614,20230614,1.024369
000001.SZ,1d,2020-05-14,12.674270324745944,12.711685144892794,12.365598058534419,12.440427698828122,944672.0,1259440848.2399998,20200514,13.3,1.069095076309382,20230614,20230614,1.024369
000001.SZ,1d,2020-05-15,12.524611044158537,12.562025864305388,12.290768418240715,12.374951763571131,756794.0,1004313267.9300001,20200515,13.23,1.069095076309382,20230614,20230614,1.024369
000001.SZ,1d,2020-05-18,12.346890648460993,12.477842518974974,12.27206100816729,12.346890648460993,637209.0,843479669.71,20200518,13.200000000000001,1.069095076309382,20230614,20230614,1.024369
000001.SZ,1d,2020-05-19,12.543318454231962,12.580733274378813,12.412366583717981,12.496549929048397,600369.0,801755671.01,20200519,13.36,1.069095076309382,20230614,20230614,1.024369
000001.SZ,1d,2020-05-20,12.515257339121822,12.739746260002931,12.412366583717981,12.63685550459909,690851.0,929928885.9300001,20200520,13.51,1.069095076309382,20230614,20230614,1.024369
000001.SZ,1d,2020-05-21,12.646209209635803,12.692977734819369,12.496549929048397,12.533964749195247,552312.0,742797057.29,20200521,13.399999999999999,1.069095076309382,20230614,20230614,1.024369
000001.SZ,1d,2020-05-22,12.46848881393826,12.477842518974972,12.08498690743303,12.08498690743303,856237.0,1119433491.01,20200522,12.92,1.069095076309382,20230614,20230614,1.024369
000001.SZ,1d,2020-05-25,12.131755432616597,12.14110913765331,11.935327626845625,12.122401727579883,410171.0,528769352.5,20200525,12.959999999999999,1.069095076309382,20230614,20230614,1.024369
000001.SZ,1d,2020-05-26,12.17852395780016,12.225292482983726,12.103694317506458,12.197231367873584,396212.0,515451849.4,20200526,13.04,1.069095076309382,20230614,20230614,1.024369
000001.SZ,1d,2020-05-27,12.206585072910299,12.337536943424281,12.122401727579884,12.159816547726734,482963.0,630305864.0899999,20200527,13.0,1.069095076309382,20230614,20230614,1.024369
000001.SZ,1d,2020-05-28,12.245444273481509,12.540400584653167,12.18835595519022,12.435738667785804,960760.0,1255226999.49,20200528,13.07,1.0510031087945921,20230614,20230614,1.024369
000001.SZ,1d,2020-05-29,12.378650349494515,12.40719450864016,12.293017872057582,12.3691356297793,457808.0,594502123.85,20200529,13.0,1.0510031087945921,20230614,20230614,1.024369
000001.SZ,1d,2020-06-01,12.464282826931449,12.74020969867268,12.445253387501019,12.673606660666175,882961.0,1173619006.66,20200601,13.32,1.0510031087945921,20230614,20230614,1.024369
000001.SZ,1d,2020-06-02,12.645062501520533,12.968562971837837,12.635547781805318,12.892445214116117,883459.0,1194375822.0600002,20200602,13.55,1.0510031087945921,20230614,20230614,1.024369
000001.SZ,1d,2020-06-03,12.978077691553052,13.206430964718209,12.844871615540043,12.8829304944009,956803.0,1308782294.7,20200603,13.54,1.0510031087945921,20230614,20230614,1.024369
000001.SZ,1d,2020-06-04,12.873415774685688,12.978077691553052,12.75923913810311,12.911474653546547,583066.0,788707630.29,20200604,13.57,1.0510031087945921,20230614,20230614,1.024369
000001.SZ,1d,2020-06-05,12.940018812692191,12.95904825212262,12.778268577533538,12.930504092976976,383027.0,517232135.8,20200605,13.59,1.0510031087945921,20230614,20230614,1.024369
000001.SZ,1d,2020-06-08,13.01613657041391,13.177886805572562,12.920989373261762,12.95904825212262,585972.0,802115792.0600001,20200608,13.62,1.0510031087945921,20230614,20230614,1.024369
000001.SZ,1d,2020-06-09,12.978077691553052,13.063710168989985,12.87341577468569,13.006621850698696,474300.0,646895834.84,20200609,13.670000000000002,1.0510031087945921,20230614,20230614,1.024369
000001.SZ,1d,2020-06-10,13.044680729559555,13.044680729559555,12.749724418387895,12.835356895824829,580476.0,781995749.3600001,20200610,13.49,1.0510031087945921,20230614,20230614,1.024369
000001.SZ,1d,2020-06-11,12.730694978957466,12.74020969867268,12.3691356297793,12.445253387501019,1349040.0,1774199978.6799998,20200611,13.08,1.0510031087945921,20230614,20230614,1.024369
000001.SZ,1d,2020-06-12,12.273988432627153,12.388165069209732,12.245444273481509,12.359620910064086,1030551.0,1331618728.51,20200612,12.99,1.0510031087945921,20230614,20230614,1.024369
000001.SZ,1d,2020-06-15,12.226414834051079,12.340591470633656,12.178841235475005,12.197870674905433,660313.0,850767506.4300001,20200615,12.82,1.0510031087945921,20230614,20230614,1.024369
000001.SZ,1d,2020-06-16,12.273988432627151,12.359620910064086,12.235929553766292,12.264473712911936,718059.0,927043687.82,20200616,12.889999999999999,1.0510031087945921,20230614,20230614,1.024369
000001.SZ,1d,2020-06-17,12.264473712911938,12.293017872057582,12.140782356614144,12.226414834051077,716468.0,918251153.1899999,20200617,12.85,1.0510031087945921,20230614,20230614,1.024369
000001.SZ,1d,2020-06-18,12.140782356614144,12.178841235475005,11.979032121455491,12.140782356614144,1119648.0,1419972017.43,20200618,12.76,1.0510031087945921,20230614,20230614,1.024369
000001.SZ,1d,2020-06-19,12.112238197468498,12.216900114335862,11.99806156088592,12.178841235475003,1539522.0,1954584919.95,20200619,12.799999999999999,1.0510031087945921,20230614,20230614,1.024369
000001.SZ,1d,2020-06-22,12.121752917183715,12.140782356614146,12.007576280601137,12.026605720031567,1319080.0,1671023278.9900002,20200622,12.64,1.0510031087945921,20230614,20230614,1.024369
000001.SZ,1d,2020-06-23,12.036120439746782,12.07417931860764,11.912429083448988,11.988546841170706,990807.0,1248046646.7199998,20200623,12.6,1.0510031087945921,20230614,20230614,1.024369
000001.SZ,1d,2020-06-24,12.026605720031565,12.254958993196722,11.988546841170706,12.178841235475003,1523220.0,1946329095.3100002,20200624,12.799999999999999,1.0510031087945921,20230614,20230614,1.024369
000001.SZ,1d,2020-06-29,12.293017872057584,12.340591470633656,12.09320875803807,12.178841235475005,1038480.0,1330678288.8300002,20200629,12.8,1.0510031087945921,20230614,20230614,1.024369
000001.SZ,1d,2020-06-30,12.207385394620648,12.254958993196723,12.102723477753285,12.178841235475005,937940.0,1199181601.42,20200630,12.8,1.0510031087945921,20230614,20230614,1.024369
000001.SZ,1d,2020-07-01,12.16932651575979,12.511856425507524,12.121752917183715,12.48331226636188,1697390.0,2202800843.9700003,20200701,13.120000000000001,1.0510031087945921,20230614,20230614,1.024369
000001.SZ,1d,2020-07-02,12.445253387501019,12.835356895824829,12.340591470633656,12.77826857753354,2590501.0,3433511084.46,20200702,13.430000000000001,1.0510031087945921,20230614,20230614,1.024369
000001.SZ,1d,2020-07-03,12.911474653546547,13.62507863218766,12.901959933831332,13.558475594181157,3768334.0,5280918011.400001,20200703,14.25,1.0510031087945921,20230614,20230614,1.024369
000001.SZ,1d,2020-07-06,13.891490784213676,14.91908051345688,13.881976064498462,14.91908051345688,4711461.0,7168653356.250001,20200706,15.68,1.0510031087945921,20230614,20230614,1.024369
000001.SZ,1d,2020-07-07,15.5089931358002,15.822978886402293,14.300623731967915,14.728786119152582,3964427.0,6267919683.040001,20200707,15.48,1.0510031087945921,20230614,20230614,1.024369
000001.SZ,1d,2020-07-08,14.490918126272211,15.223551544343755,14.490918126272211,14.995198271178598,2631339.0,4095447757.1699996,20200708,15.76,1.0510031087945921,20230614,20230614,1.024369
000001.SZ,1d,2020-07-09,14.90005107402645,14.90005107402645,14.567035883993931,14.776359717728658,2243994.0,3469517329.73,20200709,15.530000000000001,1.0510031087945921,20230614,20230614,1.024369
000001.SZ,1d,2020-07-10,14.605094762854788,14.728786119152582,14.043726299657113,14.13887349680926,2158773.0,3254272377.89,20200710,14.86,1.0510031087945921,20230614,20230614,1.024369
000001.SZ,1d,2020-07-13,13.986637981365824,14.34819733054399,13.796343587061527,14.167417655954907,1937160.0,2871414844.76,20200713,14.89,1.0510031087945921,20230614,20230614,1.024369
000001.SZ,1d,2020-07-14,14.176932375670122,14.452859247411354,13.843917185637602,13.967608541935396,1953566.0,2891773817.07,20200714,14.680000000000001,1.0510031087945921,20230614,20230614,1.024369
000001.SZ,1d,2020-07-15,14.062755739087544,14.138873496809262,13.539446154750728,13.577505033611585,2042563.0,2947173149.7200003,20200715,14.27,1.0510031087945921,20230614,20230614,1.024369
000001.SZ,1d,2020-07-16,13.606049192757231,13.843917185637602,13.434784237883365,13.463328397029008,1930891.0,2771496391.19,20200716,14.15,1.0510031087945921,20230614,20230614,1.024369
000001.SZ,1d,2020-07-17,13.482357836459439,13.587019753326802,13.273034002724712,13.453813677313793,1291347.0,1821043927.51,20200717,14.14,1.0510031087945921,20230614,20230614,1.024369
000001.SZ,1d,2020-07-20,13.539446154750728,14.053241019372328,13.415754798452934,14.01518214051147,1979632.0,2872758056.19,20200720,14.73,1.0510031087945921,20230614,20230614,1.024369
000001.SZ,1d,2020-07-21,13.967608541935395,13.967608541935395,13.701196389909379,13.786828867346314,1252866.0,1815570300.6,20200721,14.49,1.0510031087945921,20230614,20230614,1.024369
000001.SZ,1d,2020-07-22,13.786828867346314,13.93906438278975,13.577505033611585,13.710711109624594,1312952.0,1895447229.4099998,20200722,14.41,1.0510031087945921,20230614,20230614,1.024369
000001.SZ,1d,2020-07-23,13.548960874465942,13.596534473042016,13.139827926711703,13.330122321016,2027526.0,2838535210.7500005,20200723,14.01,1.0510031087945921,20230614,20230614,1.024369
000001.SZ,1d,2020-07-24,13.292063442155142,13.311092881585571,12.768753857818323,12.844871615540043,1830882.0,2504647111.34,20200724,13.5,1.0510031087945921,20230614,20230614,1.024369
000001.SZ,1d,2020-07-27,13.006621850698695,13.01613657041391,12.464282826931449,12.597488902944457,1880653.0,2497551472.2799997,20200727,13.24,1.0510031087945921,20230614,20230614,1.024369
000001.SZ,1d,2020-07-28,12.692636100096605,12.778268577533538,12.540400584653167,12.692636100096605,1217006.0,1618089558.6,20200728,13.34,1.0510031087945921,20230614,20230614,1.024369
000001.SZ,1d,2020-07-29,12.702150819811822,12.968562971837837,12.568944743798813,12.882930494400902,1519580.0,2043847472.9400003,20200729,13.540000000000001,1.0510031087945921,20230614,20230614,1.024369
000001.SZ,1d,2020-07-30,12.844871615540045,12.85438633525526,12.721180259242251,12.721180259242251,964068.0,1294444933.22,20200730,13.370000000000001,1.0510031087945921,20230614,20230614,1.024369
000001.SZ,1d,2020-07-31,12.635547781805316,12.873415774685688,12.607003622659672,12.692636100096605,1165822.0,1559068291.6299999,20200731,13.34,1.0510031087945921,20230614,20230614,1.024369
000001.SZ,1d,2020-08-03,12.816327456394397,12.95904825212262,12.778268577533538,12.930504092976976,1445096.0,1954607257.49,20200803,13.59,1.0510031087945921,20230614,20230614,1.024369
000001.SZ,1d,2020-08-04,12.99710713098348,13.463328397029008,12.825842176109614,13.358666480161645,2445663.0,3388510059.2700005,20200804,14.040000000000001,1.0510031087945921,20230614,20230614,1.024369
000001.SZ,1d,2020-08-05,13.149342646426918,13.177886805572564,12.959048252122622,13.092254328135631,1440203.0,1980352978.3400002,20200805,13.760000000000002,1.0510031087945921,20230614,20230614,1.024369
000001.SZ,1d,2020-08-06,13.149342646426918,13.282548722439927,12.987592411268267,13.225460404148636,1352511.0,1868047342.49,20200806,13.9,1.0510031087945921,20230614,20230614,1.024369
000001.SZ,1d,2020-08-07,13.130313206996489,13.225460404148636,12.959048252122622,13.03516600984434,988678.0,1356305781.15,20200807,13.700000000000001,1.0510031087945921,20230614,20230614,1.024369
000001.SZ,1d,2020-08-10,13.006621850698696,13.339637040731215,12.959048252122622,13.273034002724712,1587710.0,2208568316.4900002,20200810,13.950000000000001,1.0510031087945921,20230614,20230614,1.024369
000001.SZ,1d,2020-08-11,13.292063442155142,13.948579102504965,13.292063442155142,13.44429895759858,2603308.0,3748036828.23,20200811,14.13,1.0510031087945921,20230614,20230614,1.024369
000001.SZ,1d,2020-08-12,13.520416715320298,13.796343587061527,13.463328397029008,13.68216695047895,1596812.0,2287731088.15,20200812,14.38,1.0510031087945921,20230614,20230614,1.024369
000001.SZ,1d,2020-08-13,13.701196389909379,13.75828470820067,13.453813677313793,13.491872556174652,837262.0,1190139725.41,20200813,14.18,1.0510031087945921,20230614,20230614,1.024369
000001.SZ,1d,2020-08-14,13.415754798452934,13.805858306776742,13.377695919592075,13.767799427915884,1103216.0,1578543607.1,20200814,14.47,1.0510031087945921,20230614,20230614,1.024369
000001.SZ,1d,2020-08-17,13.891490784213678,14.60509476285479,13.843917185637602,14.452859247411354,3268028.0,4923669137.3,20200817,15.190000000000001,1.0510031087945921,20230614,20230614,1.024369
000001.SZ,1d,2020-08-18,14.462373967126567,14.557521164278716,14.186447095385336,14.414800368550493,1350261.0,2033477707.99,20200818,15.15,1.0510031087945921,20230614,20230614,1.024369
000001.SZ,1d,2020-08-19,14.376741489689634,14.60509476285479,14.234020693961412,14.367226769974419,1420928.0,2154215097.0600004,20200819,15.100000000000001,1.0510031087945921,20230614,20230614,1.024369
000001.SZ,1d,2020-08-20,14.281594292537486,14.405285648835278,13.824887746207173,13.881976064498463,1333802.0,1962605013.7,20200820,14.590000000000002,1.0510031087945921,20230614,20230614,1.024369
000001.SZ,1d,2020-08-21,13.99615270108104,13.99615270108104,13.62507863218766,13.748769988485455,1234517.0,1787278581.3400002,20200821,14.450000000000001,1.0510031087945921,20230614,20230614,1.024369
000001.SZ,1d,2020-08-24,13.796343587061527,13.99615270108104,13.710711109624594,13.75828470820067,919449.0,1338031969.4,20200824,14.46,1.0510031087945921,20230614,20230614,1.024369
000001.SZ,1d,2020-08-25,13.853431905352817,13.977123261650611,13.75828470820067,13.891490784213678,748320.0,1090756854.22,20200825,14.600000000000001,1.0510031087945921,20230614,20230614,1.024369
000001.SZ,1d,2020-08-26,13.891490784213678,13.901005503928893,13.587019753326802,13.672652230763736,734118.0,1057274169.74,20200826,14.370000000000001,1.0510031087945921,20230614,20230614,1.024369
000001.SZ,1d,2020-08-27,13.701196389909377,13.758284708200668,13.425269518168149,13.758284708200668,626667.0,895618648.57,20200827,14.459999999999999,1.0510031087945921,20230614,20230614,1.024369
000001.SZ,1d,2020-08-28,13.56799031389637,14.443344527696137,13.56799031389637,14.395770929120062,2410400.0,3599035694.78,20200828,15.129999999999999,1.0510031087945921,20230614,20230614,1.024369
000001.SZ,1d,2020-08-31,14.557521164278716,14.91908051345688,14.262564853107055,14.34819733054399,1797130.0,2760350322.28,20200831,15.08,1.0510031087945921,20230614,20230614,1.024369
000001.SZ,1d,2020-09-01,14.234020693961412,14.490918126272211,14.157902936239692,14.405285648835278,813643.0,1228342741.95,20200901,15.14,1.0510031087945921,20230614,20230614,1.024369
000001.SZ,1d,2020-09-02,14.281594292537484,14.776359717728656,14.281594292537484,14.576550603709146,1679383.0,2575966637.51,20200902,15.32,1.0510031087945921,20230614,20230614,1.024369
000001.SZ,1d,2020-09-03,14.576550603709146,14.58606532342436,14.119844057378833,14.176932375670122,1279842.0,1919266726.0100002,20200903,14.9,1.0510031087945921,20230614,20230614,1.024369
000001.SZ,1d,2020-09-04,14.01518214051147,14.32916789111356,13.891490784213676,14.23402069396141,909890.0,1353550808.28,20200904,14.959999999999999,1.0510031087945921,20230614,20230614,1.024369
000001.SZ,1d,2020-09-07,14.157902936239692,14.500432845987426,14.110329337663618,14.21499125453098,1031377.0,1551971380.96,20200907,14.94,1.0510031087945921,20230614,20230614,1.024369
000001.SZ,1d,2020-09-08,14.27207957282227,14.681212520576508,14.27207957282227,14.681212520576508,1407602.0,2154220778.29,20200908,15.43,1.0510031087945921,20230614,20230614,1.024369
000001.SZ,1d,2020-09-09,14.519462285417857,14.804903876874302,14.395770929120063,14.471888686841783,1013572.0,1554005575.35,20200909,15.21,1.0510031087945921,20230614,20230614,1.024369
000001.SZ,1d,2020-09-10,14.576550603709146,14.728786119152582,14.462373967126569,14.595580043139575,957092.0,1469402768.28,20200910,15.340000000000002,1.0510031087945921,20230614,20230614,1.024369
000001.SZ,1d,2020-09-11,14.443344527696137,14.557521164278716,14.100814617948403,14.281594292537484,954236.0,1431844020.44,20200911,15.01,1.0510031087945921,20230614,20230614,1.024369
000001.SZ,1d,2020-09-14,14.281594292537484,14.557521164278716,14.195961815100551,14.557521164278716,680251.0,1027508108.5500001,20200914,15.3,1.0510031087945921,20230614,20230614,1.024369
000001.SZ,1d,2020-09-15,14.462373967126569,14.728786119152582,14.414800368550493,14.605094762854788,657133.0,1007999044.1099999,20200915,15.35,1.0510031087945921,20230614,20230614,1.024369
000001.SZ,1d,2020-09-16,14.576550603709146,14.785874437443873,14.471888686841783,14.690727240291725,722415.0,1114667832.1100001,20200916,15.440000000000001,1.0510031087945921,20230614,20230614,1.024369
000001.SZ,1d,2020-09-17,14.785874437443873,14.957139392317739,14.652668361430864,14.814418596589517,988216.0,1543414501.54,20200917,15.57,1.0510031087945921,20230614,20230614,1.024369
000001.SZ,1d,2020-09-18,14.86199219516559,15.309184021780688,14.766844998013442,15.290154582350258,1373193.0,2186759087.8100004,20200918,16.07,1.0510031087945921,20230614,20230614,1.024369
000001.SZ,1d,2020-09-21,15.223551544343755,15.27112514291983,14.947624672602524,15.090345468330748,896162.0,1418370973.91,20200921,15.860000000000001,1.0510031087945921,20230614,20230614,1.024369
000001.SZ,1d,2020-09-22,14.909565793741665,15.071316028900316,14.64315364171565,14.814418596589517,867756.0,1354536272.84,20200922,15.57,1.0510031087945921,20230614,20230614,1.024369
000001.SZ,1d,2020-09-23,14.833448036019945,15.061801309185102,14.757330278298227,14.871506914880804,599200.0,939763265.95,20200923,15.629999999999999,1.0510031087945921,20230614,20230614,1.024369
000001.SZ,1d,2020-09-24,14.833448036019947,14.852477475450376,14.386256209404849,14.386256209404849,1061011.0,1623376200.8100002,20200924,15.120000000000001,1.0510031087945921,20230614,20230614,1.024369
000001.SZ,1d,2020-09-25,14.462373967126567,14.56703588399393,14.376741489689632,14.452859247411352,614087.0,933035044.4699999,20200925,15.19,1.0510031087945921,20230614,20230614,1.024369
000001.SZ,1d,2020-09-28,14.452859247411354,14.62412420228522,14.25305013339184,14.567035883993931,612711.0,932800766.0300001,20200928,15.31,1.0510031087945921,20230614,20230614,1.024369
000001.SZ,1d,2020-09-29,14.64315364171565,14.662183081146079,14.043726299657113,14.081785178517972,1182374.0,1766848544.72,20200929,14.799999999999999,1.0510031087945921,20230614,20230614,1.024369
000001.SZ,1d,2020-09-30,14.081785178517974,14.528977005133072,14.081785178517974,14.433829807980922,1217065.0,1838547595.4599998,20200930,15.17,1.0510031087945921,20230614,20230614,1.024369
000001.SZ,1d,2020-10-09,14.557521164278716,14.795389157159088,14.395770929120063,14.443344527696139,900426.0,1376995906.6,20201009,15.180000000000001,1.0510031087945921,20230614,20230614,1.024369
000001.SZ,1d,2020-10-12,14.481403406556996,15.27112514291983,14.471888686841783,15.128404347191607,1591347.0,2509002885.3100004,20201012,15.9,1.0510031087945921,20230614,20230614,1.024369
000001.SZ,1d,2020-10-13,15.128404347191607,15.328213461211117,15.004712990893813,15.280639862635043,908819.0,1453986337.96,20201013,16.06,1.0510031087945921,20230614,20230614,1.024369
000001.SZ,1d,2020-10-14,15.261610423204614,15.337728180926334,15.033257150039459,15.2520957034894,662562.0,1057937816.08,20201014,16.03,1.0510031087945921,20230614,20230614,1.024369
000001.SZ,1d,2020-10-15,15.41384593864805,16.09890575814352,15.366272340071976,15.756375848395784,1600062.0,2654379585.66,20201015,16.56,1.0510031087945921,20230614,20230614,1.024369
000001.SZ,1d,2020-10-16,15.756375848395784,16.527068145328187,15.737346408965356,16.270170713017386,2095614.0,3589229558.5699997,20201016,17.099999999999998,1.0510031087945921,20230614,20230614,1.024369
000001.SZ,1d,2020-10-19,16.460465107321685,17.221642684538875,16.460465107321685,16.63173006219555,2016106.0,3571336006.25,20201019,17.48,1.0510031087945921,20230614,20230614,1.024369
000001.SZ,1d,2020-10-20,16.63173006219555,16.745906698778132,16.41289150874561,16.68881838048684,960072.0,1673173355.6499999,20201020,17.54,1.0510031087945921,20230614,20230614,1.024369
000001.SZ,1d,2020-10-21,16.78396557763899,17.126495487386727,16.48900926646733,17.040863009949792,1244560.0,2204040364.8,20201021,17.91,1.0510031087945921,20230614,20230614,1.024369
000001.SZ,1d,2020-10-22,17.069407169095435,17.602231473147466,16.460465107321685,16.707847819917273,1890519.0,3342069010.79,20201022,17.560000000000002,1.0510031087945921,20230614,20230614,1.024369
000001.SZ,1d,2020-10-23,16.679303660771627,17.868643625173483,16.679303660771627,17.25018684368452,1698502.0,3105623948.39,20201023,18.130000000000003,1.0510031087945921,20230614,20230614,1.024369
000001.SZ,1d,2020-10-26,17.31678988169102,17.402422359127954,16.603185903049905,16.841053895930276,1175599.0,2085800598.85,20201026,17.7,1.0510031087945921,20230614,20230614,1.024369
000001.SZ,1d,2020-10-27,17.126495487386723,17.126495487386723,16.65075950162598,16.89814221422157,1034865.0,1839243224.79,20201027,17.76,1.0510031087945921,20230614,20230614,1.024369
000001.SZ,1d,2020-10-28,16.898142214221565,17.031348290234575,16.45095038760647,16.774450857923775,1205824.0,2125604541.75,20201028,17.63,1.0510031087945921,20230614,20230614,1.024369
000001.SZ,1d,2020-10-29,16.688818380486843,17.059892449380218,16.50803870589776,16.907656933936785,846604.0,1498040947.7,20201029,17.770000000000003,1.0510031087945921,20230614,20230614,1.024369
000001.SZ,1d,2020-10-30,16.87911277479114,17.469025397134462,16.745906698778132,16.888627494506352,1007804.0,1813064343.1200001,20201030,17.75,1.0510031087945921,20230614,20230614,1.024369
000001.SZ,1d,2020-11-02,16.793480297354208,17.1740690859628,16.48900926646733,16.774450857923778,968453.0,1702741437.95,20201102,17.630000000000003,1.0510031087945921,20230614,20230614,1.024369
000001.SZ,1d,2020-11-03,16.850568615645493,17.44999595770403,16.841053895930276,17.088436608525864,957869.0,1727488481.5,20201103,17.96,1.0510031087945921,20230614,20230614,1.024369
000001.SZ,1d,2020-11-04,17.459510677419246,17.583202033717036,17.088436608525864,17.4309665182736,1247636.0,2275824963.43,20201104,18.32,1.0510031087945921,20230614,20230614,1.024369
000001.SZ,1d,2020-11-05,17.478540116849672,17.602231473147466,16.68881838048684,16.841053895930276,1429469.0,2558562453.1800003,20201105,17.7,1.0510031087945921,20230614,20230614,1.024369
000001.SZ,1d,2020-11-06,16.85056861564549,16.888627494506352,16.384347349599963,16.78396557763899,848782.0,1486492208.3700001,20201106,17.64,1.0510031087945921,20230614,20230614,1.024369
000001.SZ,1d,2020-11-09,16.812509736784634,17.126495487386723,16.68881838048684,16.974259971943287,951424.0,1688807401.7,20201109,17.84,1.0510031087945921,20230614,20230614,1.024369
000001.SZ,1d,2020-11-10,17.126495487386723,17.602231473147466,17.059892449380218,17.231157404254088,1021063.0,1854142808.8500001,20201110,18.11,1.0510031087945921,20230614,20230614,1.024369
000001.SZ,1d,2020-11-11,17.316789881691022,17.41193707884317,16.745906698778132,16.945715812797644,940130.0,1677811478.7400002,20201111,17.810000000000002,1.0510031087945921,20230614,20230614,1.024369
000001.SZ,1d,2020-11-12,16.94571581279764,17.06940716909543,16.603185903049905,16.80299501706942,677258.0,1197284181.1100001,20201112,17.66,1.0510031087945921,20230614,20230614,1.024369
000001.SZ,1d,2020-11-13,16.574641743904266,16.622215342480338,15.88006720469358,16.346288470739108,1289189.0,2191492021.21,20201113,17.18,1.0510031087945921,20230614,20230614,1.024369
000001.SZ,1d,2020-11-16,16.251141273586956,16.58415646361948,16.07987631871309,16.527068145328187,759857.0,1308190459.6,20201116,17.369999999999997,1.0510031087945921,20230614,20230614,1.024369
000001.SZ,1d,2020-11-17,16.536582865043403,17.059892449380218,16.41289150874561,16.96474525222807,852931.0,1509511577.97,20201117,17.83,1.0510031087945921,20230614,20230614,1.024369
000001.SZ,1d,2020-11-18,16.917171653651998,17.602231473147466,16.888627494506352,17.564172594286607,1373401.0,2508632642.49,20201118,18.46,1.0510031087945921,20230614,20230614,1.024369
000001.SZ,1d,2020-11-19,17.6878639505844,18.05893801947778,17.41193707884317,17.93524666317999,1211741.0,2270476474.58,20201119,18.85,1.0510031087945921,20230614,20230614,1.024369
000001.SZ,1d,2020-11-20,17.916217223749555,18.068452739192992,17.621260912577895,17.9447613828952,673919.0,1265262915.5900002,20201120,18.86,1.0510031087945921,20230614,20230614,1.024369
000001.SZ,1d,2020-11-23,17.93524666317999,18.66788008125153,17.887673064603913,18.66788008125153,1165858.0,2252290578.43,20201123,19.62,1.0510031087945921,20230614,20230614,1.024369
000001.SZ,1d,2020-11-24,18.66788008125153,18.72496839954282,18.23971769406686,18.420497368655944,678543.0,1313496136.53,20201124,19.360000000000003,1.0510031087945921,20230614,20230614,1.024369
000001.SZ,1d,2020-11-25,18.53467400523852,18.743997838973247,18.125541057484284,18.1350557771995,552585.0,1068352014.21,20201125,19.060000000000002,1.0510031087945921,20230614,20230614,1.024369
000001.SZ,1d,2020-11-26,18.125541057484284,18.658365361536315,18.106511618053855,18.55370344466895,639658.0,1240074378.13,20201126,19.5,1.0510031087945921,20230614,20230614,1.024369
000001.SZ,1d,2020-11-27,19.029439430429694,19.029439430429694,18.43952680808637,18.743997838973247,753774.0,1479430635.59,20201127,19.7,1.0510031087945921,20230614,20230614,1.024369
000001.SZ,1d,2020-11-30,18.934292233277542,19.866734765368598,18.639335922105886,18.782056717834106,1581441.0,3213680470.07,20201130,19.74,1.0510031087945921,20230614,20230614,1.024369
000001.SZ,1d,2020-12-01,18.74399783897325,19.514690135905653,18.458556247516803,19.07701302900577,1263720.0,2516010782.4900002,20201201,20.05,1.0510031087945921,20230614,20230614,1.024369
000001.SZ,1d,2020-12-02,18.96283639242319,19.086527748720982,18.57273288409938,18.67739480096674,889385.0,1758639187.8400002,20201202,19.63,1.0510031087945921,20230614,20230614,1.024369
000001.SZ,1d,2020-12-03,18.82011559669497,18.896233354416687,18.23971769406686,18.591762323529814,714452.0,1393085020.58,20201203,19.540000000000003,1.0510031087945921,20230614,20230614,1.024369
000001.SZ,1d,2020-12-04,18.525159285523305,18.525159285523305,18.049423299762562,18.363409050364652,891348.0,1707639065.1,20201204,19.299999999999997,1.0510031087945921,20230614,20230614,1.024369
000001.SZ,1d,2020-12-07,18.37292377007987,18.449041527801587,17.773496428021332,17.992334981471274,873807.0,1655173465.4,20201207,18.91,1.0510031087945921,20230614,20230614,1.024369
000001.SZ,1d,2020-12-08,18.00184970118649,18.106511618053855,17.630775632293112,17.802040587166978,719648.0,1345951734.38,20201208,18.71,1.0510031087945921,20230614,20230614,1.024369
000001.SZ,1d,2020-12-09,17.878158344888696,18.125541057484284,17.773496428021332,17.802040587166978,677221.0,1277484440.94,20201209,18.71,1.0510031087945921,20230614,20230614,1.024369
000001.SZ,1d,2020-12-10,17.821070026597408,17.96379082232563,17.55465787457139,17.74495226887569,607867.0,1130916254.15,20201210,18.65,1.0510031087945921,20230614,20230614,1.024369
000001.SZ,1d,2020-12-11,17.802040587166974,17.88767306460391,17.33581932112145,17.621260912577895,887794.0,1642392314.27,20201211,18.52,1.0510031087945921,20230614,20230614,1.024369
000001.SZ,1d,2020-12-14,17.697378670299617,18.135055777199497,17.602231473147466,17.96379082232563,835992.0,1575396008.32,20201214,18.88,1.0510031087945921,20230614,20230614,1.024369
000001.SZ,1d,2020-12-15,17.887673064603913,17.93524666317999,17.26921628311495,17.830584746312624,788858.0,1458268620.75,20201215,18.740000000000002,1.0510031087945921,20230614,20230614,1.024369
000001.SZ,1d,2020-12-16,17.887673064603913,18.17311465606036,17.678349230869188,18.087482178623425,689070.0,1302133815.28,20201216,19.01,1.0510031087945921,20230614,20230614,1.024369
000001.SZ,1d,2020-12-17,17.992334981471274,18.144570496914714,17.697378670299617,18.030393860332136,686141.0,1294658299.27,20201217,18.950000000000003,1.0510031087945921,20230614,20230614,1.024369
000001.SZ,1d,2020-12-18,18.07796745890821,18.17311465606036,17.345334040836665,17.46902539713446,1058756.0,1959764074.98,20201218,18.36,1.0510031087945921,20230614,20230614,1.024369
000001.SZ,1d,2020-12-21,17.41193707884317,17.735437549160476,17.15503964653237,17.39290763941274,906878.0,1662649810.0500002,20201221,18.28,1.0510031087945921,20230614,20230614,1.024369
000001.SZ,1d,2020-12-22,17.46902539713446,17.74495226887569,17.012318850804146,17.031348290234575,1028738.0,1873638734.0600002,20201222,17.9,1.0510031087945921,20230614,20230614,1.024369
000001.SZ,1d,2020-12-23,17.088436608525864,17.19309852539323,16.92668637336721,17.126495487386723,750083.0,1345650736.09,20201223,18.0,1.0510031087945921,20230614,20230614,1.024369
000001.SZ,1d,2020-12-24,17.26921628311495,17.592716753432253,17.1740690859628,17.37387819998231,632950.0,1155767283.67,20201224,18.26,1.0510031087945921,20230614,20230614,1.024369
000001.SZ,1d,2020-12-25,17.37387819998231,17.37387819998231,16.936201093082428,17.164554366247582,577077.0,1038128197.3900001,20201225,18.04,1.0510031087945921,20230614,20230614,1.024369
000001.SZ,1d,2020-12-28,17.145524926817153,17.9447613828952,17.088436608525864,17.93524666317999,1270337.0,2352947321.9700003,20201228,18.85,1.0510031087945921,20230614,20230614,1.024369
000001.SZ,1d,2020-12-29,17.954276102610418,18.363409050364655,17.79252586745176,18.239717694066858,963092.0,1837947238.25,20201229,19.169999999999998,1.0510031087945921,20230614,20230614,1.024369
000001.SZ,1d,2020-12-30,18.07796745890821,18.268261853212504,17.81155530688219,18.268261853212504,978498.0,1854082812.28,20201230,19.2,1.0510031087945921,20230614,20230614,1.024369
000001.SZ,1d,2020-12-31,18.27777657292772,18.62982120239067,18.096996898338638,18.401467929225515,924503.0,1781736285.58,20201231,19.34,1.0510031087945921,20230614,20230614,1.024369
000001.SZ,1d,2021-01-04,18.17311465606036,18.17311465606036,17.545143154856177,17.697378670299617,1554216.0,2891682312.0499997,20210104,18.6,1.0510031087945921,20230614,20230614,1.024369
000001.SZ,1d,2021-01-05,17.507084275995318,17.583202033717036,16.936201093082428,17.288245722545376,1821352.0,3284606913.9100003,20210105,18.17,1.0510031087945921,20230614,20230614,1.024369
000001.SZ,1d,2021-01-06,17.20261324510844,18.61079176296024,17.126495487386723,18.61079176296024,1934945.0,3648521909.1000004,20210106,19.56,1.0510031087945921,20230614,20230614,1.024369
000001.SZ,1d,2021-01-07,18.57273288409938,19.010409990999264,18.29680601235815,18.934292233277546,1584185.0,3111274625.37,20210107,19.900000000000002,1.0510031087945921,20230614,20230614,1.024369
000001.SZ,1d,2021-01-08,18.934292233277542,19.124586627581838,18.37292377007987,18.88671863470147,1195473.0,2348316363.18,20210108,19.849999999999998,1.0510031087945921,20230614,20230614,1.024369
000001.SZ,1d,2021-01-11,19.029439430429694,19.638381492203443,19.029439430429694,19.390998779607855,1790457.0,3652546646.82,20210111,20.38,1.0510031087945921,20230614,20230614,1.024369
000001.SZ,1d,2021-01-12,19.400513499323072,19.98091140195118,19.20070438530356,19.98091140195118,1288166.0,2657687440.67,20210112,21.0,1.0510031087945921,20230614,20230614,1.024369
000001.SZ,1d,2021-01-13,19.980911401951182,19.990426121666395,19.41002821903829,19.695469810494735,1049120.0,2161849708.0400004,20210113,20.700000000000003,1.0510031087945921,20230614,20230614,1.024369
000001.SZ,1d,2021-01-14,19.676440371064302,19.876249485083815,18.981865831853618,19.191189665588343,1130156.0,2306404546.81,20210114,20.169999999999998,1.0510031087945921,20230614,20230614,1.024369
000001.SZ,1d,2021-01-15,19.98091140195118,20.88480977489659,19.80964644707731,19.98091140195118,2480689.0,5311218074.76,20210115,21.0,1.0510031087945921,20230614,20230614,1.024369
000001.SZ,1d,2021-01-18,20.171205796255474,21.67453151125942,20.171205796255474,21.598413753537702,2157302.0,4792909447.95,20210118,22.7,1.0510031087945921,20230614,20230614,1.024369
000001.SZ,1d,2021-01-19,21.41763407894862,21.73161982955071,20.979956972048736,21.255883843789967,1242088.0,2790056611.29,20210119,22.34,1.0510031087945921,20230614,20230614,1.024369
000001.SZ,1d,2021-01-20,21.075104169200888,21.855311185848503,21.04656001005524,21.379575200087764,1280793.0,2889249850.4500003,20210120,22.470000000000002,1.0510031087945921,20230614,20230614,1.024369
000001.SZ,1d,2021-01-21,21.408119359233407,21.69356095068985,21.075104169200888,21.151221926922606,944779.0,2114252731.64,20210121,22.23,1.0510031087945921,20230614,20230614,1.024369
000001.SZ,1d,2021-01-22,21.151221926922606,21.151221926922606,20.466162107427138,20.960927532618307,924434.0,2025834761.5400002,20210122,22.03,1.0510031087945921,20230614,20230614,1.024369
000001.SZ,1d,2021-01-25,20.665971221446647,21.503266556385555,20.390044349705416,21.39860463951819,1028365.0,2269032820.67,20210125,22.49,1.0510031087945921,20230614,20230614,1.024369
000001.SZ,1d,2021-01-26,21.217824964929108,22.188326375881022,21.217824964929108,21.284428002935613,1126721.0,2558575511.9700003,20210126,22.37,1.0510031087945921,20230614,20230614,1.024369
000001.SZ,1d,2021-01-27,21.22733968464432,22.331047171609242,21.22733968464432,21.959973102715864,1294153.0,2976800955.73,20210127,23.08,1.0510031087945921,20230614,20230614,1.024369
000001.SZ,1d,2021-01-28,21.674531511259417,22.055120299868015,21.36054576065733,21.703075670405063,857477.0,1948881146.95,20210128,22.81,1.0510031087945921,20230614,20230614,1.024369
000001.SZ,1d,2021-01-29,21.703075670405067,22.397650209615747,21.60792847325292,21.96948782243108,1240258.0,2864101419.33,20210129,23.09,1.0510031087945921,20230614,20230614,1.024369
000001.SZ,1d,2021-02-01,21.883855344994146,23.7772845683219,21.598413753537702,23.35863690085245,1475239.0,3529556986.77,20210201,24.55,1.0510031087945921,20230614,20230614,1.024369
000001.SZ,1d,2021-02-02,22.24541469417231,22.930474513667782,21.798222867557214,22.150267497020163,2416169.0,5679179941.74,20210202,23.28,1.0510031087945921,20230614,20230614,1.024369
000001.SZ,1d,2021-02-03,22.34056189132446,23.958064242910982,22.24541469417231,23.73922568946104,1923272.0,4690176486.28,20210203,24.95,1.0510031087945921,20230614,20230614,1.024369
000001.SZ,1d,2021-02-04,23.0065922713895,24.01515256120227,22.87338619537649,23.40621049942852,1255248.0,3084553750.95,20210204,24.599999999999998,1.0510031087945921,20230614,20230614,1.024369
000001.SZ,1d,2021-02-05,23.40621049942852,24.081755599208776,23.092224748826432,23.72019625003061,1015576.0,2517804159.63,20210205,24.93,1.0510031087945921,20230614,20230614,1.024369
000001.SZ,1d,2021-02-08,23.69165209088497,23.69165209088497,22.930474513667782,23.59650489373282,1084265.0,2650948251.3799996,20210208,24.8,1.0510031087945921,20230614,20230614,1.024369
000001.SZ,1d,2021-02-09,23.586990174017608,23.634563772593683,22.997077551674288,23.387181059998095,942094.0,2302978158.4,20210209,24.580000000000002,1.0510031087945921,20230614,20230614,1.024369
000001.SZ,1d,2021-02-10,23.40621049942852,23.748740409176257,22.24541469417231,22.664062361641765,1918867.0,4569741959.900001,20210210,23.82,1.0510031087945921,20230614,20230614,1.024369
000001.SZ,1d,2021-02-18,22.83532731651563,23.35863690085245,22.34056189132446,23.120768907972078,1505231.0,3619387651.7099996,20210218,24.3,1.0510031087945921,20230614,20230614,1.024369
000001.SZ,1d,2021-02-19,22.797268437654772,23.016106991104714,22.426194368761394,22.69260652078741,922583.0,2197558286.91,20210219,23.85,1.0510031087945921,20230614,20230614,1.024369
000001.SZ,1d,2021-02-22,22.645032922211335,22.645032922211335,21.17976608606825,21.29394272265083,1956842.0,4445818547.6,20210222,22.380000000000003,1.0510031087945921,20230614,20230614,1.024369
000001.SZ,1d,2021-02-23,21.293942722650826,21.579384314107273,20.761118418598794,20.86578033546616,1870460.0,4160776611.3100004,20210223,21.93,1.0510031087945921,20230614,20230614,1.024369
000001.SZ,1d,2021-02-24,21.18928080578346,21.198795525498674,20.513735706003207,21.0846188889161,1428500.0,3144209051.81,20210224,22.16,1.0510031087945921,20230614,20230614,1.024369
000001.SZ,1d,2021-02-25,21.312972162081255,21.465207677524692,20.627912342585788,21.018015850909595,1593403.0,3524600794.46,20210225,22.09,1.0510031087945921,20230614,20230614,1.024369
000001.SZ,1d,2021-02-26,20.55179458486407,20.894324494611805,20.18072051597069,20.342470751129344,1124977.0,2424653753.46,20210226,21.380000000000003,1.0510031087945921,20230614,20230614,1.024369
000001.SZ,1d,2021-03-01,20.494706266572777,20.627912342585788,20.152176356825045,20.409073789135846,1125387.0,2408050906.4,20210301,21.45,1.0510031087945921,20230614,20230614,1.024369
000001.SZ,1d,2021-03-02,20.5708240242945,21.075104169200888,20.228294114546767,20.599368183440145,1473425.0,3196536981.14,20210302,21.650000000000002,1.0510031087945921,20230614,20230614,1.024369
000001.SZ,1d,2021-03-03,20.53276514543364,21.959973102715868,20.418588508851062,21.893370064709362,1919635.0,4320024431.320001,20210303,23.01,1.0510031087945921,20230614,20230614,1.024369
000001.SZ,1d,2021-03-04,21.665016791544208,22.350076611039675,21.55084015496163,21.80773758727243,1213579.0,2799747146.4100003,20210304,22.92,1.0510031087945921,20230614,20230614,1.024369
000001.SZ,1d,2021-03-05,21.598413753537702,21.864825905563716,20.799177297459654,21.255883843789967,880171.0,1960439115.0400002,20210305,22.34,1.0510031087945921,20230614,20230614,1.024369
000001.SZ,1d,2021-03-08,21.351031040942118,21.58889903382249,20.437617948281492,20.55179458486407,993774.0,2189190957.56,20210308,21.6,1.0510031087945921,20230614,20230614,1.024369
000001.SZ,1d,2021-03-09,20.62791234258579,20.856265615750946,19.581293173912155,19.838190606222955,1361895.0,2882931927.56,20210309,20.85,1.0510031087945921,20230614,20230614,1.024369
000001.SZ,1d,2021-03-10,19.82867588650774,19.895278924514244,19.29585158245571,19.41002821903829,1149417.0,2356185003.94,20210310,20.400000000000002,1.0510031087945921,20230614,20230614,1.024369
000001.SZ,1d,2021-03-11,19.58129317391215,20.34247075112934,19.562263734481725,20.23780883426198,1048659.0,2213107787.13,20210311,21.27,1.0510031087945921,20230614,20230614,1.024369
000001.SZ,1d,2021-03-12,20.332956031414128,20.646941782016217,20.171205796255474,20.437617948281492,697201.0,1494219075.5,20210312,21.48,1.0510031087945921,20230614,20230614,1.024369
000001.SZ,1d,2021-03-15,20.36150019055977,21.04656001005524,20.08557331881854,20.551794584864066,958749.0,2077984893.9499998,20210315,21.599999999999998,1.0510031087945921,20230614,20230614,1.024369
000001.SZ,1d,2021-03-16,20.551794584864066,21.037045290340025,20.23780883426198,20.608882903155358,939684.0,2038470660.5300002,20210316,21.66,1.0510031087945921,20230614,20230614,1.024369
000001.SZ,1d,2021-03-17,20.40907378913585,20.504220986287994,19.88576420479903,20.171205796255478,821489.0,1738185857.1,20210317,21.200000000000003,1.0510031087945921,20230614,20230614,1.024369
000001.SZ,1d,2021-03-18,20.266352993407622,20.675485941161863,19.98091140195118,20.675485941161863,691610.0,1483801548.9800003,20210318,21.73,1.0510031087945921,20230614,20230614,1.024369
000001.SZ,1d,2021-03-19,20.485191546857568,20.599368183440145,19.381484059892642,19.476631257044794,1525622.0,3159181042.9600005,20210319,20.470000000000002,1.0510031087945921,20230614,20230614,1.024369
000001.SZ,1d,2021-03-22,19.552749014766512,20.504220986287994,19.533719575336082,20.504220986287994,1451190.0,3087549484.44,20210322,21.55,1.0510031087945921,20230614,20230614,1.024369
000001.SZ,1d,2021-03-23,20.523250425718423,20.599368183440145,19.94285252309032,20.19974995540112,682903.0,1448043613.41,20210323,21.23,1.0510031087945921,20230614,20230614,1.024369
000001.SZ,1d,2021-03-24,20.18072051597069,20.247323553977196,19.45760181761436,19.53371957533608,850085.0,1757688572.4800003,20210324,20.529999999999998,1.0510031087945921,20230614,20230614,1.024369
000001.SZ,1d,2021-03-25,19.581293173912155,19.819161166792526,19.41002821903829,19.74304340907081,492666.0,1017166048.68,20210325,20.750000000000004,1.0510031087945921,20230614,20230614,1.024369
000001.SZ,1d,2021-03-26,19.82867588650774,20.361500190559774,19.752558128786024,20.114117477964186,822108.0,1733412579.12,20210326,21.14,1.0510031087945921,20230614,20230614,1.024369
000001.SZ,1d,2021-03-29,20.247323553977193,20.59936818344014,20.171205796255474,20.447132667996705,785667.0,1684397866.28,20210329,21.49,1.0510031087945921,20230614,20230614,1.024369
000001.SZ,1d,2021-03-30,20.342470751129344,20.86578033546616,20.18072051597069,20.86578033546616,738655.0,1601238499.0600002,20210330,21.93,1.0510031087945921,20230614,20230614,1.024369
000001.SZ,1d,2021-03-31,20.713544820022722,20.998986411479166,20.55179458486407,20.941898093187877,777028.0,1699922183.9799998,20210331,22.01,1.0510031087945921,20230614,20230614,1.024369
000001.SZ,1d,2021-04-01,21.00850113119438,21.037045290340025,20.45664738771192,20.723059539737935,544449.0,1183868023.6599998,20210401,21.78,1.0510031087945921,20230614,20230614,1.024369
000001.SZ,1d,2021-04-02,20.646941782016217,20.675485941161863,20.32344131169891,20.45664738771192,581084.0,1249405387.16,20210402,21.5,1.0510031087945921,20230614,20230614,1.024369
000001.SZ,1d,2021-04-06,20.504220986287994,21.018015850909595,20.466162107427138,20.62791234258579,401103.0,873387016.62,20210406,21.680000000000003,1.0510031087945921,20230614,20230614,1.024369
000001.SZ,1d,2021-04-07,20.818206736890083,20.86578033546616,20.275867713122835,20.589853463724925,517605.0,1116774452.27,20210407,21.639999999999997,1.0510031087945921,20230614,20230614,1.024369
000001.SZ,1d,2021-04-08,20.418588508851062,20.675485941161863,20.29489715255327,20.51373570600321,383030.0,825170840.99,20210408,21.560000000000002,1.0510031087945921,20230614,20230614,1.024369
000001.SZ,1d,2021-04-09,20.656456501731434,20.66597122144665,20.057029159672897,20.266352993407622,398960.0,849870878.04,20210409,21.3,1.0510031087945921,20230614,20230614,1.024369
000001.SZ,1d,2021-04-12,20.466162107427134,20.466162107427134,19.628866772488227,19.695469810494732,594743.0,1240067319.93,20210412,20.7,1.0510031087945921,20230614,20230614,1.024369
000001.SZ,1d,2021-04-13,19.71449924992516,19.866734765368598,19.590807893627368,19.771587568216454,499904.0,1036992692.52,20210413,20.78,1.0510031087945921,20230614,20230614,1.024369
000001.SZ,1d,2021-04-14,19.78110228793167,19.92382308365989,19.429057658468718,19.66692565134909,537438.0,1113001541.55,20210414,20.67,1.0510031087945921,20230614,20230614,1.024369
000001.SZ,1d,2021-04-15,19.752558128786024,19.76207284850124,19.105557188151415,19.37196934017743,735865.0,1494016040.7500002,20210415,20.360000000000003,1.0510031087945921,20230614,20230614,1.024369
000001.SZ,1d,2021-04-16,19.371969340177426,19.43857237818393,18.84865975584061,19.276822143025278,729998.0,1466509057.44,20210416,20.259999999999998,1.0510031087945921,20230614,20230614,1.024369
000001.SZ,1d,2021-04-19,19.05798358957534,20.209264675116337,18.94380695299276,20.1236321976794,1112283.0,2304021478.31,20210419,21.15,1.0510031087945921,20230614,20230614,1.024369
000001.SZ,1d,2021-04-20,20.057029159672897,20.884809774896592,19.90479364422946,20.637427062301004,834773.0,1798249024.3,20210420,21.69,1.0510031087945921,20230614,20230614,1.024369
000001.SZ,1d,2021-04-21,21.217824964929108,22.06463501958323,21.20831024521389,21.89337006470936,1597100.0,3644577541.25,20210421,23.009999999999998,1.0510031087945921,20230614,20230614,1.024369
000001.SZ,1d,2021-04-22,22.064635019583232,22.102693898444087,21.67453151125942,21.864825905563716,829694.0,1905208911.5900002,20210422,22.98,1.0510031087945921,20230614,20230614,1.024369
000001.SZ,1d,2021-04-23,22.188326375881022,22.502312126483112,21.95045838300065,22.159782216735376,823230.0,1920413502.35,20210423,23.29,1.0510031087945921,20230614,20230614,1.024369
000001.SZ,1d,2021-04-26,22.71163596021784,23.054165869965576,21.788708147842,21.82676702670286,872418.0,2037109597.0100002,20210426,22.94,1.0510031087945921,20230614,20230614,1.024369
000001.SZ,1d,2021-04-27,21.836281746418074,22.06463501958323,21.75064926898114,21.826767026702857,470431.0,1083043579.27,20210427,22.939999999999998,1.0510031087945921,20230614,20230614,1.024369
000001.SZ,1d,2021-04-28,22.15978221673538,22.312017732178816,21.67453151125942,22.21687053502667,593838.0,1375141409.72,20210428,23.35,1.0510031087945921,20230614,20230614,1.024369
000001.SZ,1d,2021-04-29,22.207355815311452,22.5594004447744,21.98851726186151,22.445223808191823,614837.0,1439823965.34,20210429,23.59,1.0510031087945921,20230614,20230614,1.024369
000001.SZ,1d,2021-04-30,22.21687053502667,22.350076611039675,21.893370064709362,22.15978221673538,561981.0,1308177202.7800002,20210430,23.290000000000003,1.0510031087945921,20230614,20230614,1.024369
000001.SZ,1d,2021-05-06,21.979002542146297,22.549885725059188,21.979002542146297,22.35959133075489,500295.0,1174181608.06,20210506,23.5,1.0510031087945921,20230614,20230614,1.024369
000001.SZ,1d,2021-05-07,22.521341565913545,23.120768907972078,22.254929413887528,22.882900915091707,802214.0,1929112374.46,20210507,24.05,1.0510031087945921,20230614,20230614,1.024369
000001.SZ,1d,2021-05-10,22.83532731651563,22.87338619537649,21.902884784424575,22.702121240502624,661439.0,1566860764.0900002,20210510,23.86,1.0510031087945921,20230614,20230614,1.024369
000001.SZ,1d,2021-05-11,22.473767967337466,22.59745932363526,21.940943663285434,22.38813548990053,497223.0,1161846399.0600002,20210511,23.529999999999998,1.0510031087945921,20230614,20230614,1.024369
000001.SZ,1d,2021-05-12,22.159782216735376,22.4927974067679,21.76967870841157,22.407164929330964,533265.0,1245517716.8700001,20210512,23.55,1.0510031087945921,20230614,20230614,1.024369
000001.SZ,1d,2021-05-13,22.378620770185318,22.445223808191823,21.73161982955071,21.95045838300065,549653.0,1271946298.62,20210513,23.07,1.0510031087945921,20230614,20230614,1.024369
000001.SZ,1d,2021-05-14,22.190181574960533,22.468278059694264,21.67234674131841,22.36279318617457,563785.0,1300250943.6000001,20210514,23.32,1.042803544524,20230614,20230614,1.024369
000001.SZ,1d,2021-05-17,22.199771108916867,22.84226988399135,22.007980429790155,22.631300136951968,527565.0,1241605192.3400002,20210517,23.599999999999998,1.042803544524,20230614,20230614,1.024369
000001.SZ,1d,2021-05-18,22.87103848586036,23.120366368725087,22.43950945782526,22.91898615564204,395415.0,939786731.9499999,20210518,23.900000000000002,1.042803544524,20230614,20230614,1.024369
000001.SZ,1d,2021-05-19,22.84226988399135,23.139545436637754,22.554583865301282,22.631300136951968,429420.0,1022553739.18,20210519,23.599999999999998,1.042803544524,20230614,20230614,1.024369
000001.SZ,1d,2021-05-20,22.449098991781593,22.861448951904023,22.314845516392893,22.84226988399135,405788.0,957478853.76,20210520,23.82,1.042803544524,20230614,20230614,1.024369
000001.SZ,1d,2021-05-21,22.899807087729368,23.101187300812413,22.08469670144084,22.52581526343228,539336.0,1263058114.62,20210521,23.490000000000002,1.042803544524,20230614,20230614,1.024369
000001.SZ,1d,2021-05-24,22.51622572947594,22.63130013695197,22.23812924474221,22.51622572947594,343936.0,806092207.23,20210524,23.48,1.042803544524,20230614,20230614,1.024369
000001.SZ,1d,2021-05-25,22.573762933213953,23.714917474017888,22.487457127606934,23.590253532585525,972375.0,2363145902.7,20210525,24.599999999999998,1.042803544524,20230614,20230614,1.024369
000001.SZ,1d,2021-05-26,23.62861166841087,24.088909298314977,23.49435819302217,23.983424424795285,919264.0,2286540248.86,20210526,25.01,1.042803544524,20230614,20230614,1.024369
000001.SZ,1d,2021-05-27,23.88752908523193,24.127267434140318,23.51353726093484,23.772454677755903,504091.0,1246712048.75,20210527,24.79,1.042803544524,20230614,20230614,1.024369
000001.SZ,1d,2021-05-28,23.66696980423621,23.695738406105217,23.16831403850676,23.49435819302217,492401.0,1200523315.7,20210528,24.5,1.042803544524,20230614,20230614,1.024369
000001.SZ,1d,2021-05-31,23.33133611576447,23.523126794891176,22.92857568959837,23.206672174332102,515351.0,1244209045.99,20210531,24.2,1.042803544524,20230614,20230614,1.024369
000001.SZ,1d,2021-06-01,23.206672174332102,23.25461984411378,22.535404797388612,22.93816522355471,625018.0,1490476624.5600002,20210601,23.92,1.042803544524,20230614,20230614,1.024369
000001.SZ,1d,2021-06-02,22.9093966216857,22.938165223554705,22.420330389912586,22.9093966216857,497527.0,1176608126.9900002,20210602,23.89,1.042803544524,20230614,20230614,1.024369
000001.SZ,1d,2021-06-03,22.746374544427994,23.14913497059409,22.708016408602653,22.79432221420967,400901.0,958876472.45,20210603,23.77,1.042803544524,20230614,20230614,1.024369
000001.SZ,1d,2021-06-04,23.005291961249057,23.935476755013607,22.82309081607868,23.532716328847513,756739.0,1851425837.6100001,20210604,24.54,1.042803544524,20230614,20230614,1.024369
000001.SZ,1d,2021-06-07,23.4751791251095,23.4751791251095,22.947754757511042,23.30256751389546,447914.0,1081738832.95,20210607,24.3,1.042803544524,20230614,20230614,1.024369
000001.SZ,1d,2021-06-08,23.158724504550424,23.56148493071652,22.966933825423713,23.523126794891176,570078.0,1384120301.27,20210608,24.529999999999998,1.042803544524,20230614,20230614,1.024369
000001.SZ,1d,2021-06-09,23.42723145532782,23.85876048336292,23.18749310641943,23.638201202367203,453832.0,1116771375.46,20210609,24.65,1.042803544524,20230614,20230614,1.024369
000001.SZ,1d,2021-06-10,23.647790736323543,24.031372094576966,23.158724504550428,23.206672174332105,530215.0,1294972566.6500003,20210610,24.200000000000003,1.042803544524,20230614,20230614,1.024369
000001.SZ,1d,2021-06-11,23.312157047851798,23.35051518367714,22.171002507047863,22.410740855956252,834665.0,1965393115.4999998,20210611,23.37,1.042803544524,20230614,20230614,1.024369
000001.SZ,1d,2021-06-15,22.391561788043578,22.468278059694264,21.86413742044512,22.26689784661122,660623.0,1524503477.67,20210615,23.220000000000002,1.042803544524,20230614,20230614,1.024369
000001.SZ,1d,2021-06-16,22.26689784661122,22.43950945782526,22.06551763352817,22.30525598243656,378208.0,878470834.12,20210616,23.26,1.042803544524,20230614,20230614,1.024369
000001.SZ,1d,2021-06-17,22.075107167484504,22.71760594255899,22.075107167484504,22.151823439135185,453282.0,1059121804.3299999,20210617,23.099999999999998,1.042803544524,20230614,20230614,1.024369
000001.SZ,1d,2021-06-18,22.180592041004196,22.32443505034923,21.470966528235362,21.72029441110009,694099.0,1574437729.5800002,20210618,22.650000000000002,1.042803544524,20230614,20230614,1.024369
000001.SZ,1d,2021-06-21,21.67234674131841,21.739473479012762,21.106564237894613,21.250407247239643,718273.0,1600119859.9500003,20210621,22.16,1.042803544524,20230614,20230614,1.024369
000001.SZ,1d,2021-06-22,21.461376994279025,22.142233905178852,21.336713052846665,22.027159497702826,757751.0,1720058046.82,20210622,22.97,1.042803544524,20230614,20230614,1.024369
000001.SZ,1d,2021-06-23,21.912085090226796,22.449098991781593,21.787421148794436,22.190181574960533,447908.0,1035835695.88,20210623,23.14,1.042803544524,20230614,20230614,1.024369
000001.SZ,1d,2021-06-24,22.08469670144084,22.171002507047863,21.749063012969096,22.132644371222515,390283.0,894502108.5799999,20210624,23.08,1.042803544524,20230614,20230614,1.024369
000001.SZ,1d,2021-06-25,22.132644371222515,22.631300136951968,22.113465303309845,22.401151321999915,559973.0,1310287389.9,20210625,23.36,1.042803544524,20230614,20230614,1.024369
000001.SZ,1d,2021-06-28,22.401151321999915,22.429919923868923,21.557272333842384,21.84495835253245,626257.0,1425702202.01,20210628,22.78,1.042803544524,20230614,20230614,1.024369
000001.SZ,1d,2021-06-29,21.653167673405736,21.854547886488785,21.096974703938276,21.423018858453684,1049749.0,2341926371.42,20210629,22.34,1.042803544524,20230614,20230614,1.024369
000001.SZ,1d,2021-06-30,21.442197926366358,21.988801361877485,21.43260839241002,21.69152580923108,403435.0,913285187.0999999,20210630,22.62,1.042803544524,20230614,20230614,1.024369
000001.SZ,1d,2021-07-01,21.873726954401455,22.535404797388612,21.595630469667725,22.247718778698545,664833.0,1530548798.57,20210701,23.2,1.042803544524,20230614,20230614,1.024369
000001.SZ,1d,2021-07-02,21.78742114879444,21.80660021670711,20.866825888986224,20.9147735587679,1070678.0,2360189793.98,20210702,21.810000000000002,1.042803544524,20230614,20230614,1.024369
000001.SZ,1d,2021-07-05,20.799699151291872,21.240817713283306,20.224327113911738,21.154511907676287,859341.0,1859394323.75,20210705,22.06,1.042803544524,20230614,20230614,1.024369
000001.SZ,1d,2021-07-06,21.17369097558896,22.055928099571833,20.953131694593242,21.84495835253245,791957.0,1784792785.5700002,20210706,22.78,1.042803544524,20230614,20230614,1.024369
000001.SZ,1d,2021-07-07,21.749063012969096,22.10387576935351,21.576451401755055,21.624399071536732,468945.0,1063910095.8299999,20210707,22.55,1.042803544524,20230614,20230614,1.024369
000001.SZ,1d,2021-07-08,21.84495835253245,21.84495835253245,20.329811987431427,20.62708754007783,1457059.0,3140657439.76,20210708,21.509999999999998,1.042803544524,20230614,20230614,1.024369
000001.SZ,1d,2021-07-09,20.425707326994786,20.742161947553857,20.15720037621739,20.39693872512578,762365.0,1625461607.71,20210709,21.27,1.042803544524,20230614,20230614,1.024369
000001.SZ,1d,2021-07-12,20.617498006121497,20.617498006121497,20.032536434785026,20.291453851606086,877901.0,1859059510.48,20210712,21.16,1.042803544524,20230614,20230614,1.024369
000001.SZ,1d,2021-07-13,20.28186431764975,20.464065462820127,19.69690274631328,20.25309571578074,657614.0,1382029130.1100001,20210713,21.119999999999997,1.042803544524,20230614,20230614,1.024369
000001.SZ,1d,2021-07-14,20.13802130830472,20.13802130830472,19.572238804880918,19.907872493352667,847951.0,1755810875.16,20210714,20.76,1.042803544524,20230614,20230614,1.024369
000001.SZ,1d,2021-07-15,19.86951435752732,20.82846775316088,19.7832085519203,20.73257241359752,956003.0,2040266258.5900002,20210715,21.619999999999997,1.042803544524,20230614,20230614,1.024369
000001.SZ,1d,2021-07-16,20.531192200514475,20.924363092724235,20.425707326994786,20.464065462820127,573003.0,1230180813.02,20210716,21.34,1.042803544524,20230614,20230614,1.024369
000001.SZ,1d,2021-07-19,20.483244530732797,20.550371268427146,19.927051561265337,20.339401521387764,522136.0,1098434741.86,20210719,21.21,1.042803544524,20230614,20230614,1.024369
000001.SZ,1d,2021-07-20,20.23391664786807,20.329811987431427,19.62977600861893,19.754439950051292,804034.0,1665315545.53,20210720,20.599999999999998,1.042803544524,20230614,20230614,1.024369
000001.SZ,1d,2021-07-21,19.735260882138622,19.946230629178007,19.37085859179787,19.61059694070626,753077.0,1535327561.83,20210721,20.45,1.042803544524,20230614,20230614,1.024369
000001.SZ,1d,2021-07-22,19.610596940706262,19.81197715378931,19.409216727623214,19.543470203011914,868648.0,1773999331.02,20210722,20.380000000000003,1.042803544524,20230614,20230614,1.024369
000001.SZ,1d,2021-07-23,19.54347020301191,19.54347020301191,19.179067912671158,19.274963252234517,727404.0,1461467511.7900002,20210723,20.1,1.042803544524,20230614,20230614,1.024369
000001.SZ,1d,2021-07-26,19.140709776845817,19.16947837871482,17.673511081526474,18.02832383791089,1451304.0,2770236696.2900004,20210726,18.8,1.042803544524,20230614,20230614,1.024369
000001.SZ,1d,2021-07-27,18.09545057560524,18.210524983081267,16.87757976315062,17.03101230645199,1357551.0,2461708369.8399997,20210727,17.76,1.042803544524,20230614,20230614,1.024369
000001.SZ,1d,2021-07-28,17.11731811205901,17.328287859098392,16.954296034801306,17.021422772495654,1062994.0,1898562591.76,20210728,17.75,1.042803544524,20230614,20230614,1.024369
000001.SZ,1d,2021-07-29,17.174855315797025,17.4913099363561,17.050191374364662,17.222802985578703,872378.0,1566107824.4,20210729,17.96,1.042803544524,20230614,20230614,1.024369
000001.SZ,1d,2021-07-30,17.184444849753362,17.30910879118572,16.532356540722542,16.963885568757643,950156.0,1679747318.2799997,20210730,17.69,1.042803544524,20230614,20230614,1.024369
000001.SZ,1d,2021-08-02,16.91593789897596,17.395414596792744,16.474819336984524,17.270750655360377,1159923.0,2056014242.9099998,20210802,18.009999999999998,1.042803544524,20230614,20230614,1.024369
000001.SZ,1d,2021-08-03,17.251571587447707,17.405004130749077,16.935116966888636,17.15567624788435,896949.0,1609422575.43,20210803,17.89,1.042803544524,20230614,20230614,1.024369
000001.SZ,1d,2021-08-04,17.299519257229388,17.328287859098392,16.87757976315062,17.07895997623367,729620.0,1300164293.35,20210804,17.810000000000002,1.042803544524,20230614,20230614,1.024369
000001.SZ,1d,2021-08-05,16.97347510271398,17.30910879118572,16.85840069523795,16.95429603480131,621574.0,1104903004.6999998,20210805,17.680000000000003,1.042803544524,20230614,20230614,1.024369
000001.SZ,1d,2021-08-06,16.829632093368943,17.165265781840688,16.733736753805587,17.126907646015344,567454.0,1005870948.8,20210806,17.86,1.042803544524,20230614,20230614,1.024369
000001.SZ,1d,2021-08-09,17.174855315797025,18.45985286594599,17.107728578102673,18.277651720775612,1752798.0,3313803230.96,20210809,19.06,1.042803544524,20230614,20230614,1.024369
000001.SZ,1d,2021-08-10,18.306420322644623,19.15988884475849,18.12421917747425,18.920150495850102,1301988.0,2535427989.3100004,20210810,19.730000000000004,1.042803544524,20230614,20230614,1.024369
000001.SZ,1d,2021-08-11,19.16947837871482,19.735260882138622,18.89138189398109,18.996866767500784,1048308.0,2104975144.53,20210811,19.81,1.042803544524,20230614,20230614,1.024369
000001.SZ,1d,2021-08-12,18.97768769958811,19.46675393136123,18.824255156286743,19.07358303915147,666458.0,1330388046.16,20210812,19.89,1.042803544524,20230614,20230614,1.024369
000001.SZ,1d,2021-08-13,18.968098165631776,19.102351641020476,18.69959121485438,19.07358303915147,562885.0,1110191399.0,20210813,19.89,1.042803544524,20230614,20230614,1.024369
000001.SZ,1d,2021-08-16,19.26537371827818,19.37085859179787,18.76671795254873,19.13112024288948,627050.0,1247681171.0,20210816,19.95,1.042803544524,20230614,20230614,1.024369
000001.SZ,1d,2021-08-17,19.035224903326124,19.39003765971054,18.805076088374072,18.862613292112083,476022.0,947385521.39,20210817,19.669999999999998,1.042803544524,20230614,20230614,1.024369
000001.SZ,1d,2021-08-18,18.862613292112087,20.329811987431427,18.747538884636057,19.773619017963966,1332732.0,2732213549.09,20210818,20.62,1.042803544524,20230614,20230614,1.024369
000001.SZ,1d,2021-08-19,19.639365542575266,19.773619017963966,19.19824698058383,19.50511206718657,649976.0,1315320351.8400002,20210819,20.34,1.042803544524,20230614,20230614,1.024369
000001.SZ,1d,2021-08-20,19.15029931080215,19.24619465036551,17.932428498347534,18.622874943203694,1614628.0,3119152554.9300003,20210820,19.419999999999998,1.042803544524,20230614,20230614,1.024369
000001.SZ,1d,2021-08-23,18.69959121485438,19.22701558245284,18.325599390557294,18.507800535727668,1191849.0,2315871646.1299996,20210823,19.3,1.042803544524,20230614,20230614,1.024369
000001.SZ,1d,2021-08-24,18.55574820550935,19.150299310802154,18.42149473012065,18.565337739465683,868953.0,1690760837.07,20210824,19.36,1.042803544524,20230614,20230614,1.024369
000001.SZ,1d,2021-08-25,18.622874943203694,18.670822612985372,18.172166847255923,18.37354706033897,698084.0,1341330418.51,20210825,19.16,1.042803544524,20230614,20230614,1.024369
000001.SZ,1d,2021-08-26,18.411905196164312,18.469442399902327,17.654332013613804,17.70227968339548,951619.0,1783725035.2600002,20210826,18.46,1.042803544524,20230614,20230614,1.024369
000001.SZ,1d,2021-08-27,17.798175022958834,18.105040109561575,17.558436674050444,17.63515294570113,728820.0,1354408976.91,20210827,18.389999999999997,1.042803544524,20230614,20230614,1.024369
000001.SZ,1d,2021-08-30,17.462541334487092,17.539257606137774,16.829632093368943,16.99265417062665,1252211.0,2221855858.7,20210830,17.720000000000002,1.042803544524,20230614,20230614,1.024369
000001.SZ,1d,2021-08-31,16.992654170626647,17.194034383709695,16.599483278416887,17.06937044227733,1174868.0,2072006842.05,20210831,17.799999999999997,1.042803544524,20230614,20230614,1.024369
000001.SZ,1d,2021-09-01,16.762505355674595,17.184444849753362,16.311797259726823,17.146086713928018,2316894.0,4046284162.5199995,20210901,17.880000000000003,1.042803544524,20230614,20230614,1.024369
000001.SZ,1d,2021-09-02,17.261161121404044,18.00914476999822,17.069370442277332,17.64474247965747,2422604.0,4454545280.06,20210902,18.400000000000002,1.042803544524,20230614,20230614,1.024369
000001.SZ,1d,2021-09-03,17.740637819220822,17.740637819220822,16.973475102713977,17.299519257229385,1394819.0,2523273155.42,20210903,18.04,1.042803544524,20230614,20230614,1.024369
000001.SZ,1d,2021-09-06,17.194034383709695,17.836533158784178,17.050191374364662,17.692690149439148,1515226.0,2780281080.51,20210906,18.450000000000003,1.042803544524,20230614,20230614,1.024369
000001.SZ,1d,2021-09-07,17.836533158784178,18.757128418592394,17.59679480987579,18.450263331989657,1622344.0,3067365668.7200003,20210907,19.240000000000002,1.042803544524,20230614,20230614,1.024369
000001.SZ,1d,2021-09-08,18.450263331989657,18.747538884636057,18.31600985660096,18.44067379803332,1026201.0,1979771479.65,20210908,19.23,1.042803544524,20230614,20230614,1.024369
000001.SZ,1d,2021-09-09,18.325599390557294,18.363957526382638,18.02832383791089,18.2201145170376,739506.0,1399536020.5,20210909,19.0,1.042803544524,20230614,20230614,1.024369
000001.SZ,1d,2021-09-10,18.11462964351791,19.917462027309,18.06668197373623,19.72567134818229,2314945.0,4668361827.72,20210910,20.57,1.042803544524,20230614,20230614,1.024369
000001.SZ,1d,2021-09-13,19.52429113509924,19.668134144444274,18.996866767500784,19.380448125754203,1297228.0,2606152378.88,20210913,20.209999999999997,1.042803544524,20230614,20230614,1.024369
000001.SZ,1d,2021-09-14,19.3516795238852,19.43798532949222,18.47903193385866,18.57492727342202,1158173.0,2272080156.85,20210914,19.37,1.042803544524,20230614,20230614,1.024369
000001.SZ,1d,2021-09-15,18.517390069684005,20.128431774348385,18.40231566220798,18.71877028276705,841618.0,1639298361.44,20210915,19.52,1.042803544524,20230614,20230614,1.024369
000001.SZ,1d,2021-09-16,18.507800535727668,18.69959121485438,17.96119710021654,18.296830788688286,1176954.0,2234474948.1600003,20210916,19.080000000000002,1.042803544524,20230614,20230614,1.024369
000001.SZ,1d,2021-09-17,18.124219177474245,18.2201145170376,17.654332013613804,17.76940642108983,1124880.0,2098715196.6000001,20210917,18.53,1.042803544524,20230614,20230614,1.024369
000001.SZ,1d,2021-09-22,17.13649717997168,17.30910879118572,16.70496815193658,17.241982053491373,1473365.0,2616707242.58,20210922,17.98,1.042803544524,20230614,20230614,1.024369
000001.SZ,1d,2021-09-23,17.3570564609674,17.568026208006785,16.9255274329323,16.95429603480131,1379838.0,2465683704.6800003,20210923,17.680000000000003,1.042803544524,20230614,20230614,1.024369
000001.SZ,1d,2021-09-24,16.87757976315062,16.954296034801306,16.628251880285895,16.63784141424223,1265696.0,2209461934.4100003,20210924,17.35,1.042803544524,20230614,20230614,1.024369
000001.SZ,1d,2021-09-27,16.50358793885353,16.954296034801306,16.359744929508498,16.848811161281613,1140668.0,1979196739.27,20210927,17.57,1.042803544524,20230614,20230614,1.024369
000001.SZ,1d,2021-09-28,16.752915821718258,17.424183198661748,16.733736753805587,17.232392519535036,1293167.0,2311265535.64,20210928,17.97,1.042803544524,20230614,20230614,1.024369
000001.SZ,1d,2021-09-29,17.126907646015344,17.68310061548281,16.983064636670314,17.40500413074908,1230122.0,2225416488.1400003,20210929,18.150000000000002,1.042803544524,20230614,20230614,1.024369
000001.SZ,1d,2021-09-30,17.347466927011062,17.452951800530755,16.983064636670314,17.194034383709695,795611.0,1424675916.8600001,20210930,17.93,1.042803544524,20230614,20230614,1.024369
000001.SZ,1d,2021-10-08,17.424183198661748,18.11462964351791,17.280340189316714,17.874891294609522,1159201.0,2146983881.5400002,20211008,18.64,1.042803544524,20230614,20230614,1.024369
000001.SZ,1d,2021-10-11,18.2201145170376,18.929740029806432,18.2201145170376,18.603695875291024,1455338.0,2829310843.75,20211011,19.4,1.042803544524,20230614,20230614,1.024369
000001.SZ,1d,2021-10-12,18.507800535727668,18.900971427937428,18.411905196164312,18.555748205509346,1031232.0,2004823967.61,20211012,19.349999999999998,1.042803544524,20230614,20230614,1.024369
000001.SZ,1d,2021-10-13,18.507800535727668,19.09276210706414,18.38313659429531,18.77630748650507,807897.0,1577612469.53,20211013,19.580000000000002,1.042803544524,20230614,20230614,1.024369
000001.SZ,1d,2021-10-14,18.7858970204614,19.102351641020476,18.11462964351791,18.42149473012065,842990.0,1623970431.3999999,20211014,19.21,1.042803544524,20230614,20230614,1.024369
000001.SZ,1d,2021-10-15,18.2201145170376,19.083172573107802,18.2201145170376,18.85302375815575,993494.0,1948647236.8100002,20211015,19.66,1.042803544524,20230614,20230614,1.024369
000001.SZ,1d,2021-10-18,18.651643545072705,18.747538884636057,18.31600985660096,18.498211001771335,729623.0,1408737777.28,20211018,19.290000000000003,1.042803544524,20230614,20230614,1.024369
000001.SZ,1d,2021-10-19,18.363957526382638,18.872202826068424,18.363957526382638,18.766717952548735,682415.0,1330501301.75,20211019,19.570000000000004,1.042803544524,20230614,20230614,1.024369
000001.SZ,1d,2021-10-20,18.93932956376277,18.968098165631776,18.40231566220798,18.450263331989657,662956.0,1283356219.4900002,20211020,19.240000000000002,1.042803544524,20230614,20230614,1.024369
000001.SZ,1d,2021-10-21,18.71877028276705,19.236605116409173,18.45985286594599,19.179067912671158,1621661.0,3198266215.28,20211021,20.0,1.042803544524,20230614,20230614,1.024369
000001.SZ,1d,2021-10-22,19.33250045597253,19.74485041609496,18.98727723354445,19.217426048496502,1134964.0,2287284921.47,20211022,20.04,1.042803544524,20230614,20230614,1.024369
000001.SZ,1d,2021-10-25,18.900971427937428,19.37085859179787,18.69959121485438,19.294142320147188,730828.0,1458800089.77,20211025,20.12,1.042803544524,20230614,20230614,1.024369
000001.SZ,1d,2021-10-26,19.236605116409173,19.61059694070626,19.04481443728246,19.22701558245284,652807.0,1313475882.79,20211026,20.05,1.042803544524,20230614,20230614,1.024369
000001.SZ,1d,2021-10-27,19.179067912671158,19.342089989928862,18.7858970204614,19.102351641020473,687600.0,1365982833.66,20211027,19.919999999999998,1.042803544524,20230614,20230614,1.024369
000001.SZ,1d,2021-10-28,18.98727723354445,19.121530708933147,18.57492727342202,18.910560961893765,619011.0,1211946109.14,20211028,19.720000000000002,1.042803544524,20230614,20230614,1.024369
000001.SZ,1d,2021-10-29,18.824255156286743,18.929740029806435,18.526979603640342,18.69959121485438,539930.0,1052760273.1700001,20211029,19.5,1.042803544524,20230614,20230614,1.024369
000001.SZ,1d,2021-11-01,18.53656913759668,18.9201504958501,18.229704050993938,18.59410634133469,841490.0,1626762029.8,20211101,19.39,1.042803544524,20230614,20230614,1.024369
000001.SZ,1d,2021-11-02,18.57492727342202,18.690001680898046,17.25157158744771,17.43377273261809,1997691.0,3691356324.29,20211102,18.180000000000003,1.042803544524,20230614,20230614,1.024369
000001.SZ,1d,2021-11-03,17.3570564609674,17.4913099363561,17.11731811205901,17.28992972327305,1114972.0,2009325065.9299998,20211103,18.03,1.042803544524,20230614,20230614,1.024369
000001.SZ,1d,2021-11-04,17.33787739305473,17.3570564609674,17.069370442277332,17.13649717997168,983411.0,1760671898.39,20211104,17.87,1.042803544524,20230614,20230614,1.024369
000001.SZ,1d,2021-11-05,17.11731811205901,17.261161121404044,16.848811161281613,16.91593789897596,1096040.0,1942415605.07,20211105,17.64,1.042803544524,20230614,20230614,1.024369
000001.SZ,1d,2021-11-08,16.89675883106329,17.078959976233666,16.647430948198565,16.70496815193658,1376815.0,2406417771.9100003,20211108,17.419999999999998,1.042803544524,20230614,20230614,1.024369
000001.SZ,1d,2021-11-09,16.762505355674595,16.9255274329323,16.551535608635213,16.810453025456273,1240573.0,2163193119.31,20211109,17.53,1.042803544524,20230614,20230614,1.024369
000001.SZ,1d,2021-11-10,16.743326287761924,16.752915821718258,16.455640269071854,16.685789084023906,1220851.0,2109735147.17,20211110,17.4,1.042803544524,20230614,20230614,1.024369
000001.SZ,1d,2021-11-11,16.63784141424223,17.673511081526474,16.609072812373224,17.59679480987579,2084729.0,3752413858.84,20211111,18.35,1.042803544524,20230614,20230614,1.024369
000001.SZ,1d,2021-11-12,17.558436674050444,17.865301760653185,17.366645994923733,17.520078538225103,957546.0,1753072716.42,20211112,18.27,1.042803544524,20230614,20230614,1.024369
000001.SZ,1d,2021-11-15,17.596794809875785,17.865301760653185,17.452951800530755,17.673511081526474,655090.0,1203764095.71,20211115,18.43,1.042803544524,20230614,20230614,1.024369
000001.SZ,1d,2021-11-16,17.606384343832126,17.778995955046167,17.42418319866175,17.47213086844343,601110.0,1099113409.38,20211116,18.220000000000002,1.042803544524,20230614,20230614,1.024369
000001.SZ,1d,2021-11-17,17.40500413074908,17.54884714009411,17.241982053491373,17.366645994923733,664640.0,1203859180.01,20211117,18.11,1.042803544524,20230614,20230614,1.024369
000001.SZ,1d,2021-11-18,17.347466927011062,17.37623552888007,17.002243704582984,17.069370442277332,799844.0,1430058311.95,20211118,17.8,1.042803544524,20230614,20230614,1.024369
000001.SZ,1d,2021-11-19,17.069370442277332,17.491309936356096,16.973475102713977,17.405004130749077,786372.0,1414506380.3700001,20211119,18.15,1.042803544524,20230614,20230614,1.024369
000001.SZ,1d,2021-11-22,17.28992972327305,17.500899470312437,17.165265781840688,17.37623552888007,738618.0,1337768172.45,20211122,18.12,1.042803544524,20230614,20230614,1.024369
000001.SZ,1d,2021-11-23,17.366645994923733,17.59679480987579,16.954296034801306,17.146086713928014,1235978.0,2213817590.5600004,20211123,17.88,1.042803544524,20230614,20230614,1.024369
000001.SZ,1d,2021-11-24,17.040601840408325,17.213213451622366,16.935116966888636,17.13649717997168,741311.0,1316774397.9600003,20211124,17.87,1.042803544524,20230614,20230614,1.024369
000001.SZ,1d,2021-11-25,17.011833238539317,17.059780908320995,16.906348365019625,16.954296034801306,603533.0,1068221304.51,20211125,17.68,1.042803544524,20230614,20230614,1.024369
000001.SZ,1d,2021-11-26,16.89675883106329,16.94470650084497,16.800863491499936,16.858400695237947,694500.0,1219937312.76,20211126,17.58,1.042803544524,20230614,20230614,1.024369
000001.SZ,1d,2021-11-29,16.695378617980243,16.848811161281613,16.647430948198565,16.7912739575436,512595.0,895105981.97,20211129,17.509999999999998,1.042803544524,20230614,20230614,1.024369
000001.SZ,1d,2021-11-30,16.82004255941261,16.954296034801306,16.63784141424223,16.724147219849254,733616.0,1280384552.25,20211130,17.44,1.042803544524,20230614,20230614,1.024369
000001.SZ,1d,2021-12-01,16.714557685892917,17.040601840408325,16.657020482154902,16.91593789897596,706925.0,1243666842.2,20211201,17.64,1.042803544524,20230614,20230614,1.024369
000001.SZ,1d,2021-12-02,16.89675883106329,17.07895997623367,16.657020482154902,16.867990229194284,994798.0,1749164558.4199998,20211202,17.59,1.042803544524,20230614,20230614,1.024369
000001.SZ,1d,2021-12-03,16.91593789897596,16.973475102713977,16.695378617980243,16.925527432932295,707600.0,1242375057.32,20211203,17.65,1.042803544524,20230614,20230614,1.024369
000001.SZ,1d,2021-12-06,17.11731811205901,17.798175022958837,17.069370442277332,17.3570564609674,2145625.0,3896385171.79,20211206,18.1,1.042803544524,20230614,20230614,1.024369
000001.SZ,1d,2021-12-07,17.54884714009411,17.90365989647853,17.40500413074908,17.70227968339548,1616444.0,2979968976.77,20211207,18.46,1.042803544524,20230614,20230614,1.024369
000001.SZ,1d,2021-12-08,17.692690149439144,17.7885854890025,17.414593664705414,17.711869217351815,980281.0,1798691052.86,20211208,18.47,1.042803544524,20230614,20230614,1.024369
000001.SZ,1d,2021-12-09,17.73104828526449,18.277651720775616,17.61597387778846,17.932428498347534,1455887.0,2726663443.3,20211209,18.7,1.042803544524,20230614,20230614,1.024369
000001.SZ,1d,2021-12-10,17.750227353177156,17.932428498347534,17.520078538225103,17.625563411744796,989255.0,1824076523.0400002,20211210,18.38,1.042803544524,20230614,20230614,1.024369
000001.SZ,1d,2021-12-13,17.711869217351815,18.105040109561575,17.433772732618085,17.520078538225103,1314490.0,2427803721.72,20211213,18.27,1.042803544524,20230614,20230614,1.024369
000001.SZ,1d,2021-12-14,17.414593664705414,17.424183198661748,16.800863491499936,16.858400695237947,1937209.0,3434156327.9900002,20211214,17.58,1.042803544524,20230614,20230614,1.024369
000001.SZ,1d,2021-12-15,16.791273957543602,16.935116966888636,16.68578908402391,16.829632093368943,1294627.0,2269821045.32,20211215,17.55,1.042803544524,20230614,20230614,1.024369
000001.SZ,1d,2021-12-16,16.829632093368943,17.002243704582984,16.743326287761924,16.99265417062665,819480.0,1445483375.0399997,20211216,17.720000000000002,1.042803544524,20230614,20230614,1.024369
000001.SZ,1d,2021-12-17,16.973475102713977,17.021422772495654,16.848811161281613,16.848811161281613,602370.0,1062875482.9799999,20211217,17.57,1.042803544524,20230614,20230614,1.024369
000001.SZ,1d,2021-12-20,16.839221627325276,16.925527432932295,16.733736753805587,16.800863491499936,746435.0,1309029268.8100002,20211220,17.52,1.042803544524,20230614,20230614,1.024369
000001.SZ,1d,2021-12-21,16.77209488963093,16.983064636670314,16.762505355674595,16.867990229194284,893734.0,1572895581.5,20211221,17.59,1.042803544524,20230614,20230614,1.024369
000001.SZ,1d,2021-12-22,16.89675883106329,16.91593789897596,16.589893744460554,16.676199550067572,976928.0,1701772583.5200002,20211222,17.39,1.042803544524,20230614,20230614,1.024369
000001.SZ,1d,2021-12-23,16.68578908402391,16.714557685892917,16.503587938853535,16.609072812373224,1059576.0,1831122716.47,20211223,17.32,1.042803544524,20230614,20230614,1.024369
000001.SZ,1d,2021-12-24,16.61866234632956,16.63784141424223,16.503587938853535,16.59948327841689,488251.0,843109664.7700001,20211224,17.310000000000002,1.042803544524,20230614,20230614,1.024369
000001.SZ,1d,2021-12-27,16.61866234632956,16.63784141424223,16.455640269071854,16.51317747280987,731119.0,1260455319.19,20211227,17.22,1.042803544524,20230614,20230614,1.024369
000001.SZ,1d,2021-12-28,16.51317747280987,16.618662346329558,16.388513531377505,16.465229803028187,1126639.0,1934461075.51,20211228,17.169999999999998,1.042803544524,20230614,20230614,1.024369
000001.SZ,1d,2021-12-29,16.455640269071854,16.455640269071854,16.014521707080416,16.062469376862097,1469374.0,2480534592.86,20211229,16.75,1.042803544524,20230614,20230614,1.024369
000001.SZ,1d,2021-12-30,16.07205891081843,16.25426005598881,16.03370077499309,16.129596114556445,796664.0,1342374249.46,20211230,16.82,1.042803544524,20230614,20230614,1.024369
000001.SZ,1d,2021-12-31,16.167954250381786,16.206312386207127,15.726835688390349,15.803551960041032,1750761.0,2899617148.55,20211231,16.479999999999997,1.042803544524,20230614,20230614,1.024369
000001.SZ,1d,2022-01-04,15.803551960041036,15.976163571255077,15.515865941350969,15.976163571255077,1169259.0,1918887050.94,20220104,16.66,1.042803544524,20230614,20230614,1.024369
000001.SZ,1d,2022-01-05,15.899447299604393,16.513177472809872,15.870678697735386,16.44605073511552,1961998.0,3344124589.35,20220105,17.150000000000002,1.042803544524,20230614,20230614,1.024369
000001.SZ,1d,2022-01-06,16.407692599290176,16.561125142591546,16.302207725770486,16.417282133246513,1107885.0,1896535837.6,20220106,17.12,1.042803544524,20230614,20230614,1.024369
000001.SZ,1d,2022-01-07,16.39810306533384,16.57071467654788,16.359744929508498,16.493998404897198,1126631.0,1937710958.28,20220107,17.2,1.042803544524,20230614,20230614,1.024369
000001.SZ,1d,2022-01-10,16.58030421050422,16.70496815193658,16.330976327639494,16.484408870940864,909774.0,1563414572.47,20220110,17.19,1.042803544524,20230614,20230614,1.024369
000001.SZ,1d,2022-01-11,16.551535608635213,16.820042559412606,16.436461201159183,16.695378617980243,1581999.0,2752485391.2799997,20220111,17.41,1.042803544524,20230614,20230614,1.024369
000001.SZ,1d,2022-01-12,16.695378617980243,16.733736753805587,16.206312386207127,16.302207725770486,1502164.0,2561266412.25,20220112,17.0,1.042803544524,20230614,20230614,1.024369
000001.SZ,1d,2022-01-13,16.215901920163464,16.532356540722542,16.129596114556445,16.283028657857816,909423.0,1550319158.87,20220113,16.98,1.042803544524,20230614,20230614,1.024369
000001.SZ,1d,2022-01-14,16.302207725770486,16.321386793683157,15.630940348826996,15.659708950696004,2103095.0,3459950804.53,20220114,16.330000000000002,1.042803544524,20230614,20230614,1.024369
000001.SZ,1d,2022-01-17,15.678888018608674,15.803551960041036,15.458328737612955,15.554224077176313,1143689.0,1855633789.59,20220117,16.220000000000002,1.042803544524,20230614,20230614,1.024369
000001.SZ,1d,2022-01-18,15.582992679045317,15.861089163779049,15.496686873438296,15.841910095866377,1152974.0,1891094610.09,20220118,16.52,1.042803544524,20230614,20230614,1.024369
000001.SZ,1d,2022-01-19,15.861089163779049,16.00493217312408,15.688477552565008,15.822731027953706,988392.0,1630973587.2,20220119,16.5,1.042803544524,20230614,20230614,1.024369
000001.SZ,1d,2022-01-20,15.793962426084702,16.743326287761924,15.746014756303024,16.61866234632956,3031194.0,5195805549.58,20220120,17.330000000000002,1.042803544524,20230614,20230614,1.024369
000001.SZ,1d,2022-01-21,16.733736753805587,16.83922162732528,16.503587938853535,16.63784141424223,1481683.0,2575115124.6899996,20220121,17.35,1.042803544524,20230614,20230614,1.024369
000001.SZ,1d,2022-01-24,16.628251880285895,16.666610016111235,16.283028657857816,16.493998404897198,874771.0,1501390339.0100002,20220124,17.2,1.042803544524,20230614,20230614,1.024369
000001.SZ,1d,2022-01-25,16.37892399742117,16.37892399742117,16.12000658060011,16.15836471642545,1093284.0,1851999025.4199998,20220125,16.849999999999998,1.042803544524,20230614,20230614,1.024369
000001.SZ,1d,2022-01-26,16.25426005598881,16.39810306533384,15.861089163779049,15.96657403729874,984975.0,1646384984.37,20220126,16.65,1.042803544524,20230614,20230614,1.024369
000001.SZ,1d,2022-01-27,15.822731027953706,15.861089163779049,15.582992679045317,15.630940348826996,1024643.0,1677261296.33,20220127,16.3,1.042803544524,20230614,20230614,1.024369
000001.SZ,1d,2022-01-28,15.717246154434015,15.774783358172028,15.170642718922887,15.180232252879224,1675564.0,2695470330.62,20220128,15.83,1.042803544524,20230614,20230614,1.024369
000001.SZ,1d,2022-02-07,15.362433398049598,15.736425222346686,15.237769456617237,15.717246154434015,1515476.0,2451798485.84,20220207,16.39,1.042803544524,20230614,20230614,1.024369
000001.SZ,1d,2022-02-08,15.630940348826996,16.273439123901483,15.592582213001654,16.139185648512782,1754695.0,2950309012.49,20220208,16.830000000000002,1.042803544524,20230614,20230614,1.024369
000001.SZ,1d,2022-02-09,16.2254914541198,16.302207725770486,16.024111241036753,16.167954250381786,1051162.0,1774253636.5000002,20220209,16.86,1.042803544524,20230614,20230614,1.024369
000001.SZ,1d,2022-02-10,16.08164844477477,16.330976327639494,15.985753105211414,16.292618191814153,784557.0,1326848947.79,20220210,16.990000000000002,1.042803544524,20230614,20230614,1.024369
000001.SZ,1d,2022-02-11,16.330976327639494,16.628251880285895,16.330976327639494,16.398103065333842,1078139.0,1852167493.23,20220211,17.1,1.042803544524,20230614,20230614,1.024369
000001.SZ,1d,2022-02-14,16.398103065333842,16.44605073511552,15.832320561910043,15.899447299604393,1150659.0,1917613419.43,20220214,16.580000000000002,1.042803544524,20230614,20230614,1.024369
000001.SZ,1d,2022-02-15,15.822731027953706,15.985753105211414,15.439149669700285,15.611761280914324,1208264.0,1968985378.1799998,20220215,16.28,1.042803544524,20230614,20230614,1.024369
000001.SZ,1d,2022-02-16,15.678888018608674,15.851499629822714,15.544634543219976,15.736425222346686,782400.0,1282234150.21,20220216,16.41,1.042803544524,20230614,20230614,1.024369
000001.SZ,1d,2022-02-17,15.717246154434015,15.870678697735386,15.650119416739667,15.746014756303024,794502.0,1306514349.5900002,20220217,16.42,1.042803544524,20230614,20230614,1.024369
000001.SZ,1d,2022-02-18,15.650119416739667,16.081648444774768,15.64052988278333,16.081648444774768,802499.0,1330233365.6799998,20220218,16.77,1.042803544524,20230614,20230614,1.024369
000001.SZ,1d,2022-02-21,15.976163571255077,15.985753105211414,15.650119416739667,15.832320561910043,800995.0,1316023718.12,20220221,16.51,1.042803544524,20230614,20230614,1.024369
000001.SZ,1d,2022-02-22,15.64052988278333,15.765193824215695,15.496686873438296,15.563813611132646,894957.0,1454156224.87,20220222,16.23,1.042803544524,20230614,20230614,1.024369
000001.SZ,1d,2022-02-23,15.630940348826996,15.64052988278333,15.381612465962268,15.525455475307302,886742.0,1431289852.14,20220223,16.189999999999998,1.042803544524,20230614,20230614,1.024369
000001.SZ,1d,2022-02-24,15.467918271569289,15.487097339481963,15.151463651010216,15.256948524529907,1324087.0,2112842553.1000001,20220224,15.91,1.042803544524,20230614,20230614,1.024369
000001.SZ,1d,2022-02-25,15.333664796180592,15.419970601787615,15.218590388704566,15.247358990573572,726397.0,1157890268.48,20220225,15.9,1.042803544524,20230614,20230614,1.024369
000001.SZ,1d,2022-02-28,15.247358990573572,15.266538058486244,14.978852039796177,15.10351598122854,723990.0,1137154094.55,20220228,15.750000000000002,1.042803544524,20230614,20230614,1.024369
000001.SZ,1d,2022-03-01,15.14187411705388,15.295306660355251,14.978852039796177,15.266538058486244,935040.0,1474693965.21,20220301,15.920000000000002,1.042803544524,20230614,20230614,1.024369
000001.SZ,1d,2022-03-02,15.14187411705388,15.218590388704566,15.017210175621518,15.036389243534188,760761.0,1196321948.91,20220302,15.68,1.042803544524,20230614,20230614,1.024369
000001.SZ,1d,2022-03-03,15.084336913315868,15.161053184966551,14.988441573752512,15.065157845403197,578285.0,908171588.15,20220303,15.71,1.042803544524,20230614,20230614,1.024369
000001.SZ,1d,2022-03-04,14.978852039796177,14.988441573752512,14.652807885280767,14.700755555062445,990936.0,1523793664.71,20220304,15.330000000000002,1.042803544524,20230614,20230614,1.024369
000001.SZ,1d,2022-03-07,14.547323011761074,14.547323011761074,14.05825677998796,14.115793983725974,1113159.0,1655959941.77,20220307,14.72,1.042803544524,20230614,20230614,1.024369
000001.SZ,1d,2022-03-08,14.019898644162616,14.25004745911467,13.6650858877782,13.722623091516216,1003033.0,1463145930.4,20220308,14.31,1.042803544524,20230614,20230614,1.024369
000001.SZ,1d,2022-03-09,13.808928897123234,13.856876566904914,12.677363890275638,13.271914995568443,1800760.0,2492042993.23,20220309,13.84,1.042803544524,20230614,20230614,1.024369
000001.SZ,1d,2022-03-10,13.597959150083852,14.14456258559498,13.511653344476832,13.97195097438094,2249158.0,3269867788.2200003,20220310,14.57,1.042803544524,20230614,20230614,1.024369
000001.SZ,1d,2022-03-11,13.808928897123234,14.365121866590698,13.569190548214845,14.288405594940015,1493647.0,2187480610.66,20220311,14.9,1.042803544524,20230614,20230614,1.024369
000001.SZ,1d,2022-03-14,14.029488178118953,14.317174196809022,13.856876566904914,13.895234702730255,1118407.0,1637278471.46,20220314,14.49,1.042803544524,20230614,20230614,1.024369
000001.SZ,1d,2022-03-15,13.808928897123234,13.808928897123234,13.041766180616388,13.118482452267072,1781409.0,2479769555.05,20220315,13.68,1.042803544524,20230614,20230614,1.024369
000001.SZ,1d,2022-03-16,13.291094063481113,13.808928897123234,12.955460375009368,13.722623091516216,1531779.0,2141637065.8400002,20220316,14.31,1.042803544524,20230614,20230614,1.024369
000001.SZ,1d,2022-03-17,14.05825677998796,14.106204449769638,13.655496353821865,13.856876566904914,1730061.0,2506504217.46,20220317,14.450000000000001,1.042803544524,20230614,20230614,1.024369
000001.SZ,1d,2022-03-18,13.770570761297893,14.240457925158337,13.55960101425851,14.096614915813303,1528807.0,2222158762.02,20220318,14.700000000000001,1.042803544524,20230614,20230614,1.024369
000001.SZ,1d,2022-03-21,13.90482423668659,14.21168932328933,13.799339363166899,13.99113004229361,1208868.0,1765673892.12,20220321,14.59,1.042803544524,20230614,20230614,1.024369
000001.SZ,1d,2022-03-22,13.99113004229361,14.595270681542752,13.90482423668659,14.55691254571741,1628657.0,2443174055.8500004,20220322,15.18,1.042803544524,20230614,20230614,1.024369
000001.SZ,1d,2022-03-23,14.489785808023061,14.566502079673745,14.288405594940015,14.38430093450337,1050102.0,1577561341.66,20220323,15.0,1.042803544524,20230614,20230614,1.024369
000001.SZ,1d,2022-03-24,14.307584662852685,14.681576487149773,14.202099789332994,14.576091613630082,1002360.0,1518870080.3100002,20220324,15.200000000000001,1.042803544524,20230614,20230614,1.024369
000001.SZ,1d,2022-03-25,14.528143943848404,14.62403928341176,14.21168932328933,14.365121866590698,742933.0,1116354595.1599998,20220325,14.98,1.042803544524,20230614,20230614,1.024369
000001.SZ,1d,2022-03-28,14.192510255376659,14.432248604285048,14.029488178118953,14.240457925158337,727137.0,1078327302.93,20220328,14.850000000000001,1.042803544524,20230614,20230614,1.024369
000001.SZ,1d,2022-03-29,14.269226527027342,14.33635326472169,14.000719576249946,14.077435847900631,615643.0,909169631.2400001,20220329,14.68,1.042803544524,20230614,20230614,1.024369
000001.SZ,1d,2022-03-30,14.25004745911467,14.64321835132443,14.154152119551316,14.585681147586415,1236792.0,1859617040.6399999,20220330,15.209999999999999,1.042803544524,20230614,20230614,1.024369
000001.SZ,1d,2022-03-31,14.480196274066724,14.930904370014497,14.441838138241383,14.748703224844123,1163747.0,1789209946.79,20220331,15.38,1.042803544524,20230614,20230614,1.024369
000001.SZ,1d,2022-04-01,14.739113690887788,15.14187411705388,14.576091613630082,15.10351598122854,1484879.0,2319616863.0200005,20220401,15.750000000000002,1.042803544524,20230614,20230614,1.024369
000001.SZ,1d,2022-04-06,14.998031107708847,15.861089163779049,14.988441573752512,15.717246154434015,2488540.0,4064051491.84,20220406,16.39,1.042803544524,20230614,20230614,1.024369
000001.SZ,1d,2022-04-07,15.707656620477678,15.976163571255077,15.535045009263639,15.61176128091432,1659065.0,2724002904.78,20220407,16.279999999999998,1.042803544524,20230614,20230614,1.024369
000001.SZ,1d,2022-04-08,15.59258221300165,15.774783358172028,15.467918271569289,15.726835688390349,1066779.0,1741072072.4800003,20220408,16.4,1.042803544524,20230614,20230614,1.024369
000001.SZ,1d,2022-04-11,15.678888018608674,15.726835688390352,15.151463651010216,15.391201999918605,1416735.0,2277469055.78,20220411,16.05,1.042803544524,20230614,20230614,1.024369
000001.SZ,1d,2022-04-12,15.391201999918605,15.592582213001654,15.017210175621518,15.266538058486242,1039261.0,1654820082.5300002,20220412,15.92,1.042803544524,20230614,20230614,1.024369
000001.SZ,1d,2022-04-13,15.237769456617237,15.419970601787615,15.074747379359533,15.151463651010216,890628.0,1415496125.98,20220413,15.8,1.042803544524,20230614,20230614,1.024369
000001.SZ,1d,2022-04-14,15.343254330136928,15.582992679045317,15.266538058486242,15.381612465962268,929615.0,1493343952.1499999,20220414,16.04,1.042803544524,20230614,20230614,1.024369
000001.SZ,1d,2022-04-15,15.247358990573572,15.851499629822714,15.209000854748231,15.746014756303024,1231761.0,2014010094.33,20220415,16.42,1.042803544524,20230614,20230614,1.024369
000001.SZ,1d,2022-04-18,15.487097339481963,15.535045009263639,15.161053184966551,15.247358990573572,1086888.0,1734236523.8500001,20220418,15.9,1.042803544524,20230614,20230614,1.024369
000001.SZ,1d,2022-04-19,15.247358990573572,15.314485728267922,14.978852039796177,15.161053184966551,821772.0,1294226951.21,20220419,15.81,1.042803544524,20230614,20230614,1.024369
000001.SZ,1d,2022-04-20,15.161053184966551,15.391201999918605,15.05556831144686,15.199411320791896,716555.0,1137697846.98,20220420,15.850000000000001,1.042803544524,20230614,20230614,1.024369
000001.SZ,1d,2022-04-21,15.12269504914121,15.324075262224257,15.05556831144686,15.161053184966551,709891.0,1124663651.04,20220421,15.81,1.042803544524,20230614,20230614,1.024369
000001.SZ,1d,2022-04-22,14.998031107708847,15.525455475307306,14.767882292756793,15.40079153387494,921274.0,1468452957.95,20220422,16.06,1.042803544524,20230614,20230614,1.024369
000001.SZ,1d,2022-04-25,15.026799709577855,15.256948524529909,14.173331187463988,14.240457925158337,1664481.0,2527610217.4300003,20220425,14.850000000000001,1.042803544524,20230614,20230614,1.024369
000001.SZ,1d,2022-04-26,14.269226527027344,14.365121866590698,13.856876566904914,14.125383517682309,988210.0,1456929632.19,20220426,14.73,1.042803544524,20230614,20230614,1.024369
000001.SZ,1d,2022-04-27,14.365121866590698,15.007620641665183,14.345942798678028,15.007620641665183,1490295.0,2296798759.0,20220427,15.65,1.042803544524,20230614,20230614,1.024369
000001.SZ,1d,2022-04-28,14.930904370014497,15.27612759244258,14.739113690887788,15.007620641665183,911772.0,1426381925.81,20220428,15.65,1.042803544524,20230614,20230614,1.024369
000001.SZ,1d,2022-04-29,15.045978777490525,15.093926447272203,14.355532332634363,14.691166021106108,1645013.0,2503476827.84,20220429,15.32,1.042803544524,20230614,20230614,1.024369
000001.SZ,1d,2022-05-05,14.576091613630082,14.815829962538471,14.528143943848404,14.691166021106108,790196.0,1208735141.83,20220505,15.32,1.042803544524,20230614,20230614,1.024369
000001.SZ,1d,2022-05-06,14.40348000241604,14.57609161363008,14.29799512889635,14.345942798678028,832432.0,1250995594.77,20220506,14.96,1.042803544524,20230614,20230614,1.024369
000001.SZ,1d,2022-05-09,14.326763730765357,14.326763730765357,13.866466100861249,13.95277190646827,818621.0,1197104247.0600002,20220509,14.55,1.042803544524,20230614,20230614,1.024369
000001.SZ,1d,2022-05-10,13.90482423668659,14.000719576249946,13.530832412389502,13.99113004229361,992285.0,1425836927.23,20220510,14.59,1.042803544524,20230614,20230614,1.024369
000001.SZ,1d,2022-05-11,13.943182372511933,14.230868391202,13.847287032948577,14.029488178118951,848574.0,1240700426.07,20220511,14.629999999999999,1.042803544524,20230614,20230614,1.024369
000001.SZ,1d,2022-05-12,13.88564516877392,13.962361440424605,13.741802159428886,13.789749829210564,685064.0,987061607.22,20220512,14.38,1.042803544524,20230614,20230614,1.024369
000001.SZ,1d,2022-05-13,13.90482423668659,14.05825677998796,13.895234702730255,14.010309110206281,676312.0,985962932.0899999,20220513,14.61,1.042803544524,20230614,20230614,1.024369
000001.SZ,1d,2022-05-16,14.05825677998796,14.125383517682309,13.760981227341556,13.818518431079571,668228.0,965652298.06,20220516,14.41,1.042803544524,20230614,20230614,1.024369
000001.SZ,1d,2022-05-17,13.914413770642925,14.115793983725974,13.73221262547255,14.106204449769638,931406.0,1357428406.7499998,20220517,14.71,1.042803544524,20230614,20230614,1.024369
000001.SZ,1d,2022-05-18,14.240457925158335,14.27881606098368,14.067846313944296,14.14456258559498,778578.0,1150500437.95,20220518,14.75,1.042803544524,20230614,20230614,1.024369
000001.SZ,1d,2022-05-19,13.95277190646827,14.096614915813301,13.90482423668659,14.019898644162616,590922.0,863214130.52,20220519,14.62,1.042803544524,20230614,20230614,1.024369
000001.SZ,1d,2022-05-20,14.096614915813301,14.422659070328711,14.067846313944296,14.40348000241604,948598.0,1415164711.31,20220520,15.02,1.042803544524,20230614,20230614,1.024369
000001.SZ,1d,2022-05-23,14.451427672197719,14.451427672197719,14.154152119551316,14.221278857245665,647726.0,962683728.68,20220523,14.83,1.042803544524,20230614,20230614,1.024369
000001.SZ,1d,2022-05-24,14.259636993071007,14.259636993071007,13.808928897123234,13.808928897123234,933557.0,1358693535.33,20220524,14.4,1.042803544524,20230614,20230614,1.024369
000001.SZ,1d,2022-05-25,13.837697498992243,13.895234702730255,13.71303355755988,13.799339363166899,603228.0,866228924.0199999,20220525,14.39,1.042803544524,20230614,20230614,1.024369
000001.SZ,1d,2022-05-26,13.818518431079571,13.837697498992242,13.492474276564161,13.607548684040188,1011318.0,1435689342.0400002,20220526,14.19,1.042803544524,20230614,20230614,1.024369
000001.SZ,1d,2022-05-27,13.703444023603543,13.760981227341556,13.530832412389502,13.597959150083852,723067.0,1029702185.9300001,20220527,14.18,1.042803544524,20230614,20230614,1.024369
000001.SZ,1d,2022-05-30,13.674675421734538,13.693854489647208,13.463705674695154,13.502063810520497,896901.0,1265573047.59,20220530,14.08,1.042803544524,20230614,20230614,1.024369
000001.SZ,1d,2022-05-31,13.492474276564161,13.597959150083852,13.425347538869811,13.57878008217118,938869.0,1325012047.99,20220531,14.16,1.042803544524,20230614,20230614,1.024369
000001.SZ,1d,2022-06-01,13.55960101425851,13.55960101425851,13.425347538869811,13.502063810520497,845299.0,1187423732.04,20220601,14.08,1.042803544524,20230614,20230614,1.024369
000001.SZ,1d,2022-06-02,13.444526606782484,13.454116140738819,13.310273131393785,13.377399869088135,979268.0,1363740797.79,20220602,13.950000000000001,1.042803544524,20230614,20230614,1.024369
000001.SZ,1d,2022-06-06,13.33904173326279,13.588369616127517,13.080124316441731,13.588369616127517,1710852.0,2370807610.48,20220606,14.17,1.042803544524,20230614,20230614,1.024369
000001.SZ,1d,2022-06-07,13.444526606782482,13.6650858877782,13.415758004913476,13.57878008217118,1315113.0,1860366715.71,20220607,14.16,1.042803544524,20230614,20230614,1.024369
000001.SZ,1d,2022-06-08,13.57878008217118,13.588369616127517,13.434937072826147,13.57878008217118,1145521.0,1613524957.8200002,20220608,14.16,1.042803544524,20230614,20230614,1.024369
000001.SZ,1d,2022-06-09,13.559601014258508,13.866466100861247,13.521242878433167,13.760981227341556,1632901.0,2339986707.88,20220609,14.35,1.042803544524,20230614,20230614,1.024369
000001.SZ,1d,2022-06-10,13.674675421734538,13.741802159428886,13.550011480302175,13.73221262547255,1346012.0,1914639698.1100001,20220610,14.32,1.042803544524,20230614,20230614,1.024369
000001.SZ,1d,2022-06-13,13.597959150083854,13.60754868404019,13.310273131393785,13.33904173326279,1547753.0,2163340108.91,20220613,13.91,1.042803544524,20230614,20230614,1.024369
000001.SZ,1d,2022-06-14,13.147251054136081,13.550011480302175,13.147251054136081,13.54042194634584,1151429.0,1602169897.9900002,20220614,14.120000000000001,1.042803544524,20230614,20230614,1.024369
000001.SZ,1d,2022-06-15,13.521242878433167,14.489785808023061,13.482884742607826,14.134973051638644,3413544.0,5010292726.77,20220615,14.74,1.042803544524,20230614,20230614,1.024369
000001.SZ,1d,2022-06-16,14.134973051638644,14.221278857245665,13.828107965035906,13.847287032948577,1332546.0,1939976254.7700002,20220616,14.44,1.042803544524,20230614,20230614,1.024369
000001.SZ,1d,2022-06-17,13.73221262547255,13.9335928385556,13.617138217996525,13.856876566904914,1053788.0,1513925913.67,20220617,14.450000000000001,1.042803544524,20230614,20230614,1.024369
000001.SZ,1d,2022-06-20,13.847287032948577,13.847287032948577,13.674675421734536,13.751391693385221,1032167.0,1479529786.97,20220620,14.34,1.042803544524,20230614,20230614,1.024369
000001.SZ,1d,2022-06-21,13.751391693385221,14.029488178118953,13.64590681986553,13.780160295254229,1321794.0,1905346056.7,20220621,14.370000000000001,1.042803544524,20230614,20230614,1.024369
000001.SZ,1d,2022-06-22,13.770570761297892,13.770570761297892,13.502063810520497,13.502063810520497,1056046.0,1498415783.73,20220622,14.08,1.042803544524,20230614,20230614,1.024369
000001.SZ,1d,2022-06-23,13.511653344476832,13.64590681986553,13.482884742607826,13.617138217996525,806028.0,1140899091.6399999,20220623,14.200000000000001,1.042803544524,20230614,20230614,1.024369
000001.SZ,1d,2022-06-24,13.617138217996523,13.6650858877782,13.530832412389502,13.645906819865528,866041.0,1227798687.09,20220624,14.229999999999999,1.042803544524,20230614,20230614,1.024369
000001.SZ,1d,2022-06-27,13.655496353821865,13.962361440424605,13.636317285909195,13.895234702730255,1497278.0,2166380438.04,20220627,14.49,1.042803544524,20230614,20230614,1.024369
000001.SZ,1d,2022-06-28,13.876055634817584,14.067846313944296,13.818518431079571,14.029488178118953,1125110.0,1638673242.41,20220628,14.63,1.042803544524,20230614,20230614,1.024369
000001.SZ,1d,2022-06-29,14.048667246031625,14.288405594940015,13.95277190646827,14.03907771207529,1266547.0,1865064678.4800003,20220629,14.64,1.042803544524,20230614,20230614,1.024369
000001.SZ,1d,2022-06-30,14.029488178118953,14.403480002416043,13.95277190646827,14.365121866590698,1548745.0,2304888691.73,20220630,14.98,1.042803544524,20230614,20230614,1.024369
000001.SZ,1d,2022-07-01,14.38430093450337,14.451427672197719,14.230868391202,14.307584662852685,779243.0,1164030775.95,20220701,14.92,1.042803544524,20230614,20230614,1.024369
000001.SZ,1d,2022-07-04,14.33635326472169,14.365121866590698,14.14456258559498,14.326763730765355,834968.0,1241453402.1100001,20220704,14.94,1.042803544524,20230614,20230614,1.024369
000001.SZ,1d,2022-07-05,14.374711400547033,14.64321835132443,14.21168932328933,14.29799512889635,1115172.0,1674719025.12,20220705,14.91,1.042803544524,20230614,20230614,1.024369
000001.SZ,1d,2022-07-06,14.221278857245665,14.317174196809022,13.866466100861249,13.9335928385556,1043335.0,1520022514.77,20220706,14.530000000000001,1.042803544524,20230614,20230614,1.024369
000001.SZ,1d,2022-07-07,13.943182372511934,14.048667246031625,13.789749829210564,13.828107965035906,730161.0,1057696546.69,20220707,14.42,1.042803544524,20230614,20230614,1.024369
000001.SZ,1d,2022-07-08,13.904824236686592,14.048667246031625,13.780160295254229,13.943182372511934,639698.0,928850348.74,20220708,14.540000000000001,1.042803544524,20230614,20230614,1.024369
000001.SZ,1d,2022-07-11,13.90482423668659,13.97195097438094,13.770570761297892,13.866466100861247,611692.0,883613754.0500001,20220711,14.459999999999999,1.042803544524,20230614,20230614,1.024369
000001.SZ,1d,2022-07-12,13.818518431079571,14.125383517682309,13.789749829210564,13.828107965035906,742882.0,1078431989.61,20220712,14.42,1.042803544524,20230614,20230614,1.024369
000001.SZ,1d,2022-07-13,13.828107965035906,13.876055634817584,13.31986266535012,13.396578937000806,2175996.0,3056913117.8399997,20220713,13.97,1.042803544524,20230614,20230614,1.024369
000001.SZ,1d,2022-07-14,13.137661520179746,13.147251054136081,12.744490627969986,12.821206899620671,2632121.0,3534578702.13,20220714,13.370000000000001,1.042803544524,20230614,20230614,1.024369
000001.SZ,1d,2022-07-15,12.926691773140362,13.003408044791046,12.677363890275638,12.696542958188308,1598637.0,2139915274.0300002,20220715,13.24,1.042803544524,20230614,20230614,1.024369
000001.SZ,1d,2022-07-18,12.706132492144643,12.88833363731502,12.6677743563193,12.840385967533342,1153506.0,1536340973.1999998,20220718,13.39,1.042803544524,20230614,20230614,1.024369
000001.SZ,1d,2022-07-19,12.792438297751666,12.878744103358684,12.734901094013651,12.86915456940235,755597.0,1008562417.24,20220719,13.420000000000002,1.042803544524,20230614,20230614,1.024369
000001.SZ,1d,2022-07-20,12.878744103358683,12.917102239184025,12.802027831708,12.84038596753334,801459.0,1073936299.76,20220720,13.389999999999999,1.042803544524,20230614,20230614,1.024369
000001.SZ,1d,2022-07-21,12.773259229838992,12.792438297751664,12.456804609279919,12.47598367719259,1970388.0,2588696130.23,20220721,13.01,1.042803544524,20230614,20230614,1.024369
000001.SZ,1d,2022-07-22,12.534545656887312,12.622404621772038,12.319779298280208,12.50525933525907,1376510.0,1755555714.49,20220722,12.81,1.024369,20230614,20230614,1.024369
000001.SZ,1d,2022-07-25,12.495497228049658,12.544307764096725,12.368589834327278,12.515021442468484,763956.0,976071707.3000001,20220725,12.82,1.024369,20230614,20230614,1.024369
000001.SZ,1d,2022-07-26,12.446686692002586,12.602880407353208,12.407638263164934,12.602880407353208,1024049.0,1314310442.31,20220726,12.91,1.024369,20230614,20230614,1.024369
000001.SZ,1d,2022-07-27,12.544307764096725,12.573594085724967,12.42716247758376,12.485735120840243,923914.0,1182889760.7399998,20220727,12.790000000000001,1.024369,20230614,20230614,1.024369
000001.SZ,1d,2022-07-28,12.50525933525907,12.60288040735321,12.47597301363083,12.573594085724967,750347.0,964903657.6600001,20220728,12.88,1.024369,20230614,20230614,1.024369
000001.SZ,1d,2022-07-29,12.573594085724967,12.593118300143795,12.34906561990845,12.37835194153669,831497.0,1059518584.7199999,20220729,12.68,1.024369,20230614,20230614,1.024369
000001.SZ,1d,2022-08-01,12.358827727117863,12.358827727117863,12.105012939673104,12.124537154091932,1025733.0,1277987010.0,20220801,12.42,1.024369,20230614,20230614,1.024369
000001.SZ,1d,2022-08-02,11.929295009903655,12.046440296416622,11.65595600804007,11.96834343874131,1373009.0,1664397666.12,20220802,12.26,1.024369,20230614,20230614,1.024369
000001.SZ,1d,2022-08-03,11.900008688275415,11.978105545950724,11.724290758505965,11.743814972924794,746137.0,905653324.71,20220803,12.03,1.024369,20230614,20230614,1.024369
000001.SZ,1d,2022-08-04,11.812149723390691,11.880484473856587,11.73405286571538,11.870722366647174,602676.0,729351710.0200001,20220804,12.16,1.024369,20230614,20230614,1.024369
000001.SZ,1d,2022-08-05,11.841436045018932,12.036678189207208,11.695004436877726,12.01715397478838,765298.0,930836354.1000001,20220805,12.31,1.024369,20230614,20230614,1.024369
000001.SZ,1d,2022-08-08,11.958581331531898,12.06596451083545,11.870722366647174,11.909770795484828,552000.0,674950920.8,20220808,12.2,1.024369,20230614,20230614,1.024369
000001.SZ,1d,2022-08-09,11.919532902694243,11.929295009903656,11.792625508971863,11.831673937809517,558448.0,677098632.5500001,20220809,12.12,1.024369,20230614,20230614,1.024369
000001.SZ,1d,2022-08-10,11.831673937809517,11.948819224322484,11.73405286571538,11.773101294553035,683023.0,825806007.7700001,20220810,12.059999999999999,1.024369,20230614,20230614,1.024369
000001.SZ,1d,2022-08-11,11.792625508971863,12.095250832463691,11.753577080134209,12.056202403626036,1399304.0,1710719478.1100001,20220811,12.350000000000001,1.024369,20230614,20230614,1.024369
000001.SZ,1d,2022-08-12,11.968343438741313,12.11477504688252,11.90977079548483,12.085488725254278,820504.0,1010612433.4000001,20220812,12.38,1.024369,20230614,20230614,1.024369
000001.SZ,1d,2022-08-15,11.997629760369552,12.06596451083545,11.802387616181276,11.821911830600104,1172010.0,1425087455.23,20220815,12.11,1.024369,20230614,20230614,1.024369
000001.SZ,1d,2022-08-16,11.821911830600104,11.909770795484828,11.812149723390691,11.84143604501893,631224.0,765907218.72,20220816,12.129999999999999,1.024369,20230614,20230614,1.024369
000001.SZ,1d,2022-08-17,11.86096025943776,12.124537154091932,11.78286340176245,12.105012939673104,1348507.0,1656961619.3600001,20220817,12.4,1.024369,20230614,20230614,1.024369
000001.SZ,1d,2022-08-18,12.183109797348415,12.2416824406049,11.870722366647174,11.958581331531898,1269701.0,1560630567.7,20220818,12.25,1.024369,20230614,20230614,1.024369
000001.SZ,1d,2022-08-19,11.978105545950724,12.446686692002586,11.939057117113071,12.270968762233139,2106417.0,2653471090.1000004,20220819,12.57,1.024369,20230614,20230614,1.024369
000001.SZ,1d,2022-08-22,12.280730869442554,12.37835194153669,12.114775046882519,12.202634011767243,1138077.0,1423361878.69,20220822,12.5,1.024369,20230614,20230614,1.024369
000001.SZ,1d,2022-08-23,12.153823475720175,12.19287190455783,11.98786765316014,12.046440296416623,921463.0,1137300431.45,20220823,12.340000000000002,1.024369,20230614,20230614,1.024369
000001.SZ,1d,2022-08-24,12.036678189207208,12.2416824406049,12.036678189207208,12.105012939673104,1295375.0,1613309589.13,20220824,12.4,1.024369,20230614,20230614,1.024369
000001.SZ,1d,2022-08-25,12.105012939673104,12.358827727117863,12.007391867578967,12.319779298280208,1064011.0,1329230362.3200002,20220825,12.620000000000001,1.024369,20230614,20230614,1.024369
000001.SZ,1d,2022-08-26,12.378351941536692,12.446686692002586,12.163585582929588,12.310017191070795,927634.0,1168951099.46,20220826,12.610000000000001,1.024369,20230614,20230614,1.024369
000001.SZ,1d,2022-08-29,12.202634011767243,12.261206655023726,12.01715397478838,12.124537154091932,924491.0,1145189174.15,20220829,12.42,1.024369,20230614,20230614,1.024369
000001.SZ,1d,2022-08-30,12.134299261301347,12.2416824406049,11.98786765316014,12.183109797348415,799712.0,991447627.25,20220830,12.48,1.024369,20230614,20230614,1.024369
000001.SZ,1d,2022-08-31,12.085488725254276,12.475973013630828,12.06596451083545,12.446686692002586,1653042.0,2091408314.7800002,20220831,12.75,1.024369,20230614,20230614,1.024369
000001.SZ,1d,2022-09-01,12.34906561990845,12.485735120840243,12.280730869442554,12.310017191070793,861982.0,1092666276.97,20220901,12.61,1.024369,20230614,20230614,1.024369
000001.SZ,1d,2022-09-02,12.319779298280206,12.388114048746104,12.134299261301345,12.212396118976656,786363.0,983433862.85,20220902,12.51,1.024369,20230614,20230614,1.024369
000001.SZ,1d,2022-09-05,12.163585582929588,12.300255083861382,12.075726618044865,12.270968762233139,632040.0,788451088.8000001,20220905,12.57,1.024369,20230614,20230614,1.024369
000001.SZ,1d,2022-09-06,12.280730869442554,12.358827727117863,12.134299261301345,12.202634011767243,731295.0,914692183.62,20220906,12.5,1.024369,20230614,20230614,1.024369
000001.SZ,1d,2022-09-07,12.124537154091934,12.124537154091934,11.98786765316014,12.03667818920721,979813.0,1208329758.8600001,20220907,12.330000000000002,1.024369,20230614,20230614,1.024369
000001.SZ,1d,2022-09-08,12.026916081997795,12.14406136851076,12.007391867578967,12.06596451083545,621117.0,768913483.55,20220908,12.360000000000001,1.024369,20230614,20230614,1.024369
000001.SZ,1d,2022-09-09,12.105012939673102,12.436924584793173,12.06596451083545,12.417400370374345,1951297.0,2469131334.35,20220909,12.719999999999999,1.024369,20230614,20230614,1.024369
000001.SZ,1d,2022-09-13,12.573594085724967,12.71026358665676,12.358827727117863,12.641928836190862,1722690.0,2223707380.1400003,20220913,12.95,1.024369,20230614,20230614,1.024369
000001.SZ,1d,2022-09-14,12.446686692002588,12.563831978515553,12.397876155955519,12.42716247758376,858036.0,1095054828.69,20220914,12.73,1.024369,20230614,20230614,1.024369
000001.SZ,1d,2022-09-15,12.495497228049656,12.788360444332069,12.466210906421415,12.690739372237932,1841018.0,2393239453.41,20220915,13.0,1.024369,20230614,20230614,1.024369
000001.SZ,1d,2022-09-16,12.612642514562621,12.641928836190864,12.261206655023726,12.261206655023726,1357448.0,1719252822.13,20220916,12.56,1.024369,20230614,20230614,1.024369
000001.SZ,1d,2022-09-19,12.2416824406049,12.368589834327278,12.183109797348415,12.270968762233139,632121.0,793491306.11,20220919,12.57,1.024369,20230614,20230614,1.024369
000001.SZ,1d,2022-09-20,12.310017191070793,12.329541405489623,12.026916081997795,12.046440296416622,889989.0,1102212203.6399999,20220920,12.34,1.024369,20230614,20230614,1.024369
000001.SZ,1d,2022-09-21,12.01715397478838,12.183109797348415,11.90977079548483,12.134299261301347,684197.0,845477181.51,20220921,12.430000000000001,1.024369,20230614,20230614,1.024369
000001.SZ,1d,2022-09-22,12.036678189207208,12.06596451083545,11.958581331531898,11.997629760369552,586133.0,720058210.3199999,20220922,12.29,1.024369,20230614,20230614,1.024369
000001.SZ,1d,2022-09-23,11.948819224322484,12.134299261301345,11.939057117113071,11.997629760369554,586441.0,722703127.6800001,20220923,12.290000000000001,1.024369,20230614,20230614,1.024369
000001.SZ,1d,2022-09-26,11.870722366647174,11.987867653160139,11.70476654408714,11.714528651296552,903729.0,1094060839.05,20220926,12.0,1.024369,20230614,20230614,1.024369
000001.SZ,1d,2022-09-27,11.714528651296552,11.870722366647174,11.529048614317691,11.86096025943776,789622.0,946732993.84,20220927,12.15,1.024369,20230614,20230614,1.024369
000001.SZ,1d,2022-09-28,11.802387616181276,11.958581331531898,11.636431793621242,11.821911830600104,780926.0,946211766.9,20220928,12.11,1.024369,20230614,20230614,1.024369
000001.SZ,1d,2022-09-29,11.958581331531898,11.98786765316014,11.538810721527105,11.577859150364759,917718.0,1100405198.17,20220929,11.86,1.024369,20230614,20230614,1.024369
000001.SZ,1d,2022-09-30,11.587621257574172,11.675480222458898,11.548572828736518,11.558334935945933,537230.0,638906947.7700001,20220930,11.84,1.024369,20230614,20230614,1.024369
000001.SZ,1d,2022-10-10,11.42166543501414,11.490000185480037,11.187374861988209,11.197136969197622,966080.0,1119089730.68,20221010,11.47,1.024369,20230614,20230614,1.024369
000001.SZ,1d,2022-10-11,11.26547171966352,11.304520148501174,11.13856432594114,11.206899076407035,415253.0,476749226.5,20221011,11.48,1.024369,20230614,20230614,1.024369
000001.SZ,1d,2022-10-12,11.177612754778794,11.343568577338829,11.079991682684655,11.32404436292,559572.0,641776508.91,20221012,11.6,1.024369,20230614,20230614,1.024369
000001.SZ,1d,2022-10-13,11.236185398035277,11.26547171966352,11.040943253847,11.070229575475242,852616.0,970021739.4,20221013,11.34,1.024369,20230614,20230614,1.024369
000001.SZ,1d,2022-10-14,11.177612754778796,11.353330684548244,11.128802218731725,11.255709612454105,1096062.0,1265486550.33,20221014,11.530000000000001,1.024369,20230614,20230614,1.024369
000001.SZ,1d,2022-10-17,11.148326433150553,11.24594750524469,11.070229575475242,11.206899076407035,1024823.0,1171523550.16,20221017,11.48,1.024369,20230614,20230614,1.024369
000001.SZ,1d,2022-10-18,11.275233826872933,11.363092791757657,11.187374861988209,11.206899076407035,946837.0,1091646643.7200003,20221018,11.48,1.024369,20230614,20230614,1.024369
000001.SZ,1d,2022-10-19,11.148326433150553,11.21666118361645,11.01165693221876,11.021419039428173,923990.0,1049700767.19,20221019,11.29,1.024369,20230614,20230614,1.024369
000001.SZ,1d,2022-10-20,10.962846396171692,11.040943253847,10.894511645705794,10.933560074543449,781923.0,876967150.6100001,20221020,11.2,1.024369,20230614,20230614,1.024369
000001.SZ,1d,2022-10-21,10.943322181752864,10.982370610590518,10.80665268082107,10.826176895239897,785574.0,876648490.6099999,20221021,11.09,1.024369,20230614,20230614,1.024369
000001.SZ,1d,2022-10-24,10.826176895239897,10.835939002449312,10.357595749188034,10.367357856397449,1383391.0,1496043940.1299999,20221024,10.62,1.024369,20230614,20230614,1.024369
000001.SZ,1d,2022-10-25,10.445454714072758,10.552837893376312,10.347833641978621,10.39664417802569,1316979.0,1406437766.06,20221025,10.65,1.024369,20230614,20230614,1.024369
000001.SZ,1d,2022-10-26,10.386882070816275,10.474741035701,10.357595749188034,10.406406285235105,1143830.0,1220733277.8500001,20221026,10.66,1.024369,20230614,20230614,1.024369
000001.SZ,1d,2022-10-27,10.445454714072758,10.513789464538656,10.406406285235105,10.425930499653932,957383.0,1024868047.2099999,20221027,10.68,1.024369,20230614,20230614,1.024369
000001.SZ,1d,2022-10-28,10.377119963606864,10.445454714072758,10.16235360499976,10.172115712209173,1057947.0,1114999302.1100001,20221028,10.42,1.024369,20230614,20230614,1.024369
000001.SZ,1d,2022-10-31,10.08425674732445,10.201402033837416,9.976873568020897,10.094018854533862,983096.0,1016230012.22,20221031,10.34,1.024369,20230614,20230614,1.024369
000001.SZ,1d,2022-11-01,10.133067283371517,10.425930499653932,10.11354306895269,10.416168392444519,1381234.0,1459758367.3200002,20221101,10.67,1.024369,20230614,20230614,1.024369
000001.SZ,1d,2022-11-02,10.357595749188036,10.425930499653932,10.230688355465656,10.377119963606864,1302988.0,1377816220.13,20221102,10.63,1.024369,20230614,20230614,1.024369
000001.SZ,1d,2022-11-03,10.28926099872214,10.31854732035038,10.133067283371519,10.191639926628001,983536.0,1028904286.0400001,20221103,10.440000000000001,1.024369,20230614,20230614,1.024369
000001.SZ,1d,2022-11-04,10.152591497790347,10.591886322213968,10.142829390580932,10.562600000585725,1776112.0,1903720943.5199997,20221104,10.82,1.024369,20230614,20230614,1.024369
000001.SZ,1d,2022-11-07,10.552837893376312,10.650458965470449,10.474741035701001,10.62117264384221,988082.0,1070554832.9,20221107,10.88,1.024369,20230614,20230614,1.024369
000001.SZ,1d,2022-11-08,10.63093475105162,10.660221072679862,10.523551571748069,10.591886322213966,583222.0,632835804.82,20221108,10.85,1.024369,20230614,20230614,1.024369
000001.SZ,1d,2022-11-09,10.582124215004553,10.816414788030484,10.562600000585725,10.630934751051623,832107.0,911153622.45,20221109,10.89,1.024369,20230614,20230614,1.024369
000001.SZ,1d,2022-11-10,10.533313678957484,10.640696858261036,10.435692606863345,10.611410536632793,552021.0,596916589.27,20221110,10.87,1.024369,20230614,20230614,1.024369
000001.SZ,1d,2022-11-11,10.865225324077551,11.382617006176483,10.748080037564588,11.158088540359966,2545071.0,2878557391.61,20221111,11.43,1.024369,20230614,20230614,1.024369
000001.SZ,1d,2022-11-14,11.42166543501414,11.98786765316014,11.42166543501414,11.665718115249485,3872084.0,4637823413.97,20221114,11.950000000000001,1.024369,20230614,20230614,1.024369
000001.SZ,1d,2022-11-15,11.577859150364759,11.890246581066,11.548572828736518,11.724290758505965,1573901.0,1891249648.0500002,20221115,12.01,1.024369,20230614,20230614,1.024369
000001.SZ,1d,2022-11-16,11.685242329668313,11.763339187343622,11.509524399898863,11.538810721527105,1278693.0,1519133931.8500001,20221116,11.82,1.024369,20230614,20230614,1.024369
000001.SZ,1d,2022-11-17,11.529048614317691,11.558334935945933,11.304520148501174,11.411903327804724,1091047.0,1273790880.66,20221117,11.69,1.024369,20230614,20230614,1.024369
000001.SZ,1d,2022-11-18,11.460713863851794,11.49976229268945,11.29475804129176,11.314282255710587,868093.0,1011078679.59,20221118,11.59,1.024369,20230614,20230614,1.024369
000001.SZ,1d,2022-11-21,11.206899076407035,11.226423290825863,10.953084288962277,11.187374861988209,1047737.0,1189388618.26,20221121,11.46,1.024369,20230614,20230614,1.024369
000001.SZ,1d,2022-11-22,11.187374861988207,11.646193900830657,11.167850647569379,11.538810721527105,1491324.0,1748727406.58,20221122,11.82,1.024369,20230614,20230614,1.024369
000001.SZ,1d,2022-11-23,11.49976229268945,11.763339187343622,11.441189649432967,11.538810721527105,1247657.0,1483352651.7299998,20221123,11.82,1.024369,20230614,20230614,1.024369
000001.SZ,1d,2022-11-24,11.636431793621242,11.70476654408714,11.411903327804724,11.490000185480035,796719.0,941002372.9200001,20221124,11.77,1.024369,20230614,20230614,1.024369
000001.SZ,1d,2022-11-25,11.509524399898861,11.939057117113071,11.490000185480035,11.880484473856587,1760728.0,2130171604.6399999,20221125,12.17,1.024369,20230614,20230614,1.024369
000001.SZ,1d,2022-11-28,11.616907579202415,11.636431793621242,11.411903327804724,11.52904861431769,1331563.0,1568351120.1700003,20221128,11.809999999999999,1.024369,20230614,20230614,1.024369
000001.SZ,1d,2022-11-29,11.870722366647174,12.680977265028519,11.841436045018932,12.680977265028519,4749277.0,6026006641.970001,20221129,12.99,1.024369,20230614,20230614,1.024369
000001.SZ,1d,2022-11-30,12.593118300143795,13.022651017358001,12.515021442468484,12.720025693866175,3209628.0,4206404173.0800004,20221130,13.030000000000001,1.024369,20230614,20230614,1.024369
000001.SZ,1d,2022-12-01,13.061699446195657,13.335038448059242,12.75907412270383,12.788360444332069,2002689.0,2658203027.2,20221201,13.1,1.024369,20230614,20230614,1.024369
000001.SZ,1d,2022-12-02,12.827408873169723,12.83717098037914,12.388114048746104,12.593118300143795,1404203.0,1803658762.25,20221202,12.9,1.024369,20230614,20230614,1.024369
000001.SZ,1d,2022-12-05,12.778598337122656,13.247179483174518,12.700501479447345,13.208131054336862,2287627.0,3057231972.57,20221205,13.53,1.024369,20230614,20230614,1.024369
000001.SZ,1d,2022-12-06,13.022651017358001,13.335038448059242,12.934792052473277,13.110509982242725,1252579.0,1680593515.5000002,20221206,13.43,1.024369,20230614,20230614,1.024369
000001.SZ,1d,2022-12-07,13.01288891014859,13.051937338986244,12.720025693866175,12.83717098037914,1377377.0,1815667663.45,20221207,13.15,1.024369,20230614,20230614,1.024369
000001.SZ,1d,2022-12-08,12.83717098037914,13.19836894712745,12.807884658750899,13.04217523177683,1065723.0,1422047904.5,20221208,13.360000000000001,1.024369,20230614,20230614,1.024369
000001.SZ,1d,2022-12-09,13.081223660614484,13.422897412943966,13.032413124567414,13.374086876896897,1615832.0,2197501648.81,20221209,13.7,1.024369,20230614,20230614,1.024369
000001.SZ,1d,2022-12-12,13.256941590383931,13.256941590383931,12.749312015494416,12.798122551541486,1392584.0,1848277966.6,20221212,13.110000000000001,1.024369,20230614,20230614,1.024369
000001.SZ,1d,2022-12-13,12.83717098037914,13.04217523177683,12.827408873169725,12.925029945263864,902285.0,1194285343.0900002,20221213,13.24,1.024369,20230614,20230614,1.024369
000001.SZ,1d,2022-12-14,12.915267838054449,13.081223660614484,12.768836229913243,12.915267838054449,974061.0,1287867945.07,20221214,13.23,1.024369,20230614,20230614,1.024369
000001.SZ,1d,2022-12-15,12.827408873169723,12.964078374101518,12.63216672898145,12.788360444332069,835349.0,1094434005.98,20221215,13.1,1.024369,20230614,20230614,1.024369
000001.SZ,1d,2022-12-16,12.71026358665676,13.081223660614484,12.71026358665676,13.022651017358001,924252.0,1225269166.25,20221216,13.34,1.024369,20230614,20230614,1.024369
000001.SZ,1d,2022-12-19,13.01288891014859,13.149558411080381,12.641928836190864,12.729787801075588,1030866.0,1355435567.1599998,20221219,13.040000000000001,1.024369,20230614,20230614,1.024369
000001.SZ,1d,2022-12-20,12.66145305060969,12.768836229913243,12.368589834327278,12.456448799212001,896212.0,1150630681.38,20221220,12.76,1.024369,20230614,20230614,1.024369
000001.SZ,1d,2022-12-21,12.544307764096725,12.680977265028519,12.436924584793173,12.583356192934382,614590.0,791782473.2900001,20221221,12.89,1.024369,20230614,20230614,1.024369
000001.SZ,1d,2022-12-22,12.690739372237932,12.83717098037914,12.593118300143795,12.641928836190864,672394.0,876159828.48,20221222,12.950000000000001,1.024369,20230614,20230614,1.024369
000001.SZ,1d,2022-12-23,12.544307764096727,12.749312015494416,12.495497228049658,12.671215157819105,564426.0,730705958.53,20221223,12.98,1.024369,20230614,20230614,1.024369
000001.SZ,1d,2022-12-26,12.680977265028519,12.729787801075588,12.407638263164934,12.466210906421416,797120.0,1021903962.65,20221226,12.770000000000001,1.024369,20230614,20230614,1.024369
000001.SZ,1d,2022-12-27,12.563831978515553,12.905505730845036,12.563831978515553,12.798122551541486,886004.0,1160090119.01,20221227,13.110000000000001,1.024369,20230614,20230614,1.024369
000001.SZ,1d,2022-12-28,12.846933087588553,13.061699446195657,12.690739372237932,12.827408873169725,791192.0,1042402080.41,20221228,13.14,1.024369,20230614,20230614,1.024369
000001.SZ,1d,2022-12-29,12.75907412270383,12.81764676596031,12.544307764096725,12.720025693866173,666890.0,865144967.1,20221229,13.03,1.024369,20230614,20230614,1.024369
000001.SZ,1d,2022-12-30,12.729787801075588,12.96407837410152,12.651690943400277,12.846933087588553,818036.0,1074756753.75,20221230,13.16,1.024369,20230614,20230614,1.024369
000001.SZ,1d,2023-01-03,12.88598151642621,13.520518485038107,12.739549908285001,13.442421627362796,2194128.0,2971546989.04,20230103,13.770000000000001,1.024369,20230614,20230614,1.024369
000001.SZ,1d,2023-01-04,13.383848984106312,14.076958595974693,13.305752126431003,13.979337523880552,2189683.0,3110729449.03,20230104,14.32,1.024369,20230614,20230614,1.024369
000001.SZ,1d,2023-01-05,14.057434381555863,14.389346026675932,14.028148059927624,14.135531239231174,1665425.0,2417272355.99,20230105,14.48,1.024369,20230614,20230614,1.024369
000001.SZ,1d,2023-01-06,14.155055453650002,14.369821812257106,14.135531239231174,14.272200740162967,1195745.0,1747915169.2600002,20230106,14.620000000000001,1.024369,20230614,20230614,1.024369
000001.SZ,1d,2023-01-09,14.399108133885345,14.526015527607724,14.174579668068828,14.447918669932413,1057659.0,1561368487.3,20230109,14.799999999999999,1.024369,20230614,20230614,1.024369
000001.SZ,1d,2023-01-10,14.40887024109476,14.53577763481714,14.04767227434645,14.09648281039352,1269423.0,1851093716.76,20230110,14.440000000000001,1.024369,20230614,20230614,1.024369
000001.SZ,1d,2023-01-11,14.106244917602933,14.428394455513589,14.04767227434645,14.321011276210035,830566.0,1217450811.64,20230111,14.67,1.024369,20230614,20230614,1.024369
000001.SZ,1d,2023-01-12,14.418632348304175,14.418632348304175,14.184341775278243,14.321011276210037,625695.0,914367699.65,20230112,14.670000000000002,1.024369,20230614,20230614,1.024369
000001.SZ,1d,2023-01-13,14.321011276210035,14.594350278073623,14.203865989697071,14.594350278073623,949086.0,1407181074.2900002,20230113,14.950000000000001,1.024369,20230614,20230614,1.024369
000001.SZ,1d,2023-01-16,14.594350278073621,14.916499815984276,14.496729205979484,14.721257671796002,1560040.0,2356399992.83,20230116,15.08,1.024369,20230614,20230614,1.024369
000001.SZ,1d,2023-01-17,14.77006820784307,14.818878743890139,14.418632348304174,14.613874492492448,935835.0,1396151514.52,20230117,14.969999999999999,1.024369,20230614,20230614,1.024369
000001.SZ,1d,2023-01-18,14.594350278073621,14.818878743890139,14.555301849235967,14.750543993424243,718434.0,1083362997.53,20230118,15.11,1.024369,20230614,20230614,1.024369
000001.SZ,1d,2023-01-19,14.770068207843071,14.887213494356038,14.516253420398312,14.731019779005416,641875.0,963744633.47,20230119,15.090000000000002,1.024369,20230614,20230614,1.024369
000001.SZ,1d,2023-01-20,14.799354529471312,14.877451387146623,14.64316081412069,14.770068207843071,608590.0,920144805.73,20230120,15.13,1.024369,20230614,20230614,1.024369
000001.SZ,1d,2023-01-30,15.22888724668552,15.365556747617312,14.53577763481714,14.789592422261897,1374318.0,2096867649.37,20230130,15.15,1.024369,20230614,20230614,1.024369
000001.SZ,1d,2023-01-31,14.877451387146623,15.141028281800796,14.604112385283036,14.633398706911278,1030498.0,1568639326.21,20230131,14.99,1.024369,20230614,20230614,1.024369
000001.SZ,1d,2023-02-01,14.672447135748932,14.721257671796002,14.164817560859415,14.350297597838276,1653421.0,2426471972.5199995,20230201,14.7,1.024369,20230614,20230614,1.024369
000001.SZ,1d,2023-02-02,14.389346026675932,14.428394455513587,13.930526987833483,14.252676525744139,1577900.0,2280744883.13,20230202,14.6,1.024369,20230614,20230614,1.024369
000001.SZ,1d,2023-02-03,14.10624491760293,14.203865989697071,13.823143808529933,13.979337523880552,1246383.0,1782105890.79,20230203,14.32,1.024369,20230614,20230614,1.024369
000001.SZ,1d,2023-02-06,13.764571165273448,13.79385748690169,13.530280592247518,13.666950093179311,1317610.0,1838428709.03,20230206,14.0,1.024369,20230614,20230614,1.024369
000001.SZ,1d,2023-02-07,13.725522736435794,13.979337523880552,13.696236414807554,13.871954344577002,869460.0,1235297762.5400002,20230207,14.21,1.024369,20230614,20230614,1.024369
000001.SZ,1d,2023-02-08,13.901240666205245,13.979337523880552,13.696236414807554,13.705998522016968,657893.0,928708933.8500001,20230208,14.040000000000001,1.024369,20230614,20230614,1.024369
000001.SZ,1d,2023-02-09,13.676712200388726,13.959813309461726,13.627901664341657,13.793857486901691,830350.0,1174361963.28,20230209,14.13,1.024369,20230614,20230614,1.024369
000001.SZ,1d,2023-02-10,13.764571165273448,13.784095379692276,13.530280592247518,13.647425878760483,847284.0,1184283386.2,20230210,13.979999999999999,1.024369,20230614,20230614,1.024369
000001.SZ,1d,2023-02-13,13.608377449922829,13.608377449922829,13.27646580480276,13.491232163409864,1800054.0,2473405202.92,20230213,13.82,1.024369,20230614,20230614,1.024369
000001.SZ,1d,2023-02-14,13.520518485038107,13.647425878760485,13.471707948991037,13.627901664341657,909937.0,1263892077.72,20230214,13.96,1.024369,20230614,20230614,1.024369
000001.SZ,1d,2023-02-15,13.618139557132244,13.627901664341657,13.295990019221588,13.344800555268659,1250244.0,1713566672.72,20230215,13.670000000000002,1.024369,20230614,20230614,1.024369
000001.SZ,1d,2023-02-16,13.35456266247807,13.579091128294587,13.178844732708622,13.27646580480276,1279123.0,1757431083.85,20230216,13.6,1.024369,20230614,20230614,1.024369
000001.SZ,1d,2023-02-17,13.305752126431,13.393611091315725,13.110509982242725,13.110509982242725,918364.0,1246777397.11,20230217,13.43,1.024369,20230614,20230614,1.024369
000001.SZ,1d,2023-02-20,13.178844732708622,13.81338170132052,13.169082625499207,13.81338170132052,2116191.0,2945969773.39,20230220,14.15,1.024369,20230614,20230614,1.024369
000001.SZ,1d,2023-02-21,13.725522736435794,13.862192237367587,13.588853235504,13.764571165273448,990495.0,1393153377.3000002,20230221,14.1,1.024369,20230614,20230614,1.024369
000001.SZ,1d,2023-02-22,13.666950093179311,13.784095379692276,13.608377449922829,13.68647430759814,638922.0,895742534.3100001,20230222,14.02,1.024369,20230614,20230614,1.024369
000001.SZ,1d,2023-02-23,13.666950093179311,13.979337523880552,13.647425878760485,13.71576062922638,824491.0,1165539851.19,20230223,14.05,1.024369,20230614,20230614,1.024369
000001.SZ,1d,2023-02-24,13.686474307598141,13.696236414807554,13.471707948991037,13.53028059224752,729989.0,1012652971.88,20230224,13.860000000000001,1.024369,20230614,20230614,1.024369
000001.SZ,1d,2023-02-27,13.422897412943966,13.549804806666344,13.35456266247807,13.364324769687483,621462.0,854854040.5400001,20230227,13.69,1.024369,20230614,20230614,1.024369
000001.SZ,1d,2023-02-28,13.422897412943966,13.520518485038105,13.286227912012173,13.452183734572207,607936.0,833316018.4499999,20230228,13.78,1.024369,20230614,20230614,1.024369
000001.SZ,1d,2023-03-01,13.471707948991037,13.852430130158172,13.413135305734553,13.832905915739346,1223452.0,1719710647.06,20230301,14.17,1.024369,20230614,20230614,1.024369
000001.SZ,1d,2023-03-02,13.793857486901691,14.09648281039352,13.725522736435794,13.901240666205243,1015877.0,1447565979.98,20230302,14.24,1.024369,20230614,20230614,1.024369
000001.SZ,1d,2023-03-03,14.008623845508795,14.028148059927624,13.803619594111105,13.950051202252313,690954.0,985552120.63,20230303,14.290000000000001,1.024369,20230614,20230614,1.024369
000001.SZ,1d,2023-03-06,13.959813309461726,13.959813309461726,13.393611091315726,13.520518485038107,1455824.0,2023954547.2,20230306,13.850000000000001,1.024369,20230614,20230614,1.024369
000001.SZ,1d,2023-03-07,13.520518485038105,13.764571165273448,13.325276340849829,13.364324769687483,1279266.0,1773654737.03,20230307,13.69,1.024369,20230614,20230614,1.024369
000001.SZ,1d,2023-03-08,13.305752126431003,13.315514233640416,13.081223660614484,13.208131054336864,1096898.0,1479838980.07,20230308,13.530000000000001,1.024369,20230614,20230614,1.024369
000001.SZ,1d,2023-03-09,13.217893161546279,13.256941590383931,12.817646765960312,12.88598151642621,1736065.0,2305765842.21,20230309,13.200000000000001,1.024369,20230614,20230614,1.024369
000001.SZ,1d,2023-03-10,12.690739372237932,12.954316266892103,12.690739372237932,12.827408873169725,856996.0,1128558359.5,20230310,13.14,1.024369,20230614,20230614,1.024369
000001.SZ,1d,2023-03-13,12.807884658750897,12.973840481310932,12.690739372237932,12.739549908285001,1000635.0,1309490079.38,20230313,13.05,1.024369,20230614,20230614,1.024369
000001.SZ,1d,2023-03-14,12.680977265028519,12.690739372237932,12.42716247758376,12.563831978515553,1149076.0,1474124198.8600001,20230314,12.870000000000001,1.024369,20230614,20230614,1.024369
000001.SZ,1d,2023-03-15,12.739549908285,12.86645730200738,12.63216672898145,12.739549908285,979364.0,1278262225.47,20230315,13.049999999999999,1.024369,20230614,20230614,1.024369
000001.SZ,1d,2023-03-16,12.583356192934382,12.720025693866175,12.495497228049658,12.515021442468484,916792.0,1182054433.62,20230316,12.82,1.024369,20230614,20230614,1.024369
000001.SZ,1d,2023-03-17,12.680977265028519,12.729787801075588,12.34906561990845,12.446686692002586,1556814.0,2000832407.83,20230317,12.75,1.024369,20230614,20230614,1.024369
000001.SZ,1d,2023-03-20,12.456448799212003,12.544307764096727,12.251444547814312,12.270968762233139,1188816.0,1505893658.68,20230320,12.57,1.024369,20230614,20230614,1.024369
000001.SZ,1d,2023-03-21,12.34906561990845,12.475973013630828,12.202634011767243,12.397876155955517,840743.0,1060914056.37,20230321,12.7,1.024369,20230614,20230614,1.024369
000001.SZ,1d,2023-03-22,12.446686692002586,12.573594085724967,12.407638263164934,12.485735120840243,876691.0,1121080753.38,20230322,12.790000000000001,1.024369,20230614,20230614,1.024369
000001.SZ,1d,2023-03-23,12.397876155955519,12.593118300143795,12.329541405489623,12.593118300143795,804306.0,1029380497.2700001,20230323,12.9,1.024369,20230614,20230614,1.024369
000001.SZ,1d,2023-03-24,12.544307764096725,12.554069871306138,12.456448799212001,12.515021442468484,621519.0,796319541.9700001,20230324,12.82,1.024369,20230614,20230614,1.024369
000001.SZ,1d,2023-03-27,12.495497228049658,12.50525933525907,12.163585582929588,12.300255083861382,1008422.0,1266945056.0299997,20230327,12.600000000000001,1.024369,20230614,20230614,1.024369
000001.SZ,1d,2023-03-28,12.358827727117863,12.42716247758376,12.251444547814312,12.339303512699036,673868.0,851797868.5600001,20230328,12.64,1.024369,20230614,20230614,1.024369
000001.SZ,1d,2023-03-29,12.42716247758376,12.436924584793173,12.202634011767243,12.231920333395482,596064.0,750687550.55,20230329,12.53,1.024369,20230614,20230614,1.024369
000001.SZ,1d,2023-03-30,12.251444547814312,12.407638263164934,12.114775046882519,12.37835194153669,824546.0,1035422932.0100001,20230330,12.68,1.024369,20230614,20230614,1.024369
000001.SZ,1d,2023-03-31,12.388114048746104,12.466210906421415,12.212396118976656,12.231920333395482,865492.0,1092263436.9,20230331,12.53,1.024369,20230614,20230614,1.024369
000001.SZ,1d,2023-04-03,12.251444547814312,12.388114048746106,12.163585582929588,12.36858983432728,740429.0,934285179.24,20230403,12.670000000000002,1.024369,20230614,20230614,1.024369
000001.SZ,1d,2023-04-04,12.339303512699036,12.417400370374347,12.290492976651967,12.34906561990845,647457.0,817726526.95,20230404,12.65,1.024369,20230614,20230614,1.024369
000001.SZ,1d,2023-04-06,12.30025508386138,12.310017191070793,12.202634011767243,12.280730869442554,563321.0,706480659.58,20230406,12.58,1.024369,20230614,20230614,1.024369
000001.SZ,1d,2023-04-07,12.270968762233139,12.388114048746104,12.202634011767243,12.319779298280206,607925.0,767354796.52,20230407,12.62,1.024369,20230614,20230614,1.024369
000001.SZ,1d,2023-04-10,12.339303512699036,12.397876155955517,12.280730869442554,12.37835194153669,640182.0,809943147.62,20230410,12.68,1.024369,20230614,20230614,1.024369
000001.SZ,1d,2023-04-11,12.397876155955517,12.417400370374345,12.22215822618607,12.241682440604897,777780.0,978302907.7900001,20230411,12.54,1.024369,20230614,20230614,1.024369
000001.SZ,1d,2023-04-12,12.280730869442555,12.290492976651969,12.153823475720175,12.183109797348415,909957.0,1136997696.1399999,20230412,12.48,1.024369,20230614,20230614,1.024369
000001.SZ,1d,2023-04-13,12.114775046882519,12.368589834327278,12.007391867578967,12.261206655023726,1131591.0,1413919037.13,20230413,12.56,1.024369,20230614,20230614,1.024369
000001.SZ,1d,2023-04-14,12.30025508386138,12.593118300143795,12.280730869442554,12.388114048746104,1297995.0,1653539530.91,20230414,12.69,1.024369,20230614,20230614,1.024369
000001.SZ,1d,2023-04-17,12.358827727117863,12.63216672898145,12.30025508386138,12.622404621772036,1304213.0,1669357649.18,20230417,12.93,1.024369,20230614,20230614,1.024369
000001.SZ,1d,2023-04-18,12.622404621772036,12.88598151642621,12.583356192934382,12.690739372237932,1538936.0,2009934874.5900002,20230418,13.0,1.024369,20230614,20230614,1.024369
000001.SZ,1d,2023-04-19,12.71026358665676,12.75907412270383,12.524783549677897,12.544307764096725,1014378.0,1309536001.8000002,20230419,12.85,1.024369,20230614,20230614,1.024369
000001.SZ,1d,2023-04-20,12.593118300143795,12.593118300143795,12.319779298280208,12.446686692002588,811788.0,1033330703.7800001,20230420,12.750000000000002,1.024369,20230614,20230614,1.024369
000001.SZ,1d,2023-04-21,12.397876155955519,12.524783549677897,12.183109797348415,12.202634011767243,918668.0,1160509766.03,20230421,12.5,1.024369,20230614,20230614,1.024369
000001.SZ,1d,2023-04-24,12.183109797348415,12.202634011767245,11.743814972924795,11.812149723390693,1467672.0,1798133966.9200003,20230424,12.100000000000001,1.024369,20230614,20230614,1.024369
000001.SZ,1d,2023-04-25,11.851198152228346,12.075726618044865,11.83167393780952,11.98786765316014,1301901.0,1595320169.74,20230425,12.280000000000001,1.024369,20230614,20230614,1.024369
000001.SZ,1d,2023-04-26,11.958581331531898,11.958581331531898,11.70476654408714,11.83167393780952,991260.0,1197555724.16,20230426,12.120000000000001,1.024369,20230614,20230614,1.024369
000001.SZ,1d,2023-04-27,11.773101294553037,12.056202403626035,11.714528651296552,11.96834343874131,1004093.0,1222755932.3700001,20230427,12.26,1.024369,20230614,20230614,1.024369
000001.SZ,1d,2023-04-28,11.96834343874131,12.47597301363083,11.929295009903656,12.251444547814312,1445254.0,1816868032.9800003,20230428,12.55,1.024369,20230614,20230614,1.024369
000001.SZ,1d,2023-05-04,12.105012939673104,12.524783549677897,11.900008688275415,12.42716247758376,1478264.0,1863146144.1599998,20230504,12.73,1.024369,20230614,20230614,1.024369
000001.SZ,1d,2023-05-05,12.475973013630828,12.798122551541484,12.446686692002586,12.602880407353208,1762189.0,2283981032.07,20230505,12.91,1.024369,20230614,20230614,1.024369
000001.SZ,1d,2023-05-08,12.63216672898145,13.169082625499207,12.534545656887312,13.003126802939175,2630719.0,3478891629.3500004,20230508,13.32,1.024369,20230614,20230614,1.024369
000001.SZ,1d,2023-05-09,13.081223660614484,13.276465804802761,12.817646765960312,12.846933087588553,2422534.0,3238716470.9700003,20230509,13.16,1.024369,20230614,20230614,1.024369
000001.SZ,1d,2023-05-10,12.856695194797966,12.944554159682692,12.495497228049658,12.534545656887312,1237053.0,1600189994.17,20230510,12.84,1.024369,20230614,20230614,1.024369
000001.SZ,1d,2023-05-11,12.641928836190864,12.807884658750899,12.495497228049658,12.544307764096727,903758.0,1166479364.8899999,20230511,12.850000000000001,1.024369,20230614,20230614,1.024369
000001.SZ,1d,2023-05-12,12.515021442468484,12.563831978515552,12.310017191070793,12.319779298280206,885604.0,1124579090.5400002,20230512,12.62,1.024369,20230614,20230614,1.024369
000001.SZ,1d,2023-05-15,12.378351941536692,12.544307764096727,12.153823475720175,12.524783549677899,928326.0,1173804243.15,20230515,12.830000000000002,1.024369,20230614,20230614,1.024369
000001.SZ,1d,2023-05-16,12.495497228049658,12.612642514562621,12.270968762233139,12.319779298280208,998302.0,1267712090.05,20230516,12.620000000000001,1.024369,20230614,20230614,1.024369
000001.SZ,1d,2023-05-17,12.280730869442554,12.339303512699034,12.144061368510759,12.192871904557828,754621.0,945315193.07,20230517,12.49,1.024369,20230614,20230614,1.024369
000001.SZ,1d,2023-05-18,12.270968762233139,12.339303512699036,12.134299261301345,12.192871904557828,687187.0,861347534.3199999,20230518,12.49,1.024369,20230614,20230614,1.024369
000001.SZ,1d,2023-05-19,12.134299261301345,12.144061368510759,12.026916081997795,12.046440296416622,688414.0,851165593.52,20230519,12.34,1.024369,20230614,20230614,1.024369
000001.SZ,1d,2023-05-22,12.01715397478838,12.153823475720175,12.01715397478838,12.085488725254278,549328.0,679754868.04,20230522,12.38,1.024369,20230614,20230614,1.024369
000001.SZ,1d,2023-05-23,12.085488725254278,12.114775046882519,11.919532902694243,11.919532902694243,694364.0,852871175.23,20230523,12.21,1.024369,20230614,20230614,1.024369
000001.SZ,1d,2023-05-24,11.909770795484828,11.919532902694241,11.724290758505965,11.724290758505965,824251.0,996600577.63,20230524,12.01,1.024369,20230614,20230614,1.024369
000001.SZ,1d,2023-05-25,11.70476654408714,11.714528651296552,11.529048614317691,11.646193900830657,882744.0,1050002541.88,20230525,11.93,1.024369,20230614,20230614,1.024369
000001.SZ,1d,2023-05-26,11.646193900830657,11.84143604501893,11.558334935945933,11.812149723390691,511429.0,613772897.17,20230526,12.1,1.024369,20230614,20230614,1.024369
000001.SZ,1d,2023-05-29,11.821911830600106,11.841436045018932,11.665718115249485,11.695004436877726,566074.0,680275577.83,20230529,11.98,1.024369,20230614,20230614,1.024369
000001.SZ,1d,2023-05-30,11.695004436877726,11.70476654408714,11.519286507108278,11.587621257574174,763997.0,906316373.6100001,20230530,11.870000000000001,1.024369,20230614,20230614,1.024369
000001.SZ,1d,2023-05-31,11.538810721527105,11.558334935945933,11.304520148501174,11.32404436292,1179587.0,1376758356.6800003,20230531,11.6,1.024369,20230614,20230614,1.024369
000001.SZ,1d,2023-06-01,11.32404436292,11.402141220595311,11.226423290825863,11.314282255710587,743023.0,861646489.19,20230601,11.59,1.024369,20230614,20230614,1.024369
000001.SZ,1d,2023-06-02,11.402141220595311,11.685242329668313,11.363092791757657,11.646193900830657,1221843.0,1446502669.25,20230602,11.93,1.024369,20230614,20230614,1.024369
000001.SZ,1d,2023-06-05,11.597383364783587,11.714528651296552,11.538810721527105,11.626669686411828,521846.0,620531416.4200001,20230605,11.91,1.024369,20230614,20230614,1.024369
000001.SZ,1d,2023-06-06,11.626669686411828,11.802387616181276,11.538810721527105,11.558334935945933,833273.0,997039311.52,20230606,11.84,1.024369,20230614,20230614,1.024369
000001.SZ,1d,2023-06-07,11.607145471993002,11.78286340176245,11.597383364783587,11.655956008040071,643698.0,770386878.4700001,20230607,11.940000000000001,1.024369,20230614,20230614,1.024369
000001.SZ,1d,2023-06-08,11.675480222458896,11.909770795484828,11.577859150364759,11.831673937809517,869397.0,1048266235.89,20230608,12.12,1.024369,20230614,20230614,1.024369
000001.SZ,1d,2023-06-09,11.773101294553037,11.802387616181276,11.568097043155346,11.597383364783587,1315285.0,1566929273.97,20230609,11.879999999999999,1.024369,20230614,20230614,1.024369
000001.SZ,1d,2023-06-12,11.538810721527105,11.616907579202415,11.480238078270622,11.509524399898861,758747.0,896015708.76,20230612,11.79,1.024369,20230614,20230614,1.024369
000001.SZ,1d,2023-06-13,11.480238078270622,11.558334935945933,11.411903327804724,11.490000185480035,849988.0,1000183566.9200002,20230613,11.77,1.024369,20230614,20230614,1.024369
000001.SZ,1d,2023-06-14,11.55,11.73,11.46,11.47,1069200.0,1237376775.64,20230614,11.47,1.0,20230614,20230614,1.024369
