stock,period,datetime,open,high,low,close,volume,amount,day,raw_close,cum_dr,asof,new_event_day,new_dr
000001.SZ,1d,2016-01-04,8.252204291303745,8.272834802032005,7.722687849278422,7.79145621837262,563497.0,660376153.12,20160104,11.33,1.4541569229745948,20240614,20240614,1.071428
000001.SZ,1d,2016-01-05,7.750195196916101,7.956500304198695,7.667673154003063,7.839594076738559,663269.0,755531353.7200001,20160105,11.4,1.4541569229745948,20240614,20240614,1.071428
000001.SZ,1d,2016-01-06,7.853347750557398,7.949623467289275,7.8327172398291385,7.928992956561016,515706.0,591698520.3600001,20160106,11.530000000000001,1.4541569229745948,20240614,20240614,1.071428
000001.SZ,1d,2016-01-07,7.846470913647978,7.846470913647978,7.502629068176988,7.523259578905248,174761.0,194869493.47000003,20160107,10.94,1.4541569229745948,20240614,20240614,1.071428
000001.SZ,1d,2016-01-08,7.708934175459583,7.763948870734941,7.495752231267569,7.647042643274805,747527.0,831334546.23,20160108,11.120000000000001,1.4541569229745948,20240614,20240614,1.071428
000001.SZ,1d,2016-01-11,7.564520600361766,7.619535295637125,7.344461819260333,7.399476514535691,732013.0,800683640.99,20160111,10.76,1.4541569229745948,20240614,20240614,1.071428
000001.SZ,1d,2016-01-12,7.44761437290163,7.502629068176988,7.316954471622655,7.433860699082791,561642.0,605970836.99,20160112,10.81,1.4541569229745948,20240614,20240614,1.071428
000001.SZ,1d,2016-01-13,7.488875394358149,7.5232595789052485,7.358215493079173,7.3650923299885935,391709.0,424371697.73,20160113,10.71,1.4541569229745948,20240614,20240614,1.071428
000001.SZ,1d,2016-01-14,7.282570287075555,7.426983862173372,7.206925081071938,7.406353351445111,666314.0,708535004.7,20160114,10.77,1.4541569229745948,20240614,20240614,1.071428
000001.SZ,1d,2016-01-15,7.330708145441494,7.426983862173372,7.165664059615419,7.1931714072530974,448202.0,474908142.0300001,20160115,10.459999999999999,1.4541569229745948,20240614,20240614,1.071428
000001.SZ,1d,2016-01-18,7.110649364340061,7.261939776347297,7.083142016702382,7.158787222706,421040.0,439917816.17999995,20160118,10.41,1.4541569229745948,20240614,20240614,1.071428
000001.SZ,1d,2016-01-19,7.186294570343678,7.413230188354531,7.158787222706,7.3650923299885935,501109.0,532074699.5,20160119,10.71,1.4541569229745948,20240614,20240614,1.071428
000001.SZ,1d,2016-01-20,7.3582154930791726,7.42698386217337,7.179417733434258,7.2481861025284555,603752.0,640968946.8700001,20160120,10.54,1.4541569229745948,20240614,20240614,1.071428
000001.SZ,1d,2016-01-21,7.206925081071938,7.392599677626272,7.0968956905212215,7.0968956905212215,606145.0,638127876.8299999,20160121,10.32,1.4541569229745948,20240614,20240614,1.071428
000001.SZ,1d,2016-01-22,7.15191038579658,7.186294570343679,7.028127321427023,7.15191038579658,466752.0,482984450.37000006,20160122,10.4,1.4541569229745948,20240614,20240614,1.071428
000001.SZ,1d,2016-01-25,7.15191038579658,7.179417733434258,7.103772527430641,7.131279875068319,376431.0,390734876.74,20160125,10.37,1.4541569229745948,20240614,20240614,1.071428
000001.SZ,1d,2016-01-26,7.0968956905212215,7.0968956905212215,6.780561192687911,6.78743802959733,647901.0,653561593.37,20160126,9.87,1.4541569229745948,20240614,20240614,1.071428
000001.SZ,1d,2016-01-27,6.8286990510538494,6.863083235600949,6.601763433042996,6.79431486650675,569037.0,558510640.86,20160127,9.879999999999999,1.4541569229745948,20240614,20240614,1.071428
000001.SZ,1d,2016-01-28,6.753053845050232,6.801191703416171,6.636147617590096,6.663654965227774,302540.0,296055319.24,20160128,9.69,1.4541569229745948,20240614,20240614,1.071428
000001.SZ,1d,2016-01-29,6.698039149774874,6.931851604695146,6.663654965227774,6.876836909419788,544435.0,540544459.55,20160129,10.0,1.4541569229745948,20240614,20240614,1.071428
000001.SZ,1d,2016-02-01,6.863083235600949,6.8837137463292075,6.698039149774874,6.739300171231393,417732.0,412635642.62999994,20160201,9.8,1.4541569229745948,20240614,20240614,1.071428
000001.SZ,1d,2016-02-02,6.739300171231392,6.897467420148047,6.7255464974125525,6.842452724872689,369104.0,367360499.7,20160202,9.95,1.4541569229745948,20240614,20240614,1.071428
000001.SZ,1d,2016-02-03,6.7736843557784905,6.801191703416169,6.718669660503132,6.7736843557784905,274572.0,269997835.61,20160203,9.85,1.4541569229745948,20240614,20240614,1.071428
000001.SZ,1d,2016-02-04,6.801191703416171,6.876836909419788,6.794314866506751,6.84245272487269,373099.0,370586187.52000004,20160204,9.950000000000001,1.4541569229745948,20240614,20240614,1.071428
000001.SZ,1d,2016-02-05,6.84932956178211,6.856206398691529,6.81494537723501,6.821822214144429,270893.0,269184383.53,20160205,9.92,1.4541569229745948,20240614,20240614,1.071428
000001.SZ,1d,2016-02-15,6.643024454499515,6.7736843557784905,6.636147617590096,6.732423334321973,278499.0,271173372.44,20160215,9.790000000000001,1.4541569229745948,20240614,20240614,1.071428
000001.SZ,1d,2016-02-16,6.766807518869071,6.897467420148047,6.759930681959651,6.8837137463292075,428386.0,427507774.18,20160216,10.01,1.4541569229745948,20240614,20240614,1.071428
000001.SZ,1d,2016-02-17,6.897467420148047,7.028127321427023,6.869960072510368,6.979989463061085,585167.0,590538918.7800001,20160217,10.15,1.4541569229745948,20240614,20240614,1.071428
000001.SZ,1d,2016-02-18,7.000619973789344,7.028127321427023,6.938728441604566,6.938728441604566,406178.0,412337569.83000004,20160218,10.09,1.4541569229745948,20240614,20240614,1.071428
000001.SZ,1d,2016-02-19,6.938728441604566,6.973112626151665,6.869960072510368,6.904344257057468,318898.0,320939651.99,20160219,10.040000000000001,1.4541569229745948,20240614,20240614,1.071428
000001.SZ,1d,2016-02-22,6.966235789242246,7.090018853611801,6.918097930876307,7.076265179792962,617739.0,630251514.49,20160222,10.290000000000001,1.4541569229745948,20240614,20240614,1.071428
000001.SZ,1d,2016-02-23,7.076265179792962,7.076265179792962,6.911221093966887,6.959358952332826,425874.0,432315311.35,20160223,10.120000000000001,1.4541569229745948,20240614,20240614,1.071428
000001.SZ,1d,2016-02-24,6.918097930876307,6.979989463061085,6.8837137463292075,6.979989463061085,300103.0,302498026.09,20160224,10.15,1.4541569229745948,20240614,20240614,1.071428
000001.SZ,1d,2016-02-25,6.959358952332825,6.966235789242244,6.601763433042996,6.649901291408935,622072.0,615004743.2700001,20160225,9.67,1.4541569229745948,20240614,20240614,1.071428
000001.SZ,1d,2016-02-26,6.718669660503132,6.759930681959651,6.643024454499515,6.732423334321973,392154.0,382634662.72,20160226,9.790000000000001,1.4541569229745948,20240614,20240614,1.071428
000001.SZ,1d,2016-02-29,6.732423334321972,6.746177008140812,6.47798036867344,6.574256085405318,566896.0,542183971.78,20160229,9.56,1.4541569229745948,20240614,20240614,1.071428
000001.SZ,1d,2016-03-01,6.6155171068618355,6.718669660503132,6.588009759224157,6.6705318021371935,377910.0,365149008.02000004,20160301,9.7,1.4541569229745948,20240614,20240614,1.071428
000001.SZ,1d,2016-03-02,6.704915986684293,6.966235789242246,6.684285475956035,6.945605278513987,676613.0,673626229.31,20160302,10.100000000000001,1.4541569229745948,20240614,20240614,1.071428
000001.SZ,1d,2016-03-03,6.938728441604567,7.000619973789345,6.904344257057468,6.952482115423407,553089.0,559045201.6200001,20160303,10.110000000000001,1.4541569229745948,20240614,20240614,1.071428
000001.SZ,1d,2016-03-04,6.938728441604566,7.220678754890777,6.924974767785726,7.15191038579658,1381249.0,1429273062.74,20160304,10.4,1.4541569229745948,20240614,20240614,1.071428
000001.SZ,1d,2016-03-07,7.117526201249482,7.213801917981358,7.083142016702382,7.110649364340061,606352.0,630155599.1600001,20160307,10.34,1.4541569229745948,20240614,20240614,1.071428
000001.SZ,1d,2016-03-08,7.1244030381589,7.1244030381589,6.835575887963269,7.069388342883541,643156.0,650471607.35,20160308,10.28,1.4541569229745948,20240614,20240614,1.071428
000001.SZ,1d,2016-03-09,6.973112626151665,7.028127321427023,6.904344257057468,6.993743136879925,325900.0,330124892.38,20160309,10.170000000000002,1.4541569229745948,20240614,20240614,1.071428
000001.SZ,1d,2016-03-10,7.0418809952458625,7.117526201249482,6.966235789242246,6.979989463061085,474020.0,486414240.72,20160310,10.15,1.4541569229745948,20240614,20240614,1.071428
000001.SZ,1d,2016-03-11,6.945605278513987,7.028127321427023,6.904344257057468,6.9868662999705045,383736.0,389638934.2,20160311,10.16,1.4541569229745948,20240614,20240614,1.071428
000001.SZ,1d,2016-03-14,7.021250484517604,7.193171407253098,7.021250484517604,7.055634669064704,655158.0,679161304.98,20160314,10.260000000000002,1.4541569229745948,20240614,20240614,1.071428
000001.SZ,1d,2016-03-15,7.069388342883541,7.1244030381589,6.9868662999705045,7.0968956905212215,417920.0,428786691.82,20160315,10.32,1.4541569229745948,20240614,20240614,1.071428
000001.SZ,1d,2016-03-16,7.062511505974122,7.186294570343678,7.048757832155283,7.11752620124948,664886.0,690087713.0500001,20160316,10.35,1.4541569229745948,20240614,20240614,1.071428
000001.SZ,1d,2016-03-17,7.124403038158901,7.206925081071938,7.083142016702382,7.165664059615419,610996.0,635181313.4699999,20160317,10.42,1.4541569229745948,20240614,20240614,1.071428
000001.SZ,1d,2016-03-18,7.165664059615419,7.268816613256716,7.15191038579658,7.248186102528457,797215.0,836565552.7900001,20160318,10.540000000000001,1.4541569229745948,20240614,20240614,1.071428
000001.SZ,1d,2016-03-21,7.2550629394378765,7.4682448836298905,7.2550629394378765,7.426983862173372,920432.0,987764461.92,20160321,10.8,1.4541569229745948,20240614,20240614,1.071428
000001.SZ,1d,2016-03-22,7.406353351445111,7.523259578905248,7.3513386561697525,7.371969166898012,625482.0,675406611.44,20160322,10.719999999999999,1.4541569229745948,20240614,20240614,1.071428
000001.SZ,1d,2016-03-23,7.365092329988592,7.406353351445111,7.296323960894394,7.3582154930791726,430278.0,458963272.7,20160323,10.7,1.4541569229745948,20240614,20240614,1.071428
000001.SZ,1d,2016-03-24,7.296323960894394,7.3100776347132355,7.220678754890777,7.234432428709616,372406.0,393411544.51,20160324,10.52,1.4541569229745948,20240614,20240614,1.071428
000001.SZ,1d,2016-03-25,7.227555591800197,7.289447123984975,7.220678754890777,7.282570287075555,237070.0,250338489.56000003,20160325,10.59,1.4541569229745948,20240614,20240614,1.071428
000001.SZ,1d,2016-03-28,7.303200797803815,7.323831308532075,7.186294570343679,7.206925081071938,358621.0,378973327.48,20160328,10.48,1.4541569229745948,20240614,20240614,1.071428
000001.SZ,1d,2016-03-29,7.227555591800198,7.234432428709618,7.13815671197774,7.17254089652484,318317.0,332422397.07,20160329,10.430000000000001,1.4541569229745948,20240614,20240614,1.071428
000001.SZ,1d,2016-03-30,7.206925081071938,7.358215493079173,7.200048244162518,7.358215493079173,539699.0,572627417.13,20160330,10.700000000000001,1.4541569229745948,20240614,20240614,1.071428
000001.SZ,1d,2016-03-31,7.3650923299885935,7.392599677626272,7.316954471622655,7.316954471622655,418387.0,447266281.73,20160331,10.64,1.4541569229745948,20240614,20240614,1.071428
000001.SZ,1d,2016-04-01,7.3032007978038145,7.3513386561697525,7.220678754890777,7.330708145441494,369341.0,391830399.33,20160401,10.66,1.4541569229745948,20240614,20240614,1.071428
000001.SZ,1d,2016-04-05,7.3032007978038145,7.433860699082791,7.220678754890777,7.3582154930791726,592308.0,632378859.33,20160405,10.7,1.4541569229745948,20240614,20240614,1.071428
000001.SZ,1d,2016-04-06,7.344461819260333,7.392599677626272,7.296323960894394,7.371969166898012,435259.0,464962437.13000005,20160406,10.719999999999999,1.4541569229745948,20240614,20240614,1.071428
000001.SZ,1d,2016-04-07,7.371969166898013,7.378846003807433,7.282570287075555,7.282570287075555,377719.0,401949050.57000005,20160407,10.59,1.4541569229745948,20240614,20240614,1.071428
000001.SZ,1d,2016-04-08,7.2550629394378765,7.337584982350913,7.220678754890777,7.268816613256716,376553.0,397998243.93,20160408,10.57,1.4541569229745948,20240614,20240614,1.071428
000001.SZ,1d,2016-04-11,7.289447123984975,7.42698386217337,7.289447123984975,7.371969166898012,786386.0,840486348.21,20160411,10.719999999999999,1.4541569229745948,20240614,20240614,1.071428
000001.SZ,1d,2016-04-12,7.358215493079173,7.3650923299885935,7.303200797803815,7.337584982350915,298599.0,318538001.82000005,20160412,10.670000000000002,1.4541569229745948,20240614,20240614,1.071428
000001.SZ,1d,2016-04-13,7.378846003807433,7.543890089633508,7.3650923299885935,7.433860699082791,856760.0,929858588.49,20160413,10.81,1.4541569229745948,20240614,20240614,1.071428
000001.SZ,1d,2016-04-14,7.48199855744873,7.495752231267569,7.420107025263952,7.454491209811051,323646.0,350702741.47,20160414,10.840000000000002,1.4541569229745948,20240614,20240614,1.071428
000001.SZ,1d,2016-04-15,7.45449120981105,7.5232595789052485,7.426983862173372,7.48199855744873,497224.0,541052858.38,20160415,10.88,1.4541569229745948,20240614,20240614,1.071428
000001.SZ,1d,2016-04-18,7.440737535992211,7.4613680467204695,7.378846003807433,7.378846003807433,350654.0,377791436.76,20160418,10.73,1.4541569229745948,20240614,20240614,1.071428
000001.SZ,1d,2016-04-19,7.406353351445112,7.433860699082791,7.3650923299885935,7.406353351445112,218239.0,234479844.29,20160419,10.770000000000001,1.4541569229745948,20240614,20240614,1.071428
000001.SZ,1d,2016-04-20,7.406353351445111,7.413230188354531,7.1244030381589,7.234432428709616,606586.0,640149677.08,20160420,10.52,1.4541569229745948,20240614,20240614,1.071428
000001.SZ,1d,2016-04-21,7.234432428709618,7.3100776347132355,7.186294570343679,7.227555591800198,558799.0,588731547.4699999,20160421,10.510000000000002,1.4541569229745948,20240614,20240614,1.071428
000001.SZ,1d,2016-04-22,7.193171407253098,7.303200797803815,7.158787222706,7.2550629394378765,359677.0,379176139.25,20160422,10.55,1.4541569229745948,20240614,20240614,1.071428
000001.SZ,1d,2016-04-25,7.261939776347297,7.261939776347297,7.165664059615419,7.220678754890777,349257.0,366533376.73,20160425,10.5,1.4541569229745948,20240614,20240614,1.071428
000001.SZ,1d,2016-04-26,7.206925081071938,7.289447123984976,7.193171407253098,7.282570287075557,291699.0,306962513.0,20160426,10.590000000000002,1.4541569229745948,20240614,20240614,1.071428
000001.SZ,1d,2016-04-27,7.275693450166136,7.296323960894394,7.234432428709616,7.268816613256716,239553.0,253308584.05,20160427,10.57,1.4541569229745948,20240614,20240614,1.071428
000001.SZ,1d,2016-04-28,7.275693450166136,7.399476514535693,7.248186102528457,7.330708145441494,457460.0,487261220.54,20160428,10.66,1.4541569229745948,20240614,20240614,1.071428
000001.SZ,1d,2016-04-29,7.316954471622655,7.316954471622655,7.2550629394378765,7.268816613256716,404977.0,428582155.01,20160429,10.57,1.4541569229745948,20240614,20240614,1.071428
000001.SZ,1d,2016-05-03,7.275693450166136,7.371969166898012,7.234432428709616,7.344461819260333,489102.0,521137502.43000007,20160503,10.68,1.4541569229745948,20240614,20240614,1.071428
000001.SZ,1d,2016-05-04,7.344461819260333,7.392599677626272,7.330708145441494,7.371969166898013,412435.0,441848167.65000004,20160504,10.72,1.4541569229745948,20240614,20240614,1.071428
000001.SZ,1d,2016-05-05,7.3513386561697525,7.371969166898013,7.323831308532075,7.371969166898013,239516.0,256002095.85999998,20160505,10.72,1.4541569229745948,20240614,20240614,1.071428
000001.SZ,1d,2016-05-06,7.378846003807433,7.378846003807433,7.234432428709616,7.234432428709616,346545.0,367408584.52,20160506,10.52,1.4541569229745948,20240614,20240614,1.071428
000001.SZ,1d,2016-05-09,7.220678754890777,7.241309265619037,7.0968956905212215,7.11752620124948,411171.0,428356624.07,20160509,10.35,1.4541569229745948,20240614,20240614,1.071428
000001.SZ,1d,2016-05-10,7.110649364340061,7.131279875068319,7.062511505974122,7.069388342883541,292599.0,301767207.97,20160510,10.28,1.4541569229745948,20240614,20240614,1.071428
000001.SZ,1d,2016-05-11,7.083142016702382,7.179417733434259,7.083142016702382,7.131279875068321,327289.0,339005275.76,20160511,10.370000000000001,1.4541569229745948,20240614,20240614,1.071428
000001.SZ,1d,2016-05-12,7.090018853611801,7.15191038579658,7.048757832155283,7.13815671197774,325885.0,336792700.57,20160512,10.38,1.4541569229745948,20240614,20240614,1.071428
000001.SZ,1d,2016-05-13,7.11752620124948,7.15191038579658,7.103772527430641,7.11752620124948,184266.0,191007255.66,20160513,10.35,1.4541569229745948,20240614,20240614,1.071428
000001.SZ,1d,2016-05-16,7.0968956905212215,7.1244030381589,7.048757832155283,7.1244030381589,215224.0,221931208.07000002,20160516,10.36,1.4541569229745948,20240614,20240614,1.071428
000001.SZ,1d,2016-05-17,7.1244030381589,7.131279875068321,7.0418809952458625,7.083142016702382,250424.0,257859628.95000002,20160517,10.3,1.4541569229745948,20240614,20240614,1.071428
000001.SZ,1d,2016-05-18,7.076265179792961,7.0968956905212215,6.9937431368799245,7.083142016702382,534150.0,547076639.38,20160518,10.3,1.4541569229745948,20240614,20240614,1.071428
000001.SZ,1d,2016-05-19,7.062511505974122,7.0968956905212215,7.048757832155283,7.048757832155283,170777.0,175591500.42,20160519,10.25,1.4541569229745948,20240614,20240614,1.071428
000001.SZ,1d,2016-05-20,7.0418809952458625,7.103772527430641,7.007496810698764,7.08314201670238,206703.0,212277642.00000003,20160520,10.299999999999999,1.4541569229745948,20240614,20240614,1.071428
000001.SZ,1d,2016-05-23,7.103772527430641,7.110649364340061,7.048757832155283,7.069388342883541,323646.0,333300178.49,20160523,10.28,1.4541569229745948,20240614,20240614,1.071428
000001.SZ,1d,2016-05-24,7.062511505974122,7.069388342883541,7.007496810698764,7.021250484517603,259294.0,265042286.91000003,20160524,10.209999999999999,1.4541569229745948,20240614,20240614,1.071428
000001.SZ,1d,2016-05-25,7.048757832155283,7.069388342883541,7.007496810698764,7.035004158336442,204235.0,209019882.70000002,20160525,10.229999999999999,1.4541569229745948,20240614,20240614,1.071428
000001.SZ,1d,2016-05-26,7.028127321427023,7.062511505974122,6.9937431368799245,7.028127321427023,261396.0,266736775.84,20160526,10.22,1.4541569229745948,20240614,20240614,1.071428
000001.SZ,1d,2016-05-27,7.028127321427022,7.076265179792961,7.007496810698764,7.062511505974122,222818.0,228377555.01999998,20160527,10.27,1.4541569229745948,20240614,20240614,1.071428
000001.SZ,1d,2016-05-30,7.0487578321552835,7.069388342883543,7.014373647608184,7.069388342883543,380946.0,390119748.19,20160530,10.280000000000001,1.4541569229745948,20240614,20240614,1.071428
000001.SZ,1d,2016-05-31,7.055634669064702,7.268816613256716,7.055634669064702,7.255062939437876,946467.0,991668174.78,20160531,10.549999999999999,1.4541569229745948,20240614,20240614,1.071428
000001.SZ,1d,2016-06-01,7.227555591800197,7.255062939437876,7.179417733434258,7.206925081071937,556750.0,584161145.13,20160601,10.479999999999999,1.4541569229745948,20240614,20240614,1.071428
000001.SZ,1d,2016-06-02,7.200048244162518,7.206925081071938,7.165664059615419,7.1931714072530974,293036.0,306269383.37,20160602,10.459999999999999,1.4541569229745948,20240614,20240614,1.071428
000001.SZ,1d,2016-06-03,7.200048244162518,7.234432428709616,7.158787222706,7.220678754890777,423389.0,443039580.98,20160603,10.5,1.4541569229745948,20240614,20240614,1.071428
000001.SZ,1d,2016-06-06,7.227555591800198,7.241309265619037,7.186294570343679,7.227555591800198,338332.0,354998364.13,20160606,10.510000000000002,1.4541569229745948,20240614,20240614,1.071428
000001.SZ,1d,2016-06-07,7.234432428709616,7.241309265619037,7.206925081071938,7.234432428709616,229282.0,240887148.70000002,20160607,10.52,1.4541569229745948,20240614,20240614,1.071428
000001.SZ,1d,2016-06-08,7.248186102528457,7.248186102528457,7.193171407253098,7.220678754890777,268188.0,281651740.87,20160608,10.5,1.4541569229745948,20240614,20240614,1.071428
000001.SZ,1d,2016-06-13,7.193171407253098,7.200048244162518,7.103772527430641,7.103772527430641,344816.0,358996277.49999994,20160613,10.33,1.4541569229745948,20240614,20240614,1.071428
000001.SZ,1d,2016-06-14,7.110649364340061,7.158787222706,7.0968956905212215,7.15191038579658,273637.0,283578296.52,20160614,10.4,1.4541569229745948,20240614,20240614,1.071428
000001.SZ,1d,2016-06-15,7.103772527430641,7.206925081071938,7.0968956905212215,7.179417733434258,378172.0,394033686.13,20160615,10.44,1.4541569229745948,20240614,20240614,1.071428
000001.SZ,1d,2016-06-16,7.179417534005984,7.2045496840666825,7.145908000591721,7.179417534005984,386670.0,331192444.67,20160616,8.569999999999999,1.1936901509638338,20240614,20240614,1.071428
000001.SZ,1d,2016-06-17,7.179417534005985,7.2129270674202495,7.154285383945288,7.187794917359551,315173.0,270236697.97,20160617,8.58,1.1936901509638338,20240614,20240614,1.071428
000001.SZ,1d,2016-06-20,7.196172300713117,7.2045496840666825,7.17104015065242,7.2045496840666825,270731.0,232205297.92,20160620,8.6,1.1936901509638338,20240614,20240614,1.071428
000001.SZ,1d,2016-06-21,7.212927067420249,7.246436600834513,7.187794917359551,7.212927067420249,380749.0,327940703.41,20160621,8.61,1.1936901509638338,20240614,20240614,1.071428
000001.SZ,1d,2016-06-22,7.2045496840666825,7.31345566766304,7.187794917359551,7.31345566766304,478002.0,413947368.64000005,20160622,8.73,1.1936901509638338,20240614,20240614,1.071428
000001.SZ,1d,2016-06-23,7.263191367541644,7.288323517602343,7.229681834127382,7.254813984188078,335614.0,290490407.0,20160623,8.66,1.1936901509638338,20240614,20240614,1.071428
000001.SZ,1d,2016-06-24,7.238059217480946,7.2883235176023415,7.137530617238156,7.179417534005985,427664.0,367771053.91,20160624,8.57,1.1936901509638338,20240614,20240614,1.071428
000001.SZ,1d,2016-06-27,7.179417534005985,7.238059217480947,7.154285383945288,7.2129270674202495,325214.0,280044073.17999995,20160627,8.610000000000001,1.1936901509638338,20240614,20240614,1.071428
000001.SZ,1d,2016-06-28,7.187794917359551,7.238059217480947,7.17104015065242,7.229681834127382,336519.0,289122213.99,20160628,8.63,1.1936901509638338,20240614,20240614,1.071428
000001.SZ,1d,2016-06-29,7.229681834127382,7.279946134248777,7.2213044507738156,7.279946134248777,369611.0,319908689.63,20160629,8.690000000000001,1.1936901509638338,20240614,20240614,1.071428
000001.SZ,1d,2016-06-30,7.2799461342487755,7.321833051016606,7.254813984188078,7.2883235176023415,362204.0,315051854.72999996,20160630,8.7,1.1936901509638338,20240614,20240614,1.071428
000001.SZ,1d,2016-07-01,7.2799461342487755,7.31345566766304,7.27156875089521,7.296700900955907,348930.0,303652375.25,20160701,8.709999999999999,1.1936901509638338,20240614,20240614,1.071428
000001.SZ,1d,2016-07-04,7.2799461342487755,7.422361651259396,7.263191367541644,7.3804747344915675,608257.0,534656909.55,20160704,8.81,1.1936901509638338,20240614,20240614,1.071428
000001.SZ,1d,2016-07-05,7.372097351138001,7.397229501198699,7.346965201077303,7.380474734491566,422037.0,371422814.75,20160705,8.809999999999999,1.1936901509638338,20240614,20240614,1.071428
000001.SZ,1d,2016-07-06,7.372097351138001,7.388852117845133,7.338587817723737,7.3637199677844345,322950.0,283827375.8,20160706,8.79,1.1936901509638338,20240614,20240614,1.071428
000001.SZ,1d,2016-07-07,7.363719967784436,7.3720973511380015,7.321833051016606,7.355342584430868,312853.0,274337185.84000003,20160707,8.78,1.1936901509638338,20240614,20240614,1.071428
000001.SZ,1d,2016-07-08,7.363719967784436,7.363719967784436,7.31345566766304,7.321833051016606,261342.0,228778674.11,20160708,8.74,1.1936901509638338,20240614,20240614,1.071428
000001.SZ,1d,2016-07-11,7.330210434370172,7.363719967784436,7.321833051016606,7.330210434370172,365372.0,320333760.68,20160711,8.75,1.1936901509638338,20240614,20240614,1.071428
000001.SZ,1d,2016-07-12,7.330210434370172,7.447493801320094,7.321833051016606,7.439116417966529,711832.0,627505578.42,20160712,8.88,1.1936901509638338,20240614,20240614,1.071428
000001.SZ,1d,2016-07-13,7.4391164179665275,7.581531934977148,7.422361651259396,7.5312676348557535,798288.0,716797025.3100001,20160713,8.99,1.1936901509638338,20240614,20240614,1.071428
000001.SZ,1d,2016-07-14,7.514512868148622,7.5396450182093195,7.464248568027227,7.489380718087923,359699.0,321889343.31,20160714,8.94,1.1936901509638338,20240614,20240614,1.071428
000001.SZ,1d,2016-07-15,7.497758101441489,7.5396450182093195,7.464248568027227,7.5312676348557535,352033.0,315555253.54,20160715,8.99,1.1936901509638338,20240614,20240614,1.071428
000001.SZ,1d,2016-07-18,7.5312676348557535,7.606664085037846,7.514512868148622,7.573154551623584,506934.0,457358031.39,20160718,9.040000000000001,1.1936901509638338,20240614,20240614,1.071428
000001.SZ,1d,2016-07-19,7.573154551623584,7.581531934977149,7.497758101441491,7.514512868148622,362787.0,326046531.03999996,20160719,8.97,1.1936901509638338,20240614,20240614,1.071428
000001.SZ,1d,2016-07-20,7.506135484795056,7.5312676348557535,7.497758101441491,7.506135484795056,310926.0,278737194.12,20160720,8.96,1.1936901509638338,20240614,20240614,1.071428
000001.SZ,1d,2016-07-21,7.497758101441491,7.5480224015628865,7.497758101441491,7.5312676348557535,340261.0,305710332.75,20160721,8.99,1.1936901509638338,20240614,20240614,1.071428
000001.SZ,1d,2016-07-22,7.5312676348557535,7.5312676348557535,7.472625951380792,7.489380718087923,295549.0,264379250.43,20160722,8.94,1.1936901509638338,20240614,20240614,1.071428
000001.SZ,1d,2016-07-25,7.481003334734358,7.522890251502188,7.464248568027227,7.522890251502188,264682.0,236937494.08,20160725,8.98,1.1936901509638338,20240614,20240614,1.071428
000001.SZ,1d,2016-07-26,7.514512868148622,7.640173618452111,7.514512868148622,7.6317962350985455,546556.0,494506420.12000006,20160726,9.110000000000001,1.1936901509638338,20240614,20240614,1.071428
000001.SZ,1d,2016-07-27,7.640173618452111,7.682060535219939,7.464248568027227,7.548022401562885,818678.0,741263303.03,20160727,9.01,1.1936901509638338,20240614,20240614,1.071428
000001.SZ,1d,2016-07-28,7.522890251502188,7.6317962350985455,7.514512868148622,7.606664085037846,479910.0,434490536.62,20160728,9.08,1.1936901509638338,20240614,20240614,1.071428
000001.SZ,1d,2016-07-29,7.606664085037846,7.740702218694901,7.564777168270017,7.707192685280637,671425.0,614972669.3,20160729,9.2,1.1936901509638338,20240614,20240614,1.071428
000001.SZ,1d,2016-08-01,7.6904379185735054,7.82447605223056,7.682060535219939,7.7742117521091645,759324.0,702466616.0,20160801,9.28,1.1936901509638338,20240614,20240614,1.071428
000001.SZ,1d,2016-08-02,7.740702218694901,7.757456985402033,7.682060535219939,7.749079602048467,449165.0,413484595.07000005,20160802,9.25,1.1936901509638338,20240614,20240614,1.071428
000001.SZ,1d,2016-08-03,7.715570068634205,7.72394745198777,7.665305768512808,7.6904379185735054,424622.0,389817535.11,20160803,9.18,1.1936901509638338,20240614,20240614,1.071428
000001.SZ,1d,2016-08-04,7.682060535219939,7.6904379185735054,7.481003334734358,7.5312676348557535,1344462.0,1210346973.56,20160804,8.99,1.1936901509638338,20240614,20240614,1.071428
000001.SZ,1d,2016-08-05,7.5312676348557535,7.598286701684281,7.497758101441491,7.573154551623584,725948.0,654998092.94,20160805,9.040000000000001,1.1936901509638338,20240614,20240614,1.071428
000001.SZ,1d,2016-08-08,7.573154551623582,7.631796235098544,7.548022401562885,7.631796235098544,398479.0,361191045.29,20160808,9.11,1.1936901509638338,20240614,20240614,1.071428
000001.SZ,1d,2016-08-09,7.6150414683914125,7.665305768512808,7.598286701684281,7.665305768512808,415676.0,378720688.32000005,20160809,9.15,1.1936901509638338,20240614,20240614,1.071428
000001.SZ,1d,2016-08-10,7.665305768512808,7.690437918573507,7.640173618452111,7.656928385159243,436655.0,399656990.64000005,20160810,9.14,1.1936901509638338,20240614,20240614,1.071428
000001.SZ,1d,2016-08-11,7.656928385159243,7.832853435584127,7.648551001805677,7.72394745198777,935576.0,866594867.9,20160811,9.22,1.1936901509638338,20240614,20240614,1.071428
000001.SZ,1d,2016-08-12,7.707192685280637,7.983646335948312,7.6904379185735054,7.958514185887615,1370021.0,1282336292.04,20160812,9.5,1.1936901509638338,20240614,20240614,1.071428
000001.SZ,1d,2016-08-15,8.000401102655443,8.209835686494591,7.966891569241181,8.109307086251802,1897552.0,1835196865.56,20160815,9.68,1.1936901509638338,20240614,20240614,1.071428
000001.SZ,1d,2016-08-16,8.109307086251803,8.109307086251803,7.925004652473352,7.975268952594748,1099558.0,1050479545.3100001,20160816,9.520000000000001,1.1936901509638338,20240614,20240614,1.071428
000001.SZ,1d,2016-08-17,7.975268952594746,8.042288019423273,7.9417594191804834,8.000401102655445,560725.0,534926047.02,20160817,9.55,1.1936901509638338,20240614,20240614,1.071428
000001.SZ,1d,2016-08-18,8.00877848600901,8.033910636069708,7.899872502412653,7.958514185887615,691504.0,658183955.01,20160818,9.5,1.1936901509638338,20240614,20240614,1.071428
000001.SZ,1d,2016-08-19,7.9501368025340495,7.975268952594746,7.899872502412653,7.966891569241181,505334.0,478779724.24,20160819,9.51,1.1936901509638338,20240614,20240614,1.071428
000001.SZ,1d,2016-08-22,7.958514185887615,7.966891569241181,7.841230818937691,7.874740352351955,979432.0,922426435.12,20160822,9.399999999999999,1.1936901509638338,20240614,20240614,1.071428
000001.SZ,1d,2016-08-23,7.857985585644824,7.916627269119786,7.849608202291259,7.874740352351956,890656.0,838185900.5899999,20160823,9.4,1.1936901509638338,20240614,20240614,1.071428
000001.SZ,1d,2016-08-24,7.883117735705522,7.899872502412655,7.857985585644824,7.899872502412655,732281.0,688971683.08,20160824,9.430000000000001,1.1936901509638338,20240614,20240614,1.071428
000001.SZ,1d,2016-08-25,7.891495119059088,7.916627269119784,7.82447605223056,7.908249885766219,617389.0,580648481.91,20160825,9.44,1.1936901509638338,20240614,20240614,1.071428
000001.SZ,1d,2016-08-26,7.916627269119786,7.933382035826917,7.874740352351956,7.916627269119786,502233.0,473688076.59,20160826,9.450000000000001,1.1936901509638338,20240614,20240614,1.071428
000001.SZ,1d,2016-08-29,7.883117735705522,7.916627269119786,7.857985585644824,7.891495119059088,565231.0,532295362.01000005,20160829,9.42,1.1936901509638338,20240614,20240614,1.071428
000001.SZ,1d,2016-08-30,7.891495119059088,7.933382035826917,7.883117735705522,7.933382035826917,595081.0,561854066.27,20160830,9.47,1.1936901509638338,20240614,20240614,1.071428
000001.SZ,1d,2016-08-31,7.92500465247335,7.958514185887615,7.899872502412653,7.9501368025340495,489746.0,463875762.93,20160831,9.49,1.1936901509638338,20240614,20240614,1.071428
000001.SZ,1d,2016-09-01,7.9501368025340495,7.975268952594746,7.891495119059088,7.916627269119784,480131.0,454848634.31,20160901,9.45,1.1936901509638338,20240614,20240614,1.071428
000001.SZ,1d,2016-09-02,7.899872502412653,7.92500465247335,7.891495119059088,7.916627269119784,368796.0,348054367.10999995,20160902,9.45,1.1936901509638338,20240614,20240614,1.071428
000001.SZ,1d,2016-09-05,7.925004652473352,7.925004652473352,7.874740352351956,7.891495119059088,469936.0,443204803.58,20160905,9.42,1.1936901509638338,20240614,20240614,1.071428
000001.SZ,1d,2016-09-06,7.891495119059088,7.899872502412653,7.841230818937691,7.883117735705522,574738.0,539813283.55,20160906,9.41,1.1936901509638338,20240614,20240614,1.071428
000001.SZ,1d,2016-09-07,7.883117735705522,7.891495119059089,7.849608202291259,7.874740352351956,459373.0,431984158.6100001,20160907,9.4,1.1936901509638338,20240614,20240614,1.071428
000001.SZ,1d,2016-09-08,7.8663629689983905,7.891495119059088,7.857985585644824,7.874740352351956,295218.0,277503757.8,20160908,9.4,1.1936901509638338,20240614,20240614,1.071428
000001.SZ,1d,2016-09-09,7.874740352351955,7.899872502412653,7.841230818937691,7.857985585644823,327431.0,307527271.24,20160909,9.379999999999999,1.1936901509638338,20240614,20240614,1.071428
000001.SZ,1d,2016-09-12,7.7825891354627315,7.807721285523429,7.648551001805677,7.673683151866374,756581.0,697759184.1,20160912,9.16,1.1936901509638338,20240614,20240614,1.071428
000001.SZ,1d,2016-09-13,7.6904379185735054,7.715570068634205,7.656928385159243,7.698815301927072,460931.0,423113832.02000004,20160913,9.190000000000001,1.1936901509638338,20240614,20240614,1.071428
000001.SZ,1d,2016-09-14,7.682060535219939,7.690437918573507,7.581531934977149,7.589909318330715,421481.0,384081266.46000004,20160914,9.06,1.1936901509638338,20240614,20240614,1.071428
000001.SZ,1d,2016-09-19,7.581531934977149,7.656928385159243,7.581531934977149,7.640173618452111,354348.0,322575925.94,20160919,9.120000000000001,1.1936901509638338,20240614,20240614,1.071428
000001.SZ,1d,2016-09-20,7.640173618452111,7.640173618452111,7.573154551623584,7.606664085037846,436678.0,396359321.31,20160920,9.08,1.1936901509638338,20240614,20240614,1.071428
000001.SZ,1d,2016-09-21,7.606664085037846,7.623418851744978,7.564777168270017,7.606664085037846,405665.0,367767497.46,20160921,9.08,1.1936901509638338,20240614,20240614,1.071428
000001.SZ,1d,2016-09-22,7.623418851744978,7.6904379185735054,7.6150414683914125,7.673683151866374,494613.0,451909020.47999996,20160922,9.16,1.1936901509638338,20240614,20240614,1.071428
000001.SZ,1d,2016-09-23,7.673683151866374,7.698815301927072,7.656928385159243,7.665305768512808,288798.0,264699513.1,20160923,9.15,1.1936901509638338,20240614,20240614,1.071428
000001.SZ,1d,2016-09-26,7.648551001805677,7.648551001805677,7.573154551623584,7.573154551623584,439481.0,398771864.85,20160926,9.040000000000001,1.1936901509638338,20240614,20240614,1.071428
000001.SZ,1d,2016-09-27,7.573154551623582,7.598286701684281,7.548022401562885,7.589909318330715,401323.0,362769231.03,20160927,9.06,1.1936901509638338,20240614,20240614,1.071428
000001.SZ,1d,2016-09-28,7.589909318330713,7.589909318330713,7.564777168270017,7.581531934977148,271366.0,245499467.89,20160928,9.049999999999999,1.1936901509638338,20240614,20240614,1.071428
000001.SZ,1d,2016-09-29,7.581531934977149,7.606664085037846,7.581531934977149,7.589909318330715,303664.0,275239667.40999997,20160929,9.06,1.1936901509638338,20240614,20240614,1.071428
000001.SZ,1d,2016-09-30,7.589909318330715,7.6234188517449795,7.581531934977149,7.598286701684281,308084.0,279526475.64000005,20160930,9.07,1.1936901509638338,20240614,20240614,1.071428
000001.SZ,1d,2016-10-10,7.623418851744978,7.682060535219939,7.606664085037846,7.64017361845211,611381.0,557122276.5,20161010,9.12,1.1936901509638338,20240614,20240614,1.071428
000001.SZ,1d,2016-10-11,7.648551001805675,7.665305768512807,7.631796235098544,7.665305768512807,363370.0,331886515.46000004,20161011,9.149999999999999,1.1936901509638338,20240614,20240614,1.071428
000001.SZ,1d,2016-10-12,7.656928385159243,7.673683151866374,7.640173618452111,7.648551001805677,270316.0,246995531.01,20161012,9.13,1.1936901509638338,20240614,20240614,1.071428
000001.SZ,1d,2016-10-13,7.606664085037846,7.6317962350985455,7.581531934977149,7.598286701684281,632367.0,574142476.2700001,20161013,9.07,1.1936901509638338,20240614,20240614,1.071428
000001.SZ,1d,2016-10-14,7.589909318330715,7.615041468391414,7.573154551623584,7.615041468391414,335411.0,304218676.83,20161014,9.090000000000002,1.1936901509638338,20240614,20240614,1.071428
000001.SZ,1d,2016-10-17,7.606664085037846,7.6150414683914125,7.564777168270017,7.581531934977148,359223.0,325582450.32,20161017,9.049999999999999,1.1936901509638338,20240614,20240614,1.071428
000001.SZ,1d,2016-10-18,7.564777168270017,7.6150414683914125,7.564777168270017,7.6150414683914125,593737.0,537784120.36,20161018,9.09,1.1936901509638338,20240614,20240614,1.071428
000001.SZ,1d,2016-10-19,7.6150414683914125,7.6317962350985455,7.581531934977149,7.606664085037846,482636.0,438299029.51,20161019,9.08,1.1936901509638338,20240614,20240614,1.071428
000001.SZ,1d,2016-10-20,7.606664085037846,7.6150414683914125,7.581531934977149,7.598286701684281,342844.0,310966016.7,20161020,9.07,1.1936901509638338,20240614,20240614,1.071428
000001.SZ,1d,2016-10-21,7.606664085037846,7.648551001805677,7.589909318330715,7.648551001805677,683896.0,621549844.97,20161021,9.13,1.1936901509638338,20240614,20240614,1.071428
000001.SZ,1d,2016-10-24,7.648551001805677,7.7909665188162975,7.640173618452111,7.740702218694901,915677.0,844746080.61,20161024,9.24,1.1936901509638338,20240614,20240614,1.071428
000001.SZ,1d,2016-10-25,7.749079602048467,7.757456985402033,7.6904379185735054,7.715570068634203,500752.0,461542701.14000005,20161025,9.209999999999999,1.1936901509638338,20240614,20240614,1.071428
000001.SZ,1d,2016-10-26,7.72394745198777,7.72394745198777,7.648551001805677,7.665305768512808,440452.0,403750809.07000005,20161026,9.15,1.1936901509638338,20240614,20240614,1.071428
000001.SZ,1d,2016-10-27,7.673683151866374,7.682060535219941,7.640173618452111,7.673683151866374,324140.0,296216914.82,20161027,9.16,1.1936901509638338,20240614,20240614,1.071428
000001.SZ,1d,2016-10-28,7.673683151866374,7.732324835341336,7.656928385159243,7.682060535219939,541997.0,497615050.8,20161028,9.17,1.1936901509638338,20240614,20240614,1.071428
000001.SZ,1d,2016-10-31,7.665305768512808,7.673683151866374,7.6150414683914125,7.665305768512808,493596.0,450148883.09,20161031,9.15,1.1936901509638338,20240614,20240614,1.071428
000001.SZ,1d,2016-11-01,7.656928385159241,7.673683151866374,7.631796235098544,7.656928385159241,525415.0,480117542.32000005,20161101,9.139999999999999,1.1936901509638338,20240614,20240614,1.071428
000001.SZ,1d,2016-11-02,7.656928385159243,7.656928385159243,7.581531934977149,7.598286701684281,633586.0,576083788.2400001,20161102,9.07,1.1936901509638338,20240614,20240614,1.071428
000001.SZ,1d,2016-11-03,7.589909318330715,7.656928385159243,7.581531934977149,7.648551001805677,616871.0,561464947.1899999,20161103,9.13,1.1936901509638338,20240614,20240614,1.071428
000001.SZ,1d,2016-11-04,7.631796235098544,7.682060535219939,7.623418851744978,7.631796235098544,508117.0,463831938.55,20161104,9.11,1.1936901509638338,20240614,20240614,1.071428
000001.SZ,1d,2016-11-07,7.623418851744978,7.640173618452111,7.598286701684281,7.640173618452111,497240.0,452447930.56000006,20161107,9.120000000000001,1.1936901509638338,20240614,20240614,1.071428
000001.SZ,1d,2016-11-08,7.64017361845211,7.665305768512808,7.623418851744978,7.665305768512808,806694.0,736747217.08,20161108,9.15,1.1936901509638338,20240614,20240614,1.071428
000001.SZ,1d,2016-11-09,7.656928385159243,7.656928385159243,7.548022401562885,7.598286701684281,722616.0,656061960.6999999,20161109,9.07,1.1936901509638338,20240614,20240614,1.071428
000001.SZ,1d,2016-11-10,7.623418851744978,7.673683151866374,7.623418851744978,7.656928385159241,631998.0,576898452.74,20161110,9.139999999999999,1.1936901509638338,20240614,20240614,1.071428
000001.SZ,1d,2016-11-11,7.656928385159241,7.6904379185735054,7.631796235098544,7.6904379185735054,812269.0,742969896.6100001,20161111,9.18,1.1936901509638338,20240614,20240614,1.071428
000001.SZ,1d,2016-11-14,7.673683151866374,7.749079602048467,7.673683151866374,7.72394745198777,975078.0,898058354.0100001,20161114,9.22,1.1936901509638338,20240614,20240614,1.071428
000001.SZ,1d,2016-11-15,7.707192685280637,7.740702218694901,7.6904379185735054,7.732324835341336,554342.0,510596178.35,20161115,9.23,1.1936901509638338,20240614,20240614,1.071428
000001.SZ,1d,2016-11-16,7.732324835341336,7.740702218694901,7.7071926852806385,7.732324835341336,415842.0,383425739.88,20161116,9.23,1.1936901509638338,20240614,20240614,1.071428
000001.SZ,1d,2016-11-17,7.723947451987768,7.723947451987768,7.6904379185735054,7.715570068634203,505324.0,464611128.37,20161117,9.209999999999999,1.1936901509638338,20240614,20240614,1.071428
000001.SZ,1d,2016-11-18,7.715570068634205,7.715570068634205,7.673683151866374,7.6904379185735054,517597.0,475289972.51000005,20161118,9.18,1.1936901509638338,20240614,20240614,1.071428
000001.SZ,1d,2016-11-21,7.6904379185735054,7.7742117521091645,7.682060535219939,7.740702218694901,850243.0,785475676.61,20161121,9.24,1.1936901509638338,20240614,20240614,1.071428
000001.SZ,1d,2016-11-22,7.740702218694901,7.841230818937693,7.732324835341336,7.841230818937693,1180256.0,1097408714.34,20161122,9.360000000000001,1.1936901509638338,20240614,20240614,1.071428
000001.SZ,1d,2016-11-23,7.82447605223056,8.00877848600901,7.82447605223056,7.916627269119784,1752869.0,1660465709.36,20161123,9.45,1.1936901509638338,20240614,20240614,1.071428
000001.SZ,1d,2016-11-24,7.908249885766219,7.975268952594746,7.891495119059088,7.933382035826917,779748.0,738580569.2900001,20161124,9.47,1.1936901509638338,20240614,20240614,1.071428
000001.SZ,1d,2016-11-25,7.9417594191804834,8.059042786130407,7.925004652473352,8.059042786130407,1013674.0,968127766.3299999,20161125,9.620000000000001,1.1936901509638338,20240614,20240614,1.071428
000001.SZ,1d,2016-11-28,8.117684469605367,8.19308091978746,8.042288019423273,8.06742016948397,1279689.0,1240686233.53,20161128,9.629999999999999,1.1936901509638338,20240614,20240614,1.071428
000001.SZ,1d,2016-11-29,8.033910636069708,8.126061852958934,8.000401102655445,8.059042786130407,887779.0,854308658.4000001,20161129,9.620000000000001,1.1936901509638338,20240614,20240614,1.071428
000001.SZ,1d,2016-11-30,8.084174936191104,8.142816619666066,7.958514185887615,8.000401102655445,1025963.0,985758449.84,20161130,9.55,1.1936901509638338,20240614,20240614,1.071428
000001.SZ,1d,2016-12-01,8.017155869362577,8.067420169483972,8.000401102655445,8.042288019423275,646004.0,619633746.85,20161201,9.600000000000001,1.1936901509638338,20240614,20240614,1.071428
000001.SZ,1d,2016-12-02,8.042288019423273,8.042288019423273,7.908249885766219,8.000401102655443,829686.0,790044441.9300001,20161202,9.549999999999999,1.1936901509638338,20240614,20240614,1.071428
000001.SZ,1d,2016-12-05,7.958514185887615,7.992023719301879,7.883117735705522,7.925004652473352,764365.0,723222053.6400001,20161205,9.46,1.1936901509638338,20240614,20240614,1.071428
000001.SZ,1d,2016-12-06,7.9417594191804834,7.975268952594748,7.916627269119786,7.9501368025340495,602902.0,571585177.5,20161206,9.49,1.1936901509638338,20240614,20240614,1.071428
000001.SZ,1d,2016-12-07,7.9417594191804834,7.9501368025340495,7.883117735705522,7.9417594191804834,493404.0,466085503.37,20161207,9.48,1.1936901509638338,20240614,20240614,1.071428
000001.SZ,1d,2016-12-08,7.958514185887615,8.000401102655443,7.899872502412653,7.975268952594746,671452.0,638058504.08,20161208,9.52,1.1936901509638338,20240614,20240614,1.071428
000001.SZ,1d,2016-12-09,7.958514185887615,8.167948769726763,7.9417594191804834,8.084174936191104,1514199.0,1460778328.2,20161209,9.65,1.1936901509638338,20240614,20240614,1.071428
000001.SZ,1d,2016-12-12,8.084174936191104,8.184703536433894,7.908249885766219,7.958514185887615,1256874.0,1206662616.99,20161212,9.5,1.1936901509638338,20240614,20240614,1.071428
000001.SZ,1d,2016-12-13,7.9417594191804834,7.958514185887615,7.816098668876994,7.891495119059088,645771.0,607769965.5799999,20161213,9.42,1.1936901509638338,20240614,20240614,1.071428
000001.SZ,1d,2016-12-14,7.891495119059088,7.966891569241181,7.874740352351956,7.874740352351956,597705.0,564787516.4599999,20161214,9.4,1.1936901509638338,20240614,20240614,1.071428
000001.SZ,1d,2016-12-15,7.849608202291259,7.883117735705522,7.715570068634205,7.749079602048467,827612.0,767751835.57,20161215,9.25,1.1936901509638338,20240614,20240614,1.071428
000001.SZ,1d,2016-12-16,7.740702218694901,7.7825891354627315,7.715570068634205,7.749079602048467,396813.0,366925349.32000005,20161216,9.25,1.1936901509638338,20240614,20240614,1.071428
000001.SZ,1d,2016-12-19,7.72394745198777,7.732324835341336,7.682060535219939,7.707192685280637,494010.0,453899744.36,20161219,9.2,1.1936901509638338,20240614,20240614,1.071428
000001.SZ,1d,2016-12-20,7.707192685280637,7.707192685280637,7.606664085037846,7.631796235098544,636638.0,580118167.69,20161220,9.11,1.1936901509638338,20240614,20240614,1.071428
000001.SZ,1d,2016-12-21,7.64017361845211,7.673683151866374,7.631796235098544,7.673683151866374,369920.0,338201446.46000004,20161221,9.16,1.1936901509638338,20240614,20240614,1.071428
000001.SZ,1d,2016-12-22,7.665305768512807,7.673683151866374,7.631796235098544,7.656928385159241,341341.0,311546856.93,20161222,9.139999999999999,1.1936901509638338,20240614,20240614,1.071428
000001.SZ,1d,2016-12-23,7.656928385159243,7.656928385159243,7.598286701684281,7.606664085037846,382912.0,348140451.36999995,20161223,9.08,1.1936901509638338,20240614,20240614,1.071428
000001.SZ,1d,2016-12-26,7.589909318330713,7.648551001805675,7.556399784916451,7.64017361845211,302058.0,273934287.19,20161226,9.12,1.1936901509638338,20240614,20240614,1.071428
000001.SZ,1d,2016-12-27,7.640173618452111,7.648551001805677,7.598286701684281,7.606664085037846,268841.0,244788273.85999998,20161227,9.08,1.1936901509638338,20240614,20240614,1.071428
000001.SZ,1d,2016-12-28,7.606664085037846,7.6317962350985455,7.573154551623584,7.589909318330715,336055.0,304898614.02,20161228,9.06,1.1936901509638338,20240614,20240614,1.071428
000001.SZ,1d,2016-12-29,7.598286701684281,7.6150414683914125,7.581531934977149,7.606664085037846,338758.0,307183503.28,20161229,9.08,1.1936901509638338,20240614,20240614,1.071428
000001.SZ,1d,2016-12-30,7.606664085037846,7.623418851744978,7.589909318330715,7.623418851744978,302607.0,274882698.47,20161230,9.1,1.1936901509638338,20240614,20240614,1.071428
000001.SZ,1d,2017-01-03,7.631796235098544,7.6904379185735054,7.6150414683914125,7.673683151866374,459840.0,420595176.46000004,20170103,9.16,1.1936901509638338,20240614,20240614,1.071428
000001.SZ,1d,2017-01-04,7.665305768512808,7.6904379185735054,7.656928385159243,7.673683151866374,449329.0,411503444.03,20170104,9.16,1.1936901509638338,20240614,20240614,1.071428
000001.SZ,1d,2017-01-05,7.682060535219939,7.6904379185735054,7.665305768512808,7.682060535219939,344372.0,315769693.5,20170105,9.17,1.1936901509638338,20240614,20240614,1.071428
000001.SZ,1d,2017-01-06,7.682060535219939,7.682060535219939,7.631796235098544,7.648551001805675,358154.0,327176433.93,20170106,9.129999999999999,1.1936901509638338,20240614,20240614,1.071428
000001.SZ,1d,2017-01-09,7.648551001805675,7.682060535219939,7.631796235098544,7.665305768512807,361081.0,329994604.0,20170109,9.149999999999999,1.1936901509638338,20240614,20240614,1.071428
000001.SZ,1d,2017-01-10,7.665305768512808,7.673683151866374,7.656928385159243,7.665305768512808,241053.0,220575131.96,20170110,9.15,1.1936901509638338,20240614,20240614,1.071428
000001.SZ,1d,2017-01-11,7.656928385159243,7.682060535219939,7.648551001805677,7.656928385159243,303430.0,277553207.26000005,20170111,9.14,1.1936901509638338,20240614,20240614,1.071428
000001.SZ,1d,2017-01-12,7.648551001805677,7.682060535219939,7.648551001805677,7.665305768512808,428006.0,391869402.76,20170112,9.15,1.1936901509638338,20240614,20240614,1.071428
000001.SZ,1d,2017-01-13,7.656928385159243,7.698815301927072,7.640173618452111,7.673683151866374,434301.0,397601906.25,20170113,9.16,1.1936901509638338,20240614,20240614,1.071428
000001.SZ,1d,2017-01-16,7.665305768512808,7.673683151866374,7.598286701684281,7.656928385159243,683165.0,623025820.2700001,20170116,9.14,1.1936901509638338,20240614,20240614,1.071428
000001.SZ,1d,2017-01-17,7.64017361845211,7.673683151866374,7.623418851744978,7.665305768512808,545552.0,498179703.17,20170117,9.15,1.1936901509638338,20240614,20240614,1.071428
000001.SZ,1d,2017-01-18,7.656928385159243,7.698815301927072,7.648551001805677,7.682060535219939,574269.0,526426595.69000006,20170118,9.17,1.1936901509638338,20240614,20240614,1.071428
000001.SZ,1d,2017-01-19,7.665305768512808,7.740702218694901,7.665305768512808,7.6904379185735054,437712.0,402445639.34,20170119,9.18,1.1936901509638338,20240614,20240614,1.071428
000001.SZ,1d,2017-01-20,7.682060535219939,7.732324835341336,7.682060535219939,7.72394745198777,393328.0,361865155.13000005,20170120,9.22,1.1936901509638338,20240614,20240614,1.071428
000001.SZ,1d,2017-01-23,7.72394745198777,7.757456985402034,7.7071926852806385,7.72394745198777,420299.0,388019072.55999994,20170123,9.22,1.1936901509638338,20240614,20240614,1.071428
000001.SZ,1d,2017-01-24,7.732324835341336,7.774211752109165,7.7071926852806385,7.7658343687556,470244.0,434787729.13000005,20170124,9.270000000000001,1.1936901509638338,20240614,20240614,1.071428
000001.SZ,1d,2017-01-25,7.765834368755598,7.7742117521091645,7.749079602048467,7.757456985402033,304401.0,281976294.07000005,20170125,9.26,1.1936901509638338,20240614,20240614,1.071428
000001.SZ,1d,2017-01-26,7.765834368755598,7.82447605223056,7.757456985402033,7.816098668876994,420712.0,391844286.24,20170126,9.33,1.1936901509638338,20240614,20240614,1.071428
000001.SZ,1d,2017-02-03,7.82447605223056,7.841230818937693,7.732324835341336,7.757456985402033,315472.0,292617943.26000005,20170203,9.26,1.1936901509638338,20240614,20240614,1.071428
000001.SZ,1d,2017-02-06,7.757456985402033,7.807721285523429,7.757456985402033,7.799343902169863,516786.0,480441331.03999996,20170206,9.31,1.1936901509638338,20240614,20240614,1.071428
000001.SZ,1d,2017-02-07,7.799343902169862,7.807721285523429,7.765834368755598,7.790966518816296,396884.0,368755274.2,20170207,9.299999999999999,1.1936901509638338,20240614,20240614,1.071428
000001.SZ,1d,2017-02-08,7.7825891354627315,7.7909665188162975,7.740702218694901,7.7909665188162975,360272.0,333975401.82000005,20170208,9.3,1.1936901509638338,20240614,20240614,1.071428
000001.SZ,1d,2017-02-09,7.790966518816296,7.816098668876994,7.7742117521091645,7.799343902169862,342855.0,319201023.28000003,20170209,9.309999999999999,1.1936901509638338,20240614,20240614,1.071428
000001.SZ,1d,2017-02-10,7.807721285523429,7.841230818937693,7.799343902169863,7.816098668876994,482743.0,450701345.31000006,20170210,9.33,1.1936901509638338,20240614,20240614,1.071428
000001.SZ,1d,2017-02-13,7.82447605223056,7.908249885766219,7.816098668876994,7.883117735705522,638364.0,599951024.32,20170213,9.41,1.1936901509638338,20240614,20240614,1.071428
000001.SZ,1d,2017-02-14,7.883117735705522,7.891495119059089,7.849608202291259,7.874740352351956,362404.0,340318431.40000004,20170214,9.4,1.1936901509638338,20240614,20240614,1.071428
000001.SZ,1d,2017-02-15,7.874740352351956,7.992023719301879,7.8663629689983905,7.916627269119786,756613.0,716759655.28,20170215,9.450000000000001,1.1936901509638338,20240614,20240614,1.071428
000001.SZ,1d,2017-02-16,7.916627269119784,7.958514185887615,7.891495119059088,7.92500465247335,411161.0,388636225.1999999,20170216,9.459999999999999,1.1936901509638338,20240614,20240614,1.071428
000001.SZ,1d,2017-02-17,7.925004652473352,7.9501368025340495,7.849608202291259,7.8663629689983905,423774.0,400161795.09,20170217,9.39,1.1936901509638338,20240614,20240614,1.071428
000001.SZ,1d,2017-02-20,7.874740352351956,8.025533252716142,7.874740352351956,8.00877848600901,898755.0,855710805.5000001,20170220,9.56,1.1936901509638338,20240614,20240614,1.071428
000001.SZ,1d,2017-02-21,8.000401102655445,8.059042786130407,7.992023719301879,8.017155869362577,646584.0,618761069.26,20170221,9.57,1.1936901509638338,20240614,20240614,1.071428
000001.SZ,1d,2017-02-22,8.017155869362577,8.017155869362577,7.958514185887615,8.017155869362577,462966.0,441528339.71,20170222,9.57,1.1936901509638338,20240614,20240614,1.071428
000001.SZ,1d,2017-02-23,8.000401102655445,8.017155869362577,7.9417594191804834,7.966891569241181,335327.0,319293836.59,20170223,9.51,1.1936901509638338,20240614,20240614,1.071428
000001.SZ,1d,2017-02-24,7.958514185887615,7.992023719301879,7.9417594191804834,7.958514185887615,332500.0,316020789.4,20170224,9.5,1.1936901509638338,20240614,20240614,1.071428
000001.SZ,1d,2017-02-27,7.958514185887615,7.958514185887615,7.891495119059088,7.899872502412653,407341.0,384781015.65000004,20170227,9.43,1.1936901509638338,20240614,20240614,1.071428
000001.SZ,1d,2017-02-28,7.899872502412653,7.966891569241181,7.891495119059088,7.9417594191804834,369719.0,350366892.5,20170228,9.48,1.1936901509638338,20240614,20240614,1.071428
000001.SZ,1d,2017-03-01,7.9501368025340495,8.000401102655445,7.933382035826917,7.9501368025340495,346993.0,330157963.40000004,20170301,9.49,1.1936901509638338,20240614,20240614,1.071428
000001.SZ,1d,2017-03-02,7.966891569241181,7.992023719301878,7.891495119059088,7.899872502412653,403628.0,382395883.84000003,20170302,9.43,1.1936901509638338,20240614,20240614,1.071428
000001.SZ,1d,2017-03-03,7.883117735705522,7.899872502412653,7.841230818937691,7.874740352351955,342655.0,321952549.22,20170303,9.399999999999999,1.1936901509638338,20240614,20240614,1.071428
000001.SZ,1d,2017-03-06,7.874740352351956,7.925004652473352,7.8663629689983905,7.916627269119786,404511.0,381212304.19000006,20170306,9.450000000000001,1.1936901509638338,20240614,20240614,1.071428
000001.SZ,1d,2017-03-07,7.908249885766219,7.925004652473352,7.874740352351956,7.916627269119786,294672.0,277747415.4200001,20170307,9.450000000000001,1.1936901509638338,20240614,20240614,1.071428
000001.SZ,1d,2017-03-08,7.899872502412653,7.916627269119786,7.874740352351956,7.891495119059088,244438.0,230425150.54000002,20170308,9.42,1.1936901509638338,20240614,20240614,1.071428
000001.SZ,1d,2017-03-09,7.883117735705522,7.899872502412653,7.841230818937691,7.857985585644823,378169.0,354813687.5,20170309,9.379999999999999,1.1936901509638338,20240614,20240614,1.071428
000001.SZ,1d,2017-03-10,7.857985585644823,7.883117735705522,7.841230818937691,7.874740352351955,390182.0,366140052.24,20170310,9.399999999999999,1.1936901509638338,20240614,20240614,1.071428
000001.SZ,1d,2017-03-13,7.8663629689983905,7.916627269119786,7.849608202291259,7.90824988576622,545304.0,513148481.04,20170313,9.440000000000001,1.1936901509638338,20240614,20240614,1.071428
000001.SZ,1d,2017-03-14,7.899872502412653,7.925004652473352,7.883117735705522,7.908249885766219,404484.0,381594066.95,20170314,9.44,1.1936901509638338,20240614,20240614,1.071428
000001.SZ,1d,2017-03-15,7.891495119059088,7.9417594191804834,7.891495119059088,7.9417594191804834,546560.0,515943748.1,20170315,9.48,1.1936901509638338,20240614,20240614,1.071428
000001.SZ,1d,2017-03-16,7.9417594191804834,7.983646335948314,7.916627269119786,7.975268952594748,635953.0,603450064.0699999,20170316,9.520000000000001,1.1936901509638338,20240614,20240614,1.071428
000001.SZ,1d,2017-03-17,7.916627269119786,7.925004652473352,7.7909665188162975,7.799343902169863,1583647.0,1482736995.3700001,20170317,9.31,1.1936901509638338,20240614,20240614,1.071428
000001.SZ,1d,2017-03-20,7.7825891354627315,7.799343902169863,7.72394745198777,7.749079602048467,715021.0,661887015.08,20170320,9.25,1.1936901509638338,20240614,20240614,1.071428
000001.SZ,1d,2017-03-21,7.749079602048469,7.757456985402034,7.7071926852806385,7.740702218694901,554648.0,511914333.09000003,20170321,9.24,1.1936901509638338,20240614,20240614,1.071428
000001.SZ,1d,2017-03-22,7.7071926852806385,7.72394745198777,7.656928385159243,7.673683151866374,566123.0,519331026.2700001,20170322,9.16,1.1936901509638338,20240614,20240614,1.071428
000001.SZ,1d,2017-03-23,7.673683151866374,7.740702218694901,7.665305768512808,7.7071926852806385,433588.0,398986562.09000003,20170323,9.200000000000001,1.1936901509638338,20240614,20240614,1.071428
000001.SZ,1d,2017-03-24,7.707192685280637,7.740702218694901,7.673683151866374,7.6988153019270715,710827.0,653533829.8800001,20170324,9.19,1.1936901509638338,20240614,20240614,1.071428
000001.SZ,1d,2017-03-27,7.64017361845211,7.6988153019270715,7.606664085037846,7.656928385159243,985012.0,900094460.9200001,20170327,9.14,1.1936901509638338,20240614,20240614,1.071428
000001.SZ,1d,2017-03-28,7.673683151866374,7.682060535219939,7.623418851744978,7.64017361845211,481372.0,439405816.17,20170328,9.12,1.1936901509638338,20240614,20240614,1.071428
000001.SZ,1d,2017-03-29,7.648551001805675,7.665305768512808,7.6150414683914125,7.631796235098544,601140.0,548060692.96,20170329,9.11,1.1936901509638338,20240614,20240614,1.071428
000001.SZ,1d,2017-03-30,7.640173618452111,7.640173618452111,7.589909318330715,7.606664085037846,687285.0,623995512.84,20170330,9.08,1.1936901509638338,20240614,20240614,1.071428
000001.SZ,1d,2017-03-31,7.606664085037846,7.6904379185735054,7.606664085037846,7.682060535219939,633121.0,578579035.11,20170331,9.17,1.1936901509638338,20240614,20240614,1.071428
000001.SZ,1d,2017-04-05,7.673683151866374,7.72394745198777,7.665305768512808,7.715570068634205,499150.0,458567834.2,20170405,9.21,1.1936901509638338,20240614,20240614,1.071428
000001.SZ,1d,2017-04-06,7.707192685280637,7.72394745198777,7.682060535219939,7.707192685280637,434391.0,399118983.36,20170406,9.2,1.1936901509638338,20240614,20240614,1.071428
000001.SZ,1d,2017-04-07,7.6988153019270715,7.72394745198777,7.682060535219939,7.707192685280637,514844.0,473366404.45000005,20170407,9.2,1.1936901509638338,20240614,20240614,1.071428
000001.SZ,1d,2017-04-10,7.707192685280637,7.715570068634203,7.682060535219939,7.6904379185735054,401343.0,368682024.90000004,20170410,9.18,1.1936901509638338,20240614,20240614,1.071428
000001.SZ,1d,2017-04-11,7.682060535219939,7.6988153019270715,7.6150414683914125,7.665305768512808,612437.0,560304072.91,20170411,9.15,1.1936901509638338,20240614,20240614,1.071428
000001.SZ,1d,2017-04-12,7.673683151866374,7.682060535219939,7.623418851744978,7.64017361845211,455336.0,416101249.02,20170412,9.12,1.1936901509638338,20240614,20240614,1.071428
000001.SZ,1d,2017-04-13,7.631796235098544,7.656928385159241,7.623418851744978,7.64017361845211,357442.0,325949861.06,20170413,9.12,1.1936901509638338,20240614,20240614,1.071428
000001.SZ,1d,2017-04-14,7.6317962350985455,7.640173618452111,7.589909318330715,7.606664085037846,490500.0,445637458.07,20170414,9.08,1.1936901509638338,20240614,20240614,1.071428
000001.SZ,1d,2017-04-17,7.606664085037846,7.6317962350985455,7.581531934977149,7.6234188517449795,531892.0,483130499.71999997,20170417,9.100000000000001,1.1936901509638338,20240614,20240614,1.071428
000001.SZ,1d,2017-04-18,7.6150414683914125,7.6234188517449795,7.581531934977149,7.581531934977149,335376.0,304162860.29,20170418,9.05,1.1936901509638338,20240614,20240614,1.071428
000001.SZ,1d,2017-04-19,7.564777168270018,7.573154551623584,7.4558711846736605,7.464248568027227,799668.0,714963673.1400001,20170419,8.91,1.1936901509638338,20240614,20240614,1.071428
000001.SZ,1d,2017-04-20,7.4558711846736605,7.489380718087925,7.447493801320094,7.472625951380792,437629.0,390063543.84000003,20170420,8.92,1.1936901509638338,20240614,20240614,1.071428
000001.SZ,1d,2017-04-21,7.472625951380792,7.5312676348557535,7.4558711846736605,7.514512868148622,325408.0,291126076.24,20170421,8.97,1.1936901509638338,20240614,20240614,1.071428
000001.SZ,1d,2017-04-24,7.514512868148622,7.522890251502188,7.447493801320094,7.481003334734358,394995.0,352926394.67,20170424,8.93,1.1936901509638338,20240614,20240614,1.071428
000001.SZ,1d,2017-04-25,7.481003334734358,7.548022401562885,7.481003334734358,7.5396450182093195,377933.0,339230143.96999997,20170425,9.0,1.1936901509638338,20240614,20240614,1.071428
000001.SZ,1d,2017-04-26,7.5396450182093195,7.5480224015628865,7.506135484795056,7.5312676348557535,382147.0,343316092.51000005,20170426,8.99,1.1936901509638338,20240614,20240614,1.071428
000001.SZ,1d,2017-04-27,7.514512868148622,7.522890251502188,7.464248568027227,7.514512868148622,387392.0,346186989.88,20170427,8.97,1.1936901509638338,20240614,20240614,1.071428
000001.SZ,1d,2017-04-28,7.506135484795055,7.5312676348557535,7.472625951380792,7.5312676348557535,286446.0,256106698.72,20170428,8.99,1.1936901509638338,20240614,20240614,1.071428
000001.SZ,1d,2017-05-02,7.506135484795056,7.506135484795056,7.4558711846736605,7.489380718087923,311026.0,277665881.67,20170502,8.94,1.1936901509638338,20240614,20240614,1.071428
000001.SZ,1d,2017-05-03,7.472625951380792,7.481003334734358,7.447493801320094,7.464248568027227,280310.0,249660877.22,20170503,8.91,1.1936901509638338,20240614,20240614,1.071428
000001.SZ,1d,2017-05-04,7.447493801320094,7.447493801320094,7.305078284309475,7.321833051016606,696517.0,613783434.3100001,20170504,8.74,1.1936901509638338,20240614,20240614,1.071428
000001.SZ,1d,2017-05-05,7.321833051016606,7.338587817723737,7.187794917359551,7.229681834127382,623700.0,539541739.86,20170505,8.63,1.1936901509638338,20240614,20240614,1.071428
000001.SZ,1d,2017-05-08,7.204549684066684,7.2213044507738156,7.154285383945288,7.179417534005985,460089.0,394424117.19,20170508,8.57,1.1936901509638338,20240614,20240614,1.071428
000001.SZ,1d,2017-05-09,7.17104015065242,7.238059217480947,7.162662767298854,7.238059217480947,324194.0,279119676.49,20170509,8.64,1.1936901509638338,20240614,20240614,1.071428
000001.SZ,1d,2017-05-10,7.229681834127382,7.3720973511380015,7.2213044507738156,7.263191367541646,573077.0,498675307.83000004,20170510,8.670000000000002,1.1936901509638338,20240614,20240614,1.071428
000001.SZ,1d,2017-05-11,7.246436600834513,7.305078284309473,7.2045496840666825,7.2883235176023415,503643.0,436444282.31000006,20170511,8.7,1.1936901509638338,20240614,20240614,1.071428
000001.SZ,1d,2017-05-12,7.27156875089521,7.4558711846736605,7.238059217480947,7.4558711846736605,917968.0,809131900.1400001,20170512,8.9,1.1936901509638338,20240614,20240614,1.071428
000001.SZ,1d,2017-05-15,7.447493801320094,7.497758101441491,7.3804747344915675,7.422361651259398,536578.0,476417671.71999997,20170515,8.860000000000001,1.1936901509638338,20240614,20240614,1.071428
000001.SZ,1d,2017-05-16,7.405606884552265,7.41398426790583,7.31345566766304,7.405606884552265,524872.0,461069300.97,20170516,8.84,1.1936901509638338,20240614,20240614,1.071428
000001.SZ,1d,2017-05-17,7.3804747344915675,7.3804747344915675,7.330210434370172,7.346965201077303,417338.0,365987542.61,20170517,8.77,1.1936901509638338,20240614,20240614,1.071428
000001.SZ,1d,2017-05-18,7.305078284309475,7.346965201077304,7.2967009009559085,7.31345566766304,227401.0,198765579.76000002,20170518,8.73,1.1936901509638338,20240614,20240614,1.071428
000001.SZ,1d,2017-05-19,7.321833051016606,7.338587817723737,7.27156875089521,7.2799461342487755,294270.0,256396867.64000002,20170519,8.69,1.1936901509638338,20240614,20240614,1.071428
000001.SZ,1d,2017-05-22,7.27156875089521,7.313455667663039,7.212927067420249,7.27156875089521,679120.0,588546725.07,20170522,8.68,1.1936901509638338,20240614,20240614,1.071428
000001.SZ,1d,2017-05-23,7.263191367541644,7.405606884552265,7.238059217480947,7.363719967784436,800040.0,702123772.9800001,20170523,8.790000000000001,1.1936901509638338,20240614,20240614,1.071428
000001.SZ,1d,2017-05-24,7.355342584430868,7.397229501198699,7.27156875089521,7.3804747344915675,532376.0,466560635.92,20170524,8.81,1.1936901509638338,20240614,20240614,1.071428
000001.SZ,1d,2017-05-25,7.3637199677844345,7.656928385159241,7.355342584430868,7.623418851744978,1621543.0,1462763018.52,20170525,9.1,1.1936901509638338,20240614,20240614,1.071428
000001.SZ,1d,2017-05-26,7.606664085037846,7.648551001805677,7.573154551623584,7.6234188517449795,895365.0,813387170.15,20170526,9.100000000000001,1.1936901509638338,20240614,20240614,1.071428
000001.SZ,1d,2017-05-31,7.623418851744978,7.732324835341336,7.589909318330715,7.7071926852806385,1033210.0,948741889.7,20170531,9.200000000000001,1.1936901509638338,20240614,20240614,1.071428
000001.SZ,1d,2017-06-01,7.7071926852806385,7.732324835341336,7.640173618452111,7.698815301927072,566182.0,519544675.84,20170601,9.190000000000001,1.1936901509638338,20240614,20240614,1.071428
000001.SZ,1d,2017-06-02,7.6904379185735054,7.7825891354627315,7.656928385159243,7.682060535219939,770757.0,710119498.0999999,20170602,9.17,1.1936901509638338,20240614,20240614,1.071428
000001.SZ,1d,2017-06-05,7.648551001805677,7.682060535219939,7.5312676348557535,7.564777168270017,634132.0,573460396.83,20170605,9.03,1.1936901509638338,20240614,20240614,1.071428
000001.SZ,1d,2017-06-06,7.548022401562885,7.589909318330715,7.5312676348557535,7.573154551623584,355341.0,320520904.30999994,20170606,9.040000000000001,1.1936901509638338,20240614,20240614,1.071428
000001.SZ,1d,2017-06-07,7.556399784916451,7.665305768512808,7.548022401562885,7.648551001805675,645723.0,587357671.1600001,20170607,9.129999999999999,1.1936901509638338,20240614,20240614,1.071428
000001.SZ,1d,2017-06-08,7.631796235098544,7.665305768512808,7.606664085037846,7.648551001805677,383004.0,348860774.29999995,20170608,9.13,1.1936901509638338,20240614,20240614,1.071428
000001.SZ,1d,2017-06-09,7.665305768512808,7.72394745198777,7.640173618452111,7.665305768512808,685468.0,628281688.31,20170609,9.15,1.1936901509638338,20240614,20240614,1.071428
000001.SZ,1d,2017-06-12,7.665305768512808,7.6988153019270715,7.623418851744978,7.631796235098544,504578.0,461493689.83,20170612,9.11,1.1936901509638338,20240614,20240614,1.071428
000001.SZ,1d,2017-06-13,7.6317962350985455,7.656928385159243,7.581531934977149,7.640173618452111,448434.0,407876695.89000005,20170613,9.120000000000001,1.1936901509638338,20240614,20240614,1.071428
000001.SZ,1d,2017-06-14,7.640173618452111,7.648551001805677,7.573154551623584,7.606664085037846,375444.0,340596135.74,20170614,9.08,1.1936901509638338,20240614,20240614,1.071428
000001.SZ,1d,2017-06-15,7.606664085037846,7.606664085037846,7.564777168270017,7.573154551623582,337797.0,305610500.17,20170615,9.04,1.1936901509638338,20240614,20240614,1.071428
000001.SZ,1d,2017-06-16,7.573154551623582,7.606664085037846,7.548022401562885,7.556399784916451,285991.0,258559005.29,20170616,9.02,1.1936901509638338,20240614,20240614,1.071428
000001.SZ,1d,2017-06-19,7.564777168270017,7.665305768512808,7.556399784916451,7.648551001805675,489704.0,446000772.99,20170619,9.129999999999999,1.1936901509638338,20240614,20240614,1.071428
000001.SZ,1d,2017-06-20,7.64017361845211,7.673683151866374,7.6150414683914125,7.64017361845211,313615.0,286053883.71000004,20170620,9.12,1.1936901509638338,20240614,20240614,1.071428
000001.SZ,1d,2017-06-21,7.682060535219939,7.6904379185735054,7.631796235098544,7.665305768512807,496932.0,454488888.04,20170621,9.149999999999999,1.1936901509638338,20240614,20240614,1.071428
000001.SZ,1d,2017-06-22,7.665305768512808,7.874740352351956,7.656928385159243,7.749079602048467,1426958.0,1325210564.6399999,20170622,9.25,1.1936901509638338,20240614,20240614,1.071428
000001.SZ,1d,2017-06-23,7.732324835341336,7.765834368755598,7.673683151866374,7.749079602048467,584004.0,538303574.27,20170623,9.25,1.1936901509638338,20240614,20240614,1.071428
000001.SZ,1d,2017-06-26,7.757456985402033,7.874740352351956,7.757456985402033,7.790966518816296,710769.0,663762850.0400001,20170626,9.299999999999999,1.1936901509638338,20240614,20240614,1.071428
000001.SZ,1d,2017-06-27,7.790966518816296,7.866362968998389,7.765834368755598,7.841230818937691,546016.0,509162008.98,20170627,9.36,1.1936901509638338,20240614,20240614,1.071428
000001.SZ,1d,2017-06-28,7.832853435584126,7.9501368025340495,7.816098668876994,7.899872502412653,1168796.0,1102438099.9,20170628,9.43,1.1936901509638338,20240614,20240614,1.071428
000001.SZ,1d,2017-06-29,7.899872502412655,7.916627269119786,7.849608202291259,7.899872502412655,488804.0,459810415.61999995,20170629,9.430000000000001,1.1936901509638338,20240614,20240614,1.071428
000001.SZ,1d,2017-06-30,7.874740352351956,7.899872502412653,7.799343902169863,7.8663629689983905,499633.0,468003516.71999997,20170630,9.39,1.1936901509638338,20240614,20240614,1.071428
000001.SZ,1d,2017-07-03,7.874740352351956,7.899872502412653,7.82447605223056,7.874740352351956,388349.0,364465847.32,20170703,9.4,1.1936901509638338,20240614,20240614,1.071428
000001.SZ,1d,2017-07-04,7.874740352351956,7.883117735705522,7.7909665188162975,7.82447605223056,488362.0,456577021.24999994,20170704,9.34,1.1936901509638338,20240614,20240614,1.071428
000001.SZ,1d,2017-07-05,7.78258913546273,7.857985585644823,7.765834368755598,7.849608202291257,567720.0,529294114.23999995,20170705,9.37,1.1936901509638338,20240614,20240614,1.071428
000001.SZ,1d,2017-07-06,7.841230818937693,7.883117735705522,7.799343902169863,7.874740352351956,738911.0,691387184.15,20170706,9.4,1.1936901509638338,20240614,20240614,1.071428
000001.SZ,1d,2017-07-07,7.849608202291257,7.9417594191804834,7.82447605223056,7.933382035826917,760369.0,717084352.1800001,20170707,9.47,1.1936901509638338,20240614,20240614,1.071428
000001.SZ,1d,2017-07-10,7.916627269119784,8.09255231954467,7.908249885766219,8.033910636069708,1360815.0,1303090005.3600001,20170710,9.59,1.1936901509638338,20240614,20240614,1.071428
000001.SZ,1d,2017-07-11,8.05066540277684,8.762742987829942,8.05066540277684,8.586817937405058,3812086.0,3842010171.29,20170711,10.25,1.1936901509638338,20240614,20240614,1.071428
000001.SZ,1d,2017-07-12,8.60357270411219,8.863271588072735,8.544931020637229,8.662214387587152,2998844.0,3113681338.88,20170712,10.340000000000002,1.1936901509638338,20240614,20240614,1.071428
000001.SZ,1d,2017-07-13,8.628704854172888,9.131347855386842,8.578440554051493,9.131347855386842,2994534.0,3180144566.46,20170713,10.9,1.1936901509638338,20240614,20240614,1.071428
000001.SZ,1d,2017-07-14,9.05595140520475,9.164857388801105,8.93029065490126,9.131347855386842,1722570.0,1864449201.5,20170714,10.9,1.1936901509638338,20240614,20240614,1.071428
000001.SZ,1d,2017-07-17,9.173234772154673,9.491575339590176,8.980554955022656,9.05595140520475,3273123.0,3608692279.05,20170717,10.81,1.1936901509638338,20240614,20240614,1.071428
000001.SZ,1d,2017-07-18,9.005687105083355,9.332405055872425,8.896781121486997,9.25700860569033,2349431.0,2558433986.13,20170718,11.05,1.1936901509638338,20240614,20240614,1.071428
000001.SZ,1d,2017-07-19,9.206744305568936,9.374291972640254,9.114593088679712,9.290518139104597,1933075.0,2131336294.18,20170719,11.090000000000002,1.1936901509638338,20240614,20240614,1.071428
000001.SZ,1d,2017-07-20,9.282140755751028,9.399424122700951,9.139725238740409,9.189989538861804,1537338.0,1695060974.17,20170720,10.97,1.1936901509638338,20240614,20240614,1.071428
000001.SZ,1d,2017-07-21,9.206991295962354,9.309007820017337,9.087972017898204,9.257999557989844,1501020.0,1625416436.89,20170721,10.889999999999999,1.1762800302363057,20240614,20240614,1.071428
000001.SZ,1d,2017-07-24,9.19848991895777,9.40252296706774,9.121977525916533,9.309007820017339,1692664.0,1846886678.93,20170724,10.950000000000001,1.1762800302363057,20240614,20240614,1.071428
000001.SZ,1d,2017-07-25,9.334511951031084,9.581051884163964,9.309007820017339,9.35151470504025,1954768.0,2172114597.09,20170725,11.000000000000002,1.1762800302363057,20240614,20240614,1.071428
000001.SZ,1d,2017-07-26,9.283503689003592,9.504539491122724,9.062467886884459,9.130478902921116,1697412.0,1846282151.7699997,20170726,10.74,1.1762800302363057,20240614,20240614,1.071428
000001.SZ,1d,2017-07-27,9.11347614891195,9.155983033934861,8.951949985824891,9.002958247852384,1194490.0,1273888886.18,20170727,10.59,1.1762800302363057,20240614,20240614,1.071428
000001.SZ,1d,2017-07-28,9.019961001861548,9.18998854195319,8.994456870847802,9.130478902921116,819195.0,877769279.49,20170728,10.74,1.1762800302363057,20240614,20240614,1.071428
000001.SZ,1d,2017-07-31,9.181487164948608,9.19848991895777,8.883938969788236,9.070969263889042,1575864.0,1671814035.24,20170731,10.670000000000002,1.1762800302363057,20240614,20240614,1.071428
000001.SZ,1d,2017-08-01,9.045465132875293,9.419525721076905,9.011459624856966,9.385520213058575,2035709.0,2222887933.96,20170801,11.04,1.1762800302363057,20240614,20240614,1.071428
000001.SZ,1d,2017-08-02,9.39402159006316,9.64056152319604,9.31750919702192,9.479035360108979,2062069.0,2307726682.9399996,20170802,11.15,1.1762800302363057,20240614,20240614,1.071428
000001.SZ,1d,2017-08-03,9.470533983104398,9.538544999141054,9.326010574026503,9.36001608204483,984219.0,1090954131.84,20170803,11.01,1.1762800302363057,20240614,20240614,1.071428
000001.SZ,1d,2017-08-04,9.351514705040248,9.598054638173126,9.292005066008173,9.496038114118143,1353951.0,1511389828.31,20170804,11.17,1.1762800302363057,20240614,20240614,1.071428
000001.SZ,1d,2017-08-07,9.40252296706774,9.496038114118143,9.266500934994427,9.351514705040248,860644.0,946975699.5600001,20170807,11.0,1.1762800302363057,20240614,20240614,1.071428
000001.SZ,1d,2017-08-08,9.351514705040248,9.44502985209065,9.27500231199901,9.39402159006316,689567.0,758872028.53,20170808,11.05,1.1762800302363057,20240614,20240614,1.071428
000001.SZ,1d,2017-08-09,9.317509197021918,9.368517459049412,9.079470640893621,9.121977525916533,1042321.0,1126512107.8200002,20170809,10.73,1.1762800302363057,20240614,20240614,1.071428
000001.SZ,1d,2017-08-10,9.096473394902787,9.19848991895777,8.960451362829474,9.02846237886613,959879.0,1026676005.5000001,20170810,10.620000000000001,1.1762800302363057,20240614,20240614,1.071428
000001.SZ,1d,2017-08-11,8.909443100801981,8.960451362829474,8.492875627577462,8.518379758591207,2440643.0,2501779371.25,20170811,10.02,1.1762800302363057,20240614,20240614,1.071428
000001.SZ,1d,2017-08-14,8.611894905641611,8.713911429696596,8.535382512600373,8.688407298682849,1157664.0,1175479138.54,20170814,10.22,1.1762800302363057,20240614,20240614,1.071428
000001.SZ,1d,2017-08-15,8.705410052692013,8.934947231815729,8.679905921678268,8.764919691724087,1075162.0,1116749994.49,20170815,10.31,1.1762800302363057,20240614,20240614,1.071428
000001.SZ,1d,2017-08-16,8.747916937714924,8.81592795375158,8.628897659650775,8.790423822737832,756806.0,778517621.68,20170816,10.34,1.1762800302363057,20240614,20240614,1.071428
000001.SZ,1d,2017-08-17,8.798925199742417,8.85843483877449,8.747916937714924,8.85843483877449,553642.0,573093949.61,20170817,10.420000000000002,1.1762800302363057,20240614,20240614,1.071428
000001.SZ,1d,2017-08-18,8.807426576746998,9.011459624856968,8.747916937714924,8.875437592783655,616520.0,643188717.2099999,20170818,10.440000000000001,1.1762800302363057,20240614,20240614,1.071428
000001.SZ,1d,2017-08-21,8.866936215779072,8.943448608820312,8.832930707760744,8.892440346792819,399154.0,417653110.84999996,20170821,10.46,1.1762800302363057,20240614,20240614,1.071428
000001.SZ,1d,2017-08-22,8.909443100801981,9.062467886884459,8.81592795375158,9.053966509879876,875681.0,922881865.79,20170822,10.65,1.1762800302363057,20240614,20240614,1.071428
000001.SZ,1d,2017-08-23,9.036963755870712,9.334511951031084,9.002958247852384,9.266500934994427,1319151.0,1430051908.04,20170823,10.9,1.1762800302363057,20240614,20240614,1.071428
000001.SZ,1d,2017-08-24,9.257999557989846,9.44502985209065,9.215492672966935,9.292005066008173,924248.0,1014933651.98,20170824,10.93,1.1762800302363057,20240614,20240614,1.071428
000001.SZ,1d,2017-08-25,9.300506443012756,9.496038114118143,9.266500934994427,9.445029852090652,963940.0,1068994547.06,20170825,11.110000000000001,1.1762800302363057,20240614,20240614,1.071428
000001.SZ,1d,2017-08-28,9.436528475086067,9.810589063287678,9.436528475086067,9.649062900200619,1603938.0,1828380086.0000002,20170828,11.35,1.1762800302363057,20240614,20240614,1.071428
000001.SZ,1d,2017-08-29,9.60655601517771,9.98061660337932,9.589553261168545,9.921106964347246,1357983.0,1569230034.16,20170829,11.67,1.1762800302363057,20240614,20240614,1.071428
000001.SZ,1d,2017-08-30,9.929608341351827,9.946611095360991,9.649062900200619,9.717073916237275,1096674.0,1264128140.6799998,20170830,11.43,1.1762800302363057,20240614,20240614,1.071428
000001.SZ,1d,2017-08-31,9.683068408218949,9.725575293241857,9.479035360108979,9.589553261168547,1151786.0,1297730595.7200003,20170831,11.280000000000001,1.1762800302363057,20240614,20240614,1.071428
000001.SZ,1d,2017-09-01,9.589553261168547,9.683068408218949,9.479035360108979,9.530043622136471,959976.0,1080996319.27,20170901,11.21,1.1762800302363057,20240614,20240614,1.071428
000001.SZ,1d,2017-09-04,9.504539491122724,9.963613849370155,9.496038114118143,9.963613849370155,1352325.0,1551875033.9,20170904,11.72,1.1762800302363057,20240614,20240614,1.071428
000001.SZ,1d,2017-09-05,9.929608341351827,10.15064414347096,9.86159732531517,9.895602833333498,1287518.0,1513759541.19,20170905,11.639999999999999,1.1762800302363057,20240614,20240614,1.071428
000001.SZ,1d,2017-09-06,9.853095948310589,10.099635881443469,9.759580801260187,9.946611095360993,791621.0,925519043.82,20170906,11.700000000000001,1.1762800302363057,20240614,20240614,1.071428
000001.SZ,1d,2017-09-07,9.904104210338081,9.9891179803839,9.683068408218949,9.725575293241858,614187.0,711036421.43,20170907,11.440000000000001,1.1762800302363057,20240614,20240614,1.071428
000001.SZ,1d,2017-09-08,9.742578047251023,9.895602833333498,9.674567031214366,9.768082178264768,481276.0,553644520.36,20170908,11.49,1.1762800302363057,20240614,20240614,1.071428
000001.SZ,1d,2017-09-11,9.81058906328768,9.93810971835641,9.60655601517771,9.674567031214366,699472.0,801825014.63,20170911,11.38,1.1762800302363057,20240614,20240614,1.071428
000001.SZ,1d,2017-09-12,9.674567031214364,9.810589063287678,9.581051884163962,9.810589063287678,846183.0,962032172.14,20170912,11.54,1.1762800302363057,20240614,20240614,1.071428
000001.SZ,1d,2017-09-13,9.768082178264768,9.810589063287678,9.640561523196038,9.717073916237275,668237.0,765028184.64,20170913,11.43,1.1762800302363057,20240614,20240614,1.071428
000001.SZ,1d,2017-09-14,9.717073916237275,9.853095948310589,9.555547753150217,9.623558769186873,883087.0,1005775578.2400001,20170914,11.32,1.1762800302363057,20240614,20240614,1.071428
000001.SZ,1d,2017-09-15,9.598054638173128,9.623558769186873,9.479035360108979,9.598054638173128,646094.0,726061100.4500002,20170915,11.290000000000001,1.1762800302363057,20240614,20240614,1.071428
000001.SZ,1d,2017-09-18,9.564049130154801,9.623558769186873,9.52154224513189,9.564049130154801,607612.0,684223023.19,20170918,11.250000000000002,1.1762800302363057,20240614,20240614,1.071428
000001.SZ,1d,2017-09-19,9.5640491301548,9.640561523196038,9.419525721076905,9.462032606099815,764212.0,853815999.65,20170919,11.13,1.1762800302363057,20240614,20240614,1.071428
000001.SZ,1d,2017-09-20,9.470533983104398,9.666065654209785,9.39402159006316,9.598054638173128,787154.0,884640964.2099999,20170920,11.290000000000001,1.1762800302363057,20240614,20240614,1.071428
000001.SZ,1d,2017-09-21,9.572550507159383,9.785084932273934,9.52154224513189,9.742578047251023,692407.0,788605300.87,20170921,11.46,1.1762800302363057,20240614,20240614,1.071428
000001.SZ,1d,2017-09-22,9.717073916237275,9.793586309278515,9.615057392182292,9.725575293241858,593927.0,677622489.51,20170922,11.440000000000001,1.1762800302363057,20240614,20240614,1.071428
000001.SZ,1d,2017-09-25,9.725575293241857,9.73407667024644,9.504539491122724,9.598054638173126,532391.0,602270302.75,20170925,11.29,1.1762800302363057,20240614,20240614,1.071428
000001.SZ,1d,2017-09-26,9.572550507159383,9.60655601517771,9.31750919702192,9.39402159006316,967460.0,1074228193.8000002,20170926,11.05,1.1762800302363057,20240614,20240614,1.071428
000001.SZ,1d,2017-09-27,9.36001608204483,9.419525721076905,9.266500934994427,9.292005066008173,727188.0,798377280.0500001,20170927,10.93,1.1762800302363057,20240614,20240614,1.071428
000001.SZ,1d,2017-09-28,9.334511951031084,9.334511951031084,9.19848991895777,9.249498180985263,517220.0,563485127.39,20170928,10.88,1.1762800302363057,20240614,20240614,1.071428
000001.SZ,1d,2017-09-29,9.283503689003592,9.48753673711356,9.232495426976099,9.44502985209065,682280.0,753852534.72,20170929,11.11,1.1762800302363057,20240614,20240614,1.071428
000001.SZ,1d,2017-10-09,9.836093194301425,9.895602833333498,9.57255050715938,9.60655601517771,1325227.0,1520609511.5700002,20171009,11.299999999999999,1.1762800302363057,20240614,20240614,1.071428
000001.SZ,1d,2017-10-10,9.632060146191456,9.776583555269351,9.632060146191456,9.751079424255604,747925.0,853665849.11,20171010,11.47,1.1762800302363057,20240614,20240614,1.071428
000001.SZ,1d,2017-10-11,9.759580801260187,9.844594571306006,9.640561523196038,9.802087686283096,658077.0,756203405.4,20171011,11.53,1.1762800302363057,20240614,20240614,1.071428
000001.SZ,1d,2017-10-12,9.81058906328768,9.844594571306006,9.751079424255604,9.81909044029226,578065.0,667148377.69,20171012,11.55,1.1762800302363057,20240614,20240614,1.071428
000001.SZ,1d,2017-10-13,9.827591817296844,9.827591817296844,9.5640491301548,9.657564277205202,737375.0,839662734.96,20171013,11.36,1.1762800302363057,20240614,20240614,1.071428
000001.SZ,1d,2017-10-16,9.657564277205202,9.861597325315172,9.598054638173128,9.85309594831059,1036250.0,1190724204.76,20171016,11.590000000000002,1.1762800302363057,20240614,20240614,1.071428
000001.SZ,1d,2017-10-17,9.878600079324336,9.904104210338081,9.759580801260187,9.785084932273932,506372.0,585333998.33,20171017,11.51,1.1762800302363057,20240614,20240614,1.071428
000001.SZ,1d,2017-10-18,9.802087686283096,9.946611095360991,9.785084932273932,9.938109718356408,871365.0,1011050927.6999999,20171018,11.69,1.1762800302363057,20240614,20240614,1.071428
000001.SZ,1d,2017-10-19,9.895602833333498,9.963613849370155,9.836093194301425,9.887101456328917,722764.0,841546799.4000001,20171019,11.63,1.1762800302363057,20240614,20240614,1.071428
000001.SZ,1d,2017-10-20,9.853095948310589,9.853095948310589,9.700071162228111,9.759580801260187,461808.0,529747048.15999997,20171020,11.48,1.1762800302363057,20240614,20240614,1.071428
000001.SZ,1d,2017-10-23,9.683068408218949,9.69156978522353,9.479035360108979,9.513040868127307,1074465.0,1206888281.81,20171023,11.19,1.1762800302363057,20240614,20240614,1.071428
000001.SZ,1d,2017-10-24,9.521542245131888,9.708572539232694,9.504539491122724,9.683068408218949,618871.0,700896871.75,20171024,11.39,1.1762800302363057,20240614,20240614,1.071428
000001.SZ,1d,2017-10-25,9.657564277205202,9.666065654209783,9.5640491301548,9.581051884163962,418573.0,472708177.86,20171025,11.27,1.1762800302363057,20240614,20240614,1.071428
000001.SZ,1d,2017-10-26,9.564049130154801,9.623558769186873,9.453531229095233,9.504539491122726,928996.0,1041707022.8800001,20171026,11.180000000000001,1.1762800302363057,20240614,20240614,1.071428
000001.SZ,1d,2017-10-27,9.513040868127307,9.827591817296844,9.504539491122724,9.827591817296844,1360086.0,1548543731.64,20171027,11.56,1.1762800302363057,20240614,20240614,1.071428
000001.SZ,1d,2017-10-30,9.81909044029226,9.972115226374738,9.734076670246441,9.827591817296844,1278246.0,1484495472.5400002,20171030,11.56,1.1762800302363057,20240614,20240614,1.071428
000001.SZ,1d,2017-10-31,9.81909044029226,9.844594571306006,9.683068408218949,9.81058906328768,627491.0,721237474.23,20171031,11.540000000000001,1.1762800302363057,20240614,20240614,1.071428
000001.SZ,1d,2017-11-01,9.827591817296844,9.853095948310589,9.623558769186873,9.69156978522353,692617.0,792881042.8199999,20171101,11.4,1.1762800302363057,20240614,20240614,1.071428
000001.SZ,1d,2017-11-02,9.657564277205202,9.844594571306006,9.57255050715938,9.810589063287678,604308.0,689229873.86,20171102,11.54,1.1762800302363057,20240614,20240614,1.071428
000001.SZ,1d,2017-11-03,9.768082178264768,9.929608341351827,9.649062900200619,9.683068408218947,743343.0,852032107.89,20171103,11.389999999999999,1.1762800302363057,20240614,20240614,1.071428
000001.SZ,1d,2017-11-06,9.708572539232694,9.708572539232694,9.428027098081486,9.589553261168545,1029902.0,1157303985.6000001,20171106,11.28,1.1762800302363057,20240614,20240614,1.071428
000001.SZ,1d,2017-11-07,9.581051884163962,10.27816479853969,9.5640491301548,10.133641389461795,2477163.0,2914269160.44,20171107,11.92,1.1762800302363057,20240614,20240614,1.071428
000001.SZ,1d,2017-11-08,10.201652405498452,10.703233648768792,10.142142766466378,10.312170306558018,4262825.0,5199224276.82,20171108,12.129999999999999,1.1762800302363057,20240614,20240614,1.071428
000001.SZ,1d,2017-11-09,10.371679945590094,10.686230894759628,10.329173060567184,10.48219784664966,2295289.0,2839861735.04,20171109,12.33,1.1762800302363057,20240614,20240614,1.071428
000001.SZ,1d,2017-11-10,10.516203354667988,10.669228140750466,10.329173060567184,10.456693715635915,1757552.0,2167126597.89,20171110,12.3,1.1762800302363057,20240614,20240614,1.071428
000001.SZ,1d,2017-11-13,10.499200600658824,11.136803876002476,10.499200600658824,10.966776335910836,2566906.0,3307955288.7400002,20171113,12.9,1.1762800302363057,20240614,20240614,1.071428
000001.SZ,1d,2017-11-14,11.009283220933748,11.27282590807579,10.890263942869598,11.009283220933748,1780302.0,2318092534.3199997,20171114,12.950000000000001,1.1762800302363057,20240614,20240614,1.071428
000001.SZ,1d,2017-11-15,10.966776335910836,11.162308007016222,10.85625843485127,10.966776335910836,1263052.0,1627912725.03,20171115,12.9,1.1762800302363057,20240614,20240614,1.071428
000001.SZ,1d,2017-11-16,10.966776335910836,11.15380663001164,10.77124466480545,11.136803876002476,1200814.0,1550701791.1,20171116,13.1,1.1762800302363057,20240614,20240614,1.071428
000001.SZ,1d,2017-11-17,11.196313515034554,11.442853448167432,11.077294236970404,11.204814892039135,2064149.0,2731215933.7500005,20171117,13.180000000000001,1.1762800302363057,20240614,20240614,1.071428
000001.SZ,1d,2017-11-20,11.162308007016223,12.114462231529412,11.094296990979567,12.114462231529412,2843925.0,3860145472.82,20171120,14.25,1.1762800302363057,20240614,20240614,1.071428
000001.SZ,1d,2017-11-21,11.961437445446936,12.573536589776841,11.910429183419442,12.284489771621052,2495327.0,3609849024.92,20171121,14.45,1.1762800302363057,20240614,20240614,1.071428
000001.SZ,1d,2017-11-22,12.3099939026348,12.956098554983035,12.3099939026348,12.837079276918885,2570231.0,3839501153.96,20171122,15.1,1.1762800302363057,20240614,20240614,1.071428
000001.SZ,1d,2017-11-23,12.879586161941797,12.956098554983035,11.961437445446936,12.199476001575233,2429142.0,3562843399.78,20171123,14.35,1.1762800302363057,20240614,20240614,1.071428
000001.SZ,1d,2017-11-24,12.14846773954774,12.403509049685203,11.714897512314057,12.378004918671456,2630189.0,3732597275.58,20171124,14.56,1.1762800302363057,20240614,20240614,1.071428
000001.SZ,1d,2017-11-27,12.156969116552323,12.156969116552323,11.68939338130031,11.842418167382787,2064085.0,2878491901.4700003,20171127,13.93,1.1762800302363057,20240614,20240614,1.071428
000001.SZ,1d,2017-11-28,11.77440715134613,11.77440715134613,11.391845186139939,11.6468864962774,1766432.0,2396540133.1,20171128,13.700000000000001,1.1762800302363057,20240614,20240614,1.071428
000001.SZ,1d,2017-11-29,11.672390627291147,11.842418167382789,11.451354825172013,11.748903020332385,1564094.0,2148312654.9900002,20171129,13.82,1.1762800302363057,20240614,20240614,1.071428
000001.SZ,1d,2017-11-30,11.6468864962774,11.672390627291147,11.27282590807579,11.374842432130773,1379635.0,1866700884.5900002,20171130,13.379999999999999,1.1762800302363057,20240614,20240614,1.071428
000001.SZ,1d,2017-12-01,11.391845186139939,11.459856202176596,11.017784597938329,11.051790105956657,1784933.0,2354299656.82,20171201,13.0,1.1762800302363057,20240614,20240614,1.071428
000001.SZ,1d,2017-12-04,11.094296990979567,11.366341055126192,11.051790105956657,11.306831416094118,1454023.0,1923315712.98,20171204,13.3,1.1762800302363057,20240614,20240614,1.071428
000001.SZ,1d,2017-12-05,11.179310761025388,11.468357579181177,11.136803876002476,11.306831416094116,1723681.0,2301867653.6200004,20171205,13.299999999999999,1.1762800302363057,20240614,20240614,1.071428
000001.SZ,1d,2017-12-06,11.272825908075792,11.281327285080373,10.873261188860434,11.119801121993314,1619844.0,2104168537.1000001,20171206,13.08,1.1762800302363057,20240614,20240614,1.071428
000001.SZ,1d,2017-12-07,11.094296990979567,11.170809384020806,10.839255680842106,10.907266696878763,1181957.0,1526953344.35,20171207,12.83,1.1762800302363057,20240614,20240614,1.071428
000001.SZ,1d,2017-12-08,10.958274958906255,11.128302498997895,10.839255680842106,11.128302498997895,1351315.0,1751423112.52,20171208,13.09,1.1762800302363057,20240614,20240614,1.071428
000001.SZ,1d,2017-12-11,11.119801121993314,11.536368595217834,10.949773581901672,11.476858956185758,2261952.0,2980735572.46,20171211,13.5,1.1762800302363057,20240614,20240614,1.071428
000001.SZ,1d,2017-12-12,11.391845186139939,11.459856202176596,11.06879285996582,11.06879285996582,1743405.0,2302354901.4999995,20171212,13.02,1.1762800302363057,20240614,20240614,1.071428
000001.SZ,1d,2017-12-13,11.051790105956657,11.221817646048299,10.949773581901672,11.162308007016223,1289248.0,1679022035.87,20171213,13.13,1.1762800302363057,20240614,20240614,1.071428
000001.SZ,1d,2017-12-14,11.179310761025388,11.315332793098701,10.975277712915418,11.051790105956657,1001997.0,1311131917.6599998,20171214,13.0,1.1762800302363057,20240614,20240614,1.071428
000001.SZ,1d,2017-12-15,10.966776335910836,10.992280466924582,10.77124466480545,10.81375154982836,1099952.0,1405372004.0400002,20171215,12.72,1.1762800302363057,20240614,20240614,1.071428
000001.SZ,1d,2017-12-18,10.822252926832942,10.975277712915418,10.745740533791704,10.839255680842106,805464.0,1029422753.2800001,20171218,12.75,1.1762800302363057,20240614,20240614,1.071428
000001.SZ,1d,2017-12-19,10.873261188860434,11.323834170103282,10.830754303837523,11.289828662084956,2397942.0,3138687565.9,20171219,13.280000000000001,1.1762800302363057,20240614,20240614,1.071428
000001.SZ,1d,2017-12-20,11.221817646048299,11.315332793098701,11.162308007016223,11.272825908075792,1106245.0,1463802116.67,20171220,13.260000000000002,1.1762800302363057,20240614,20240614,1.071428
000001.SZ,1d,2017-12-21,11.204814892039133,11.629883742268236,11.187812138029969,11.510864464204088,1485203.0,2005617683.8600001,20171221,13.540000000000001,1.1762800302363057,20240614,20240614,1.071428
000001.SZ,1d,2017-12-22,11.47685895618576,11.587376857245326,11.43435207116285,11.493861710194924,742900.0,1004525768.54,20171222,13.520000000000001,1.1762800302363057,20240614,20240614,1.071428
000001.SZ,1d,2017-12-25,11.493861710194922,11.782908528350712,11.187812138029969,11.264324531071209,1585567.0,2145040658.23,20171225,13.25,1.1762800302363057,20240614,20240614,1.071428
000001.SZ,1d,2017-12-26,11.27282590807579,11.638385119272817,11.213316269043714,11.612880988259072,1123688.0,1510826264.4400003,20171226,13.66,1.1762800302363057,20240614,20240614,1.071428
000001.SZ,1d,2017-12-27,11.544869972222415,11.714897512314055,11.213316269043714,11.298330039089535,1366566.0,1848165006.46,20171227,13.29,1.1762800302363057,20240614,20240614,1.071428
000001.SZ,1d,2017-12-28,11.289828662084954,11.44285344816743,11.06879285996582,11.230319023052878,1553030.0,2052944539.1400003,20171228,13.209999999999999,1.1762800302363057,20240614,20240614,1.071428
000001.SZ,1d,2017-12-29,11.230319023052878,11.417349317153684,11.136803876002476,11.306831416094116,982915.0,1303222040.36,20171229,13.299999999999999,1.1762800302363057,20240614,20240614,1.071428
000001.SZ,1d,2018-01-02,11.349338301117028,11.842418167382787,11.323834170103282,11.6468864962774,2081592.0,2856543822.1800003,20180102,13.700000000000001,1.1762800302363057,20240614,20240614,1.071428
000001.SZ,1d,2018-01-03,11.672390627291147,11.782908528350713,11.221817646048299,11.332335547107865,2962498.0,4006220766.94,20180103,13.330000000000002,1.1762800302363057,20240614,20240614,1.071428
000001.SZ,1d,2018-01-04,11.323834170103282,11.366341055126194,11.162308007016223,11.264324531071209,1854509.0,2454543516.41,20180104,13.25,1.1762800302363057,20240614,20240614,1.071428
000001.SZ,1d,2018-01-05,11.23031902305288,11.349338301117028,11.179310761025388,11.306831416094118,1210312.0,1603289517.9300003,20180105,13.3,1.1762800302363057,20240614,20240614,1.071428
000001.SZ,1d,2018-01-08,11.264324531071209,11.298330039089535,10.932770827892508,11.017784597938327,2158620.0,2806099169.66,20180108,12.959999999999999,1.1762800302363057,20240614,20240614,1.071428
000001.SZ,1d,2018-01-09,11.017784597938327,11.221817646048297,10.98377908992,11.119801121993314,1344345.0,1754315792.47,20180109,13.08,1.1762800302363057,20240614,20240614,1.071428
000001.SZ,1d,2018-01-10,11.085795613974984,11.468357579181177,10.98377908992,11.451354825172013,2403277.0,3196055830.9100003,20180110,13.47,1.1762800302363057,20240614,20240614,1.071428
000001.SZ,1d,2018-01-11,11.40034656314452,11.553371349226998,11.281327285080371,11.391845186139939,1443877.0,1937494294.07,20180111,13.4,1.1762800302363057,20240614,20240614,1.071428
000001.SZ,1d,2018-01-12,11.434352071162849,11.629883742268236,11.40034656314452,11.51936584120867,1353991.0,1833435672.07,20180112,13.55,1.1762800302363057,20240614,20240614,1.071428
000001.SZ,1d,2018-01-15,11.485360333190341,12.182473247566069,11.476858956185758,12.0719553465065,3122394.0,4376707088.52,20180115,14.2,1.1762800302363057,20240614,20240614,1.071428
000001.SZ,1d,2018-01-16,12.046451215492755,12.224980132588978,11.918930560424025,12.0719553465065,2444549.0,3479177087.3,20180116,14.2,1.1762800302363057,20240614,20240614,1.071428
000001.SZ,1d,2018-01-17,12.18247324756607,12.582037966781424,12.071955346506503,12.097459477520248,2656294.0,3849312882.21,20180117,14.23,1.1762800302363057,20240614,20240614,1.071428
000001.SZ,1d,2018-01-18,12.241982886598143,12.51402695074477,12.13996636254316,12.51402695074477,2148026.0,3120455742.3500004,20180118,14.72,1.1762800302363057,20240614,20240614,1.071428
000001.SZ,1d,2018-01-19,12.582037966781424,12.86258340793263,12.48002144272644,12.582037966781424,2571146.0,3832857440.2999997,20180119,14.799999999999999,1.1762800302363057,20240614,20240614,1.071428
000001.SZ,1d,2018-01-22,12.412010426689783,12.701057244845572,12.267487017611888,12.275988394616471,2073867.0,3032799070.35,20180122,14.44,1.1762800302363057,20240614,20240614,1.071428
000001.SZ,1d,2018-01-23,12.207977378579814,12.667051736827245,12.182473247566069,12.454517311712694,2388791.0,3492462005.57,20180123,14.65,1.1762800302363057,20240614,20240614,1.071428
000001.SZ,1d,2018-01-24,12.463018688717277,12.820076522909721,12.326996656643963,12.446015934708113,2591292.0,3838734922.63,20180124,14.64,1.1762800302363057,20240614,20240614,1.071428
000001.SZ,1d,2018-01-25,12.284489771621052,12.301492525630218,11.90192780641486,12.0719553465065,2369984.0,3360822344.56,20180125,14.2,1.1762800302363057,20240614,20240614,1.071428
000001.SZ,1d,2018-01-26,12.054952592497338,12.19097462457065,11.918930560424025,11.94443469143777,2032988.0,2885104627.01,20180126,14.049999999999999,1.1762800302363057,20240614,20240614,1.071428
000001.SZ,1d,2018-01-29,11.94443469143777,12.114462231529412,11.561872726231579,11.680892004295728,2090546.0,2911452095.24,20180129,13.74,1.1762800302363057,20240614,20240614,1.071428
000001.SZ,1d,2018-01-30,11.6468864962774,11.765905774341547,11.51936584120867,11.60437961125449,1094739.0,1497708872.6299999,20180130,13.65,1.1762800302363057,20240614,20240614,1.071428
000001.SZ,1d,2018-01-31,11.56187272623158,11.944434691437772,11.502363087199505,11.944434691437772,1747729.0,2423104767.05,20180131,14.05,1.1762800302363057,20240614,20240614,1.071428
000001.SZ,1d,2018-02-01,11.85942092139195,12.156969116552323,11.765905774341547,11.927431937428606,2005614.0,2821583609.2299995,20180201,14.03,1.1762800302363057,20240614,20240614,1.071428
000001.SZ,1d,2018-02-02,11.825415413373623,11.986941576460683,11.587376857245326,11.944434691437772,1176512.0,1637619618.3200002,20180202,14.05,1.1762800302363057,20240614,20240614,1.071428
000001.SZ,1d,2018-02-05,11.73190026632322,12.386506295676037,11.672390627291147,12.369503541666875,2331997.0,3326355314.78,20180205,14.55,1.1762800302363057,20240614,20240614,1.071428
000001.SZ,1d,2018-02-06,12.097459477520248,12.182473247566069,11.842418167382787,11.90192780641486,2582872.0,3641294710.26,20180206,14.0,1.1762800302363057,20240614,20240614,1.071428
000001.SZ,1d,2018-02-07,12.088958100515665,12.156969116552323,10.847757057846687,10.98377908992,3345716.0,4521586590.190001,20180207,12.92,1.1762800302363057,20240614,20240614,1.071428
000001.SZ,1d,2018-02-08,10.907266696878764,10.983779089920002,10.652225386741302,10.660726763745883,2137815.0,2711464886.05,20180208,12.540000000000001,1.1762800302363057,20240614,20240614,1.071428
000001.SZ,1d,2018-02-09,10.269663421535109,10.269663421535109,9.674567031214366,9.93810971835641,2824949.0,3308553501.5200005,20180209,11.690000000000001,1.1762800302363057,20240614,20240614,1.071428
000001.SZ,1d,2018-02-12,10.014622111397648,10.06563037342514,9.827591817296844,9.963613849370155,1228782.0,1439644312.04,20180212,11.72,1.1762800302363057,20240614,20240614,1.071428
000001.SZ,1d,2018-02-13,10.091134504438886,10.380181322594675,10.06563037342514,10.15064414347096,1298178.0,1562420005.24,20180213,11.94,1.1762800302363057,20240614,20240614,1.071428
000001.SZ,1d,2018-02-14,10.167646897480124,10.227156536512197,9.997619357388484,10.201652405498452,864190.0,1030474410.4399999,20180214,12.0,1.1762800302363057,20240614,20240614,1.071428
000001.SZ,1d,2018-02-22,10.414186830613003,10.6522253867413,10.414186830613003,10.592715747709226,1268406.0,1573562575.57,20180222,12.46,1.1762800302363057,20240614,20240614,1.071428
000001.SZ,1d,2018-02-23,10.694732271764213,10.873261188860434,10.584214370704645,10.720236402777958,1013663.0,1278185721.74,20180223,12.610000000000001,1.1762800302363057,20240614,20240614,1.071428
000001.SZ,1d,2018-02-26,10.85625843485127,10.924269450887927,10.584214370704645,10.737239156787123,1045758.0,1318960463.96,20180226,12.63,1.1762800302363057,20240614,20240614,1.071428
000001.SZ,1d,2018-02-27,10.745740533791702,10.796748795819195,10.36317856858551,10.439690961626749,1285869.0,1590018492.14,20180227,12.28,1.1762800302363057,20240614,20240614,1.071428
000001.SZ,1d,2018-02-28,10.286666175544273,10.36317856858551,10.142142766466378,10.244159290521361,1214145.0,1463313702.75,20180228,12.049999999999999,1.1762800302363057,20240614,20240614,1.071428
000001.SZ,1d,2018-03-01,10.133641389461795,10.329173060567184,10.116638635452633,10.235657913516782,886957.0,1069354491.03,20180301,12.040000000000001,1.1762800302363057,20240614,20240614,1.071428
000001.SZ,1d,2018-03-02,10.133641389461795,10.23565791351678,10.074131750429721,10.159145520475542,663124.0,791736473.27,20180302,11.95,1.1762800302363057,20240614,20240614,1.071428
000001.SZ,1d,2018-03-05,10.14214276646638,10.269663421535109,10.031624865406812,10.082633127434304,754183.0,897244265.05,20180305,11.860000000000001,1.1762800302363057,20240614,20240614,1.071428
000001.SZ,1d,2018-03-06,10.159145520475542,10.295167552548854,10.006120734393065,10.286666175544273,1150162.0,1373438382.66,20180306,12.1,1.1762800302363057,20240614,20240614,1.071428
000001.SZ,1d,2018-03-07,10.329173060567184,10.490699223654243,10.235657913516782,10.244159290521363,1427570.0,1744085270.0400002,20180307,12.05,1.1762800302363057,20240614,20240614,1.071428
000001.SZ,1d,2018-03-08,10.244159290521363,10.329173060567184,10.159145520475542,10.295167552548856,689755.0,832153697.14,20180308,12.110000000000001,1.1762800302363057,20240614,20240614,1.071428
000001.SZ,1d,2018-03-09,10.329173060567184,10.371679945590094,10.18464965148929,10.27816479853969,943876.0,1139043574.6299999,20180309,12.09,1.1762800302363057,20240614,20240614,1.071428
000001.SZ,1d,2018-03-12,10.329173060567184,10.346175814576348,10.159145520475542,10.227156536512199,1268701.0,1526643478.9199998,20180312,12.030000000000001,1.1762800302363057,20240614,20240614,1.071428
000001.SZ,1d,2018-03-13,10.23565791351678,10.388682699599258,10.201652405498452,10.218655159507616,1082267.0,1309543466.56,20180313,12.02,1.1762800302363057,20240614,20240614,1.071428
000001.SZ,1d,2018-03-14,10.18464965148929,10.201652405498452,10.057128996420557,10.133641389461795,635594.0,757090756.4300001,20180314,11.92,1.1762800302363057,20240614,20240614,1.071428
000001.SZ,1d,2018-03-15,10.02312348840223,10.074131750429721,9.912605587342663,9.955112472365574,1155694.0,1356878634.17,20180315,11.71,1.1762800302363057,20240614,20240614,1.071428
000001.SZ,1d,2018-03-16,9.963613849370155,10.074131750429723,9.895602833333498,9.895602833333498,962983.0,1130784170.87,20180316,11.64,1.1762800302363057,20240614,20240614,1.071428
000001.SZ,1d,2018-03-19,9.912605587342663,10.06563037342514,9.870098702319751,10.057128996420557,808538.0,947664744.37,20180319,11.83,1.1762800302363057,20240614,20240614,1.071428
000001.SZ,1d,2018-03-20,9.98061660337932,10.099635881443469,9.963613849370155,10.048627619415976,776150.0,916858475.86,20180320,11.82,1.1762800302363057,20240614,20240614,1.071428
000001.SZ,1d,2018-03-21,10.159145520475542,10.303668929553437,10.074131750429721,10.116638635452633,1445109.0,1736437401.21,20180321,11.9,1.1762800302363057,20240614,20240614,1.071428
000001.SZ,1d,2018-03-22,10.116638635452633,10.176148274484706,9.878600079324336,9.912605587342663,984278.0,1155741055.8700001,20180322,11.66,1.1762800302363057,20240614,20240614,1.071428
000001.SZ,1d,2018-03-23,9.5640491301548,9.649062900200619,9.283503689003592,9.640561523196038,1825690.0,2037734400.0900002,20180323,11.34,1.1762800302363057,20240614,20240614,1.071428
000001.SZ,1d,2018-03-26,9.479035360108977,9.521542245131888,9.232495426976099,9.292005066008173,1383598.0,1519435011.09,20180326,10.93,1.1762800302363057,20240614,20240614,1.071428
000001.SZ,1d,2018-03-27,9.436528475086067,9.496038114118143,9.232495426976099,9.300506443012756,1103933.0,1213989931.1799998,20180327,10.94,1.1762800302363057,20240614,20240614,1.071428
000001.SZ,1d,2018-03-28,9.223994049971518,9.470533983104398,9.172985787944025,9.257999557989846,1099023.0,1201023442.2099998,20180328,10.89,1.1762800302363057,20240614,20240614,1.071428
000001.SZ,1d,2018-03-29,9.283503689003592,9.496038114118143,8.968952739834057,9.39402159006316,1330602.0,1445281829.8600001,20180329,11.05,1.1762800302363057,20240614,20240614,1.071428
000001.SZ,1d,2018-03-30,9.385520213058577,9.39402159006316,9.249498180985263,9.266500934994427,752173.0,823438180.73,20180330,10.9,1.1762800302363057,20240614,20240614,1.071428
000001.SZ,1d,2018-04-02,9.240996803980682,9.343013328035665,9.096473394902787,9.104974771907369,1109316.0,1200911980.3799999,20180402,10.71,1.1762800302363057,20240614,20240614,1.071428
000001.SZ,1d,2018-04-03,9.011459624856966,9.07096926388904,8.934947231815727,8.977454116838638,890745.0,942237800.69,20180403,10.56,1.1762800302363057,20240614,20240614,1.071428
000001.SZ,1d,2018-04-04,9.079470640893621,9.36001608204483,9.011459624856966,9.24099680398068,1602488.0,1737258898.2800002,20180404,10.87,1.1762800302363057,20240614,20240614,1.071428
000001.SZ,1d,2018-04-09,9.181487164948608,9.436528475086067,9.121977525916533,9.368517459049412,1074795.0,1180084371.5900002,20180409,11.02,1.1762800302363057,20240614,20240614,1.071428
000001.SZ,1d,2018-04-10,9.368517459049412,9.742578047251023,9.326010574026503,9.708572539232694,1390950.0,1562265089.74,20180410,11.42,1.1762800302363057,20240614,20240614,1.071428
000001.SZ,1d,2018-04-11,9.683068408218949,10.133641389461797,9.674567031214366,10.057128996420557,2095970.0,2458982163.44,20180411,11.83,1.1762800302363057,20240614,20240614,1.071428
000001.SZ,1d,2018-04-12,10.031624865406812,10.057128996420557,9.708572539232694,9.793586309278513,1173128.0,1364675848.46,20180412,11.52,1.1762800302363057,20240614,20240614,1.071428
000001.SZ,1d,2018-04-13,9.895602833333498,10.02312348840223,9.734076670246441,9.836093194301425,1300255.0,1516155527.17,20180413,11.57,1.1762800302363057,20240614,20240614,1.071428
000001.SZ,1d,2018-04-16,9.751079424255604,9.751079424255604,9.377018836053994,9.436528475086067,1427072.0,1593706086.4,20180416,11.1,1.1762800302363057,20240614,20240614,1.071428
000001.SZ,1d,2018-04-17,9.453531229095232,9.73407667024644,9.44502985209065,9.53004362213647,1301891.0,1468159349.6599998,20180417,11.209999999999999,1.1762800302363057,20240614,20240614,1.071428
000001.SZ,1d,2018-04-18,9.73407667024644,9.870098702319751,9.589553261168545,9.776583555269351,1475845.0,1692722923.5,20180418,11.5,1.1762800302363057,20240614,20240614,1.071428
000001.SZ,1d,2018-04-19,9.793586309278513,9.938109718356408,9.708572539232694,9.751079424255604,849131.0,979593564.5999999,20180419,11.47,1.1762800302363057,20240614,20240614,1.071428
000001.SZ,1d,2018-04-20,9.785084932273934,9.844594571306008,9.52154224513189,9.64906290020062,958690.0,1090801311.42,20180420,11.350000000000001,1.1762800302363057,20240614,20240614,1.071428
000001.SZ,1d,2018-04-23,9.60655601517771,9.870098702319751,9.57255050715938,9.836093194301425,1070289.0,1228544006.32,20180423,11.57,1.1762800302363057,20240614,20240614,1.071428
000001.SZ,1d,2018-04-24,9.887101456328917,10.15064414347096,9.844594571306006,10.082633127434303,1461098.0,1725152198.09,20180424,11.86,1.1762800302363057,20240614,20240614,1.071428
000001.SZ,1d,2018-04-25,9.997619357388485,10.040126242411393,9.887101456328917,9.929608341351829,730286.0,854713248.8800001,20180425,11.680000000000001,1.1762800302363057,20240614,20240614,1.071428
000001.SZ,1d,2018-04-26,9.912605587342663,9.93810971835641,9.615057392182292,9.708572539232694,874235.0,1002483154.12,20180426,11.42,1.1762800302363057,20240614,20240614,1.071428
000001.SZ,1d,2018-04-27,9.768082178264768,9.785084932273934,9.036963755870714,9.223994049971518,2709795.0,2958464277.86,20180427,10.850000000000001,1.1762800302363057,20240614,20240614,1.071428
000001.SZ,1d,2018-05-02,9.326010574026503,9.377018836053995,9.181487164948608,9.249498180985263,1190523.0,1295804420.86,20180502,10.88,1.1762800302363057,20240614,20240614,1.071428
000001.SZ,1d,2018-05-03,9.232495426976099,9.249498180985263,8.985955493843221,9.138980279925697,1281355.0,1372765845.8300002,20180503,10.75,1.1762800302363057,20240614,20240614,1.071428
000001.SZ,1d,2018-05-04,9.121977525916533,9.206991295962354,9.062467886884459,9.079470640893621,710509.0,761302468.67,20180504,10.68,1.1762800302363057,20240614,20240614,1.071428
000001.SZ,1d,2018-05-07,9.096473394902787,9.206991295962354,9.045465132875295,9.18998854195319,974309.0,1046743101.9200001,20180507,10.81,1.1762800302363057,20240614,20240614,1.071428
000001.SZ,1d,2018-05-08,9.206991295962354,9.479035360108979,9.181487164948608,9.360016082044831,1373305.0,1511546681.16,20180508,11.010000000000002,1.1762800302363057,20240614,20240614,1.071428
000001.SZ,1d,2018-05-09,9.334511951031084,9.377018836053995,9.249498180985263,9.326010574026503,627656.0,687036874.44,20180509,10.97,1.1762800302363057,20240614,20240614,1.071428
000001.SZ,1d,2018-05-10,9.377018836053994,9.428027098081486,9.27500231199901,9.36001608204483,552735.0,607349997.23,20180510,11.01,1.1762800302363057,20240614,20240614,1.071428
000001.SZ,1d,2018-05-11,9.385520213058577,9.462032606099815,9.31750919702192,9.360016082044831,772369.0,853271166.64,20180511,11.010000000000002,1.1762800302363057,20240614,20240614,1.071428
000001.SZ,1d,2018-05-14,9.428027098081486,9.547046376145634,9.377018836053994,9.504539491122724,1039297.0,1158064201.07,20180514,11.18,1.1762800302363057,20240614,20240614,1.071428
000001.SZ,1d,2018-05-15,9.504539491122724,9.513040868127307,9.368517459049412,9.453531229095232,669261.0,742590447.6500001,20180515,11.12,1.1762800302363057,20240614,20240614,1.071428
000001.SZ,1d,2018-05-16,9.411024344072322,9.411024344072322,9.257999557989846,9.266500934994427,714362.0,782694669.6899999,20180516,10.9,1.1762800302363057,20240614,20240614,1.071428
000001.SZ,1d,2018-05-17,9.27500231199901,9.300506443012756,9.164484410939442,9.19848991895777,586494.0,635675440.98,20180517,10.819999999999999,1.1762800302363057,20240614,20240614,1.071428
000001.SZ,1d,2018-05-18,9.18998854195319,9.326010574026503,9.147481656930278,9.317509197021918,578384.0,628250184.9200001,20180518,10.959999999999999,1.1762800302363057,20240614,20240614,1.071428
000001.SZ,1d,2018-05-21,9.411024344072322,9.44502985209065,9.292005066008173,9.309007820017337,763533.0,838750577.6500001,20180521,10.95,1.1762800302363057,20240614,20240614,1.071428
000001.SZ,1d,2018-05-22,9.309007820017339,9.334511951031084,9.172985787944025,9.2324954269761,589871.0,639815249.44,20180522,10.860000000000001,1.1762800302363057,20240614,20240614,1.071428
000001.SZ,1d,2018-05-23,9.19848991895777,9.19848991895777,9.02846237886613,9.053966509879876,991016.0,1058587812.32,20180523,10.65,1.1762800302363057,20240614,20240614,1.071428
000001.SZ,1d,2018-05-24,9.062467886884459,9.079470640893621,8.994456870847802,9.019961001861548,688152.0,730678763.88,20180524,10.61,1.1762800302363057,20240614,20240614,1.071428
000001.SZ,1d,2018-05-25,9.01996100186155,9.07096926388904,8.968952739834057,9.002958247852384,593335.0,629735450.6,20180525,10.59,1.1762800302363057,20240614,20240614,1.071428
000001.SZ,1d,2018-05-28,8.994456870847802,9.062467886884459,8.934947231815727,9.002958247852384,569400.0,602590746.57,20180528,10.59,1.1762800302363057,20240614,20240614,1.071428
000001.SZ,1d,2018-05-29,8.994456870847802,9.036963755870712,8.798925199742415,8.82442933075616,889494.0,930386966.6300001,20180529,10.379999999999999,1.1762800302363057,20240614,20240614,1.071428
000001.SZ,1d,2018-05-30,8.747916937714924,8.747916937714924,8.543883889604954,8.5693880206187,1124447.0,1139918753.16,20180530,10.08,1.1762800302363057,20240614,20240614,1.071428
000001.SZ,1d,2018-05-31,8.594892151632445,8.662903167669102,8.518379758591207,8.65440179066452,987360.0,999216332.96,20180531,10.18,1.1762800302363057,20240614,20240614,1.071428
000001.SZ,1d,2018-06-01,8.628897659650775,8.747916937714924,8.560886643614118,8.662903167669102,597211.0,608398867.4599999,20180601,10.19,1.1762800302363057,20240614,20240614,1.071428
000001.SZ,1d,2018-06-04,8.69690867568743,8.764919691724087,8.628897659650775,8.730914183705758,593038.0,608291978.44,20180604,10.27,1.1762800302363057,20240614,20240614,1.071428
000001.SZ,1d,2018-06-05,8.747916937714923,8.756418314719504,8.594892151632445,8.722412806701177,656540.0,670740302.01,20180605,10.26,1.1762800302363057,20240614,20240614,1.071428
000001.SZ,1d,2018-06-06,8.713911429696594,8.722412806701177,8.586390774627864,8.62039628264619,712743.0,724032796.29,20180606,10.139999999999999,1.1762800302363057,20240614,20240614,1.071428
000001.SZ,1d,2018-06-07,8.671404544673685,8.892440346792817,8.65440179066452,8.81592795375158,1262638.0,1306425478.0900002,20180607,10.37,1.1762800302363057,20240614,20240614,1.071428
000001.SZ,1d,2018-06-08,8.781922445733251,8.781922445733251,8.552385266609535,8.60339352863703,1099379.0,1114968856.53,20180608,10.120000000000001,1.1762800302363057,20240614,20240614,1.071428
000001.SZ,1d,2018-06-11,8.552385266609535,8.611894905641611,8.501377004582043,8.535382512600371,721374.0,724687998.61,20180611,10.04,1.1762800302363057,20240614,20240614,1.071428
000001.SZ,1d,2018-06-12,8.52688113559579,8.569388020618701,8.458870119559135,8.552385266609535,913300.0,914001701.46,20180612,10.06,1.1762800302363057,20240614,20240614,1.071428
000001.SZ,1d,2018-06-13,8.535382512600373,8.552385266609535,8.458870119559135,8.458870119559135,530584.0,530483756.71000004,20180613,9.950000000000001,1.1762800302363057,20240614,20240614,1.071428
000001.SZ,1d,2018-06-14,8.458870119559133,8.628897659650775,8.433365988545388,8.560886643614118,866392.0,872487574.2800001,20180614,10.07,1.1762800302363057,20240614,20240614,1.071428
000001.SZ,1d,2018-06-15,8.5693880206187,8.747916937714924,8.552385266609535,8.645900413659938,1248707.0,1273412999.36,20180615,10.17,1.1762800302363057,20240614,20240614,1.071428
000001.SZ,1d,2018-06-19,8.543883889604954,8.628897659650775,8.348352218499567,8.390859103522478,1565874.0,1565756559.87,20180619,9.870000000000001,1.1762800302363057,20240614,20240614,1.071428
000001.SZ,1d,2018-06-20,8.390859103522477,8.458870119559133,8.297343956472075,8.424864611540805,763637.0,752950700.66,20180620,9.91,1.1762800302363057,20240614,20240614,1.071428
000001.SZ,1d,2018-06-21,8.44186736554997,8.535382512600371,8.382357726517894,8.382357726517894,840070.0,836014838.1400001,20180621,9.86,1.1762800302363057,20240614,20240614,1.071428
000001.SZ,1d,2018-06-22,8.331349464490401,8.390859103522477,8.305845333476656,8.373856349513312,657818.0,645752909.26,20180622,9.85,1.1762800302363057,20240614,20240614,1.071428
000001.SZ,1d,2018-06-25,8.424864611540805,8.433365988545388,7.974291630297958,8.042302646334614,1195212.0,1154559080.5,20180625,9.46,1.1762800302363057,20240614,20240614,1.071428
000001.SZ,1d,2018-06-26,7.982793007302539,8.02529989232545,7.727751697165077,7.957288876288792,1124156.0,1042528543.9899999,20180626,9.36,1.1762800302363057,20240614,20240614,1.071428
000001.SZ,1d,2018-06-27,7.9147819912658814,7.991294384307119,7.676743435137585,7.727751697165077,1045142.0,958871648.21,20180627,9.09,1.1762800302363057,20240614,20240614,1.071428
000001.SZ,1d,2018-06-28,7.60873241910093,7.719250320160497,7.540721403064273,7.583228288087184,1110764.0,996801234.6999999,20180628,8.920000000000002,1.1762800302363057,20240614,20240614,1.071428
000001.SZ,1d,2018-06-29,7.659740681128422,7.7617572051834065,7.617233796105512,7.727751697165079,675299.0,611346088.6899999,20180629,9.090000000000002,1.1762800302363057,20240614,20240614,1.071428
000001.SZ,1d,2018-07-02,7.69374618914675,7.69374618914675,7.268677338917648,7.3196856009451405,1315520.0,1158545868.8100002,20180702,8.610000000000001,1.1762800302363057,20240614,20240614,1.071428
000001.SZ,1d,2018-07-03,7.3876966169817955,7.396197993986378,7.183663568871826,7.370693862972631,1274838.0,1096657033.32,20180703,8.67,1.1762800302363057,20240614,20240614,1.071428
000001.SZ,1d,2018-07-04,7.336688354954303,7.438704879009288,7.319685600945139,7.319685600945139,711153.0,617278559.96,20180704,8.61,1.1762800302363057,20240614,20240614,1.071428
000001.SZ,1d,2018-07-05,7.328186977949723,7.421702125000125,7.268677338917648,7.3111842239405584,835768.0,722169579.0,20180705,8.600000000000001,1.1762800302363057,20240614,20240614,1.071428
000001.SZ,1d,2018-07-06,7.319685600945139,7.464209010023033,7.183663568871826,7.36219248596805,988282.0,852071526.9799999,20180706,8.66,1.1762800302363057,20240614,20240614,1.071428
000001.SZ,1d,2018-07-09,7.3876966169817955,7.676743435137585,7.379195239977213,7.676743435137585,1409954.0,1255007609.99,20180709,9.03,1.1762800302363057,20240614,20240614,1.071428
000001.SZ,1d,2018-07-10,7.668242058133004,7.668242058133004,7.557724157073437,7.634236550114675,896862.0,803038965.2500001,20180710,8.98,1.1762800302363057,20240614,20240614,1.071428
000001.SZ,1d,2018-07-11,7.44720625601387,7.506715895045945,7.379195239977213,7.464209010023033,851296.0,744765824.8900001,20180711,8.78,1.1762800302363057,20240614,20240614,1.071428
000001.SZ,1d,2018-07-12,7.429647341921066,7.749294960119996,7.412369092288691,7.671542836774311,1140492.0,1008658828.6700001,20180712,8.88,1.1575246581994993,20240614,20240614,1.071428
000001.SZ,1d,2018-07-13,7.706099336039059,7.723377585671433,7.619708087877187,7.671542836774311,603378.0,535401175.45,20180713,8.88,1.1575246581994993,20240614,20240614,1.071428
000001.SZ,1d,2018-07-16,7.645625462325747,7.688821086406684,7.507399465266751,7.5419559645315,689845.0,603427713.21,20180716,8.729999999999999,1.1575246581994993,20240614,20240614,1.071428
000001.SZ,1d,2018-07-17,7.550595089347688,7.559234214163875,7.48148209081819,7.533316839715313,375356.0,326396994.95,20180717,8.72,1.1575246581994993,20240614,20240614,1.071428
000001.SZ,1d,2018-07-18,7.559234214163875,7.645625462325747,7.507399465266751,7.516038590082938,525152.0,460697377.12000006,20180718,8.7,1.1575246581994993,20240614,20240614,1.071428
000001.SZ,1d,2018-07-19,7.559234214163875,7.611068963060998,7.507399465266751,7.5419559645315,461372.0,403674308.23,20180719,8.729999999999999,1.1575246581994993,20240614,20240614,1.071428
000001.SZ,1d,2018-07-20,7.5419559645315,7.947994830892302,7.438286466737252,7.870242707546617,1754277.0,1576843937.1000001,20180720,9.11,1.1575246581994993,20240614,20240614,1.071428
000001.SZ,1d,2018-07-23,7.809768833833306,8.163972951296984,7.7752123345685575,8.138055576848423,1781688.0,1646028021.04,20180723,9.42,1.1575246581994993,20240614,20240614,1.071428
000001.SZ,1d,2018-07-24,8.112138202399862,8.284920698723607,8.060303453502737,8.120777327216048,1425894.0,1348746826.8300002,20180724,9.4,1.1575246581994993,20240614,20240614,1.071428
000001.SZ,1d,2018-07-25,8.155333826480797,8.18125120092936,8.060303453502737,8.103499077583674,614122.0,575752176.95,20180725,9.38,1.1575246581994993,20240614,20240614,1.071428
000001.SZ,1d,2018-07-26,8.120777327216048,8.189890325745548,7.956633955708491,7.991190454973239,833358.0,778429753.7900001,20180726,9.25,1.1575246581994993,20240614,20240614,1.071428
000001.SZ,1d,2018-07-27,8.034386079054174,8.0862208279513,7.9307165812599285,7.991190454973239,515126.0,477527419.46,20180727,9.25,1.1575246581994993,20240614,20240614,1.071428
000001.SZ,1d,2018-07-30,8.05166432868655,8.198529450561734,7.999829579789426,8.112138202399862,706385.0,661767547.55,20180730,9.39,1.1575246581994993,20240614,20240614,1.071428
000001.SZ,1d,2018-07-31,8.094859952767486,8.198529450561734,7.991190454973239,8.138055576848423,720150.0,674484650.66,20180731,9.42,1.1575246581994993,20240614,20240614,1.071428
000001.SZ,1d,2018-08-01,8.138055576848423,8.20716857537792,7.870242707546617,7.904799206811365,814081.0,759282229.65,20180801,9.149999999999999,1.1575246581994993,20240614,20240614,1.071428
000001.SZ,1d,2018-08-02,7.887520957178992,7.904799206811367,7.671542836774311,7.723377585671434,931401.0,839272254.36,20180802,8.940000000000001,1.1575246581994993,20240614,20240614,1.071428
000001.SZ,1d,2018-08-03,7.714738460855246,7.86160358273043,7.697460211222872,7.697460211222872,476546.0,428641526.2,20180803,8.91,1.1575246581994993,20240614,20240614,1.071428
000001.SZ,1d,2018-08-06,7.723377585671434,7.870242707546619,7.680181961590497,7.723377585671434,554010.0,497906686.27000004,20180806,8.940000000000001,1.1575246581994993,20240614,20240614,1.071428
000001.SZ,1d,2018-08-07,7.740655835303809,7.922077456443741,7.671542836774311,7.922077456443741,690423.0,624359656.36,20180807,9.17,1.1575246581994993,20240614,20240614,1.071428
000001.SZ,1d,2018-08-08,7.913438331627554,7.913438331627554,7.809768833833307,7.818407958649495,578953.0,527526989.83,20180808,9.05,1.1575246581994993,20240614,20240614,1.071428
000001.SZ,1d,2018-08-09,7.809768833833306,8.077581703135111,7.792490584200931,8.025746954237988,806783.0,746469808.0899999,20180809,9.29,1.1575246581994993,20240614,20240614,1.071428
000001.SZ,1d,2018-08-10,8.034386079054176,8.05166432868655,7.913438331627554,7.9739122053408655,424168.0,391366341.57,20180810,9.23,1.1575246581994993,20240614,20240614,1.071428
000001.SZ,1d,2018-08-13,7.878881832362805,7.913438331627554,7.688821086406684,7.818407958649495,818491.0,736947790.49,20180813,9.05,1.1575246581994993,20240614,20240614,1.071428
000001.SZ,1d,2018-08-14,7.801129709017118,7.809768833833306,7.723377585671433,7.7752123345685575,430240.0,386334617.9499999,20180814,9.0,1.1575246581994993,20240614,20240614,1.071428
000001.SZ,1d,2018-08-15,7.792490584200931,7.792490584200931,7.559234214163875,7.593790713428623,670442.0,594759517.14,20180815,8.79,1.1575246581994993,20240614,20240614,1.071428
000001.SZ,1d,2018-08-16,7.541955964531501,7.680181961590497,7.464203841185816,7.585151588612438,638272.0,559523123.02,20180816,8.780000000000001,1.1575246581994993,20240614,20240614,1.071428
000001.SZ,1d,2018-08-17,7.671542836774309,7.723377585671433,7.585151588612437,7.611068963060998,649476.0,576683267.1100001,20180817,8.809999999999999,1.1575246581994993,20240614,20240614,1.071428
000001.SZ,1d,2018-08-20,7.688821086406684,7.792490584200933,7.662903711958124,7.775212334568558,681322.0,609934725.59,20180820,9.000000000000002,1.1575246581994993,20240614,20240614,1.071428
000001.SZ,1d,2018-08-21,7.792490584200931,7.999829579789426,7.783851459384744,7.9739122053408655,1264474.0,1163292795.24,20180821,9.23,1.1575246581994993,20240614,20240614,1.071428
000001.SZ,1d,2018-08-22,7.982551330157052,8.068942578318927,7.887520957178992,8.02574695423799,982433.0,909598743.27,20180822,9.290000000000001,1.1575246581994993,20240614,20240614,1.071428
000001.SZ,1d,2018-08-23,8.034386079054176,8.138055576848423,7.9739122053408655,8.086220827951301,729074.0,680941392.24,20180823,9.360000000000001,1.1575246581994993,20240614,20240614,1.071428
000001.SZ,1d,2018-08-24,8.043025203870364,8.881020311040531,8.02574695423799,8.665042190635848,3040408.0,2995071976.8100004,20180824,10.030000000000001,1.1575246581994993,20240614,20240614,1.071428
000001.SZ,1d,2018-08-27,8.656403065819662,9.01060718328334,8.613207441738725,9.01060718328334,2218424.0,2251527721.3500004,20180827,10.430000000000001,1.1575246581994993,20240614,20240614,1.071428
000001.SZ,1d,2018-08-28,8.932855059937653,9.010607183283339,8.84646381177578,8.889659435856718,1289777.0,1331917860.95,20180828,10.290000000000001,1.1575246581994993,20240614,20240614,1.071428
000001.SZ,1d,2018-08-29,8.855102936591967,8.924215935121467,8.768711688430095,8.872381186224342,901883.0,923581546.46,20180829,10.27,1.1575246581994993,20240614,20240614,1.071428
000001.SZ,1d,2018-08-30,8.872381186224342,8.941494184753841,8.708237814716783,8.742794313981532,994917.0,1013877514.26,20180830,10.12,1.1575246581994993,20240614,20240614,1.071428
000001.SZ,1d,2018-08-31,8.75143343879772,8.915576810305279,8.725516064349158,8.75143343879772,1310865.0,1337898869.57,20180831,10.129999999999999,1.1575246581994993,20240614,20240614,1.071428
000001.SZ,1d,2018-09-03,8.716876939532971,8.898298560672904,8.716876939532971,8.803268187694844,711695.0,725303291.73,20180903,10.19,1.1575246581994993,20240614,20240614,1.071428
000001.SZ,1d,2018-09-04,8.811907312511032,9.114276681077587,8.699598689900597,9.010607183283339,1296342.0,1339756563.51,20180904,10.43,1.1575246581994993,20240614,20240614,1.071428
000001.SZ,1d,2018-09-05,8.898298560672904,8.924215935121467,8.682320440268223,8.682320440268223,1179453.0,1202345697.97,20180905,10.05,1.1575246581994993,20240614,20240614,1.071428
000001.SZ,1d,2018-09-06,8.682320440268223,8.760072563613909,8.59592919210635,8.613207441738725,711777.0,713975749.0200001,20180906,9.97,1.1575246581994993,20240614,20240614,1.071428
000001.SZ,1d,2018-09-07,8.673681315452034,8.794629062878657,8.578650942473974,8.647763941003474,809035.0,815151722.99,20180907,10.01,1.1575246581994993,20240614,20240614,1.071428
000001.SZ,1d,2018-09-10,8.647763941003474,8.699598689900597,8.50089881912829,8.535455318393037,636989.0,631174169.9300001,20180910,9.879999999999999,1.1575246581994993,20240614,20240614,1.071428
000001.SZ,1d,2018-09-11,8.552733568025413,8.665042190635848,8.474981444679727,8.5613726928416,712967.0,707337570.1400001,20180911,9.91,1.1575246581994993,20240614,20240614,1.071428
000001.SZ,1d,2018-09-12,8.526816193576852,8.613207441738725,8.483620569495915,8.535455318393039,564829.0,558399563.21,20180912,9.88,1.1575246581994993,20240614,20240614,1.071428
000001.SZ,1d,2018-09-13,8.716876939532971,8.725516064349158,8.50089881912829,8.604568316922537,999725.0,993389970.35,20180913,9.959999999999999,1.1575246581994993,20240614,20240614,1.071428
000001.SZ,1d,2018-09-14,8.621846566554911,8.621846566554911,8.474981444679727,8.50089881912829,619750.0,611422480.21,20180914,9.84,1.1575246581994993,20240614,20240614,1.071428
000001.SZ,1d,2018-09-17,8.46634231986354,8.46634231986354,8.362672822069293,8.371311946885479,517082.0,502609643.63,20180917,9.69,1.1575246581994993,20240614,20240614,1.071428
000001.SZ,1d,2018-09-18,8.40586844615023,8.742794313981534,8.379951071701669,8.708237814716785,1126807.0,1120867543.02,20180918,10.080000000000002,1.1575246581994993,20240614,20240614,1.071428
000001.SZ,1d,2018-09-19,8.665042190635846,8.932855059937653,8.665042190635846,8.84646381177578,1231548.0,1257191505.9599998,20180919,10.24,1.1575246581994993,20240614,20240614,1.071428
000001.SZ,1d,2018-09-20,8.872381186224342,8.950133309570028,8.803268187694844,8.837824686959593,620348.0,636742814.2300001,20180920,10.229999999999999,1.1575246581994993,20240614,20240614,1.071428
000001.SZ,1d,2018-09-21,8.863742061408155,9.243863553320395,8.794629062878657,9.217946178871834,1624518.0,1707850487.8000002,20180921,10.67,1.1575246581994993,20240614,20240614,1.071428
000001.SZ,1d,2018-09-25,9.088359306629025,9.22658530368802,9.053802807364276,9.114276681077587,977014.0,1030715785.16,20180925,10.55,1.1575246581994993,20240614,20240614,1.071428
000001.SZ,1d,2018-09-26,9.166111429974709,9.433924299276516,9.088359306629025,9.252502678136583,1490513.0,1600626208.76,20180926,10.709999999999999,1.1575246581994993,20240614,20240614,1.071428
000001.SZ,1d,2018-09-27,9.20066792923946,9.364811300747018,9.131554930709962,9.278420052585146,880363.0,942200398.6200001,20180927,10.74,1.1575246581994993,20240614,20240614,1.071428
000001.SZ,1d,2018-09-28,9.312976551849893,9.736293667843071,9.312976551849893,9.54623292188695,2110242.0,2331358288.96,20180928,11.049999999999999,1.1575246581994993,20240614,20240614,1.071428
000001.SZ,1d,2018-10-08,9.243863553320397,9.321615676666083,9.027885432915715,9.027885432915715,1686358.0,1793455283.0900002,20181008,10.450000000000001,1.1575246581994993,20240614,20240614,1.071428
000001.SZ,1d,2018-10-09,9.036524557731902,9.243863553320397,8.97605068401859,9.122915805893774,1064084.0,1117946550.71,20181009,10.56,1.1575246581994993,20240614,20240614,1.071428
000001.SZ,1d,2018-10-10,9.1056375562614,9.209307054055646,8.967411559202404,9.027885432915715,995200.0,1045666180.93,20181010,10.450000000000001,1.1575246581994993,20240614,20240614,1.071428
000001.SZ,1d,2018-10-11,8.682320440268223,8.777350813246285,8.379951071701669,8.518177068760664,1995143.0,1994186611.8000002,20181011,9.860000000000001,1.1575246581994993,20240614,20240614,1.071428
000001.SZ,1d,2018-10-12,8.613207441738725,8.932855059937655,8.526816193576852,8.898298560672904,1516810.0,1532651400.23,20181012,10.3,1.1575246581994993,20240614,20240614,1.071428
000001.SZ,1d,2018-10-15,8.97605068401859,9.045163682548088,8.716876939532971,8.734155189165346,1402685.0,1443043059.27,20181015,10.11,1.1575246581994993,20240614,20240614,1.071428
000001.SZ,1d,2018-10-16,8.760072563613909,9.1056375562614,8.742794313981534,8.958772434386216,1396921.0,1450020371.45,20181016,10.370000000000001,1.1575246581994993,20240614,20240614,1.071428
000001.SZ,1d,2018-10-17,9.07108105699665,9.114276681077587,8.760072563613909,8.924215935121467,1350889.0,1400306336.2199998,20181017,10.33,1.1575246581994993,20240614,20240614,1.071428
000001.SZ,1d,2018-10-18,8.889659435856718,8.889659435856718,8.69095956508441,8.716876939532971,1001156.0,1015654821.72,20181018,10.09,1.1575246581994993,20240614,20240614,1.071428
000001.SZ,1d,2018-10-19,8.595929192106349,9.312976551849893,8.570011817657788,9.29569830221752,2083667.0,2173571254.6200004,20181019,10.76,1.1575246581994993,20240614,20240614,1.071428
000001.SZ,1d,2018-10-22,9.338893926298455,9.90043703935063,9.312976551849893,9.632624170048823,2645543.0,2932714470.7000003,20181022,11.149999999999999,1.1575246581994993,20240614,20240614,1.071428
000001.SZ,1d,2018-10-23,9.675819794129762,9.693098043762134,9.269780927768958,9.364811300747018,1602545.0,1759265958.65,20181023,10.84,1.1575246581994993,20240614,20240614,1.071428
000001.SZ,1d,2018-10-24,9.416646049644141,9.788128416740195,9.330254801482269,9.537593797070764,1829424.0,2026171911.6200004,20181024,11.040000000000001,1.1575246581994993,20240614,20240614,1.071428
000001.SZ,1d,2018-10-25,9.330254801482269,9.753571917475446,9.252502678136583,9.753571917475446,1685011.0,1855823739.15,20181025,11.290000000000001,1.1575246581994993,20240614,20240614,1.071428
000001.SZ,1d,2018-10-26,9.753571917475446,9.77085016710782,9.468480798541266,9.658541544497387,1299975.0,1448843512.3,20181026,11.180000000000001,1.1575246581994993,20240614,20240614,1.071428
000001.SZ,1d,2018-10-29,9.675819794129762,9.710376293394509,9.174750554790899,9.287059177401334,1591628.0,1725932497.6100001,20181029,10.750000000000002,1.1575246581994993,20240614,20240614,1.071428
000001.SZ,1d,2018-10-30,9.312976551849895,9.572150296335513,9.269780927768958,9.416646049644141,1501827.0,1641371787.2,20181030,10.9,1.1575246581994993,20240614,20240614,1.071428
000001.SZ,1d,2018-10-31,9.459841673725077,9.494398172989827,9.287059177401332,9.42528517446033,1152683.0,1252156775.98,20181031,10.91,1.1575246581994993,20240614,20240614,1.071428
000001.SZ,1d,2018-11-01,9.494398172989827,9.54623292188695,9.29569830221752,9.35617217593083,1542776.0,1679443449.7099998,20181101,10.83,1.1575246581994993,20240614,20240614,1.071428
000001.SZ,1d,2018-11-02,9.537593797070764,9.641263294865011,9.35617217593083,9.5807894211517,2212922.0,2439179135.98,20181102,11.09,1.1575246581994993,20240614,20240614,1.071428
000001.SZ,1d,2018-11-05,9.459841673725078,9.537593797070764,9.347533051114643,9.433924299276516,1291924.0,1409457171.3,20181105,10.92,1.1575246581994993,20240614,20240614,1.071428
000001.SZ,1d,2018-11-06,9.39072867519558,9.442563424092704,9.269780927768958,9.364811300747018,735725.0,795322638.26,20181106,10.84,1.1575246581994993,20240614,20240614,1.071428
000001.SZ,1d,2018-11-07,9.35617217593083,9.459841673725077,9.287059177401332,9.338893926298457,785597.0,851487053.87,20181107,10.81,1.1575246581994993,20240614,20240614,1.071428
000001.SZ,1d,2018-11-08,9.399367800011767,9.477119923357453,9.347533051114643,9.408006924827955,793976.0,864744243.04,20181108,10.89,1.1575246581994993,20240614,20240614,1.071428
000001.SZ,1d,2018-11-09,9.252502678136583,9.269780927768958,8.984689808834778,9.114276681077587,1629269.0,1716198382.75,20181109,10.55,1.1575246581994993,20240614,20240614,1.071428
000001.SZ,1d,2018-11-12,9.036524557731902,9.140194055526148,8.967411559202404,9.122915805893774,920333.0,965756504.35,20181112,10.56,1.1575246581994993,20240614,20240614,1.071428
000001.SZ,1d,2018-11-13,8.993328933650965,9.20066792923946,8.967411559202404,9.1056375562614,1072497.0,1126736143.27,20181113,10.540000000000001,1.1575246581994993,20240614,20240614,1.071428
000001.SZ,1d,2018-11-14,9.096998431445211,9.114276681077587,9.00196805846715,9.019246308099525,774239.0,810357748.16,20181114,10.44,1.1575246581994993,20240614,20240614,1.071428
000001.SZ,1d,2018-11-15,9.019246308099525,9.192028804423273,9.00196805846715,9.174750554790897,901461.0,949991801.2,20181115,10.62,1.1575246581994993,20240614,20240614,1.071428
000001.SZ,1d,2018-11-16,9.166111429974709,9.261141802952771,9.062441932180462,9.131554930709962,1059592.0,1123173219.43,20181116,10.57,1.1575246581994993,20240614,20240614,1.071428
000001.SZ,1d,2018-11-19,9.131554930709962,9.399367800011767,9.131554930709962,9.373450425563204,1360887.0,1466899416.6200001,20181119,10.85,1.1575246581994993,20240614,20240614,1.071428
000001.SZ,1d,2018-11-20,9.287059177401332,9.330254801482267,9.088359306629025,9.131554930709962,1033877.0,1099654683.02,20181120,10.57,1.1575246581994993,20240614,20240614,1.071428
000001.SZ,1d,2018-11-21,9.07108105699665,9.217946178871834,9.053802807364276,9.16611142997471,666157.0,705638355.22,20181121,10.610000000000001,1.1575246581994993,20240614,20240614,1.071428
000001.SZ,1d,2018-11-22,9.217946178871834,9.217946178871834,9.053802807364276,9.114276681077587,500267.0,527103281.19,20181122,10.55,1.1575246581994993,20240614,20240614,1.071428
000001.SZ,1d,2018-11-23,9.096998431445213,9.140194055526148,8.906937685489092,8.915576810305279,700358.0,730667665.37,20181123,10.32,1.1575246581994993,20240614,20240614,1.071428
000001.SZ,1d,2018-11-26,8.932855059937653,9.036524557731902,8.898298560672904,8.932855059937653,516569.0,535963342.8600001,20181126,10.34,1.1575246581994993,20240614,20240614,1.071428
000001.SZ,1d,2018-11-27,8.941494184753841,8.97605068401859,8.777350813246283,8.794629062878657,733448.0,752824120.3000001,20181127,10.18,1.1575246581994993,20240614,20240614,1.071428
000001.SZ,1d,2018-11-28,8.78598993806247,8.906937685489092,8.777350813246283,8.88102031104053,537751.0,550820246.7,20181128,10.28,1.1575246581994993,20240614,20240614,1.071428
000001.SZ,1d,2018-11-29,8.941494184753841,8.976050684018588,8.803268187694844,8.81190731251103,485284.0,499068827.02,20181129,10.2,1.1575246581994993,20240614,20240614,1.071428
000001.SZ,1d,2018-11-30,8.829185562143406,8.950133309570028,8.78598993806247,8.950133309570028,594715.0,610571532.6100001,20181130,10.36,1.1575246581994993,20240614,20240614,1.071428
000001.SZ,1d,2018-12-03,9.148833180342336,9.209307054055646,9.045163682548088,9.148833180342336,1064097.0,1126374829.79,20181203,10.59,1.1575246581994993,20240614,20240614,1.071428
000001.SZ,1d,2018-12-04,9.13155493070996,9.174750554790897,9.096998431445211,9.148833180342336,534813.0,565743744.88,20181204,10.59,1.1575246581994993,20240614,20240614,1.071428
000001.SZ,1d,2018-12-05,9.062441932180462,9.079720181812837,8.984689808834778,9.027885432915715,581545.0,608133290.28,20181205,10.450000000000001,1.1575246581994993,20240614,20240614,1.071428
000001.SZ,1d,2018-12-06,8.95013330957003,8.958772434386216,8.837824686959594,8.855102936591967,578866.0,594649682.9899999,20181206,10.25,1.1575246581994993,20240614,20240614,1.071428
000001.SZ,1d,2018-12-07,8.898298560672904,8.976050684018588,8.872381186224342,8.88102031104053,340216.0,351101370.35,20181207,10.28,1.1575246581994993,20240614,20240614,1.071428
000001.SZ,1d,2018-12-10,8.829185562143406,8.872381186224343,8.75143343879772,8.78598993806247,494818.0,504040653.97,20181210,10.17,1.1575246581994993,20240614,20240614,1.071428
000001.SZ,1d,2018-12-11,8.820546437327218,8.863742061408155,8.78598993806247,8.837824686959594,299089.0,305389210.46,20181211,10.23,1.1575246581994993,20240614,20240614,1.071428
000001.SZ,1d,2018-12-12,8.898298560672904,8.915576810305279,8.811907312511032,8.84646381177578,366379.0,375402863.91999996,20181212,10.24,1.1575246581994993,20240614,20240614,1.071428
000001.SZ,1d,2018-12-13,8.855102936591969,9.053802807364276,8.811907312511032,8.97605068401859,790845.0,819920689.17,20181213,10.39,1.1575246581994993,20240614,20240614,1.071428
000001.SZ,1d,2018-12-14,8.932855059937653,8.941494184753841,8.777350813246283,8.78598993806247,526675.0,539263012.14,20181214,10.17,1.1575246581994993,20240614,20240614,1.071428
000001.SZ,1d,2018-12-17,8.777350813246283,8.924215935121467,8.725516064349158,8.889659435856716,571274.0,584679512.2099999,20181217,10.29,1.1575246581994993,20240614,20240614,1.071428
000001.SZ,1d,2018-12-18,8.81190731251103,8.915576810305279,8.725516064349158,8.742794313981532,537744.0,547157562.7800001,20181218,10.12,1.1575246581994993,20240614,20240614,1.071428
000001.SZ,1d,2018-12-19,8.760072563613909,8.794629062878657,8.552733568025413,8.587290067290162,598007.0,600090171.1800001,20181219,9.94,1.1575246581994993,20240614,20240614,1.071428
000001.SZ,1d,2018-12-20,8.570011817657788,8.613207441738725,8.319477197988357,8.388590196517855,990284.0,964202861.12,20181220,9.71,1.1575246581994993,20240614,20240614,1.071428
000001.SZ,1d,2018-12-21,8.362672822069293,8.379951071701667,8.060303453502737,8.163972951296984,1000616.0,944460332.35,20181221,9.45,1.1575246581994993,20240614,20240614,1.071428
000001.SZ,1d,2018-12-24,8.120777327216048,8.163972951296985,8.043025203870364,8.138055576848423,509117.0,477186904.75,20181224,9.42,1.1575246581994993,20240614,20240614,1.071428
000001.SZ,1d,2018-12-25,8.02574695423799,8.146694701664611,7.956633955708491,8.068942578318927,586615.0,545235607.8500001,20181225,9.340000000000002,1.1575246581994993,20240614,20240614,1.071428
000001.SZ,1d,2018-12-26,8.077581703135111,8.138055576848423,8.008468704605614,8.034386079054174,421140.0,393215140.96999997,20181226,9.299999999999999,1.1575246581994993,20240614,20240614,1.071428
000001.SZ,1d,2018-12-27,8.163972951296984,8.198529450561734,8.0171078294218,8.0171078294218,624593.0,586343755.0300001,20181227,9.28,1.1575246581994993,20240614,20240614,1.071428
000001.SZ,1d,2018-12-28,8.043025203870364,8.172612076113174,8.043025203870364,8.103499077583674,576604.0,541571004.8000001,20181228,9.38,1.1575246581994993,20240614,20240614,1.071428
000001.SZ,1d,2019-01-02,8.112138202399862,8.138055576848423,7.913438331627554,7.939355706076115,539386.0,498695109.65999997,20190102,9.19,1.1575246581994993,20240614,20240614,1.071428
000001.SZ,1d,2019-01-03,7.9307165812599285,8.060303453502737,7.904799206811367,8.017107829421802,415537.0,384457707.88,20190103,9.280000000000001,1.1575246581994993,20240614,20240614,1.071428
000001.SZ,1d,2019-01-04,7.982551330157052,8.483620569495915,7.965273080524678,8.423146695782604,1481159.0,1422149888.16,20190104,9.75,1.1575246581994993,20240614,20240614,1.071428
000001.SZ,1d,2019-01-07,8.50089881912829,8.509537943944478,8.319477197988357,8.414507570966416,865687.0,841166430.7,20190107,9.74,1.1575246581994993,20240614,20240614,1.071428
000001.SZ,1d,2019-01-08,8.40586844615023,8.414507570966416,8.31083807317217,8.345394572436918,402388.0,389247795.73,20190108,9.66,1.1575246581994993,20240614,20240614,1.071428
000001.SZ,1d,2019-01-09,8.414507570966416,8.708237814716785,8.379951071701669,8.587290067290164,1233486.0,1229465116.69,20190109,9.940000000000001,1.1575246581994993,20240614,20240614,1.071428
000001.SZ,1d,2019-01-10,8.52681619357685,8.81190731251103,8.518177068760663,8.725516064349158,1071817.0,1079711035.8,20190110,10.1,1.1575246581994993,20240614,20240614,1.071428
000001.SZ,1d,2019-01-11,8.734155189165348,8.829185562143406,8.682320440268223,8.811907312511032,696364.0,708001802.1700001,20190111,10.200000000000001,1.1575246581994993,20240614,20240614,1.071428
000001.SZ,1d,2019-01-14,8.829185562143406,8.855102936591967,8.699598689900597,8.734155189165346,500443.0,507862882.18000007,20190114,10.11,1.1575246581994993,20240614,20240614,1.071428
000001.SZ,1d,2019-01-15,8.734155189165346,8.88102031104053,8.716876939532971,8.84646381177578,542160.0,553027309.58,20190115,10.24,1.1575246581994993,20240614,20240614,1.071428
000001.SZ,1d,2019-01-16,8.84646381177578,9.07108105699665,8.837824686959594,9.053802807364276,977699.0,1017495116.1099999,20190116,10.48,1.1575246581994993,20240614,20240614,1.071428
000001.SZ,1d,2019-01-17,9.105637556261398,9.131554930709962,8.78598993806247,8.855102936591967,882811.0,910212066.3100001,20190117,10.25,1.1575246581994993,20240614,20240614,1.071428
000001.SZ,1d,2019-01-18,8.932855059937653,9.062441932180462,8.88102031104053,9.010607183283339,738793.0,769973637.95,20190118,10.43,1.1575246581994993,20240614,20240614,1.071428
000001.SZ,1d,2019-01-21,8.932855059937653,9.045163682548088,8.915576810305279,8.932855059937653,659355.0,684465646.24,20190121,10.34,1.1575246581994993,20240614,20240614,1.071428
000001.SZ,1d,2019-01-22,8.932855059937653,9.019246308099525,8.863742061408155,8.88102031104053,424413.0,438991450.35,20190122,10.28,1.1575246581994993,20240614,20240614,1.071428
000001.SZ,1d,2019-01-23,8.889659435856718,9.045163682548088,8.889659435856718,8.941494184753841,537876.0,559384396.28,20190123,10.350000000000001,1.1575246581994993,20240614,20240614,1.071428
000001.SZ,1d,2019-01-24,8.984689808834778,9.114276681077587,8.958772434386216,9.088359306629027,679240.0,711495718.15,20190124,10.520000000000001,1.1575246581994993,20240614,20240614,1.071428
000001.SZ,1d,2019-01-25,9.122915805893774,9.537593797070764,9.114276681077587,9.503037297806014,2108361.0,2299718224.86,20190125,11.0,1.1575246581994993,20240614,20240614,1.071428
000001.SZ,1d,2019-01-28,9.537593797070764,9.623985045232637,9.399367800011767,9.451202548908892,1035909.0,1141853833.8300002,20190128,10.940000000000001,1.1575246581994993,20240614,20240614,1.071428
000001.SZ,1d,2019-01-29,9.468480798541265,9.563511171519325,9.304337427033706,9.503037297806014,826631.0,904847854.0699999,20190129,11.0,1.1575246581994993,20240614,20240614,1.071428
000001.SZ,1d,2019-01-30,9.459841673725077,9.658541544497385,9.382089550379392,9.459841673725077,712001.0,785204571.5500001,20190130,10.95,1.1575246581994993,20240614,20240614,1.071428
000001.SZ,1d,2019-01-31,9.48575904817364,9.67581979412976,9.45120254890889,9.589428545967888,831622.0,922602874.5899999,20190131,11.1,1.1575246581994993,20240614,20240614,1.071428
000001.SZ,1d,2019-02-01,9.675819794129762,9.719015418210697,9.468480798541266,9.675819794129762,1014270.0,1127216186.16,20190201,11.200000000000001,1.1575246581994993,20240614,20240614,1.071428
000001.SZ,1d,2019-02-11,9.572150296335513,9.684458918945948,9.477119923357453,9.684458918945948,801936.0,889951528.7600001,20190211,11.21,1.1575246581994993,20240614,20240614,1.071428
000001.SZ,1d,2019-02-12,9.67581979412976,9.770850167107819,9.528954672254576,9.667180669313572,959936.0,1071873084.84,20190212,11.19,1.1575246581994993,20240614,20240614,1.071428
000001.SZ,1d,2019-02-13,9.667180669313574,9.857241415269693,9.606706795600262,9.831324040821132,1137365.0,1280182096.94,20190213,11.38,1.1575246581994993,20240614,20240614,1.071428
000001.SZ,1d,2019-02-14,9.762211042291632,9.788128416740195,9.667180669313572,9.719015418210697,869185.0,977818097.6200001,20190214,11.25,1.1575246581994993,20240614,20240614,1.071428
000001.SZ,1d,2019-02-15,9.701737168578322,9.701737168578322,9.416646049644141,9.459841673725078,1100127.0,1213914428.9,20190215,10.950000000000001,1.1575246581994993,20240614,20240614,1.071428
000001.SZ,1d,2019-02-18,9.54623292188695,9.814045791188757,9.537593797070764,9.814045791188757,1255522.0,1408279680.0900002,20190218,11.360000000000001,1.1575246581994993,20240614,20240614,1.071428
000001.SZ,1d,2019-02-19,9.814045791188756,10.038663036409627,9.710376293394509,9.736293667843071,1270882.0,1445281382.8999999,20190219,11.27,1.1575246581994993,20240614,20240614,1.071428
000001.SZ,1d,2019-02-20,9.788128416740195,9.96091091306394,9.719015418210697,9.857241415269693,832629.0,949430819.5100001,20190220,11.41,1.1575246581994993,20240614,20240614,1.071428
000001.SZ,1d,2019-02-21,9.83132404082113,9.978189162696314,9.744932792659258,9.814045791188756,754246.0,860591070.9,20190221,11.36,1.1575246581994993,20240614,20240614,1.071428
000001.SZ,1d,2019-02-22,9.80540666637257,9.99546741232869,9.632624170048825,9.96955003788013,1184047.0,1343020336.09,20190222,11.540000000000001,1.1575246581994993,20240614,20240614,1.071428
000001.SZ,1d,2019-02-25,10.107776034939125,10.91985376766073,9.99546741232869,10.842101644315044,2824935.0,3415946860.2000003,20190225,12.55,1.1575246581994993,20240614,20240614,1.071428
000001.SZ,1d,2019-02-26,10.842101644315044,10.859379893947418,10.496536651667553,10.53973227574849,2017544.0,2485673356.7699995,20190226,12.200000000000001,1.1575246581994993,20240614,20240614,1.071428
000001.SZ,1d,2019-02-27,10.574288775013239,10.937132017293104,10.496536651667553,10.712514772072234,1979013.0,2454404411.85,20190227,12.4,1.1575246581994993,20240614,20240614,1.071428
000001.SZ,1d,2019-02-28,10.747071271336983,10.893936393212167,10.6002061494618,10.677958272807485,1113099.0,1383110810.74,20190228,12.36,1.1575246581994993,20240614,20240614,1.071428
000001.SZ,1d,2019-03-01,10.781627770601734,11.040801515087352,10.53973227574849,11.023523265454978,1712679.0,2137669556.8100002,20190301,12.760000000000002,1.1575246581994993,20240614,20240614,1.071428
000001.SZ,1d,2019-03-04,10.971688516557855,11.55914900405859,10.902575518028355,11.222223136227285,2456830.0,3195011702.87,20190304,12.99,1.1575246581994993,20240614,20240614,1.071428
000001.SZ,1d,2019-03-05,11.153110137697785,11.481396880712902,11.092636263984474,11.282697009940597,1408422.0,1838251656.51,20190305,13.06,1.1575246581994993,20240614,20240614,1.071428
000001.SZ,1d,2019-03-06,11.282697009940597,11.36044913328628,11.092636263984474,11.29997525957297,1245760.0,1614670974.69,20190306,13.08,1.1575246581994993,20240614,20240614,1.071428
000001.SZ,1d,2019-03-07,11.282697009940597,11.282697009940597,10.842101644315044,11.006245015822602,1782057.0,2274151007.32,20190307,12.74,1.1575246581994993,20240614,20240614,1.071428
000001.SZ,1d,2019-03-08,10.79026689541792,10.971688516557853,10.582927899829425,10.626123523910362,1778162.0,2214572416.75,20190308,12.3,1.1575246581994993,20240614,20240614,1.071428
000001.SZ,1d,2019-03-11,10.626123523910362,10.79026689541792,10.41014540350568,10.643401773542736,1157650.0,1416000379.71,20190311,12.32,1.1575246581994993,20240614,20240614,1.071428
000001.SZ,1d,2019-03-12,10.79026689541792,10.91985376766073,10.574288775013239,10.677958272807485,1411794.0,1757797250.71,20190312,12.36,1.1575246581994993,20240614,20240614,1.071428
000001.SZ,1d,2019-03-13,10.660680023175113,10.842101644315044,10.479258402035178,10.686597397623673,1269427.0,1568387543.68,20190313,12.370000000000001,1.1575246581994993,20240614,20240614,1.071428
000001.SZ,1d,2019-03-14,10.652040898358923,10.902575518028353,10.6002061494618,10.738432146520797,1057467.0,1316372926.2,20190314,12.43,1.1575246581994993,20240614,20240614,1.071428
000001.SZ,1d,2019-03-15,10.66068002317511,10.954410266925478,10.66068002317511,10.798906020234107,1045406.0,1311323009.34,20190315,12.5,1.1575246581994993,20240614,20240614,1.071428
000001.SZ,1d,2019-03-18,10.82482339468267,11.179027512146348,10.643401773542736,11.153110137697785,1486454.0,1882483633.89,20190318,12.91,1.1575246581994993,20240614,20240614,1.071428
000001.SZ,1d,2019-03-19,11.161749262513974,11.179027512146348,10.893936393212167,11.049440639903537,957196.0,1221118294.2,20190319,12.79,1.1575246581994993,20240614,20240614,1.071428
000001.SZ,1d,2019-03-20,10.95441026692548,11.127192763249225,10.902575518028355,11.014884140638792,929996.0,1185477058.67,20190320,12.750000000000002,1.1575246581994993,20240614,20240614,1.071428
000001.SZ,1d,2019-03-21,11.032162390271164,11.058079764719727,10.868019018763606,10.963049391741665,860140.0,1092506482.84,20190321,12.69,1.1575246581994993,20240614,20240614,1.071428
000001.SZ,1d,2019-03-22,10.963049391741665,11.006245015822602,10.798906020234107,10.876658143579792,713502.0,898629416.83,20190322,12.59,1.1575246581994993,20240614,20240614,1.071428
000001.SZ,1d,2019-03-25,10.712514772072234,10.712514772072234,10.453341027586616,10.461980152402802,1179883.0,1445560160.24,20190325,12.11,1.1575246581994993,20240614,20240614,1.071428
000001.SZ,1d,2019-03-26,10.56564965019705,10.617484399094174,10.37558890424093,10.453341027586616,935393.0,1136721266.5500002,20190326,12.1,1.1575246581994993,20240614,20240614,1.071428
000001.SZ,1d,2019-03-27,10.574288775013239,10.772988645785544,10.522454026116113,10.69523652243986,922826.0,1138302657.13,20190327,12.379999999999999,1.1575246581994993,20240614,20240614,1.071428
000001.SZ,1d,2019-03-28,10.63476264872655,10.63476264872655,10.453341027586616,10.557010525380862,732467.0,892530627.33,20190328,12.219999999999999,1.1575246581994993,20240614,20240614,1.071428
000001.SZ,1d,2019-03-29,10.591567024645613,11.075358014352101,10.548371400564676,11.075358014352101,1669506.0,2108295393.9300003,20190329,12.82,1.1575246581994993,20240614,20240614,1.071428
000001.SZ,1d,2019-04-01,11.083997139168288,11.706014125933773,11.083997139168288,11.386366507734843,1951401.0,2588268668.8700004,20190401,13.18,1.1575246581994993,20240614,20240614,1.071428
000001.SZ,1d,2019-04-02,11.472757755896717,11.645540252220462,11.42956213181578,11.541870754426215,1100384.0,1466040987.0900002,20190402,13.360000000000001,1.1575246581994993,20240614,20240614,1.071428
000001.SZ,1d,2019-04-03,11.412283882183406,11.619622877771901,11.36044913328628,11.610983752955711,792915.0,1056166231.5300001,20190403,13.44,1.1575246581994993,20240614,20240614,1.071428
000001.SZ,1d,2019-04-04,11.602344628139525,12.0947747426622,11.602344628139525,11.973826995235578,2034365.0,2796366353.31,20190404,13.86,1.1575246581994993,20240614,20240614,1.071428
000001.SZ,1d,2019-04-08,12.008383494500327,12.466257109758253,11.852879247808957,12.060218243397452,1743176.0,2464536241.4700003,20190408,13.96,1.1575246581994993,20240614,20240614,1.071428
000001.SZ,1d,2019-04-09,11.982466120051765,12.077496493029827,11.878796622257518,11.930631371154641,781332.0,1080549202.28,20190409,13.81,1.1575246581994993,20240614,20240614,1.071428
000001.SZ,1d,2019-04-10,11.878796622257518,11.991105244867953,11.576427253690964,11.861518372625143,947135.0,1289475602.49,20190410,13.73,1.1575246581994993,20240614,20240614,1.071428
000001.SZ,1d,2019-04-11,11.861518372625143,12.060218243397452,11.654179377036648,11.697375001117585,655356.0,897382236.21,20190411,13.540000000000001,1.1575246581994993,20240614,20240614,1.071428
000001.SZ,1d,2019-04-12,11.654179377036648,11.740570625198522,11.412283882183406,11.593705503323338,774324.0,1035139673.9499999,20190412,13.420000000000002,1.1575246581994993,20240614,20240614,1.071428
000001.SZ,1d,2019-04-15,11.852879247808957,12.172526866007885,11.801044498911832,11.826961873360395,1533890.0,2134708981.63,20190415,13.69,1.1575246581994993,20240614,20240614,1.071428
000001.SZ,1d,2019-04-16,11.80968362372802,12.595843982001062,11.706014125933773,12.595843982001062,2379375.0,3379550307.18,20190416,14.58,1.1575246581994993,20240614,20240614,1.071428
000001.SZ,1d,2019-04-17,12.457617984942067,12.60448310681725,12.293474613434508,12.397144111228755,1004109.0,1443493493.4099998,20190417,14.35,1.1575246581994993,20240614,20240614,1.071428
000001.SZ,1d,2019-04-18,12.353948487147818,12.41442236086113,12.18980511564026,12.388504986412567,507045.0,721908800.5899999,20190418,14.34,1.1575246581994993,20240614,20240614,1.071428
000001.SZ,1d,2019-04-19,12.483535359390629,12.785904727957183,12.35394848714782,12.725430854243873,1246036.0,1814875936.7,20190419,14.73,1.1575246581994993,20240614,20240614,1.071428
000001.SZ,1d,2019-04-22,12.613122231633437,12.820461227221932,12.163887741191699,12.22436161490501,1322273.0,1899850004.34,20190422,14.15,1.1575246581994993,20240614,20240614,1.071428
000001.SZ,1d,2019-04-23,12.181165990824073,12.267557238985948,12.068857368213639,12.155248616375511,940687.0,1326465625.0800002,20190423,14.07,1.1575246581994993,20240614,20240614,1.071428
000001.SZ,1d,2019-04-24,12.483535359390627,12.613122231633437,12.233000739721197,12.474896234574441,1949723.0,2811131027.08,20190424,14.44,1.1575246581994993,20240614,20240614,1.071428
000001.SZ,1d,2019-04-25,12.423061485677318,12.647678730898187,12.207083365272636,12.207083365272636,1111476.0,1597895217.3200002,20190425,14.13,1.1575246581994993,20240614,20240614,1.071428
000001.SZ,1d,2019-04-26,12.1638877411917,12.310752863066885,11.835600998176583,11.913353121522269,1009421.0,1407987365.7900002,20190426,13.790000000000001,1.1575246581994993,20240614,20240614,1.071428
000001.SZ,1d,2019-04-29,12.008383494500325,12.37986586159638,11.973826995235578,12.181165990824073,1030695.0,1450714134.04,20190429,14.1,1.1575246581994993,20240614,20240614,1.071428
000001.SZ,1d,2019-04-30,12.086135617846013,12.137970366743136,11.74057062519852,11.96518787041939,1116570.0,1542958577.5900002,20190430,13.85,1.1575246581994993,20240614,20240614,1.071428
000001.SZ,1d,2019-05-06,11.317253509205345,11.533231629610027,10.980327641374041,11.118553638433038,2108667.0,2742409411.07,20190506,12.870000000000001,1.1575246581994993,20240614,20240614,1.071428
000001.SZ,1d,2019-05-07,11.256779635492034,11.308614384389157,10.988966766190227,11.187666636962536,1072658.0,1386247078.7,20190507,12.950000000000001,1.1575246581994993,20240614,20240614,1.071428
000001.SZ,1d,2019-05-08,10.988966766190227,11.153110137697785,10.798906020234107,10.88529726839598,975450.0,1236655982.73,20190508,12.6,1.1575246581994993,20240614,20240614,1.071428
000001.SZ,1d,2019-05-09,10.816184269866483,10.868019018763606,10.41014540350568,10.505175776483739,1557151.0,1904905488.71,20190509,12.16,1.1575246581994993,20240614,20240614,1.071428
000001.SZ,1d,2019-05-10,10.66068002317511,11.01488414063879,10.453341027586616,10.954410266925478,1192399.0,1489975624.98,20190510,12.68,1.1575246581994993,20240614,20240614,1.071428
000001.SZ,1d,2019-05-13,10.652040898358923,10.833462519498857,10.56564965019705,10.626123523910362,741917.0,916213719.48,20190513,12.3,1.1575246581994993,20240614,20240614,1.071428
000001.SZ,1d,2019-05-14,10.539732275748488,11.01488414063879,10.505175776483739,10.79026689541792,1182598.0,1477008362.9199998,20190514,12.49,1.1575246581994993,20240614,20240614,1.071428
000001.SZ,1d,2019-05-15,10.868019018763606,11.325892634021532,10.859379893947418,11.161749262513974,1103988.0,1417050112.5900002,20190515,12.92,1.1575246581994993,20240614,20240614,1.071428
000001.SZ,1d,2019-05-16,11.170388387330162,11.222223136227285,11.040801515087352,11.101275388800664,634901.0,816740932.1200001,20190516,12.850000000000001,1.1575246581994993,20240614,20240614,1.071428
000001.SZ,1d,2019-05-17,11.161749262513974,11.17038838733016,10.677958272807485,10.747071271336983,965000.0,1208569909.79,20190517,12.44,1.1575246581994993,20240614,20240614,1.071428
000001.SZ,1d,2019-05-20,10.669319147991297,10.833462519498855,10.582927899829425,10.69523652243986,786435.0,971222474.19,20190520,12.38,1.1575246581994993,20240614,20240614,1.071428
000001.SZ,1d,2019-05-21,10.712514772072232,10.997605891006414,10.677958272807485,10.85074076913123,731210.0,919191240.9100001,20190521,12.559999999999999,1.1575246581994993,20240614,20240614,1.071428
000001.SZ,1d,2019-05-22,10.859379893947418,10.859379893947418,10.643401773542736,10.712514772072234,506230.0,628437470.0600001,20190522,12.4,1.1575246581994993,20240614,20240614,1.071428
000001.SZ,1d,2019-05-23,10.574288775013239,10.729793021704609,10.487897526851365,10.617484399094176,666855.0,817850530.3199999,20190523,12.290000000000001,1.1575246581994993,20240614,20240614,1.071428
000001.SZ,1d,2019-05-24,10.669319147991297,10.755710396153171,10.63476264872655,10.669319147991297,495526.0,613106248.37,20190524,12.35,1.1575246581994993,20240614,20240614,1.071428
000001.SZ,1d,2019-05-27,10.548371400564674,10.729793021704609,10.306475905711432,10.686597397623672,1048425.0,1275632724.48,20190527,12.37,1.1575246581994993,20240614,20240614,1.071428
000001.SZ,1d,2019-05-28,10.63476264872655,10.842101644315044,10.591567024645613,10.79026689541792,880703.0,1094063186.24,20190528,12.49,1.1575246581994993,20240614,20240614,1.071428
000001.SZ,1d,2019-05-29,10.677958272807485,10.876658143579792,10.591567024645613,10.712514772072234,666411.0,827828661.23,20190529,12.4,1.1575246581994993,20240614,20240614,1.071428
000001.SZ,1d,2019-05-30,10.643401773542736,10.69523652243986,10.461980152402802,10.557010525380862,646284.0,787801007.39,20190530,12.219999999999999,1.1575246581994993,20240614,20240614,1.071428
000001.SZ,1d,2019-05-31,10.505175776483739,10.712514772072232,10.461980152402802,10.522454026116113,686794.0,839375709.99,20190531,12.18,1.1575246581994993,20240614,20240614,1.071428
000001.SZ,1d,2019-06-03,10.557010525380864,10.652040898358923,10.211445532733372,10.280558531262871,1512719.0,1816591876.76,20190603,11.9,1.1575246581994993,20240614,20240614,1.071428
000001.SZ,1d,2019-06-04,10.271919406446681,10.315115030527618,10.02138478677725,10.237362907181934,974655.0,1147709578.0800002,20190604,11.85,1.1575246581994993,20240614,20240614,1.071428
000001.SZ,1d,2019-06-05,10.34103240497618,10.487897526851365,10.297836780895244,10.34103240497618,748892.0,899331716.0500001,20190605,11.97,1.1575246581994993,20240614,20240614,1.071428
000001.SZ,1d,2019-06-06,10.34103240497618,10.427423653138055,10.271919406446683,10.297836780895244,433665.0,519425127.17999995,20190606,11.92,1.1575246581994993,20240614,20240614,1.071428
000001.SZ,1d,2019-06-10,10.37558890424093,10.772988645785546,10.349671529792369,10.66068002317511,1144668.0,1404223620.41,20190610,12.34,1.1575246581994993,20240614,20240614,1.071428
000001.SZ,1d,2019-06-11,10.66068002317511,10.988966766190227,10.626123523910362,10.928492892476918,1251087.0,1574105212.1800003,20190611,12.65,1.1575246581994993,20240614,20240614,1.071428
000001.SZ,1d,2019-06-12,10.911214642844541,10.937132017293104,10.747071271336983,10.859379893947418,657310.0,825178004.4200001,20190612,12.57,1.1575246581994993,20240614,20240614,1.071428
000001.SZ,1d,2019-06-13,10.833462519498855,10.954410266925478,10.738432146520797,10.876658143579792,530000.0,666277695.76,20190613,12.59,1.1575246581994993,20240614,20240614,1.071428
000001.SZ,1d,2019-06-14,10.876658143579794,10.963049391741666,10.755710396153171,10.79026689541792,483191.0,606815214.15,20190614,12.49,1.1575246581994993,20240614,20240614,1.071428
000001.SZ,1d,2019-06-17,10.781627770601734,11.049440639903539,10.781627770601734,10.94577114210929,619815.0,786223580.98,20190617,12.67,1.1575246581994993,20240614,20240614,1.071428
000001.SZ,1d,2019-06-18,10.94577114210929,11.101275388800662,10.876658143579792,11.058079764719727,483555.0,616237571.71,20190618,12.8,1.1575246581994993,20240614,20240614,1.071428
000001.SZ,1d,2019-06-19,11.481396880712902,11.567788128874776,11.239501385859658,11.291336134756783,1143226.0,1504997837.9,20190619,13.07,1.1575246581994993,20240614,20240614,1.071428
000001.SZ,1d,2019-06-20,11.377727382918657,12.051579118581264,11.33453175883772,11.921992246338455,1529191.0,2083209238.7299998,20190620,13.8,1.1575246581994993,20240614,20240614,1.071428
000001.SZ,1d,2019-06-21,11.887435747073704,11.982466120051765,11.731931500382334,11.783766249279457,1011129.0,1384099587.01,20190621,13.64,1.1575246581994993,20240614,20240614,1.071428
000001.SZ,1d,2019-06-24,11.826961873360395,11.947909620787016,11.757848874830895,11.826961873360395,659572.0,904433349.2900001,20190624,13.69,1.1575246581994993,20240614,20240614,1.071428
000001.SZ,1d,2019-06-25,11.852879247808957,11.852879247808957,11.291336134756783,11.602344628139525,1469227.0,1954855785.9299998,20190625,13.43,1.1575246581994993,20240614,20240614,1.071428
000001.SZ,1d,2019-06-26,11.584881656740333,11.785674631951355,11.515040621884324,11.672182950310342,546504.0,731207282.9,20190626,13.37,1.1454583994200087,20240614,20240614,1.071428
000001.SZ,1d,2019-06-27,11.785674631951357,12.091229159446392,11.742023985166352,11.969007348448377,925074.0,1270042461.29,20190627,13.71,1.1454583994200087,20240614,20240614,1.071428
000001.SZ,1d,2019-06-28,11.986467607162378,12.038848383304385,11.855515666807364,12.030118253947384,498093.0,682679970.2,20190628,13.78,1.1454583994200087,20240614,20240614,1.071428
000001.SZ,1d,2019-07-01,12.230911229158409,12.379323428227424,12.108689418160393,12.1610701943024,960636.0,1347792874.8,20190701,13.930000000000001,1.1454583994200087,20240614,20240614,1.071428
000001.SZ,1d,2019-07-02,12.117419547517393,12.43170420436943,12.099959288803392,12.379323428227423,1052744.0,1481211353.19,20190702,14.18,1.1454583994200087,20240614,20240614,1.071428
000001.SZ,1d,2019-07-03,12.379323428227424,12.405513816298427,12.108689418160393,12.230911229158409,769078.0,1076744400.79,20190703,14.010000000000002,1.1454583994200087,20240614,20240614,1.071428
000001.SZ,1d,2019-07-04,12.230911229158409,12.466624721797436,12.117419547517395,12.213450970444406,621292.0,873624287.32,20190704,13.99,1.1454583994200087,20240614,20240614,1.071428
000001.SZ,1d,2019-07-05,12.1785304530164,12.204720841087402,11.951547089734374,12.152340064945397,749196.0,1037357175.72,20190705,13.92,1.1454583994200087,20240614,20240614,1.071428
000001.SZ,1d,2019-07-08,12.065038771375388,12.117419547517395,11.742023985166352,11.864245796164367,778413.0,1061095712.61,20190708,13.590000000000002,1.1454583994200087,20240614,20240614,1.071428
000001.SZ,1d,2019-07-09,11.899166313592367,11.969007348448375,11.733293855809348,11.864245796164365,494296.0,670391720.57,20190709,13.59,1.1454583994200087,20240614,20240614,1.071428
000001.SZ,1d,2019-07-10,11.881706054878366,11.960277219091376,11.776944502594354,11.838055408093362,358220.0,487071876.75000006,20190710,13.56,1.1454583994200087,20240614,20240614,1.071428
000001.SZ,1d,2019-07-11,11.942816960377375,12.030118253947384,11.81186502002236,11.82059514937936,484183.0,660588299.89,20190711,13.540000000000001,1.1454583994200087,20240614,20240614,1.071428
000001.SZ,1d,2019-07-12,11.872975925521365,12.42297407501243,11.855515666807364,12.32694265208542,1465366.0,2055749881.65,20190712,14.120000000000001,1.1454583994200087,20240614,20240614,1.071428
000001.SZ,1d,2019-07-15,12.248371487872408,12.326942652085418,12.082499030089389,12.222181099801405,841282.0,1175798104.87,20190715,14.0,1.1454583994200087,20240614,20240614,1.071428
000001.SZ,1d,2019-07-16,12.195990711730403,12.213450970444406,11.969007348448377,12.003927865876381,722780.0,998151578.95,20190716,13.75,1.1454583994200087,20240614,20240614,1.071428
000001.SZ,1d,2019-07-17,11.960277219091376,12.056308642018385,11.881706054878366,11.951547089734374,410020.0,561944451.84,20190717,13.69,1.1454583994200087,20240614,20240614,1.071428
000001.SZ,1d,2019-07-18,11.91662657230637,12.056308642018386,11.838055408093362,11.934086831020373,422826.0,578067487.97,20190718,13.67,1.1454583994200087,20240614,20240614,1.071428
000001.SZ,1d,2019-07-19,11.99519773651938,12.292022134657413,11.942816960377373,12.213450970444406,866390.0,1207316526.53,20190719,13.99,1.1454583994200087,20240614,20240614,1.071428
000001.SZ,1d,2019-07-22,12.187260582373401,12.239641358515408,12.012657995233381,12.09122915944639,582283.0,807249426.05,20190722,13.85,1.1454583994200087,20240614,20240614,1.071428
000001.SZ,1d,2019-07-23,12.099959288803392,12.108689418160393,11.91662657230637,12.012657995233381,504004.0,692328447.63,20190723,13.76,1.1454583994200087,20240614,20240614,1.071428
000001.SZ,1d,2019-07-24,12.108689418160393,12.230911229158409,12.038848383304385,12.117419547517395,570276.0,793387782.2,20190724,13.88,1.1454583994200087,20240614,20240614,1.071428
000001.SZ,1d,2019-07-25,12.152340064945397,12.457894592440432,12.09122915944639,12.396783686941426,1087826.0,1534889645.77,20190725,14.2,1.1454583994200087,20240614,20240614,1.071428
000001.SZ,1d,2019-07-26,12.379323428227423,12.440434333726431,12.292022134657413,12.42297407501243,635305.0,901074107.51,20190726,14.23,1.1454583994200087,20240614,20240614,1.071428
000001.SZ,1d,2019-07-29,12.440434333726431,12.61503692086645,12.379323428227423,12.475354851154433,715576.0,1023261763.08,20190729,14.29,1.1454583994200087,20240614,20240614,1.071428
000001.SZ,1d,2019-07-30,12.492815109868438,12.702338214436462,12.475354851154435,12.545195886010443,796634.0,1148582412.5600002,20190730,14.370000000000001,1.1454583994200087,20240614,20240614,1.071428
000001.SZ,1d,2019-07-31,12.484084980511437,12.501545239225438,12.292022134657413,12.335672781442419,634723.0,899227865.95,20190731,14.13,1.1454583994200087,20240614,20240614,1.071428
000001.SZ,1d,2019-08-01,12.27456187594341,12.388053557584424,12.1698003236594,12.309482393371416,527981.0,742308285.2,20190801,14.1,1.1454583994200087,20240614,20240614,1.071428
000001.SZ,1d,2019-08-02,12.021388124590382,12.117419547517395,11.925356701663372,11.99519773651938,969926.0,1333400773.79,20190802,13.74,1.1454583994200087,20240614,20240614,1.071428
000001.SZ,1d,2019-08-05,11.872975925521365,11.907896442949369,11.584881656740333,11.65472269159634,893082.0,1201885399.11,20190805,13.35,1.1454583994200087,20240614,20240614,1.071428
000001.SZ,1d,2019-08-06,11.436469457671317,11.750754114523353,11.37535855217231,11.672182950310344,882499.0,1166971469.04,20190806,13.370000000000001,1.1454583994200087,20240614,20240614,1.071428
000001.SZ,1d,2019-08-07,11.776944502594354,11.90789644294937,11.672182950310344,11.82059514937936,793038.0,1070736943.88,20190807,13.540000000000001,1.1454583994200087,20240614,20240614,1.071428
000001.SZ,1d,2019-08-08,12.134879806231396,12.658687567651455,12.09122915944639,12.553926015367443,2330715.0,3313302100.1800003,20190808,14.379999999999999,1.1454583994200087,20240614,20240614,1.071428
000001.SZ,1d,2019-08-09,12.70233821443646,12.96424209514649,12.597576662152449,12.676147826365458,2060575.0,3021884306.17,20190809,14.52,1.1454583994200087,20240614,20240614,1.071428
000001.SZ,1d,2019-08-12,12.754718990578466,13.199955587785517,12.745988861221466,13.199955587785517,2733425.0,4084497902.64,20190812,15.12,1.1454583994200087,20240614,20240614,1.071428
000001.SZ,1d,2019-08-13,13.095194035501507,13.165035070357515,12.86821067221948,12.999162612574496,1293736.0,1925835288.3000002,20190813,14.89,1.1454583994200087,20240614,20240614,1.071428
000001.SZ,1d,2019-08-14,13.21741584649952,13.287256881355528,12.920591448361487,13.069003647430504,1360546.0,2038261151.5400002,20190814,14.97,1.1454583994200087,20240614,20240614,1.071428
000001.SZ,1d,2019-08-15,12.780909378649469,13.060273518073501,12.745988861221466,13.0428132593595,897376.0,1333117725.96,20190815,14.94,1.1454583994200087,20240614,20240614,1.071428
000001.SZ,1d,2019-08-16,13.173765199714516,13.21741584649952,12.903131189647485,13.007892741931496,986902.0,1474900257.6000001,20190816,14.9,1.1454583994200087,20240614,20240614,1.071428
000001.SZ,1d,2019-08-19,13.016622871288497,13.0428132593595,12.676147826365458,13.025353000645499,2292956.0,3368207935.07,20190819,14.92,1.1454583994200087,20240614,20240614,1.071428
000001.SZ,1d,2019-08-20,13.025353000645499,13.269796622641525,12.894401060290482,13.086463906144505,1921041.0,2872304200.9100003,20190820,14.99,1.1454583994200087,20240614,20240614,1.071428
000001.SZ,1d,2019-08-21,12.981702353860493,12.999162612574496,12.553926015367445,12.615036920866451,1990131.0,2902251100.57,20190821,14.450000000000001,1.1454583994200087,20240614,20240614,1.071428
000001.SZ,1d,2019-08-22,12.571386274081446,12.615036920866451,12.396783686941427,12.492815109868438,1353071.0,1935208499.0500002,20190822,14.31,1.1454583994200087,20240614,20240614,1.071428
000001.SZ,1d,2019-08-23,12.545195886010442,12.86821067221948,12.52773562729644,12.789639508006472,1636867.0,2388239081.28,20190823,14.65,1.1454583994200087,20240614,20240614,1.071428
000001.SZ,1d,2019-08-26,12.588846532795447,12.658687567651455,12.353133040156422,12.440434333726431,1415122.0,2018498039.72,20190826,14.25,1.1454583994200087,20240614,20240614,1.071428
000001.SZ,1d,2019-08-27,12.536465756653442,12.641227308937454,12.43170420436943,12.492815109868438,1356713.0,1948127123.02,20190827,14.31,1.1454583994200087,20240614,20240614,1.071428
000001.SZ,1d,2019-08-28,12.449164463083433,12.466624721797436,12.26583174658641,12.457894592440434,829657.0,1176329095.67,20190828,14.270000000000001,1.1454583994200087,20240614,20240614,1.071428
000001.SZ,1d,2019-08-29,12.414243945655429,12.43170420436943,12.292022134657413,12.335672781442419,609034.0,861177482.39,20190829,14.13,1.1454583994200087,20240614,20240614,1.071428
000001.SZ,1d,2019-08-30,12.475354851154433,12.562656144724444,12.309482393371416,12.361863169513422,798500.0,1136119659.76,20190830,14.16,1.1454583994200087,20240614,20240614,1.071428
000001.SZ,1d,2019-09-02,12.35313304015642,12.658687567651455,12.318212522728416,12.61503692086645,1360201.0,1955673136.8999999,20190902,14.45,1.1454583994200087,20240614,20240614,1.071428
000001.SZ,1d,2019-09-03,12.641227308937454,12.667417697008457,12.440434333726431,12.484084980511437,858653.0,1230606485.0300002,20190903,14.3,1.1454583994200087,20240614,20240614,1.071428
000001.SZ,1d,2019-09-04,12.501545239225438,12.658687567651455,12.492815109868438,12.606306791509452,973964.0,1404037295.8,20190904,14.440000000000001,1.1454583994200087,20240614,20240614,1.071428
000001.SZ,1d,2019-09-05,12.711068343793462,12.964242095146492,12.702338214436462,12.728528602507463,1768051.0,2599478258.9100003,20190905,14.58,1.1454583994200087,20240614,20240614,1.071428
000001.SZ,1d,2019-09-06,12.842020284148477,12.929321577718488,12.76344911993547,12.929321577718488,986432.0,1451264912.6499999,20190906,14.81,1.1454583994200087,20240614,20240614,1.071428
000001.SZ,1d,2019-09-09,13.077733776787504,13.095194035501507,12.745988861221466,12.824560025434474,1299839.0,1918042303.9099998,20190909,14.69,1.1454583994200087,20240614,20240614,1.071428
000001.SZ,1d,2019-09-10,12.745988861221466,12.78090937864947,12.580116403438447,12.702338214436462,796870.0,1155180739.29,20190910,14.55,1.1454583994200087,20240614,20240614,1.071428
000001.SZ,1d,2019-09-11,12.745988861221468,12.842020284148477,12.623767050223453,12.711068343793462,818614.0,1192674258.6000001,20190911,14.56,1.1454583994200087,20240614,20240614,1.071428
000001.SZ,1d,2019-09-12,12.798369637363473,12.903131189647485,12.68487795572246,12.815829896077476,1150687.0,1682911849.7800002,20190912,14.680000000000001,1.1454583994200087,20240614,20240614,1.071428
000001.SZ,1d,2019-09-16,12.833290154791477,12.850750413505478,12.571386274081446,12.615036920866451,929894.0,1349401481.22,20190916,14.450000000000001,1.1454583994200087,20240614,20240614,1.071428
000001.SZ,1d,2019-09-17,12.536465756653442,12.61503692086645,12.379323428227423,12.43170420436943,882655.0,1261416554.2900002,20190917,14.24,1.1454583994200087,20240614,20240614,1.071428
000001.SZ,1d,2019-09-18,12.43170420436943,12.641227308937454,12.43170420436943,12.580116403438447,820436.0,1179079988.0200002,20190918,14.41,1.1454583994200087,20240614,20240614,1.071428
000001.SZ,1d,2019-09-19,12.641227308937454,12.999162612574496,12.641227308937454,12.95551196578949,1884020.0,2777383508.48,20190919,14.84,1.1454583994200087,20240614,20240614,1.071428
000001.SZ,1d,2019-09-20,13.051543388716501,13.444399209781547,13.034083130002498,13.39201843363954,2644285.0,4020646521.9500003,20190920,15.34,1.1454583994200087,20240614,20240614,1.071428
000001.SZ,1d,2019-09-23,13.39201843363954,13.505510115280552,13.252336363927524,13.426938951067543,1403282.0,2148740448.83,20190923,15.379999999999999,1.1454583994200087,20240614,20240614,1.071428
000001.SZ,1d,2019-09-24,13.505510115280552,13.566621020779559,13.252336363927524,13.252336363927524,1129103.0,1726238272.95,20190924,15.18,1.1454583994200087,20240614,20240614,1.071428
000001.SZ,1d,2019-09-25,13.269796622641525,13.837255030846592,13.261066493284526,13.74995373727658,1938892.0,3024598930.57,20190925,15.75,1.1454583994200087,20240614,20240614,1.071428
000001.SZ,1d,2019-09-26,13.845985160203591,14.00312748862961,13.671382573063573,13.715033219848578,1686592.0,2673096951.2300005,20190926,15.71,1.1454583994200087,20240614,20240614,1.071428
000001.SZ,1d,2019-09-27,13.837255030846594,13.968206971201607,13.706303090491577,13.880905677631597,1007706.0,1598567052.2,20190927,15.9,1.1454583994200087,20240614,20240614,1.071428
000001.SZ,1d,2019-09-30,13.74995373727658,13.872175548274596,13.592811408850563,13.610271667564565,1046363.0,1645828526.9,20190930,15.59,1.1454583994200087,20240614,20240614,1.071428
000001.SZ,1d,2019-10-08,13.619001796921566,14.16899994641263,13.619001796921566,14.142809558341627,1386676.0,2225024598.59,20191008,16.2,1.1454583994200087,20240614,20240614,1.071428
000001.SZ,1d,2019-10-09,14.055508264771614,14.422173697765658,13.985667229915608,14.186460205126632,1316693.0,2145061763.15,20191009,16.25,1.1454583994200087,20240614,20240614,1.071428
000001.SZ,1d,2019-10-10,14.203920463840634,14.203920463840634,13.959476841844605,14.177730075769633,879746.0,1418751875.7800002,20191010,16.240000000000002,1.1454583994200087,20240614,20240614,1.071428
000001.SZ,1d,2019-10-11,14.142809558341627,14.7975692601167,14.142809558341627,14.675347449118687,1405422.0,2335030599.2500005,20191011,16.81,1.1454583994200087,20240614,20240614,1.071428
000001.SZ,1d,2019-10-14,14.815029518830706,15.365027668321769,14.7713788720457,15.033282752755731,1557637.0,2688929547.26,20191014,17.220000000000002,1.1454583994200087,20240614,20240614,1.071428
000001.SZ,1d,2019-10-15,15.059473140826732,15.146774434396743,14.684077578475689,14.998362235327726,881955.0,1503633369.4900002,20191015,17.18,1.1454583994200087,20240614,20240614,1.071428
000001.SZ,1d,2019-10-16,15.068203270183732,15.22534559860975,14.518205120692668,14.657887190404685,1267671.0,2146150627.2600002,20191016,16.79,1.1454583994200087,20240614,20240614,1.071428
000001.SZ,1d,2019-10-17,14.753918613331699,14.841219906901706,14.448364085836662,14.579316026191677,1126182.0,1887045621.02,20191017,16.7,1.1454583994200087,20240614,20240614,1.071428
000001.SZ,1d,2019-10-18,14.666617319761688,14.87614042432971,14.34360253355265,14.413443568408656,1196799.0,1999012671.73,20191018,16.509999999999998,1.1454583994200087,20240614,20240614,1.071428
000001.SZ,1d,2019-10-21,14.34360253355265,14.815029518830704,14.34360253355265,14.745188483974696,945952.0,1589276085.98,20191021,16.89,1.1454583994200087,20240614,20240614,1.071428
000001.SZ,1d,2019-10-22,14.762648742688699,14.7801090014027,13.994397359272611,14.33487240419565,1883531.0,3072547165.9700003,20191022,16.42,1.1454583994200087,20240614,20240614,1.071428
000001.SZ,1d,2019-10-23,14.247571110625639,14.553125638120676,14.16899994641263,14.361062792266651,967534.0,1590781971.78,20191023,16.45,1.1454583994200087,20240614,20240614,1.071428
000001.SZ,1d,2019-10-24,14.404713439051656,14.841219906901706,14.352332662909651,14.727728225260694,1109214.0,1861032918.48,20191024,16.87,1.1454583994200087,20240614,20240614,1.071428
000001.SZ,1d,2019-10-25,14.649157061047687,14.806299389473704,14.474554473907666,14.736458354617698,691435.0,1161100080.0000002,20191025,16.880000000000003,1.1454583994200087,20240614,20240614,1.071428
000001.SZ,1d,2019-10-28,14.823759648187705,14.87614042432971,14.387253180337655,14.544395508763673,1070131.0,1780873358.2599998,20191028,16.66,1.1454583994200087,20240614,20240614,1.071428
000001.SZ,1d,2019-10-29,14.570585896834674,14.7801090014027,14.457094215193662,14.762648742688699,788864.0,1322036352.42,20191029,16.91,1.1454583994200087,20240614,20240614,1.071428
000001.SZ,1d,2019-10-30,14.666617319761688,14.806299389473704,14.33487240419565,14.343602533552653,854317.0,1420644944.87,20191030,16.430000000000003,1.1454583994200087,20240614,20240614,1.071428
000001.SZ,1d,2019-10-31,14.33487240419565,14.378523050980656,14.177730075769633,14.195190334483634,862569.0,1407006434.79,20191031,16.26,1.1454583994200087,20240614,20240614,1.071428
000001.SZ,1d,2019-11-01,14.273761498696643,14.841219906901706,14.212650593197635,14.718998095903693,1254655.0,2096068960.5900002,20191101,16.86,1.1454583994200087,20240614,20240614,1.071428
000001.SZ,1d,2019-11-04,14.823759648187705,15.059473140826732,14.640426931690683,14.771378872045698,889824.0,1507910818.55,20191104,16.919999999999998,1.1454583994200087,20240614,20240614,1.071428
000001.SZ,1d,2019-11-05,14.666617319761688,15.22534559860975,14.657887190404685,14.972171847256721,1172485.0,2010924199.94,20191105,17.15,1.1454583994200087,20240614,20240614,1.071428
000001.SZ,1d,2019-11-06,14.893600683043712,15.068203270183732,14.736458354617694,14.8062993894737,863325.0,1470233502.73,20191106,16.959999999999997,1.1454583994200087,20240614,20240614,1.071428
000001.SZ,1d,2019-11-07,14.7801090014027,14.902330812400715,14.622966672976682,14.745188483974696,711896.0,1200671649.42,20191107,16.89,1.1454583994200087,20240614,20240614,1.071428
000001.SZ,1d,2019-11-08,14.823759648187705,14.85868016561571,14.526935250049672,14.535665379406673,849139.0,1421088326.1499999,20191108,16.650000000000002,1.1454583994200087,20240614,20240614,1.071428
000001.SZ,1d,2019-11-11,14.404713439051656,14.430903827122657,14.142809558341627,14.212650593197633,953515.0,1556517253.18,20191111,16.279999999999998,1.1454583994200087,20240614,20240614,1.071428
000001.SZ,1d,2019-11-12,14.221380722554635,14.291221757410645,14.107889040913623,14.25630123998264,516266.0,840769286.54,20191112,16.330000000000002,1.1454583994200087,20240614,20240614,1.071428
000001.SZ,1d,2019-11-13,14.221380722554635,14.36979292162365,14.020587747343612,14.256301239982639,655120.0,1067975601.16,20191113,16.33,1.1454583994200087,20240614,20240614,1.071428
000001.SZ,1d,2019-11-14,14.34360253355265,14.387253180337655,14.186460205126632,14.247571110625639,468899.0,767006342.15,20191114,16.32,1.1454583994200087,20240614,20240614,1.071428
000001.SZ,1d,2019-11-15,14.308682016124646,14.448364085836662,14.177730075769633,14.265031369339644,569227.0,933539572.45,20191115,16.340000000000003,1.1454583994200087,20240614,20240614,1.071428
000001.SZ,1d,2019-11-18,14.273761498696643,14.448364085836662,14.16899994641263,14.361062792266651,557918.0,915983935.5500001,20191118,16.45,1.1454583994200087,20240614,20240614,1.071428
000001.SZ,1d,2019-11-19,14.361062792266651,14.387253180337655,14.238840981268636,14.326142274838649,562120.0,920998203.3399999,20191119,16.41,1.1454583994200087,20240614,20240614,1.071428
000001.SZ,1d,2019-11-20,14.230110851911638,14.230110851911638,13.767413995990584,13.837255030846592,1724383.0,2747598383.4000006,20191120,15.85,1.1454583994200087,20240614,20240614,1.071428
000001.SZ,1d,2019-11-21,13.74995373727658,13.854715289560595,13.64519218499257,13.845985160203593,772563.0,1218516399.48,20191121,15.860000000000001,1.1454583994200087,20240614,20240614,1.071428
000001.SZ,1d,2019-11-22,13.872175548274596,13.898365936345598,13.575351150136562,13.610271667564565,773473.0,1216064537.8300002,20191122,15.59,1.1454583994200087,20240614,20240614,1.071428
000001.SZ,1d,2019-11-25,13.653922314349572,13.828524901489592,13.56662102077956,13.793604384061586,783257.0,1233388886.1599998,20191125,15.8,1.1454583994200087,20240614,20240614,1.071428
000001.SZ,1d,2019-11-26,13.872175548274596,13.872175548274596,13.522970373994555,13.636462055635569,815297.0,1271594662.99,20191126,15.620000000000001,1.1454583994200087,20240614,20240614,1.071428
000001.SZ,1d,2019-11-27,13.653922314349572,13.653922314349572,13.435669080424546,13.505510115280554,476169.0,736584294.07,20191127,15.47,1.1454583994200087,20240614,20240614,1.071428
000001.SZ,1d,2019-11-28,13.505510115280552,13.566621020779559,13.47931972720955,13.522970373994555,378016.0,585252046.59,20191128,15.49,1.1454583994200087,20240614,20240614,1.071428
000001.SZ,1d,2019-11-29,13.566621020779559,13.57535115013656,13.252336363927524,13.348367786854535,653866.0,1001451096.26,20191129,15.29,1.1454583994200087,20240614,20240614,1.071428
000001.SZ,1d,2019-12-02,13.40074856299654,13.470589597852548,13.29598701071253,13.409478692353543,553877.0,849784129.4100001,20191202,15.360000000000001,1.1454583994200087,20240614,20240614,1.071428
000001.SZ,1d,2019-12-03,13.357097916211536,13.496779985923553,13.278526751998529,13.488049856566553,455418.0,700293548.85,20191203,15.450000000000001,1.1454583994200087,20240614,20240614,1.071428
000001.SZ,1d,2019-12-04,13.392018433639542,13.453129339138547,13.278526751998529,13.365828045568538,524545.0,802110334.25,20191204,15.31,1.1454583994200087,20240614,20240614,1.071428
000001.SZ,1d,2019-12-05,13.400748562996542,13.514240244637556,13.357097916211536,13.47058959785255,557084.0,857682575.8100001,20191205,15.430000000000001,1.1454583994200087,20240614,20240614,1.071428
000001.SZ,1d,2019-12-06,13.505510115280554,13.723763349205578,13.496779985923553,13.619001796921568,712615.0,1109423061.49,20191206,15.600000000000001,1.1454583994200087,20240614,20240614,1.071428
000001.SZ,1d,2019-12-09,13.636462055635567,13.636462055635567,13.40074856299654,13.453129339138547,605992.0,935135952.74,20191209,15.41,1.1454583994200087,20240614,20240614,1.071428
000001.SZ,1d,2019-12-10,13.409478692353542,13.426938951067545,13.313447269426531,13.383288304282539,556383.0,851377532.72,20191210,15.33,1.1454583994200087,20240614,20240614,1.071428
000001.SZ,1d,2019-12-11,13.426938951067545,13.688842831777576,13.357097916211536,13.671382573063573,871505.0,1351786530.59,20191211,15.66,1.1454583994200087,20240614,20240614,1.071428
000001.SZ,1d,2019-12-12,13.671382573063575,13.680112702420574,13.557890891422561,13.619001796921568,478998.0,747519511.1,20191212,15.600000000000001,1.1454583994200087,20240614,20240614,1.071428
000001.SZ,1d,2019-12-13,13.837255030846592,14.072968523485619,13.767413995990584,14.072968523485619,1053103.0,1680707282.0600002,20191213,16.12,1.1454583994200087,20240614,20240614,1.071428
000001.SZ,1d,2019-12-16,14.072968523485619,14.090428782199622,13.854715289560595,14.081698652842622,787952.0,1262802471.74,20191216,16.130000000000003,1.1454583994200087,20240614,20240614,1.071428
000001.SZ,1d,2019-12-17,13.968206971201607,14.518205120692668,13.950746712487605,14.404713439051656,1203104.0,1969891323.5900002,20191217,16.5,1.1454583994200087,20240614,20240614,1.071428
000001.SZ,1d,2019-12-18,14.34360253355265,14.544395508763673,14.326142274838649,14.369792921623654,797091.0,1317608543.24,20191218,16.46,1.1454583994200087,20240614,20240614,1.071428
000001.SZ,1d,2019-12-19,14.448364085836662,14.614236543619683,14.352332662909651,14.448364085836662,675536.0,1119925969.1100001,20191219,16.55,1.1454583994200087,20240614,20240614,1.071428
000001.SZ,1d,2019-12-20,14.448364085836662,14.561855767477674,14.352332662909651,14.483284603264666,644478.0,1067869779.7799999,20191220,16.59,1.1454583994200087,20240614,20240614,1.071428
000001.SZ,1d,2019-12-23,14.561855767477677,14.561855767477677,14.116619170270624,14.177730075769633,715792.0,1173372080.8400002,20191223,16.240000000000002,1.1454583994200087,20240614,20240614,1.071428
000001.SZ,1d,2019-12-24,14.16899994641263,14.404713439051656,14.16899994641263,14.317412145481649,459128.0,752351618.1899999,20191224,16.400000000000002,1.1454583994200087,20240614,20240614,1.071428
000001.SZ,1d,2019-12-25,14.361062792266654,14.457094215193665,14.177730075769633,14.230110851911638,414917.0,679664596.6700001,20191225,16.3,1.1454583994200087,20240614,20240614,1.071428
000001.SZ,1d,2019-12-26,14.26503136933964,14.387253180337655,14.247571110625639,14.378523050980652,372033.0,610381757.75,20191226,16.47,1.1454583994200087,20240614,20240614,1.071428
000001.SZ,1d,2019-12-27,14.43090382712266,14.7801090014027,14.34360253355265,14.518205120692668,1042574.0,1741473179.3,20191227,16.63,1.1454583994200087,20240614,20240614,1.071428
000001.SZ,1d,2019-12-30,14.369792921623654,14.518205120692672,14.055508264771618,14.465824344550665,976970.0,1603152786.5900002,20191230,16.57,1.1454583994200087,20240614,20240614,1.071428
000001.SZ,1d,2019-12-31,14.465824344550665,14.518205120692668,14.238840981268636,14.361062792266651,704442.0,1154704348.9199998,20191231,16.45,1.1454583994200087,20240614,20240614,1.071428
000001.SZ,1d,2020-01-02,14.535665379406673,14.7975692601167,14.448364085836662,14.727728225260694,1530231.0,2571196482.14,20200102,16.87,1.1454583994200087,20240614,20240614,1.071428
000001.SZ,1d,2020-01-03,14.788839130759703,15.111853916968741,14.7713788720457,14.998362235327727,1116194.0,1914495474.63,20200103,17.180000000000003,1.1454583994200087,20240614,20240614,1.071428
000001.SZ,1d,2020-01-06,14.84995003625871,15.138044305039742,14.762648742688699,14.902330812400715,862083.0,1477930193.19,20200106,17.07,1.1454583994200087,20240614,20240614,1.071428
000001.SZ,1d,2020-01-07,14.95471158854272,15.085663528897733,14.7975692601167,14.972171847256721,728607.0,1247047135.26,20200107,17.15,1.1454583994200087,20240614,20240614,1.071428
000001.SZ,1d,2020-01-08,14.841219906901706,14.884870553686712,14.518205120692668,14.544395508763673,847824.0,1423608811.1799998,20200108,16.66,1.1454583994200087,20240614,20240614,1.071428
000001.SZ,1d,2020-01-09,14.67534744911869,14.7801090014027,14.43090382712266,14.657887190404688,1031636.0,1725326806.2500002,20200109,16.790000000000003,1.1454583994200087,20240614,20240614,1.071428
000001.SZ,1d,2020-01-10,14.657887190404685,14.675347449118687,14.422173697765658,14.570585896834677,585548.0,975154818.7800001,20200110,16.69,1.1454583994200087,20240614,20240614,1.071428
000001.SZ,1d,2020-01-13,14.622966672976682,14.86741029497271,14.500744861978667,14.832489777544705,872133.0,1468271683.72,20200113,16.99,1.1454583994200087,20240614,20240614,1.071428
000001.SZ,1d,2020-01-14,14.832489777544708,15.076933399540737,14.631696802333684,14.631696802333684,1304493.0,2217608852.69,20200114,16.76,1.1454583994200087,20240614,20240614,1.071428
000001.SZ,1d,2020-01-15,14.657887190404685,14.718998095903693,14.361062792266651,14.422173697765658,859439.0,1424889228.07,20200115,16.52,1.1454583994200087,20240614,20240614,1.071428
000001.SZ,1d,2020-01-16,14.422173697765658,14.465824344550665,14.142809558341627,14.256301239982639,1028104.0,1678888507.83,20200116,16.33,1.1454583994200087,20240614,20240614,1.071428
000001.SZ,1d,2020-01-17,14.299951886767648,14.448364085836662,14.273761498696643,14.308682016124646,605436.0,995909007.3499999,20200117,16.39,1.1454583994200087,20240614,20240614,1.071428
000001.SZ,1d,2020-01-20,14.34360253355265,14.50074486197867,14.273761498696643,14.361062792266654,746074.0,1226464649.55,20200120,16.450000000000003,1.1454583994200087,20240614,20240614,1.071428
000001.SZ,1d,2020-01-21,14.26503136933964,14.26503136933964,13.9070960657026,13.968206971201607,896603.0,1442171431.55,20200121,16.0,1.1454583994200087,20240614,20240614,1.071428
000001.SZ,1d,2020-01-22,13.8983659363456,14.107889040913623,13.715033219848578,14.046778135414616,719464.0,1150933398.98,20200122,16.09,1.1454583994200087,20240614,20240614,1.071428
000001.SZ,1d,2020-01-23,13.898365936345598,13.898365936345598,13.435669080424546,13.56662102077956,1100592.0,1723394336.66,20200123,15.540000000000001,1.1454583994200087,20240614,20240614,1.071428
000001.SZ,1d,2020-02-03,12.213450970444406,12.833290154791476,12.213450970444406,12.213450970444406,2259194.0,3201454164.92,20200203,13.99,1.1454583994200087,20240614,20240614,1.071428
000001.SZ,1d,2020-02-04,12.265831746586409,12.798369637363471,12.239641358515408,12.745988861221466,1706172.0,2442932842.71,20200204,14.6,1.1454583994200087,20240614,20240614,1.071428
000001.SZ,1d,2020-02-05,12.737258731864465,12.999162612574496,12.501545239225438,12.772179249292469,1491380.0,2177632043.62,20200205,14.63,1.1454583994200087,20240614,20240614,1.071428
000001.SZ,1d,2020-02-06,12.929321577718488,12.981702353860493,12.667417697008457,12.894401060290482,1185815.0,1740107625.4199998,20200206,14.77,1.1454583994200087,20240614,20240614,1.071428
000001.SZ,1d,2020-02-07,12.745988861221466,12.824560025434474,12.580116403438447,12.76344911993547,924852.0,1345053255.67,20200207,14.620000000000001,1.1454583994200087,20240614,20240614,1.071428
000001.SZ,1d,2020-02-10,12.667417697008458,12.68487795572246,12.484084980511437,12.658687567651455,1339495.0,1931983482.1000001,20200210,14.5,1.1454583994200087,20240614,20240614,1.071428
000001.SZ,1d,2020-02-11,12.745988861221466,13.042813259359502,12.711068343793462,12.911861319004485,1407507.0,2077194138.9199998,20200211,14.790000000000001,1.1454583994200087,20240614,20240614,1.071428
000001.SZ,1d,2020-02-12,12.911861319004485,12.938051707075488,12.745988861221466,12.894401060290482,1070503.0,1573229042.5500002,20200212,14.77,1.1454583994200087,20240614,20240614,1.071428
000001.SZ,1d,2020-02-13,12.842020284148477,12.990432483217493,12.754718990578466,12.78963950800647,1013205.0,1491327713.78,20200213,14.649999999999999,1.1454583994200087,20240614,20240614,1.071428
000001.SZ,1d,2020-02-14,12.876940801576483,13.21741584649952,12.833290154791477,13.12138442357251,1512434.0,2253906452.48,20200214,15.030000000000001,1.1454583994200087,20240614,20240614,1.071428
000001.SZ,1d,2020-02-17,13.13011455292951,13.418208821710543,13.034083130002498,13.418208821710543,1543696.0,2337993586.1200004,20200217,15.37,1.1454583994200087,20240614,20240614,1.071428
000001.SZ,1d,2020-02-18,13.383288304282539,13.383288304282539,13.103924164858507,13.269796622641525,973612.0,1478274222.5800002,20200218,15.2,1.1454583994200087,20240614,20240614,1.071428
000001.SZ,1d,2020-02-19,13.182495329071516,13.418208821710543,13.165035070357515,13.304717140069531,874106.0,1333730218.9699998,20200219,15.24,1.1454583994200087,20240614,20240614,1.071428
000001.SZ,1d,2020-02-20,13.330907528140532,13.636462055635567,13.182495329071516,13.610271667564565,1235444.0,1897923029.0400002,20200220,15.59,1.1454583994200087,20240614,20240614,1.071428
000001.SZ,1d,2020-02-21,13.522970373994555,13.723763349205578,13.488049856566553,13.601541538207567,995071.0,1546692930.16,20200221,15.580000000000002,1.1454583994200087,20240614,20240614,1.071428
000001.SZ,1d,2020-02-24,13.496779985923553,13.496779985923553,13.226145975856522,13.29598701071253,1191794.0,1820183854.52,20200224,15.23,1.1454583994200087,20240614,20240614,1.071428
000001.SZ,1d,2020-02-25,13.095194035501507,13.20868571714252,12.903131189647485,13.130114552929511,1144575.0,1710369786.03,20200225,15.040000000000001,1.1454583994200087,20240614,20240614,1.071428
000001.SZ,1d,2020-02-26,12.894401060290484,13.330907528140534,12.833290154791477,13.086463906144505,1176599.0,1769612245.3700001,20200226,14.99,1.1454583994200087,20240614,20240614,1.071428
000001.SZ,1d,2020-02-27,13.060273518073503,13.226145975856522,12.999162612574496,13.191225458428518,975270.0,1464605739.4600003,20200227,15.110000000000001,1.1454583994200087,20240614,20240614,1.071428
000001.SZ,1d,2020-02-28,12.964242095146492,13.130114552929511,12.623767050223453,12.658687567651455,1300644.0,1906892413.3100002,20200228,14.5,1.1454583994200087,20240614,20240614,1.071428
000001.SZ,1d,2020-03-02,12.702338214436462,13.051543388716501,12.623767050223453,12.911861319004485,1116580.0,1647432269.71,20200302,14.790000000000001,1.1454583994200087,20240614,20240614,1.071428
000001.SZ,1d,2020-03-03,13.060273518073503,13.086463906144505,12.772179249292469,12.850750413505478,1153584.0,1705816271.89,20200303,14.72,1.1454583994200087,20240614,20240614,1.071428
000001.SZ,1d,2020-03-04,12.815829896077474,12.903131189647484,12.667417697008457,12.824560025434474,862595.0,1261123063.8300002,20200304,14.69,1.1454583994200087,20240614,20240614,1.071428
000001.SZ,1d,2020-03-05,12.920591448361487,13.653922314349572,12.85948054286248,13.435669080424546,2686602.0,4089493523.03,20200305,15.39,1.1454583994200087,20240614,20240614,1.071428
000001.SZ,1d,2020-03-06,13.252336363927524,13.330907528140532,13.112654294215508,13.12138442357251,1228531.0,1858691259.32,20200306,15.03,1.1454583994200087,20240614,20240614,1.071428
000001.SZ,1d,2020-03-09,12.842020284148477,12.85948054286248,12.588846532795447,12.61503692086645,1665793.0,2420392130.73,20200309,14.45,1.1454583994200087,20240614,20240614,1.071428
000001.SZ,1d,2020-03-10,12.553926015367445,12.964242095146492,12.553926015367445,12.885670930933484,1167864.0,1709084565.32,20200310,14.760000000000002,1.1454583994200087,20240614,20240614,1.071428
000001.SZ,1d,2020-03-11,12.894401060290484,12.990432483217495,12.76344911993547,12.824560025434476,814381.0,1201250682.1599998,20200311,14.690000000000001,1.1454583994200087,20240614,20240614,1.071428
000001.SZ,1d,2020-03-12,12.789639508006472,12.955511965789492,12.68487795572246,12.815829896077476,986497.0,1447436641.92,20200312,14.680000000000001,1.1454583994200087,20240614,20240614,1.071428
000001.SZ,1d,2020-03-13,12.134879806231396,12.728528602507463,12.134879806231396,12.676147826365458,1169765.0,1669009835.48,20200313,14.52,1.1454583994200087,20240614,20240614,1.071428
000001.SZ,1d,2020-03-16,12.61503692086645,12.623767050223453,12.003927865876381,12.003927865876381,1406202.0,1975824191.21,20200316,13.75,1.1454583994200087,20240614,20240614,1.071428
000001.SZ,1d,2020-03-17,12.003927865876381,12.195990711730403,11.46265984574232,11.707103467738346,1177849.0,1582506075.02,20200317,13.41,1.1454583994200087,20240614,20240614,1.071428
000001.SZ,1d,2020-03-18,11.707103467738346,11.829325278736361,11.04361363660627,11.095994412748277,1384784.0,1816836893.63,20200318,12.71,1.1454583994200087,20240614,20240614,1.071428
000001.SZ,1d,2020-03-19,11.069804024677273,11.12218480081928,10.397584064188196,10.676948203612229,1891457.0,2313863663.4799995,20200319,12.23,1.1454583994200087,20240614,20240614,1.071428
000001.SZ,1d,2020-03-20,10.825360402681245,11.069804024677273,10.703138591683231,10.930121954965257,1578352.0,1967487818.45,20200320,12.52,1.1454583994200087,20240614,20240614,1.071428
000001.SZ,1d,2020-03-23,10.476155228401204,10.78170975589624,10.415044322902197,10.60710716875622,1071113.0,1300469494.43,20200323,12.15,1.1454583994200087,20240614,20240614,1.071428
000001.SZ,1d,2020-03-24,10.825360402681245,11.069804024677273,10.711868721040231,11.008693119178266,1180200.0,1472909399.72,20200324,12.61,1.1454583994200087,20240614,20240614,1.071428
000001.SZ,1d,2020-03-25,11.244406611817293,11.410279069600312,11.087264283391276,11.235676482460294,1136957.0,1467534956.1599998,20200325,12.870000000000001,1.1454583994200087,20240614,20240614,1.071428
000001.SZ,1d,2020-03-26,11.157105318247284,11.64599256223934,11.104724542105277,11.401548940243313,1075192.0,1408651057.3400002,20200326,13.06,1.1454583994200087,20240614,20240614,1.071428
000001.SZ,1d,2020-03-27,11.56742139802633,11.680913079667345,11.419009198957314,11.48012010445632,653018.0,861618663.0500001,20200327,13.15,1.1454583994200087,20240614,20240614,1.071428
000001.SZ,1d,2020-03-30,11.21821622374629,11.384088681529308,11.139645059533281,11.296787387959299,661738.0,852956240.25,20200330,12.94,1.1454583994200087,20240614,20240614,1.071428
000001.SZ,1d,2020-03-31,11.392818810886311,11.427739328314315,11.157105318247284,11.174565576961285,513370.0,662915471.38,20200331,12.8,1.1454583994200087,20240614,20240614,1.071428
000001.SZ,1d,2020-04-01,11.22694635310329,11.46265984574232,11.192025835675288,11.253136741174295,520836.0,676070117.75,20200401,12.89,1.1454583994200087,20240614,20240614,1.071428
000001.SZ,1d,2020-04-02,11.13091493017628,11.322977776030303,11.052343765963272,11.322977776030303,518365.0,663197628.3500001,20200402,12.97,1.1454583994200087,20240614,20240614,1.071428
000001.SZ,1d,2020-04-03,11.192025835675288,11.253136741174295,10.956312343036261,11.008693119178266,825348.0,1047282400.16,20200403,12.610000000000001,1.1454583994200087,20240614,20240614,1.071428
000001.SZ,1d,2020-04-07,11.253136741174295,11.2967873879593,11.183295706318287,11.244406611817293,870313.0,1121200115.4100003,20200407,12.88,1.1454583994200087,20240614,20240614,1.071428
000001.SZ,1d,2020-04-08,11.244406611817293,11.279327129245297,11.104724542105277,11.157105318247284,528716.0,676604872.29,20200408,12.780000000000001,1.1454583994200087,20240614,20240614,1.071428
000001.SZ,1d,2020-04-09,11.244406611817293,11.253136741174295,11.104724542105277,11.12218480081928,408553.0,522027888.31,20200409,12.74,1.1454583994200087,20240614,20240614,1.071428
000001.SZ,1d,2020-04-10,11.139645059533281,11.331707905387304,11.04361363660627,11.165835447604286,666674.0,853689950.23,20200410,12.790000000000001,1.1454583994200087,20240614,20240614,1.071428
000001.SZ,1d,2020-04-13,11.061073895320272,11.095994412748277,10.886471308180253,10.991232860464264,446214.0,562008050.35,20200413,12.59,1.1454583994200087,20240614,20240614,1.071428
000001.SZ,1d,2020-04-14,11.04361363660627,11.22694635310329,10.973772601750262,11.22694635310329,686086.0,874856562.2800001,20200414,12.86,1.1454583994200087,20240614,20240614,1.071428
000001.SZ,1d,2020-04-15,11.226946353103292,11.288057258602299,11.157105318247284,11.235676482460294,656396.0,843649273.39,20200415,12.870000000000001,1.1454583994200087,20240614,20240614,1.071428
000001.SZ,1d,2020-04-16,11.165835447604286,11.165835447604286,10.94758221367926,11.069804024677275,789154.0,997623816.4499999,20200416,12.680000000000001,1.1454583994200087,20240614,20240614,1.071428
000001.SZ,1d,2020-04-17,11.148375188890283,11.38408868152931,11.04361363660627,11.253136741174295,1331164.0,1713215766.82,20200417,12.89,1.1454583994200087,20240614,20240614,1.071428
000001.SZ,1d,2020-04-20,11.22694635310329,11.39281881088631,11.148375188890283,11.340438034744304,818455.0,1058524019.15,20200420,12.99,1.1454583994200087,20240614,20240614,1.071428
000001.SZ,1d,2020-04-21,11.611072044811337,11.960277219091376,11.611072044811337,11.742023985166352,2122448.0,2861879086.0899997,20200421,13.450000000000001,1.1454583994200087,20240614,20240614,1.071428
000001.SZ,1d,2020-04-22,11.672182950310344,11.715833597095347,11.488850233813322,11.549961139312328,1032803.0,1368222854.7100003,20200422,13.23,1.1454583994200087,20240614,20240614,1.071428
000001.SZ,1d,2020-04-23,11.549961139312327,11.619802174168335,11.445199587028316,11.549961139312327,646990.0,855052110.23,20200423,13.229999999999999,1.1454583994200087,20240614,20240614,1.071428
000001.SZ,1d,2020-04-24,11.497580363170322,11.593611786097332,11.445199587028316,11.55869126866933,566002.0,747473770.46,20200424,13.24,1.1454583994200087,20240614,20240614,1.071428
000001.SZ,1d,2020-04-27,11.611072044811337,11.90789644294937,11.56742139802633,11.785674631951355,936830.0,1263809737.41,20200427,13.5,1.1454583994200087,20240614,20240614,1.071428
000001.SZ,1d,2020-04-28,11.74202398516635,11.83805540809336,11.584881656740333,11.803134890665357,771564.0,1038718080.27,20200428,13.52,1.1454583994200087,20240614,20240614,1.071428
000001.SZ,1d,2020-04-29,11.768214373237354,12.309482393371416,11.742023985166352,12.239641358515408,1108722.0,1541638203.4799998,20200429,14.020000000000001,1.1454583994200087,20240614,20240614,1.071428
000001.SZ,1d,2020-04-30,12.239641358515408,12.501545239225438,12.117419547517395,12.1610701943024,819540.0,1155968238.1299999,20200430,13.930000000000001,1.1454583994200087,20240614,20240614,1.071428
000001.SZ,1d,2020-05-06,12.012657995233381,12.126149676874393,11.881706054878366,12.021388124590382,1008998.0,1382727481.73,20200506,13.77,1.1454583994200087,20240614,20240614,1.071428
000001.SZ,1d,2020-05-07,12.012657995233381,12.012657995233381,11.872975925521365,11.951547089734374,662749.0,904349531.9899999,20200507,13.69,1.1454583994200087,20240614,20240614,1.071428
000001.SZ,1d,2020-05-08,12.012657995233381,12.239641358515408,11.942816960377373,12.1785304530164,934782.0,1297924588.29,20200508,13.95,1.1454583994200087,20240614,20240614,1.071428
000001.SZ,1d,2020-05-11,12.152340064945397,12.335672781442419,12.134879806231396,12.222181099801405,612862.0,859156594.2199999,20200511,14.0,1.1454583994200087,20240614,20240614,1.071428
000001.SZ,1d,2020-05-12,12.178530453016402,12.26583174658641,11.977737477805379,12.038848383304385,558511.0,772109502.04,20200512,13.790000000000001,1.1454583994200087,20240614,20240614,1.071428
000001.SZ,1d,2020-05-13,12.003927865876383,12.030118253947384,11.81186502002236,11.899166313592369,640359.0,871062043.61,20200513,13.63,1.1454583994200087,20240614,20240614,1.071428
000001.SZ,1d,2020-05-14,11.829325278736361,11.864245796164365,11.541231009955329,11.611072044811337,944672.0,1259440848.2399998,20200514,13.3,1.1454583994200087,20240614,20240614,1.071428
000001.SZ,1d,2020-05-15,11.689643209024345,11.724563726452349,11.47138997509932,11.549961139312328,756794.0,1004313267.9300001,20200515,13.23,1.1454583994200087,20240614,20240614,1.071428
000001.SZ,1d,2020-05-18,11.523770751241326,11.645992562239341,11.453929716385318,11.523770751241326,637209.0,843479669.71,20200518,13.200000000000001,1.1454583994200087,20240614,20240614,1.071428
000001.SZ,1d,2020-05-19,11.707103467738346,11.74202398516635,11.584881656740333,11.66345282095334,600369.0,801755671.01,20200519,13.36,1.1454583994200087,20240614,20240614,1.071428
000001.SZ,1d,2020-05-20,11.680913079667343,11.890436184235368,11.584881656740333,11.794404761308357,690851.0,929928885.9300001,20200520,13.51,1.1454583994200087,20240614,20240614,1.071428
000001.SZ,1d,2020-05-21,11.803134890665357,11.846785537450362,11.66345282095334,11.698373338381344,552312.0,742797057.29,20200521,13.399999999999999,1.1454583994200087,20240614,20240614,1.071428
000001.SZ,1d,2020-05-22,11.637262432882338,11.64599256223934,11.279327129245297,11.279327129245297,856237.0,1119433491.01,20200522,12.92,1.1454583994200087,20240614,20240614,1.071428
000001.SZ,1d,2020-05-25,11.322977776030303,11.331707905387304,11.139645059533281,11.3142476466733,410171.0,528769352.5,20200525,12.959999999999999,1.1454583994200087,20240614,20240614,1.071428
000001.SZ,1d,2020-05-26,11.366628422815307,11.410279069600312,11.296787387959299,11.384088681529308,396212.0,515451849.4,20200526,13.04,1.1454583994200087,20240614,20240614,1.071428
000001.SZ,1d,2020-05-27,11.392818810886311,11.515040621884326,11.314247646673302,11.349168164101306,482963.0,630305864.0899999,20200527,13.0,1.1454583994200087,20240614,20240614,1.071428
000001.SZ,1d,2020-05-28,11.429087417429361,11.704380121345686,11.375804958606846,11.60669561350441,960760.0,1255226999.49,20200528,13.07,1.1260741588495724,20240614,20240614,1.071428
000001.SZ,1d,2020-05-29,11.553413154681895,11.58005438409315,11.473489466448124,11.544532744878142,457808.0,594502123.85,20200529,13.0,1.1260741588495724,20240614,20240614,1.071428
000001.SZ,1d,2020-06-01,11.633336842915666,11.890868727224486,11.615576023308162,11.82870585859822,882961.0,1173619006.66,20200601,13.32,1.1260741588495724,20240614,20240614,1.071428
000001.SZ,1d,2020-06-02,11.802064629186964,12.103998562514546,11.79318421938321,12.032955284084526,883459.0,1194375822.0600002,20200602,13.55,1.1260741588495724,20240614,20240614,1.071428
000001.SZ,1d,2020-06-03,12.112878972318297,12.326008807608355,11.988553235065764,12.024074874280773,956803.0,1308782294.7,20200603,13.54,1.1260741588495724,20240614,20240614,1.071428
000001.SZ,1d,2020-06-04,12.01519446447702,12.112878972318297,11.90862954683199,12.05071610369203,583066.0,788707630.29,20200604,13.57,1.1260741588495724,20240614,20240614,1.071428
000001.SZ,1d,2020-06-05,12.077357333103286,12.095118152710791,11.926390366439495,12.068476923299535,383027.0,517232135.8,20200605,13.59,1.1260741588495724,20240614,20240614,1.071428
000001.SZ,1d,2020-06-08,12.148400611533306,12.299367578197097,12.059596513495782,12.095118152710791,585972.0,802115792.0600001,20200608,13.62,1.1260741588495724,20240614,20240614,1.071428
000001.SZ,1d,2020-06-09,12.112878972318297,12.192802660552069,12.015194464477021,12.139520201729555,474300.0,646895834.84,20200609,13.670000000000002,1.1260741588495724,20240614,20240614,1.071428
000001.SZ,1d,2020-06-10,12.175041840944564,12.175041840944564,11.89974913702824,11.97967282526201,580476.0,781995749.3600001,20200610,13.49,1.1260741588495724,20240614,20240614,1.071428
000001.SZ,1d,2020-06-11,11.881988317420735,11.890868727224486,11.544532744878142,11.615576023308162,1349040.0,1774199978.6799998,20200611,13.08,1.1260741588495724,20240614,20240614,1.071428
000001.SZ,1d,2020-06-12,11.455728646840619,11.562293564485648,11.429087417429361,11.53565233507439,1030551.0,1331618728.51,20200612,12.99,1.1260741588495724,20240614,20240614,1.071428
000001.SZ,1d,2020-06-15,11.411326597821857,11.517891515466886,11.366924548803095,11.384685368410599,660313.0,850767506.4300001,20200615,12.82,1.1260741588495724,20240614,20240614,1.071428
000001.SZ,1d,2020-06-16,11.455728646840617,11.53565233507439,11.420207007625608,11.446848237036864,718059.0,927043687.82,20200616,12.889999999999999,1.1260741588495724,20240614,20240614,1.071428
000001.SZ,1d,2020-06-17,11.446848237036866,11.473489466448124,11.331402909588084,11.411326597821855,716468.0,918251153.1899999,20200617,12.85,1.1260741588495724,20240614,20240614,1.071428
000001.SZ,1d,2020-06-18,11.331402909588084,11.366924548803095,11.180435942924293,11.331402909588084,1119648.0,1419972017.43,20200618,12.76,1.1260741588495724,20240614,20240614,1.071428
000001.SZ,1d,2020-06-19,11.304761680176826,11.402446188018104,11.198196762531797,11.366924548803093,1539522.0,1954584919.95,20200619,12.799999999999999,1.1260741588495724,20240614,20240614,1.071428
000001.SZ,1d,2020-06-22,11.31364208998058,11.331402909588085,11.207077172335552,11.224837991943057,1319080.0,1671023278.9900002,20200622,12.64,1.1260741588495724,20240614,20240614,1.071428
000001.SZ,1d,2020-06-23,11.233718401746808,11.269240040961817,11.118273074298026,11.189316352728046,990807.0,1248046646.7199998,20200623,12.6,1.1260741588495724,20240614,20240614,1.071428
000001.SZ,1d,2020-06-24,11.224837991943055,11.437967827233113,11.189316352728046,11.366924548803093,1523220.0,1946329095.3100002,20200624,12.799999999999999,1.1260741588495724,20240614,20240614,1.071428
000001.SZ,1d,2020-06-29,11.473489466448124,11.517891515466886,11.287000860569323,11.366924548803095,1038480.0,1330678288.8300002,20200629,12.8,1.1260741588495724,20240614,20240614,1.071428
000001.SZ,1d,2020-06-30,11.39356577821435,11.437967827233114,11.295881270373075,11.366924548803095,937940.0,1199181601.42,20200630,12.8,1.1260741588495724,20240614,20240614,1.071428
000001.SZ,1d,2020-07-01,11.358044138999341,11.677738891934428,11.31364208998058,11.651097662523172,1697390.0,2202800843.9700003,20200701,13.120000000000001,1.1260741588495724,20240614,20240614,1.071428
000001.SZ,1d,2020-07-02,11.615576023308162,11.97967282526201,11.517891515466886,11.926390366439497,2590501.0,3433511084.46,20200702,13.430000000000001,1.1260741588495724,20240614,20240614,1.071428
000001.SZ,1d,2020-07-03,12.05071610369203,12.716746838973462,12.041835693888277,12.654583970347195,3768334.0,5280918011.400001,20200703,14.25,1.1260741588495724,20240614,20240614,1.071428
000001.SZ,1d,2020-07-06,12.965398313478529,13.92448257228379,12.956517903674776,13.92448257228379,4711461.0,7168653356.250001,20200706,15.68,1.1260741588495724,20240614,20240614,1.071428
000001.SZ,1d,2020-07-07,14.47506798011644,14.768121503640272,13.347255935039884,13.746874376208742,3964427.0,6267919683.040001,20200707,15.48,1.1260741588495724,20240614,20240614,1.071428
000001.SZ,1d,2020-07-08,13.524864131114931,14.208655686003867,13.524864131114931,13.99552585071381,2631339.0,4095447757.1699996,20200708,15.76,1.1260741588495724,20240614,20240614,1.071428
000001.SZ,1d,2020-07-09,13.906721752676285,13.906721752676285,13.595907409544951,13.791276425227505,2243994.0,3469517329.73,20200709,15.530000000000001,1.1260741588495724,20240614,20240614,1.071428
000001.SZ,1d,2020-07-10,13.63142904875996,13.746874376208742,13.107484870338567,13.196288968376091,2158773.0,3254272377.89,20200710,14.86,1.1260741588495724,20240614,20240614,1.071428
000001.SZ,1d,2020-07-13,13.054202411516053,13.391657984058645,12.876594215441004,13.222930197787349,1937160.0,2871414844.76,20200713,14.89,1.1260741588495724,20240614,20240614,1.071428
000001.SZ,1d,2020-07-14,13.231810607591102,13.489342491899922,12.920996264459767,13.036441591908549,1953566.0,2891773817.07,20200714,14.680000000000001,1.1260741588495724,20240614,20240614,1.071428
000001.SZ,1d,2020-07-15,13.125245689946073,13.196288968376093,12.63682315073969,12.672344789954698,2042563.0,2947173149.7200003,20200715,14.27,1.1260741588495724,20240614,20240614,1.071428
000001.SZ,1d,2020-07-16,12.698986019365957,12.920996264459767,12.539138642898413,12.56577987230967,1930891.0,2771496391.19,20200716,14.15,1.1260741588495724,20240614,20240614,1.071428
000001.SZ,1d,2020-07-17,12.583540691917177,12.681225199758453,12.388171676234622,12.556899462505918,1291347.0,1821043927.51,20200717,14.14,1.1260741588495724,20240614,20240614,1.071428
000001.SZ,1d,2020-07-20,12.63682315073969,13.11636528014232,12.521377823290909,13.080843640927311,1979632.0,2872758056.19,20200720,14.73,1.1260741588495724,20240614,20240614,1.071428
000001.SZ,1d,2020-07-21,13.036441591908549,13.036441591908549,12.78779011740348,12.867713805637253,1252866.0,1815570300.6,20200721,14.49,1.1260741588495724,20240614,20240614,1.071428
000001.SZ,1d,2020-07-22,12.867713805637253,13.009800362497291,12.672344789954698,12.796670527207233,1312952.0,1895447229.4099998,20200722,14.41,1.1260741588495724,20240614,20240614,1.071428
000001.SZ,1d,2020-07-23,12.645703560543442,12.690105609562204,12.263845938982088,12.441454135057135,2027526.0,2838535210.7500005,20200723,14.01,1.1260741588495724,20240614,20240614,1.071428
000001.SZ,1d,2020-07-24,12.405932495842126,12.423693315449631,11.917509956635744,11.988553235065764,1830882.0,2504647111.34,20200724,13.5,1.1260741588495724,20240614,20240614,1.071428
000001.SZ,1d,2020-07-27,12.139520201729555,12.148400611533306,11.633336842915666,11.7576625801682,1880653.0,2497551472.2799997,20200727,13.24,1.1260741588495724,20240614,20240614,1.071428
000001.SZ,1d,2020-07-28,11.846466678205724,11.926390366439495,11.704380121345686,11.846466678205724,1217006.0,1618089558.6,20200728,13.34,1.1260741588495724,20240614,20240614,1.071428
000001.SZ,1d,2020-07-29,11.855347088009479,12.103998562514546,11.731021350756944,12.024074874280773,1519580.0,2043847472.9400003,20200729,13.540000000000001,1.1260741588495724,20240614,20240614,1.071428
000001.SZ,1d,2020-07-30,11.988553235065764,11.997433644869517,11.873107907616982,11.873107907616982,964068.0,1294444933.22,20200730,13.370000000000001,1.1260741588495724,20240614,20240614,1.071428
000001.SZ,1d,2020-07-31,11.793184219383209,12.01519446447702,11.766542989971953,11.846466678205724,1165822.0,1559068291.6299999,20200731,13.34,1.1260741588495724,20240614,20240614,1.071428
000001.SZ,1d,2020-08-03,11.961912005654504,12.095118152710791,11.926390366439495,12.068476923299535,1445096.0,1954607257.49,20200803,13.59,1.1260741588495724,20240614,20240614,1.071428
000001.SZ,1d,2020-08-04,12.130639791925802,12.56577987230967,11.97079241545826,12.468095364468395,2445663.0,3388510059.2700005,20200804,14.040000000000001,1.1260741588495724,20240614,20240614,1.071428
000001.SZ,1d,2020-08-05,12.27272634878584,12.2993675781971,12.095118152710793,12.219443889963328,1440203.0,1980352978.3400002,20200805,13.760000000000002,1.1260741588495724,20240614,20240614,1.071428
000001.SZ,1d,2020-08-06,12.27272634878584,12.397052086038375,12.12175938212205,12.34376962721586,1352511.0,1868047342.49,20200806,13.9,1.1260741588495724,20240614,20240614,1.071428
000001.SZ,1d,2020-08-07,12.254965529178337,12.34376962721586,12.095118152710793,12.166161431140813,988678.0,1356305781.15,20200807,13.700000000000001,1.1260741588495724,20240614,20240614,1.071428
000001.SZ,1d,2020-08-10,12.139520201729555,12.45033454486089,12.095118152710793,12.388171676234622,1587710.0,2208568316.4900002,20200810,13.950000000000001,1.1260741588495724,20240614,20240614,1.071428
000001.SZ,1d,2020-08-11,12.405932495842126,13.018680772301044,12.405932495842126,12.548019052702166,2603308.0,3748036828.23,20200811,14.13,1.1260741588495724,20240614,20240614,1.071428
000001.SZ,1d,2020-08-12,12.619062331132186,12.876594215441004,12.56577987230967,12.770029297795977,1596812.0,2287731088.15,20200812,14.38,1.1260741588495724,20240614,20240614,1.071428
000001.SZ,1d,2020-08-13,12.78779011740348,12.841072576225995,12.556899462505918,12.592421101720927,837262.0,1190139725.41,20200813,14.18,1.1260741588495724,20240614,20240614,1.071428
000001.SZ,1d,2020-08-14,12.521377823290909,12.885474625244758,12.4858561840759,12.849952986029749,1103216.0,1578543607.1,20200814,14.47,1.1260741588495724,20240614,20240614,1.071428
000001.SZ,1d,2020-08-17,12.96539831347853,13.631429048759962,12.920996264459767,13.489342491899922,3268028.0,4923669137.3,20200817,15.190000000000001,1.1260741588495724,20240614,20240614,1.071428
000001.SZ,1d,2020-08-18,13.498222901703674,13.587026999741198,13.240691017394854,13.453820852684911,1350261.0,2033477707.99,20200818,15.15,1.1260741588495724,20240614,20240614,1.071428
000001.SZ,1d,2020-08-19,13.418299213469902,13.631429048759962,13.285093066413618,13.409418803666151,1420928.0,2154215097.0600004,20200819,15.100000000000001,1.1260741588495724,20240614,20240614,1.071428
000001.SZ,1d,2020-08-20,13.32949511543238,13.44494044288116,12.903235444852262,12.956517903674778,1333802.0,1962605013.7,20200820,14.590000000000002,1.1260741588495724,20240614,20240614,1.071428
000001.SZ,1d,2020-08-21,13.063082821319806,13.063082821319806,12.716746838973462,12.832192166422244,1234517.0,1787278581.3400002,20200821,14.450000000000001,1.1260741588495724,20240614,20240614,1.071428
000001.SZ,1d,2020-08-24,12.876594215441004,13.063082821319806,12.796670527207233,12.841072576225995,919449.0,1338031969.4,20200824,14.46,1.1260741588495724,20240614,20240614,1.071428
000001.SZ,1d,2020-08-25,12.92987667426352,13.045322001712302,12.841072576225995,12.96539831347853,748320.0,1090756854.22,20200825,14.600000000000001,1.1260741588495724,20240614,20240614,1.071428
000001.SZ,1d,2020-08-26,12.96539831347853,12.974278723282282,12.681225199758453,12.761148887992224,734118.0,1057274169.74,20200826,14.370000000000001,1.1260741588495724,20240614,20240614,1.071428
000001.SZ,1d,2020-08-27,12.78779011740348,12.841072576225994,12.53025823309466,12.841072576225994,626667.0,895618648.57,20200827,14.459999999999999,1.1260741588495724,20240614,20240614,1.071428
000001.SZ,1d,2020-08-28,12.663464380150947,13.48046208209617,12.663464380150947,13.436060033077407,2410400.0,3599035694.78,20200828,15.129999999999999,1.1260741588495724,20240614,20240614,1.071428
000001.SZ,1d,2020-08-31,13.587026999741198,13.92448257228379,13.311734295824873,13.391657984058645,1797130.0,2760350322.28,20200831,15.08,1.1260741588495724,20240614,20240614,1.071428
000001.SZ,1d,2020-09-01,13.285093066413618,13.524864131114931,13.214049787983598,13.44494044288116,813643.0,1228342741.95,20200901,15.14,1.1260741588495724,20240614,20240614,1.071428
000001.SZ,1d,2020-09-02,13.329495115432378,13.791276425227503,13.329495115432378,13.604787819348703,1679383.0,2575966637.51,20200902,15.32,1.1260741588495724,20240614,20240614,1.071428
000001.SZ,1d,2020-09-03,13.604787819348703,13.613668229152456,13.178528148768587,13.231810607591102,1279842.0,1919266726.0100002,20200903,14.9,1.1260741588495724,20240614,20240614,1.071428
000001.SZ,1d,2020-09-04,13.080843640927311,13.37389716445114,12.965398313478529,13.285093066413616,909890.0,1353550808.28,20200904,14.959999999999999,1.1260741588495724,20240614,20240614,1.071428
000001.SZ,1d,2020-09-07,13.214049787983598,13.533744540918685,13.169647738964835,13.267332246806111,1031377.0,1551971380.96,20200907,14.94,1.1260741588495724,20240614,20240614,1.071428
000001.SZ,1d,2020-09-08,13.320614705628625,13.702472327189978,13.320614705628625,13.702472327189978,1407602.0,2154220778.29,20200908,15.43,1.1260741588495724,20240614,20240614,1.071428
000001.SZ,1d,2020-09-09,13.551505360526189,13.81791765463876,13.436060033077407,13.507103311507427,1013572.0,1554005575.35,20200909,15.21,1.1260741588495724,20240614,20240614,1.071428
000001.SZ,1d,2020-09-10,13.604787819348703,13.746874376208742,13.498222901703675,13.622548638956209,957092.0,1469402768.28,20200910,15.340000000000002,1.1260741588495724,20240614,20240614,1.071428
000001.SZ,1d,2020-09-11,13.48046208209617,13.587026999741198,13.160767329161082,13.329495115432378,954236.0,1431844020.44,20200911,15.01,1.1260741588495724,20240614,20240614,1.071428
000001.SZ,1d,2020-09-14,13.329495115432378,13.587026999741198,13.249571427198607,13.587026999741198,680251.0,1027508108.5500001,20200914,15.3,1.1260741588495724,20240614,20240614,1.071428
000001.SZ,1d,2020-09-15,13.498222901703675,13.746874376208742,13.453820852684911,13.63142904875996,657133.0,1007999044.1099999,20200915,15.35,1.1260741588495724,20240614,20240614,1.071428
000001.SZ,1d,2020-09-16,13.604787819348703,13.800156835031258,13.507103311507427,13.711352736993733,722415.0,1114667832.1100001,20200916,15.440000000000001,1.1260741588495724,20240614,20240614,1.071428
000001.SZ,1d,2020-09-17,13.800156835031258,13.9600042114988,13.675831097778723,13.826798064442514,988216.0,1543414501.54,20200917,15.57,1.1260741588495724,20240614,20240614,1.071428
000001.SZ,1d,2020-09-18,13.871200113461274,14.288579374237639,13.782396015423751,14.270818554630134,1373193.0,2186759087.8100004,20200918,16.07,1.1260741588495724,20240614,20240614,1.071428
000001.SZ,1d,2020-09-21,14.208655686003867,14.25305773502263,13.951123801695047,14.084329948751334,896162.0,1418370973.91,20200921,15.860000000000001,1.1260741588495724,20240614,20240614,1.071428
000001.SZ,1d,2020-09-22,13.915602162480038,14.06656912914383,13.666950687974971,13.826798064442514,867756.0,1354536272.84,20200922,15.57,1.1260741588495724,20240614,20240614,1.071428
000001.SZ,1d,2020-09-23,13.844558884050018,14.057688719340076,13.773515605619998,13.880080523265027,599200.0,939763265.95,20200923,15.629999999999999,1.1260741588495724,20240614,20240614,1.071428
000001.SZ,1d,2020-09-24,13.84455888405002,13.862319703657525,13.427179623273656,13.427179623273656,1061011.0,1623376200.8100002,20200924,15.120000000000001,1.1260741588495724,20240614,20240614,1.071428
000001.SZ,1d,2020-09-25,13.498222901703674,13.59590740954495,13.418299213469902,13.48934249189992,614087.0,933035044.4699999,20200925,15.19,1.1260741588495724,20240614,20240614,1.071428
000001.SZ,1d,2020-09-28,13.489342491899922,13.649189868367467,13.30285388602112,13.595907409544951,612711.0,932800766.0300001,20200928,15.31,1.1260741588495724,20240614,20240614,1.071428
000001.SZ,1d,2020-09-29,13.666950687974971,13.684711507582476,13.107484870338567,13.143006509553576,1182374.0,1766848544.72,20200929,14.799999999999999,1.1260741588495724,20240614,20240614,1.071428
000001.SZ,1d,2020-09-30,13.143006509553578,13.560385770329942,13.143006509553578,13.471581672292416,1217065.0,1838547595.4599998,20200930,15.17,1.1260741588495724,20240614,20240614,1.071428
000001.SZ,1d,2020-10-09,13.587026999741198,13.80903724483501,13.436060033077407,13.480462082096171,900426.0,1376995906.6,20201009,15.180000000000001,1.1260741588495724,20240614,20240614,1.071428
000001.SZ,1d,2020-10-12,13.51598372131118,14.25305773502263,13.507103311507427,14.119851587966343,1591347.0,2509002885.3100004,20201012,15.9,1.1260741588495724,20240614,20240614,1.071428
000001.SZ,1d,2020-10-13,14.119851587966343,14.306340193845143,14.00440626051756,14.261938144826381,908819.0,1453986337.96,20201013,16.06,1.1260741588495724,20240614,20240614,1.071428
000001.SZ,1d,2020-10-14,14.244177325218876,14.315220603648898,14.03104748992882,14.235296915415125,662562.0,1057937816.08,20201014,16.03,1.1260741588495724,20240614,20240614,1.071428
000001.SZ,1d,2020-10-15,14.386263882078914,15.025653387949088,14.341861833060152,14.705958635014001,1600062.0,2654379585.66,20201015,16.56,1.1260741588495724,20240614,20240614,1.071428
000001.SZ,1d,2020-10-16,14.705958635014001,15.425271829117946,14.688197815406497,15.18550076441663,2095614.0,3589229558.5699997,20201016,17.099999999999998,1.1260741588495724,20240614,20240614,1.071428
000001.SZ,1d,2020-10-19,15.363108960491681,16.073541744791875,15.363108960491681,15.522956336959226,2016106.0,3571336006.25,20201019,17.48,1.1260741588495724,20240614,20240614,1.071428
000001.SZ,1d,2020-10-20,15.522956336959226,15.629521254604255,15.318706911472919,15.57623879578174,960072.0,1673173355.6499999,20201020,17.54,1.1260741588495724,20240614,20240614,1.071428
000001.SZ,1d,2020-10-21,15.665042893819264,15.984737646754354,15.38975018990294,15.90481395852058,1244560.0,2204040364.8,20201021,17.91,1.1260741588495724,20240614,20240614,1.071428
000001.SZ,1d,2020-10-22,15.931455187931837,16.428758136941973,15.363108960491681,15.593999615389246,1890519.0,3342069010.79,20201022,17.560000000000002,1.1260741588495724,20240614,20240614,1.071428
000001.SZ,1d,2020-10-23,15.567358385977988,16.67740961144704,15.567358385977988,16.100182974203136,1698502.0,3105623948.39,20201023,18.130000000000003,1.1260741588495724,20240614,20240614,1.071428
000001.SZ,1d,2020-10-26,16.1623458428294,16.24226953106317,15.496315107547968,15.718325352641777,1175599.0,2085800598.85,20201026,17.7,1.1260741588495724,20240614,20240614,1.071428
000001.SZ,1d,2020-10-27,15.98473764675435,15.98473764675435,15.54071715656673,15.771607811464294,1034865.0,1839243224.79,20201027,17.76,1.1260741588495724,20240614,20240614,1.071428
000001.SZ,1d,2020-10-28,15.77160781146429,15.895933548716826,15.354228550687928,15.65616248401551,1205824.0,2125604541.75,20201028,17.63,1.1260741588495724,20240614,20240614,1.071428
000001.SZ,1d,2020-10-29,15.576238795781743,15.922574778128084,15.407511009510445,15.780488221268048,846604.0,1498040947.7,20201029,17.770000000000003,1.1260741588495724,20240614,20240614,1.071428
000001.SZ,1d,2020-10-30,15.75384699185679,16.30443239968944,15.629521254604255,15.76272740166054,1007804.0,1813064343.1200001,20201030,17.75,1.1260741588495724,20240614,20240614,1.071428
000001.SZ,1d,2020-11-02,15.673923303623019,16.029139695773114,15.38975018990294,15.656162484015514,968453.0,1702741437.95,20201102,17.630000000000003,1.1260741588495724,20240614,20240614,1.071428
000001.SZ,1d,2020-11-03,15.727205762445532,16.286671580081933,15.718325352641777,15.949216007539341,957869.0,1727488481.5,20201103,17.96,1.1260741588495724,20240614,20240614,1.071428
000001.SZ,1d,2020-11-04,16.295551989885688,16.410997317334466,15.949216007539341,16.26891076047443,1247636.0,2275824963.43,20201104,18.32,1.1260741588495724,20240614,20240614,1.071428
000001.SZ,1d,2020-11-05,16.313312809493187,16.428758136941973,15.57623879578174,15.718325352641777,1429469.0,2558562453.1800003,20201105,17.7,1.1260741588495724,20240614,20240614,1.071428
000001.SZ,1d,2020-11-06,15.727205762445529,15.76272740166054,15.292065682061661,15.665042893819264,848782.0,1486492208.3700001,20201106,17.64,1.1260741588495724,20240614,20240614,1.071428
000001.SZ,1d,2020-11-09,15.69168412323052,15.98473764675435,15.57623879578174,15.842651089894312,951424.0,1688807401.7,20201109,17.84,1.1260741588495724,20240614,20240614,1.071428
000001.SZ,1d,2020-11-10,15.98473764675435,16.428758136941973,15.922574778128084,16.082422154595626,1021063.0,1854142808.8500001,20201110,18.11,1.1260741588495724,20240614,20240614,1.071428
000001.SZ,1d,2020-11-11,16.162345842829403,16.251149940866924,15.629521254604255,15.816009860483057,940130.0,1677811478.7400002,20201111,17.810000000000002,1.1260741588495724,20240614,20240614,1.071428
000001.SZ,1d,2020-11-12,15.816009860483053,15.931455187931833,15.496315107547968,15.682803713426768,677258.0,1197284181.1100001,20201112,17.66,1.1260741588495724,20240614,20240614,1.071428
000001.SZ,1d,2020-11-13,15.469673878136712,15.514075927155474,14.821403962462785,15.256544042846652,1289189.0,2191492021.21,20201113,17.18,1.1260741588495724,20240614,20240614,1.071428
000001.SZ,1d,2020-11-16,15.167739944809126,15.478554287940463,15.007892568341584,15.425271829117946,759857.0,1308190459.6,20201116,17.369999999999997,1.1260741588495724,20240614,20240614,1.071428
000001.SZ,1d,2020-11-17,15.4341522389217,15.922574778128084,15.318706911472919,15.833770680090558,852931.0,1509511577.97,20201117,17.83,1.1260741588495724,20240614,20240614,1.071428
000001.SZ,1d,2020-11-18,15.789368631071799,16.428758136941973,15.76272740166054,16.393236497726964,1373401.0,2508632642.49,20201118,18.46,1.1260741588495724,20240614,20240614,1.071428
000001.SZ,1d,2020-11-19,16.508681825175742,16.85501780752209,16.251149940866924,16.739572480073306,1211741.0,2270476474.58,20201119,18.85,1.1260741588495724,20240614,20240614,1.071428
000001.SZ,1d,2020-11-20,16.7218116604658,16.86389821732584,16.446518956549475,16.748452889877058,673919.0,1265262915.5900002,20201120,18.86,1.1260741588495724,20240614,20240614,1.071428
000001.SZ,1d,2020-11-23,16.739572480073306,17.423364034962244,16.695170431054546,17.423364034962244,1165858.0,2252290578.43,20201123,19.62,1.1260741588495724,20240614,20240614,1.071428
000001.SZ,1d,2020-11-24,17.423364034962244,17.47664649378476,17.023745593793386,17.192473380064683,678543.0,1313496136.53,20201124,19.360000000000003,1.1260741588495724,20240614,20240614,1.071428
000001.SZ,1d,2020-11-25,17.29903829770971,17.494407313392262,16.917180676148355,16.92606108595211,552585.0,1068352014.21,20201125,19.060000000000002,1.1260741588495724,20240614,20240614,1.071428
000001.SZ,1d,2020-11-26,16.917180676148355,17.41448362515849,16.899419856540852,17.316799117317213,639658.0,1240074378.13,20201126,19.5,1.1260741588495724,20240614,20240614,1.071428
000001.SZ,1d,2020-11-27,17.760819607504835,17.760819607504835,17.210234199672183,17.494407313392262,753774.0,1479430635.59,20201127,19.7,1.1260741588495724,20240614,20240614,1.071428
000001.SZ,1d,2020-11-30,17.672015509467307,18.542295670235045,17.396722805550986,17.52992895260727,1581441.0,3213680470.07,20201130,19.74,1.1260741588495724,20240614,20240614,1.071428
000001.SZ,1d,2020-12-01,17.494407313392266,18.21372050749621,17.227995019279692,17.805221656523596,1263720.0,2516010782.4900002,20201201,20.05,1.1260741588495724,20240614,20240614,1.071428
000001.SZ,1d,2020-12-02,17.69865673887857,17.814102066327347,17.334559936924716,17.432244444765995,889385.0,1758639187.8400002,20201202,19.63,1.1260741588495724,20240614,20240614,1.071428
000001.SZ,1d,2020-12-03,17.56545059182228,17.636493870252302,17.023745593793386,17.352320756532226,714452.0,1393085020.58,20201203,19.540000000000003,1.1260741588495724,20240614,20240614,1.071428
000001.SZ,1d,2020-12-04,17.290157887905956,17.290157887905956,16.846137397718334,17.13919092124216,891348.0,1707639065.1,20201204,19.299999999999997,1.1260741588495724,20240614,20240614,1.071428
000001.SZ,1d,2020-12-07,17.148071331045916,17.219114609475938,16.588605513409515,16.79285493889582,873807.0,1655173465.4,20201207,18.91,1.1260741588495724,20240614,20240614,1.071428
000001.SZ,1d,2020-12-08,16.801735348699573,16.899419856540852,16.45539936635323,16.615246742820773,719648.0,1345951734.38,20201208,18.71,1.1260741588495724,20240614,20240614,1.071428
000001.SZ,1d,2020-12-09,16.68629002125079,16.917180676148355,16.588605513409515,16.615246742820773,677221.0,1277484440.94,20201209,18.71,1.1260741588495724,20240614,20240614,1.071428
000001.SZ,1d,2020-12-10,16.63300756242828,16.766213709484564,16.38435608792321,16.561964283998257,607867.0,1130916254.15,20201210,18.65,1.1260741588495724,20240614,20240614,1.071428
000001.SZ,1d,2020-12-11,16.61524674282077,16.695170431054542,16.180106662436902,16.446518956549475,887794.0,1642392314.27,20201211,18.52,1.1260741588495724,20240614,20240614,1.071428
000001.SZ,1d,2020-12-14,16.517562234979497,16.926061085952107,16.428758136941973,16.766213709484564,835992.0,1575396008.32,20201214,18.88,1.1260741588495724,20240614,20240614,1.071428
000001.SZ,1d,2020-12-15,16.695170431054546,16.739572480073306,16.11794379381064,16.64188797223203,788858.0,1458268620.75,20201215,18.740000000000002,1.1260741588495724,20240614,20240614,1.071428
000001.SZ,1d,2020-12-16,16.695170431054546,16.96158272516712,16.499801415371994,16.881659036933346,689070.0,1302133815.28,20201216,19.01,1.1260741588495724,20240614,20240614,1.071428
000001.SZ,1d,2020-12-17,16.79285493889582,16.934941495755858,16.517562234979497,16.828376578110834,686141.0,1294658299.27,20201217,18.950000000000003,1.1260741588495724,20240614,20240614,1.071428
000001.SZ,1d,2020-12-18,16.87277862712959,16.96158272516712,16.188987072240657,16.304432399689436,1058756.0,1959764074.98,20201218,18.36,1.1260741588495724,20240614,20240614,1.071428
000001.SZ,1d,2020-12-21,16.251149940866924,16.553083874194506,16.011378876165608,16.23338912125942,906878.0,1662649810.0500002,20201221,18.28,1.1260741588495724,20240614,20240614,1.071428
000001.SZ,1d,2020-12-22,16.304432399689436,16.561964283998257,15.878172729109322,15.895933548716826,1028738.0,1873638734.0600002,20201222,17.9,1.1260741588495724,20240614,20240614,1.071428
000001.SZ,1d,2020-12-23,15.949216007539341,16.046900515380617,15.798249040875548,15.98473764675435,750083.0,1345650736.09,20201223,18.0,1.1260741588495724,20240614,20240614,1.071428
000001.SZ,1d,2020-12-24,16.11794379381064,16.41987772713822,16.029139695773114,16.215628301651915,632950.0,1155767283.67,20201224,18.26,1.1260741588495724,20240614,20240614,1.071428
000001.SZ,1d,2020-12-25,16.215628301651915,16.215628301651915,15.807129450679303,16.02025928596936,577077.0,1038128197.3900001,20201225,18.04,1.1260741588495724,20240614,20240614,1.071428
000001.SZ,1d,2020-12-28,16.002498466361857,16.748452889877058,15.949216007539341,16.739572480073306,1270337.0,2352947321.9700003,20201228,18.85,1.1260741588495724,20240614,20240614,1.071428
000001.SZ,1d,2020-12-29,16.757333299680813,17.139190921242164,16.606366333017018,17.023745593793382,963092.0,1837947238.25,20201229,19.169999999999998,1.1260741588495724,20240614,20240614,1.071428
000001.SZ,1d,2020-12-30,16.87277862712959,17.05038682320464,16.624127152624524,17.05038682320464,978498.0,1854082812.28,20201230,19.2,1.1260741588495724,20240614,20240614,1.071428
000001.SZ,1d,2020-12-31,17.059267233008395,17.38784239574723,16.890539446737098,17.174712560457174,924503.0,1781736285.58,20201231,19.34,1.1260741588495724,20240614,20240614,1.071428
000001.SZ,1d,2021-01-04,16.96158272516712,16.96158272516712,16.375475678119457,16.517562234979497,1554216.0,2891682312.0499997,20210104,18.6,1.1260741588495724,20240614,20240614,1.071428
000001.SZ,1d,2021-01-05,16.339954038904448,16.410997317334466,15.807129450679303,16.13570461341814,1821352.0,3284606913.9100003,20210105,18.17,1.1260741588495724,20240614,20240614,1.071428
000001.SZ,1d,2021-01-06,16.05578092518437,17.370081576139725,15.98473764675435,17.370081576139725,1934945.0,3648521909.1000004,20210106,19.56,1.1260741588495724,20240614,20240614,1.071428
000001.SZ,1d,2021-01-07,17.334559936924716,17.74305878789733,17.077028052615898,17.67201550946731,1584185.0,3111274625.37,20210107,19.900000000000002,1.1260741588495724,20240614,20240614,1.071428
000001.SZ,1d,2021-01-08,17.672015509467307,17.849623705542356,17.148071331045916,17.627613460448547,1195473.0,2348316363.18,20210108,19.849999999999998,1.1260741588495724,20240614,20240614,1.071428
000001.SZ,1d,2021-01-11,17.760819607504835,18.32916583494499,17.760819607504835,18.098275180047427,1790457.0,3652546646.82,20210111,20.38,1.1260741588495724,20240614,20240614,1.071428
000001.SZ,1d,2021-01-12,18.10715558985118,18.648860587880076,17.920666983972378,18.648860587880076,1288166.0,2657687440.67,20210112,21.0,1.1260741588495724,20240614,20240614,1.071428
000001.SZ,1d,2021-01-13,18.64886058788008,18.65774099768383,18.116035999654933,18.382448293767506,1049120.0,2161849708.0400004,20210113,20.700000000000003,1.1260741588495724,20240614,20240614,1.071428
000001.SZ,1d,2021-01-14,18.364687474159997,18.5511760800388,17.71641755848607,17.911786574168623,1130156.0,2306404546.81,20210114,20.169999999999998,1.1260741588495724,20240614,20240614,1.071428
000001.SZ,1d,2021-01-15,18.648860587880076,19.492499519236556,18.489013211412534,18.648860587880076,2480689.0,5311218074.76,20210115,21.0,1.1260741588495724,20240614,20240614,1.071428
000001.SZ,1d,2021-01-18,18.826468783955125,20.229573532948006,18.826468783955125,20.158530254517988,2157302.0,4792909447.95,20210118,22.7,1.1260741588495724,20240614,20240614,1.071428
000001.SZ,1d,2021-01-19,19.989802468246694,20.28285599177052,19.58130361727408,19.8388355015829,1242088.0,2790056611.29,20210119,22.34,1.1260741588495724,20240614,20240614,1.071428
000001.SZ,1d,2021-01-20,19.670107715311605,20.398301319219303,19.643466485900348,19.954280829031685,1280793.0,2889249850.4500003,20210120,22.470000000000002,1.1260741588495724,20240614,20240614,1.071428
000001.SZ,1d,2021-01-21,19.980922058442943,20.247334352555512,19.670107715311605,19.741150993741623,944779.0,2114252731.64,20210121,22.23,1.1260741588495724,20240614,20240614,1.071428
000001.SZ,1d,2021-01-22,19.741150993741623,19.741150993741623,19.10176148787145,19.563542797666575,924434.0,2025834761.5400002,20210122,22.03,1.1260741588495724,20240614,20240614,1.071428
000001.SZ,1d,2021-01-25,19.28825009375025,20.069726156480463,19.030718209441428,19.972041648639184,1028365.0,2269032820.67,20210125,22.49,1.1260741588495724,20240614,20240614,1.071428
000001.SZ,1d,2021-01-26,19.80331386236789,20.709115662350637,19.80331386236789,19.865476730994157,1126721.0,2558575511.9700003,20210126,22.37,1.1260741588495724,20240614,20240614,1.071428
000001.SZ,1d,2021-01-27,19.81219427217164,20.842321809406922,19.81219427217164,20.495985827060576,1294153.0,2976800955.73,20210127,23.08,1.1260741588495724,20240614,20240614,1.071428
000001.SZ,1d,2021-01-28,20.229573532948002,20.584789925098104,19.936520009424175,20.256214762359264,857477.0,1948881146.95,20210128,22.81,1.1260741588495724,20240614,20240614,1.071428
000001.SZ,1d,2021-01-29,20.256214762359264,20.90448467803319,20.16741066432174,20.50486623686433,1240258.0,2864101419.33,20210129,23.09,1.1260741588495724,20240614,20240614,1.071428
000001.SZ,1d,2021-02-01,20.424942548630558,22.192144099577288,20.158530254517988,21.801406068212184,1475239.0,3529556986.77,20210201,24.55,1.1260741588495724,20240614,20240614,1.071428
000001.SZ,1d,2021-02-02,20.76239812117315,21.401787627043326,20.345018860396788,20.673594023135628,2416169.0,5679179941.74,20210202,23.28,1.1260741588495724,20240614,20240614,1.071428
000001.SZ,1d,2021-02-03,20.851202219210677,22.360871885848585,20.76239812117315,22.15662246036228,1923272.0,4690176486.28,20210203,24.95,1.1260741588495724,20240614,20240614,1.071428
000001.SZ,1d,2021-02-04,21.472830905473344,22.4141543446711,21.34850516822081,21.845808117230945,1255248.0,3084553750.95,20210204,24.599999999999998,1.1260741588495724,20240614,20240614,1.071428
000001.SZ,1d,2021-02-05,21.845808117230945,22.476317213297367,21.552754593707117,22.138861640754776,1015576.0,2517804159.63,20210205,24.93,1.1260741588495724,20240614,20240614,1.071428
000001.SZ,1d,2021-02-08,22.11222041134352,22.11222041134352,21.401787627043326,22.023416313305994,1084265.0,2650948251.3799996,20210208,24.8,1.1260741588495724,20240614,20240614,1.071428
000001.SZ,1d,2021-02-09,22.014535903502246,22.058937952521006,21.463950495669593,21.828047297623442,942094.0,2302978158.4,20210209,24.580000000000002,1.1260741588495724,20240614,20240614,1.071428
000001.SZ,1d,2021-02-10,21.845808117230945,22.165502870166033,20.76239812117315,21.15313615253826,1918867.0,4569741959.900001,20210210,23.82,1.1260741588495724,20240614,20240614,1.071428
000001.SZ,1d,2021-02-18,21.312983529005802,21.801406068212184,20.851202219210677,21.579395823118375,1505231.0,3619387651.7099996,20210218,24.3,1.1260741588495724,20240614,20240614,1.071428
000001.SZ,1d,2021-02-19,21.277461889790793,21.4817113152771,20.931125907444446,21.179777381949517,922583.0,2197558286.91,20210219,23.85,1.1260741588495724,20240614,20240614,1.071428
000001.SZ,1d,2021-02-22,21.135375332930753,21.135375332930753,19.76779222315288,19.874357140797912,1956842.0,4445818547.6,20210222,22.380000000000003,1.1260741588495724,20240614,20240614,1.071428
000001.SZ,1d,2021-02-23,19.87435714079791,20.14076943491048,19.377054191787774,19.47473869962905,1870460.0,4160776611.3100004,20210223,21.93,1.1260741588495724,20240614,20240614,1.071428
000001.SZ,1d,2021-02-24,19.776672632956632,19.785553042760384,19.14616353689021,19.678988125115357,1428500.0,3144209051.81,20210224,22.16,1.1260741588495724,20240614,20240614,1.071428
000001.SZ,1d,2021-02-25,19.892117960405415,20.03420451726545,19.25272845453524,19.61682525648909,1593403.0,3524600794.46,20210225,22.09,1.1260741588495724,20240614,20240614,1.071428
000001.SZ,1d,2021-02-26,19.181685176105223,19.501379929040308,18.835349193758876,18.98631616042267,1124977.0,2424653753.46,20210226,21.380000000000003,1.1260741588495724,20240614,20240614,1.071428
000001.SZ,1d,2021-03-01,19.128402717282707,19.25272845453524,18.80870796434762,19.048479029048934,1125387.0,2408050906.4,20210301,21.45,1.1260741588495724,20240614,20240614,1.071428
000001.SZ,1d,2021-03-02,19.199445995712725,19.670107715311605,18.87975124277764,19.226087225123983,1473425.0,3196536981.14,20210302,21.650000000000002,1.1260741588495724,20240614,20240614,1.071428
000001.SZ,1d,2021-03-03,19.163924356497716,20.49598582706058,19.05735943885269,20.433822958434313,1919635.0,4320024431.320001,20210303,23.01,1.1260741588495724,20240614,20240614,1.071428
000001.SZ,1d,2021-03-04,20.220693123144258,20.86008262901443,20.114128205499227,20.353899270200543,1213579.0,2799747146.4100003,20210304,22.92,1.1260741588495724,20240614,20240614,1.071428
000001.SZ,1d,2021-03-05,20.158530254517988,20.407181729023055,19.412575831002783,19.8388355015829,880171.0,1960439115.0400002,20210305,22.34,1.1260741588495724,20240614,20240614,1.071428
000001.SZ,1d,2021-03-08,19.927639599620424,20.149649844714236,19.075120258460192,19.181685176105223,993774.0,2189190957.56,20210308,21.6,1.1260741588495724,20240614,20240614,1.071428
000001.SZ,1d,2021-03-09,19.252728454535244,19.4658582898253,18.275883376122476,18.51565444082379,1361895.0,2882931927.56,20210309,20.85,1.1260741588495724,20240614,20240614,1.071428
000001.SZ,1d,2021-03-10,18.506774031020036,18.568936899646303,18.009471082009902,18.116035999654933,1149417.0,2356185003.94,20210310,20.400000000000002,1.1260741588495724,20240614,20240614,1.071428
000001.SZ,1d,2021-03-11,18.275883376122472,18.986316160422668,18.25812255651497,18.88863165258139,1048659.0,2213107787.13,20210311,21.27,1.1260741588495724,20240614,20240614,1.071428
000001.SZ,1d,2021-03-12,18.977435750618916,19.270489274142744,18.826468783955125,19.075120258460192,697201.0,1494219075.5,20210312,21.48,1.1260741588495724,20240614,20240614,1.071428
000001.SZ,1d,2021-03-15,19.00407698003017,19.643466485900348,18.746545095721352,19.18168517610522,958749.0,2077984893.9499998,20210315,21.599999999999998,1.1260741588495724,20240614,20240614,1.071428
000001.SZ,1d,2021-03-16,19.18168517610522,19.634586076096593,18.88863165258139,19.234967634927735,939684.0,2038470660.5300002,20210316,21.66,1.1260741588495724,20240614,20240614,1.071428
000001.SZ,1d,2021-03-17,19.048479029048938,19.13728312708646,18.560056489842555,18.826468783955125,821489.0,1738185857.1,20210317,21.200000000000003,1.1260741588495724,20240614,20240614,1.071428
000001.SZ,1d,2021-03-18,18.91527288199265,19.297130503554,18.648860587880076,19.297130503554,691610.0,1483801548.9800003,20210318,21.73,1.1260741588495724,20240614,20240614,1.071428
000001.SZ,1d,2021-03-19,19.119522307478956,19.226087225123983,18.089394770243675,18.1781988682812,1525622.0,3159181042.9600005,20210319,20.470000000000002,1.1260741588495724,20240614,20240614,1.071428
000001.SZ,1d,2021-03-22,18.249242146711218,19.13728312708646,18.23148132710371,19.13728312708646,1451190.0,3087549484.44,20210322,21.55,1.1260741588495724,20240614,20240614,1.071428
000001.SZ,1d,2021-03-23,19.155043946693965,19.226087225123983,18.613338948665067,18.853110013366383,682903.0,1448043613.41,20210323,21.23,1.1260741588495724,20240614,20240614,1.071428
000001.SZ,1d,2021-03-24,18.835349193758876,18.897512062385143,18.160438048673694,18.23148132710371,850085.0,1757688572.4800003,20210324,20.529999999999998,1.1260741588495724,20240614,20240614,1.071428
000001.SZ,1d,2021-03-25,18.275883376122476,18.497893621216285,18.116035999654933,18.426850342786267,492666.0,1017166048.68,20210325,20.750000000000004,1.1260741588495724,20240614,20240614,1.071428
000001.SZ,1d,2021-03-26,18.506774031020036,19.004076980030174,18.43573075259002,18.77318632513261,822108.0,1733412579.12,20210326,21.14,1.1260741588495724,20240614,20240614,1.071428
000001.SZ,1d,2021-03-29,18.897512062385143,19.226087225123983,18.826468783955125,19.084000668263943,785667.0,1684397866.28,20210329,21.49,1.1260741588495724,20240614,20240614,1.071428
000001.SZ,1d,2021-03-30,18.98631616042267,19.47473869962905,18.835349193758876,19.47473869962905,738655.0,1601238499.0600002,20210330,21.93,1.1260741588495724,20240614,20240614,1.071428
000001.SZ,1d,2021-03-31,19.332652142769014,19.599064436881584,19.181685176105223,19.545781978059072,777028.0,1699922183.9799998,20210331,22.01,1.1260741588495724,20240614,20240614,1.071428
000001.SZ,1d,2021-04-01,19.607944846685335,19.634586076096593,19.0928810780677,19.341532552572765,544449.0,1183868023.6599998,20210401,21.78,1.1260741588495724,20240614,20240614,1.071428
000001.SZ,1d,2021-04-02,19.270489274142744,19.297130503554,18.96855534081516,19.0928810780677,581084.0,1249405387.16,20210402,21.5,1.1260741588495724,20240614,20240614,1.071428
000001.SZ,1d,2021-04-06,19.13728312708646,19.61682525648909,19.10176148787145,19.252728454535244,401103.0,873387016.62,20210406,21.680000000000003,1.1260741588495724,20240614,20240614,1.071428
000001.SZ,1d,2021-04-07,19.430336650610286,19.47473869962905,18.9241532917964,19.21720681532023,517605.0,1116774452.27,20210407,21.639999999999997,1.1260741588495724,20240614,20240614,1.071428
000001.SZ,1d,2021-04-08,19.05735943885269,19.297130503554,18.941914111403907,19.146163536890214,383030.0,825170840.99,20210408,21.560000000000002,1.1260741588495724,20240614,20240614,1.071428
000001.SZ,1d,2021-04-09,19.2793696839465,19.288250093750253,18.719903866310098,18.91527288199265,398960.0,849870878.04,20210409,21.3,1.1260741588495724,20240614,20240614,1.071428
000001.SZ,1d,2021-04-12,19.101761487871446,19.101761487871446,18.320285425141236,18.382448293767503,594743.0,1240067319.93,20210412,20.7,1.1260741588495724,20240614,20240614,1.071428
000001.SZ,1d,2021-04-13,18.400209113375006,18.542295670235045,18.284763785926227,18.453491572197525,499904.0,1036992692.52,20210413,20.78,1.1260741588495724,20240614,20240614,1.071428
000001.SZ,1d,2021-04-14,18.462371982001276,18.59557812905756,18.133796819262436,18.35580706435625,537438.0,1113001541.55,20210414,20.67,1.1260741588495724,20240614,20240614,1.071428
000001.SZ,1d,2021-04-15,18.43573075259002,18.444611162393773,17.831862885934854,18.080514360439924,735865.0,1494016040.7500002,20210415,20.360000000000003,1.1260741588495724,20240614,20240614,1.071428
000001.SZ,1d,2021-04-16,18.08051436043992,18.142677229066187,17.592091821233538,17.991710262402396,729998.0,1466509057.44,20210416,20.259999999999998,1.1260741588495724,20240614,20240614,1.071428
000001.SZ,1d,2021-04-19,17.787460836916093,18.861990423170134,17.680895919271062,18.78206673493636,1112283.0,2304021478.31,20210419,21.15,1.1260741588495724,20240614,20240614,1.071428
000001.SZ,1d,2021-04-20,18.719903866310098,19.492499519236556,18.577817309450058,19.261608864338992,834773.0,1798249024.3,20210420,21.69,1.1260741588495724,20240614,20240614,1.071428
000001.SZ,1d,2021-04-21,19.80331386236789,20.59367033490185,19.794433452564135,20.43382295843431,1597100.0,3644577541.25,20210421,23.009999999999998,1.1260741588495724,20240614,20240614,1.071428
000001.SZ,1d,2021-04-22,20.593670334901855,20.629191974116864,20.229573532948006,20.407181729023055,829694.0,1905208911.5900002,20210422,22.98,1.1260741588495724,20240614,20240614,1.071428
000001.SZ,1d,2021-04-23,20.709115662350637,21.002169185874465,20.487105417256828,20.68247443293938,823230.0,1920413502.35,20210423,23.29,1.1260741588495724,20240614,20240614,1.071428
000001.SZ,1d,2021-04-26,21.19753820155702,21.51723295449211,20.336138450593037,20.371660089808046,872418.0,2037109597.0100002,20210426,22.94,1.1260741588495724,20240614,20240614,1.071428
000001.SZ,1d,2021-04-27,20.380540499611797,20.59367033490185,20.300616811378024,20.371660089808042,470431.0,1083043579.27,20210427,22.939999999999998,1.1260741588495724,20240614,20240614,1.071428
000001.SZ,1d,2021-04-28,20.682474432939383,20.82456098979942,20.229573532948006,20.735756891761895,593838.0,1375141409.72,20210428,23.35,1.1260741588495724,20240614,20240614,1.071428
000001.SZ,1d,2021-04-29,20.72687648195814,21.05545164469698,20.522627056471837,20.948886727051953,614837.0,1439823965.34,20210429,23.59,1.1260741588495724,20240614,20240614,1.071428
000001.SZ,1d,2021-04-30,20.735756891761895,20.86008262901443,20.433822958434313,20.682474432939383,561981.0,1308177202.7800002,20210430,23.290000000000003,1.1260741588495724,20240614,20240614,1.071428
000001.SZ,1d,2021-05-06,20.513746646668086,21.046571234893232,20.513746646668086,20.86896303881818,500295.0,1174181608.06,20210506,23.5,1.1260741588495724,20240614,20240614,1.071428
000001.SZ,1d,2021-05-07,21.019930005481974,21.579395823118375,20.771278530976904,21.357385578024562,802214.0,1929112374.46,20210507,24.05,1.1260741588495724,20240614,20240614,1.071428
000001.SZ,1d,2021-05-10,21.312983529005802,21.34850516822081,20.442703368238064,21.18865779175327,661439.0,1566860764.0900002,20210510,23.86,1.1260741588495724,20240614,20240614,1.071428
000001.SZ,1d,2021-05-11,20.975527956463207,21.09097328391199,20.478225007453073,20.895604268229434,497223.0,1161846399.0600002,20210511,23.529999999999998,1.1260741588495724,20240614,20240614,1.071428
000001.SZ,1d,2021-05-12,20.68247443293938,20.993288776070713,20.31837763098553,20.913365087836944,533265.0,1245517716.8700001,20210512,23.55,1.1260741588495724,20240614,20240614,1.071428
000001.SZ,1d,2021-05-13,20.886723858425686,20.948886727051953,20.28285599177052,20.487105417256828,549653.0,1271946298.62,20210513,23.07,1.1260741588495724,20240614,20240614,1.071428
000001.SZ,1d,2021-05-14,20.710847182414994,20.970404039930134,20.227534413248872,20.871951438803702,563785.0,1300250943.6000001,20210514,23.32,1.1172889161022603,20240614,20240614,1.071428
000001.SZ,1d,2021-05-17,20.719797418881033,21.319463262105668,20.540792689560245,21.1225580598528,527565.0,1241605192.3400002,20210517,23.599999999999998,1.1172889161022603,20240614,20240614,1.071428
000001.SZ,1d,2021-05-18,21.346313971503786,21.57902011962081,20.94355333053202,21.391065153833985,395415.0,939786731.9499999,20210518,23.900000000000002,1.1172889161022603,20240614,20240614,1.071428
000001.SZ,1d,2021-05-19,21.319463262105668,21.596920592552884,21.050956168124486,21.1225580598528,429420.0,1022553739.18,20210519,23.599999999999998,1.1172889161022603,20240614,20240614,1.071428
000001.SZ,1d,2021-05-20,20.952503566998054,21.337363735037744,20.827200256473503,21.319463262105668,405788.0,957478853.76,20210520,23.82,1.1172889161022603,20240614,20240614,1.071428
000001.SZ,1d,2021-05-21,21.373164680901905,21.56111964668873,20.612394581288562,21.02410545872637,539336.0,1263058114.62,20210521,23.490000000000002,1.1172889161022603,20240614,20240614,1.071428
000001.SZ,1d,2021-05-24,21.01515522226033,21.122558059852803,20.75559836474519,21.01515522226033,343936.0,806092207.23,20210524,23.48,1.1172889161022603,20240614,20240614,1.071428
000001.SZ,1d,2021-05-25,21.068856641056566,22.133934780515247,20.98830451286221,22.01758170645673,972375.0,2363145902.7,20210525,24.599999999999998,1.1172889161022603,20240614,20240614,1.071428
000001.SZ,1d,2021-05-26,22.05338265232089,22.48299400269078,21.92807934179634,22.38454140156435,919264.0,2286540248.86,20210526,25.01,1.1172889161022603,20240614,20240614,1.071428
000001.SZ,1d,2021-05-27,22.295039036903955,22.518794948554937,21.94597981472842,22.18763619931148,504091.0,1246712048.75,20210527,24.79,1.1172889161022603,20240614,20240614,1.071428
000001.SZ,1d,2021-05-28,22.08918359818505,22.116034307583167,21.623771301951006,21.92807934179634,492401.0,1200523315.7,20210528,24.5,1.1172889161022603,20240614,20240614,1.071428
000001.SZ,1d,2021-05-31,21.775925321873675,21.95493005119446,21.40001539030002,21.65957224781516,515351.0,1244209045.99,20210531,24.2,1.1172889161022603,20240614,20240614,1.071428
000001.SZ,1d,2021-06-01,21.65957224781516,21.704323430145358,21.03305569519241,21.40896562676606,625018.0,1490476624.5600002,20210601,23.92,1.1172889161022603,20240614,20240614,1.071428
000001.SZ,1d,2021-06-02,21.382114917367943,21.408965626766058,20.925652857599935,21.382114917367943,497527.0,1176608126.9900002,20210602,23.89,1.1172889161022603,20240614,20240614,1.071428
000001.SZ,1d,2021-06-03,21.229960897445274,21.605870829018926,21.194159951581117,21.27471207977547,400901.0,958876472.45,20210603,23.77,1.1172889161022603,20240614,20240614,1.071428
000001.SZ,1d,2021-06-04,21.471617282028337,22.33979021923415,21.30156278917359,21.963880287660498,756739.0,1851425837.6100001,20210604,24.54,1.1172889161022603,20240614,20240614,1.071428
000001.SZ,1d,2021-06-07,21.910178868864264,21.910178868864264,21.4179158632321,21.749074612475557,447914.0,1081738832.95,20210607,24.3,1.1172889161022603,20240614,20240614,1.071428
000001.SZ,1d,2021-06-08,21.614821065484964,21.990730997058616,21.435816336164176,21.954930051194456,570078.0,1384120301.27,20210608,24.529999999999998,1.1172889161022603,20240614,20240614,1.071428
000001.SZ,1d,2021-06-09,21.865427686534066,22.268188327505836,21.641671774883083,22.06233288878693,453832.0,1116771375.46,20210609,24.65,1.1172889161022603,20240614,20240614,1.071428
000001.SZ,1d,2021-06-10,22.071283125252975,22.429292583894547,21.614821065484968,21.659572247815163,530215.0,1294972566.6500003,20210610,24.200000000000003,1.1172889161022603,20240614,20240614,1.071428
000001.SZ,1d,2021-06-11,21.758024848941595,21.793825794805752,20.692946709482914,20.916702621133897,834665.0,1965393115.4999998,20210611,23.37,1.1172889161022603,20240614,20240614,1.071428
000001.SZ,1d,2021-06-15,20.89880214820182,20.970404039930134,20.406539142569656,20.78244907414331,660623.0,1524503477.67,20210615,23.220000000000002,1.1172889161022603,20240614,20240614,1.071428
000001.SZ,1d,2021-06-16,20.78244907414331,20.94355333053202,20.594494108356482,20.818250020007465,378208.0,878470834.12,20210616,23.26,1.1172889161022603,20240614,20240614,1.071428
000001.SZ,1d,2021-06-17,20.60344434482252,21.20311018804716,20.60344434482252,20.675046236550834,453282.0,1059121804.3299999,20210617,23.099999999999998,1.1172889161022603,20240614,20240614,1.071428
000001.SZ,1d,2021-06-18,20.701896945948953,20.836150492939545,20.039579447462046,20.272285595579067,694099.0,1574437729.5800002,20210618,22.650000000000002,1.1172889161022603,20240614,20240614,1.071428
000001.SZ,1d,2021-06-21,20.227534413248872,20.290186068511147,19.69947046175255,19.83372400874314,718273.0,1600119859.9500003,20210621,22.16,1.1172889161022603,20240614,20240614,1.071428
000001.SZ,1d,2021-06-22,20.030629210996004,20.666096000084796,19.914276136937495,20.558693162492325,757751.0,1720058046.82,20210622,22.97,1.1172889161022603,20240614,20240614,1.071428
000001.SZ,1d,2021-06-23,20.45129032489985,20.952503566998054,20.334937250841342,20.710847182414994,447908.0,1035835695.88,20210623,23.14,1.1172889161022603,20240614,20240614,1.071428
000001.SZ,1d,2021-06-24,20.612394581288562,20.692946709482914,20.299136304977186,20.657145763618757,390283.0,894502108.5799999,20210624,23.08,1.1172889161022603,20240614,20240614,1.071428
000001.SZ,1d,2021-06-25,20.657145763618757,21.1225580598528,20.639245290686677,20.90775238466786,559973.0,1310287389.9,20210625,23.36,1.1172889161022603,20240614,20240614,1.071428
000001.SZ,1d,2021-06-28,20.90775238466786,20.934603094065977,20.120131575656398,20.38863866963758,626257.0,1425702202.01,20210628,22.78,1.1172889161022603,20240614,20240614,1.071428
000001.SZ,1d,2021-06-29,20.209633940316788,20.397588906103618,19.690520225286512,19.994828265131847,1049749.0,2341926371.42,20210629,22.34,1.1172889161022603,20240614,20240614,1.071428
000001.SZ,1d,2021-06-30,20.012728738063927,20.52289221662817,20.00377850159789,20.24543488618095,403435.0,913285187.0999999,20210630,22.62,1.1172889161022603,20240614,20240614,1.071428
000001.SZ,1d,2021-07-01,20.415489379035694,21.03305569519241,20.155932521520555,20.764548601211228,664833.0,1530548798.57,20210701,23.2,1.1172889161022603,20240614,20240614,1.071428
000001.SZ,1d,2021-07-02,20.334937250841342,20.352837723773423,19.475714550101568,19.520465732431767,1070678.0,2360189793.98,20210702,21.810000000000002,1.1172889161022603,20240614,20240614,1.071428
000001.SZ,1d,2021-07-05,19.413062894839292,19.824773772277098,18.876048706876933,19.744221644082746,859341.0,1859394323.75,20210705,22.06,1.1172889161022603,20240614,20240614,1.071428
000001.SZ,1d,2021-07-06,19.762122117014826,20.585543871890444,19.556266678295923,20.38863866963758,791957.0,1784792785.5700002,20210706,22.78,1.1172889161022603,20240614,20240614,1.071428
000001.SZ,1d,2021-07-07,20.299136304977186,20.63029505422064,20.138032048588478,20.182783230918673,468945.0,1063910095.8299999,20210707,22.55,1.1172889161022603,20240614,20240614,1.071428
000001.SZ,1d,2021-07-08,20.38863866963758,20.38863866963758,18.974501308003365,19.25195863845058,1457059.0,3140657439.76,20210708,21.509999999999998,1.1172889161022603,20240614,20240614,1.071428
000001.SZ,1d,2021-07-09,19.06400367266376,19.359361476043055,18.813397051614658,19.03715296326564,762365.0,1625461607.71,20210709,21.27,1.1172889161022603,20240614,20240614,1.071428
000001.SZ,1d,2021-07-12,19.243008401984543,19.243008401984543,18.697043977556145,18.93870036213921,877901.0,1859059510.48,20210712,21.16,1.1172889161022603,20240614,20240614,1.071428
000001.SZ,1d,2021-07-13,18.929750125673166,19.099804618527916,18.38378570124477,18.902899416275048,657614.0,1382029130.1100001,20210713,21.119999999999997,1.1172889161022603,20240614,20240614,1.071428
000001.SZ,1d,2021-07-14,18.795496578682577,18.795496578682577,18.26743262718626,18.580690903497636,847951.0,1755810875.16,20210714,20.76,1.1172889161022603,20240614,20240614,1.071428
000001.SZ,1d,2021-07-15,18.544889957633476,19.439913604237407,18.464337829439124,19.350411239577014,956003.0,2040266258.5900002,20210715,21.619999999999997,1.1172889161022603,20240614,20240614,1.071428
000001.SZ,1d,2021-07-16,19.16245627379019,19.5294159688978,19.06400367266376,19.099804618527916,573003.0,1230180813.02,20210716,21.34,1.1172889161022603,20240614,20240614,1.071428
000001.SZ,1d,2021-07-19,19.117705091459992,19.180356746722268,18.598591376429713,18.983451544469403,522136.0,1098434741.86,20210719,21.21,1.1172889161022603,20240614,20240614,1.071428
000001.SZ,1d,2021-07-20,18.88499894334297,18.974501308003365,18.321134045982493,18.437487120041002,804034.0,1665315545.53,20210720,20.599999999999998,1.1172889161022603,20240614,20240614,1.071428
000001.SZ,1d,2021-07-21,18.419586647108925,18.616491849361793,18.07947766139943,18.303233573050417,753077.0,1535327561.83,20210721,20.45,1.1172889161022603,20240614,20240614,1.071428
000001.SZ,1d,2021-07-22,18.303233573050417,18.491188538837246,18.11527860726359,18.24058191778814,868648.0,1773999331.02,20210722,20.380000000000003,1.1172889161022603,20240614,20240614,1.071428
000001.SZ,1d,2021-07-23,18.240581917788138,18.240581917788138,17.900472932078646,17.98997529673904,727404.0,1461467511.7900002,20210723,20.1,1.1172889161022603,20240614,20240614,1.071428
000001.SZ,1d,2021-07-26,17.86467198621449,17.891522695612604,16.495285806910474,16.826444556153927,1451304.0,2770236696.2900004,20210726,18.8,1.1172889161022603,20240614,20240614,1.071428
000001.SZ,1d,2021-07-27,16.889096211416202,16.996499049008676,15.75241618022921,15.895619963685839,1357551.0,2461708369.8399997,20210727,17.76,1.1172889161022603,20240614,20240614,1.071428
000001.SZ,1d,2021-07-28,15.976172091880192,16.17307729413306,15.824018071957523,15.886669727219799,1062994.0,1898562591.76,20210728,17.75,1.1172889161022603,20240614,20240614,1.071428
000001.SZ,1d,2021-07-29,16.029873510676428,16.325231314055728,15.913520436617917,16.074624693006626,872378.0,1566107824.4,20210729,17.96,1.1172889161022603,20240614,20240614,1.071428
000001.SZ,1d,2021-07-30,16.03882374714247,16.15517682120098,15.430207667451795,15.832968308423563,950156.0,1679747318.2799997,20210730,17.69,1.1172889161022603,20240614,20240614,1.071428
000001.SZ,1d,2021-08-02,15.788217126093366,16.235728949395334,15.376506248655557,16.119375875336818,1159923.0,2056014242.9099998,20210802,18.009999999999998,1.1172889161022603,20240614,20240614,1.071428
000001.SZ,1d,2021-08-03,16.10147540240474,16.24467918586137,15.806117599025445,16.01197303774435,896949.0,1609422575.43,20210803,17.89,1.1172889161022603,20240614,20240614,1.071428
000001.SZ,1d,2021-08-04,16.14622658473494,16.17307729413306,15.75241618022921,15.940371146016036,729620.0,1300164293.35,20210804,17.810000000000002,1.1172889161022603,20240614,20240614,1.071428
000001.SZ,1d,2021-08-05,15.841918544889603,16.15517682120098,15.734515707297131,15.824018071957527,621574.0,1104903004.6999998,20210805,17.680000000000003,1.1172889161022603,20240614,20240614,1.071428
000001.SZ,1d,2021-08-06,15.707664997899013,16.020923274210386,15.618162633238619,15.98512232834623,567454.0,1005870948.8,20210806,17.86,1.1172889161022603,20240614,20240614,1.071428
000001.SZ,1d,2021-08-09,16.029873510676428,17.229205197125697,15.967221855414152,17.059150704270948,1752798.0,3313803230.96,20210809,19.06,1.1172889161022603,20240614,20240614,1.071428
000001.SZ,1d,2021-08-10,17.08600141366907,17.88257245914657,16.91594692081432,17.658816547495586,1301988.0,2535427989.3100004,20210810,19.730000000000004,1.1172889161022603,20240614,20240614,1.071428
000001.SZ,1d,2021-08-11,17.891522695612604,18.419586647108925,17.631965838097464,17.730418439223897,1048308.0,2104975144.53,20210811,19.81,1.1172889161022603,20240614,20240614,1.071428
000001.SZ,1d,2021-08-12,17.71251796629182,18.168980026059828,17.56931418283519,17.802020330952214,666458.0,1330388046.16,20210812,19.89,1.1172889161022603,20240614,20240614,1.071428
000001.SZ,1d,2021-08-13,17.70356772982578,17.828871040350332,17.45296110877668,17.802020330952214,562885.0,1110191399.0,20210813,19.89,1.1172889161022603,20240614,20240614,1.071428
000001.SZ,1d,2021-08-16,17.981025060273,18.07947766139943,17.515612764038956,17.855721749748447,627050.0,1247681171.0,20210816,19.95,1.1172889161022603,20240614,20240614,1.071428
000001.SZ,1d,2021-08-17,17.766219385088053,18.09737813433151,17.551413709903112,17.605115128699346,476022.0,947385521.39,20210817,19.669999999999998,1.1172889161022603,20240614,20240614,1.071428
000001.SZ,1d,2021-08-18,17.60511512869935,18.974501308003365,17.497712291106875,18.455387592973086,1332732.0,2732213549.09,20210818,20.62,1.1172889161022603,20240614,20240614,1.071428
000001.SZ,1d,2021-08-19,18.330084282448535,18.455387592973086,17.918373405010723,18.204780971923984,649976.0,1315320351.8400002,20210819,20.34,1.1172889161022603,20240614,20240614,1.071428
000001.SZ,1d,2021-08-20,17.873622222680527,17.96312458734092,16.736942191493533,17.381359217048363,1614628.0,3119152554.9300003,20210820,19.419999999999998,1.1172889161022603,20240614,20240614,1.071428
000001.SZ,1d,2021-08-23,17.45296110877668,17.945224114408845,17.103901886601147,17.273956379455893,1191849.0,2315871646.1299996,20210823,19.3,1.1172889161022603,20240614,20240614,1.071428
000001.SZ,1d,2021-08-24,17.31870756178609,17.87362222268053,17.19340425126154,17.32765779825213,868953.0,1690760837.07,20210824,19.36,1.1172889161022603,20240614,20240614,1.071428
000001.SZ,1d,2021-08-25,17.381359217048363,17.42611039937856,16.960698103144516,17.148653068931342,698084.0,1341330418.51,20210825,19.16,1.1172889161022603,20240614,20240614,1.071428
000001.SZ,1d,2021-08-26,17.1844540147955,17.238155433591736,16.477385333978393,16.522136516308592,951619.0,1783725035.2600002,20210826,18.46,1.1172889161022603,20240614,20240614,1.071428
000001.SZ,1d,2021-08-27,16.611638880968982,16.89804644788224,16.387882969318,16.459484861046313,728820.0,1354408976.91,20210827,18.389999999999997,1.1172889161022603,20240614,20240614,1.071428
000001.SZ,1d,2021-08-30,16.29838060465761,16.36998249638592,15.707664997899013,15.859819017821682,1252211.0,2221855858.7,20210830,17.720000000000002,1.1172889161022603,20240614,20240614,1.071428
000001.SZ,1d,2021-08-31,15.85981901782168,16.047773983608504,15.492859322714066,15.931420909549992,1174868.0,2072006842.05,20210831,17.799999999999997,1.1172889161022603,20240614,20240614,1.071428
000001.SZ,1d,2021-09-01,15.645013342636737,16.03882374714247,15.22435222873289,16.003022801278313,2316894.0,4046284162.5199995,20210901,17.880000000000003,1.1172889161022603,20240614,20240614,1.071428
000001.SZ,1d,2021-09-02,16.11042563887078,16.80854408322185,15.931420909549995,16.468435097512355,2422604.0,4454545280.06,20210902,18.400000000000002,1.1172889161022603,20240614,20240614,1.071428
000001.SZ,1d,2021-09-03,16.55793746217275,16.55793746217275,15.841918544889602,16.146226584734936,1394819.0,2523273155.42,20210903,18.04,1.1172889161022603,20240614,20240614,1.071428
000001.SZ,1d,2021-09-06,16.047773983608504,16.647439826833143,15.913520436617917,16.513186279842554,1515226.0,2780281080.51,20210906,18.450000000000003,1.1172889161022603,20240614,20240614,1.071428
000001.SZ,1d,2021-09-07,16.647439826833143,17.506662527572917,16.42368391518216,17.22025496065966,1622344.0,3067365668.7200003,20210907,19.240000000000002,1.1172889161022603,20240614,20240614,1.071428
000001.SZ,1d,2021-09-08,17.22025496065966,17.497712291106875,17.09495165013511,17.211304724193617,1026201.0,1979771479.65,20210908,19.23,1.1172889161022603,20240614,20240614,1.071428
000001.SZ,1d,2021-09-09,17.103901886601147,17.139702832465307,16.826444556153927,17.005449285474715,739506.0,1399536020.5,20210909,19.0,1.1172889161022603,20240614,20240614,1.071428
000001.SZ,1d,2021-09-10,16.906996684348282,18.589641139963675,16.862245502018084,18.410636410642887,2314945.0,4668361827.72,20210910,20.57,1.1172889161022603,20240614,20240614,1.071428
000001.SZ,1d,2021-09-13,18.22268144485606,18.35693499184665,17.730418439223897,18.08842789786547,1297228.0,2606152378.88,20210913,20.209999999999997,1.1172889161022603,20240614,20240614,1.071428
000001.SZ,1d,2021-09-14,18.061577188467353,18.14212931666171,17.247105670057774,17.336608034718168,1158173.0,2272080156.85,20210914,19.37,1.1172889161022603,20240614,20240614,1.071428
000001.SZ,1d,2021-09-15,17.282906615921934,18.78654634221654,17.17550377832946,17.470861581708757,841618.0,1639298361.44,20210915,19.52,1.1172889161022603,20240614,20240614,1.071428
000001.SZ,1d,2021-09-16,17.273956379455893,17.45296110877668,16.76379290089165,17.07705117720303,1176954.0,2234474948.1600003,20210916,19.080000000000002,1.1172889161022603,20240614,20240614,1.071428
000001.SZ,1d,2021-09-17,16.91594692081432,17.005449285474715,16.477385333978393,16.584788171570867,1124880.0,2098715196.6000001,20210917,18.53,1.1172889161022603,20240614,20240614,1.071428
000001.SZ,1d,2021-09-22,15.99407256481227,16.15517682120098,15.591311923840502,16.092525165938703,1473365.0,2616707242.58,20210922,17.98,1.1172889161022603,20240614,20240614,1.071428
000001.SZ,1d,2021-09-23,16.199928003531177,16.396833205784045,15.797167362559406,15.824018071957527,1379838.0,2465683704.6800003,20210923,17.680000000000003,1.1172889161022603,20240614,20240614,1.071428
000001.SZ,1d,2021-09-24,15.75241618022921,15.824018071957523,15.519710032112187,15.528660268578227,1265696.0,2209461934.4100003,20210924,17.35,1.1172889161022603,20240614,20240614,1.071428
000001.SZ,1d,2021-09-27,15.403356958053672,15.824018071957523,15.269103411063083,15.725565470831091,1140668.0,1979196739.27,20210927,17.57,1.1172889161022603,20240614,20240614,1.071428
000001.SZ,1d,2021-09-28,15.636063106170695,16.26257965879345,15.618162633238619,16.08357492947266,1293167.0,2311265535.64,20210928,17.97,1.1172889161022603,20240614,20240614,1.071428
000001.SZ,1d,2021-09-29,15.98512232834623,16.504236043376512,15.850868781355642,16.244679185861372,1230122.0,2225416488.1400003,20210929,18.150000000000002,1.1172889161022603,20240614,20240614,1.071428
000001.SZ,1d,2021-09-30,16.190977767065135,16.289430368191567,15.850868781355642,16.047773983608504,795611.0,1424675916.8600001,20210930,17.93,1.1172889161022603,20240614,20240614,1.071428
000001.SZ,1d,2021-10-08,16.26257965879345,16.906996684348282,16.12832611180286,16.6832407726973,1159201.0,2146983881.5400002,20211008,18.64,1.1172889161022603,20240614,20240614,1.071428
000001.SZ,1d,2021-10-11,17.005449285474715,17.66776678396162,17.005449285474715,17.363458744116286,1455338.0,2829310843.75,20211011,19.4,1.1172889161022603,20240614,20240614,1.071428
000001.SZ,1d,2021-10-12,17.273956379455893,17.640916074563506,17.1844540147955,17.318707561786088,1031232.0,2004823967.61,20211012,19.349999999999998,1.1172889161022603,20240614,20240614,1.071428
000001.SZ,1d,2021-10-13,17.273956379455893,17.81992080388429,17.157603305397384,17.524563000504997,807897.0,1577612469.53,20211013,19.580000000000002,1.1172889161022603,20240614,20240614,1.071428
000001.SZ,1d,2021-10-14,17.533513236971032,17.828871040350332,16.906996684348282,17.19340425126154,842990.0,1623970431.3999999,20211014,19.21,1.1172889161022603,20240614,20240614,1.071428
000001.SZ,1d,2021-10-15,17.005449285474715,17.810970567418252,17.005449285474715,17.596164892233308,993494.0,1948647236.8100002,20211015,19.66,1.1172889161022603,20240614,20240614,1.071428
000001.SZ,1d,2021-10-18,17.408209926446485,17.497712291106875,17.09495165013511,17.265006142989858,729623.0,1408737777.28,20211018,19.290000000000003,1.1172889161022603,20240614,20240614,1.071428
000001.SZ,1d,2021-10-19,17.139702832465307,17.61406536516539,17.139702832465307,17.51561276403896,682415.0,1330501301.75,20211019,19.570000000000004,1.1172889161022603,20240614,20240614,1.071428
000001.SZ,1d,2021-10-20,17.676717020427663,17.70356772982578,17.17550377832946,17.22025496065966,662956.0,1283356219.4900002,20211020,19.240000000000002,1.1172889161022603,20240614,20240614,1.071428
000001.SZ,1d,2021-10-21,17.470861581708757,17.95417435087488,17.229205197125697,17.900472932078646,1621661.0,3198266215.28,20211021,20.0,1.1172889161022603,20240614,20240614,1.071428
000001.SZ,1d,2021-10-22,18.043676715535277,18.428536883574967,17.721468202757862,17.936273877942803,1134964.0,2287284921.47,20211022,20.04,1.1172889161022603,20240614,20240614,1.071428
000001.SZ,1d,2021-10-25,17.640916074563506,18.07947766139943,17.45296110877668,18.00787576967112,730828.0,1458800089.77,20211025,20.12,1.1172889161022603,20240614,20240614,1.071428
000001.SZ,1d,2021-10-26,17.95417435087488,18.303233573050417,17.775169621554095,17.945224114408845,652807.0,1313475882.79,20211026,20.05,1.1172889161022603,20240614,20240614,1.071428
000001.SZ,1d,2021-10-27,17.900472932078646,18.05262695200131,17.533513236971032,17.82887104035033,687600.0,1365982833.66,20211027,19.919999999999998,1.1172889161022603,20240614,20240614,1.071428
000001.SZ,1d,2021-10-28,17.721468202757862,17.846771513282413,17.336608034718168,17.649866311029548,619011.0,1211946109.14,20211028,19.720000000000002,1.1172889161022603,20240614,20240614,1.071428
000001.SZ,1d,2021-10-29,17.56931418283519,17.667766783961625,17.291856852387973,17.45296110877668,539930.0,1052760273.1700001,20211029,19.5,1.1172889161022603,20240614,20240614,1.071428
000001.SZ,1d,2021-11-01,17.300807088854015,17.658816547495583,17.014399521940753,17.354508507650248,841490.0,1626762029.8,20211101,19.39,1.1172889161022603,20240614,20240614,1.071428
000001.SZ,1d,2021-11-02,17.336608034718168,17.444010872310642,16.101475402404745,16.27152989525949,1997691.0,3691356324.29,20211102,18.180000000000003,1.1172889161022603,20240614,20240614,1.071428
000001.SZ,1d,2021-11-03,16.199928003531177,16.325231314055728,15.976172091880192,16.1372763482689,1114972.0,2009325065.9299998,20211103,18.03,1.1172889161022603,20240614,20240614,1.071428
000001.SZ,1d,2021-11-04,16.182027530599097,16.199928003531177,15.931420909549995,15.99407256481227,983411.0,1760671898.39,20211104,17.87,1.1172889161022603,20240614,20240614,1.071428
000001.SZ,1d,2021-11-05,15.976172091880192,16.11042563887078,15.725565470831091,15.788217126093366,1096040.0,1942415605.07,20211105,17.64,1.1172889161022603,20240614,20240614,1.071428
000001.SZ,1d,2021-11-08,15.770316653161288,15.940371146016034,15.537610505044265,15.591311923840498,1376815.0,2406417771.9100003,20211108,17.419999999999998,1.1172889161022603,20240614,20240614,1.071428
000001.SZ,1d,2021-11-09,15.645013342636737,15.797167362559406,15.448108140383873,15.689764524966934,1240573.0,2163193119.31,20211109,17.53,1.1172889161022603,20240614,20240614,1.071428
000001.SZ,1d,2021-11-10,15.627112869704659,15.636063106170695,15.358605775723479,15.57341145090842,1220851.0,2109735147.17,20211110,17.4,1.1172889161022603,20240614,20240614,1.071428
000001.SZ,1d,2021-11-11,15.528660268578227,16.495285806910474,15.501809559180108,16.42368391518216,2084729.0,3752413858.84,20211111,18.35,1.1172889161022603,20240614,20240614,1.071428
000001.SZ,1d,2021-11-12,16.387882969318,16.674290536231258,16.208878239997212,16.352082023453843,957546.0,1753072716.42,20211112,18.27,1.1172889161022603,20240614,20240614,1.071428
000001.SZ,1d,2021-11-15,16.423683915182156,16.674290536231258,16.289430368191567,16.495285806910474,655090.0,1203764095.71,20211115,18.43,1.1172889161022603,20240614,20240614,1.071428
000001.SZ,1d,2021-11-16,16.432634151648198,16.593738408036906,16.262579658793452,16.307330841123648,601110.0,1099113409.38,20211116,18.220000000000002,1.1172889161022603,20240614,20240614,1.071428
000001.SZ,1d,2021-11-17,16.244679185861372,16.37893273285196,16.092525165938703,16.208878239997212,664640.0,1203859180.01,20211117,18.11,1.1172889161022603,20240614,20240614,1.071428
000001.SZ,1d,2021-11-18,16.190977767065135,16.217828476463254,15.86876925428772,15.931420909549995,799844.0,1430058311.95,20211118,17.8,1.1172889161022603,20240614,20240614,1.071428
000001.SZ,1d,2021-11-19,15.931420909549995,16.325231314055724,15.841918544889602,16.24467918586137,786372.0,1414506380.3700001,20211119,18.15,1.1172889161022603,20240614,20240614,1.071428
000001.SZ,1d,2021-11-22,16.1372763482689,16.334181550521766,16.02092327421039,16.217828476463254,738618.0,1337768172.45,20211122,18.12,1.1172889161022603,20240614,20240614,1.071428
000001.SZ,1d,2021-11-23,16.208878239997212,16.42368391518216,15.824018071957523,16.00302280127831,1235978.0,2213817590.5600004,20211123,17.88,1.1172889161022603,20240614,20240614,1.071428
000001.SZ,1d,2021-11-24,15.904570200151877,16.065674456540584,15.806117599025445,15.99407256481227,741311.0,1316774397.9600003,20211124,17.87,1.1172889161022603,20240614,20240614,1.071428
000001.SZ,1d,2021-11-25,15.877719490753758,15.922470673083955,15.779266889627326,15.824018071957523,603533.0,1068221304.51,20211125,17.68,1.1172889161022603,20240614,20240614,1.071428
000001.SZ,1d,2021-11-26,15.770316653161288,15.815067835491481,15.680814288500894,15.734515707297128,694500.0,1219937312.76,20211126,17.58,1.1172889161022603,20240614,20240614,1.071428
000001.SZ,1d,2021-11-29,15.582361687374462,15.725565470831091,15.537610505044265,15.671864052034852,512595.0,895105981.97,20211129,17.509999999999998,1.1172889161022603,20240614,20240614,1.071428
000001.SZ,1d,2021-11-30,15.698714761432974,15.824018071957523,15.528660268578227,15.60921239677258,733616.0,1280384552.25,20211130,17.44,1.1172889161022603,20240614,20240614,1.071428
000001.SZ,1d,2021-12-01,15.60026216030654,15.904570200151877,15.546560741510305,15.788217126093366,706925.0,1243666842.2,20211201,17.64,1.1172889161022603,20240614,20240614,1.071428
000001.SZ,1d,2021-12-02,15.770316653161288,15.940371146016036,15.546560741510305,15.74346594376317,994798.0,1749164558.4199998,20211202,17.59,1.1172889161022603,20240614,20240614,1.071428
000001.SZ,1d,2021-12-03,15.788217126093366,15.841918544889602,15.582361687374462,15.797167362559405,707600.0,1242375057.32,20211203,17.65,1.1172889161022603,20240614,20240614,1.071428
000001.SZ,1d,2021-12-06,15.976172091880192,16.611638880968986,15.931420909549995,16.199928003531177,2145625.0,3896385171.79,20211206,18.1,1.1172889161022603,20240614,20240614,1.071428
000001.SZ,1d,2021-12-07,16.37893273285196,16.710091482095418,16.244679185861372,16.522136516308592,1616444.0,2979968976.77,20211207,18.46,1.1172889161022603,20240614,20240614,1.071428
000001.SZ,1d,2021-12-08,16.51318627984255,16.602688644502944,16.25362942232741,16.531086752774627,980281.0,1798691052.86,20211208,18.47,1.1172889161022603,20240614,20240614,1.071428
000001.SZ,1d,2021-12-09,16.54898722570671,17.05915070427095,16.441584388114237,16.736942191493533,1455887.0,2726663443.3,20211209,18.7,1.1172889161022603,20240614,20240614,1.071428
000001.SZ,1d,2021-12-10,16.566887698638784,16.736942191493533,16.352082023453843,16.450534624580275,989255.0,1824076523.0400002,20211210,18.38,1.1172889161022603,20240614,20240614,1.071428
000001.SZ,1d,2021-12-13,16.531086752774627,16.89804644788224,16.27152989525949,16.352082023453843,1314490.0,2427803721.72,20211213,18.27,1.1172889161022603,20240614,20240614,1.071428
000001.SZ,1d,2021-12-14,16.25362942232741,16.26257965879345,15.680814288500894,15.734515707297128,1937209.0,3434156327.9900002,20211214,17.58,1.1172889161022603,20240614,20240614,1.071428
000001.SZ,1d,2021-12-15,15.671864052034856,15.806117599025448,15.573411450908424,15.707664997899013,1294627.0,2269821045.32,20211215,17.55,1.1172889161022603,20240614,20240614,1.071428
000001.SZ,1d,2021-12-16,15.707664997899013,15.86876925428772,15.627112869704659,15.859819017821682,819480.0,1445483375.0399997,20211216,17.720000000000002,1.1172889161022603,20240614,20240614,1.071428
000001.SZ,1d,2021-12-17,15.841918544889602,15.886669727219799,15.725565470831091,15.725565470831091,602370.0,1062875482.9799999,20211217,17.57,1.1172889161022603,20240614,20240614,1.071428
000001.SZ,1d,2021-12-20,15.71661523436505,15.797167362559405,15.618162633238619,15.680814288500894,746435.0,1309029268.8100002,20211220,17.52,1.1172889161022603,20240614,20240614,1.071428
000001.SZ,1d,2021-12-21,15.653963579102777,15.850868781355642,15.645013342636737,15.74346594376317,893734.0,1572895581.5,20211221,17.59,1.1172889161022603,20240614,20240614,1.071428
000001.SZ,1d,2021-12-22,15.770316653161288,15.788217126093366,15.48390908624803,15.564461214442384,976928.0,1701772583.5200002,20211222,17.39,1.1172889161022603,20240614,20240614,1.071428
000001.SZ,1d,2021-12-23,15.573411450908424,15.60026216030654,15.403356958053676,15.501809559180108,1059576.0,1831122716.47,20211223,17.32,1.1172889161022603,20240614,20240614,1.071428
000001.SZ,1d,2021-12-24,15.510759795646148,15.528660268578227,15.403356958053676,15.49285932271407,488251.0,843109664.7700001,20211224,17.310000000000002,1.1172889161022603,20240614,20240614,1.071428
000001.SZ,1d,2021-12-27,15.510759795646148,15.528660268578227,15.358605775723479,15.412307194519713,731119.0,1260455319.19,20211227,17.22,1.1172889161022603,20240614,20240614,1.071428
000001.SZ,1d,2021-12-28,15.412307194519713,15.510759795646145,15.295954120461204,15.367556012189516,1126639.0,1934461075.51,20211228,17.169999999999998,1.1172889161022603,20240614,20240614,1.071428
000001.SZ,1d,2021-12-29,15.358605775723479,15.358605775723479,14.946894898285668,14.991646080615865,1469374.0,2480534592.86,20211229,16.75,1.1172889161022603,20240614,20240614,1.071428
000001.SZ,1d,2021-12-30,15.000596317081904,15.170650809936651,14.964795371217747,15.05429773587814,796664.0,1342374249.46,20211230,16.82,1.1172889161022603,20240614,20240614,1.071428
000001.SZ,1d,2021-12-31,15.090098681742298,15.125899627606454,14.678387804304489,14.749989696032802,1750761.0,2899617148.55,20211231,16.479999999999997,1.1172889161022603,20240614,20240614,1.071428
000001.SZ,1d,2022-01-04,14.749989696032804,14.911093952421512,14.481482602051624,14.911093952421512,1169259.0,1918887050.94,20220104,16.66,1.1172889161022603,20240614,20240614,1.071428
000001.SZ,1d,2022-01-05,14.8394920606932,15.412307194519716,14.81264135129508,15.34965553925744,1961998.0,3344124589.35,20220105,17.150000000000002,1.1172889161022603,20240614,20240614,1.071428
000001.SZ,1d,2022-01-06,15.31385459339328,15.457058376849911,15.215401992266848,15.322804829859322,1107885.0,1896535837.6,20220106,17.12,1.1172889161022603,20240614,20240614,1.071428
000001.SZ,1d,2022-01-07,15.30490435692724,15.466008613315948,15.269103411063083,15.394406721587634,1126631.0,1937710958.28,20220107,17.2,1.1172889161022603,20240614,20240614,1.071428
000001.SZ,1d,2022-01-10,15.474958849781991,15.591311923840502,15.242252701664968,15.385456485121598,909774.0,1563414572.47,20220110,17.19,1.1172889161022603,20240614,20240614,1.071428
000001.SZ,1d,2022-01-11,15.448108140383873,15.698714761432973,15.3407053027914,15.582361687374462,1581999.0,2752485391.2799997,20220111,17.41,1.1172889161022603,20240614,20240614,1.071428
000001.SZ,1d,2022-01-12,15.582361687374462,15.618162633238619,15.125899627606454,15.215401992266848,1502164.0,2561266412.25,20220112,17.0,1.1172889161022603,20240614,20240614,1.071428
000001.SZ,1d,2022-01-13,15.134849864072494,15.430207667451795,15.05429773587814,15.197501519334772,909423.0,1550319158.87,20220113,16.98,1.1172889161022603,20240614,20240614,1.071428
000001.SZ,1d,2022-01-14,15.215401992266848,15.233302465198927,14.588885439644097,14.615736149042217,2103095.0,3459950804.53,20220114,16.330000000000002,1.1172889161022603,20240614,20240614,1.071428
000001.SZ,1d,2022-01-17,14.633636621974293,14.749989696032804,14.427781183255389,14.517283547915785,1143689.0,1855633789.59,20220117,16.220000000000002,1.1172889161022603,20240614,20240614,1.071428
000001.SZ,1d,2022-01-18,14.5441342573139,14.80369111482904,14.463582129119546,14.785790641896961,1152974.0,1891094610.09,20220118,16.52,1.1172889161022603,20240614,20240614,1.071428
000001.SZ,1d,2022-01-19,14.80369111482904,14.937944661819628,14.642586858440332,14.767890168964882,988392.0,1630973587.2,20220119,16.5,1.1172889161022603,20240614,20240614,1.071428
000001.SZ,1d,2022-01-20,14.741039459566768,15.627112869704659,14.69628827723657,15.510759795646148,3031194.0,5195805549.58,20220120,17.330000000000002,1.1172889161022603,20240614,20240614,1.071428
000001.SZ,1d,2022-01-21,15.618162633238619,15.716615234365053,15.403356958053676,15.528660268578227,1481683.0,2575115124.6899996,20220121,17.35,1.1172889161022603,20240614,20240614,1.071428
000001.SZ,1d,2022-01-24,15.519710032112187,15.555510977976342,15.197501519334772,15.394406721587634,874771.0,1501390339.0100002,20220124,17.2,1.1172889161022603,20240614,20240614,1.071428
000001.SZ,1d,2022-01-25,15.287003883995162,15.287003883995162,15.0453474994121,15.081148445276257,1093284.0,1851999025.4199998,20220125,16.849999999999998,1.1172889161022603,20240614,20240614,1.071428
000001.SZ,1d,2022-01-26,15.170650809936651,15.30490435692724,14.80369111482904,14.902143715955471,984975.0,1646384984.37,20220126,16.65,1.1172889161022603,20240614,20240614,1.071428
000001.SZ,1d,2022-01-27,14.767890168964882,14.80369111482904,14.5441342573139,14.588885439644097,1024643.0,1677261296.33,20220127,16.3,1.1172889161022603,20240614,20240614,1.071428
000001.SZ,1d,2022-01-28,14.66943756783845,14.723138986634686,14.15927408927421,14.168224325740248,1675564.0,2695470330.62,20220128,15.83,1.1172889161022603,20240614,20240614,1.071428
000001.SZ,1d,2022-02-07,14.338278818594995,14.687338040770529,14.221925744536485,14.66943756783845,1515476.0,2451798485.84,20220207,16.39,1.1172889161022603,20240614,20240614,1.071428
000001.SZ,1d,2022-02-08,14.588885439644097,15.188551282868733,14.55308449377994,15.063247972344183,1754695.0,2950309012.49,20220208,16.830000000000002,1.1172889161022603,20240614,20240614,1.071428
000001.SZ,1d,2022-02-09,15.143800100538536,15.215401992266848,14.95584513475171,15.090098681742298,1051162.0,1774253636.5000002,20220209,16.86,1.1172889161022603,20240614,20240614,1.071428
000001.SZ,1d,2022-02-10,15.009546553547947,15.242252701664968,14.920044188887553,15.206451755800812,784557.0,1326848947.79,20220210,16.990000000000002,1.1172889161022603,20240614,20240614,1.071428
000001.SZ,1d,2022-02-11,15.242252701664968,15.519710032112187,15.242252701664968,15.304904356927244,1078139.0,1852167493.23,20220211,17.1,1.1172889161022603,20240614,20240614,1.071428
000001.SZ,1d,2022-02-14,15.304904356927244,15.34965553925744,14.776840405430924,14.8394920606932,1150659.0,1917613419.43,20220214,16.580000000000002,1.1172889161022603,20240614,20240614,1.071428
000001.SZ,1d,2022-02-15,14.767890168964882,14.920044188887553,14.40988071032331,14.570984966712018,1208264.0,1968985378.1799998,20220215,16.28,1.1172889161022603,20240614,20240614,1.071428
000001.SZ,1d,2022-02-16,14.633636621974293,14.794740878363003,14.508333311449743,14.687338040770529,782400.0,1282234150.21,20220216,16.41,1.1172889161022603,20240614,20240614,1.071428
000001.SZ,1d,2022-02-17,14.66943756783845,14.81264135129508,14.606785912576175,14.69628827723657,794502.0,1306514349.5900002,20220217,16.42,1.1172889161022603,20240614,20240614,1.071428
000001.SZ,1d,2022-02-18,14.606785912576175,15.009546553547944,14.597835676110135,15.009546553547944,802499.0,1330233365.6799998,20220218,16.77,1.1172889161022603,20240614,20240614,1.071428
000001.SZ,1d,2022-02-21,14.911093952421512,14.920044188887553,14.606785912576175,14.776840405430924,800995.0,1316023718.12,20220221,16.51,1.1172889161022603,20240614,20240614,1.071428
000001.SZ,1d,2022-02-22,14.597835676110135,14.714188750168649,14.463582129119546,14.526233784381821,894957.0,1454156224.87,20220222,16.23,1.1172889161022603,20240614,20240614,1.071428
000001.SZ,1d,2022-02-23,14.588885439644097,14.597835676110135,14.356179291527074,14.490432838517663,886742.0,1431289852.14,20220223,16.189999999999998,1.1172889161022603,20240614,20240614,1.071428
000001.SZ,1d,2022-02-24,14.436731419721427,14.45463189265351,14.14137361634213,14.239826217468563,1324087.0,2112842553.1000001,20220224,15.91,1.1172889161022603,20240614,20240614,1.071428
000001.SZ,1d,2022-02-25,14.311428109196878,14.391980237391232,14.204025271604406,14.230875981002525,726397.0,1157890268.48,20220225,15.9,1.1172889161022603,20240614,20240614,1.071428
000001.SZ,1d,2022-02-28,14.230875981002525,14.248776453934603,13.980269359953423,14.096622434011936,723990.0,1137154094.55,20220228,15.750000000000002,1.1172889161022603,20240614,20240614,1.071428
000001.SZ,1d,2022-03-01,14.132423379876093,14.275627163332722,13.980269359953423,14.248776453934603,935040.0,1474693965.21,20220301,15.920000000000002,1.1172889161022603,20240614,20240614,1.071428
000001.SZ,1d,2022-03-02,14.132423379876093,14.204025271604406,14.01607030581758,14.033970778749659,760761.0,1196321948.91,20220302,15.68,1.1172889161022603,20240614,20240614,1.071428
000001.SZ,1d,2022-03-03,14.078721961079856,14.150323852808171,13.989219596419462,14.060821488147777,578285.0,908171588.15,20220303,15.71,1.1172889161022603,20240614,20240614,1.071428
000001.SZ,1d,2022-03-04,13.980269359953423,13.989219596419462,13.675961320108087,13.720712502438284,990936.0,1523793664.71,20220304,15.330000000000002,1.1172889161022603,20240614,20240614,1.071428
000001.SZ,1d,2022-03-07,13.577508718981653,13.577508718981653,13.121046659213647,13.174748078009884,1113159.0,1655959941.77,20220307,14.72,1.1172889161022603,20240614,20240614,1.071428
000001.SZ,1d,2022-03-08,13.08524571334949,13.300051388534433,12.754086964106035,12.807788382902272,1003033.0,1463145930.4,20220308,14.31,1.1172889161022603,20240614,20240614,1.071428
000001.SZ,1d,2022-03-09,12.888340511096626,12.933091693426823,11.832212608103985,12.387127268998423,1800760.0,2492042993.23,20220309,13.84,1.1172889161022603,20240614,20240614,1.071428
000001.SZ,1d,2022-03-10,12.69143530884376,13.201598787408,12.610883180649406,13.040494531019293,2249158.0,3269867788.2200003,20220310,14.57,1.1172889161022603,20240614,20240614,1.071428
000001.SZ,1d,2022-03-11,12.888340511096626,13.407454226126907,12.664584599445643,13.335852334398592,1493647.0,2187480610.66,20220311,14.9,1.1172889161022603,20240614,20240614,1.071428
000001.SZ,1d,2022-03-14,13.09419594981553,13.36270304379671,12.933091693426823,12.96889263929098,1118407.0,1637278471.46,20220314,14.49,1.1172889161022603,20240614,20240614,1.071428
000001.SZ,1d,2022-03-15,12.888340511096626,12.888340511096626,12.172321593813479,12.243923485541794,1781409.0,2479769555.05,20220315,13.68,1.1172889161022603,20240614,20240614,1.071428
000001.SZ,1d,2022-03-16,12.405027741930502,12.888340511096626,12.091769465619125,12.807788382902272,1531779.0,2141637065.8400002,20220316,14.31,1.1172889161022603,20240614,20240614,1.071428
000001.SZ,1d,2022-03-17,13.121046659213647,13.165797841543846,12.745136727639997,12.933091693426823,1730061.0,2506504217.46,20220317,14.450000000000001,1.1172889161022603,20240614,20240614,1.071428
000001.SZ,1d,2022-03-18,12.852539565232469,13.291101152068396,12.655634362979603,13.156847605077806,1528807.0,2222158762.02,20220318,14.700000000000001,1.1172889161022603,20240614,20240614,1.071428
000001.SZ,1d,2022-03-21,12.977842875757018,13.264250442670276,12.879390274630586,13.058395003951372,1208868.0,1765673892.12,20220321,14.59,1.1172889161022603,20240614,20240614,1.071428
000001.SZ,1d,2022-03-22,13.058395003951372,13.62225990131185,12.977842875757018,13.586458955447693,1628657.0,2443174055.8500004,20220322,15.18,1.1172889161022603,20240614,20240614,1.071428
000001.SZ,1d,2022-03-23,13.523807300185418,13.595409191913731,13.335852334398592,13.425354699058985,1050102.0,1577561341.66,20220323,15.0,1.1172889161022603,20240614,20240614,1.071428
000001.SZ,1d,2022-03-24,13.35375280733067,13.702812029506203,13.255300206204238,13.604359428379771,1002360.0,1518870080.3100002,20220324,15.200000000000001,1.1172889161022603,20240614,20240614,1.071428
000001.SZ,1d,2022-03-25,13.559608246049574,13.649110610709968,13.264250442670276,13.407454226126907,742933.0,1116354595.1599998,20220325,14.98,1.1172889161022603,20240614,20240614,1.071428
000001.SZ,1d,2022-03-28,13.2463499697382,13.470105881389182,13.09419594981553,13.291101152068396,727137.0,1078327302.93,20220328,14.850000000000001,1.1172889161022603,20240614,20240614,1.071428
000001.SZ,1d,2022-03-29,13.317951861466511,13.380603516728787,13.067345240417412,13.138947132145725,615643.0,909169631.2400001,20220329,14.68,1.1172889161022603,20240614,20240614,1.071428
000001.SZ,1d,2022-03-30,13.300051388534433,13.667011083642047,13.21054902387404,13.61330966484581,1236792.0,1859617040.6399999,20220330,15.209999999999999,1.1172889161022603,20240614,20240614,1.071428
000001.SZ,1d,2022-03-31,13.514857063719377,13.935518177623226,13.47905611785522,13.765463684768479,1163747.0,1789209946.79,20220331,15.38,1.1172889161022603,20240614,20240614,1.071428
000001.SZ,1d,2022-04-01,13.75651344830244,14.132423379876093,13.604359428379771,14.096622434011936,1484879.0,2319616863.0200005,20220401,15.750000000000002,1.1172889161022603,20240614,20240614,1.071428
000001.SZ,1d,2022-04-06,13.998169832885502,14.80369111482904,13.989219596419462,14.66943756783845,2488540.0,4064051491.84,20220406,16.39,1.1172889161022603,20240614,20240614,1.071428
000001.SZ,1d,2022-04-07,14.66048733137241,14.911093952421512,14.499383074983703,14.570984966712016,1659065.0,2724002904.78,20220407,16.279999999999998,1.1172889161022603,20240614,20240614,1.071428
000001.SZ,1d,2022-04-08,14.553084493779938,14.723138986634686,14.436731419721427,14.678387804304489,1066779.0,1741072072.4800003,20220408,16.4,1.1172889161022603,20240614,20240614,1.071428
000001.SZ,1d,2022-04-11,14.633636621974293,14.678387804304492,14.14137361634213,14.365129527993114,1416735.0,2277469055.78,20220411,16.05,1.1172889161022603,20240614,20240614,1.071428
000001.SZ,1d,2022-04-12,14.365129527993114,14.55308449377994,14.01607030581758,14.248776453934601,1039261.0,1654820082.5300002,20220412,15.92,1.1172889161022603,20240614,20240614,1.071428
000001.SZ,1d,2022-04-13,14.221925744536485,14.391980237391232,14.069771724613817,14.14137361634213,890628.0,1415496125.98,20220413,15.8,1.1172889161022603,20240614,20240614,1.071428
000001.SZ,1d,2022-04-14,14.320378345662917,14.5441342573139,14.248776453934601,14.356179291527074,929615.0,1493343952.1499999,20220414,16.04,1.1172889161022603,20240614,20240614,1.071428
000001.SZ,1d,2022-04-15,14.230875981002525,14.794740878363003,14.195075035138368,14.69628827723657,1231761.0,2014010094.33,20220415,16.42,1.1172889161022603,20240614,20240614,1.071428
000001.SZ,1d,2022-04-18,14.45463189265351,14.499383074983703,14.150323852808171,14.230875981002525,1086888.0,1734236523.8500001,20220418,15.9,1.1172889161022603,20240614,20240614,1.071428
000001.SZ,1d,2022-04-19,14.230875981002525,14.2935276362648,13.980269359953423,14.150323852808171,821772.0,1294226951.21,20220419,15.81,1.1172889161022603,20240614,20240614,1.071428
000001.SZ,1d,2022-04-20,14.150323852808171,14.365129527993114,14.051871251681739,14.186124798672328,716555.0,1137697846.98,20220420,15.850000000000001,1.1172889161022603,20240614,20240614,1.071428
000001.SZ,1d,2022-04-21,14.114522906944014,14.302477872730838,14.051871251681739,14.150323852808171,709891.0,1124663651.04,20220421,15.81,1.1172889161022603,20240614,20240614,1.071428
000001.SZ,1d,2022-04-22,13.998169832885502,14.490432838517664,13.783364157700557,14.374079764459152,921274.0,1468452957.95,20220422,16.06,1.1172889161022603,20240614,20240614,1.071428
000001.SZ,1d,2022-04-25,14.02502054228362,14.239826217468565,13.228449496806121,13.291101152068396,1664481.0,2527610217.4300003,20220425,14.850000000000001,1.1172889161022603,20240614,20240614,1.071428
000001.SZ,1d,2022-04-26,13.317951861466513,13.407454226126907,12.933091693426823,13.183698314475922,988210.0,1456929632.19,20220426,14.73,1.1172889161022603,20240614,20240614,1.071428
000001.SZ,1d,2022-04-27,13.407454226126907,14.00712006935154,13.389553753194829,14.00712006935154,1490295.0,2296798759.0,20220427,15.65,1.1172889161022603,20240614,20240614,1.071428
000001.SZ,1d,2022-04-28,13.935518177623226,14.257726690400643,13.75651344830244,14.00712006935154,911772.0,1426381925.81,20220428,15.65,1.1172889161022603,20240614,20240614,1.071428
000001.SZ,1d,2022-04-29,14.042921015215699,14.087672197545894,13.398503989660867,13.711762265972244,1645013.0,2503476827.84,20220429,15.32,1.1172889161022603,20240614,20240614,1.071428
000001.SZ,1d,2022-05-05,13.604359428379771,13.828115340030754,13.559608246049574,13.711762265972244,790196.0,1208735141.83,20220505,15.32,1.1172889161022603,20240614,20240614,1.071428
000001.SZ,1d,2022-05-06,13.443255171991062,13.60435942837977,13.34480257086463,13.389553753194829,832432.0,1250995594.77,20220506,14.96,1.1172889161022603,20240614,20240614,1.071428
000001.SZ,1d,2022-05-09,13.37165328026275,13.37165328026275,12.942041929892861,13.022594058087215,818621.0,1197104247.0600002,20220509,14.55,1.1172889161022603,20240614,20240614,1.071428
000001.SZ,1d,2022-05-10,12.977842875757018,13.067345240417412,12.628783653581484,13.058395003951372,992285.0,1425836927.23,20220510,14.59,1.1172889161022603,20240614,20240614,1.071428
000001.SZ,1d,2022-05-11,13.013643821621175,13.282150915602355,12.924141456960783,13.094195949815528,848574.0,1240700426.07,20220511,14.629999999999999,1.1172889161022603,20240614,20240614,1.071428
000001.SZ,1d,2022-05-12,12.95994240282494,13.031544294553255,12.82568885583435,12.870440038164547,685064.0,987061607.22,20220512,14.38,1.1172889161022603,20240614,20240614,1.071428
000001.SZ,1d,2022-05-13,12.977842875757018,13.121046659213647,12.96889263929098,13.07629547688345,676312.0,985962932.0899999,20220513,14.61,1.1172889161022603,20240614,20240614,1.071428
000001.SZ,1d,2022-05-16,13.121046659213647,13.183698314475922,12.843589328766429,12.897290747562664,668228.0,965652298.06,20220516,14.41,1.1172889161022603,20240614,20240614,1.071428
000001.SZ,1d,2022-05-17,12.986793112223058,13.174748078009884,12.81673861936831,13.165797841543846,931406.0,1357428406.7499998,20220517,14.71,1.1172889161022603,20240614,20240614,1.071428
000001.SZ,1d,2022-05-18,13.291101152068395,13.326902097932553,13.129996895679687,13.201598787408,778578.0,1150500437.95,20220518,14.75,1.1172889161022603,20240614,20240614,1.071428
000001.SZ,1d,2022-05-19,13.022594058087215,13.156847605077804,12.977842875757018,13.08524571334949,590922.0,863214130.52,20220519,14.62,1.1172889161022603,20240614,20240614,1.071428
000001.SZ,1d,2022-05-20,13.156847605077804,13.46115564492314,13.129996895679687,13.443255171991062,948598.0,1415164711.31,20220520,15.02,1.1172889161022603,20240614,20240614,1.071428
000001.SZ,1d,2022-05-23,13.48800635432126,13.48800635432126,13.21054902387404,13.273200679136316,647726.0,962683728.68,20220523,14.83,1.1172889161022603,20240614,20240614,1.071428
000001.SZ,1d,2022-05-24,13.309001625000475,13.309001625000475,12.888340511096626,12.888340511096626,933557.0,1358693535.33,20220524,14.4,1.1172889161022603,20240614,20240614,1.071428
000001.SZ,1d,2022-05-25,12.915191220494744,12.96889263929098,12.798838146436232,12.879390274630586,603228.0,866228924.0199999,20220525,14.39,1.1172889161022603,20240614,20240614,1.071428
000001.SZ,1d,2022-05-26,12.897290747562664,12.915191220494743,12.592982707717328,12.700385545309798,1011318.0,1435689342.0400002,20220526,14.19,1.1172889161022603,20240614,20240614,1.071428
000001.SZ,1d,2022-05-27,12.789887909970192,12.843589328766429,12.628783653581484,12.69143530884376,723067.0,1029702185.9300001,20220527,14.18,1.1172889161022603,20240614,20240614,1.071428
000001.SZ,1d,2022-05-30,12.763037200572075,12.780937673504154,12.56613199831921,12.601932944183368,896901.0,1265573047.59,20220530,14.08,1.1172889161022603,20240614,20240614,1.071428
000001.SZ,1d,2022-05-31,12.592982707717328,12.69143530884376,12.530331052455052,12.673534835911681,938869.0,1325012047.99,20220531,14.16,1.1172889161022603,20240614,20240614,1.071428
000001.SZ,1d,2022-06-01,12.655634362979603,12.655634362979603,12.530331052455052,12.601932944183368,845299.0,1187423732.04,20220601,14.08,1.1172889161022603,20240614,20240614,1.071428
000001.SZ,1d,2022-06-02,12.548231525387132,12.55718176185317,12.422928214862582,12.485579870124857,979268.0,1363740797.79,20220602,13.950000000000001,1.1172889161022603,20240614,20240614,1.071428
000001.SZ,1d,2022-06-06,12.449778924260698,12.682485072377721,12.208122539677637,12.682485072377721,1710852.0,2370807610.48,20220606,14.17,1.1172889161022603,20240614,20240614,1.071428
000001.SZ,1d,2022-06-07,12.54823152538713,12.754086964106035,12.521380815989014,12.673534835911681,1315113.0,1860366715.71,20220607,14.16,1.1172889161022603,20240614,20240614,1.071428
000001.SZ,1d,2022-06-08,12.673534835911681,12.682485072377721,12.53928128892109,12.673534835911681,1145521.0,1613524957.8200002,20220608,14.16,1.1172889161022603,20240614,20240614,1.071428
000001.SZ,1d,2022-06-09,12.655634362979601,12.942041929892861,12.619833417115444,12.843589328766429,1632901.0,2339986707.88,20220609,14.35,1.1172889161022603,20240614,20240614,1.071428
000001.SZ,1d,2022-06-10,12.763037200572075,12.82568885583435,12.646684126513565,12.81673861936831,1346012.0,1914639698.1100001,20220610,14.32,1.1172889161022603,20240614,20240614,1.071428
000001.SZ,1d,2022-06-13,12.691435308843761,12.7003855453098,12.422928214862582,12.449778924260698,1547753.0,2163340108.91,20220613,13.91,1.1172889161022603,20240614,20240614,1.071428
000001.SZ,1d,2022-06-14,12.270774194939913,12.646684126513565,12.270774194939913,12.637733890047524,1151429.0,1602169897.9900002,20220614,14.120000000000001,1.1172889161022603,20240614,20240614,1.071428
000001.SZ,1d,2022-06-15,12.619833417115444,13.523807300185418,12.58403247125129,13.192648550941962,3413544.0,5010292726.77,20220615,14.74,1.1172889161022603,20240614,20240614,1.071428
000001.SZ,1d,2022-06-16,13.192648550941962,13.273200679136316,12.906240984028704,12.924141456960783,1332546.0,1939976254.7700002,20220616,14.44,1.1172889161022603,20240614,20240614,1.071428
000001.SZ,1d,2022-06-17,12.81673861936831,13.004693585155138,12.70933578177584,12.933091693426823,1053788.0,1513925913.67,20220617,14.450000000000001,1.1172889161022603,20240614,20240614,1.071428
000001.SZ,1d,2022-06-20,12.924141456960783,12.924141456960783,12.763037200572075,12.834639092300389,1032167.0,1479529786.97,20220620,14.34,1.1172889161022603,20240614,20240614,1.071428
000001.SZ,1d,2022-06-21,12.834639092300389,13.09419594981553,12.736186491173957,12.861489801698507,1321794.0,1905346056.7,20220621,14.370000000000001,1.1172889161022603,20240614,20240614,1.071428
000001.SZ,1d,2022-06-22,12.852539565232467,12.852539565232467,12.601932944183368,12.601932944183368,1056046.0,1498415783.73,20220622,14.08,1.1172889161022603,20240614,20240614,1.071428
000001.SZ,1d,2022-06-23,12.610883180649406,12.736186491173957,12.58403247125129,12.70933578177584,806028.0,1140899091.6399999,20220623,14.200000000000001,1.1172889161022603,20240614,20240614,1.071428
000001.SZ,1d,2022-06-24,12.709335781775838,12.754086964106035,12.628783653581484,12.736186491173955,866041.0,1227798687.09,20220624,14.229999999999999,1.1172889161022603,20240614,20240614,1.071428
000001.SZ,1d,2022-06-27,12.745136727639997,13.031544294553255,12.727236254707918,12.96889263929098,1497278.0,2166380438.04,20220627,14.49,1.1172889161022603,20240614,20240614,1.071428
000001.SZ,1d,2022-06-28,12.950992166358901,13.129996895679687,12.897290747562664,13.09419594981553,1125110.0,1638673242.41,20220628,14.63,1.1172889161022603,20240614,20240614,1.071428
000001.SZ,1d,2022-06-29,13.112096422747609,13.335852334398592,13.022594058087215,13.103146186281569,1266547.0,1865064678.4800003,20220629,14.64,1.1172889161022603,20240614,20240614,1.071428
000001.SZ,1d,2022-06-30,13.09419594981553,13.443255171991064,13.022594058087215,13.407454226126907,1548745.0,2304888691.73,20220630,14.98,1.1172889161022603,20240614,20240614,1.071428
000001.SZ,1d,2022-07-01,13.425354699058985,13.48800635432126,13.282150915602355,13.35375280733067,779243.0,1164030775.95,20220701,14.92,1.1172889161022603,20240614,20240614,1.071428
000001.SZ,1d,2022-07-04,13.380603516728787,13.407454226126907,13.201598787408,13.371653280262748,834968.0,1241453402.1100001,20220704,14.94,1.1172889161022603,20240614,20240614,1.071428
000001.SZ,1d,2022-07-05,13.416404462592945,13.667011083642047,13.264250442670276,13.34480257086463,1115172.0,1674719025.12,20220705,14.91,1.1172889161022603,20240614,20240614,1.071428
000001.SZ,1d,2022-07-06,13.273200679136316,13.36270304379671,12.942041929892861,13.004693585155138,1043335.0,1520022514.77,20220706,14.530000000000001,1.1172889161022603,20240614,20240614,1.071428
000001.SZ,1d,2022-07-07,13.013643821621176,13.112096422747609,12.870440038164547,12.906240984028704,730161.0,1057696546.69,20220707,14.42,1.1172889161022603,20240614,20240614,1.071428
000001.SZ,1d,2022-07-08,12.97784287575702,13.112096422747609,12.861489801698507,13.013643821621176,639698.0,928850348.74,20220708,14.540000000000001,1.1172889161022603,20240614,20240614,1.071428
000001.SZ,1d,2022-07-11,12.977842875757018,13.040494531019293,12.852539565232467,12.942041929892861,611692.0,883613754.0500001,20220711,14.459999999999999,1.1172889161022603,20240614,20240614,1.071428
000001.SZ,1d,2022-07-12,12.897290747562664,13.183698314475922,12.870440038164547,12.906240984028704,742882.0,1078431989.61,20220712,14.42,1.1172889161022603,20240614,20240614,1.071428
000001.SZ,1d,2022-07-13,12.906240984028704,12.950992166358901,12.43187845132862,12.503480343056935,2175996.0,3056913117.8399997,20220713,13.97,1.1172889161022603,20240614,20240614,1.071428
000001.SZ,1d,2022-07-14,12.261823958473874,12.270774194939913,11.89486426336626,11.966466155094576,2632121.0,3534578702.13,20220714,13.370000000000001,1.1172889161022603,20240614,20240614,1.071428
000001.SZ,1d,2022-07-15,12.064918756221008,12.136520647949322,11.832212608103985,11.850113081036064,1598637.0,2139915274.0300002,20220715,13.24,1.1172889161022603,20240614,20240614,1.071428
000001.SZ,1d,2022-07-18,11.859063317502104,12.029117810356851,11.823262371637947,11.984366628026654,1153506.0,1536340973.1999998,20220718,13.39,1.1172889161022603,20240614,20240614,1.071428
000001.SZ,1d,2022-07-19,11.93961544569646,12.020167573890813,11.885914026900222,12.011217337424773,755597.0,1008562417.24,20220719,13.420000000000002,1.1172889161022603,20240614,20240614,1.071428
000001.SZ,1d,2022-07-20,12.020167573890811,12.055968519754966,11.948565682162496,11.984366628026653,801459.0,1073936299.76,20220720,13.389999999999999,1.1172889161022603,20240614,20240614,1.071428
000001.SZ,1d,2022-07-21,11.921714972764379,11.939615445696457,11.62635716938508,11.644257642317159,1970388.0,2588696130.23,20220721,13.01,1.1172889161022603,20240614,20240614,1.071428
000001.SZ,1d,2022-07-22,11.698915519183101,11.780917263476441,11.498466810910493,11.671581604418654,1376510.0,1755555714.49,20220722,12.81,1.0975376289320002,20240614,20240614,1.071428
000001.SZ,1d,2022-07-25,11.662470299497173,11.708026824104582,11.544023335517902,11.680692909340136,763956.0,976071707.3000001,20220725,12.82,1.0975376289320002,20240614,20240614,1.071428
000001.SZ,1d,2022-07-26,11.61691377488976,11.762694653633476,11.580468555203833,11.762694653633476,1024049.0,1314310442.31,20220726,12.91,1.0975376289320002,20240614,20240614,1.071428
000001.SZ,1d,2022-07-27,11.708026824104582,11.73536073886903,11.598691165046796,11.65335899457569,923914.0,1182889760.7399998,20220727,12.790000000000001,1.0975376289320002,20240614,20240614,1.071428
000001.SZ,1d,2022-07-28,11.671581604418654,11.762694653633476,11.644247689654208,11.73536073886903,750347.0,964903657.6600001,20220728,12.88,1.0975376289320002,20240614,20240614,1.071428
000001.SZ,1d,2022-07-29,11.73536073886903,11.753583348711993,11.525800725674939,11.553134640439385,831497.0,1059518584.7199999,20220729,12.68,1.0975376289320002,20240614,20240614,1.071428
000001.SZ,1d,2022-08-01,11.534912030596422,11.534912030596422,11.298018102637885,11.316240712480848,1025733.0,1277987010.0,20220801,12.42,1.0975376289320002,20240614,20240614,1.071428
000001.SZ,1d,2022-08-02,11.134014614051205,11.243350273108991,10.878898076249705,11.170459833737134,1373009.0,1664397666.12,20220802,12.26,1.0975376289320002,20240614,20240614,1.071428
000001.SZ,1d,2022-08-03,11.106680699286759,11.179571138658616,10.94267721070008,10.960899820543045,746137.0,905653324.71,20220803,12.03,1.0975376289320002,20240614,20240614,1.071428
000001.SZ,1d,2022-08-04,11.02467895499342,11.088458089443796,10.951788515621562,11.079346784522313,602676.0,729351710.0200001,20220804,12.16,1.0975376289320002,20240614,20240614,1.071428
000001.SZ,1d,2022-08-05,11.052012869757867,11.23423896818751,10.915343295935633,11.216016358344545,765298.0,930836354.1000001,20220805,12.31,1.0975376289320002,20240614,20240614,1.071428
000001.SZ,1d,2022-08-08,11.161348528815653,11.261572882951956,11.079346784522313,11.11579200420824,552000.0,674950920.8,20220808,12.2,1.0975376289320002,20240614,20240614,1.071428
000001.SZ,1d,2022-08-09,11.124903309129724,11.134014614051207,11.006456345150456,11.042901564836383,558448.0,677098632.5500001,20220809,12.12,1.0975376289320002,20240614,20240614,1.071428
000001.SZ,1d,2022-08-10,11.042901564836383,11.15223722389417,10.951788515621562,10.98823373530749,683023.0,825806007.7700001,20220810,12.059999999999999,1.0975376289320002,20240614,20240614,1.071428
000001.SZ,1d,2022-08-11,11.006456345150456,11.288906797716404,10.970011125464527,11.252461578030475,1399304.0,1710719478.1100001,20220811,12.350000000000001,1.0975376289320002,20240614,20240614,1.071428
000001.SZ,1d,2022-08-12,11.170459833737135,11.30712940755937,11.115792004208242,11.279795492794921,820504.0,1010612433.4000001,20220812,12.38,1.0975376289320002,20240614,20240614,1.071428
000001.SZ,1d,2022-08-15,11.19779374850158,11.261572882951956,11.015567650071937,11.033790259914902,1172010.0,1425087455.23,20220815,12.11,1.0975376289320002,20240614,20240614,1.071428
000001.SZ,1d,2022-08-16,11.033790259914902,11.11579200420824,11.02467895499342,11.052012869757865,631224.0,765907218.72,20220816,12.129999999999999,1.0975376289320002,20240614,20240614,1.071428
000001.SZ,1d,2022-08-17,11.07023547960083,11.316240712480848,10.997345040228973,11.298018102637885,1348507.0,1656961619.3600001,20220817,12.4,1.0975376289320002,20240614,20240614,1.071428
000001.SZ,1d,2022-08-18,11.370908542009742,11.425576371538636,11.079346784522313,11.161348528815653,1269701.0,1560630567.7,20220818,12.25,1.0975376289320002,20240614,20240614,1.071428
000001.SZ,1d,2022-08-19,11.179571138658616,11.61691377488976,11.143125918972688,11.452910286303082,2106417.0,2653471090.1000004,20220819,12.57,1.0975376289320002,20240614,20240614,1.071428
000001.SZ,1d,2022-08-22,11.462021591224564,11.553134640439385,11.307129407559367,11.389131151852707,1138077.0,1423361878.69,20220822,12.5,1.0975376289320002,20240614,20240614,1.071428
000001.SZ,1d,2022-08-23,11.343574627245296,11.380019846931226,11.188682443580099,11.243350273108993,921463.0,1137300431.45,20220823,12.340000000000002,1.0975376289320002,20240614,20240614,1.071428
000001.SZ,1d,2022-08-24,11.23423896818751,11.425576371538636,11.23423896818751,11.298018102637885,1295375.0,1613309589.13,20220824,12.4,1.0975376289320002,20240614,20240614,1.071428
000001.SZ,1d,2022-08-25,11.298018102637885,11.534912030596422,11.206905053423064,11.498466810910493,1064011.0,1329230362.3200002,20220825,12.620000000000001,1.0975376289320002,20240614,20240614,1.071428
000001.SZ,1d,2022-08-26,11.553134640439387,11.61691377488976,11.352685932166779,11.48935550598901,927634.0,1168951099.46,20220826,12.610000000000001,1.0975376289320002,20240614,20240614,1.071428
000001.SZ,1d,2022-08-29,11.389131151852707,11.4437989813816,11.216016358344545,11.316240712480848,924491.0,1145189174.15,20220829,12.42,1.0975376289320002,20240614,20240614,1.071428
000001.SZ,1d,2022-08-30,11.325352017402333,11.425576371538636,11.188682443580099,11.370908542009742,799712.0,991447627.25,20220830,12.48,1.0975376289320002,20240614,20240614,1.071428
000001.SZ,1d,2022-08-31,11.27979549279492,11.644247689654206,11.261572882951956,11.61691377488976,1653042.0,2091408314.7800002,20220831,12.75,1.0975376289320002,20240614,20240614,1.071428
000001.SZ,1d,2022-09-01,11.525800725674939,11.65335899457569,11.462021591224564,11.48935550598901,861982.0,1092666276.97,20220901,12.61,1.0975376289320002,20240614,20240614,1.071428
000001.SZ,1d,2022-09-02,11.498466810910491,11.562245945360868,11.32535201740233,11.398242456774188,786363.0,983433862.85,20220902,12.51,1.0975376289320002,20240614,20240614,1.071428
000001.SZ,1d,2022-09-05,11.352685932166779,11.48024420106753,11.270684187873439,11.452910286303082,632040.0,788451088.8000001,20220905,12.57,1.0975376289320002,20240614,20240614,1.071428
000001.SZ,1d,2022-09-06,11.462021591224564,11.534912030596422,11.32535201740233,11.389131151852707,731295.0,914692183.62,20220906,12.5,1.0975376289320002,20240614,20240614,1.071428
000001.SZ,1d,2022-09-07,11.31624071248085,11.31624071248085,11.188682443580099,11.234238968187512,979813.0,1208329758.8600001,20220907,12.330000000000002,1.0975376289320002,20240614,20240614,1.071428
000001.SZ,1d,2022-09-08,11.225127663266028,11.334463322323815,11.206905053423064,11.261572882951958,621117.0,768913483.55,20220908,12.360000000000001,1.0975376289320002,20240614,20240614,1.071428
000001.SZ,1d,2022-09-09,11.298018102637883,11.607802469968279,11.261572882951956,11.589579860125314,1951297.0,2469131334.35,20220909,12.719999999999999,1.0975376289320002,20240614,20240614,1.071428
000001.SZ,1d,2022-09-13,11.73536073886903,11.86291900776978,11.534912030596422,11.799139873319403,1722690.0,2223707380.1400003,20220913,12.95,1.0975376289320002,20240614,20240614,1.071428
000001.SZ,1d,2022-09-14,11.616913774889762,11.726249433947547,11.57135725028235,11.598691165046796,858036.0,1095054828.69,20220914,12.73,1.0975376289320002,20240614,20240614,1.071428
000001.SZ,1d,2022-09-15,11.662470299497171,11.935809447141636,11.635136384732725,11.844696397926814,1841018.0,2393239453.41,20220915,13.0,1.0975376289320002,20240614,20240614,1.071428
000001.SZ,1d,2022-09-16,11.771805958554957,11.799139873319405,11.4437989813816,11.4437989813816,1357448.0,1719252822.13,20220916,12.56,1.0975376289320002,20240614,20240614,1.071428
000001.SZ,1d,2022-09-19,11.425576371538636,11.544023335517902,11.370908542009742,11.452910286303082,632121.0,793491306.11,20220919,12.57,1.0975376289320002,20240614,20240614,1.071428
000001.SZ,1d,2022-09-20,11.48935550598901,11.507578115831976,11.225127663266028,11.243350273108991,889989.0,1102212203.6399999,20220920,12.34,1.0975376289320002,20240614,20240614,1.071428
000001.SZ,1d,2022-09-21,11.216016358344545,11.370908542009742,11.115792004208242,11.325352017402333,684197.0,845477181.51,20220921,12.430000000000001,1.0975376289320002,20240614,20240614,1.071428
000001.SZ,1d,2022-09-22,11.23423896818751,11.261572882951956,11.161348528815653,11.19779374850158,586133.0,720058210.3199999,20220922,12.29,1.0975376289320002,20240614,20240614,1.071428
000001.SZ,1d,2022-09-23,11.15223722389417,11.32535201740233,11.143125918972688,11.197793748501581,586441.0,722703127.6800001,20220923,12.290000000000001,1.0975376289320002,20240614,20240614,1.071428
000001.SZ,1d,2022-09-26,11.079346784522313,11.188682443580099,10.924454600857116,10.933565905778599,903729.0,1094060839.05,20220926,12.0,1.0975376289320002,20240614,20240614,1.071428
000001.SZ,1d,2022-09-27,10.933565905778599,11.079346784522313,10.760451112270438,11.07023547960083,789622.0,946732993.84,20220927,12.15,1.0975376289320002,20240614,20240614,1.071428
000001.SZ,1d,2022-09-28,11.015567650071937,11.161348528815653,10.860675466406741,11.033790259914902,780926.0,946211766.9,20220928,12.11,1.0975376289320002,20240614,20240614,1.071428
000001.SZ,1d,2022-09-29,11.161348528815653,11.188682443580099,10.769562417191919,10.806007636877847,917718.0,1100405198.17,20220929,11.86,1.0975376289320002,20240614,20240614,1.071428
000001.SZ,1d,2022-09-30,10.81511894179933,10.89712068609267,10.778673722113401,10.787785027034884,537230.0,638906947.7700001,20220930,11.84,1.0975376289320002,20240614,20240614,1.071428
000001.SZ,1d,2022-10-10,10.660226758134135,10.72400589258451,10.441555440018561,10.450666744940044,966080.0,1119089730.68,20221010,11.47,1.0975376289320002,20240614,20240614,1.071428
000001.SZ,1d,2022-10-11,10.514445879390419,10.550891099076347,10.39599891541115,10.459778049861526,415253.0,476749226.5,20221011,11.48,1.0975376289320002,20240614,20240614,1.071428
000001.SZ,1d,2022-10-12,10.432444135097079,10.587336318762276,10.341331085882256,10.56911370891931,559572.0,641776508.91,20221012,11.6,1.0975376289320002,20240614,20240614,1.071428
000001.SZ,1d,2022-10-13,10.487111964625973,10.514445879390419,10.30488586619633,10.332219780960775,852616.0,970021739.4,20221013,11.34,1.0975376289320002,20240614,20240614,1.071428
000001.SZ,1d,2022-10-14,10.43244413509708,10.596447623683758,10.38688761048967,10.505334574468938,1096062.0,1265486550.33,20221014,11.530000000000001,1.0975376289320002,20240614,20240614,1.071428
000001.SZ,1d,2022-10-17,10.405110220332633,10.496223269547453,10.332219780960775,10.459778049861526,1024823.0,1171523550.16,20221017,11.48,1.0975376289320002,20240614,20240614,1.071428
000001.SZ,1d,2022-10-18,10.523557184311901,10.605558928605241,10.441555440018561,10.459778049861526,946837.0,1091646643.7200003,20221018,11.48,1.0975376289320002,20240614,20240614,1.071428
000001.SZ,1d,2022-10-19,10.405110220332633,10.468889354783007,10.277551951431882,10.286663256353364,923990.0,1049700767.19,20221019,11.29,1.0975376289320002,20240614,20240614,1.071428
000001.SZ,1d,2022-10-20,10.231995426824472,10.30488586619633,10.168216292374096,10.204661512060024,781923.0,876967150.6100001,20221020,11.2,1.0975376289320002,20240614,20240614,1.071428
000001.SZ,1d,2022-10-21,10.213772816981507,10.250218036667436,10.086214548080758,10.104437157923721,785574.0,876648490.6099999,20221021,11.09,1.0975376289320002,20240614,20240614,1.071428
000001.SZ,1d,2022-10-24,10.104437157923721,10.113548462845204,9.667094521692576,9.676205826614058,1383391.0,1496043940.1299999,20221024,10.62,1.0975376289320002,20240614,20240614,1.071428
000001.SZ,1d,2022-10-25,9.749096265985916,9.84932062012222,9.657983216771095,9.703539741378506,1316979.0,1406437766.06,20221025,10.65,1.0975376289320002,20240614,20240614,1.071428
000001.SZ,1d,2022-10-26,9.694428436457022,9.776430180750362,9.667094521692576,9.712651046299989,1143830.0,1220733277.8500001,20221026,10.66,1.0975376289320002,20240614,20240614,1.071428
000001.SZ,1d,2022-10-27,9.749096265985916,9.812875400436292,9.712651046299989,9.730873656142952,957383.0,1024868047.2099999,20221027,10.68,1.0975376289320002,20240614,20240614,1.071428
000001.SZ,1d,2022-10-28,9.685317131535543,9.749096265985916,9.484868423262935,9.493979728184415,1057947.0,1114999302.1100001,20221028,10.42,1.0975376289320002,20240614,20240614,1.071428
000001.SZ,1d,2022-10-31,9.411977983891077,9.521313642948863,9.311753629754774,9.421089288812558,983096.0,1016230012.22,20221031,10.34,1.0975376289320002,20240614,20240614,1.071428
000001.SZ,1d,2022-11-01,9.457534508498487,9.730873656142952,9.439311898655523,9.72176235122147,1381234.0,1459758367.3200002,20221101,10.67,1.0975376289320002,20240614,20240614,1.071428
000001.SZ,1d,2022-11-02,9.667094521692578,9.730873656142952,9.54864755771331,9.685317131535543,1302988.0,1377816220.13,20221102,10.63,1.0975376289320002,20240614,20240614,1.071428
000001.SZ,1d,2022-11-03,9.603315387242203,9.630649302006649,9.457534508498489,9.512202338027382,983536.0,1028904286.0400001,20221103,10.440000000000001,1.0975376289320002,20240614,20240614,1.071428
000001.SZ,1d,2022-11-04,9.475757118341452,9.885765839808151,9.46664581341997,9.858431925043703,1776112.0,1903720943.5199997,20221104,10.82,1.0975376289320002,20240614,20240614,1.071428
000001.SZ,1d,2022-11-07,9.84932062012222,9.940433669337041,9.776430180750364,9.913099754572597,988082.0,1070554832.9,20221107,10.88,1.0975376289320002,20240614,20240614,1.071428
000001.SZ,1d,2022-11-08,9.922211059494076,9.949544974258524,9.821986705357773,9.88576583980815,583222.0,632835804.82,20221108,10.85,1.0975376289320002,20240614,20240614,1.071428
000001.SZ,1d,2022-11-09,9.876654534886667,10.095325853002239,9.858431925043703,9.922211059494078,832107.0,911153622.45,20221109,10.89,1.0975376289320002,20240614,20240614,1.071428
000001.SZ,1d,2022-11-10,9.831098010279256,9.93132236441556,9.739984961064435,9.903988449651113,552021.0,596916589.27,20221110,10.87,1.0975376289320002,20240614,20240614,1.071428
000001.SZ,1d,2022-11-11,10.14088237760965,10.623781538448204,10.031546718551864,10.414221525254115,2545071.0,2878557391.61,20221111,11.43,1.0975376289320002,20240614,20240614,1.071428
000001.SZ,1d,2022-11-14,10.660226758134135,11.188682443580099,10.660226758134135,10.888009381171189,3872084.0,4637823413.97,20221114,11.950000000000001,1.0975376289320002,20240614,20240614,1.071428
000001.SZ,1d,2022-11-15,10.806007636877847,11.097569394365276,10.778673722113401,10.94267721070008,1573901.0,1891249648.0500002,20221115,12.01,1.0975376289320002,20240614,20240614,1.071428
000001.SZ,1d,2022-11-16,10.906231991014153,10.97912243038601,10.742228502427473,10.769562417191919,1278693.0,1519133931.8500001,20221116,11.82,1.0975376289320002,20240614,20240614,1.071428
000001.SZ,1d,2022-11-17,10.760451112270438,10.787785027034884,10.550891099076347,10.65111545321265,1091047.0,1273790880.66,20221117,11.69,1.0975376289320002,20240614,20240614,1.071428
000001.SZ,1d,2022-11-18,10.696671977820062,10.733117197505992,10.541779794154865,10.56000240399783,868093.0,1011078679.59,20221118,11.59,1.0975376289320002,20240614,20240614,1.071428
000001.SZ,1d,2022-11-21,10.459778049861526,10.47800065970449,10.22288412190299,10.441555440018561,1047737.0,1189388618.26,20221121,11.46,1.0975376289320002,20240614,20240614,1.071428
000001.SZ,1d,2022-11-22,10.44155544001856,10.869786771328222,10.423332830175596,10.769562417191919,1491324.0,1748727406.58,20221122,11.82,1.0975376289320002,20240614,20240614,1.071428
000001.SZ,1d,2022-11-23,10.733117197505992,10.97912243038601,10.678449367977098,10.769562417191919,1247657.0,1483352651.7299998,20221123,11.82,1.0975376289320002,20240614,20240614,1.071428
000001.SZ,1d,2022-11-24,10.860675466406741,10.924454600857116,10.65111545321265,10.724005892584508,796719.0,941002372.9200001,20221124,11.77,1.0975376289320002,20240614,20240614,1.071428
000001.SZ,1d,2022-11-25,10.742228502427471,11.143125918972688,10.724005892584508,11.088458089443796,1760728.0,2130171604.6399999,20221125,12.17,1.0975376289320002,20240614,20240614,1.071428
000001.SZ,1d,2022-11-28,10.842452856563776,10.860675466406741,10.65111545321265,10.760451112270436,1331563.0,1568351120.1700003,20221128,11.809999999999999,1.0975376289320002,20240614,20240614,1.071428
000001.SZ,1d,2022-11-29,11.079346784522313,11.835585093005333,11.052012869757867,11.835585093005333,4749277.0,6026006641.970001,20221129,12.99,1.0975376289320002,20240614,20240614,1.071428
000001.SZ,1d,2022-11-30,11.753583348711993,12.154480765257208,11.680692909340136,11.872030312691262,3209628.0,4206404173.0800004,20221130,13.030000000000001,1.0975376289320002,20240614,20240614,1.071428
000001.SZ,1d,2022-12-01,12.190925984943137,12.446042522744637,11.90847553237719,11.935809447141636,2002689.0,2658203027.2,20221201,13.1,1.0975376289320002,20240614,20240614,1.071428
000001.SZ,1d,2022-12-02,11.972254666827563,11.981365971749048,11.562245945360868,11.753583348711993,1404203.0,1803658762.25,20221202,12.9,1.0975376289320002,20240614,20240614,1.071428
000001.SZ,1d,2022-12-05,11.926698142220154,12.3640407784513,11.853807702848297,12.327595558765369,2287627.0,3057231972.57,20221205,13.53,1.0975376289320002,20240614,20240614,1.071428
000001.SZ,1d,2022-12-06,12.154480765257208,12.446042522744637,12.072479020963868,12.236482509550548,1252579.0,1680593515.5000002,20221206,13.43,1.0975376289320002,20240614,20240614,1.071428
000001.SZ,1d,2022-12-07,12.145369460335727,12.181814680021656,11.872030312691262,11.981365971749048,1377377.0,1815667663.45,20221207,13.15,1.0975376289320002,20240614,20240614,1.071428
000001.SZ,1d,2022-12-08,11.981365971749048,12.318484253843888,11.954032056984602,12.172703375100173,1065723.0,1422047904.5,20221208,13.360000000000001,1.0975376289320002,20240614,20240614,1.071428
000001.SZ,1d,2022-12-09,12.209148594786102,12.528044267037977,12.16359207017869,12.482487742430566,1615832.0,2197501648.81,20221209,13.7,1.0975376289320002,20240614,20240614,1.071428
000001.SZ,1d,2022-12-12,12.37315208337278,12.37315208337278,11.899364227455708,11.944920752063119,1392584.0,1848277966.6,20221212,13.110000000000001,1.0975376289320002,20240614,20240614,1.071428
000001.SZ,1d,2022-12-13,11.981365971749048,12.172703375100173,11.972254666827565,12.063367716042388,902285.0,1194285343.0900002,20221213,13.24,1.0975376289320002,20240614,20240614,1.071428
000001.SZ,1d,2022-12-14,12.054256411120905,12.209148594786102,11.917586837298671,12.054256411120905,974061.0,1287867945.07,20221214,13.23,1.0975376289320002,20240614,20240614,1.071428
000001.SZ,1d,2022-12-15,11.972254666827563,12.099812935728314,11.790028568397922,11.935809447141636,835349.0,1094434005.98,20221215,13.1,1.0975376289320002,20240614,20240614,1.071428
000001.SZ,1d,2022-12-16,11.86291900776978,12.209148594786102,11.86291900776978,12.154480765257208,924252.0,1225269166.25,20221216,13.34,1.0975376289320002,20240614,20240614,1.071428
000001.SZ,1d,2022-12-19,12.145369460335727,12.272927729236477,11.799139873319405,11.881141617612744,1030866.0,1355435567.1599998,20221219,13.040000000000001,1.0975376289320002,20240614,20240614,1.071428
000001.SZ,1d,2022-12-20,11.817362483162368,11.917586837298671,11.544023335517902,11.626025079811242,896212.0,1150630681.38,20221220,12.76,1.0975376289320002,20240614,20240614,1.071428
000001.SZ,1d,2022-12-21,11.708026824104582,11.835585093005333,11.607802469968279,11.74447204379051,614590.0,791782473.2900001,20221221,12.89,1.0975376289320002,20240614,20240614,1.071428
000001.SZ,1d,2022-12-22,11.844696397926814,11.981365971749048,11.753583348711993,11.799139873319405,672394.0,876159828.48,20221222,12.950000000000001,1.0975376289320002,20240614,20240614,1.071428
000001.SZ,1d,2022-12-23,11.708026824104584,11.899364227455708,11.662470299497173,11.82647378808385,564426.0,730705958.53,20221223,12.98,1.0975376289320002,20240614,20240614,1.071428
000001.SZ,1d,2022-12-26,11.835585093005333,11.881141617612744,11.580468555203833,11.635136384732727,797120.0,1021903962.65,20221226,12.770000000000001,1.0975376289320002,20240614,20240614,1.071428
000001.SZ,1d,2022-12-27,11.726249433947547,12.045145106199422,11.726249433947547,11.944920752063119,886004.0,1160090119.01,20221227,13.110000000000001,1.0975376289320002,20240614,20240614,1.071428
000001.SZ,1d,2022-12-28,11.990477276670529,12.190925984943137,11.844696397926814,11.972254666827565,791192.0,1042402080.41,20221228,13.14,1.0975376289320002,20240614,20240614,1.071428
000001.SZ,1d,2022-12-29,11.90847553237719,11.963143361906083,11.708026824104582,11.87203031269126,666890.0,865144967.1,20221229,13.03,1.0975376289320002,20240614,20240614,1.071428
000001.SZ,1d,2022-12-30,11.881141617612744,12.099812935728316,11.808251178240887,11.990477276670529,818036.0,1074756753.75,20221230,13.16,1.0975376289320002,20240614,20240614,1.071428
000001.SZ,1d,2023-01-03,12.026922496356459,12.6191573162528,11.890252922534225,12.546266876880942,2194128.0,2971546989.04,20230103,13.770000000000001,1.0975376289320002,20240614,20240614,1.071428
000001.SZ,1d,2023-01-04,12.491599047352048,13.138501696777283,12.418708607980191,13.04738864756246,2189683.0,3110729449.03,20230104,14.32,1.0975376289320002,20240614,20240614,1.071428
000001.SZ,1d,2023-01-05,13.120279086934318,13.430063454264712,13.092945172169872,13.193169526306175,1665425.0,2417272355.99,20230105,14.48,1.0975376289320002,20240614,20240614,1.071428
000001.SZ,1d,2023-01-06,13.21139213614914,13.411840844421748,13.193169526306175,13.320727795206926,1195745.0,1747915169.2600002,20230106,14.620000000000001,1.0975376289320002,20240614,20240614,1.071428
000001.SZ,1d,2023-01-09,13.439174759186194,13.557621723165461,13.229614745992103,13.484731283793604,1057659.0,1561368487.3,20230109,14.799999999999999,1.0975376289320002,20240614,20240614,1.071428
000001.SZ,1d,2023-01-10,13.448286064107675,13.566733028086944,13.111167782012837,13.156724306620248,1269423.0,1851093716.76,20230110,14.440000000000001,1.0975376289320002,20240614,20240614,1.071428
000001.SZ,1d,2023-01-11,13.165835611541729,13.46650867395064,13.111167782012837,13.366284319814335,830566.0,1217450811.64,20230111,14.67,1.0975376289320002,20240614,20240614,1.071428
000001.SZ,1d,2023-01-12,13.45739736902916,13.45739736902916,13.238726050913588,13.366284319814337,625695.0,914367699.65,20230112,14.670000000000002,1.0975376289320002,20240614,20240614,1.071428
000001.SZ,1d,2023-01-13,13.366284319814335,13.621400857615837,13.256948660756551,13.621400857615837,949086.0,1407181074.2900002,20230113,14.950000000000001,1.0975376289320002,20240614,20240614,1.071428
000001.SZ,1d,2023-01-16,13.621400857615836,13.922073920024747,13.530287808401015,13.739847821595106,1560040.0,2356399992.83,20230116,15.08,1.0975376289320002,20240614,20240614,1.071428
000001.SZ,1d,2023-01-17,13.785404346202515,13.830960870809927,13.457397369029158,13.6396234674588,935835.0,1396151514.52,20230117,14.969999999999999,1.0975376289320002,20240614,20240614,1.071428
000001.SZ,1d,2023-01-18,13.621400857615836,13.830960870809927,13.584955637929909,13.76718173635955,718434.0,1083362997.53,20230118,15.11,1.0975376289320002,20240614,20240614,1.071428
000001.SZ,1d,2023-01-19,13.785404346202517,13.894740005260303,13.54851041824398,13.748959126516588,641875.0,963744633.47,20230119,15.090000000000002,1.0975376289320002,20240614,20240614,1.071428
000001.SZ,1d,2023-01-20,13.812738260966963,13.88562870033882,13.666957382223247,13.785404346202517,608590.0,920144805.73,20230120,15.13,1.0975376289320002,20240614,20240614,1.071428
000001.SZ,1d,2023-01-30,14.21363567751218,14.341193946412927,13.566733028086944,13.80362695604548,1374318.0,2096867649.37,20230130,15.15,1.0975376289320002,20240614,20240614,1.071428
000001.SZ,1d,2023-01-31,13.88562870033882,14.13163393321884,13.63051216253732,13.657846077301766,1030498.0,1568639326.21,20230131,14.99,1.0975376289320002,20240614,20240614,1.071428
000001.SZ,1d,2023-02-01,13.694291296987693,13.739847821595106,13.22050344107062,13.393618234578781,1653421.0,2426471972.5199995,20230201,14.7,1.0975376289320002,20240614,20240614,1.071428
000001.SZ,1d,2023-02-02,13.430063454264712,13.466508673950639,13.001832122955049,13.30250518536396,1577900.0,2280744883.13,20230202,14.6,1.0975376289320002,20240614,20240614,1.071428
000001.SZ,1d,2023-02-03,13.165835611541729,13.256948660756551,12.901607768818746,13.04738864756246,1246383.0,1782105890.79,20230203,14.32,1.0975376289320002,20240614,20240614,1.071428
000001.SZ,1d,2023-02-06,12.846939939289852,12.874273854054298,12.62826862117428,12.755826890075031,1317610.0,1838428709.03,20230206,14.0,1.0975376289320002,20240614,20240614,1.071428
000001.SZ,1d,2023-02-07,12.810494719603925,13.04738864756246,12.78316080483948,12.947164293426157,869460.0,1235297762.5400002,20230207,14.21,1.0975376289320002,20240614,20240614,1.071428
000001.SZ,1d,2023-02-08,12.974498208190605,13.04738864756246,12.78316080483948,12.79227210976096,657893.0,928708933.8500001,20230208,14.040000000000001,1.0975376289320002,20240614,20240614,1.071428
000001.SZ,1d,2023-02-09,12.764938194996514,13.029166037719497,12.719381670389103,12.8742738540543,830350.0,1174361963.28,20230209,14.13,1.0975376289320002,20240614,20240614,1.071428
000001.SZ,1d,2023-02-10,12.846939939289852,12.865162549132817,12.62826862117428,12.737604280232066,847284.0,1184283386.2,20230210,13.979999999999999,1.0975376289320002,20240614,20240614,1.071428
000001.SZ,1d,2023-02-13,12.701159060546138,12.701159060546138,12.391374693215743,12.591823401488352,1800054.0,2473405202.92,20230213,13.82,1.0975376289320002,20240614,20240614,1.071428
000001.SZ,1d,2023-02-14,12.6191573162528,12.737604280232068,12.573600791645388,12.719381670389103,909937.0,1263892077.72,20230214,13.96,1.0975376289320002,20240614,20240614,1.071428
000001.SZ,1d,2023-02-15,12.710270365467622,12.719381670389103,12.40959730305871,12.455153827666122,1250244.0,1713566672.72,20230215,13.670000000000002,1.0975376289320002,20240614,20240614,1.071428
000001.SZ,1d,2023-02-16,12.464265132587602,12.673825145781692,12.300261644000923,12.391374693215743,1279123.0,1757431083.85,20230216,13.6,1.0975376289320002,20240614,20240614,1.071428
000001.SZ,1d,2023-02-17,12.41870860798019,12.50071035227353,12.236482509550548,12.236482509550548,918364.0,1246777397.11,20230217,13.43,1.0975376289320002,20240614,20240614,1.071428
000001.SZ,1d,2023-02-20,12.300261644000923,12.892496463897263,12.29115033907944,12.892496463897263,2116191.0,2945969773.39,20230220,14.15,1.0975376289320002,20240614,20240614,1.071428
000001.SZ,1d,2023-02-21,12.810494719603925,12.938052988504674,12.682936450703174,12.846939939289852,990495.0,1393153377.3000002,20230221,14.1,1.0975376289320002,20240614,20240614,1.071428
000001.SZ,1d,2023-02-22,12.755826890075031,12.865162549132817,12.701159060546138,12.774049499917995,638922.0,895742534.3100001,20230222,14.02,1.0975376289320002,20240614,20240614,1.071428
000001.SZ,1d,2023-02-23,12.755826890075031,13.04738864756246,12.737604280232068,12.801383414682443,824491.0,1165539851.19,20230223,14.05,1.0975376289320002,20240614,20240614,1.071428
000001.SZ,1d,2023-02-24,12.774049499917997,12.78316080483948,12.573600791645388,12.628268621174282,729989.0,1012652971.88,20230224,13.860000000000001,1.0975376289320002,20240614,20240614,1.071428
000001.SZ,1d,2023-02-27,12.528044267037977,12.646491231017244,12.464265132587602,12.473376437509083,621462.0,854854040.5400001,20230227,13.69,1.0975376289320002,20240614,20240614,1.071428
000001.SZ,1d,2023-02-28,12.528044267037977,12.619157316252798,12.400485998137226,12.555378181802423,607936.0,833316018.4499999,20230228,13.78,1.0975376289320002,20240614,20240614,1.071428
000001.SZ,1d,2023-03-01,12.573600791645388,12.928941683583192,12.518932962116494,12.910719073740228,1223452.0,1719710647.06,20230301,14.17,1.0975376289320002,20240614,20240614,1.071428
000001.SZ,1d,2023-03-02,12.8742738540543,13.156724306620248,12.810494719603925,12.974498208190603,1015877.0,1447565979.98,20230302,14.24,1.0975376289320002,20240614,20240614,1.071428
000001.SZ,1d,2023-03-03,13.074722562326908,13.092945172169872,12.883385158975782,13.020054732798014,690954.0,985552120.63,20230303,14.290000000000001,1.0975376289320002,20240614,20240614,1.071428
000001.SZ,1d,2023-03-06,13.029166037719497,13.029166037719497,12.500710352273531,12.6191573162528,1455824.0,2023954547.2,20230306,13.850000000000001,1.0975376289320002,20240614,20240614,1.071428
000001.SZ,1d,2023-03-07,12.619157316252798,12.846939939289852,12.436931217823156,12.473376437509083,1279266.0,1773654737.03,20230307,13.69,1.0975376289320002,20240614,20240614,1.071428
000001.SZ,1d,2023-03-08,12.418708607980191,12.427819912901674,12.209148594786102,12.32759555876537,1096898.0,1479838980.07,20230308,13.530000000000001,1.0975376289320002,20240614,20240614,1.071428
000001.SZ,1d,2023-03-09,12.336706863686853,12.37315208337278,11.963143361906084,12.026922496356459,1736065.0,2305765842.21,20230309,13.200000000000001,1.0975376289320002,20240614,20240614,1.071428
000001.SZ,1d,2023-03-10,11.844696397926814,12.090701630806832,11.844696397926814,11.972254666827565,856996.0,1128558359.5,20230310,13.14,1.0975376289320002,20240614,20240614,1.071428
000001.SZ,1d,2023-03-13,11.9540320569846,12.108924240649797,11.844696397926814,11.890252922534225,1000635.0,1309490079.38,20230313,13.05,1.0975376289320002,20240614,20240614,1.071428
000001.SZ,1d,2023-03-14,11.835585093005333,11.844696397926814,11.598691165046796,11.726249433947547,1149076.0,1474124198.8600001,20230314,12.870000000000001,1.0975376289320002,20240614,20240614,1.071428
000001.SZ,1d,2023-03-15,11.890252922534225,12.008699886513494,11.790028568397922,11.890252922534225,979364.0,1278262225.47,20230315,13.049999999999999,1.0975376289320002,20240614,20240614,1.071428
000001.SZ,1d,2023-03-16,11.74447204379051,11.872030312691262,11.662470299497173,11.680692909340136,916792.0,1182054433.62,20230316,12.82,1.0975376289320002,20240614,20240614,1.071428
000001.SZ,1d,2023-03-17,11.835585093005333,11.881141617612744,11.525800725674939,11.61691377488976,1556814.0,2000832407.83,20230317,12.75,1.0975376289320002,20240614,20240614,1.071428
000001.SZ,1d,2023-03-20,11.626025079811244,11.708026824104584,11.434687676460118,11.452910286303082,1188816.0,1505893658.68,20230320,12.57,1.0975376289320002,20240614,20240614,1.071428
000001.SZ,1d,2023-03-21,11.525800725674939,11.644247689654206,11.389131151852707,11.571357250282349,840743.0,1060914056.37,20230321,12.7,1.0975376289320002,20240614,20240614,1.071428
000001.SZ,1d,2023-03-22,11.61691377488976,11.73536073886903,11.580468555203833,11.65335899457569,876691.0,1121080753.38,20230322,12.790000000000001,1.0975376289320002,20240614,20240614,1.071428
000001.SZ,1d,2023-03-23,11.57135725028235,11.753583348711993,11.507578115831976,11.753583348711993,804306.0,1029380497.2700001,20230323,12.9,1.0975376289320002,20240614,20240614,1.071428
000001.SZ,1d,2023-03-24,11.708026824104582,11.717138129026063,11.626025079811242,11.680692909340136,621519.0,796319541.9700001,20230324,12.82,1.0975376289320002,20240614,20240614,1.071428
000001.SZ,1d,2023-03-27,11.662470299497173,11.671581604418654,11.352685932166779,11.48024420106753,1008422.0,1266945056.0299997,20230327,12.600000000000001,1.0975376289320002,20240614,20240614,1.071428
000001.SZ,1d,2023-03-28,11.534912030596422,11.598691165046796,11.434687676460118,11.516689420753456,673868.0,851797868.5600001,20230328,12.64,1.0975376289320002,20240614,20240614,1.071428
000001.SZ,1d,2023-03-29,11.598691165046796,11.607802469968279,11.389131151852707,11.416465066617151,596064.0,750687550.55,20230329,12.53,1.0975376289320002,20240614,20240614,1.071428
000001.SZ,1d,2023-03-30,11.434687676460118,11.580468555203833,11.307129407559367,11.553134640439385,824546.0,1035422932.0100001,20230330,12.68,1.0975376289320002,20240614,20240614,1.071428
000001.SZ,1d,2023-03-31,11.562245945360868,11.635136384732725,11.398242456774188,11.416465066617151,865492.0,1092263436.9,20230331,12.53,1.0975376289320002,20240614,20240614,1.071428
000001.SZ,1d,2023-04-03,11.434687676460118,11.56224594536087,11.352685932166779,11.544023335517904,740429.0,934285179.24,20230403,12.670000000000002,1.0975376289320002,20240614,20240614,1.071428
000001.SZ,1d,2023-04-04,11.516689420753456,11.589579860125314,11.471132896146045,11.525800725674939,647457.0,817726526.95,20230404,12.65,1.0975376289320002,20240614,20240614,1.071428
000001.SZ,1d,2023-04-06,11.480244201067528,11.48935550598901,11.389131151852707,11.462021591224564,563321.0,706480659.58,20230406,12.58,1.0975376289320002,20240614,20240614,1.071428
000001.SZ,1d,2023-04-07,11.452910286303082,11.562245945360868,11.389131151852707,11.498466810910491,607925.0,767354796.52,20230407,12.62,1.0975376289320002,20240614,20240614,1.071428
000001.SZ,1d,2023-04-10,11.516689420753456,11.571357250282349,11.462021591224564,11.553134640439385,640182.0,809943147.62,20230410,12.68,1.0975376289320002,20240614,20240614,1.071428
000001.SZ,1d,2023-04-11,11.571357250282349,11.589579860125314,11.40735376169567,11.425576371538634,777780.0,978302907.7900001,20230411,12.54,1.0975376289320002,20240614,20240614,1.071428
000001.SZ,1d,2023-04-12,11.462021591224566,11.471132896146047,11.343574627245296,11.370908542009742,909957.0,1136997696.1399999,20230412,12.48,1.0975376289320002,20240614,20240614,1.071428
000001.SZ,1d,2023-04-13,11.307129407559367,11.544023335517902,11.206905053423064,11.4437989813816,1131591.0,1413919037.13,20230413,12.56,1.0975376289320002,20240614,20240614,1.071428
000001.SZ,1d,2023-04-14,11.480244201067528,11.753583348711993,11.462021591224564,11.562245945360868,1297995.0,1653539530.91,20230414,12.69,1.0975376289320002,20240614,20240614,1.071428
000001.SZ,1d,2023-04-17,11.534912030596422,11.790028568397922,11.480244201067528,11.78091726347644,1304213.0,1669357649.18,20230417,12.93,1.0975376289320002,20240614,20240614,1.071428
000001.SZ,1d,2023-04-18,11.78091726347644,12.026922496356459,11.74447204379051,11.844696397926814,1538936.0,2009934874.5900002,20230418,13.0,1.0975376289320002,20240614,20240614,1.071428
000001.SZ,1d,2023-04-19,11.86291900776978,11.90847553237719,11.689804214261619,11.708026824104582,1014378.0,1309536001.8000002,20230419,12.85,1.0975376289320002,20240614,20240614,1.071428
000001.SZ,1d,2023-04-20,11.753583348711993,11.753583348711993,11.498466810910493,11.616913774889762,811788.0,1033330703.7800001,20230420,12.750000000000002,1.0975376289320002,20240614,20240614,1.071428
000001.SZ,1d,2023-04-21,11.57135725028235,11.689804214261619,11.370908542009742,11.389131151852707,918668.0,1160509766.03,20230421,12.5,1.0975376289320002,20240614,20240614,1.071428
000001.SZ,1d,2023-04-24,11.370908542009742,11.389131151852707,10.960899820543046,11.024678954993421,1467672.0,1798133966.9200003,20230424,12.100000000000001,1.0975376289320002,20240614,20240614,1.071428
000001.SZ,1d,2023-04-25,11.06112417467935,11.270684187873439,11.042901564836384,11.188682443580099,1301901.0,1595320169.74,20230425,12.280000000000001,1.0975376289320002,20240614,20240614,1.071428
000001.SZ,1d,2023-04-26,11.161348528815653,11.161348528815653,10.924454600857116,11.042901564836384,991260.0,1197555724.16,20230426,12.120000000000001,1.0975376289320002,20240614,20240614,1.071428
000001.SZ,1d,2023-04-27,10.988233735307492,11.252461578030474,10.933565905778599,11.170459833737134,1004093.0,1222755932.3700001,20230427,12.26,1.0975376289320002,20240614,20240614,1.071428
000001.SZ,1d,2023-04-28,11.170459833737134,11.644247689654208,11.134014614051207,11.434687676460118,1445254.0,1816868032.9800003,20230428,12.55,1.0975376289320002,20240614,20240614,1.071428
000001.SZ,1d,2023-05-04,11.298018102637885,11.689804214261619,11.106680699286759,11.598691165046796,1478264.0,1863146144.1599998,20230504,12.73,1.0975376289320002,20240614,20240614,1.071428
000001.SZ,1d,2023-05-05,11.644247689654206,11.944920752063117,11.61691377488976,11.762694653633476,1762189.0,2283981032.07,20230505,12.91,1.0975376289320002,20240614,20240614,1.071428
000001.SZ,1d,2023-05-08,11.790028568397922,12.29115033907944,11.6989155191831,12.136258155414245,2630719.0,3478891629.3500004,20230508,13.32,1.0975376289320002,20240614,20240614,1.071428
000001.SZ,1d,2023-05-09,12.209148594786102,12.391374693215745,11.963143361906084,11.990477276670529,2422534.0,3238716470.9700003,20230509,13.16,1.0975376289320002,20240614,20240614,1.071428
000001.SZ,1d,2023-05-10,11.999588581592011,12.081590325885353,11.662470299497173,11.6989155191831,1237053.0,1600189994.17,20230510,12.84,1.0975376289320002,20240614,20240614,1.071428
000001.SZ,1d,2023-05-11,11.799139873319405,11.954032056984602,11.662470299497173,11.708026824104584,903758.0,1166479364.8899999,20230511,12.850000000000001,1.0975376289320002,20240614,20240614,1.071428
000001.SZ,1d,2023-05-12,11.680692909340136,11.726249433947546,11.48935550598901,11.498466810910491,885604.0,1124579090.5400002,20230512,12.62,1.0975376289320002,20240614,20240614,1.071428
000001.SZ,1d,2023-05-15,11.553134640439387,11.708026824104584,11.343574627245296,11.689804214261619,928326.0,1173804243.15,20230515,12.830000000000002,1.0975376289320002,20240614,20240614,1.071428
000001.SZ,1d,2023-05-16,11.662470299497173,11.771805958554957,11.452910286303082,11.498466810910493,998302.0,1267712090.05,20230516,12.620000000000001,1.0975376289320002,20240614,20240614,1.071428
000001.SZ,1d,2023-05-17,11.462021591224564,11.516689420753455,11.334463322323813,11.380019846931225,754621.0,945315193.07,20230517,12.49,1.0975376289320002,20240614,20240614,1.071428
000001.SZ,1d,2023-05-18,11.452910286303082,11.516689420753456,11.32535201740233,11.380019846931225,687187.0,861347534.3199999,20230518,12.49,1.0975376289320002,20240614,20240614,1.071428
000001.SZ,1d,2023-05-19,11.32535201740233,11.334463322323813,11.225127663266028,11.243350273108991,688414.0,851165593.52,20230519,12.34,1.0975376289320002,20240614,20240614,1.071428
000001.SZ,1d,2023-05-22,11.216016358344545,11.343574627245296,11.216016358344545,11.279795492794921,549328.0,679754868.04,20230522,12.38,1.0975376289320002,20240614,20240614,1.071428
000001.SZ,1d,2023-05-23,11.279795492794921,11.307129407559367,11.124903309129724,11.124903309129724,694364.0,852871175.23,20230523,12.21,1.0975376289320002,20240614,20240614,1.071428
000001.SZ,1d,2023-05-24,11.11579200420824,11.124903309129722,10.94267721070008,10.94267721070008,824251.0,996600577.63,20230524,12.01,1.0975376289320002,20240614,20240614,1.071428
000001.SZ,1d,2023-05-25,10.924454600857116,10.933565905778599,10.760451112270438,10.869786771328222,882744.0,1050002541.88,20230525,11.93,1.0975376289320002,20240614,20240614,1.071428
000001.SZ,1d,2023-05-26,10.869786771328222,11.052012869757865,10.787785027034884,11.02467895499342,511429.0,613772897.17,20230526,12.1,1.0975376289320002,20240614,20240614,1.071428
000001.SZ,1d,2023-05-29,11.033790259914904,11.052012869757867,10.888009381171189,10.915343295935633,566074.0,680275577.83,20230529,11.98,1.0975376289320002,20240614,20240614,1.071428
000001.SZ,1d,2023-05-30,10.915343295935633,10.924454600857116,10.751339807348955,10.81511894179933,763997.0,906316373.6100001,20230530,11.870000000000001,1.0975376289320002,20240614,20240614,1.071428
000001.SZ,1d,2023-05-31,10.769562417191919,10.787785027034884,10.550891099076347,10.56911370891931,1179587.0,1376758356.6800003,20230531,11.6,1.0975376289320002,20240614,20240614,1.071428
000001.SZ,1d,2023-06-01,10.56911370891931,10.642004148291168,10.47800065970449,10.56000240399783,743023.0,861646489.19,20230601,11.59,1.0975376289320002,20240614,20240614,1.071428
000001.SZ,1d,2023-06-02,10.642004148291168,10.906231991014153,10.605558928605241,10.869786771328222,1221843.0,1446502669.25,20230602,11.93,1.0975376289320002,20240614,20240614,1.071428
000001.SZ,1d,2023-06-05,10.824230246720813,10.933565905778599,10.769562417191919,10.851564161485259,521846.0,620531416.4200001,20230605,11.91,1.0975376289320002,20240614,20240614,1.071428
000001.SZ,1d,2023-06-06,10.851564161485259,11.015567650071937,10.769562417191919,10.787785027034884,833273.0,997039311.52,20230606,11.84,1.0975376289320002,20240614,20240614,1.071428
000001.SZ,1d,2023-06-07,10.833341551642295,10.997345040228973,10.824230246720813,10.878898076249707,643698.0,770386878.4700001,20230607,11.940000000000001,1.0975376289320002,20240614,20240614,1.071428
000001.SZ,1d,2023-06-08,10.897120686092668,11.11579200420824,10.806007636877847,11.042901564836383,869397.0,1048266235.89,20230608,12.12,1.0975376289320002,20240614,20240614,1.071428
000001.SZ,1d,2023-06-09,10.988233735307492,11.015567650071937,10.796896331956365,10.824230246720811,1315285.0,1566929273.97,20230609,11.879999999999999,1.0975376289320002,20240614,20240614,1.071428
000001.SZ,1d,2023-06-12,10.769562417191919,10.842452856563776,10.714894587663027,10.742228502427471,758747.0,896015708.76,20230612,11.79,1.0975376289320002,20240614,20240614,1.071428
000001.SZ,1d,2023-06-13,10.714894587663027,10.787785027034884,10.65111545321265,10.724005892584508,849988.0,1000183566.9200002,20230613,11.77,1.0975376289320002,20240614,20240614,1.071428
000001.SZ,1d,2023-06-14,10.7800057493364,10.948005838936448,10.696005704536377,10.70533904284749,1069200.0,1237376775.64,20230614,11.47,1.071428,20240614,20240614,1.071428
000001.SZ,1d,2023-06-15,10.724005719469718,10.85467245582531,10.630672336358579,10.836005779203083,925301.0,1064567231.22,20230615,11.610000000000001,1.071428,20240614,20240614,1.071428
000001.SZ,1d,2023-06-16,10.83600577920308,10.892005809069765,10.798672425958626,10.85467245582531,842034.0,978869317.2900001,20230616,11.63,1.071428,20240614,20240614,1.071428
000001.SZ,1d,2023-06-19,10.85467245582531,10.85467245582531,10.649339012980807,10.686672366225261,953997.0,1096351096.7099998,20230619,11.45,1.071428,20240614,20240614,1.071428
000001.SZ,1d,2023-06-20,10.677339027914147,10.696005704536375,10.593338983114124,10.602672321425237,544551.0,620374307.69,20230620,11.36,1.071428,20240614,20240614,1.071428
000001.SZ,1d,2023-06-21,10.602672321425237,10.714672381158604,10.58400564480301,10.593338983114124,616583.0,703681563.97,20230621,11.35,1.071428,20240614,20240614,1.071428
000001.SZ,1d,2023-06-26,10.546672291558556,10.546672291558556,10.406672216891849,10.43467223182519,676577.0,757975991.51,20230626,11.18,1.071428,20240614,20240614,1.071428
000001.SZ,1d,2023-06-27,10.453338908447417,10.565338968180782,10.425338893514077,10.528005614936328,461702.0,519520687.33000004,20230627,11.28,1.071428,20240614,20240614,1.071428
000001.SZ,1d,2023-06-28,10.52800561493633,10.574672306491896,10.472005585069645,10.546672291558556,365396.0,412039353.92999995,20230628,11.3,1.071428,20240614,20240614,1.071428
000001.SZ,1d,2023-06-29,10.53733895324744,10.53733895324744,10.425338893514077,10.43467223182519,485906.0,544534825.51,20230629,11.18,1.071428,20240614,20240614,1.071428
000001.SZ,1d,2023-06-30,10.43467223182519,10.55600562986967,10.406672216891849,10.48133892338076,519053.0,583494654.79,20230630,11.23,1.071428,20240614,20240614,1.071428
000001.SZ,1d,2023-07-03,10.490672261691874,10.761339072714174,10.48133892338076,10.724005719469718,885091.0,1009887428.65,20230703,11.49,1.071428,20240614,20240614,1.071428
000001.SZ,1d,2023-07-04,10.696005704536377,10.724005719469718,10.565338968180782,10.640005674669693,616301.0,701885269.78,20230704,11.4,1.071428,20240614,20240614,1.071428
000001.SZ,1d,2023-07-05,10.602672321425239,10.640005674669693,10.546672291558556,10.58400564480301,423482.0,479726282.46999997,20230705,11.34,1.071428,20240614,20240614,1.071428
000001.SZ,1d,2023-07-06,10.546672291558556,10.584005644803012,10.462672246758531,10.490672261691874,597096.0,672396816.4000001,20230706,11.24,1.071428,20240614,20240614,1.071428
000001.SZ,1d,2023-07-07,10.453338908447417,10.518672276625214,10.43467223182519,10.453338908447417,484441.0,543212455.87,20230707,11.2,1.071428,20240614,20240614,1.071428
000001.SZ,1d,2023-07-10,10.500005600002986,10.528005614936328,10.425338893514077,10.453338908447417,495882.0,556581581.65,20230710,11.2,1.071428,20240614,20240614,1.071428
000001.SZ,1d,2023-07-11,10.472005585069644,10.5093389383141,10.444005570136303,10.462672246758531,570809.0,640131787.1,20230711,11.209999999999999,1.071428,20240614,20240614,1.071428
000001.SZ,1d,2023-07-12,10.48133892338076,10.602672321425239,10.472005585069645,10.490672261691874,736084.0,830230820.88,20230712,11.24,1.071428,20240614,20240614,1.071428
000001.SZ,1d,2023-07-13,10.565338968180782,10.705339042847488,10.518672276625214,10.668005689603033,1124230.0,1281848378.9100003,20230713,11.43,1.071428,20240614,20240614,1.071428
000001.SZ,1d,2023-07-14,10.668005689603033,10.7800057493364,10.640005674669693,10.696005704536377,719147.0,825295738.24,20230714,11.46,1.071428,20240614,20240614,1.071428
000001.SZ,1d,2023-07-17,10.649339012980807,10.649339012980807,10.5093389383141,10.55600562986967,608343.0,687262893.86,20230717,11.31,1.071428,20240614,20240614,1.071428
000001.SZ,1d,2023-07-18,10.537338953247442,10.565338968180782,10.472005585069645,10.500005600002986,471966.0,531299772.68,20230718,11.25,1.071428,20240614,20240614,1.071428
000001.SZ,1d,2023-07-19,10.48133892338076,10.565338968180782,10.48133892338076,10.55600562986967,382196.0,430771279.03000003,20230719,11.31,1.071428,20240614,20240614,1.071428
000001.SZ,1d,2023-07-20,10.574672306491896,10.67733902791415,10.537338953247442,10.565338968180782,554070.0,629696111.29,20230720,11.32,1.071428,20240614,20240614,1.071428
000001.SZ,1d,2023-07-21,10.556005629869668,10.630672336358579,10.528005614936328,10.58400564480301,377103.0,427375950.49,20230721,11.34,1.071428,20240614,20240614,1.071428
000001.SZ,1d,2023-07-24,10.574672306491896,10.574672306491896,10.490672261691874,10.5093389383141,426852.0,480713395.70000005,20230724,11.26,1.071428,20240614,20240614,1.071428
000001.SZ,1d,2023-07-25,10.686672366225261,10.948005838936446,10.677339027914147,10.938672500625332,2032958.0,2358815159.63,20230725,11.719999999999999,1.071428,20240614,20240614,1.071428
000001.SZ,1d,2023-07-26,10.873339132447537,10.957339177247562,10.789339087647514,10.892005809069765,751663.0,875260135.14,20230726,11.67,1.071428,20240614,20240614,1.071428
000001.SZ,1d,2023-07-27,10.901339147380877,11.07867257529204,10.873339132447537,10.966672515558674,1115196.0,1314228293.8400002,20230727,11.75,1.071428,20240614,20240614,1.071428
000001.SZ,1d,2023-07-28,10.910672485691991,11.480006122669932,10.892005809069765,11.442672769425476,2347013.0,2839828236.6200004,20230728,12.26,1.071428,20240614,20240614,1.071428
000001.SZ,1d,2023-07-31,11.480006122669932,11.666672888892208,11.414672754492136,11.49867279929216,1854952.0,2288940410.58,20230731,12.32,1.071428,20240614,20240614,1.071428
000001.SZ,1d,2023-08-01,11.442672769425478,11.545339490847729,11.321339371380999,11.34933938631434,957735.0,1169570704.83,20230801,12.16,1.071428,20240614,20240614,1.071428
000001.SZ,1d,2023-08-02,11.256006003203202,11.42400609280325,11.134672605158721,11.22800598826986,1115900.0,1343864165.36,20230802,12.03,1.071428,20240614,20240614,1.071428
000001.SZ,1d,2023-08-03,11.190672635025406,11.545339490847729,11.153339281780951,11.508006137603275,1175848.0,1433255493.11,20230803,12.330000000000002,1.071428,20240614,20240614,1.071428
000001.SZ,1d,2023-08-04,11.5920061824033,11.69467290382555,11.39600607786991,11.480006122669932,1303131.0,1611435431.36,20230804,12.3,1.071428,20240614,20240614,1.071428
000001.SZ,1d,2023-08-07,11.39600607786991,11.433339431114364,11.312006033069885,11.34933938631434,646913.0,786506452.16,20230807,12.16,1.071428,20240614,20240614,1.071428
000001.SZ,1d,2023-08-08,11.312006033069883,11.39600607786991,11.20000597333652,11.293339356447657,725705.0,877489187.97,20230808,12.1,1.071428,20240614,20240614,1.071428
000001.SZ,1d,2023-08-09,11.256006003203202,11.386672739558795,11.246672664892088,11.358672724625453,577608.0,702060796.64,20230809,12.17,1.071428,20240614,20240614,1.071428
000001.SZ,1d,2023-08-10,11.340006048003225,11.39600607786991,11.256006003203202,11.34933938631434,475595.0,577123919.6800001,20230810,12.16,1.071428,20240614,20240614,1.071428
000001.SZ,1d,2023-08-11,11.358672724625453,11.452006107736592,11.097339251914269,11.097339251914269,943539.0,1132867239.31,20230811,11.89,1.071428,20240614,20240614,1.071428
000001.SZ,1d,2023-08-14,10.976005853869788,10.994672530492016,10.817339102580855,10.892005809069765,975920.0,1139185249.4600003,20230814,11.67,1.071428,20240614,20240614,1.071428
000001.SZ,1d,2023-08-15,10.910672485691991,11.013339207114242,10.826672440891969,10.948005838936448,712813.0,834163039.6,20230815,11.73,1.071428,20240614,20240614,1.071428
000001.SZ,1d,2023-08-16,10.892005809069765,11.060005898669813,10.83600577920308,10.948005838936446,572904.0,671706045.36,20230816,11.729999999999999,1.071428,20240614,20240614,1.071428
000001.SZ,1d,2023-08-17,10.892005809069767,10.920005824003107,10.696005704536377,10.798672425958626,965058.0,1116292661.67,20230817,11.57,1.071428,20240614,20240614,1.071428
000001.SZ,1d,2023-08-18,10.80800576426974,10.957339177247562,10.761339072714172,10.789339087647512,659819.0,767047286.8900001,20230818,11.559999999999999,1.071428,20240614,20240614,1.071428
000001.SZ,1d,2023-08-21,10.789339087647514,10.80800576426974,10.565338968180782,10.565338968180782,701498.0,799641423.7600001,20230821,11.32,1.071428,20240614,20240614,1.071428
000001.SZ,1d,2023-08-22,10.621338998047467,10.686672366225263,10.55600562986967,10.612005659736353,606808.0,689991238.06,20230822,11.370000000000001,1.071428,20240614,20240614,1.071428
000001.SZ,1d,2023-08-23,10.593338983114124,10.658672351291921,10.490672261691874,10.500005600002986,691810.0,783102827.23,20230823,11.25,1.071428,20240614,20240614,1.071428
000001.SZ,1d,2023-08-24,10.537338953247442,10.565338968180782,10.313338833780712,10.388005540269623,1291271.0,1439197083.69,20230824,11.13,1.071428,20240614,20240614,1.071428
000001.SZ,1d,2023-08-25,10.36000552533628,10.574672306491896,10.341338848714052,10.48133892338076,845350.0,946760250.6,20230825,11.23,1.071428,20240614,20240614,1.071428
000001.SZ,1d,2023-08-28,11.050672560358699,11.134672605158721,10.724005719469718,10.752005734403058,1997610.0,2336205800.5600004,20230828,11.52,1.071428,20240614,20240614,1.071428
000001.SZ,1d,2023-08-29,10.70533904284749,10.724005719469718,10.388005540269623,10.55600562986967,1964961.0,2217588610.12,20230829,11.31,1.071428,20240614,20240614,1.071428
000001.SZ,1d,2023-08-30,10.518672276625216,10.518672276625216,10.388005540269623,10.388005540269623,1375638.0,1537573550.5700002,20230830,11.13,1.071428,20240614,20240614,1.071428
000001.SZ,1d,2023-08-31,10.397338878580735,10.472005585069645,10.378672201958508,10.388005540269623,806474.0,900123574.83,20230831,11.13,1.071428,20240614,20240614,1.071428
000001.SZ,1d,2023-09-01,10.444005570136303,10.602672321425237,10.444005570136303,10.565338968180782,1138705.0,1285169019.19,20230901,11.32,1.071428,20240614,20240614,1.071428
000001.SZ,1d,2023-09-04,10.593338983114124,10.817339102580855,10.574672306491896,10.789339087647514,1410029.0,1621769196.4,20230904,11.56,1.071428,20240614,20240614,1.071428
000001.SZ,1d,2023-09-05,10.73333905778083,10.742672396091944,10.602672321425237,10.630672336358579,804177.0,917888858.57,20230905,11.389999999999999,1.071428,20240614,20240614,1.071428
000001.SZ,1d,2023-09-06,10.574672306491896,10.696005704536377,10.546672291558556,10.668005689603035,634841.0,721905681.98,20230906,11.430000000000001,1.071428,20240614,20240614,1.071428
000001.SZ,1d,2023-09-07,10.640005674669693,10.677339027914147,10.565338968180782,10.574672306491896,540042.0,613812175.9100001,20230907,11.33,1.071428,20240614,20240614,1.071428
000001.SZ,1d,2023-09-08,10.52800561493633,10.565338968180782,10.48133892338076,10.518672276625214,479030.0,539624962.82,20230908,11.27,1.071428,20240614,20240614,1.071428
000001.SZ,1d,2023-09-11,10.546672291558554,10.640005674669693,10.518672276625214,10.58400564480301,654486.0,741764911.22,20230911,11.34,1.071428,20240614,20240614,1.071428
000001.SZ,1d,2023-09-12,10.593338983114124,10.593338983114124,10.500005600002986,10.528005614936328,495485.0,559058535.52,20230912,11.28,1.071428,20240614,20240614,1.071428
000001.SZ,1d,2023-09-13,10.537338953247442,10.565338968180782,10.462672246758531,10.500005600002986,490218.0,551747627.6800001,20230913,11.25,1.071428,20240614,20240614,1.071428
000001.SZ,1d,2023-09-14,10.528005614936328,10.574672306491896,10.500005600002986,10.53733895324744,551650.0,622906052.62,20230914,11.29,1.071428,20240614,20240614,1.071428
000001.SZ,1d,2023-09-15,10.593338983114126,10.640005674669693,10.453338908447419,10.472005585069645,890476.0,1005529160.7700001,20230915,11.22,1.071428,20240614,20240614,1.071428
000001.SZ,1d,2023-09-18,10.472005585069645,10.490672261691874,10.397338878580735,10.48133892338076,501325.0,561449769.63,20230918,11.23,1.071428,20240614,20240614,1.071428
000001.SZ,1d,2023-09-19,10.472005585069645,10.48133892338076,10.416005555202963,10.462672246758531,503664.0,564044044.21,20230919,11.21,1.071428,20240614,20240614,1.071428
000001.SZ,1d,2023-09-20,10.453338908447419,10.472005585069645,10.406672216891849,10.406672216891849,558872.0,624785494.94,20230920,11.15,1.071428,20240614,20240614,1.071428
000001.SZ,1d,2023-09-21,10.397338878580735,10.397338878580735,10.304005495469598,10.313338833780712,843930.0,934673193.8699999,20230921,11.05,1.071428,20240614,20240614,1.071428
000001.SZ,1d,2023-09-22,10.294672157158484,10.500005600002986,10.294672157158484,10.490672261691874,911484.0,1017137921.82,20230922,11.24,1.071428,20240614,20240614,1.071428
000001.SZ,1d,2023-09-25,10.490672261691874,10.565338968180782,10.444005570136303,10.472005585069644,761211.0,856022502.11,20230925,11.219999999999999,1.071428,20240614,20240614,1.071428
000001.SZ,1d,2023-09-26,10.472005585069645,10.5093389383141,10.397338878580735,10.416005555202963,444980.0,497885810.84000003,20230926,11.16,1.071428,20240614,20240614,1.071428
000001.SZ,1d,2023-09-27,10.406672216891849,10.472005585069645,10.406672216891849,10.425338893514077,490311.0,547905820.77,20230927,11.17,1.071428,20240614,20240614,1.071428
000001.SZ,1d,2023-09-28,10.444005570136303,10.490672261691874,10.43467223182519,10.453338908447417,520697.0,583649730.0400001,20230928,11.2,1.071428,20240614,20240614,1.071428
000001.SZ,1d,2023-10-09,10.416005555202963,10.425338893514077,10.322672172091826,10.369338863647394,695828.0,772959353.15,20231009,11.110000000000001,1.071428,20240614,20240614,1.071428
000001.SZ,1d,2023-10-10,10.444005570136303,10.453338908447417,10.28533881884737,10.28533881884737,820749.0,910160341.9,20231010,11.02,1.071428,20240614,20240614,1.071428
000001.SZ,1d,2023-10-11,10.350672187025168,10.350672187025168,10.229338788980687,10.248005465602915,724116.0,797663827.0,20231011,10.98,1.071428,20240614,20240614,1.071428
000001.SZ,1d,2023-10-12,10.369338863647394,10.416005555202963,10.304005495469598,10.369338863647394,853058.0,947562324.75,20231012,11.110000000000001,1.071428,20240614,20240614,1.071428
000001.SZ,1d,2023-10-13,10.294672157158484,10.332005510402938,10.220005450669575,10.266672142225143,684483.0,753110725.51,20231013,11.000000000000002,1.071428,20240614,20240614,1.071428
000001.SZ,1d,2023-10-16,10.266672142225143,10.294672157158484,10.220005450669575,10.276005480536258,501624.0,550988719.63,20231016,11.010000000000002,1.071428,20240614,20240614,1.071428
000001.SZ,1d,2023-10-17,10.276005480536258,10.313338833780712,10.229338788980687,10.285338818847372,493525.0,543170900.73,20231017,11.020000000000001,1.071428,20240614,20240614,1.071428
000001.SZ,1d,2023-10-18,10.25733880391403,10.28533881884737,10.182672097425119,10.220005450669573,651825.0,713979896.11,20231018,10.95,1.071428,20240614,20240614,1.071428
000001.SZ,1d,2023-10-19,10.182672097425119,10.192005435736233,9.884005271469478,9.893338609780592,1188961.0,1271914676.53,20231019,10.6,1.071428,20240614,20240614,1.071428
000001.SZ,1d,2023-10-20,9.846671918225022,9.958671977958389,9.809338564980568,9.893338609780592,526139.0,557618632.37,20231020,10.6,1.071428,20240614,20240614,1.071428
000001.SZ,1d,2023-10-23,9.884005271469478,9.893338609780592,9.734671858491657,9.800005226669454,530404.0,557032228.65,20231023,10.5,1.071428,20240614,20240614,1.071428
000001.SZ,1d,2023-10-24,9.837338579913908,9.902671948091704,9.744005196802771,9.846671918225022,760653.0,801528403.6700001,20231024,10.549999999999999,1.071428,20240614,20240614,1.071428
000001.SZ,1d,2023-10-25,9.809338564980568,9.837338579913908,9.66933849031386,9.688005166936088,1411450.0,1470971923.59,20231025,10.379999999999999,1.071428,20240614,20240614,1.071428
000001.SZ,1d,2023-10-26,9.622671798758294,9.725338520180545,9.61333846044718,9.71600518186943,599991.0,621915276.9,20231026,10.41,1.071428,20240614,20240614,1.071428
000001.SZ,1d,2023-10-27,9.68800516693609,9.781338550047227,9.64133847538052,9.753338535113885,919771.0,957587534.4300001,20231027,10.45,1.071428,20240614,20240614,1.071428
000001.SZ,1d,2023-10-30,9.706671843558317,9.772005211736111,9.660005152002748,9.753338535113885,805690.0,837646002.0400001,20231030,10.45,1.071428,20240614,20240614,1.071428
000001.SZ,1d,2023-10-31,9.734671858491657,9.790671888358341,9.71600518186943,9.762671873424999,652855.0,682212137.64,20231031,10.46,1.071428,20240614,20240614,1.071428
000001.SZ,1d,2023-11-01,9.846671918225024,9.856005256536138,9.753338535113887,9.781338550047227,567300.0,595211885.0,20231101,10.48,1.071428,20240614,20240614,1.071428
000001.SZ,1d,2023-11-02,9.800005226669454,9.893338609780592,9.772005211736113,9.781338550047227,619430.0,652316669.9300001,20231102,10.48,1.071428,20240614,20240614,1.071428
000001.SZ,1d,2023-11-03,9.790671888358341,9.818671903291682,9.734671858491657,9.781338550047227,705463.0,738879704.3000001,20231103,10.48,1.071428,20240614,20240614,1.071428
000001.SZ,1d,2023-11-06,9.809338564980568,9.977338654580615,9.809338564980568,9.977338654580615,1007062.0,1069206837.6800001,20231106,10.69,1.071428,20240614,20240614,1.071428
000001.SZ,1d,2023-11-07,9.949338639647275,9.949338639647275,9.874671933158364,9.893338609780592,640866.0,679815569.19,20231107,10.6,1.071428,20240614,20240614,1.071428
000001.SZ,1d,2023-11-08,9.874671933158366,9.893338609780592,9.753338535113887,9.800005226669455,877819.0,923622008.1100001,20231108,10.500000000000002,1.071428,20240614,20240614,1.071428
000001.SZ,1d,2023-11-09,9.762671873424997,9.818671903291682,9.734671858491657,9.790671888358341,639136.0,669639052.44,20231109,10.49,1.071428,20240614,20240614,1.071428
000001.SZ,1d,2023-11-10,9.753338535113887,9.772005211736113,9.604005122136066,9.61333846044718,1045044.0,1080649733.9800003,20231110,10.3,1.071428,20240614,20240614,1.071428
000001.SZ,1d,2023-11-13,9.622671798758294,9.64133847538052,9.538671753958269,9.56667176889161,770043.0,789007117.83,20231113,10.25,1.071428,20240614,20240614,1.071428
000001.SZ,1d,2023-11-14,9.557338430580497,9.64133847538052,9.548005092269383,9.585338445513838,596859.0,613377697.97,20231114,10.27,1.071428,20240614,20240614,1.071428
000001.SZ,1d,2023-11-15,9.678671828624974,9.753338535113885,9.650671813691634,9.678671828624974,1109140.0,1152154780.3400002,20231115,10.37,1.071428,20240614,20240614,1.071428
000001.SZ,1d,2023-11-16,9.68800516693609,9.697338505247203,9.548005092269383,9.557338430580497,922622.0,948395097.3299999,20231116,10.24,1.071428,20240614,20240614,1.071428
000001.SZ,1d,2023-11-17,9.538671753958269,9.566671768891611,9.445338370847132,9.473338385780472,903362.0,917616681.2800001,20231117,10.15,1.071428,20240614,20240614,1.071428
000001.SZ,1d,2023-11-20,9.473338385780472,9.538671753958267,9.426671694224902,9.510671739024927,639528.0,650077370.01,20231120,10.19,1.071428,20240614,20240614,1.071428
000001.SZ,1d,2023-11-21,9.548005092269383,9.660005152002748,9.538671753958269,9.594671783824952,1041166.0,1072311504.28,20231121,10.280000000000001,1.071428,20240614,20240614,1.071428
000001.SZ,1d,2023-11-22,9.576005107202723,9.622671798758294,9.464005047469358,9.482671724091587,737490.0,753064757.94,20231122,10.16,1.071428,20240614,20240614,1.071428
000001.SZ,1d,2023-11-23,9.473338385780472,9.482671724091587,9.398671679291562,9.473338385780472,846656.0,855904311.98,20231123,10.15,1.071428,20240614,20240614,1.071428
000001.SZ,1d,2023-11-24,9.436005032536016,9.454671709158246,9.408005017602676,9.426671694224902,684695.0,691423444.34,20231124,10.1,1.071428,20240614,20240614,1.071428
000001.SZ,1d,2023-11-27,9.41733835591379,9.41733835591379,9.305338296180425,9.34267164942488,836188.0,836268368.7500001,20231127,10.01,1.071428,20240614,20240614,1.071428
000001.SZ,1d,2023-11-28,9.324004972802653,9.352004987735995,9.286671619558199,9.286671619558199,786175.0,784405804.65,20231128,9.950000000000001,1.071428,20240614,20240614,1.071428
000001.SZ,1d,2023-11-29,9.286671619558199,9.305338296180425,9.053338161780355,9.07200483840258,1467597.0,1438320264.1100001,20231129,9.72,1.071428,20240614,20240614,1.071428
000001.SZ,1d,2023-11-30,9.04400482346924,9.081338176713695,8.978671455291444,9.034671485158126,901765.0,871481712.43,20231130,9.680000000000001,1.071428,20240614,20240614,1.071428
000001.SZ,1d,2023-12-01,9.006671470224784,9.034671485158125,8.941338102046988,9.016004808535898,778057.0,749668363.8499999,20231201,9.66,1.071428,20240614,20240614,1.071428
000001.SZ,1d,2023-12-04,9.02533814684701,9.034671485158125,8.969338116980328,8.988004793602556,605438.0,583664338.41,20231204,9.629999999999999,1.071428,20240614,20240614,1.071428
000001.SZ,1d,2023-12-05,8.96933811698033,8.978671455291444,8.838671380624737,8.84800471893585,787378.0,750961219.91,20231205,9.48,1.071428,20240614,20240614,1.071428
000001.SZ,1d,2023-12-06,8.810671365691395,8.932004763735874,8.77333801244694,8.866671395558077,753056.0,714029468.7,20231206,9.5,1.071428,20240614,20240614,1.071428
000001.SZ,1d,2023-12-07,8.857338057246963,8.857338057246963,8.754671335824714,8.810671365691396,585380.0,552224831.1700001,20231207,9.440000000000001,1.071428,20240614,20240614,1.071428
000001.SZ,1d,2023-12-08,8.782671350758054,8.82000470400251,8.680004629335803,8.680004629335803,1021152.0,957664580.59,20231208,9.3,1.071428,20240614,20240614,1.071428
000001.SZ,1d,2023-12-11,8.605337922846893,8.754671335824714,8.521337878046868,8.726671320891372,1133663.0,1044765734.9000001,20231211,9.350000000000001,1.071428,20240614,20240614,1.071428
000001.SZ,1d,2023-12-12,8.689337967646916,8.866671395558077,8.680004629335803,8.792004689069167,855016.0,805067628.4599999,20231212,9.42,1.071428,20240614,20240614,1.071428
000001.SZ,1d,2023-12-13,8.754671335824714,8.764004674135826,8.540004554669096,8.54933789298021,1061302.0,981001231.48,20231213,9.16,1.071428,20240614,20240614,1.071428
000001.SZ,1d,2023-12-14,8.596004584535779,8.661337952713575,8.540004554669096,8.540004554669096,742901.0,683211465.8,20231214,9.15,1.071428,20240614,20240614,1.071428
000001.SZ,1d,2023-12-15,8.586671246224665,8.72667132089137,8.57733790791355,8.596004584535777,988939.0,915126127.17,20231215,9.209999999999999,1.071428,20240614,20240614,1.071428
000001.SZ,1d,2023-12-18,8.568004569602437,8.624004599469119,8.484004524802414,8.521337878046868,654426.0,599379044.02,20231218,9.129999999999999,1.071428,20240614,20240614,1.071428
000001.SZ,1d,2023-12-19,8.512004539735756,8.558671231291322,8.465337848180186,8.493337863113526,644071.0,586716664.2800001,20231219,9.1,1.071428,20240614,20240614,1.071428
000001.SZ,1d,2023-12-20,8.50267120142464,8.540004554669094,8.42800449493573,8.42800449493573,715634.0,650511342.87,20231220,9.03,1.071428,20240614,20240614,1.071428
000001.SZ,1d,2023-12-21,8.409337818313503,8.57733790791355,8.390671141691275,8.558671231291322,1017047.0,925407072.91,20231221,9.17,1.071428,20240614,20240614,1.071428
000001.SZ,1d,2023-12-22,8.57733790791355,8.661337952713573,8.50267120142464,8.586671246224665,1005645.0,924998769.19,20231222,9.2,1.071428,20240614,20240614,1.071428
000001.SZ,1d,2023-12-25,8.568004569602437,8.586671246224666,8.530671216357982,8.577337907913552,413971.0,379638233.73,20231225,9.190000000000001,1.071428,20240614,20240614,1.071428
000001.SZ,1d,2023-12-26,8.57733790791355,8.586671246224666,8.465337848180186,8.493337863113526,541896.0,493746622.76,20231226,9.1,1.071428,20240614,20240614,1.071428
000001.SZ,1d,2023-12-27,8.493337863113526,8.521337878046868,8.418671156624617,8.512004539735754,641534.0,582036660.6800001,20231227,9.12,1.071428,20240614,20240614,1.071428
000001.SZ,1d,2023-12-28,8.50267120142464,8.838671380624737,8.4746711864913,8.820004704002509,1661592.0,1550256590.5900002,20231228,9.45,1.071428,20240614,20240614,1.071428
000001.SZ,1d,2023-12-29,8.792004689069167,8.84800471893585,8.72667132089137,8.764004674135824,853853.0,803196743.82,20231229,9.389999999999999,1.071428,20240614,20240614,1.071428
000001.SZ,1d,2024-01-02,8.764004674135826,8.792004689069168,8.596004584535779,8.596004584535779,1158366.0,1075742252.45,20240102,9.21,1.071428,20240614,20240614,1.071428
000001.SZ,1d,2024-01-03,8.57733790791355,8.605337922846893,8.540004554669096,8.586671246224666,733610.0,673673613.54,20240103,9.200000000000001,1.071428,20240614,20240614,1.071428
000001.SZ,1d,2024-01-04,8.57733790791355,8.57733790791355,8.4746711864913,8.50267120142464,864194.0,787470082.3700001,20240104,9.11,1.071428,20240614,20240614,1.071428
000001.SZ,1d,2024-01-05,8.493337863113526,8.810671365691395,8.465337848180186,8.652004614402461,1991622.0,1852659692.14,20240105,9.27,1.071428,20240614,20240614,1.071428
000001.SZ,1d,2024-01-08,8.614671261158005,8.680004629335802,8.50267120142464,8.540004554669094,1121156.0,1029006548.7299999,20240108,9.149999999999999,1.071428,20240614,20240614,1.071428
000001.SZ,1d,2024-01-09,8.54933789298021,8.57733790791355,8.484004524802414,8.568004569602437,766194.0,700375720.2,20240109,9.18,1.071428,20240614,20240614,1.071428
000001.SZ,1d,2024-01-10,8.54933789298021,8.57733790791355,8.484004524802414,8.484004524802414,858621.0,783771150.0100001,20240110,9.09,1.071428,20240614,20240614,1.071428
000001.SZ,1d,2024-01-11,8.4746711864913,8.605337922846891,8.42800449493573,8.558671231291322,934686.0,853890237.2900001,20240111,9.17,1.071428,20240614,20240614,1.071428
000001.SZ,1d,2024-01-12,8.521337878046868,8.652004614402461,8.50267120142464,8.57733790791355,772582.0,711018266.0699999,20240112,9.19,1.071428,20240614,20240614,1.071428
000001.SZ,1d,2024-01-15,8.54933789298021,8.67067129102469,8.521337878046868,8.596004584535779,745133.0,685950951.4499999,20240115,9.21,1.071428,20240614,20240614,1.071428
000001.SZ,1d,2024-01-16,8.57733790791355,8.72667132089137,8.54933789298021,8.717337982580258,1438313.0,1334465408.5300002,20240116,9.34,1.071428,20240614,20240614,1.071428
000001.SZ,1d,2024-01-17,8.708004644269144,8.764004674135826,8.614671261158007,8.614671261158007,1482296.0,1380725065.0300002,20240117,9.23,1.071428,20240614,20240614,1.071428
000001.SZ,1d,2024-01-18,8.596004584535779,8.624004599469119,8.400004480002389,8.586671246224665,1755132.0,1597853726.63,20240118,9.2,1.071428,20240614,20240614,1.071428
000001.SZ,1d,2024-01-19,8.54933789298021,8.586671246224665,8.493337863113526,8.558671231291322,963981.0,881865023.89,20240119,9.17,1.071428,20240614,20240614,1.071428
000001.SZ,1d,2024-01-22,8.54933789298021,8.642671276091349,8.437337833246845,8.493337863113528,1580320.0,1449858241.68,20240122,9.100000000000001,1.071428,20240614,20240614,1.071428
000001.SZ,1d,2024-01-23,8.44667117155796,8.568004569602438,8.362671126757935,8.54933789298021,1135545.0,1030898421.0400001,20240123,9.16,1.071428,20240614,20240614,1.071428
000001.SZ,1d,2024-01-24,8.614671261158007,8.717337982580258,8.465337848180186,8.708004644269144,1759123.0,1620099272.06,20240124,9.33,1.071428,20240614,20240614,1.071428
000001.SZ,1d,2024-01-25,8.708004644269144,8.904004748802532,8.652004614402461,8.866671395558077,2162514.0,2037648413.07,20240125,9.5,1.071428,20240614,20240614,1.071428
000001.SZ,1d,2024-01-26,8.838671380624735,9.02533814684701,8.810671365691395,8.978671455291442,2272287.0,2172799799.0099998,20240126,9.62,1.071428,20240614,20240614,1.071428
000001.SZ,1d,2024-01-29,9.044004823469239,9.221338251380402,8.941338102046988,9.053338161780353,2376252.0,2312173346.33,20240129,9.7,1.071428,20240614,20240614,1.071428
000001.SZ,1d,2024-01-30,8.969338116980328,9.053338161780355,8.857338057246963,8.866671395558077,1579122.0,1515156603.9600003,20240130,9.5,1.071428,20240614,20240614,1.071428
000001.SZ,1d,2024-01-31,8.829338042313623,8.92267142542476,8.754671335824714,8.829338042313623,1357217.0,1286857396.81,20240131,9.46,1.071428,20240614,20240614,1.071428
000001.SZ,1d,2024-02-01,8.782671350758054,8.84800471893585,8.717337982580258,8.782671350758054,1055260.0,993481907.01,20240201,9.41,1.071428,20240614,20240614,1.071428
000001.SZ,1d,2024-02-02,8.792004689069167,8.838671380624737,8.465337848180186,8.652004614402461,1634214.0,1520605694.69,20240202,9.27,1.071428,20240614,20240614,1.071428
000001.SZ,1d,2024-02-05,8.57733790791355,8.80133802738028,8.50267120142464,8.754671335824712,1803592.0,1674566499.4600003,20240205,9.379999999999999,1.071428,20240614,20240614,1.071428
000001.SZ,1d,2024-02-06,8.680004629335803,9.034671485158126,8.67067129102469,9.034671485158126,1995410.0,1900324218.2000003,20240206,9.680000000000001,1.071428,20240614,20240614,1.071428
000001.SZ,1d,2024-02-07,8.978671455291444,9.02533814684701,8.84800471893585,8.96933811698033,2062015.0,1975435102.1200001,20240207,9.610000000000001,1.071428,20240614,20240614,1.071428
000001.SZ,1d,2024-02-08,8.941338102046988,9.02533814684701,8.885338072180305,9.02533814684701,1656814.0,1593505690.1299999,20240208,9.67,1.071428,20240614,20240614,1.071428
000001.SZ,1d,2024-02-19,9.109338191647035,9.156004883202606,9.006671470224784,9.156004883202606,1605243.0,1564088444.93,20240219,9.81,1.071428,20240614,20240614,1.071428
000001.SZ,1d,2024-02-20,9.137338206580377,9.184004898135946,9.081338176713695,9.165338221513718,1123564.0,1098987813.26,20240220,9.82,1.071428,20240614,20240614,1.071428
000001.SZ,1d,2024-02-21,9.128004868269262,10.080005376002866,9.11867152995815,10.080005376002866,5055285.0,5295259396.809999,20240221,10.799999999999999,1.071428,20240614,20240614,1.071428
000001.SZ,1d,2024-02-22,9.94000530133616,10.182672097425119,9.91200528640282,10.173338759114005,4922325.0,5307736374.06,20240222,10.9,1.071428,20240614,20240614,1.071428
000001.SZ,1d,2024-02-23,10.154672082491777,10.490672261691874,10.117338729247322,10.126672067558436,3567480.0,3917316281.52,20240223,10.85,1.071428,20240614,20240614,1.071428
000001.SZ,1d,2024-02-26,10.06133869938064,10.154672082491778,9.800005226669454,9.828005241602796,2862609.0,3048205024.7799997,20240226,10.53,1.071428,20240614,20240614,1.071428
000001.SZ,1d,2024-02-27,9.790671888358341,9.893338609780592,9.762671873424999,9.800005226669454,1981905.0,2083027074.06,20240227,10.5,1.071428,20240614,20240614,1.071428
000001.SZ,1d,2024-02-28,9.809338564980568,9.986671992891731,9.706671843558317,9.790671888358341,3082693.0,3253340358.41,20240228,10.49,1.071428,20240614,20240614,1.071428
000001.SZ,1d,2024-02-29,9.725338520180545,9.884005271469478,9.71600518186943,9.884005271469478,1845344.0,1936020982.56,20240229,10.59,1.071428,20240614,20240614,1.071428
000001.SZ,1d,2024-03-01,9.884005271469478,9.893338609780592,9.734671858491657,9.790671888358341,1828103.0,1917689306.77,20240301,10.49,1.071428,20240614,20240614,1.071428
000001.SZ,1d,2024-03-04,9.753338535113887,9.800005226669454,9.632005137069406,9.64133847538052,1655930.0,1719562862.03,20240304,10.33,1.071428,20240614,20240614,1.071428
000001.SZ,1d,2024-03-05,9.613338460447178,9.772005211736113,9.576005107202723,9.734671858491657,1817319.0,1889144330.1599998,20240305,10.43,1.071428,20240614,20240614,1.071428
000001.SZ,1d,2024-03-06,9.706671843558317,9.753338535113885,9.64133847538052,9.64133847538052,1345640.0,1396940060.4199998,20240306,10.33,1.071428,20240614,20240614,1.071428
000001.SZ,1d,2024-03-07,9.64133847538052,9.930671963025047,9.64133847538052,9.68800516693609,2016166.0,2109589237.19,20240307,10.38,1.071428,20240614,20240614,1.071428
000001.SZ,1d,2024-03-08,9.660005152002748,9.744005196802773,9.61333846044718,9.68800516693609,1113974.0,1154491251.2299998,20240308,10.38,1.071428,20240614,20240614,1.071428
000001.SZ,1d,2024-03-11,9.688005166936088,9.772005211736113,9.650671813691634,9.772005211736113,1210673.0,1260212019.6599998,20240311,10.47,1.071428,20240614,20240614,1.071428
000001.SZ,1d,2024-03-12,9.781338550047227,9.884005271469478,9.71600518186943,9.856005256536138,1641262.0,1721999708.11,20240312,10.56,1.071428,20240614,20240614,1.071428
000001.SZ,1d,2024-03-13,9.828005241602796,9.846671918225024,9.61333846044718,9.64133847538052,1768039.0,1834654994.4,20240313,10.33,1.071428,20240614,20240614,1.071428
000001.SZ,1d,2024-03-14,9.61333846044718,9.68800516693609,9.520005077336043,9.548005092269383,1409400.0,1448499697.91,20240314,10.23,1.071428,20240614,20240614,1.071428
000001.SZ,1d,2024-03-15,9.846671918225024,10.033338684447298,9.800005226669454,9.893338609780592,3750208.0,3973799130.9,20240315,10.6,1.071428,20240614,20240614,1.071428
000001.SZ,1d,2024-03-18,9.856005256536138,9.902671948091704,9.790671888358341,9.83733857991391,1671397.0,1761249149.98,20240318,10.540000000000001,1.071428,20240614,20240614,1.071428
000001.SZ,1d,2024-03-19,9.828005241602796,9.83733857991391,9.697338505247203,9.706671843558317,1293216.0,1351069630.23,20240319,10.4,1.071428,20240614,20240614,1.071428
000001.SZ,1d,2024-03-20,9.68800516693609,9.772005211736113,9.678671828624976,9.753338535113887,872663.0,910278572.98,20240320,10.450000000000001,1.071428,20240614,20240614,1.071428
000001.SZ,1d,2024-03-21,9.753338535113885,9.818671903291682,9.725338520180545,9.772005211736113,864466.0,905422293.6700001,20240321,10.47,1.071428,20240614,20240614,1.071428
000001.SZ,1d,2024-03-22,9.753338535113887,9.753338535113887,9.622671798758294,9.669338490313862,1028142.0,1065535606.11,20240322,10.360000000000001,1.071428,20240614,20240614,1.071428
000001.SZ,1d,2024-03-25,9.660005152002748,9.790671888358341,9.632005137069406,9.706671843558317,953202.0,993304120.45,20240325,10.4,1.071428,20240614,20240614,1.071428
000001.SZ,1d,2024-03-26,9.753338535113885,9.949338639647275,9.725338520180545,9.893338609780592,1740021.0,1835376190.72,20240326,10.6,1.071428,20240614,20240614,1.071428
000001.SZ,1d,2024-03-27,9.856005256536138,9.921338624713933,9.809338564980568,9.828005241602796,1274136.0,1347397150.36,20240327,10.53,1.071428,20240614,20240614,1.071428
000001.SZ,1d,2024-03-28,9.80933856498057,9.86533859484725,9.68800516693609,9.790671888358341,1302189.0,1362980388.48,20240328,10.49,1.071428,20240614,20240614,1.071428
000001.SZ,1d,2024-03-29,9.753338535113885,9.86533859484725,9.734671858491657,9.818671903291682,872759.0,917332315.96,20240329,10.52,1.071428,20240614,20240614,1.071428
000001.SZ,1d,2024-04-01,9.818671903291682,9.94000530133616,9.809338564980568,9.930671963025047,1191088.0,1261770380.39,20240401,10.64,1.071428,20240614,20240614,1.071428
000001.SZ,1d,2024-04-02,9.921338624713933,9.968005316269501,9.828005241602796,9.846671918225022,1085458.0,1149700799.95,20240402,10.549999999999999,1.071428,20240614,20240614,1.071428
000001.SZ,1d,2024-04-03,9.828005241602796,9.846671918225024,9.725338520180545,9.762671873424997,981846.0,1028648883.4300001,20240403,10.459999999999999,1.071428,20240614,20240614,1.071428
000001.SZ,1d,2024-04-08,9.725338520180545,9.790671888358341,9.678671828624976,9.734671858491659,906361.0,945290441.32,20240408,10.430000000000001,1.071428,20240614,20240614,1.071428
000001.SZ,1d,2024-04-09,9.734671858491657,9.772005211736111,9.66933849031386,9.706671843558315,857157.0,891468991.0099999,20240409,10.399999999999999,1.071428,20240614,20240614,1.071428
000001.SZ,1d,2024-04-10,9.688005166936088,9.71600518186943,9.585338445513838,9.59467178382495,1246391.0,1288696196.29,20240410,10.28,1.071428,20240614,20240614,1.071428
000001.SZ,1d,2024-04-11,9.557338430580497,9.604005122136066,9.445338370847132,9.566671768891611,1010213.0,1030820137.3900001,20240411,10.250000000000002,1.071428,20240614,20240614,1.071428
000001.SZ,1d,2024-04-12,9.538671753958269,9.58533844551384,9.370671664358222,9.38933834098045,1305454.0,1322011753.93,20240412,10.06,1.071428,20240614,20240614,1.071428
000001.SZ,1d,2024-04-15,9.398671679291562,9.632005137069406,9.38933834098045,9.604005122136066,1453203.0,1486326196.0100002,20240415,10.290000000000001,1.071428,20240614,20240614,1.071428
000001.SZ,1d,2024-04-16,9.594671783824952,9.697338505247203,9.538671753958269,9.594671783824952,1478036.0,1523138499.07,20240416,10.280000000000001,1.071428,20240614,20240614,1.071428
000001.SZ,1d,2024-04-17,9.576005107202725,9.921338624713934,9.529338415647155,9.91200528640282,2232641.0,2337576586.88,20240417,10.620000000000001,1.071428,20240614,20240614,1.071428
000001.SZ,1d,2024-04-18,9.874671933158364,10.294672157158484,9.856005256536138,10.080005376002868,3165914.0,3427338981.81,20240418,10.8,1.071428,20240614,20240614,1.071428
000001.SZ,1d,2024-04-19,9.996005331202843,10.098672052625094,9.949338639647275,9.977338654580615,1457675.0,1562376146.58,20240419,10.69,1.071428,20240614,20240614,1.071428
000001.SZ,1d,2024-04-22,9.930671963025047,10.089338714313982,9.753338535113887,9.800005226669455,2009818.0,2125722741.4099998,20240422,10.500000000000002,1.071428,20240614,20240614,1.071428
000001.SZ,1d,2024-04-23,9.80933856498057,9.94000530133616,9.762671873424999,9.83733857991391,1240027.0,1308866093.1299999,20240423,10.540000000000001,1.071428,20240614,20240614,1.071428
000001.SZ,1d,2024-04-24,9.818671903291683,9.86533859484725,9.762671873424999,9.828005241602796,941568.0,989093538.21,20240424,10.530000000000001,1.071428,20240614,20240614,1.071428
000001.SZ,1d,2024-04-25,9.800005226669454,9.91200528640282,9.781338550047227,9.902671948091706,1113812.0,1176304524.8600001,20240425,10.610000000000001,1.071428,20240614,20240614,1.071428
000001.SZ,1d,2024-04-26,9.884005271469478,9.958671977958389,9.781338550047227,9.893338609780592,1607628.0,1698581436.96,20240426,10.6,1.071428,20240614,20240614,1.071428
000001.SZ,1d,2024-04-29,9.856005256536136,10.173338759114005,9.818671903291682,10.08933871431398,2169177.0,2337350883.73,20240429,10.809999999999999,1.071428,20240614,20240614,1.071428
000001.SZ,1d,2024-04-30,10.080005376002868,10.154672082491778,10.014672007825071,10.070672037691754,1324557.0,1431407709.3700001,20240430,10.790000000000001,1.071428,20240614,20240614,1.071428
000001.SZ,1d,2024-05-06,10.229338788980687,10.369338863647393,10.117338729247322,10.16400542080289,1784101.0,1953817493.43,20240506,10.89,1.071428,20240614,20240614,1.071428
000001.SZ,1d,2024-05-07,10.145338744180663,10.16400542080289,10.042672022758412,10.154672082491777,1087057.0,1176786412.82,20240507,10.879999999999999,1.071428,20240614,20240614,1.071428
000001.SZ,1d,2024-05-08,10.117338729247324,10.154672082491778,9.996005331202843,10.014672007825071,1221791.0,1318611999.65,20240508,10.73,1.071428,20240614,20240614,1.071428
000001.SZ,1d,2024-05-09,9.996005331202843,10.098672052625094,9.996005331202843,10.042672022758413,1069461.0,1150726857.51,20240509,10.760000000000002,1.071428,20240614,20240614,1.071428
000001.SZ,1d,2024-05-10,10.052005361069526,10.229338788980687,10.042672022758412,10.21067211235846,1767836.0,1923452176.8400002,20240510,10.94,1.071428,20240614,20240614,1.071428
000001.SZ,1d,2024-05-13,10.173338759114005,10.276005480536256,10.089338714313982,10.238672127291801,1402499.0,1530058919.54,20240513,10.97,1.071428,20240614,20240614,1.071428
000001.SZ,1d,2024-05-14,10.266672142225142,10.322672172091826,10.154672082491778,10.182672097425119,1075784.0,1176577328.23,20240514,10.91,1.071428,20240614,20240614,1.071428
000001.SZ,1d,2024-05-15,10.173338759114005,10.192005435736233,10.089338714313982,10.108005390936208,868297.0,942907950.4999999,20240515,10.83,1.071428,20240614,20240614,1.071428
000001.SZ,1d,2024-05-16,10.126672067558436,10.462672246758531,10.108005390936208,10.425338893514077,3076292.0,3410151917.15,20240516,11.17,1.071428,20240614,20240614,1.071428
000001.SZ,1d,2024-05-17,10.434672231825191,10.658672351291921,10.388005540269623,10.658672351291921,2841749.0,3200736554.36,20240517,11.42,1.071428,20240614,20240614,1.071428
000001.SZ,1d,2024-05-20,10.668005689603033,10.761339072714174,10.55600562986967,10.621338998047467,2170210.0,2475290152.11,20240520,11.38,1.071428,20240614,20240614,1.071428
000001.SZ,1d,2024-05-21,10.565338968180782,10.845339117514197,10.55600562986967,10.7800057493364,2030049.0,2336192874.9700003,20240521,11.55,1.071428,20240614,20240614,1.071428
000001.SZ,1d,2024-05-22,10.789339087647514,10.957339177247562,10.696005704536377,10.789339087647514,2115531.0,2458448969.6600003,20240522,11.56,1.071428,20240614,20240614,1.071428
000001.SZ,1d,2024-05-23,10.761339072714174,10.817339102580856,10.612005659736353,10.640005674669693,1841623.0,2110799281.76,20240523,11.4,1.071428,20240614,20240614,1.071428
000001.SZ,1d,2024-05-24,10.612005659736353,10.724005719469718,10.546672291558556,10.55600562986967,1398276.0,1593330336.42,20240524,11.31,1.071428,20240614,20240614,1.071428
000001.SZ,1d,2024-05-27,10.55600562986967,10.761339072714174,10.55600562986967,10.742672396091944,1454361.0,1663272117.57,20240527,11.51,1.071428,20240614,20240614,1.071428
000001.SZ,1d,2024-05-28,10.73333905778083,10.80800576426974,10.602672321425237,10.640005674669691,1204323.0,1377107203.9099998,20240528,11.399999999999999,1.071428,20240614,20240614,1.071428
000001.SZ,1d,2024-05-29,10.621338998047467,10.686672366225263,10.48133892338076,10.5093389383141,1444811.0,1635445613.13,20240529,11.26,1.071428,20240614,20240614,1.071428
000001.SZ,1d,2024-05-30,10.490672261691874,10.58400564480301,10.322672172091826,10.378672201958508,1325496.0,1481608711.0200002,20240530,11.120000000000001,1.071428,20240614,20240614,1.071428
000001.SZ,1d,2024-05-31,10.397338878580735,10.444005570136303,10.369338863647393,10.369338863647393,826707.0,921248145.59,20240531,11.11,1.071428,20240614,20240614,1.071428
000001.SZ,1d,2024-06-03,10.378672201958508,10.388005540269623,10.182672097425119,10.248005465602915,1326697.0,1456086023.6200001,20240603,10.98,1.071428,20240614,20240614,1.071428
000001.SZ,1d,2024-06-04,10.220005450669573,10.313338833780712,10.182672097425119,10.28533881884737,981005.0,1079356560.6100001,20240604,11.02,1.071428,20240614,20240614,1.071428
000001.SZ,1d,2024-06-05,10.304005495469598,10.332005510402938,10.145338744180664,10.145338744180664,1018968.0,1114155998.81,20240605,10.870000000000001,1.071428,20240614,20240614,1.071428
000001.SZ,1d,2024-06-06,10.173338759114005,10.248005465602915,10.154672082491778,10.173338759114005,1049332.0,1145989425.79,20240606,10.9,1.071428,20240614,20240614,1.071428
000001.SZ,1d,2024-06-07,10.192005435736233,10.276005480536256,10.16400542080289,10.25733880391403,1170126.0,1281662985.8,20240607,10.99,1.071428,20240614,20240614,1.071428
000001.SZ,1d,2024-06-11,10.248005465602915,10.285338818847372,10.070672037691754,10.145338744180664,1337629.0,1452841956.8899999,20240611,10.870000000000001,1.071428,20240614,20240614,1.071428
000001.SZ,1d,2024-06-12,10.126672067558436,10.182672097425119,10.06133869938064,10.154672082491777,957426.0,1037927497.39,20240612,10.879999999999999,1.071428,20240614,20240614,1.071428
000001.SZ,1d,2024-06-13,10.16400542080289,10.201338774047347,10.080005376002868,10.080005376002868,1203508.0,1304403407.0500002,20240613,10.8,1.071428,20240614,20240614,1.071428
000001.SZ,1d,2024-06-14,10.15,10.23,9.99,10.18,1637990.0,1657433954.94,20240614,10.18,1.0,20240614,20240614,1.071428
