stock,period,datetime,open,high,low,close,volume,amount,day,raw_close,cum_dr,asof,new_event_day,new_dr
000001.SZ,1d,2016-01-04,9.452556719203718,9.476188111001727,8.846017663054813,8.924788969048176,563497.0,660376153.12,20160104,11.33,1.2694978042946754,20190626,20190626,1.010534
000001.SZ,1d,2016-01-05,8.877526185452158,9.113840103432251,8.783000618260122,8.979928883243533,663269.0,755531353.7200001,20160105,11.4,1.2694978042946754,20190626,20190626,1.010534
000001.SZ,1d,2016-01-06,8.995683144442205,9.105962972832915,8.972051752644196,9.082331581034907,515706.0,591698520.3600001,20160106,11.530000000000001,1.2694978042946754,20190626,20190626,1.010534
000001.SZ,1d,2016-01-07,8.987806013842869,8.987806013842869,8.593949483876047,8.617580875674056,174761.0,194869493.47000003,20160107,10.94,1.2694978042946754,20190626,20190626,1.010534
000001.SZ,1d,2016-01-08,8.83026340185614,8.893280446650833,8.58607235327671,8.759369226462113,747527.0,831334546.23,20160108,11.120000000000001,1.2694978042946754,20190626,20190626,1.010534
000001.SZ,1d,2016-01-11,8.664843659270074,8.727860704064767,8.412775480091309,8.475792524886,732013.0,800683640.99,20160111,10.76,1.2694978042946754,20190626,20190626,1.010534
000001.SZ,1d,2016-01-12,8.530932439081356,8.593949483876047,8.381266957693963,8.515178177882683,561642.0,605970836.99,20160112,10.81,1.2694978042946754,20190626,20190626,1.010534
000001.SZ,1d,2016-01-13,8.578195222677374,8.617580875674058,8.428529741289983,8.43640687188932,391709.0,424371697.73,20160113,10.71,1.2694978042946754,20190626,20190626,1.010534
000001.SZ,1d,2016-01-14,8.341881304697282,8.507301047283347,8.255232868104581,8.483669655485336,666314.0,708535004.7,20160114,10.77,1.2694978042946754,20190626,20190626,1.010534
000001.SZ,1d,2016-01-15,8.397021218892636,8.507301047283347,8.207970084508561,8.239478606905907,448202.0,474908142.0300001,20160115,10.459999999999999,1.2694978042946754,20190626,20190626,1.010534
000001.SZ,1d,2016-01-18,8.14495303971387,8.318249912899272,8.113444517316525,8.200092953909225,421040.0,439917816.17999995,20160118,10.41,1.2694978042946754,20190626,20190626,1.010534
000001.SZ,1d,2016-01-19,8.23160147630657,8.491546786084673,8.200092953909225,8.43640687188932,501109.0,532074699.5,20160119,10.71,1.2694978042946754,20190626,20190626,1.010534
000001.SZ,1d,2016-01-20,8.428529741289982,8.507301047283345,8.223724345707234,8.302495651700598,603752.0,640968946.8700001,20160120,10.54,1.2694978042946754,20190626,20190626,1.010534
000001.SZ,1d,2016-01-21,8.255232868104581,8.467915394286663,8.129198778515198,8.129198778515198,606145.0,638127876.8299999,20160121,10.32,1.2694978042946754,20190626,20190626,1.010534
000001.SZ,1d,2016-01-22,8.192215823309889,8.231601476306572,8.050427472521834,8.192215823309889,466752.0,482984450.37000006,20160122,10.4,1.2694978042946754,20190626,20190626,1.010534
000001.SZ,1d,2016-01-25,8.192215823309889,8.223724345707234,8.137075909114534,8.16858443151188,376431.0,390734876.74,20160125,10.37,1.2694978042946754,20190626,20190626,1.010534
000001.SZ,1d,2016-01-26,8.129198778515198,8.129198778515198,7.766850770945721,7.774727901545058,647901.0,653561593.37,20160126,9.87,1.2694978042946754,20190626,20190626,1.010534
000001.SZ,1d,2016-01-27,7.821990685141076,7.861376338137759,7.562045375362974,7.782605032144394,569037.0,558510640.86,20160127,9.879999999999999,1.2694978042946754,20190626,20190626,1.010534
000001.SZ,1d,2016-01-28,7.735342248548376,7.790482162743731,7.601431028359657,7.632939550757002,302540.0,296055319.24,20160128,9.69,1.2694978042946754,20190626,20190626,1.010534
000001.SZ,1d,2016-01-29,7.672325203753685,7.940147644131123,7.632939550757002,7.877130599336431,544435.0,540544459.55,20160129,10.0,1.2694978042946754,20190626,20190626,1.010534
000001.SZ,1d,2016-02-01,7.861376338137759,7.885007729935768,7.672325203753685,7.719587987349703,417732.0,412635642.62999994,20160201,9.8,1.2694978042946754,20190626,20190626,1.010534
000001.SZ,1d,2016-02-02,7.719587987349702,7.90076199113444,7.7038337261510295,7.837744946339749,369104.0,367360499.7,20160202,9.95,1.2694978042946754,20190626,20190626,1.010534
000001.SZ,1d,2016-02-03,7.758973640346385,7.7904821627437295,7.695956595551693,7.758973640346385,274572.0,269997835.61,20160203,9.85,1.2694978042946754,20190626,20190626,1.010534
000001.SZ,1d,2016-02-04,7.790482162743731,7.877130599336431,7.782605032144395,7.83774494633975,373099.0,370586187.52000004,20160204,9.950000000000001,1.2694978042946754,20190626,20190626,1.010534
000001.SZ,1d,2016-02-05,7.845622076939087,7.853499207538423,7.806236423942404,7.81411355454174,270893.0,269184383.53,20160205,9.92,1.2694978042946754,20190626,20190626,1.010534
000001.SZ,1d,2016-02-15,7.609308158958993,7.758973640346385,7.601431028359657,7.711710856750368,278499.0,271173372.44,20160215,9.790000000000001,1.2694978042946754,20190626,20190626,1.010534
000001.SZ,1d,2016-02-16,7.751096509747049,7.90076199113444,7.743219379147712,7.885007729935768,428386.0,427507774.18,20160216,10.01,1.2694978042946754,20190626,20190626,1.010534
000001.SZ,1d,2016-02-17,7.90076199113444,8.050427472521834,7.869253468737095,7.995287558326479,585167.0,590538918.7800001,20160217,10.15,1.2694978042946754,20190626,20190626,1.010534
000001.SZ,1d,2016-02-18,8.018918950124487,8.050427472521834,7.9480247747304595,7.9480247747304595,406178.0,412337569.83000004,20160218,10.09,1.2694978042946754,20190626,20190626,1.010534
000001.SZ,1d,2016-02-19,7.9480247747304595,7.987410427727142,7.869253468737095,7.908639121733778,318898.0,320939651.99,20160219,10.040000000000001,1.2694978042946754,20190626,20190626,1.010534
000001.SZ,1d,2016-02-22,7.979533297127806,8.121321647915861,7.92439338293245,8.105567386717189,617739.0,630251514.49,20160222,10.290000000000001,1.2694978042946754,20190626,20190626,1.010534
000001.SZ,1d,2016-02-23,8.105567386717189,8.105567386717189,7.916516252333114,7.9716561665284695,425874.0,432315311.35,20160223,10.120000000000001,1.2694978042946754,20190626,20190626,1.010534
000001.SZ,1d,2016-02-24,7.92439338293245,7.995287558326479,7.885007729935768,7.995287558326479,300103.0,302498026.09,20160224,10.15,1.2694978042946754,20190626,20190626,1.010534
000001.SZ,1d,2016-02-25,7.971656166528468,7.979533297127804,7.562045375362974,7.617185289558329,622072.0,615004743.2700001,20160225,9.67,1.2694978042946754,20190626,20190626,1.010534
000001.SZ,1d,2016-02-26,7.695956595551693,7.743219379147712,7.609308158958993,7.711710856750368,392154.0,382634662.72,20160226,9.790000000000001,1.2694978042946754,20190626,20190626,1.010534
000001.SZ,1d,2016-02-29,7.711710856750366,7.7274651179490395,7.420257024574918,7.530536852965629,566896.0,542183971.78,20160229,9.56,1.2694978042946754,20190626,20190626,1.010534
000001.SZ,1d,2016-03-01,7.577799636561647,7.695956595551693,7.546291114164301,7.640816681356338,377910.0,365149008.02000004,20160301,9.7,1.2694978042946754,20190626,20190626,1.010534
000001.SZ,1d,2016-03-02,7.68020233435302,7.979533297127806,7.656570942555012,7.955901905329797,676613.0,673626229.31,20160302,10.100000000000001,1.2694978042946754,20190626,20190626,1.010534
000001.SZ,1d,2016-03-03,7.94802477473046,8.018918950124489,7.908639121733778,7.963779035929133,553089.0,559045201.6200001,20160303,10.110000000000001,1.2694978042946754,20190626,20190626,1.010534
000001.SZ,1d,2016-03-04,7.9480247747304595,8.270987129303252,7.932270513531787,8.192215823309889,1381249.0,1429273062.74,20160304,10.4,1.2694978042946754,20190626,20190626,1.010534
000001.SZ,1d,2016-03-07,8.152830170313209,8.263109998703916,8.113444517316525,8.14495303971387,606352.0,630155599.1600001,20160307,10.34,1.2694978042946754,20190626,20190626,1.010534
000001.SZ,1d,2016-03-08,8.160707300912543,8.160707300912543,7.829867815740412,8.09769025611785,643156.0,650471607.35,20160308,10.28,1.2694978042946754,20190626,20190626,1.010534
000001.SZ,1d,2016-03-09,7.987410427727142,8.050427472521834,7.908639121733778,8.011041819525152,325900.0,330124892.38,20160309,10.170000000000002,1.2694978042946754,20190626,20190626,1.010534
000001.SZ,1d,2016-03-10,8.066181733720507,8.152830170313209,7.979533297127806,7.995287558326479,474020.0,486414240.72,20160310,10.15,1.2694978042946754,20190626,20190626,1.010534
000001.SZ,1d,2016-03-11,7.955901905329797,8.050427472521834,7.908639121733778,8.003164688925814,383736.0,389638934.2,20160311,10.16,1.2694978042946754,20190626,20190626,1.010534
000001.SZ,1d,2016-03-14,8.042550341922498,8.239478606905909,8.042550341922498,8.08193599491918,655158.0,679161304.98,20160314,10.260000000000002,1.2694978042946754,20190626,20190626,1.010534
000001.SZ,1d,2016-03-15,8.09769025611785,8.160707300912543,8.003164688925814,8.129198778515198,417920.0,428786691.82,20160315,10.32,1.2694978042946754,20190626,20190626,1.010534
000001.SZ,1d,2016-03-16,8.089813125518514,8.23160147630657,8.074058864319843,8.152830170313207,664886.0,690087713.0500001,20160316,10.35,1.2694978042946754,20190626,20190626,1.010534
000001.SZ,1d,2016-03-17,8.160707300912543,8.255232868104581,8.113444517316525,8.207970084508561,610996.0,635181313.4699999,20160317,10.42,1.2694978042946754,20190626,20190626,1.010534
000001.SZ,1d,2016-03-18,8.207970084508561,8.326127043498609,8.192215823309889,8.3024956517006,797215.0,836565552.7900001,20160318,10.540000000000001,1.2694978042946754,20190626,20190626,1.010534
000001.SZ,1d,2016-03-21,8.310372782299936,8.554563830879365,8.310372782299936,8.507301047283347,920432.0,987764461.92,20160321,10.8,1.2694978042946754,20190626,20190626,1.010534
000001.SZ,1d,2016-03-22,8.483669655485336,8.617580875674056,8.420652610690645,8.444284002488654,625482.0,675406611.44,20160322,10.719999999999999,1.2694978042946754,20190626,20190626,1.010534
000001.SZ,1d,2016-03-23,8.436406871889318,8.483669655485336,8.357635565895954,8.428529741289982,430278.0,458963272.7,20160323,10.7,1.2694978042946754,20190626,20190626,1.010534
000001.SZ,1d,2016-03-24,8.357635565895954,8.373389827094627,8.270987129303252,8.286741390501925,372406.0,393411544.51,20160324,10.52,1.2694978042946754,20190626,20190626,1.010534
000001.SZ,1d,2016-03-25,8.278864259902589,8.349758435296618,8.270987129303252,8.341881304697282,237070.0,250338489.56000003,20160325,10.59,1.2694978042946754,20190626,20190626,1.010534
000001.SZ,1d,2016-03-28,8.36551269649529,8.3891440882933,8.231601476306572,8.255232868104581,358621.0,378973327.48,20160328,10.48,1.2694978042946754,20190626,20190626,1.010534
000001.SZ,1d,2016-03-29,8.27886425990259,8.286741390501927,8.176461562111216,8.2158472151079,318317.0,332422397.07,20160329,10.430000000000001,1.2694978042946754,20190626,20190626,1.010534
000001.SZ,1d,2016-03-30,8.255232868104581,8.428529741289983,8.247355737505245,8.428529741289983,539699.0,572627417.13,20160330,10.700000000000001,1.2694978042946754,20190626,20190626,1.010534
000001.SZ,1d,2016-03-31,8.43640687188932,8.467915394286663,8.381266957693963,8.381266957693963,418387.0,447266281.73,20160331,10.64,1.2694978042946754,20190626,20190626,1.010534
000001.SZ,1d,2016-04-01,8.365512696495289,8.420652610690645,8.270987129303252,8.397021218892636,369341.0,391830399.33,20160401,10.66,1.2694978042946754,20190626,20190626,1.010534
000001.SZ,1d,2016-04-05,8.365512696495289,8.515178177882683,8.270987129303252,8.428529741289982,592308.0,632378859.33,20160405,10.7,1.2694978042946754,20190626,20190626,1.010534
000001.SZ,1d,2016-04-06,8.412775480091309,8.467915394286663,8.357635565895954,8.444284002488654,435259.0,464962437.13000005,20160406,10.719999999999999,1.2694978042946754,20190626,20190626,1.010534
000001.SZ,1d,2016-04-07,8.444284002488654,8.45216113308799,8.341881304697282,8.341881304697282,377719.0,401949050.57000005,20160407,10.59,1.2694978042946754,20190626,20190626,1.010534
000001.SZ,1d,2016-04-08,8.310372782299936,8.404898349491972,8.270987129303252,8.326127043498609,376553.0,397998243.93,20160408,10.57,1.2694978042946754,20190626,20190626,1.010534
000001.SZ,1d,2016-04-11,8.349758435296618,8.507301047283345,8.349758435296618,8.444284002488654,786386.0,840486348.21,20160411,10.719999999999999,1.2694978042946754,20190626,20190626,1.010534
000001.SZ,1d,2016-04-12,8.428529741289983,8.43640687188932,8.36551269649529,8.404898349491974,298599.0,318538001.82000005,20160412,10.670000000000002,1.2694978042946754,20190626,20190626,1.010534
000001.SZ,1d,2016-04-13,8.45216113308799,8.641212267472065,8.43640687188932,8.515178177882683,856760.0,929858588.49,20160413,10.81,1.2694978042946754,20190626,20190626,1.010534
000001.SZ,1d,2016-04-14,8.570318092078038,8.58607235327671,8.49942391668401,8.538809569680692,323646.0,350702741.47,20160414,10.840000000000002,1.2694978042946754,20190626,20190626,1.010534
000001.SZ,1d,2016-04-15,8.538809569680692,8.617580875674058,8.507301047283347,8.570318092078038,497224.0,541052858.38,20160415,10.88,1.2694978042946754,20190626,20190626,1.010534
000001.SZ,1d,2016-04-18,8.52305530848202,8.546686700280027,8.45216113308799,8.45216113308799,350654.0,377791436.76,20160418,10.73,1.2694978042946754,20190626,20190626,1.010534
000001.SZ,1d,2016-04-19,8.483669655485338,8.515178177882683,8.43640687188932,8.483669655485338,218239.0,234479844.29,20160419,10.770000000000001,1.2694978042946754,20190626,20190626,1.010534
000001.SZ,1d,2016-04-20,8.483669655485336,8.491546786084673,8.160707300912543,8.286741390501925,606586.0,640149677.08,20160420,10.52,1.2694978042946754,20190626,20190626,1.010534
000001.SZ,1d,2016-04-21,8.286741390501927,8.373389827094627,8.231601476306572,8.27886425990259,558799.0,588731547.4699999,20160421,10.510000000000002,1.2694978042946754,20190626,20190626,1.010534
000001.SZ,1d,2016-04-22,8.239478606905909,8.36551269649529,8.200092953909225,8.310372782299936,359677.0,379176139.25,20160422,10.55,1.2694978042946754,20190626,20190626,1.010534
000001.SZ,1d,2016-04-25,8.318249912899272,8.318249912899272,8.207970084508561,8.270987129303252,349257.0,366533376.73,20160425,10.5,1.2694978042946754,20190626,20190626,1.010534
000001.SZ,1d,2016-04-26,8.255232868104581,8.349758435296618,8.239478606905909,8.341881304697282,291699.0,306962513.0,20160426,10.590000000000002,1.2694978042946754,20190626,20190626,1.010534
000001.SZ,1d,2016-04-27,8.334004174097945,8.357635565895954,8.286741390501925,8.326127043498609,239553.0,253308584.05,20160427,10.57,1.2694978042946754,20190626,20190626,1.010534
000001.SZ,1d,2016-04-28,8.334004174097945,8.475792524886002,8.3024956517006,8.397021218892636,457460.0,487261220.54,20160428,10.66,1.2694978042946754,20190626,20190626,1.010534
000001.SZ,1d,2016-04-29,8.381266957693963,8.381266957693963,8.310372782299936,8.326127043498609,404977.0,428582155.01,20160429,10.57,1.2694978042946754,20190626,20190626,1.010534
000001.SZ,1d,2016-05-03,8.334004174097945,8.444284002488654,8.286741390501925,8.412775480091309,489102.0,521137502.43000007,20160503,10.68,1.2694978042946754,20190626,20190626,1.010534
000001.SZ,1d,2016-05-04,8.412775480091309,8.467915394286663,8.397021218892636,8.444284002488654,412435.0,441848167.65000004,20160504,10.72,1.2694978042946754,20190626,20190626,1.010534
000001.SZ,1d,2016-05-05,8.420652610690645,8.444284002488654,8.3891440882933,8.444284002488654,239516.0,256002095.85999998,20160505,10.72,1.2694978042946754,20190626,20190626,1.010534
000001.SZ,1d,2016-05-06,8.45216113308799,8.45216113308799,8.286741390501925,8.286741390501925,346545.0,367408584.52,20160506,10.52,1.2694978042946754,20190626,20190626,1.010534
000001.SZ,1d,2016-05-09,8.270987129303252,8.294618521101263,8.129198778515198,8.152830170313207,411171.0,428356624.07,20160509,10.35,1.2694978042946754,20190626,20190626,1.010534
000001.SZ,1d,2016-05-10,8.14495303971387,8.16858443151188,8.089813125518514,8.09769025611785,292599.0,301767207.97,20160510,10.28,1.2694978042946754,20190626,20190626,1.010534
000001.SZ,1d,2016-05-11,8.113444517316525,8.223724345707236,8.113444517316525,8.16858443151188,327289.0,339005275.76,20160511,10.370000000000001,1.2694978042946754,20190626,20190626,1.010534
000001.SZ,1d,2016-05-12,8.121321647915861,8.192215823309889,8.074058864319843,8.176461562111216,325885.0,336792700.57,20160512,10.38,1.2694978042946754,20190626,20190626,1.010534
000001.SZ,1d,2016-05-13,8.152830170313207,8.192215823309889,8.137075909114534,8.152830170313207,184266.0,191007255.66,20160513,10.35,1.2694978042946754,20190626,20190626,1.010534
000001.SZ,1d,2016-05-16,8.129198778515198,8.160707300912543,8.074058864319843,8.160707300912543,215224.0,221931208.07000002,20160516,10.36,1.2694978042946754,20190626,20190626,1.010534
000001.SZ,1d,2016-05-17,8.160707300912543,8.16858443151188,8.066181733720507,8.113444517316525,250424.0,257859628.95000002,20160517,10.3,1.2694978042946754,20190626,20190626,1.010534
000001.SZ,1d,2016-05-18,8.105567386717187,8.129198778515198,8.01104181952515,8.113444517316525,534150.0,547076639.38,20160518,10.3,1.2694978042946754,20190626,20190626,1.010534
000001.SZ,1d,2016-05-19,8.089813125518514,8.129198778515198,8.074058864319843,8.074058864319843,170777.0,175591500.42,20160519,10.25,1.2694978042946754,20190626,20190626,1.010534
000001.SZ,1d,2016-05-20,8.066181733720507,8.137075909114534,8.026796080723823,8.113444517316523,206703.0,212277642.00000003,20160520,10.299999999999999,1.2694978042946754,20190626,20190626,1.010534
000001.SZ,1d,2016-05-23,8.137075909114534,8.14495303971387,8.074058864319843,8.09769025611785,323646.0,333300178.49,20160523,10.28,1.2694978042946754,20190626,20190626,1.010534
000001.SZ,1d,2016-05-24,8.089813125518514,8.09769025611785,8.026796080723823,8.042550341922496,259294.0,265042286.91000003,20160524,10.209999999999999,1.2694978042946754,20190626,20190626,1.010534
000001.SZ,1d,2016-05-25,8.074058864319843,8.09769025611785,8.026796080723823,8.058304603121169,204235.0,209019882.70000002,20160525,10.229999999999999,1.2694978042946754,20190626,20190626,1.010534
000001.SZ,1d,2016-05-26,8.050427472521834,8.089813125518514,8.01104181952515,8.050427472521834,261396.0,266736775.84,20160526,10.22,1.2694978042946754,20190626,20190626,1.010534
000001.SZ,1d,2016-05-27,8.050427472521832,8.105567386717187,8.026796080723823,8.089813125518514,222818.0,228377555.01999998,20160527,10.27,1.2694978042946754,20190626,20190626,1.010534
000001.SZ,1d,2016-05-30,8.074058864319843,8.097690256117852,8.034673211323161,8.097690256117852,380946.0,390119748.19,20160530,10.280000000000001,1.2694978042946754,20190626,20190626,1.010534
000001.SZ,1d,2016-05-31,8.081935994919178,8.326127043498609,8.081935994919178,8.310372782299934,946467.0,991668174.78,20160531,10.549999999999999,1.2694978042946754,20190626,20190626,1.010534
000001.SZ,1d,2016-06-01,8.278864259902589,8.310372782299934,8.223724345707234,8.25523286810458,556750.0,584161145.13,20160601,10.479999999999999,1.2694978042946754,20190626,20190626,1.010534
000001.SZ,1d,2016-06-02,8.247355737505245,8.255232868104581,8.207970084508561,8.239478606905907,293036.0,306269383.37,20160602,10.459999999999999,1.2694978042946754,20190626,20190626,1.010534
000001.SZ,1d,2016-06-03,8.247355737505245,8.286741390501925,8.200092953909225,8.270987129303252,423389.0,443039580.98,20160603,10.5,1.2694978042946754,20190626,20190626,1.010534
000001.SZ,1d,2016-06-06,8.27886425990259,8.294618521101263,8.231601476306572,8.27886425990259,338332.0,354998364.13,20160606,10.510000000000002,1.2694978042946754,20190626,20190626,1.010534
000001.SZ,1d,2016-06-07,8.286741390501925,8.294618521101263,8.255232868104581,8.286741390501925,229282.0,240887148.70000002,20160607,10.52,1.2694978042946754,20190626,20190626,1.010534
000001.SZ,1d,2016-06-08,8.3024956517006,8.3024956517006,8.239478606905909,8.270987129303252,268188.0,281651740.87,20160608,10.5,1.2694978042946754,20190626,20190626,1.010534
000001.SZ,1d,2016-06-13,8.239478606905909,8.247355737505245,8.137075909114534,8.137075909114534,344816.0,358996277.49999994,20160613,10.33,1.2694978042946754,20190626,20190626,1.010534
000001.SZ,1d,2016-06-14,8.14495303971387,8.200092953909225,8.129198778515198,8.192215823309889,273637.0,283578296.52,20160614,10.4,1.2694978042946754,20190626,20190626,1.010534
000001.SZ,1d,2016-06-15,8.137075909114534,8.255232868104581,8.129198778515198,8.223724345707234,378172.0,394033686.13,20160615,10.44,1.2694978042946754,20190626,20190626,1.010534
000001.SZ,1d,2016-06-16,8.223724117270443,8.252511949652956,8.18534034076043,8.223724117270443,386670.0,331192444.67,20160616,8.569999999999999,1.0421069430092322,20190626,20190626,1.010534
000001.SZ,1d,2016-06-17,8.223724117270445,8.26210789378046,8.194936284887936,8.233320061397949,315173.0,270236697.97,20160617,8.58,1.0421069430092322,20190626,20190626,1.010534
000001.SZ,1d,2016-06-20,8.242916005525451,8.252511949652956,8.214128173142942,8.252511949652956,270731.0,232205297.92,20160620,8.6,1.0421069430092322,20190626,20190626,1.010534
000001.SZ,1d,2016-06-21,8.262107893780458,8.300491670290473,8.233320061397949,8.262107893780458,380749.0,327940703.41,20160621,8.61,1.0421069430092322,20190626,20190626,1.010534
000001.SZ,1d,2016-06-22,8.252511949652956,8.3772592233105,8.233320061397949,8.3772592233105,478002.0,413947368.64000005,20160622,8.73,1.0421069430092322,20190626,20190626,1.010534
000001.SZ,1d,2016-06-23,8.31968355854548,8.34847139092799,8.281299782035466,8.310087614417975,335614.0,290490407.0,20160623,8.66,1.0421069430092322,20190626,20190626,1.010534
000001.SZ,1d,2016-06-24,8.290895726162967,8.348471390927989,8.175744396632927,8.223724117270445,427664.0,367771053.91,20160624,8.57,1.0421069430092322,20190626,20190626,1.010534
000001.SZ,1d,2016-06-27,8.223724117270445,8.290895726162969,8.194936284887936,8.26210789378046,325214.0,280044073.17999995,20160627,8.610000000000001,1.0421069430092322,20190626,20190626,1.010534
000001.SZ,1d,2016-06-28,8.233320061397949,8.290895726162969,8.214128173142942,8.281299782035466,336519.0,289122213.99,20160628,8.63,1.0421069430092322,20190626,20190626,1.010534
000001.SZ,1d,2016-06-29,8.281299782035466,8.338875446800488,8.271703837907962,8.338875446800488,369611.0,319908689.63,20160629,8.690000000000001,1.0421069430092322,20190626,20190626,1.010534
000001.SZ,1d,2016-06-30,8.338875446800486,8.386855167438004,8.310087614417975,8.348471390927989,362204.0,315051854.72999996,20160630,8.7,1.0421069430092322,20190626,20190626,1.010534
000001.SZ,1d,2016-07-01,8.338875446800486,8.3772592233105,8.329279502672982,8.358067335055493,348930.0,303652375.25,20160701,8.709999999999999,1.0421069430092322,20190626,20190626,1.010534
000001.SZ,1d,2016-07-04,8.338875446800486,8.502006496968043,8.31968355854548,8.454026776330528,608257.0,534656909.55,20160704,8.81,1.0421069430092322,20190626,20190626,1.010534
000001.SZ,1d,2016-07-05,8.444430832203023,8.473218664585534,8.415642999820513,8.454026776330526,422037.0,371422814.75,20160705,8.809999999999999,1.0421069430092322,20190626,20190626,1.010534
000001.SZ,1d,2016-07-06,8.444430832203023,8.463622720458032,8.40604705569301,8.43483488807552,322950.0,283827375.8,20160706,8.79,1.0421069430092322,20190626,20190626,1.010534
000001.SZ,1d,2016-07-07,8.434834888075521,8.444430832203025,8.386855167438004,8.425238943948017,312853.0,274337185.84000003,20160707,8.78,1.0421069430092322,20190626,20190626,1.010534
000001.SZ,1d,2016-07-08,8.434834888075521,8.434834888075521,8.3772592233105,8.386855167438004,261342.0,228778674.11,20160708,8.74,1.0421069430092322,20190626,20190626,1.010534
000001.SZ,1d,2016-07-11,8.396451111565506,8.434834888075521,8.386855167438004,8.396451111565506,365372.0,320333760.68,20160711,8.75,1.0421069430092322,20190626,20190626,1.010534
000001.SZ,1d,2016-07-12,8.396451111565506,8.530794329350556,8.386855167438004,8.521198385223052,711832.0,627505578.42,20160712,8.88,1.0421069430092322,20190626,20190626,1.010534
000001.SZ,1d,2016-07-13,8.52119838522305,8.684329435390609,8.502006496968043,8.626753770625589,798288.0,716797025.3100001,20160713,8.99,1.0421069430092322,20190626,20190626,1.010534
000001.SZ,1d,2016-07-14,8.607561882370582,8.636349714753093,8.549986217605563,8.578774049988072,359699.0,321889343.31,20160714,8.94,1.0421069430092322,20190626,20190626,1.010534
000001.SZ,1d,2016-07-15,8.588369994115574,8.636349714753093,8.549986217605563,8.626753770625589,352033.0,315555253.54,20160715,8.99,1.0421069430092322,20190626,20190626,1.010534
000001.SZ,1d,2016-07-18,8.626753770625589,8.71311726777312,8.607561882370582,8.674733491263106,506934.0,457358031.39,20160718,9.040000000000001,1.0421069430092322,20190626,20190626,1.010534
000001.SZ,1d,2016-07-19,8.674733491263106,8.68432943539061,8.588369994115576,8.607561882370582,362787.0,326046531.03999996,20160719,8.97,1.0421069430092322,20190626,20190626,1.010534
000001.SZ,1d,2016-07-20,8.59796593824308,8.626753770625589,8.588369994115576,8.59796593824308,310926.0,278737194.12,20160720,8.96,1.0421069430092322,20190626,20190626,1.010534
000001.SZ,1d,2016-07-21,8.588369994115576,8.645945658880597,8.588369994115576,8.626753770625589,340261.0,305710332.75,20160721,8.99,1.0421069430092322,20190626,20190626,1.010534
000001.SZ,1d,2016-07-22,8.626753770625589,8.626753770625589,8.559582161733065,8.578774049988072,295549.0,264379250.43,20160722,8.94,1.0421069430092322,20190626,20190626,1.010534
000001.SZ,1d,2016-07-25,8.56917810586057,8.617157826498087,8.549986217605563,8.617157826498087,264682.0,236937494.08,20160725,8.98,1.0421069430092322,20190626,20190626,1.010534
000001.SZ,1d,2016-07-26,8.607561882370582,8.751501044283135,8.607561882370582,8.741905100155632,546556.0,494506420.12000006,20160726,9.110000000000001,1.0421069430092322,20190626,20190626,1.010534
000001.SZ,1d,2016-07-27,8.751501044283135,8.79948076492065,8.549986217605563,8.645945658880596,818678.0,741263303.03,20160727,9.01,1.0421069430092322,20190626,20190626,1.010534
000001.SZ,1d,2016-07-28,8.617157826498087,8.741905100155632,8.607561882370582,8.71311726777312,479910.0,434490536.62,20160728,9.08,1.0421069430092322,20190626,20190626,1.010534
000001.SZ,1d,2016-07-29,8.71311726777312,8.866652373813176,8.665137547135602,8.828268597303161,671425.0,614972669.3,20160729,9.2,1.0421069430092322,20190626,20190626,1.010534
000001.SZ,1d,2016-08-01,8.809076709048155,8.96261181508821,8.79948076492065,8.905036150323188,759324.0,702466616.0,20160801,9.28,1.0421069430092322,20190626,20190626,1.010534
000001.SZ,1d,2016-08-02,8.866652373813176,8.885844262068181,8.79948076492065,8.876248317940679,449165.0,413484595.07000005,20160802,9.25,1.0421069430092322,20190626,20190626,1.010534
000001.SZ,1d,2016-08-03,8.837864541430665,8.84746048555817,8.780288876665644,8.809076709048155,424622.0,389817535.11,20160803,9.18,1.0421069430092322,20190626,20190626,1.010534
000001.SZ,1d,2016-08-04,8.79948076492065,8.809076709048155,8.56917810586057,8.626753770625589,1344462.0,1210346973.56,20160804,8.99,1.0421069430092322,20190626,20190626,1.010534
000001.SZ,1d,2016-08-05,8.626753770625589,8.703521323645617,8.588369994115576,8.674733491263106,725948.0,654998092.94,20160805,9.040000000000001,1.0421069430092322,20190626,20190626,1.010534
000001.SZ,1d,2016-08-08,8.674733491263106,8.74190510015563,8.645945658880596,8.74190510015563,398479.0,361191045.29,20160808,9.11,1.0421069430092322,20190626,20190626,1.010534
000001.SZ,1d,2016-08-09,8.722713211900624,8.780288876665644,8.703521323645617,8.780288876665644,415676.0,378720688.32000005,20160809,9.15,1.0421069430092322,20190626,20190626,1.010534
000001.SZ,1d,2016-08-10,8.780288876665644,8.809076709048156,8.751501044283135,8.770692932538141,436655.0,399656990.64000005,20160810,9.14,1.0421069430092322,20190626,20190626,1.010534
000001.SZ,1d,2016-08-11,8.770692932538141,8.972207759215713,8.761096988410639,8.84746048555817,935576.0,866594867.9,20160811,9.22,1.0421069430092322,20190626,20190626,1.010534
000001.SZ,1d,2016-08-12,8.828268597303161,9.144934753510775,8.809076709048155,9.116146921128264,1370021.0,1282336292.04,20160812,9.5,1.0421069430092322,20190626,20190626,1.010534
000001.SZ,1d,2016-08-15,9.164126641765781,9.404025244953367,9.125742865255768,9.288873915423325,1897552.0,1835196865.56,20160815,9.68,1.0421069430092322,20190626,20190626,1.010534
000001.SZ,1d,2016-08-16,9.288873915423327,9.288873915423327,9.07776314461825,9.135338809383272,1099558.0,1050479545.3100001,20160816,9.520000000000001,1.0421069430092322,20190626,20190626,1.010534
000001.SZ,1d,2016-08-17,9.13533880938327,9.212106362403299,9.096955032873257,9.164126641765783,560725.0,534926047.02,20160817,9.55,1.0421069430092322,20190626,20190626,1.010534
000001.SZ,1d,2016-08-18,9.173722585893286,9.202510418275795,9.04897531223574,9.116146921128264,691504.0,658183955.01,20160818,9.5,1.0421069430092322,20190626,20190626,1.010534
000001.SZ,1d,2016-08-19,9.106550977000762,9.13533880938327,9.04897531223574,9.125742865255768,505334.0,478779724.24,20160819,9.51,1.0421069430092322,20190626,20190626,1.010534
000001.SZ,1d,2016-08-22,9.116146921128264,9.125742865255768,8.981803703343216,9.020187479853229,979432.0,922426435.12,20160822,9.399999999999999,1.0421069430092322,20190626,20190626,1.010534
000001.SZ,1d,2016-08-23,9.000995591598224,9.068167200490748,8.99139964747072,9.02018747985323,890656.0,838185900.5899999,20160823,9.4,1.0421069430092322,20190626,20190626,1.010534
000001.SZ,1d,2016-08-24,9.029783423980733,9.048975312235742,9.000995591598224,9.048975312235742,732281.0,688971683.08,20160824,9.430000000000001,1.0421069430092322,20190626,20190626,1.010534
000001.SZ,1d,2016-08-25,9.039379368108238,9.068167200490747,8.96261181508821,9.058571256363244,617389.0,580648481.91,20160825,9.44,1.0421069430092322,20190626,20190626,1.010534
000001.SZ,1d,2016-08-26,9.068167200490748,9.087359088745755,9.02018747985323,9.068167200490748,502233.0,473688076.59,20160826,9.450000000000001,1.0421069430092322,20190626,20190626,1.010534
000001.SZ,1d,2016-08-29,9.029783423980733,9.068167200490748,9.000995591598224,9.039379368108238,565231.0,532295362.01000005,20160829,9.42,1.0421069430092322,20190626,20190626,1.010534
000001.SZ,1d,2016-08-30,9.039379368108238,9.087359088745755,9.029783423980733,9.087359088745755,595081.0,561854066.27,20160830,9.47,1.0421069430092322,20190626,20190626,1.010534
000001.SZ,1d,2016-08-31,9.077763144618249,9.116146921128264,9.04897531223574,9.106550977000762,489746.0,463875762.93,20160831,9.49,1.0421069430092322,20190626,20190626,1.010534
000001.SZ,1d,2016-09-01,9.106550977000762,9.13533880938327,9.039379368108238,9.068167200490747,480131.0,454848634.31,20160901,9.45,1.0421069430092322,20190626,20190626,1.010534
000001.SZ,1d,2016-09-02,9.04897531223574,9.077763144618249,9.039379368108238,9.068167200490747,368796.0,348054367.10999995,20160902,9.45,1.0421069430092322,20190626,20190626,1.010534
000001.SZ,1d,2016-09-05,9.07776314461825,9.07776314461825,9.02018747985323,9.039379368108238,469936.0,443204803.58,20160905,9.42,1.0421069430092322,20190626,20190626,1.010534
000001.SZ,1d,2016-09-06,9.039379368108238,9.04897531223574,8.981803703343216,9.029783423980733,574738.0,539813283.55,20160906,9.41,1.0421069430092322,20190626,20190626,1.010534
000001.SZ,1d,2016-09-07,9.029783423980733,9.03937936810824,8.99139964747072,9.02018747985323,459373.0,431984158.6100001,20160907,9.4,1.0421069430092322,20190626,20190626,1.010534
000001.SZ,1d,2016-09-08,9.010591535725727,9.039379368108238,9.000995591598224,9.02018747985323,295218.0,277503757.8,20160908,9.4,1.0421069430092322,20190626,20190626,1.010534
000001.SZ,1d,2016-09-09,9.020187479853229,9.04897531223574,8.981803703343216,9.000995591598222,327431.0,307527271.24,20160909,9.379999999999999,1.0421069430092322,20190626,20190626,1.010534
000001.SZ,1d,2016-09-12,8.914632094450694,8.943419926833203,8.761096988410639,8.789884820793148,756581.0,697759184.1,20160912,9.16,1.0421069430092322,20190626,20190626,1.010534
000001.SZ,1d,2016-09-13,8.809076709048155,8.837864541430665,8.770692932538141,8.818672653175659,460931.0,423113832.02000004,20160913,9.190000000000001,1.0421069430092322,20190626,20190626,1.010534
000001.SZ,1d,2016-09-14,8.79948076492065,8.809076709048156,8.68432943539061,8.693925379518113,421481.0,384081266.46000004,20160914,9.06,1.0421069430092322,20190626,20190626,1.010534
000001.SZ,1d,2016-09-19,8.68432943539061,8.770692932538141,8.68432943539061,8.751501044283135,354348.0,322575925.94,20160919,9.120000000000001,1.0421069430092322,20190626,20190626,1.010534
000001.SZ,1d,2016-09-20,8.751501044283135,8.751501044283135,8.674733491263106,8.71311726777312,436678.0,396359321.31,20160920,9.08,1.0421069430092322,20190626,20190626,1.010534
000001.SZ,1d,2016-09-21,8.71311726777312,8.732309156028126,8.665137547135602,8.71311726777312,405665.0,367767497.46,20160921,9.08,1.0421069430092322,20190626,20190626,1.010534
000001.SZ,1d,2016-09-22,8.732309156028126,8.809076709048155,8.722713211900624,8.789884820793148,494613.0,451909020.47999996,20160922,9.16,1.0421069430092322,20190626,20190626,1.010534
000001.SZ,1d,2016-09-23,8.789884820793148,8.818672653175659,8.770692932538141,8.780288876665644,288798.0,264699513.1,20160923,9.15,1.0421069430092322,20190626,20190626,1.010534
000001.SZ,1d,2016-09-26,8.761096988410639,8.761096988410639,8.674733491263106,8.674733491263106,439481.0,398771864.85,20160926,9.040000000000001,1.0421069430092322,20190626,20190626,1.010534
000001.SZ,1d,2016-09-27,8.674733491263106,8.703521323645617,8.645945658880596,8.693925379518113,401323.0,362769231.03,20160927,9.06,1.0421069430092322,20190626,20190626,1.010534
000001.SZ,1d,2016-09-28,8.693925379518111,8.693925379518111,8.665137547135602,8.684329435390609,271366.0,245499467.89,20160928,9.049999999999999,1.0421069430092322,20190626,20190626,1.010534
000001.SZ,1d,2016-09-29,8.68432943539061,8.71311726777312,8.68432943539061,8.693925379518113,303664.0,275239667.40999997,20160929,9.06,1.0421069430092322,20190626,20190626,1.010534
000001.SZ,1d,2016-09-30,8.693925379518113,8.732309156028128,8.68432943539061,8.703521323645617,308084.0,279526475.64000005,20160930,9.07,1.0421069430092322,20190626,20190626,1.010534
000001.SZ,1d,2016-10-10,8.732309156028126,8.79948076492065,8.71311726777312,8.751501044283133,611381.0,557122276.5,20161010,9.12,1.0421069430092322,20190626,20190626,1.010534
000001.SZ,1d,2016-10-11,8.761096988410637,8.780288876665642,8.74190510015563,8.780288876665642,363370.0,331886515.46000004,20161011,9.149999999999999,1.0421069430092322,20190626,20190626,1.010534
000001.SZ,1d,2016-10-12,8.770692932538141,8.789884820793148,8.751501044283135,8.761096988410639,270316.0,246995531.01,20161012,9.13,1.0421069430092322,20190626,20190626,1.010534
000001.SZ,1d,2016-10-13,8.71311726777312,8.741905100155632,8.68432943539061,8.703521323645617,632367.0,574142476.2700001,20161013,9.07,1.0421069430092322,20190626,20190626,1.010534
000001.SZ,1d,2016-10-14,8.693925379518113,8.722713211900626,8.674733491263106,8.722713211900626,335411.0,304218676.83,20161014,9.090000000000002,1.0421069430092322,20190626,20190626,1.010534
000001.SZ,1d,2016-10-17,8.71311726777312,8.722713211900624,8.665137547135602,8.684329435390609,359223.0,325582450.32,20161017,9.049999999999999,1.0421069430092322,20190626,20190626,1.010534
000001.SZ,1d,2016-10-18,8.665137547135602,8.722713211900624,8.665137547135602,8.722713211900624,593737.0,537784120.36,20161018,9.09,1.0421069430092322,20190626,20190626,1.010534
000001.SZ,1d,2016-10-19,8.722713211900624,8.741905100155632,8.68432943539061,8.71311726777312,482636.0,438299029.51,20161019,9.08,1.0421069430092322,20190626,20190626,1.010534
000001.SZ,1d,2016-10-20,8.71311726777312,8.722713211900624,8.68432943539061,8.703521323645617,342844.0,310966016.7,20161020,9.07,1.0421069430092322,20190626,20190626,1.010534
000001.SZ,1d,2016-10-21,8.71311726777312,8.761096988410639,8.693925379518113,8.761096988410639,683896.0,621549844.97,20161021,9.13,1.0421069430092322,20190626,20190626,1.010534
000001.SZ,1d,2016-10-24,8.761096988410639,8.924228038578196,8.751501044283135,8.866652373813176,915677.0,844746080.61,20161024,9.24,1.0421069430092322,20190626,20190626,1.010534
000001.SZ,1d,2016-10-25,8.876248317940679,8.885844262068181,8.809076709048155,8.837864541430664,500752.0,461542701.14000005,20161025,9.209999999999999,1.0421069430092322,20190626,20190626,1.010534
000001.SZ,1d,2016-10-26,8.84746048555817,8.84746048555817,8.761096988410639,8.780288876665644,440452.0,403750809.07000005,20161026,9.15,1.0421069430092322,20190626,20190626,1.010534
000001.SZ,1d,2016-10-27,8.789884820793148,8.799480764920652,8.751501044283135,8.789884820793148,324140.0,296216914.82,20161027,9.16,1.0421069430092322,20190626,20190626,1.010534
000001.SZ,1d,2016-10-28,8.789884820793148,8.857056429685672,8.770692932538141,8.79948076492065,541997.0,497615050.8,20161028,9.17,1.0421069430092322,20190626,20190626,1.010534
000001.SZ,1d,2016-10-31,8.780288876665644,8.789884820793148,8.722713211900624,8.780288876665644,493596.0,450148883.09,20161031,9.15,1.0421069430092322,20190626,20190626,1.010534
000001.SZ,1d,2016-11-01,8.77069293253814,8.789884820793148,8.74190510015563,8.77069293253814,525415.0,480117542.32000005,20161101,9.139999999999999,1.0421069430092322,20190626,20190626,1.010534
000001.SZ,1d,2016-11-02,8.770692932538141,8.770692932538141,8.68432943539061,8.703521323645617,633586.0,576083788.2400001,20161102,9.07,1.0421069430092322,20190626,20190626,1.010534
000001.SZ,1d,2016-11-03,8.693925379518113,8.770692932538141,8.68432943539061,8.761096988410639,616871.0,561464947.1899999,20161103,9.13,1.0421069430092322,20190626,20190626,1.010534
000001.SZ,1d,2016-11-04,8.74190510015563,8.79948076492065,8.732309156028126,8.74190510015563,508117.0,463831938.55,20161104,9.11,1.0421069430092322,20190626,20190626,1.010534
000001.SZ,1d,2016-11-07,8.732309156028126,8.751501044283135,8.703521323645617,8.751501044283135,497240.0,452447930.56000006,20161107,9.120000000000001,1.0421069430092322,20190626,20190626,1.010534
000001.SZ,1d,2016-11-08,8.751501044283133,8.780288876665644,8.732309156028126,8.780288876665644,806694.0,736747217.08,20161108,9.15,1.0421069430092322,20190626,20190626,1.010534
000001.SZ,1d,2016-11-09,8.770692932538141,8.770692932538141,8.645945658880596,8.703521323645617,722616.0,656061960.6999999,20161109,9.07,1.0421069430092322,20190626,20190626,1.010534
000001.SZ,1d,2016-11-10,8.732309156028126,8.789884820793148,8.732309156028126,8.77069293253814,631998.0,576898452.74,20161110,9.139999999999999,1.0421069430092322,20190626,20190626,1.010534
000001.SZ,1d,2016-11-11,8.77069293253814,8.809076709048155,8.74190510015563,8.809076709048155,812269.0,742969896.6100001,20161111,9.18,1.0421069430092322,20190626,20190626,1.010534
000001.SZ,1d,2016-11-14,8.789884820793148,8.876248317940679,8.789884820793148,8.84746048555817,975078.0,898058354.0100001,20161114,9.22,1.0421069430092322,20190626,20190626,1.010534
000001.SZ,1d,2016-11-15,8.828268597303161,8.866652373813176,8.809076709048155,8.857056429685672,554342.0,510596178.35,20161115,9.23,1.0421069430092322,20190626,20190626,1.010534
000001.SZ,1d,2016-11-16,8.857056429685672,8.866652373813176,8.828268597303163,8.857056429685672,415842.0,383425739.88,20161116,9.23,1.0421069430092322,20190626,20190626,1.010534
000001.SZ,1d,2016-11-17,8.847460485558168,8.847460485558168,8.809076709048155,8.837864541430664,505324.0,464611128.37,20161117,9.209999999999999,1.0421069430092322,20190626,20190626,1.010534
000001.SZ,1d,2016-11-18,8.837864541430665,8.837864541430665,8.789884820793148,8.809076709048155,517597.0,475289972.51000005,20161118,9.18,1.0421069430092322,20190626,20190626,1.010534
000001.SZ,1d,2016-11-21,8.809076709048155,8.905036150323188,8.79948076492065,8.866652373813176,850243.0,785475676.61,20161121,9.24,1.0421069430092322,20190626,20190626,1.010534
000001.SZ,1d,2016-11-22,8.866652373813176,8.981803703343218,8.857056429685672,8.981803703343218,1180256.0,1097408714.34,20161122,9.360000000000001,1.0421069430092322,20190626,20190626,1.010534
000001.SZ,1d,2016-11-23,8.96261181508821,9.173722585893286,8.96261181508821,9.068167200490747,1752869.0,1660465709.36,20161123,9.45,1.0421069430092322,20190626,20190626,1.010534
000001.SZ,1d,2016-11-24,9.058571256363244,9.13533880938327,9.039379368108238,9.087359088745755,779748.0,738580569.2900001,20161124,9.47,1.0421069430092322,20190626,20190626,1.010534
000001.SZ,1d,2016-11-25,9.096955032873257,9.231298250658307,9.07776314461825,9.231298250658307,1013674.0,968127766.3299999,20161125,9.620000000000001,1.0421069430092322,20190626,20190626,1.010534
000001.SZ,1d,2016-11-28,9.29846985955083,9.38483335669836,9.212106362403299,9.240894194785808,1279689.0,1240686233.53,20161128,9.629999999999999,1.0421069430092322,20190626,20190626,1.010534
000001.SZ,1d,2016-11-29,9.202510418275795,9.308065803678334,9.164126641765783,9.231298250658307,887779.0,854308658.4000001,20161129,9.620000000000001,1.0421069430092322,20190626,20190626,1.010534
000001.SZ,1d,2016-11-30,9.260086083040816,9.32725769193334,9.116146921128264,9.164126641765783,1025963.0,985758449.84,20161130,9.55,1.0421069430092322,20190626,20190626,1.010534
000001.SZ,1d,2016-12-01,9.183318530020788,9.24089419478581,9.164126641765783,9.2121063624033,646004.0,619633746.85,20161201,9.600000000000001,1.0421069430092322,20190626,20190626,1.010534
000001.SZ,1d,2016-12-02,9.212106362403299,9.212106362403299,9.058571256363244,9.164126641765781,829686.0,790044441.9300001,20161202,9.549999999999999,1.0421069430092322,20190626,20190626,1.010534
000001.SZ,1d,2016-12-05,9.116146921128264,9.154530697638279,9.029783423980733,9.07776314461825,764365.0,723222053.6400001,20161205,9.46,1.0421069430092322,20190626,20190626,1.010534
000001.SZ,1d,2016-12-06,9.096955032873257,9.135338809383272,9.068167200490748,9.106550977000762,602902.0,571585177.5,20161206,9.49,1.0421069430092322,20190626,20190626,1.010534
000001.SZ,1d,2016-12-07,9.096955032873257,9.106550977000762,9.029783423980733,9.096955032873257,493404.0,466085503.37,20161207,9.48,1.0421069430092322,20190626,20190626,1.010534
000001.SZ,1d,2016-12-08,9.116146921128264,9.164126641765781,9.04897531223574,9.13533880938327,671452.0,638058504.08,20161208,9.52,1.0421069430092322,20190626,20190626,1.010534
000001.SZ,1d,2016-12-09,9.116146921128264,9.356045524315851,9.096955032873257,9.260086083040816,1514199.0,1460778328.2,20161209,9.65,1.0421069430092322,20190626,20190626,1.010534
000001.SZ,1d,2016-12-12,9.260086083040816,9.375237412570856,9.058571256363244,9.116146921128264,1256874.0,1206662616.99,20161212,9.5,1.0421069430092322,20190626,20190626,1.010534
000001.SZ,1d,2016-12-13,9.096955032873257,9.116146921128264,8.953015870960707,9.039379368108238,645771.0,607769965.5799999,20161213,9.42,1.0421069430092322,20190626,20190626,1.010534
000001.SZ,1d,2016-12-14,9.039379368108238,9.125742865255768,9.02018747985323,9.02018747985323,597705.0,564787516.4599999,20161214,9.4,1.0421069430092322,20190626,20190626,1.010534
000001.SZ,1d,2016-12-15,8.99139964747072,9.029783423980733,8.837864541430665,8.876248317940679,827612.0,767751835.57,20161215,9.25,1.0421069430092322,20190626,20190626,1.010534
000001.SZ,1d,2016-12-16,8.866652373813176,8.914632094450694,8.837864541430665,8.876248317940679,396813.0,366925349.32000005,20161216,9.25,1.0421069430092322,20190626,20190626,1.010534
000001.SZ,1d,2016-12-19,8.84746048555817,8.857056429685672,8.79948076492065,8.828268597303161,494010.0,453899744.36,20161219,9.2,1.0421069430092322,20190626,20190626,1.010534
000001.SZ,1d,2016-12-20,8.828268597303161,8.828268597303161,8.71311726777312,8.74190510015563,636638.0,580118167.69,20161220,9.11,1.0421069430092322,20190626,20190626,1.010534
000001.SZ,1d,2016-12-21,8.751501044283133,8.789884820793148,8.74190510015563,8.789884820793148,369920.0,338201446.46000004,20161221,9.16,1.0421069430092322,20190626,20190626,1.010534
000001.SZ,1d,2016-12-22,8.780288876665642,8.789884820793148,8.74190510015563,8.77069293253814,341341.0,311546856.93,20161222,9.139999999999999,1.0421069430092322,20190626,20190626,1.010534
000001.SZ,1d,2016-12-23,8.770692932538141,8.770692932538141,8.703521323645617,8.71311726777312,382912.0,348140451.36999995,20161223,9.08,1.0421069430092322,20190626,20190626,1.010534
000001.SZ,1d,2016-12-26,8.693925379518111,8.761096988410637,8.6555416030081,8.751501044283133,302058.0,273934287.19,20161226,9.12,1.0421069430092322,20190626,20190626,1.010534
000001.SZ,1d,2016-12-27,8.751501044283135,8.761096988410639,8.703521323645617,8.71311726777312,268841.0,244788273.85999998,20161227,9.08,1.0421069430092322,20190626,20190626,1.010534
000001.SZ,1d,2016-12-28,8.71311726777312,8.741905100155632,8.674733491263106,8.693925379518113,336055.0,304898614.02,20161228,9.06,1.0421069430092322,20190626,20190626,1.010534
000001.SZ,1d,2016-12-29,8.703521323645617,8.722713211900624,8.68432943539061,8.71311726777312,338758.0,307183503.28,20161229,9.08,1.0421069430092322,20190626,20190626,1.010534
000001.SZ,1d,2016-12-30,8.71311726777312,8.732309156028126,8.693925379518113,8.732309156028126,302607.0,274882698.47,20161230,9.1,1.0421069430092322,20190626,20190626,1.010534
000001.SZ,1d,2017-01-03,8.74190510015563,8.809076709048155,8.722713211900624,8.789884820793148,459840.0,420595176.46000004,20170103,9.16,1.0421069430092322,20190626,20190626,1.010534
000001.SZ,1d,2017-01-04,8.780288876665644,8.809076709048155,8.770692932538141,8.789884820793148,449329.0,411503444.03,20170104,9.16,1.0421069430092322,20190626,20190626,1.010534
000001.SZ,1d,2017-01-05,8.79948076492065,8.809076709048155,8.780288876665644,8.79948076492065,344372.0,315769693.5,20170105,9.17,1.0421069430092322,20190626,20190626,1.010534
000001.SZ,1d,2017-01-06,8.79948076492065,8.79948076492065,8.74190510015563,8.761096988410637,358154.0,327176433.93,20170106,9.129999999999999,1.0421069430092322,20190626,20190626,1.010534
000001.SZ,1d,2017-01-09,8.761096988410637,8.79948076492065,8.74190510015563,8.780288876665642,361081.0,329994604.0,20170109,9.149999999999999,1.0421069430092322,20190626,20190626,1.010534
000001.SZ,1d,2017-01-10,8.780288876665644,8.789884820793148,8.770692932538141,8.780288876665644,241053.0,220575131.96,20170110,9.15,1.0421069430092322,20190626,20190626,1.010534
000001.SZ,1d,2017-01-11,8.770692932538141,8.79948076492065,8.761096988410639,8.770692932538141,303430.0,277553207.26000005,20170111,9.14,1.0421069430092322,20190626,20190626,1.010534
000001.SZ,1d,2017-01-12,8.761096988410639,8.79948076492065,8.761096988410639,8.780288876665644,428006.0,391869402.76,20170112,9.15,1.0421069430092322,20190626,20190626,1.010534
000001.SZ,1d,2017-01-13,8.770692932538141,8.818672653175659,8.751501044283135,8.789884820793148,434301.0,397601906.25,20170113,9.16,1.0421069430092322,20190626,20190626,1.010534
000001.SZ,1d,2017-01-16,8.780288876665644,8.789884820793148,8.703521323645617,8.770692932538141,683165.0,623025820.2700001,20170116,9.14,1.0421069430092322,20190626,20190626,1.010534
000001.SZ,1d,2017-01-17,8.751501044283133,8.789884820793148,8.732309156028126,8.780288876665644,545552.0,498179703.17,20170117,9.15,1.0421069430092322,20190626,20190626,1.010534
000001.SZ,1d,2017-01-18,8.770692932538141,8.818672653175659,8.761096988410639,8.79948076492065,574269.0,526426595.69000006,20170118,9.17,1.0421069430092322,20190626,20190626,1.010534
000001.SZ,1d,2017-01-19,8.780288876665644,8.866652373813176,8.780288876665644,8.809076709048155,437712.0,402445639.34,20170119,9.18,1.0421069430092322,20190626,20190626,1.010534
000001.SZ,1d,2017-01-20,8.79948076492065,8.857056429685672,8.79948076492065,8.84746048555817,393328.0,361865155.13000005,20170120,9.22,1.0421069430092322,20190626,20190626,1.010534
000001.SZ,1d,2017-01-23,8.84746048555817,8.885844262068183,8.828268597303163,8.84746048555817,420299.0,388019072.55999994,20170123,9.22,1.0421069430092322,20190626,20190626,1.010534
000001.SZ,1d,2017-01-24,8.857056429685672,8.90503615032319,8.828268597303163,8.895440206195687,470244.0,434787729.13000005,20170124,9.270000000000001,1.0421069430092322,20190626,20190626,1.010534
000001.SZ,1d,2017-01-25,8.895440206195685,8.905036150323188,8.876248317940679,8.885844262068181,304401.0,281976294.07000005,20170125,9.26,1.0421069430092322,20190626,20190626,1.010534
000001.SZ,1d,2017-01-26,8.895440206195685,8.96261181508821,8.885844262068181,8.953015870960707,420712.0,391844286.24,20170126,9.33,1.0421069430092322,20190626,20190626,1.010534
000001.SZ,1d,2017-02-03,8.96261181508821,8.981803703343218,8.857056429685672,8.885844262068181,315472.0,292617943.26000005,20170203,9.26,1.0421069430092322,20190626,20190626,1.010534
000001.SZ,1d,2017-02-06,8.885844262068181,8.943419926833203,8.885844262068181,8.9338239827057,516786.0,480441331.03999996,20170206,9.31,1.0421069430092322,20190626,20190626,1.010534
000001.SZ,1d,2017-02-07,8.933823982705698,8.943419926833203,8.895440206195685,8.924228038578194,396884.0,368755274.2,20170207,9.299999999999999,1.0421069430092322,20190626,20190626,1.010534
000001.SZ,1d,2017-02-08,8.914632094450694,8.924228038578196,8.866652373813176,8.924228038578196,360272.0,333975401.82000005,20170208,9.3,1.0421069430092322,20190626,20190626,1.010534
000001.SZ,1d,2017-02-09,8.924228038578194,8.953015870960707,8.905036150323188,8.933823982705698,342855.0,319201023.28000003,20170209,9.309999999999999,1.0421069430092322,20190626,20190626,1.010534
000001.SZ,1d,2017-02-10,8.943419926833203,8.981803703343218,8.9338239827057,8.953015870960707,482743.0,450701345.31000006,20170210,9.33,1.0421069430092322,20190626,20190626,1.010534
000001.SZ,1d,2017-02-13,8.96261181508821,9.058571256363244,8.953015870960707,9.029783423980733,638364.0,599951024.32,20170213,9.41,1.0421069430092322,20190626,20190626,1.010534
000001.SZ,1d,2017-02-14,9.029783423980733,9.03937936810824,8.99139964747072,9.02018747985323,362404.0,340318431.40000004,20170214,9.4,1.0421069430092322,20190626,20190626,1.010534
000001.SZ,1d,2017-02-15,9.02018747985323,9.154530697638279,9.010591535725727,9.068167200490748,756613.0,716759655.28,20170215,9.450000000000001,1.0421069430092322,20190626,20190626,1.010534
000001.SZ,1d,2017-02-16,9.068167200490747,9.116146921128264,9.039379368108238,9.077763144618249,411161.0,388636225.1999999,20170216,9.459999999999999,1.0421069430092322,20190626,20190626,1.010534
000001.SZ,1d,2017-02-17,9.07776314461825,9.106550977000762,8.99139964747072,9.010591535725727,423774.0,400161795.09,20170217,9.39,1.0421069430092322,20190626,20190626,1.010534
000001.SZ,1d,2017-02-20,9.02018747985323,9.192914474148292,9.02018747985323,9.173722585893286,898755.0,855710805.5000001,20170220,9.56,1.0421069430092322,20190626,20190626,1.010534
000001.SZ,1d,2017-02-21,9.164126641765783,9.231298250658307,9.154530697638279,9.183318530020788,646584.0,618761069.26,20170221,9.57,1.0421069430092322,20190626,20190626,1.010534
000001.SZ,1d,2017-02-22,9.183318530020788,9.183318530020788,9.116146921128264,9.183318530020788,462966.0,441528339.71,20170222,9.57,1.0421069430092322,20190626,20190626,1.010534
000001.SZ,1d,2017-02-23,9.164126641765783,9.183318530020788,9.096955032873257,9.125742865255768,335327.0,319293836.59,20170223,9.51,1.0421069430092322,20190626,20190626,1.010534
000001.SZ,1d,2017-02-24,9.116146921128264,9.154530697638279,9.096955032873257,9.116146921128264,332500.0,316020789.4,20170224,9.5,1.0421069430092322,20190626,20190626,1.010534
000001.SZ,1d,2017-02-27,9.116146921128264,9.116146921128264,9.039379368108238,9.04897531223574,407341.0,384781015.65000004,20170227,9.43,1.0421069430092322,20190626,20190626,1.010534
000001.SZ,1d,2017-02-28,9.04897531223574,9.125742865255768,9.039379368108238,9.096955032873257,369719.0,350366892.5,20170228,9.48,1.0421069430092322,20190626,20190626,1.010534
000001.SZ,1d,2017-03-01,9.106550977000762,9.164126641765783,9.087359088745755,9.106550977000762,346993.0,330157963.40000004,20170301,9.49,1.0421069430092322,20190626,20190626,1.010534
000001.SZ,1d,2017-03-02,9.125742865255768,9.154530697638277,9.039379368108238,9.04897531223574,403628.0,382395883.84000003,20170302,9.43,1.0421069430092322,20190626,20190626,1.010534
000001.SZ,1d,2017-03-03,9.029783423980733,9.04897531223574,8.981803703343216,9.020187479853229,342655.0,321952549.22,20170303,9.399999999999999,1.0421069430092322,20190626,20190626,1.010534
000001.SZ,1d,2017-03-06,9.02018747985323,9.07776314461825,9.010591535725727,9.068167200490748,404511.0,381212304.19000006,20170306,9.450000000000001,1.0421069430092322,20190626,20190626,1.010534
000001.SZ,1d,2017-03-07,9.058571256363244,9.07776314461825,9.02018747985323,9.068167200490748,294672.0,277747415.4200001,20170307,9.450000000000001,1.0421069430092322,20190626,20190626,1.010534
000001.SZ,1d,2017-03-08,9.04897531223574,9.068167200490748,9.02018747985323,9.039379368108238,244438.0,230425150.54000002,20170308,9.42,1.0421069430092322,20190626,20190626,1.010534
000001.SZ,1d,2017-03-09,9.029783423980733,9.04897531223574,8.981803703343216,9.000995591598222,378169.0,354813687.5,20170309,9.379999999999999,1.0421069430092322,20190626,20190626,1.010534
000001.SZ,1d,2017-03-10,9.000995591598222,9.029783423980733,8.981803703343216,9.020187479853229,390182.0,366140052.24,20170310,9.399999999999999,1.0421069430092322,20190626,20190626,1.010534
000001.SZ,1d,2017-03-13,9.010591535725727,9.068167200490748,8.99139964747072,9.058571256363246,545304.0,513148481.04,20170313,9.440000000000001,1.0421069430092322,20190626,20190626,1.010534
000001.SZ,1d,2017-03-14,9.04897531223574,9.07776314461825,9.029783423980733,9.058571256363244,404484.0,381594066.95,20170314,9.44,1.0421069430092322,20190626,20190626,1.010534
000001.SZ,1d,2017-03-15,9.039379368108238,9.096955032873257,9.039379368108238,9.096955032873257,546560.0,515943748.1,20170315,9.48,1.0421069430092322,20190626,20190626,1.010534
000001.SZ,1d,2017-03-16,9.096955032873257,9.144934753510777,9.068167200490748,9.135338809383272,635953.0,603450064.0699999,20170316,9.520000000000001,1.0421069430092322,20190626,20190626,1.010534
000001.SZ,1d,2017-03-17,9.068167200490748,9.07776314461825,8.924228038578196,8.9338239827057,1583647.0,1482736995.3700001,20170317,9.31,1.0421069430092322,20190626,20190626,1.010534
000001.SZ,1d,2017-03-20,8.914632094450694,8.9338239827057,8.84746048555817,8.876248317940679,715021.0,661887015.08,20170320,9.25,1.0421069430092322,20190626,20190626,1.010534
000001.SZ,1d,2017-03-21,8.87624831794068,8.885844262068183,8.828268597303163,8.866652373813176,554648.0,511914333.09000003,20170321,9.24,1.0421069430092322,20190626,20190626,1.010534
000001.SZ,1d,2017-03-22,8.828268597303163,8.84746048555817,8.770692932538141,8.789884820793148,566123.0,519331026.2700001,20170322,9.16,1.0421069430092322,20190626,20190626,1.010534
000001.SZ,1d,2017-03-23,8.789884820793148,8.866652373813176,8.780288876665644,8.828268597303163,433588.0,398986562.09000003,20170323,9.200000000000001,1.0421069430092322,20190626,20190626,1.010534
000001.SZ,1d,2017-03-24,8.828268597303161,8.866652373813176,8.789884820793148,8.818672653175657,710827.0,653533829.8800001,20170324,9.19,1.0421069430092322,20190626,20190626,1.010534
000001.SZ,1d,2017-03-27,8.751501044283133,8.818672653175657,8.71311726777312,8.770692932538141,985012.0,900094460.9200001,20170327,9.14,1.0421069430092322,20190626,20190626,1.010534
000001.SZ,1d,2017-03-28,8.789884820793148,8.79948076492065,8.732309156028126,8.751501044283133,481372.0,439405816.17,20170328,9.12,1.0421069430092322,20190626,20190626,1.010534
000001.SZ,1d,2017-03-29,8.761096988410637,8.780288876665644,8.722713211900624,8.74190510015563,601140.0,548060692.96,20170329,9.11,1.0421069430092322,20190626,20190626,1.010534
000001.SZ,1d,2017-03-30,8.751501044283135,8.751501044283135,8.693925379518113,8.71311726777312,687285.0,623995512.84,20170330,9.08,1.0421069430092322,20190626,20190626,1.010534
000001.SZ,1d,2017-03-31,8.71311726777312,8.809076709048155,8.71311726777312,8.79948076492065,633121.0,578579035.11,20170331,9.17,1.0421069430092322,20190626,20190626,1.010534
000001.SZ,1d,2017-04-05,8.789884820793148,8.84746048555817,8.780288876665644,8.837864541430665,499150.0,458567834.2,20170405,9.21,1.0421069430092322,20190626,20190626,1.010534
000001.SZ,1d,2017-04-06,8.828268597303161,8.84746048555817,8.79948076492065,8.828268597303161,434391.0,399118983.36,20170406,9.2,1.0421069430092322,20190626,20190626,1.010534
000001.SZ,1d,2017-04-07,8.818672653175657,8.84746048555817,8.79948076492065,8.828268597303161,514844.0,473366404.45000005,20170407,9.2,1.0421069430092322,20190626,20190626,1.010534
000001.SZ,1d,2017-04-10,8.828268597303161,8.837864541430664,8.79948076492065,8.809076709048155,401343.0,368682024.90000004,20170410,9.18,1.0421069430092322,20190626,20190626,1.010534
000001.SZ,1d,2017-04-11,8.79948076492065,8.818672653175657,8.722713211900624,8.780288876665644,612437.0,560304072.91,20170411,9.15,1.0421069430092322,20190626,20190626,1.010534
000001.SZ,1d,2017-04-12,8.789884820793148,8.79948076492065,8.732309156028126,8.751501044283133,455336.0,416101249.02,20170412,9.12,1.0421069430092322,20190626,20190626,1.010534
000001.SZ,1d,2017-04-13,8.74190510015563,8.77069293253814,8.732309156028126,8.751501044283133,357442.0,325949861.06,20170413,9.12,1.0421069430092322,20190626,20190626,1.010534
000001.SZ,1d,2017-04-14,8.741905100155632,8.751501044283135,8.693925379518113,8.71311726777312,490500.0,445637458.07,20170414,9.08,1.0421069430092322,20190626,20190626,1.010534
000001.SZ,1d,2017-04-17,8.71311726777312,8.741905100155632,8.68432943539061,8.732309156028128,531892.0,483130499.71999997,20170417,9.100000000000001,1.0421069430092322,20190626,20190626,1.010534
000001.SZ,1d,2017-04-18,8.722713211900624,8.732309156028128,8.68432943539061,8.68432943539061,335376.0,304162860.29,20170418,9.05,1.0421069430092322,20190626,20190626,1.010534
000001.SZ,1d,2017-04-19,8.665137547135604,8.674733491263106,8.540390273478058,8.549986217605563,799668.0,714963673.1400001,20170419,8.91,1.0421069430092322,20190626,20190626,1.010534
000001.SZ,1d,2017-04-20,8.540390273478058,8.578774049988073,8.530794329350556,8.559582161733065,437629.0,390063543.84000003,20170420,8.92,1.0421069430092322,20190626,20190626,1.010534
000001.SZ,1d,2017-04-21,8.559582161733065,8.626753770625589,8.540390273478058,8.607561882370582,325408.0,291126076.24,20170421,8.97,1.0421069430092322,20190626,20190626,1.010534
000001.SZ,1d,2017-04-24,8.607561882370582,8.617157826498087,8.530794329350556,8.56917810586057,394995.0,352926394.67,20170424,8.93,1.0421069430092322,20190626,20190626,1.010534
000001.SZ,1d,2017-04-25,8.56917810586057,8.645945658880596,8.56917810586057,8.636349714753093,377933.0,339230143.96999997,20170425,9.0,1.0421069430092322,20190626,20190626,1.010534
000001.SZ,1d,2017-04-26,8.636349714753093,8.645945658880597,8.59796593824308,8.626753770625589,382147.0,343316092.51000005,20170426,8.99,1.0421069430092322,20190626,20190626,1.010534
000001.SZ,1d,2017-04-27,8.607561882370582,8.617157826498087,8.549986217605563,8.607561882370582,387392.0,346186989.88,20170427,8.97,1.0421069430092322,20190626,20190626,1.010534
000001.SZ,1d,2017-04-28,8.597965938243078,8.626753770625589,8.559582161733065,8.626753770625589,286446.0,256106698.72,20170428,8.99,1.0421069430092322,20190626,20190626,1.010534
000001.SZ,1d,2017-05-02,8.59796593824308,8.59796593824308,8.540390273478058,8.578774049988072,311026.0,277665881.67,20170502,8.94,1.0421069430092322,20190626,20190626,1.010534
000001.SZ,1d,2017-05-03,8.559582161733065,8.56917810586057,8.530794329350556,8.549986217605563,280310.0,249660877.22,20170503,8.91,1.0421069430092322,20190626,20190626,1.010534
000001.SZ,1d,2017-05-04,8.530794329350556,8.530794329350556,8.367663279182997,8.386855167438004,696517.0,613783434.3100001,20170504,8.74,1.0421069430092322,20190626,20190626,1.010534
000001.SZ,1d,2017-05-05,8.386855167438004,8.40604705569301,8.233320061397949,8.281299782035466,623700.0,539541739.86,20170505,8.63,1.0421069430092322,20190626,20190626,1.010534
000001.SZ,1d,2017-05-08,8.252511949652957,8.271703837907962,8.194936284887936,8.223724117270445,460089.0,394424117.19,20170508,8.57,1.0421069430092322,20190626,20190626,1.010534
000001.SZ,1d,2017-05-09,8.214128173142942,8.290895726162969,8.204532229015438,8.290895726162969,324194.0,279119676.49,20170509,8.64,1.0421069430092322,20190626,20190626,1.010534
000001.SZ,1d,2017-05-10,8.281299782035466,8.444430832203025,8.271703837907962,8.319683558545481,573077.0,498675307.83000004,20170510,8.670000000000002,1.0421069430092322,20190626,20190626,1.010534
000001.SZ,1d,2017-05-11,8.300491670290473,8.367663279182995,8.252511949652956,8.348471390927989,503643.0,436444282.31000006,20170511,8.7,1.0421069430092322,20190626,20190626,1.010534
000001.SZ,1d,2017-05-12,8.329279502672982,8.540390273478058,8.290895726162969,8.540390273478058,917968.0,809131900.1400001,20170512,8.9,1.0421069430092322,20190626,20190626,1.010534
000001.SZ,1d,2017-05-15,8.530794329350556,8.588369994115576,8.454026776330528,8.502006496968045,536578.0,476417671.71999997,20170515,8.860000000000001,1.0421069430092322,20190626,20190626,1.010534
000001.SZ,1d,2017-05-16,8.482814608713037,8.492410552840541,8.3772592233105,8.482814608713037,524872.0,461069300.97,20170516,8.84,1.0421069430092322,20190626,20190626,1.010534
000001.SZ,1d,2017-05-17,8.454026776330528,8.454026776330528,8.396451111565506,8.415642999820513,417338.0,365987542.61,20170517,8.77,1.0421069430092322,20190626,20190626,1.010534
000001.SZ,1d,2017-05-18,8.367663279182997,8.415642999820514,8.358067335055495,8.3772592233105,227401.0,198765579.76000002,20170518,8.73,1.0421069430092322,20190626,20190626,1.010534
000001.SZ,1d,2017-05-19,8.386855167438004,8.40604705569301,8.329279502672982,8.338875446800486,294270.0,256396867.64000002,20170519,8.69,1.0421069430092322,20190626,20190626,1.010534
000001.SZ,1d,2017-05-22,8.329279502672982,8.3772592233105,8.262107893780458,8.329279502672982,679120.0,588546725.07,20170522,8.68,1.0421069430092322,20190626,20190626,1.010534
000001.SZ,1d,2017-05-23,8.31968355854548,8.482814608713037,8.290895726162969,8.434834888075521,800040.0,702123772.9800001,20170523,8.790000000000001,1.0421069430092322,20190626,20190626,1.010534
000001.SZ,1d,2017-05-24,8.425238943948017,8.473218664585534,8.329279502672982,8.454026776330528,532376.0,466560635.92,20170524,8.81,1.0421069430092322,20190626,20190626,1.010534
000001.SZ,1d,2017-05-25,8.43483488807552,8.77069293253814,8.425238943948017,8.732309156028126,1621543.0,1462763018.52,20170525,9.1,1.0421069430092322,20190626,20190626,1.010534
000001.SZ,1d,2017-05-26,8.71311726777312,8.761096988410639,8.674733491263106,8.732309156028128,895365.0,813387170.15,20170526,9.100000000000001,1.0421069430092322,20190626,20190626,1.010534
000001.SZ,1d,2017-05-31,8.732309156028126,8.857056429685672,8.693925379518113,8.828268597303163,1033210.0,948741889.7,20170531,9.200000000000001,1.0421069430092322,20190626,20190626,1.010534
000001.SZ,1d,2017-06-01,8.828268597303163,8.857056429685672,8.751501044283135,8.818672653175659,566182.0,519544675.84,20170601,9.190000000000001,1.0421069430092322,20190626,20190626,1.010534
000001.SZ,1d,2017-06-02,8.809076709048155,8.914632094450694,8.770692932538141,8.79948076492065,770757.0,710119498.0999999,20170602,9.17,1.0421069430092322,20190626,20190626,1.010534
000001.SZ,1d,2017-06-05,8.761096988410639,8.79948076492065,8.626753770625589,8.665137547135602,634132.0,573460396.83,20170605,9.03,1.0421069430092322,20190626,20190626,1.010534
000001.SZ,1d,2017-06-06,8.645945658880596,8.693925379518113,8.626753770625589,8.674733491263106,355341.0,320520904.30999994,20170606,9.040000000000001,1.0421069430092322,20190626,20190626,1.010534
000001.SZ,1d,2017-06-07,8.6555416030081,8.780288876665644,8.645945658880596,8.761096988410637,645723.0,587357671.1600001,20170607,9.129999999999999,1.0421069430092322,20190626,20190626,1.010534
000001.SZ,1d,2017-06-08,8.74190510015563,8.780288876665644,8.71311726777312,8.761096988410639,383004.0,348860774.29999995,20170608,9.13,1.0421069430092322,20190626,20190626,1.010534
000001.SZ,1d,2017-06-09,8.780288876665644,8.84746048555817,8.751501044283135,8.780288876665644,685468.0,628281688.31,20170609,9.15,1.0421069430092322,20190626,20190626,1.010534
000001.SZ,1d,2017-06-12,8.780288876665644,8.818672653175657,8.732309156028126,8.74190510015563,504578.0,461493689.83,20170612,9.11,1.0421069430092322,20190626,20190626,1.010534
000001.SZ,1d,2017-06-13,8.741905100155632,8.770692932538141,8.68432943539061,8.751501044283135,448434.0,407876695.89000005,20170613,9.120000000000001,1.0421069430092322,20190626,20190626,1.010534
000001.SZ,1d,2017-06-14,8.751501044283135,8.761096988410639,8.674733491263106,8.71311726777312,375444.0,340596135.74,20170614,9.08,1.0421069430092322,20190626,20190626,1.010534
000001.SZ,1d,2017-06-15,8.71311726777312,8.71311726777312,8.665137547135602,8.674733491263106,337797.0,305610500.17,20170615,9.04,1.0421069430092322,20190626,20190626,1.010534
000001.SZ,1d,2017-06-16,8.674733491263106,8.71311726777312,8.645945658880596,8.6555416030081,285991.0,258559005.29,20170616,9.02,1.0421069430092322,20190626,20190626,1.010534
000001.SZ,1d,2017-06-19,8.665137547135602,8.780288876665644,8.6555416030081,8.761096988410637,489704.0,446000772.99,20170619,9.129999999999999,1.0421069430092322,20190626,20190626,1.010534
000001.SZ,1d,2017-06-20,8.751501044283133,8.789884820793148,8.722713211900624,8.751501044283133,313615.0,286053883.71000004,20170620,9.12,1.0421069430092322,20190626,20190626,1.010534
000001.SZ,1d,2017-06-21,8.79948076492065,8.809076709048155,8.74190510015563,8.780288876665642,496932.0,454488888.04,20170621,9.149999999999999,1.0421069430092322,20190626,20190626,1.010534
000001.SZ,1d,2017-06-22,8.780288876665644,9.02018747985323,8.770692932538141,8.876248317940679,1426958.0,1325210564.6399999,20170622,9.25,1.0421069430092322,20190626,20190626,1.010534
000001.SZ,1d,2017-06-23,8.857056429685672,8.895440206195685,8.789884820793148,8.876248317940679,584004.0,538303574.27,20170623,9.25,1.0421069430092322,20190626,20190626,1.010534
000001.SZ,1d,2017-06-26,8.885844262068181,9.02018747985323,8.885844262068181,8.924228038578194,710769.0,663762850.0400001,20170626,9.299999999999999,1.0421069430092322,20190626,20190626,1.010534
000001.SZ,1d,2017-06-27,8.924228038578194,9.010591535725725,8.895440206195685,8.981803703343216,546016.0,509162008.98,20170627,9.36,1.0421069430092322,20190626,20190626,1.010534
000001.SZ,1d,2017-06-28,8.972207759215713,9.106550977000762,8.953015870960707,9.04897531223574,1168796.0,1102438099.9,20170628,9.43,1.0421069430092322,20190626,20190626,1.010534
000001.SZ,1d,2017-06-29,9.048975312235742,9.068167200490748,8.99139964747072,9.048975312235742,488804.0,459810415.61999995,20170629,9.430000000000001,1.0421069430092322,20190626,20190626,1.010534
000001.SZ,1d,2017-06-30,9.02018747985323,9.04897531223574,8.9338239827057,9.010591535725727,499633.0,468003516.71999997,20170630,9.39,1.0421069430092322,20190626,20190626,1.010534
000001.SZ,1d,2017-07-03,9.02018747985323,9.04897531223574,8.96261181508821,9.02018747985323,388349.0,364465847.32,20170703,9.4,1.0421069430092322,20190626,20190626,1.010534
000001.SZ,1d,2017-07-04,9.02018747985323,9.029783423980733,8.924228038578196,8.96261181508821,488362.0,456577021.24999994,20170704,9.34,1.0421069430092322,20190626,20190626,1.010534
000001.SZ,1d,2017-07-05,8.914632094450692,9.000995591598222,8.895440206195685,8.991399647470718,567720.0,529294114.23999995,20170705,9.37,1.0421069430092322,20190626,20190626,1.010534
000001.SZ,1d,2017-07-06,8.981803703343218,9.029783423980733,8.9338239827057,9.02018747985323,738911.0,691387184.15,20170706,9.4,1.0421069430092322,20190626,20190626,1.010534
000001.SZ,1d,2017-07-07,8.991399647470718,9.096955032873257,8.96261181508821,9.087359088745755,760369.0,717084352.1800001,20170707,9.47,1.0421069430092322,20190626,20190626,1.010534
000001.SZ,1d,2017-07-10,9.068167200490747,9.26968202716832,9.058571256363244,9.202510418275795,1360815.0,1303090005.3600001,20170710,9.59,1.0421069430092322,20190626,20190626,1.010534
000001.SZ,1d,2017-07-11,9.221702306530801,10.037357557368594,9.221702306530801,9.835842730691022,3812086.0,3842010171.29,20170711,10.25,1.0421069430092322,20190626,20190626,1.010534
000001.SZ,1d,2017-07-12,9.85503461894603,10.152508886898637,9.787863010053506,9.922206227838554,2998844.0,3113681338.88,20170712,10.340000000000002,1.0421069430092322,20190626,20190626,1.010534
000001.SZ,1d,2017-07-13,9.88382245132854,10.459579098978747,9.82624678656352,10.459579098978747,2994534.0,3180144566.46,20170713,10.9,1.0421069430092322,20190626,20190626,1.010534
000001.SZ,1d,2017-07-14,10.373215601831214,10.497962875488758,10.229276439918664,10.459579098978747,1722570.0,1864449201.5,20170714,10.9,1.0421069430092322,20190626,20190626,1.010534
000001.SZ,1d,2017-07-17,10.507558819616264,10.872204696461393,10.286852104683684,10.373215601831214,3273123.0,3608692279.05,20170717,10.81,1.0421069430092322,20190626,20190626,1.010534
000001.SZ,1d,2017-07-18,10.315639937066196,10.689881758038828,10.19089266340865,10.603518260891297,2349431.0,2558433986.13,20170718,11.05,1.0421069430092322,20190626,20190626,1.010534
000001.SZ,1d,2017-07-19,10.545942596126277,10.737861478676347,10.44038721072374,10.641902037401312,1933075.0,2131336294.18,20170719,11.090000000000002,1.0421069430092322,20190626,20190626,1.010534
000001.SZ,1d,2017-07-20,10.632306093273808,10.766649311058856,10.46917504310625,10.52675070787127,1537338.0,1695060974.17,20170720,10.97,1.0421069430092322,20190626,20190626,1.010534
000001.SZ,1d,2017-07-21,10.54622551334699,10.663081197705404,10.409893881595504,10.604653355526196,1501020.0,1625416436.89,20170721,10.889999999999999,1.026907682402,20190626,20190626,1.010534
000001.SZ,1d,2017-07-24,10.536487539650455,10.770198908367286,10.448845776381644,10.663081197705406,1692664.0,1846886678.93,20170724,10.950000000000001,1.026907682402,20190626,20190626,1.010534
000001.SZ,1d,2017-07-25,10.692295118795009,10.974696355994514,10.663081197705406,10.71177106618808,1954768.0,2172114597.09,20170725,11.000000000000002,1.026907682402,20190626,20190626,1.010534
000001.SZ,1d,2017-07-26,10.633867276615801,10.8870545927257,10.380679960505901,10.458583750078178,1697412.0,1846282151.7699997,20170726,10.74,1.026907682402,20190626,20190626,1.010534
000001.SZ,1d,2017-07-27,10.439107802685108,10.487797671167781,10.25408630245095,10.312514144630159,1194490.0,1273888886.18,20170727,10.59,1.026907682402,20190626,20190626,1.010534
000001.SZ,1d,2017-07-28,10.331990092023227,10.52674956595392,10.302776170933624,10.458583750078178,819195.0,877769279.49,20170728,10.74,1.026907682402,20190626,20190626,1.010534
000001.SZ,1d,2017-07-31,10.517011592257386,10.536487539650455,10.176182512878675,10.390417934202437,1575864.0,1671814035.24,20170731,10.670000000000002,1.026907682402,20190626,20190626,1.010534
000001.SZ,1d,2017-08-01,10.36120401311283,10.789674855760355,10.322252118326693,10.750722960974215,2035709.0,2222887933.96,20170801,11.04,1.026907682402,20190626,20190626,1.010534
000001.SZ,1d,2017-08-02,10.760460934670752,11.042862171870256,10.67281917140194,10.857840671636097,2062069.0,2307726682.9399996,20170802,11.15,1.026907682402,20190626,20190626,1.010534
000001.SZ,1d,2017-08-03,10.848102697939563,10.92600648751184,10.682557145098475,10.721509039884612,984219.0,1090954131.84,20170803,11.01,1.026907682402,20190626,20190626,1.010534
000001.SZ,1d,2017-08-04,10.711771066188078,10.99417230338758,10.643605250312335,10.877316619029166,1353951.0,1511389828.31,20170804,11.17,1.026907682402,20190626,20190626,1.010534
000001.SZ,1d,2017-08-07,10.770198908367286,10.877316619029166,10.614391329222732,10.711771066188078,860644.0,946975699.5600001,20170807,11.0,1.026907682402,20190626,20190626,1.010534
000001.SZ,1d,2017-08-08,10.711771066188078,10.818888776849958,10.624129302919266,10.760460934670752,689567.0,758872028.53,20170808,11.05,1.026907682402,20190626,20190626,1.010534
000001.SZ,1d,2017-08-09,10.672819171401938,10.731247013581147,10.40015590789897,10.448845776381644,1042321.0,1126512107.8200002,20170809,10.73,1.026907682402,20190626,20190626,1.010534
000001.SZ,1d,2017-08-10,10.41963185529204,10.536487539650455,10.263824276147487,10.341728065719764,959879.0,1026676005.5000001,20170810,10.620000000000001,1.026907682402,20190626,20190626,1.010534
000001.SZ,1d,2017-08-11,10.205396433968279,10.263824276147487,9.728235722838082,9.757449643927686,2440643.0,2501779371.25,20170811,10.02,1.026907682402,20190626,20190626,1.010534
000001.SZ,1d,2017-08-14,9.864567354589568,9.981423038947984,9.776925591320756,9.952209117858379,1157664.0,1175479138.54,20170814,10.22,1.026907682402,20190626,20190626,1.010534
000001.SZ,1d,2017-08-15,9.971685065251448,10.234610355057884,9.942471144161845,10.03985088112719,1075162.0,1116749994.49,20170815,10.31,1.026907682402,20190626,20190626,1.010534
000001.SZ,1d,2017-08-16,10.020374933734121,10.098278723306398,9.884043301982636,10.069064802216793,756806.0,778517621.68,20170816,10.34,1.026907682402,20190626,20190626,1.010534
000001.SZ,1d,2017-08-17,10.07880277591333,10.146968591789072,10.020374933734121,10.146968591789072,553642.0,573093949.61,20170817,10.420000000000002,1.026907682402,20190626,20190626,1.010534
000001.SZ,1d,2017-08-18,10.088540749609864,10.322252118326695,10.020374933734121,10.166444539182141,616520.0,643188717.2099999,20170818,10.440000000000001,1.026907682402,20190626,20190626,1.010534
000001.SZ,1d,2017-08-21,10.156706565485605,10.244348328754418,10.117754670699467,10.18592048657521,399154.0,417653110.84999996,20170821,10.46,1.026907682402,20190626,20190626,1.010534
000001.SZ,1d,2017-08-22,10.205396433968279,10.380679960505901,10.098278723306398,10.370941986809367,875681.0,922881865.79,20170822,10.65,1.026907682402,20190626,20190626,1.010534
000001.SZ,1d,2017-08-23,10.351466039416296,10.692295118795009,10.312514144630159,10.614391329222732,1319151.0,1430051908.04,20170823,10.9,1.026907682402,20190626,20190626,1.010534
000001.SZ,1d,2017-08-24,10.604653355526198,10.818888776849958,10.555963487043524,10.643605250312335,924248.0,1014933651.98,20170824,10.93,1.026907682402,20190626,20190626,1.010534
000001.SZ,1d,2017-08-25,10.65334322400887,10.877316619029166,10.614391329222732,10.81888877684996,963940.0,1068994547.06,20170825,11.110000000000001,1.026907682402,20190626,20190626,1.010534
000001.SZ,1d,2017-08-28,10.809150803153424,11.237621645800946,10.809150803153424,11.052600145566789,1603938.0,1828380086.0000002,20170828,11.35,1.026907682402,20190626,20190626,1.010534
000001.SZ,1d,2017-08-29,11.003910277084115,11.43238111973164,10.984434329691046,11.364215303855897,1357983.0,1569230034.16,20170829,11.67,1.026907682402,20190626,20190626,1.010534
000001.SZ,1d,2017-08-30,11.373953277552431,11.3934292249455,11.052600145566789,11.130503935139066,1096674.0,1264128140.6799998,20170830,11.43,1.026907682402,20190626,20190626,1.010534
000001.SZ,1d,2017-08-31,11.091552040352928,11.1402419088356,10.857840671636097,10.984434329691048,1151786.0,1297730595.7200003,20170831,11.280000000000001,1.026907682402,20190626,20190626,1.010534
000001.SZ,1d,2017-09-01,10.984434329691048,11.091552040352928,10.857840671636097,10.916268513815305,959976.0,1080996319.27,20170901,11.21,1.026907682402,20190626,20190626,1.010534
000001.SZ,1d,2017-09-04,10.8870545927257,11.41290517233857,10.877316619029166,11.41290517233857,1352325.0,1551875033.9,20170904,11.72,1.026907682402,20190626,20190626,1.010534
000001.SZ,1d,2017-09-05,11.373953277552431,11.62714059366233,11.296049487980154,11.335001382766292,1287518.0,1513759541.19,20170905,11.639999999999999,1.026907682402,20190626,20190626,1.010534
000001.SZ,1d,2017-09-06,11.28631151428362,11.568712751483124,11.17919380362174,11.393429224945502,791621.0,925519043.82,20170906,11.700000000000001,1.026907682402,20190626,20190626,1.010534
000001.SZ,1d,2017-09-07,11.344739356462828,11.442119093428174,11.091552040352928,11.140241908835602,614187.0,711036421.43,20170907,11.440000000000001,1.026907682402,20190626,20190626,1.010534
000001.SZ,1d,2017-09-08,11.15971785622867,11.335001382766293,11.081814066656394,11.188931777318274,481276.0,553644520.36,20170908,11.49,1.026907682402,20190626,20190626,1.010534
000001.SZ,1d,2017-09-11,11.237621645800948,11.383691251248967,11.003910277084117,11.081814066656394,699472.0,801825014.63,20170911,11.38,1.026907682402,20190626,20190626,1.010534
000001.SZ,1d,2017-09-12,11.081814066656392,11.237621645800946,10.974696355994512,11.237621645800946,846183.0,962032172.14,20170912,11.54,1.026907682402,20190626,20190626,1.010534
000001.SZ,1d,2017-09-13,11.188931777318274,11.237621645800946,11.042862171870254,11.130503935139066,668237.0,765028184.64,20170913,11.43,1.026907682402,20190626,20190626,1.010534
000001.SZ,1d,2017-09-14,11.130503935139066,11.28631151428362,10.945482434904909,11.023386224477186,883087.0,1005775578.2400001,20170914,11.32,1.026907682402,20190626,20190626,1.010534
000001.SZ,1d,2017-09-15,10.994172303387582,11.023386224477186,10.857840671636097,10.994172303387582,646094.0,726061100.4500002,20170915,11.290000000000001,1.026907682402,20190626,20190626,1.010534
000001.SZ,1d,2017-09-18,10.955220408601445,11.023386224477186,10.906530540118771,10.955220408601445,607612.0,684223023.19,20170918,11.250000000000002,1.026907682402,20190626,20190626,1.010534
000001.SZ,1d,2017-09-19,10.955220408601443,11.042862171870254,10.789674855760355,10.838364724243029,764212.0,853815999.65,20170919,11.13,1.026907682402,20190626,20190626,1.010534
000001.SZ,1d,2017-09-20,10.848102697939563,11.07207609295986,10.760460934670752,10.994172303387582,787154.0,884640964.2099999,20170920,11.290000000000001,1.026907682402,20190626,20190626,1.010534
000001.SZ,1d,2017-09-21,10.96495838229798,11.208407724711344,10.906530540118771,11.15971785622867,692407.0,788605300.87,20170921,11.46,1.026907682402,20190626,20190626,1.010534
000001.SZ,1d,2017-09-22,11.130503935139066,11.218145698407879,11.013648250780651,11.140241908835602,593927.0,677622489.51,20170922,11.440000000000001,1.026907682402,20190626,20190626,1.010534
000001.SZ,1d,2017-09-25,11.1402419088356,11.149979882532135,10.8870545927257,10.99417230338758,532391.0,602270302.75,20170925,11.29,1.026907682402,20190626,20190626,1.010534
000001.SZ,1d,2017-09-26,10.96495838229798,11.003910277084117,10.67281917140194,10.760460934670752,967460.0,1074228193.8000002,20170926,11.05,1.026907682402,20190626,20190626,1.010534
000001.SZ,1d,2017-09-27,10.721509039884612,10.789674855760355,10.614391329222732,10.643605250312335,727188.0,798377280.0500001,20170927,10.93,1.026907682402,20190626,20190626,1.010534
000001.SZ,1d,2017-09-28,10.692295118795009,10.692295118795009,10.536487539650455,10.594915381829663,517220.0,563485127.39,20170928,10.88,1.026907682402,20190626,20190626,1.010534
000001.SZ,1d,2017-09-29,10.633867276615801,10.867578645332632,10.575439434436593,10.818888776849958,682280.0,753852534.72,20170929,11.11,1.026907682402,20190626,20190626,1.010534
000001.SZ,1d,2017-10-09,11.26683556689055,11.335001382766293,10.964958382297977,11.003910277084115,1325227.0,1520609511.5700002,20171009,11.299999999999999,1.026907682402,20190626,20190626,1.010534
000001.SZ,1d,2017-10-10,11.03312419817372,11.198669751014808,11.03312419817372,11.169455829925205,747925.0,853665849.11,20171010,11.47,1.026907682402,20190626,20190626,1.010534
000001.SZ,1d,2017-10-11,11.17919380362174,11.276573540587085,11.042862171870254,11.227883672104412,658077.0,756203405.4,20171011,11.53,1.026907682402,20190626,20190626,1.010534
000001.SZ,1d,2017-10-12,11.237621645800948,11.276573540587085,11.169455829925205,11.247359619497482,578065.0,667148377.69,20171012,11.55,1.026907682402,20190626,20190626,1.010534
000001.SZ,1d,2017-10-13,11.257097593194016,11.257097593194016,10.955220408601443,11.062338119263323,737375.0,839662734.96,20171013,11.36,1.026907682402,20190626,20190626,1.010534
000001.SZ,1d,2017-10-16,11.062338119263325,11.296049487980156,10.994172303387582,11.286311514283621,1036250.0,1190724204.76,20171016,11.590000000000002,1.026907682402,20190626,20190626,1.010534
000001.SZ,1d,2017-10-17,11.315525435373225,11.344739356462828,11.17919380362174,11.208407724711343,506372.0,585333998.33,20171017,11.51,1.026907682402,20190626,20190626,1.010534
000001.SZ,1d,2017-10-18,11.227883672104412,11.3934292249455,11.208407724711343,11.383691251248965,871365.0,1011050927.6999999,20171018,11.69,1.026907682402,20190626,20190626,1.010534
000001.SZ,1d,2017-10-19,11.335001382766293,11.41290517233857,11.26683556689055,11.325263409069759,722764.0,841546799.4000001,20171019,11.63,1.026907682402,20190626,20190626,1.010534
000001.SZ,1d,2017-10-20,11.28631151428362,11.28631151428362,11.111027987745997,11.17919380362174,461808.0,529747048.15999997,20171020,11.48,1.026907682402,20190626,20190626,1.010534
000001.SZ,1d,2017-10-23,11.091552040352928,11.101290014049463,10.857840671636097,10.896792566422235,1074465.0,1206888281.81,20171023,11.19,1.026907682402,20190626,20190626,1.010534
000001.SZ,1d,2017-10-24,10.90653054011877,11.120765961442531,10.8870545927257,11.091552040352928,618871.0,700896871.75,20171024,11.39,1.026907682402,20190626,20190626,1.010534
000001.SZ,1d,2017-10-25,11.062338119263323,11.072076092959858,10.955220408601443,10.974696355994512,418573.0,472708177.86,20171025,11.27,1.026907682402,20190626,20190626,1.010534
000001.SZ,1d,2017-10-26,10.955220408601445,11.023386224477186,10.828626750546494,10.887054592725702,928996.0,1041707022.8800001,20171026,11.180000000000001,1.026907682402,20190626,20190626,1.010534
000001.SZ,1d,2017-10-27,10.896792566422235,11.257097593194016,10.8870545927257,11.257097593194016,1360086.0,1548543731.64,20171027,11.56,1.026907682402,20190626,20190626,1.010534
000001.SZ,1d,2017-10-30,11.247359619497482,11.422643146035105,11.149979882532136,11.257097593194016,1278246.0,1484495472.5400002,20171030,11.56,1.026907682402,20190626,20190626,1.010534
000001.SZ,1d,2017-10-31,11.247359619497482,11.276573540587085,11.091552040352928,11.237621645800948,627491.0,721237474.23,20171031,11.540000000000001,1.026907682402,20190626,20190626,1.010534
000001.SZ,1d,2017-11-01,11.257097593194016,11.28631151428362,11.023386224477186,11.101290014049463,692617.0,792881042.8199999,20171101,11.4,1.026907682402,20190626,20190626,1.010534
000001.SZ,1d,2017-11-02,11.062338119263323,11.276573540587085,10.964958382297977,11.237621645800946,604308.0,689229873.86,20171102,11.54,1.026907682402,20190626,20190626,1.010534
000001.SZ,1d,2017-11-03,11.188931777318274,11.373953277552431,11.052600145566789,11.091552040352926,743343.0,852032107.89,20171103,11.389999999999999,1.026907682402,20190626,20190626,1.010534
000001.SZ,1d,2017-11-06,11.120765961442531,11.120765961442531,10.79941282945689,10.984434329691046,1029902.0,1157303985.6000001,20171106,11.28,1.026907682402,20190626,20190626,1.010534
000001.SZ,1d,2017-11-07,10.974696355994512,11.773210199110352,10.955220408601443,11.607664646269262,2477163.0,2914269160.44,20171107,11.92,1.026907682402,20190626,20190626,1.010534
000001.SZ,1d,2017-11-08,11.685568435841539,12.260108883937082,11.617402619965796,11.81216209389649,4262825.0,5199224276.82,20171108,12.129999999999999,1.026907682402,20190626,20190626,1.010534
000001.SZ,1d,2017-11-09,11.880327909772234,12.240632936544014,11.83163804128956,12.006921567827183,2295289.0,2839861735.04,20171109,12.33,1.026907682402,20190626,20190626,1.010534
000001.SZ,1d,2017-11-10,12.045873462613322,12.221156989150945,11.83163804128956,11.97770764673758,1757552.0,2167126597.89,20171110,12.3,1.026907682402,20190626,20190626,1.010534
000001.SZ,1d,2017-11-13,12.026397515220252,12.756745542460347,12.026397515220252,12.561986068529656,2566906.0,3307955288.7400002,20171113,12.9,1.026907682402,20190626,20190626,1.010534
000001.SZ,1d,2017-11-14,12.61067593701233,12.912553121604901,12.474344305260844,12.61067593701233,1780302.0,2318092534.3199997,20171114,12.950000000000001,1.026907682402,20190626,20190626,1.010534
000001.SZ,1d,2017-11-15,12.561986068529656,12.78595946354995,12.435392410474705,12.561986068529656,1263052.0,1627912725.03,20171115,12.9,1.026907682402,20190626,20190626,1.010534
000001.SZ,1d,2017-11-16,12.561986068529656,12.776221489853416,12.33801267350936,12.756745542460347,1200814.0,1550701791.1,20171116,13.1,1.026907682402,20190626,20190626,1.010534
000001.SZ,1d,2017-11-17,12.824911358336092,13.107312595535594,12.688579726584607,12.834649332032626,2064149.0,2731215933.7500005,20171117,13.180000000000001,1.026907682402,20190626,20190626,1.010534
000001.SZ,1d,2017-11-20,12.785959463549952,13.876612517561828,12.708055673977675,13.876612517561828,2843925.0,3860145472.82,20171120,14.25,1.026907682402,20190626,20190626,1.010534
000001.SZ,1d,2017-11-21,13.701328991024205,14.402463097174698,13.642901148844997,14.07137199149252,2495327.0,3609849024.92,20171121,14.45,1.026907682402,20190626,20190626,1.010534
000001.SZ,1d,2017-11-22,14.100585912582124,14.840671913518756,14.100585912582124,14.704340281767271,2570231.0,3839501153.96,20171122,15.1,1.026907682402,20190626,20190626,1.010534
000001.SZ,1d,2017-11-23,14.753030150249945,14.840671913518756,13.701328991024205,13.973992254527174,2429142.0,3562843399.78,20171123,14.35,1.026907682402,20190626,20190626,1.010534
000001.SZ,1d,2017-11-24,13.915564412347967,14.207703623244006,13.418927753824702,14.178489702154401,2630189.0,3732597275.58,20171124,14.56,1.026907682402,20190626,20190626,1.010534
000001.SZ,1d,2017-11-27,13.925302386044502,13.925302386044502,13.389713832735097,13.56499735927272,2064085.0,2878491901.4700003,20171127,13.93,1.026907682402,20190626,20190626,1.010534
000001.SZ,1d,2017-11-28,13.487093569700443,13.487093569700443,13.048884753356386,13.341023964252425,1766432.0,2396540133.1,20171128,13.700000000000001,1.026907682402,20190626,20190626,1.010534
000001.SZ,1d,2017-11-29,13.370237885342029,13.564997359272722,13.117050569232129,13.45787964861084,1564094.0,2148312654.9900002,20171129,13.82,1.026907682402,20190626,20190626,1.010534
000001.SZ,1d,2017-11-30,13.341023964252424,13.370237885342029,12.912553121604901,13.029408805963316,1379635.0,1866700884.5900002,20171130,13.379999999999999,1.026907682402,20190626,20190626,1.010534
000001.SZ,1d,2017-12-01,13.048884753356386,13.126788542928663,12.620413910708864,12.659365805495002,1784933.0,2354299656.82,20171201,13.0,1.026907682402,20190626,20190626,1.010534
000001.SZ,1d,2017-12-04,12.708055673977675,13.019670832266781,12.659365805495002,12.95150501639104,1454023.0,1923315712.98,20171204,13.3,1.026907682402,20190626,20190626,1.010534
000001.SZ,1d,2017-12-05,12.805435410943021,13.136526516625198,12.756745542460347,12.951505016391039,1723681.0,2301867653.6200004,20171205,13.299999999999999,1.026907682402,20190626,20190626,1.010534
000001.SZ,1d,2017-12-06,12.912553121604903,12.922291095301437,12.454868357867776,12.737269595067279,1619844.0,2104168537.1000001,20171206,13.08,1.026907682402,20190626,20190626,1.010534
000001.SZ,1d,2017-12-07,12.708055673977675,12.795697437246487,12.415916463081636,12.493820252653913,1181957.0,1526953344.35,20171207,12.83,1.026907682402,20190626,20190626,1.010534
000001.SZ,1d,2017-12-08,12.552248094833121,12.747007568763813,12.415916463081636,12.747007568763813,1351315.0,1751423112.52,20171208,13.09,1.026907682402,20190626,20190626,1.010534
000001.SZ,1d,2017-12-11,12.737269595067279,13.214430306197475,12.542510121136587,13.146264490321732,2261952.0,2980735572.46,20171211,13.5,1.026907682402,20190626,20190626,1.010534
000001.SZ,1d,2017-12-12,13.048884753356386,13.126788542928663,12.67884175288807,12.67884175288807,1743405.0,2302354901.4999995,20171212,13.02,1.026907682402,20190626,20190626,1.010534
000001.SZ,1d,2017-12-13,12.659365805495002,12.854125279425695,12.542510121136587,12.785959463549952,1289248.0,1679022035.87,20171213,13.13,1.026907682402,20190626,20190626,1.010534
000001.SZ,1d,2017-12-14,12.805435410943021,12.961242990087575,12.57172404222619,12.659365805495002,1001997.0,1311131917.6599998,20171214,13.0,1.026907682402,20190626,20190626,1.010534
000001.SZ,1d,2017-12-15,12.561986068529656,12.591199989619259,12.33801267350936,12.386702541992033,1099952.0,1405372004.0400002,20171215,12.72,1.026907682402,20190626,20190626,1.010534
000001.SZ,1d,2017-12-18,12.396440515688568,12.57172404222619,12.308798752419756,12.415916463081636,805464.0,1029422753.2800001,20171218,12.75,1.026907682402,20190626,20190626,1.010534
000001.SZ,1d,2017-12-19,12.454868357867776,12.97098096378411,12.406178489385102,12.932029068997972,2397942.0,3138687565.9,20171219,13.280000000000001,1.026907682402,20190626,20190626,1.010534
000001.SZ,1d,2017-12-20,12.854125279425695,12.961242990087575,12.785959463549952,12.912553121604903,1106245.0,1463802116.67,20171220,13.260000000000002,1.026907682402,20190626,20190626,1.010534
000001.SZ,1d,2017-12-21,12.834649332032624,13.321548016859355,12.815173384639555,13.185216385107871,1485203.0,2005617683.8600001,20171221,13.540000000000001,1.026907682402,20190626,20190626,1.010534
000001.SZ,1d,2017-12-22,13.146264490321734,13.272858148376683,13.09757462183906,13.165740437714803,742900.0,1004525768.54,20171222,13.520000000000001,1.026907682402,20190626,20190626,1.010534
000001.SZ,1d,2017-12-25,13.1657404377148,13.496831543396977,12.815173384639555,12.902815147908367,1585567.0,2145040658.23,20171225,13.25,1.026907682402,20190626,20190626,1.010534
000001.SZ,1d,2017-12-26,12.912553121604901,13.33128599055589,12.844387305729159,13.302072069466286,1123688.0,1510826264.4400003,20171226,13.66,1.026907682402,20190626,20190626,1.010534
000001.SZ,1d,2017-12-27,13.224168279894009,13.4189277538247,12.844387305729159,12.941767042694504,1366566.0,1848165006.46,20171227,13.29,1.026907682402,20190626,20190626,1.010534
000001.SZ,1d,2017-12-28,12.93202906899797,13.107312595535593,12.67884175288807,12.863863253122227,1553030.0,2052944539.1400003,20171228,13.209999999999999,1.026907682402,20190626,20190626,1.010534
000001.SZ,1d,2017-12-29,12.863863253122227,13.07809867444599,12.756745542460347,12.951505016391039,982915.0,1303222040.36,20171229,13.299999999999999,1.026907682402,20190626,20190626,1.010534
000001.SZ,1d,2018-01-02,13.000194884873713,13.56499735927272,12.97098096378411,13.341023964252425,2081592.0,2856543822.1800003,20180102,13.700000000000001,1.026907682402,20190626,20190626,1.010534
000001.SZ,1d,2018-01-03,13.370237885342029,13.49683154339698,12.854125279425695,12.980718937480646,2962498.0,4006220766.94,20180103,13.330000000000002,1.026907682402,20190626,20190626,1.010534
000001.SZ,1d,2018-01-04,12.97098096378411,13.019670832266783,12.785959463549952,12.902815147908367,1854509.0,2454543516.41,20180104,13.25,1.026907682402,20190626,20190626,1.010534
000001.SZ,1d,2018-01-05,12.86386325312223,13.000194884873713,12.805435410943021,12.95150501639104,1210312.0,1603289517.9300003,20180105,13.3,1.026907682402,20190626,20190626,1.010534
000001.SZ,1d,2018-01-08,12.902815147908367,12.941767042694504,12.523034173743516,12.620413910708862,2158620.0,2806099169.66,20180108,12.959999999999999,1.026907682402,20190626,20190626,1.010534
000001.SZ,1d,2018-01-09,12.620413910708862,12.854125279425693,12.581462015922725,12.737269595067279,1344345.0,1754315792.47,20180109,13.08,1.026907682402,20190626,20190626,1.010534
000001.SZ,1d,2018-01-10,12.69831770028114,13.136526516625198,12.581462015922725,13.117050569232129,2403277.0,3196055830.9100003,20180110,13.47,1.026907682402,20190626,20190626,1.010534
000001.SZ,1d,2018-01-11,13.05862272705292,13.233906253590543,12.922291095301436,13.048884753356386,1443877.0,1937494294.07,20180111,13.4,1.026907682402,20190626,20190626,1.010534
000001.SZ,1d,2018-01-12,13.097574621839058,13.321548016859355,13.05862272705292,13.194954358804406,1353991.0,1833435672.07,20180112,13.55,1.026907682402,20190626,20190626,1.010534
000001.SZ,1d,2018-01-15,13.156002464018266,13.954516307134105,13.146264490321732,13.827922649079154,3122394.0,4376707088.52,20180115,14.2,1.026907682402,20190626,20190626,1.010534
000001.SZ,1d,2018-01-16,13.79870872798955,14.003206175616777,13.652639122541531,13.827922649079154,2444549.0,3479177087.3,20180116,14.2,1.026907682402,20190626,20190626,1.010534
000001.SZ,1d,2018-01-17,13.954516307134107,14.412201070871234,13.827922649079156,13.857136570168759,2656294.0,3849312882.21,20180117,14.23,1.026907682402,20190626,20190626,1.010534
000001.SZ,1d,2018-01-18,14.022682123009847,14.334297281298957,13.905826438651433,14.334297281298957,2148026.0,3120455742.3500004,20180118,14.72,1.026907682402,20190626,20190626,1.010534
000001.SZ,1d,2018-01-19,14.412201070871232,14.733554202856874,14.295345386512817,14.412201070871232,2571146.0,3832857440.2999997,20180119,14.799999999999999,1.026907682402,20190626,20190626,1.010534
000001.SZ,1d,2018-01-22,14.217441596940539,14.548532702622717,14.05189604409945,14.061634017795985,2073867.0,3032799070.35,20180122,14.44,1.026907682402,20190626,20190626,1.010534
000001.SZ,1d,2018-01-23,13.983730228223708,14.50958080783658,13.954516307134105,14.266131465423213,2388791.0,3492462005.57,20180123,14.65,1.026907682402,20190626,20190626,1.010534
000001.SZ,1d,2018-01-24,14.275869439119747,14.684864334374202,14.120061859975193,14.256393491726678,2591292.0,3838734922.63,20180124,14.64,1.026907682402,20190626,20190626,1.010534
000001.SZ,1d,2018-01-25,14.07137199149252,14.09084793888559,13.633163175148463,13.827922649079154,2369984.0,3360822344.56,20180125,14.2,1.026907682402,20190626,20190626,1.010534
000001.SZ,1d,2018-01-26,13.808446701686085,13.96425428083064,13.652639122541531,13.681853043631135,2032988.0,2885104627.01,20180126,14.049999999999999,1.026907682402,20190626,20190626,1.010534
000001.SZ,1d,2018-01-29,13.681853043631135,13.876612517561828,13.243644227287078,13.379975859038563,2090546.0,2911452095.24,20180129,13.74,1.026907682402,20190626,20190626,1.010534
000001.SZ,1d,2018-01-30,13.341023964252425,13.477355596003909,13.194954358804406,13.292334095769752,1094739.0,1497708872.6299999,20180130,13.65,1.026907682402,20190626,20190626,1.010534
000001.SZ,1d,2018-01-31,13.24364422728708,13.681853043631136,13.175478411411337,13.681853043631136,1747729.0,2423104767.05,20180131,14.05,1.026907682402,20190626,20190626,1.010534
000001.SZ,1d,2018-02-01,13.584473306665789,13.925302386044502,13.477355596003909,13.662377096238066,2005614.0,2821583609.2299995,20180201,14.03,1.026907682402,20190626,20190626,1.010534
000001.SZ,1d,2018-02-02,13.545521411879651,13.73054291211381,13.272858148376683,13.681853043631136,1176512.0,1637619618.3200002,20180202,14.05,1.026907682402,20190626,20190626,1.010534
000001.SZ,1d,2018-02-05,13.438403701217771,14.188227675850936,13.370237885342029,14.168751728457867,2331997.0,3326355314.78,20180205,14.55,1.026907682402,20190626,20190626,1.010534
000001.SZ,1d,2018-02-06,13.857136570168759,13.954516307134105,13.56499735927272,13.633163175148463,2582872.0,3641294710.26,20180206,14.0,1.026907682402,20190626,20190626,1.010534
000001.SZ,1d,2018-02-07,13.847398596472223,13.925302386044502,12.42565443677817,12.581462015922725,3345716.0,4521586590.190001,20180207,12.92,1.026907682402,20190626,20190626,1.010534
000001.SZ,1d,2018-02-08,12.493820252653915,12.581462015922726,12.201681041757876,12.21141901545441,2137815.0,2711464886.05,20180208,12.540000000000001,1.026907682402,20190626,20190626,1.010534
000001.SZ,1d,2018-02-09,11.763472225413818,11.763472225413818,11.081814066656394,11.383691251248967,2824949.0,3308553501.5200005,20180209,11.690000000000001,1.026907682402,20190626,20190626,1.010534
000001.SZ,1d,2018-02-12,11.471333014517779,11.529760856696985,11.257097593194016,11.41290517233857,1228782.0,1439644312.04,20180212,11.72,1.026907682402,20190626,20190626,1.010534
000001.SZ,1d,2018-02-13,11.558974777786588,11.890065883468766,11.529760856696985,11.62714059366233,1298178.0,1562420005.24,20180213,11.94,1.026907682402,20190626,20190626,1.010534
000001.SZ,1d,2018-02-14,11.6466165410554,11.714782356931144,11.451857067124708,11.685568435841539,864190.0,1030474410.4399999,20180214,12.0,1.026907682402,20190626,20190626,1.010534
000001.SZ,1d,2018-02-22,11.929017778254906,12.201681041757874,11.929017778254906,12.133515225882133,1268406.0,1573562575.57,20180222,12.46,1.026907682402,20190626,20190626,1.010534
000001.SZ,1d,2018-02-23,12.25037091024055,12.454868357867776,12.123777252185599,12.279584831330153,1013663.0,1278185721.74,20180223,12.610000000000001,1.026907682402,20190626,20190626,1.010534
000001.SZ,1d,2018-02-26,12.435392410474707,12.513296200046984,12.123777252185599,12.299060778723222,1045758.0,1318960463.96,20180226,12.63,1.026907682402,20190626,20190626,1.010534
000001.SZ,1d,2018-02-27,12.308798752419754,12.367226594598963,11.870589936075698,11.958231699344509,1285869.0,1590018492.14,20180227,12.28,1.026907682402,20190626,20190626,1.010534
000001.SZ,1d,2018-02-28,11.782948172806886,11.870589936075698,11.617402619965796,11.734258304324213,1214145.0,1463313702.75,20180228,12.049999999999999,1.026907682402,20190626,20190626,1.010534
000001.SZ,1d,2018-03-01,11.607664646269262,11.83163804128956,11.588188698876193,11.72452033062768,886957.0,1069354491.03,20180301,12.040000000000001,1.026907682402,20190626,20190626,1.010534
000001.SZ,1d,2018-03-02,11.607664646269262,11.724520330627678,11.53949883039352,11.636878567358865,663124.0,791736473.27,20180302,11.95,1.026907682402,20190626,20190626,1.010534
000001.SZ,1d,2018-03-05,11.617402619965798,11.763472225413818,11.490808961910847,11.549236804090055,754183.0,897244265.05,20180305,11.860000000000001,1.026907682402,20190626,20190626,1.010534
000001.SZ,1d,2018-03-06,11.636878567358865,11.79268614650342,11.461595040821242,11.782948172806886,1150162.0,1373438382.66,20180306,12.1,1.026907682402,20190626,20190626,1.010534
000001.SZ,1d,2018-03-07,11.83163804128956,12.016659541523719,11.72452033062768,11.734258304324214,1427570.0,1744085270.0400002,20180307,12.05,1.026907682402,20190626,20190626,1.010534
000001.SZ,1d,2018-03-08,11.734258304324214,11.83163804128956,11.636878567358867,11.792686146503423,689755.0,832153697.14,20180308,12.110000000000001,1.026907682402,20190626,20190626,1.010534
000001.SZ,1d,2018-03-09,11.83163804128956,11.880327909772234,11.66609248844847,11.773210199110352,943876.0,1139043574.6299999,20180309,12.09,1.026907682402,20190626,20190626,1.010534
000001.SZ,1d,2018-03-12,11.83163804128956,11.85111398868263,11.636878567358867,11.714782356931144,1268701.0,1526643478.9199998,20180312,12.030000000000001,1.026907682402,20190626,20190626,1.010534
000001.SZ,1d,2018-03-13,11.724520330627678,11.899803857165303,11.685568435841539,11.70504438323461,1082267.0,1309543466.56,20180313,12.02,1.026907682402,20190626,20190626,1.010534
000001.SZ,1d,2018-03-14,11.66609248844847,11.685568435841539,11.52002288300045,11.607664646269262,635594.0,757090756.4300001,20180314,11.92,1.026907682402,20190626,20190626,1.010534
000001.SZ,1d,2018-03-15,11.481070988214313,11.53949883039352,11.354477330159362,11.403167198642036,1155694.0,1356878634.17,20180315,11.71,1.026907682402,20190626,20190626,1.010534
000001.SZ,1d,2018-03-16,11.41290517233857,11.539498830393521,11.335001382766293,11.335001382766293,962983.0,1130784170.87,20180316,11.64,1.026907682402,20190626,20190626,1.010534
000001.SZ,1d,2018-03-19,11.354477330159362,11.529760856696985,11.305787461676688,11.52002288300045,808538.0,947664744.37,20180319,11.83,1.026907682402,20190626,20190626,1.010534
000001.SZ,1d,2018-03-20,11.43238111973164,11.568712751483124,11.41290517233857,11.510284909303916,776150.0,916858475.86,20180320,11.82,1.026907682402,20190626,20190626,1.010534
000001.SZ,1d,2018-03-21,11.636878567358865,11.802424120199955,11.53949883039352,11.588188698876193,1445109.0,1736437401.21,20180321,11.9,1.026907682402,20190626,20190626,1.010534
000001.SZ,1d,2018-03-22,11.588188698876193,11.656354514751936,11.315525435373225,11.354477330159362,984278.0,1155741055.8700001,20180322,11.66,1.026907682402,20190626,20190626,1.010534
000001.SZ,1d,2018-03-23,10.955220408601443,11.052600145566789,10.633867276615801,11.042862171870254,1825690.0,2037734400.0900002,20180323,11.34,1.026907682402,20190626,20190626,1.010534
000001.SZ,1d,2018-03-26,10.857840671636096,10.90653054011877,10.575439434436593,10.643605250312335,1383598.0,1519435011.09,20180326,10.93,1.026907682402,20190626,20190626,1.010534
000001.SZ,1d,2018-03-27,10.809150803153424,10.877316619029166,10.575439434436593,10.65334322400887,1103933.0,1213989931.1799998,20180327,10.94,1.026907682402,20190626,20190626,1.010534
000001.SZ,1d,2018-03-28,10.56570146074006,10.848102697939563,10.507273618560852,10.604653355526198,1099023.0,1201023442.2099998,20180328,10.89,1.026907682402,20190626,20190626,1.010534
000001.SZ,1d,2018-03-29,10.633867276615801,10.877316619029166,10.273562249844021,10.760460934670752,1330602.0,1445281829.8600001,20180329,11.05,1.026907682402,20190626,20190626,1.010534
000001.SZ,1d,2018-03-30,10.750722960974217,10.760460934670752,10.594915381829663,10.614391329222732,752173.0,823438180.73,20180330,10.9,1.026907682402,20190626,20190626,1.010534
000001.SZ,1d,2018-04-02,10.585177408133129,10.702033092491543,10.41963185529204,10.429369828988575,1109316.0,1200911980.3799999,20180402,10.71,1.026907682402,20190626,20190626,1.010534
000001.SZ,1d,2018-04-03,10.322252118326693,10.390417934202436,10.234610355057882,10.283300223540556,890745.0,942237800.69,20180403,10.56,1.026907682402,20190626,20190626,1.010534
000001.SZ,1d,2018-04-04,10.40015590789897,10.721509039884612,10.322252118326693,10.585177408133127,1602488.0,1737258898.2800002,20180404,10.87,1.026907682402,20190626,20190626,1.010534
000001.SZ,1d,2018-04-09,10.517011592257386,10.809150803153424,10.448845776381644,10.731247013581147,1074795.0,1180084371.5900002,20180409,11.02,1.026907682402,20190626,20190626,1.010534
000001.SZ,1d,2018-04-10,10.731247013581148,11.15971785622867,10.682557145098475,11.120765961442531,1390950.0,1562265089.74,20180410,11.42,1.026907682402,20190626,20190626,1.010534
000001.SZ,1d,2018-04-11,11.091552040352928,11.607664646269264,11.081814066656394,11.52002288300045,2095970.0,2458982163.44,20180411,11.83,1.026907682402,20190626,20190626,1.010534
000001.SZ,1d,2018-04-12,11.490808961910847,11.52002288300045,11.120765961442531,11.218145698407877,1173128.0,1364675848.46,20180412,11.52,1.026907682402,20190626,20190626,1.010534
000001.SZ,1d,2018-04-13,11.335001382766293,11.481070988214313,11.149979882532136,11.26683556689055,1300255.0,1516155527.17,20180413,11.57,1.026907682402,20190626,20190626,1.010534
000001.SZ,1d,2018-04-16,11.169455829925203,11.169455829925203,10.740984987277681,10.809150803153424,1427072.0,1593706086.4,20180416,11.1,1.026907682402,20190626,20190626,1.010534
000001.SZ,1d,2018-04-17,10.828626750546492,11.149979882532135,10.818888776849958,10.916268513815304,1301891.0,1468159349.6599998,20180417,11.209999999999999,1.026907682402,20190626,20190626,1.010534
000001.SZ,1d,2018-04-18,11.149979882532135,11.305787461676688,10.984434329691046,11.198669751014808,1475845.0,1692722923.5,20180418,11.5,1.026907682402,20190626,20190626,1.010534
000001.SZ,1d,2018-04-19,11.218145698407877,11.383691251248965,11.120765961442531,11.169455829925205,849131.0,979593564.5999999,20180419,11.47,1.026907682402,20190626,20190626,1.010534
000001.SZ,1d,2018-04-20,11.208407724711344,11.276573540587087,10.906530540118771,11.05260014556679,958690.0,1090801311.42,20180420,11.350000000000001,1.026907682402,20190626,20190626,1.010534
000001.SZ,1d,2018-04-23,11.003910277084115,11.305787461676688,10.964958382297977,11.26683556689055,1070289.0,1228544006.32,20180423,11.57,1.026907682402,20190626,20190626,1.010534
000001.SZ,1d,2018-04-24,11.325263409069759,11.62714059366233,11.276573540587085,11.549236804090054,1461098.0,1725152198.09,20180424,11.86,1.026907682402,20190626,20190626,1.010534
000001.SZ,1d,2018-04-25,11.45185706712471,11.500546935607382,11.325263409069759,11.373953277552433,730286.0,854713248.8800001,20180425,11.680000000000001,1.026907682402,20190626,20190626,1.010534
000001.SZ,1d,2018-04-26,11.354477330159362,11.383691251248967,11.013648250780651,11.120765961442531,874235.0,1002483154.12,20180426,11.42,1.026907682402,20190626,20190626,1.010534
000001.SZ,1d,2018-04-27,11.188931777318274,11.208407724711344,10.351466039416298,10.56570146074006,2709795.0,2958464277.86,20180427,10.850000000000001,1.026907682402,20190626,20190626,1.010534
000001.SZ,1d,2018-05-02,10.682557145098475,10.740984987277683,10.517011592257386,10.594915381829663,1190523.0,1295804420.86,20180502,10.88,1.026907682402,20190626,20190626,1.010534
000001.SZ,1d,2018-05-03,10.575439434436593,10.594915381829663,10.29303819723709,10.468321723774713,1281355.0,1372765845.8300002,20180503,10.75,1.026907682402,20190626,20190626,1.010534
000001.SZ,1d,2018-05-04,10.448845776381644,10.54622551334699,10.380679960505901,10.40015590789897,710509.0,761302468.67,20180504,10.68,1.026907682402,20190626,20190626,1.010534
000001.SZ,1d,2018-05-07,10.41963185529204,10.54622551334699,10.361204013112832,10.52674956595392,974309.0,1046743101.9200001,20180507,10.81,1.026907682402,20190626,20190626,1.010534
000001.SZ,1d,2018-05-08,10.54622551334699,10.857840671636097,10.517011592257386,10.721509039884614,1373305.0,1511546681.16,20180508,11.010000000000002,1.026907682402,20190626,20190626,1.010534
000001.SZ,1d,2018-05-09,10.692295118795009,10.740984987277683,10.594915381829663,10.682557145098475,627656.0,687036874.44,20180509,10.97,1.026907682402,20190626,20190626,1.010534
000001.SZ,1d,2018-05-10,10.740984987277681,10.79941282945689,10.624129302919266,10.721509039884612,552735.0,607349997.23,20180510,11.01,1.026907682402,20190626,20190626,1.010534
000001.SZ,1d,2018-05-11,10.750722960974217,10.838364724243029,10.67281917140194,10.721509039884614,772369.0,853271166.64,20180511,11.010000000000002,1.026907682402,20190626,20190626,1.010534
000001.SZ,1d,2018-05-14,10.79941282945689,10.935744461208373,10.740984987277681,10.8870545927257,1039297.0,1158064201.07,20180514,11.18,1.026907682402,20190626,20190626,1.010534
000001.SZ,1d,2018-05-15,10.8870545927257,10.896792566422235,10.731247013581147,10.828626750546492,669261.0,742590447.6500001,20180515,11.12,1.026907682402,20190626,20190626,1.010534
000001.SZ,1d,2018-05-16,10.77993688206382,10.77993688206382,10.604653355526198,10.614391329222732,714362.0,782694669.6899999,20180516,10.9,1.026907682402,20190626,20190626,1.010534
000001.SZ,1d,2018-05-17,10.624129302919266,10.65334322400887,10.497535644864316,10.536487539650453,586494.0,635675440.98,20180517,10.819999999999999,1.026907682402,20190626,20190626,1.010534
000001.SZ,1d,2018-05-18,10.52674956595392,10.682557145098475,10.478059697471247,10.672819171401938,578384.0,628250184.9200001,20180518,10.959999999999999,1.026907682402,20190626,20190626,1.010534
000001.SZ,1d,2018-05-21,10.77993688206382,10.818888776849958,10.643605250312335,10.663081197705404,763533.0,838750577.6500001,20180521,10.95,1.026907682402,20190626,20190626,1.010534
000001.SZ,1d,2018-05-22,10.663081197705406,10.692295118795009,10.507273618560852,10.575439434436595,589871.0,639815249.44,20180522,10.860000000000001,1.026907682402,20190626,20190626,1.010534
000001.SZ,1d,2018-05-23,10.536487539650455,10.536487539650455,10.341728065719764,10.370941986809367,991016.0,1058587812.32,20180523,10.65,1.026907682402,20190626,20190626,1.010534
000001.SZ,1d,2018-05-24,10.380679960505901,10.40015590789897,10.302776170933624,10.331990092023227,688152.0,730678763.88,20180524,10.61,1.026907682402,20190626,20190626,1.010534
000001.SZ,1d,2018-05-25,10.33199009202323,10.390417934202436,10.273562249844021,10.312514144630159,593335.0,629735450.6,20180525,10.59,1.026907682402,20190626,20190626,1.010534
000001.SZ,1d,2018-05-28,10.302776170933624,10.380679960505901,10.234610355057882,10.312514144630159,569400.0,602590746.57,20180528,10.59,1.026907682402,20190626,20190626,1.010534
000001.SZ,1d,2018-05-29,10.302776170933624,10.351466039416296,10.078802775913328,10.108016697002931,889494.0,930386966.6300001,20180529,10.379999999999999,1.026907682402,20190626,20190626,1.010534
000001.SZ,1d,2018-05-30,10.020374933734121,10.020374933734121,9.78666356501729,9.815877486106894,1124447.0,1139918753.16,20180530,10.08,1.026907682402,20190626,20190626,1.010534
000001.SZ,1d,2018-05-31,9.845091407196497,9.922995196768774,9.757449643927686,9.91325722307224,987360.0,999216332.96,20180531,10.18,1.026907682402,20190626,20190626,1.010534
000001.SZ,1d,2018-06-01,9.884043301982636,10.020374933734121,9.80613951241036,9.922995196768774,597211.0,608398867.4599999,20180601,10.19,1.026907682402,20190626,20190626,1.010534
000001.SZ,1d,2018-06-04,9.961947091554913,10.03985088112719,9.884043301982636,10.000898986341051,593038.0,608291978.44,20180604,10.27,1.026907682402,20190626,20190626,1.010534
000001.SZ,1d,2018-06-05,10.02037493373412,10.030112907430654,9.845091407196497,9.991161012644517,656540.0,670740302.01,20180605,10.26,1.026907682402,20190626,20190626,1.010534
000001.SZ,1d,2018-06-06,9.981423038947982,9.991161012644517,9.835353433499963,9.8743053282861,712743.0,724032796.29,20180606,10.139999999999999,1.026907682402,20190626,20190626,1.010534
000001.SZ,1d,2018-06-07,9.932733170465308,10.185920486575208,9.91325722307224,10.098278723306397,1262638.0,1306425478.0900002,20180607,10.37,1.026907682402,20190626,20190626,1.010534
000001.SZ,1d,2018-06-08,10.059326828520259,10.059326828520259,9.796401538713825,9.854829380893033,1099379.0,1114968856.53,20180608,10.120000000000001,1.026907682402,20190626,20190626,1.010534
000001.SZ,1d,2018-06-11,9.796401538713825,9.864567354589568,9.737973696534617,9.776925591320754,721374.0,724687998.61,20180611,10.04,1.026907682402,20190626,20190626,1.010534
000001.SZ,1d,2018-06-12,9.767187617624222,9.815877486106896,9.689283828051945,9.796401538713825,913300.0,914001701.46,20180612,10.06,1.026907682402,20190626,20190626,1.010534
000001.SZ,1d,2018-06-13,9.776925591320756,9.796401538713825,9.689283828051945,9.689283828051945,530584.0,530483756.71000004,20180613,9.950000000000001,1.026907682402,20190626,20190626,1.010534
000001.SZ,1d,2018-06-14,9.689283828051943,9.884043301982636,9.66006990696234,9.80613951241036,866392.0,872487574.2800001,20180614,10.07,1.026907682402,20190626,20190626,1.010534
000001.SZ,1d,2018-06-15,9.815877486106894,10.020374933734121,9.796401538713825,9.903519249375705,1248707.0,1273412999.36,20180615,10.17,1.026907682402,20190626,20190626,1.010534
000001.SZ,1d,2018-06-19,9.78666356501729,9.884043301982636,9.562690169996994,9.611380038479668,1565874.0,1565756559.87,20180619,9.870000000000001,1.026907682402,20190626,20190626,1.010534
000001.SZ,1d,2018-06-20,9.611380038479666,9.689283828051943,9.504262327817786,9.650331933265806,763637.0,752950700.66,20180620,9.91,1.026907682402,20190626,20190626,1.010534
000001.SZ,1d,2018-06-21,9.669807880658874,9.776925591320754,9.601642064783132,9.601642064783132,840070.0,836014838.1400001,20180621,9.86,1.026907682402,20190626,20190626,1.010534
000001.SZ,1d,2018-06-22,9.543214222603924,9.611380038479666,9.51400030151432,9.591904091086597,657818.0,645752909.26,20180622,9.85,1.026907682402,20190626,20190626,1.010534
000001.SZ,1d,2018-06-25,9.650331933265806,9.660069906962342,9.134219327349472,9.212123116921749,1195212.0,1154559080.5,20180625,9.46,1.026907682402,20190626,20190626,1.010534
000001.SZ,1d,2018-06-26,9.143957301046006,9.192647169528678,8.851818090149965,9.114743379956401,1124156.0,1042528543.9899999,20180626,9.36,1.026907682402,20190626,20190626,1.010534
000001.SZ,1d,2018-06-27,9.066053511473728,9.153695274742539,8.793390247970757,8.851818090149965,1045142.0,958871648.21,20180627,9.09,1.026907682402,20190626,20190626,1.010534
000001.SZ,1d,2018-06-28,8.715486458398482,8.842080116453433,8.637582668826205,8.686272537308879,1110764.0,996801234.6999999,20180628,8.920000000000002,1.026907682402,20190626,20190626,1.010534
000001.SZ,1d,2018-06-29,8.77391430057769,8.890769984936105,8.725224432095017,8.851818090149967,675299.0,611346088.6899999,20180629,9.090000000000002,1.026907682402,20190626,20190626,1.010534
000001.SZ,1d,2018-07-02,8.812866195363828,8.812866195363828,8.325967510537097,8.384395352716306,1315520.0,1158545868.8100002,20180702,8.610000000000001,1.026907682402,20190626,20190626,1.010534
000001.SZ,1d,2018-07-03,8.46229914228858,8.472037115985115,8.22858777357175,8.442823194895512,1274838.0,1096657033.32,20180703,8.67,1.026907682402,20190626,20190626,1.010534
000001.SZ,1d,2018-07-04,8.403871300109373,8.520726984467789,8.384395352716304,8.384395352716304,711153.0,617278559.96,20180704,8.61,1.026907682402,20190626,20190626,1.010534
000001.SZ,1d,2018-07-05,8.39413332641284,8.50125103707472,8.325967510537097,8.374657379019771,835768.0,722169579.0,20180705,8.600000000000001,1.026907682402,20190626,20190626,1.010534
000001.SZ,1d,2018-07-06,8.384395352716304,8.549940905557392,8.22858777357175,8.433085221198978,988282.0,852071526.9799999,20180706,8.66,1.026907682402,20190626,20190626,1.010534
000001.SZ,1d,2018-07-09,8.46229914228858,8.793390247970757,8.452561168592046,8.793390247970757,1409954.0,1255007609.99,20180709,9.03,1.026907682402,20190626,20190626,1.010534
000001.SZ,1d,2018-07-10,8.783652274274225,8.783652274274225,8.657058616219274,8.744700379488085,896862.0,803038965.2500001,20180710,8.98,1.026907682402,20190626,20190626,1.010534
000001.SZ,1d,2018-07-11,8.530464958164323,8.598630774040066,8.452561168592046,8.549940905557392,851296.0,744765824.8900001,20180711,8.78,1.026907682402,20190626,20190626,1.010534
000001.SZ,1d,2018-07-12,8.510351952532027,8.876495001652591,8.490560436363348,8.787433178893536,1140492.0,1008658828.6700001,20180712,8.88,1.010534,20190626,20190626,1.010534
000001.SZ,1d,2018-07-13,8.827016211230893,8.846807727399572,8.728058630387498,8.787433178893536,603378.0,535401175.45,20180713,8.88,1.010534,20190626,20190626,1.010534
000001.SZ,1d,2018-07-16,8.757745904640515,8.807224695062214,8.599413775291083,8.63899680762844,689845.0,603427713.21,20180716,8.729999999999999,1.010534,20190626,20190626,1.010534
000001.SZ,1d,2018-07-17,8.648892565712782,8.65878832379712,8.569726501038065,8.629101049544103,375356.0,326396994.95,20180717,8.72,1.010534,20190626,20190626,1.010534
000001.SZ,1d,2018-07-18,8.65878832379712,8.757745904640515,8.599413775291083,8.609309533375422,525152.0,460697377.12000006,20180718,8.7,1.010534,20190626,20190626,1.010534
000001.SZ,1d,2018-07-19,8.65878832379712,8.718162872303157,8.599413775291083,8.63899680762844,461372.0,403674308.23,20180719,8.729999999999999,1.010534,20190626,20190626,1.010534
000001.SZ,1d,2018-07-20,8.63899680762844,9.1040974375924,8.520247710616367,9.015035614833344,1754277.0,1576843937.1000001,20180720,9.11,1.010534,20190626,20190626,1.010534
000001.SZ,1d,2018-07-23,8.945765308242967,9.35149138970089,8.90618227590561,9.321804115447872,1781688.0,1646028021.04,20180723,9.42,1.010534,20190626,20190626,1.010534
000001.SZ,1d,2018-07-24,9.292116841194854,9.490032002881645,9.232742292688815,9.302012599279193,1425894.0,1348746826.8300002,20180724,9.4,1.010534,20190626,20190626,1.010534
000001.SZ,1d,2018-07-25,9.341595631616551,9.37128290586957,9.232742292688815,9.282221083110514,614122.0,575752176.95,20180725,9.38,1.010534,20190626,20190626,1.010534
000001.SZ,1d,2018-07-26,9.302012599279193,9.381178663953909,9.113993195676741,9.1535762280141,833358.0,778429753.7900001,20180726,9.25,1.010534,20190626,20190626,1.010534
000001.SZ,1d,2018-07-27,9.203055018435796,9.262429566941833,9.084305921423722,9.1535762280141,515126.0,477527419.46,20180727,9.25,1.010534,20190626,20190626,1.010534
000001.SZ,1d,2018-07-30,9.222846534604477,9.39107442203825,9.163471986098438,9.292116841194854,706385.0,661767547.55,20180730,9.39,1.010534,20190626,20190626,1.010534
000001.SZ,1d,2018-07-31,9.272325325026173,9.39107442203825,9.1535762280141,9.321804115447872,720150.0,674484650.66,20180731,9.42,1.010534,20190626,20190626,1.010534
000001.SZ,1d,2018-08-01,9.321804115447872,9.400970180122588,9.015035614833344,9.054618647170702,814081.0,759282229.65,20180801,9.149999999999999,1.010534,20190626,20190626,1.010534
000001.SZ,1d,2018-08-02,9.034827131002025,9.054618647170704,8.787433178893536,8.846807727399574,931401.0,839272254.36,20180802,8.940000000000001,1.010534,20190626,20190626,1.010534
000001.SZ,1d,2018-08-03,8.836911969315233,9.005139856749006,8.817120453146554,8.817120453146554,476546.0,428641526.2,20180803,8.91,1.010534,20190626,20190626,1.010534
000001.SZ,1d,2018-08-06,8.846807727399574,9.015035614833346,8.797328936977875,8.846807727399574,554010.0,497906686.27000004,20180806,8.940000000000001,1.010534,20190626,20190626,1.010534
000001.SZ,1d,2018-08-07,8.866599243568253,9.074410163339383,8.787433178893536,9.074410163339383,690423.0,624359656.36,20180807,9.17,1.010534,20190626,20190626,1.010534
000001.SZ,1d,2018-08-08,9.064514405255043,9.064514405255043,8.945765308242969,8.955661066327309,578953.0,527526989.83,20180808,9.05,1.010534,20190626,20190626,1.010534
000001.SZ,1d,2018-08-09,8.945765308242967,9.252533808857494,8.925973792074288,9.193159260351456,806783.0,746469808.0899999,20180809,9.29,1.010534,20190626,20190626,1.010534
000001.SZ,1d,2018-08-10,9.203055018435798,9.222846534604477,9.064514405255043,9.13378471184542,424168.0,391366341.57,20180810,9.23,1.010534,20190626,20190626,1.010534
000001.SZ,1d,2018-08-13,9.024931372917685,9.064514405255043,8.807224695062214,8.955661066327309,818491.0,736947790.49,20180813,9.05,1.010534,20190626,20190626,1.010534
000001.SZ,1d,2018-08-14,8.935869550158628,8.945765308242967,8.846807727399572,8.90618227590561,430240.0,386334617.9499999,20180814,9.0,1.010534,20190626,20190626,1.010534
000001.SZ,1d,2018-08-15,8.925973792074288,8.925973792074288,8.65878832379712,8.698371356134478,670442.0,594759517.14,20180815,8.79,1.010534,20190626,20190626,1.010534
000001.SZ,1d,2018-08-16,8.638996807628441,8.797328936977875,8.549934984869386,8.688475598050141,638272.0,559523123.02,20180816,8.780000000000001,1.010534,20190626,20190626,1.010534
000001.SZ,1d,2018-08-17,8.787433178893535,8.846807727399572,8.68847559805014,8.718162872303157,649476.0,576683267.1100001,20180817,8.809999999999999,1.010534,20190626,20190626,1.010534
000001.SZ,1d,2018-08-20,8.807224695062214,8.92597379207429,8.777537420809196,8.906182275905612,681322.0,609934725.59,20180820,9.000000000000002,1.010534,20190626,20190626,1.010534
000001.SZ,1d,2018-08-21,8.925973792074288,9.163471986098438,8.91607803398995,9.13378471184542,1264474.0,1163292795.24,20180821,9.23,1.010534,20190626,20190626,1.010534
000001.SZ,1d,2018-08-22,9.143680469929759,9.242638050773158,9.034827131002025,9.193159260351457,982433.0,909598743.27,20180822,9.290000000000001,1.010534,20190626,20190626,1.010534
000001.SZ,1d,2018-08-23,9.203055018435798,9.321804115447872,9.13378471184542,9.262429566941835,729074.0,680941392.24,20180823,9.360000000000001,1.010534,20190626,20190626,1.010534
000001.SZ,1d,2018-08-24,9.212950776520136,10.172839310701075,9.193159260351457,9.925445358592587,3040408.0,2995071976.8100004,20180824,10.030000000000001,1.010534,20190626,20190626,1.010534
000001.SZ,1d,2018-08-27,9.915549600508246,10.321275681966169,9.866070810086548,10.321275681966169,2218424.0,2251527721.3500004,20180827,10.430000000000001,1.010534,20190626,20190626,1.010534
000001.SZ,1d,2018-08-28,10.232213859207112,10.321275681966167,10.133256278363715,10.182735068785416,1289777.0,1331917860.95,20180828,10.290000000000001,1.010534,20190626,20190626,1.010534
000001.SZ,1d,2018-08-29,10.143152036448056,10.222318101122772,10.04419445560466,10.162943552616735,901883.0,923581546.46,20180829,10.27,1.010534,20190626,20190626,1.010534
000001.SZ,1d,2018-08-30,10.162943552616735,10.242109617291451,9.974924149014283,10.014507181351641,994917.0,1013877514.26,20180830,10.12,1.010534,20190626,20190626,1.010534
000001.SZ,1d,2018-08-31,10.02440293943598,10.212422343038433,9.994715665182962,10.02440293943598,1310865.0,1337898869.57,20180831,10.129999999999999,1.010534,20190626,20190626,1.010534
000001.SZ,1d,2018-09-03,9.984819907098622,10.192630826869754,9.984819907098622,10.083777487942017,711695.0,725303291.73,20180903,10.19,1.010534,20190626,20190626,1.010534
000001.SZ,1d,2018-09-04,10.09367324602636,10.440024778978243,9.965028390929943,10.321275681966167,1296342.0,1339756563.51,20180904,10.43,1.010534,20190626,20190626,1.010534
000001.SZ,1d,2018-09-05,10.192630826869754,10.222318101122772,9.945236874761266,9.945236874761266,1179453.0,1202345697.97,20180905,10.05,1.010534,20190626,20190626,1.010534
000001.SZ,1d,2018-09-06,9.945236874761266,10.03429869752032,9.84627929391787,9.866070810086548,711777.0,713975749.0200001,20180906,9.97,1.010534,20190626,20190626,1.010534
000001.SZ,1d,2018-09-07,9.935341116676923,10.073881729857678,9.82648777774919,9.905653842423906,809035.0,815151722.99,20180907,10.01,1.010534,20190626,20190626,1.010534
000001.SZ,1d,2018-09-10,9.905653842423906,9.965028390929943,9.737425954990133,9.777008987327491,636989.0,631174169.9300001,20180910,9.879999999999999,1.010534,20190626,20190626,1.010534
000001.SZ,1d,2018-09-11,9.796800503496172,9.925445358592587,9.707738680737116,9.80669626158051,712967.0,707337570.1400001,20180911,9.91,1.010534,20190626,20190626,1.010534
000001.SZ,1d,2018-09-12,9.767113229243153,9.866070810086548,9.717634438821454,9.777008987327493,564829.0,558399563.21,20180912,9.88,1.010534,20190626,20190626,1.010534
000001.SZ,1d,2018-09-13,9.984819907098622,9.994715665182962,9.737425954990133,9.856175052002207,999725.0,993389970.35,20180913,9.959999999999999,1.010534,20190626,20190626,1.010534
000001.SZ,1d,2018-09-14,9.875966568170888,9.875966568170888,9.707738680737116,9.737425954990133,619750.0,611422480.21,20180914,9.84,1.010534,20190626,20190626,1.010534
000001.SZ,1d,2018-09-17,9.697842922652773,9.697842922652773,9.5790938256407,9.58898958372504,517082.0,502609643.63,20180917,9.69,1.010534,20190626,20190626,1.010534
000001.SZ,1d,2018-09-18,9.6285726160624,10.014507181351643,9.59888534180938,9.974924149014285,1126807.0,1120867543.02,20180918,10.080000000000002,1.010534,20190626,20190626,1.010534
000001.SZ,1d,2018-09-19,9.925445358592585,10.232213859207112,9.925445358592585,10.133256278363715,1231548.0,1257191505.9599998,20180919,10.24,1.010534,20190626,20190626,1.010534
000001.SZ,1d,2018-09-20,10.162943552616735,10.25200537537579,10.083777487942017,10.123360520279375,620348.0,636742814.2300001,20180920,10.229999999999999,1.010534,20190626,20190626,1.010534
000001.SZ,1d,2018-09-21,10.153047794532394,10.588461150243335,10.073881729857678,10.558773875990317,1624518.0,1707850487.8000002,20180921,10.67,1.010534,20190626,20190626,1.010534
000001.SZ,1d,2018-09-25,10.410337504725224,10.568669634074658,10.370754472387866,10.440024778978243,977014.0,1030715785.16,20180925,10.55,1.010534,20190626,20190626,1.010534
000001.SZ,1d,2018-09-26,10.49939932748428,10.806167828098806,10.410337504725224,10.598356908327675,1490513.0,1600626208.76,20180926,10.709999999999999,1.010534,20190626,20190626,1.010534
000001.SZ,1d,2018-09-27,10.538982359821638,10.72700176342409,10.459816295146922,10.628044182580695,880363.0,942200398.6200001,20180927,10.74,1.010534,20190626,20190626,1.010534
000001.SZ,1d,2018-09-28,10.667627214918053,11.152519361050691,10.667627214918053,10.93481268319522,2110242.0,2331358288.96,20180928,11.049999999999999,1.010534,20190626,20190626,1.010534
000001.SZ,1d,2018-10-08,10.588461150243337,10.677522973002393,10.341067198134848,10.341067198134848,1686358.0,1793455283.0900002,20181008,10.450000000000001,1.010534,20190626,20190626,1.010534
000001.SZ,1d,2018-10-09,10.350962956219188,10.588461150243337,10.28169264962881,10.449920537062583,1064084.0,1117946550.71,20181009,10.56,1.010534,20190626,20190626,1.010534
000001.SZ,1d,2018-10-10,10.430129020893904,10.548878117905979,10.27179689154447,10.341067198134848,995200.0,1045666180.93,20181010,10.450000000000001,1.010534,20190626,20190626,1.010534
000001.SZ,1d,2018-10-11,9.945236874761266,10.054090213689001,9.59888534180938,9.757217471158814,1995143.0,1994186611.8000002,20181011,9.860000000000001,1.010534,20190626,20190626,1.010534
000001.SZ,1d,2018-10-12,9.866070810086548,10.232213859207114,9.767113229243153,10.192630826869754,1516810.0,1532651400.23,20181012,10.3,1.010534,20190626,20190626,1.010534
000001.SZ,1d,2018-10-15,10.28169264962881,10.360858714303527,9.984819907098622,10.004611423267301,1402685.0,1443043059.27,20181015,10.11,1.010534,20190626,20190626,1.010534
000001.SZ,1d,2018-10-16,10.03429869752032,10.430129020893904,10.014507181351643,10.261901133460132,1396921.0,1450020371.45,20181016,10.370000000000001,1.010534,20190626,20190626,1.010534
000001.SZ,1d,2018-10-17,10.390545988556545,10.440024778978243,10.03429869752032,10.222318101122772,1350889.0,1400306336.2199998,20181017,10.33,1.010534,20190626,20190626,1.010534
000001.SZ,1d,2018-10-18,10.182735068785416,10.182735068785416,9.955132632845604,9.984819907098622,1001156.0,1015654821.72,20181018,10.09,1.010534,20190626,20190626,1.010534
000001.SZ,1d,2018-10-19,9.846279293917869,10.667627214918053,9.81659201966485,10.647835698749374,2083667.0,2173571254.6200004,20181019,10.76,1.010534,20190626,20190626,1.010534
000001.SZ,1d,2018-10-22,10.69731448917107,11.340538764653143,10.667627214918053,11.033770264038615,2645543.0,2932714470.7000003,20181022,11.149999999999999,1.010534,20190626,20190626,1.010534
000001.SZ,1d,2018-10-23,11.083249054460316,11.103040570628995,10.618148424496356,10.72700176342409,1602545.0,1759265958.65,20181023,10.84,1.010534,20190626,20190626,1.010534
000001.SZ,1d,2018-10-24,10.786376311930129,11.211893909556728,10.687418731086732,10.924916925110882,1829424.0,2026171911.6200004,20181024,11.040000000000001,1.010534,20190626,20190626,1.010534
000001.SZ,1d,2018-10-25,10.687418731086732,11.172310877219372,10.598356908327677,11.172310877219372,1685011.0,1855823739.15,20181025,11.290000000000001,1.010534,20190626,20190626,1.010534
000001.SZ,1d,2018-10-26,11.172310877219372,11.19210239338805,10.845750860436166,11.063457538291637,1299975.0,1448843512.3,20181026,11.180000000000001,1.010534,20190626,20190626,1.010534
000001.SZ,1d,2018-10-29,11.083249054460316,11.122832086797674,10.50929508556862,10.637939940665035,1591628.0,1725932497.6100001,20181029,10.750000000000002,1.010534,20190626,20190626,1.010534
000001.SZ,1d,2018-10-30,10.667627214918054,10.96449995744824,10.618148424496356,10.786376311930129,1501827.0,1641371787.2,20181030,10.9,1.010534,20190626,20190626,1.010534
000001.SZ,1d,2018-10-31,10.835855102351825,10.875438134689183,10.637939940665033,10.796272070014467,1152683.0,1252156775.98,20181031,10.91,1.010534,20190626,20190626,1.010534
000001.SZ,1d,2018-11-01,10.875438134689183,10.93481268319522,10.647835698749374,10.717106005339751,1542776.0,1679443449.7099998,20181101,10.83,1.010534,20190626,20190626,1.010534
000001.SZ,1d,2018-11-02,10.924916925110882,11.043666022122956,10.717106005339751,10.974395715532578,2212922.0,2439179135.98,20181102,11.09,1.010534,20190626,20190626,1.010534
000001.SZ,1d,2018-11-05,10.835855102351827,10.924916925110882,10.70721024725541,10.806167828098806,1291924.0,1409457171.3,20181105,10.92,1.010534,20190626,20190626,1.010534
000001.SZ,1d,2018-11-06,10.75668903767711,10.816063586183146,10.618148424496356,10.72700176342409,735725.0,795322638.26,20181106,10.84,1.010534,20190626,20190626,1.010534
000001.SZ,1d,2018-11-07,10.717106005339751,10.835855102351825,10.637939940665033,10.697314489171072,785597.0,851487053.87,20181107,10.81,1.010534,20190626,20190626,1.010534
000001.SZ,1d,2018-11-08,10.76658479576145,10.855646618520504,10.70721024725541,10.776480553845788,793976.0,864744243.04,20181108,10.89,1.010534,20190626,20190626,1.010534
000001.SZ,1d,2018-11-09,10.598356908327677,10.618148424496356,10.29158840771315,10.440024778978243,1629269.0,1716198382.75,20181109,10.55,1.010534,20190626,20190626,1.010534
000001.SZ,1d,2018-11-12,10.350962956219188,10.46971205323126,10.27179689154447,10.449920537062583,920333.0,965756504.35,20181112,10.56,1.010534,20190626,20190626,1.010534
000001.SZ,1d,2018-11-13,10.301484165797488,10.538982359821638,10.27179689154447,10.430129020893904,1072497.0,1126736143.27,20181113,10.540000000000001,1.010534,20190626,20190626,1.010534
000001.SZ,1d,2018-11-14,10.420233262809562,10.440024778978243,10.311379923881828,10.331171440050507,774239.0,810357748.16,20181114,10.44,1.010534,20190626,20190626,1.010534
000001.SZ,1d,2018-11-15,10.331171440050507,10.5290866017373,10.311379923881828,10.509295085568619,901461.0,949991801.2,20181115,10.62,1.010534,20190626,20190626,1.010534
000001.SZ,1d,2018-11-16,10.49939932748428,10.608252666412016,10.380650230472206,10.459816295146922,1059592.0,1123173219.43,20181116,10.57,1.010534,20190626,20190626,1.010534
000001.SZ,1d,2018-11-19,10.459816295146922,10.76658479576145,10.459816295146922,10.73689752150843,1360887.0,1466899416.6200001,20181119,10.85,1.010534,20190626,20190626,1.010534
000001.SZ,1d,2018-11-20,10.637939940665033,10.68741873108673,10.410337504725224,10.459816295146922,1033877.0,1099654683.02,20181120,10.57,1.010534,20190626,20190626,1.010534
000001.SZ,1d,2018-11-21,10.390545988556545,10.558773875990317,10.370754472387866,10.499399327484282,666157.0,705638355.22,20181121,10.610000000000001,1.010534,20190626,20190626,1.010534
000001.SZ,1d,2018-11-22,10.558773875990317,10.558773875990317,10.370754472387866,10.440024778978243,500267.0,527103281.19,20181122,10.55,1.010534,20190626,20190626,1.010534
000001.SZ,1d,2018-11-23,10.420233262809564,10.46971205323126,10.202526584954093,10.212422343038433,700358.0,730667665.37,20181123,10.32,1.010534,20190626,20190626,1.010534
000001.SZ,1d,2018-11-26,10.232213859207112,10.350962956219188,10.192630826869754,10.232213859207112,516569.0,535963342.8600001,20181126,10.34,1.010534,20190626,20190626,1.010534
000001.SZ,1d,2018-11-27,10.242109617291451,10.28169264962881,10.054090213689,10.073881729857678,733448.0,752824120.3000001,20181127,10.18,1.010534,20190626,20190626,1.010534
000001.SZ,1d,2018-11-28,10.06398597177334,10.202526584954093,10.054090213689,10.172839310701074,537751.0,550820246.7,20181128,10.28,1.010534,20190626,20190626,1.010534
000001.SZ,1d,2018-11-29,10.242109617291451,10.281692649628809,10.083777487942017,10.093673246026357,485284.0,499068827.02,20181129,10.2,1.010534,20190626,20190626,1.010534
000001.SZ,1d,2018-11-30,10.113464762195038,10.25200537537579,10.06398597177334,10.25200537537579,594715.0,610571532.6100001,20181130,10.36,1.010534,20190626,20190626,1.010534
000001.SZ,1d,2018-12-03,10.479607811315601,10.548878117905979,10.360858714303527,10.479607811315601,1064097.0,1126374829.79,20181203,10.59,1.010534,20190626,20190626,1.010534
000001.SZ,1d,2018-12-04,10.45981629514692,10.509295085568619,10.420233262809562,10.479607811315601,534813.0,565743744.88,20181204,10.59,1.010534,20190626,20190626,1.010534
000001.SZ,1d,2018-12-05,10.380650230472206,10.400441746640885,10.29158840771315,10.341067198134848,581545.0,608133290.28,20181205,10.450000000000001,1.010534,20190626,20190626,1.010534
000001.SZ,1d,2018-12-06,10.252005375375791,10.261901133460132,10.123360520279377,10.143152036448056,578866.0,594649682.9899999,20181206,10.25,1.010534,20190626,20190626,1.010534
000001.SZ,1d,2018-12-07,10.192630826869753,10.281692649628809,10.162943552616735,10.172839310701074,340216.0,351101370.35,20181207,10.28,1.010534,20190626,20190626,1.010534
000001.SZ,1d,2018-12-10,10.113464762195038,10.162943552616737,10.024402939435982,10.06398597177334,494818.0,504040653.97,20181210,10.17,1.010534,20190626,20190626,1.010534
000001.SZ,1d,2018-12-11,10.103569004110696,10.153047794532394,10.06398597177334,10.123360520279377,299089.0,305389210.46,20181211,10.23,1.010534,20190626,20190626,1.010534
000001.SZ,1d,2018-12-12,10.192630826869754,10.212422343038433,10.09367324602636,10.133256278363715,366379.0,375402863.91999996,20181212,10.24,1.010534,20190626,20190626,1.010534
000001.SZ,1d,2018-12-13,10.143152036448058,10.370754472387866,10.09367324602636,10.28169264962881,790845.0,819920689.17,20181213,10.39,1.010534,20190626,20190626,1.010534
000001.SZ,1d,2018-12-14,10.232213859207112,10.242109617291451,10.054090213689,10.06398597177334,526675.0,539263012.14,20181214,10.17,1.010534,20190626,20190626,1.010534
000001.SZ,1d,2018-12-17,10.054090213689,10.222318101122772,9.994715665182962,10.182735068785414,571274.0,584679512.2099999,20181217,10.29,1.010534,20190626,20190626,1.010534
000001.SZ,1d,2018-12-18,10.093673246026357,10.212422343038433,9.994715665182962,10.014507181351641,537744.0,547157562.7800001,20181218,10.12,1.010534,20190626,20190626,1.010534
000001.SZ,1d,2018-12-19,10.03429869752032,10.073881729857678,9.796800503496172,9.836383535833528,598007.0,600090171.1800001,20181219,9.94,1.010534,20190626,20190626,1.010534
000001.SZ,1d,2018-12-20,9.81659201966485,9.866070810086548,9.529615035219003,9.60878109989372,990284.0,964202861.12,20181220,9.71,1.010534,20190626,20190626,1.010534
000001.SZ,1d,2018-12-21,9.5790938256407,9.598885341809378,9.232742292688815,9.35149138970089,1000616.0,944460332.35,20181221,9.45,1.010534,20190626,20190626,1.010534
000001.SZ,1d,2018-12-24,9.302012599279193,9.351491389700891,9.212950776520136,9.321804115447872,509117.0,477186904.75,20181224,9.42,1.010534,20190626,20190626,1.010534
000001.SZ,1d,2018-12-25,9.193159260351457,9.331699873532212,9.113993195676741,9.242638050773158,586615.0,545235607.8500001,20181225,9.340000000000002,1.010534,20190626,20190626,1.010534
000001.SZ,1d,2018-12-26,9.252533808857494,9.321804115447872,9.173367744182778,9.203055018435796,421140.0,393215140.96999997,20181226,9.299999999999999,1.010534,20190626,20190626,1.010534
000001.SZ,1d,2018-12-27,9.35149138970089,9.39107442203825,9.183263502267117,9.183263502267117,624593.0,586343755.0300001,20181227,9.28,1.010534,20190626,20190626,1.010534
000001.SZ,1d,2018-12-28,9.212950776520136,9.36138714778523,9.212950776520136,9.282221083110514,576604.0,541571004.8000001,20181228,9.38,1.010534,20190626,20190626,1.010534
000001.SZ,1d,2019-01-02,9.292116841194854,9.321804115447872,9.064514405255043,9.09420167950806,539386.0,498695109.65999997,20190102,9.19,1.010534,20190626,20190626,1.010534
000001.SZ,1d,2019-01-03,9.084305921423722,9.232742292688815,9.054618647170704,9.183263502267119,415537.0,384457707.88,20190103,9.280000000000001,1.010534,20190626,20190626,1.010534
000001.SZ,1d,2019-01-04,9.143680469929759,9.717634438821454,9.123888953761082,9.648364132231077,1481159.0,1422149888.16,20190104,9.75,1.010534,20190626,20190626,1.010534
000001.SZ,1d,2019-01-07,9.737425954990135,9.747321713074474,9.529615035219003,9.638468374146738,865687.0,841166430.7,20190107,9.74,1.010534,20190626,20190626,1.010534
000001.SZ,1d,2019-01-08,9.6285726160624,9.638468374146738,9.519719277134664,9.559302309472022,402388.0,389247795.73,20190108,9.66,1.010534,20190626,20190626,1.010534
000001.SZ,1d,2019-01-09,9.638468374146738,9.974924149014285,9.59888534180938,9.83638353583353,1233486.0,1229465116.69,20190109,9.940000000000001,1.010534,20190626,20190626,1.010534
000001.SZ,1d,2019-01-10,9.76711322924315,10.093673246026357,9.757217471158812,9.994715665182962,1071817.0,1079711035.8,20190110,10.1,1.010534,20190626,20190626,1.010534
000001.SZ,1d,2019-01-11,10.004611423267303,10.113464762195038,9.945236874761266,10.09367324602636,696364.0,708001802.1700001,20190111,10.200000000000001,1.010534,20190626,20190626,1.010534
000001.SZ,1d,2019-01-14,10.113464762195038,10.143152036448056,9.965028390929943,10.004611423267301,500443.0,507862882.18000007,20190114,10.11,1.010534,20190626,20190626,1.010534
000001.SZ,1d,2019-01-15,10.004611423267301,10.172839310701074,9.984819907098622,10.133256278363715,542160.0,553027309.58,20190115,10.24,1.010534,20190626,20190626,1.010534
000001.SZ,1d,2019-01-16,10.133256278363715,10.390545988556545,10.123360520279377,10.370754472387866,977699.0,1017495116.1099999,20190116,10.48,1.010534,20190626,20190626,1.010534
000001.SZ,1d,2019-01-17,10.430129020893903,10.459816295146922,10.06398597177334,10.143152036448056,882811.0,910212066.3100001,20190117,10.25,1.010534,20190626,20190626,1.010534
000001.SZ,1d,2019-01-18,10.232213859207112,10.380650230472206,10.172839310701074,10.321275681966167,738793.0,769973637.95,20190118,10.43,1.010534,20190626,20190626,1.010534
000001.SZ,1d,2019-01-21,10.232213859207112,10.360858714303527,10.212422343038433,10.232213859207112,659355.0,684465646.24,20190121,10.34,1.010534,20190626,20190626,1.010534
000001.SZ,1d,2019-01-22,10.232213859207112,10.331171440050507,10.153047794532394,10.172839310701074,424413.0,438991450.35,20190122,10.28,1.010534,20190626,20190626,1.010534
000001.SZ,1d,2019-01-23,10.182735068785416,10.360858714303527,10.182735068785416,10.242109617291453,537876.0,559384396.28,20190123,10.350000000000001,1.010534,20190626,20190626,1.010534
000001.SZ,1d,2019-01-24,10.29158840771315,10.440024778978243,10.261901133460132,10.410337504725225,679240.0,711495718.15,20190124,10.520000000000001,1.010534,20190626,20190626,1.010534
000001.SZ,1d,2019-01-25,10.449920537062583,10.924916925110882,10.440024778978243,10.885333892773524,2108361.0,2299718224.86,20190125,11.0,1.010534,20190626,20190626,1.010534
000001.SZ,1d,2019-01-28,10.924916925110882,11.023874505954277,10.76658479576145,10.825959344267487,1035909.0,1141853833.8300002,20190128,10.940000000000001,1.010534,20190626,20190626,1.010534
000001.SZ,1d,2019-01-29,10.845750860436164,10.954604199363901,10.657731456833712,10.885333892773524,826631.0,904847854.0699999,20190129,11.0,1.010534,20190626,20190626,1.010534
000001.SZ,1d,2019-01-30,10.835855102351825,11.063457538291635,10.746793279592769,10.835855102351825,712001.0,785204571.5500001,20190130,10.95,1.010534,20190626,20190626,1.010534
000001.SZ,1d,2019-01-31,10.865542376604843,11.083249054460314,10.825959344267485,10.984291473616919,831622.0,922602874.5899999,20190131,11.1,1.010534,20190626,20190626,1.010534
000001.SZ,1d,2019-02-01,11.083249054460316,11.132727844882012,10.845750860436166,11.083249054460316,1014270.0,1127216186.16,20190201,11.200000000000001,1.010534,20190626,20190626,1.010534
000001.SZ,1d,2019-02-11,10.96449995744824,11.093144812544654,10.855646618520504,11.093144812544654,801936.0,889951528.7600001,20190211,11.21,1.010534,20190626,20190626,1.010534
000001.SZ,1d,2019-02-12,11.083249054460314,11.192102393388048,10.915021167026541,11.073353296375974,959936.0,1071873084.84,20190212,11.19,1.010534,20190626,20190626,1.010534
000001.SZ,1d,2019-02-13,11.073353296375975,11.291059974231446,11.0040829897856,11.261372699978427,1137365.0,1280182096.94,20190213,11.38,1.010534,20190626,20190626,1.010534
000001.SZ,1d,2019-02-14,11.182206635303709,11.211893909556728,11.073353296375974,11.132727844882012,869185.0,977818097.6200001,20190214,11.25,1.010534,20190626,20190626,1.010534
000001.SZ,1d,2019-02-15,11.112936328713333,11.112936328713333,10.786376311930129,10.835855102351827,1100127.0,1213914428.9,20190215,10.950000000000001,1.010534,20190626,20190626,1.010534
000001.SZ,1d,2019-02-18,10.934812683195222,11.241581183809748,10.924916925110882,11.241581183809748,1255522.0,1408279680.0900002,20190218,11.360000000000001,1.010534,20190626,20190626,1.010534
000001.SZ,1d,2019-02-19,11.241581183809746,11.498870894002577,11.122832086797674,11.152519361050691,1270882.0,1445281382.8999999,20190219,11.27,1.010534,20190626,20190626,1.010534
000001.SZ,1d,2019-02-20,11.211893909556728,11.409809071243519,11.132727844882012,11.291059974231446,832629.0,949430819.5100001,20190220,11.41,1.010534,20190626,20190626,1.010534
000001.SZ,1d,2019-02-21,11.261372699978425,11.429600587412198,11.16241511913503,11.241581183809746,754246.0,860591070.9,20190221,11.36,1.010534,20190626,20190626,1.010534
000001.SZ,1d,2019-02-22,11.231685425725408,11.449392103580879,11.033770264038617,11.419704829327861,1184047.0,1343020336.09,20190222,11.540000000000001,1.010534,20190626,20190626,1.010534
000001.SZ,1d,2019-02-25,11.578036958677293,12.508238218605213,11.449392103580879,12.419176395846156,2824935.0,3415946860.2000003,20190225,12.55,1.010534,20190626,20190626,1.010534
000001.SZ,1d,2019-02-26,12.419176395846156,12.438967912014835,12.023346072472574,12.072824862894272,2017544.0,2485673356.7699995,20190226,12.200000000000001,1.010534,20190626,20190626,1.010534
000001.SZ,1d,2019-02-27,12.11240789523163,12.528029734773892,12.023346072472574,12.270740024581062,1979013.0,2454404411.85,20190227,12.4,1.010534,20190626,20190626,1.010534
000001.SZ,1d,2019-02-28,12.31032305691842,12.478550944352193,12.142095169484648,12.231156992243704,1113099.0,1383110810.74,20190228,12.36,1.010534,20190626,20190626,1.010534
000001.SZ,1d,2019-03-01,12.349906089255779,12.646778831785968,12.072824862894272,12.626987315617288,1712679.0,2137669556.8100002,20190301,12.760000000000002,1.010534,20190626,20190626,1.010534
000001.SZ,1d,2019-03-04,12.56761276711125,13.24052431684634,12.488446702436534,12.854589751557096,2456830.0,3195011702.87,20190304,12.99,1.010534,20190626,20190626,1.010534
000001.SZ,1d,2019-03-05,12.77542368688238,13.151462494087284,12.706153380292003,12.923860058147474,1408422.0,1838251656.51,20190305,13.06,1.010534,20190626,20190626,1.010534
000001.SZ,1d,2019-03-06,12.923860058147474,13.01292188090653,12.706153380292003,12.943651574316153,1245760.0,1614670974.69,20190306,13.08,1.010534,20190626,20190626,1.010534
000001.SZ,1d,2019-03-07,12.923860058147474,12.923860058147474,12.419176395846156,12.607195799448608,1782057.0,2274151007.32,20190307,12.74,1.010534,20190626,20190626,1.010534
000001.SZ,1d,2019-03-08,12.359801847340119,12.567612767111248,12.122303653315969,12.171782443737667,1778162.0,2214572416.75,20190308,12.3,1.010534,20190626,20190626,1.010534
000001.SZ,1d,2019-03-11,12.171782443737667,12.359801847340119,11.924388491629179,12.191573959906346,1157650.0,1416000379.71,20190311,12.32,1.010534,20190626,20190626,1.010534
000001.SZ,1d,2019-03-12,12.359801847340119,12.508238218605213,12.11240789523163,12.231156992243704,1411794.0,1757797250.71,20190312,12.36,1.010534,20190626,20190626,1.010534
000001.SZ,1d,2019-03-13,12.211365476075027,12.419176395846156,12.003554556303895,12.241052750328045,1269427.0,1568387543.68,20190313,12.370000000000001,1.010534,20190626,20190626,1.010534
000001.SZ,1d,2019-03-14,12.201469717990685,12.488446702436532,12.142095169484648,12.30042729883408,1057467.0,1316372926.2,20190314,12.43,1.010534,20190626,20190626,1.010534
000001.SZ,1d,2019-03-15,12.211365476075025,12.54782125094257,12.211365476075025,12.369697605424458,1045406.0,1311323009.34,20190315,12.5,1.010534,20190626,20190626,1.010534
000001.SZ,1d,2019-03-18,12.399384879677479,12.805110961135398,12.191573959906346,12.77542368688238,1486454.0,1882483633.89,20190318,12.91,1.010534,20190626,20190626,1.010534
000001.SZ,1d,2019-03-19,12.78531944496672,12.805110961135398,12.478550944352193,12.656674589870304,957196.0,1221118294.2,20190319,12.79,1.010534,20190626,20190626,1.010534
000001.SZ,1d,2019-03-20,12.547821250942572,12.745736412629363,12.488446702436534,12.61709155753295,929996.0,1185477058.67,20190320,12.750000000000002,1.010534,20190626,20190626,1.010534
000001.SZ,1d,2019-03-21,12.636883073701625,12.666570347954647,12.448863670099175,12.55771700902691,860140.0,1092506482.84,20190321,12.69,1.010534,20190626,20190626,1.010534
000001.SZ,1d,2019-03-22,12.55771700902691,12.607195799448608,12.369697605424458,12.458759428183514,713502.0,898629416.83,20190322,12.59,1.010534,20190626,20190626,1.010534
000001.SZ,1d,2019-03-25,12.270740024581062,12.270740024581062,11.973867282050875,11.983763040135214,1179883.0,1445560160.24,20190325,12.11,1.010534,20190626,20190626,1.010534
000001.SZ,1d,2019-03-26,12.10251213714729,12.161886685653327,11.884805459291819,11.973867282050875,935393.0,1136721266.5500002,20190326,12.1,1.010534,20190626,20190626,1.010534
000001.SZ,1d,2019-03-27,12.11240789523163,12.340010331171438,12.053033346725591,12.250948508412382,922826.0,1138302657.13,20190327,12.379999999999999,1.010534,20190626,20190626,1.010534
000001.SZ,1d,2019-03-28,12.181678201822006,12.181678201822006,11.973867282050875,12.09261637906295,732467.0,892530627.33,20190328,12.219999999999999,1.010534,20190626,20190626,1.010534
000001.SZ,1d,2019-03-29,12.13219941140031,12.686361864123324,12.08272062097861,12.686361864123324,1669506.0,2108295393.9300003,20190329,12.82,1.010534,20190626,20190626,1.010534
000001.SZ,1d,2019-04-01,12.696257622207664,13.408752204280113,12.696257622207664,13.042609155159548,1951401.0,2588268668.8700004,20190401,13.18,1.010534,20190626,20190626,1.010534
000001.SZ,1d,2019-04-02,13.141566736002945,13.339481897689737,13.092087945581246,13.220732800677663,1100384.0,1466040987.0900002,20190402,13.360000000000001,1.010534,20190626,20190626,1.010534
000001.SZ,1d,2019-04-03,13.072296429412567,13.309794623436717,13.01292188090653,13.299898865352377,792915.0,1056166231.5300001,20190403,13.44,1.010534,20190626,20190626,1.010534
000001.SZ,1d,2019-04-04,13.290003107268037,13.854061318075393,13.290003107268037,13.715520704894638,2034365.0,2796366353.31,20190404,13.86,1.010534,20190626,20190626,1.010534
000001.SZ,1d,2019-04-08,13.755103737231998,14.279578915701995,13.576980091713885,13.814478285738035,1743176.0,2464536241.4700003,20190408,13.96,1.010534,20190626,20190626,1.010534
000001.SZ,1d,2019-04-09,13.725416462978979,13.834269801906714,13.606667365966905,13.666041914472942,781332.0,1080549202.28,20190409,13.81,1.010534,20190626,20190626,1.010534
000001.SZ,1d,2019-04-10,13.606667365966905,13.73531222106332,13.260315833015019,13.586875849798226,947135.0,1289475602.49,20190410,13.73,1.010534,20190626,20190626,1.010534
000001.SZ,1d,2019-04-11,13.586875849798226,13.814478285738035,13.349377655774076,13.398856446195774,655356.0,897382236.21,20190411,13.540000000000001,1.010534,20190626,20190626,1.010534
000001.SZ,1d,2019-04-12,13.349377655774076,13.448335236617472,13.072296429412567,13.2801073491837,774324.0,1035139673.9499999,20190412,13.420000000000002,1.010534,20190626,20190626,1.010534
000001.SZ,1d,2019-04-15,13.576980091713885,13.94312314083445,13.517605543207848,13.547292817460866,1533890.0,2134708981.63,20190415,13.69,1.010534,20190626,20190626,1.010534
000001.SZ,1d,2019-04-16,13.527501301292187,14.428015286967089,13.408752204280113,14.428015286967089,2379375.0,3379550307.18,20190416,14.58,1.010534,20190626,20190626,1.010534
000001.SZ,1d,2019-04-17,14.269683157617655,14.437911045051427,14.081663754015203,14.200412851027277,1004109.0,1443493493.4099998,20190417,14.35,1.010534,20190626,20190626,1.010534
000001.SZ,1d,2019-04-18,14.150934060605579,14.220204367195956,13.962914657003127,14.190517092942939,507045.0,721908800.5899999,20190418,14.34,1.010534,20190626,20190626,1.010534
000001.SZ,1d,2019-04-19,14.299370431870674,14.64572196482256,14.15093406060558,14.576451658232182,1246036.0,1814875936.7,20190419,14.73,1.010534,20190626,20190626,1.010534
000001.SZ,1d,2019-04-22,14.447806803135768,14.685304997159916,13.93322738275011,14.002497689340487,1322273.0,1899850004.34,20190422,14.15,1.010534,20190626,20190626,1.010534
000001.SZ,1d,2019-04-23,13.95301889891879,14.051976479762185,13.824374043822376,13.92333162466577,940687.0,1326465625.0800002,20190423,14.07,1.010534,20190626,20190626,1.010534
000001.SZ,1d,2019-04-24,14.299370431870672,14.447806803135768,14.012393447424826,14.289474673786334,1949723.0,2811131027.08,20190424,14.44,1.010534,20190626,20190626,1.010534
000001.SZ,1d,2019-04-25,14.230100125280297,14.487389835473126,13.982706173171808,13.982706173171808,1111476.0,1597895217.3200002,20190425,14.13,1.010534,20190626,20190626,1.010534
000001.SZ,1d,2019-04-26,13.933227382750111,14.101455270183884,13.557188575545208,13.646250398304263,1009421.0,1407987365.7900002,20190426,13.790000000000001,1.010534,20190626,20190626,1.010534
000001.SZ,1d,2019-04-29,13.755103737231996,14.180621334858598,13.715520704894638,13.953018898918788,1030695.0,1450714134.04,20190429,14.1,1.010534,20190626,20190626,1.010534
000001.SZ,1d,2019-04-30,13.844165559991053,13.903540108497092,13.44833523661747,13.7056249468103,1116570.0,1542958577.5900002,20190430,13.85,1.010534,20190626,20190626,1.010534
000001.SZ,1d,2019-05-06,12.963443090484834,13.210837042593322,12.57750852519559,12.735840654545022,2108667.0,2742409411.07,20190506,12.870000000000001,1.010534,20190626,20190626,1.010534
000001.SZ,1d,2019-05-07,12.894172783894456,12.953547332400493,12.587404283279929,12.81500671921974,1072658.0,1386247078.7,20190507,12.950000000000001,1.010534,20190626,20190626,1.010534
000001.SZ,1d,2019-05-08,12.587404283279929,12.77542368688238,12.369697605424458,12.468655186267853,975450.0,1236655982.73,20190508,12.6,1.010534,20190626,20190626,1.010534
000001.SZ,1d,2019-05-09,12.389489121593138,12.448863670099175,11.924388491629179,12.033241830556912,1557151.0,1904905488.71,20190509,12.16,1.010534,20190626,20190626,1.010534
000001.SZ,1d,2019-05-10,12.211365476075025,12.617091557532948,11.973867282050875,12.54782125094257,1192399.0,1489975624.98,20190510,12.68,1.010534,20190626,20190626,1.010534
000001.SZ,1d,2019-05-13,12.201469717990685,12.409280637761817,12.10251213714729,12.171782443737667,741917.0,916213719.48,20190513,12.3,1.010534,20190626,20190626,1.010534
000001.SZ,1d,2019-05-14,12.07282486289427,12.617091557532948,12.033241830556912,12.359801847340119,1182598.0,1477008362.9199998,20190514,12.49,1.010534,20190626,20190626,1.010534
000001.SZ,1d,2019-05-15,12.448863670099175,12.97333884856917,12.438967912014835,12.78531944496672,1103988.0,1417050112.5900002,20190515,12.92,1.010534,20190626,20190626,1.010534
000001.SZ,1d,2019-05-16,12.795215203051061,12.854589751557098,12.646778831785968,12.716049138376345,634901.0,816740932.1200001,20190516,12.850000000000001,1.010534,20190626,20190626,1.010534
000001.SZ,1d,2019-05-17,12.78531944496672,12.79521520305106,12.231156992243704,12.31032305691842,965000.0,1208569909.79,20190517,12.44,1.010534,20190626,20190626,1.010534
000001.SZ,1d,2019-05-20,12.221261234159364,12.409280637761816,12.122303653315969,12.250948508412383,786435.0,971222474.19,20190520,12.38,1.010534,20190626,20190626,1.010534
000001.SZ,1d,2019-05-21,12.27074002458106,12.597300041364267,12.231156992243704,12.429072153930495,731210.0,919191240.9100001,20190521,12.559999999999999,1.010534,20190626,20190626,1.010534
000001.SZ,1d,2019-05-22,12.438967912014835,12.438967912014835,12.191573959906346,12.270740024581062,506230.0,628437470.0600001,20190522,12.4,1.010534,20190626,20190626,1.010534
000001.SZ,1d,2019-05-23,12.11240789523163,12.290531540749742,12.013450314388233,12.161886685653329,666855.0,817850530.3199999,20190523,12.290000000000001,1.010534,20190626,20190626,1.010534
000001.SZ,1d,2019-05-24,12.221261234159364,12.320218815002761,12.181678201822006,12.221261234159364,495526.0,613106248.37,20190524,12.35,1.010534,20190626,20190626,1.010534
000001.SZ,1d,2019-05-27,12.082720620978609,12.290531540749742,11.805639394617103,12.241052750328043,1048425.0,1275632724.48,20190527,12.37,1.010534,20190626,20190626,1.010534
000001.SZ,1d,2019-05-28,12.181678201822006,12.419176395846154,12.132199411400308,12.359801847340119,880703.0,1094063186.24,20190528,12.49,1.010534,20190626,20190626,1.010534
000001.SZ,1d,2019-05-29,12.231156992243704,12.458759428183514,12.132199411400308,12.270740024581062,666411.0,827828661.23,20190529,12.4,1.010534,20190626,20190626,1.010534
000001.SZ,1d,2019-05-30,12.191573959906346,12.250948508412382,11.983763040135214,12.09261637906295,646284.0,787801007.39,20190530,12.219999999999999,1.010534,20190626,20190626,1.010534
000001.SZ,1d,2019-05-31,12.033241830556912,12.27074002458106,11.983763040135214,12.053033346725591,686794.0,839375709.99,20190531,12.18,1.010534,20190626,20190626,1.010534
000001.SZ,1d,2019-06-03,12.092616379062951,12.201469717990685,11.696786055689367,11.775952120364085,1512719.0,1816591876.76,20190603,11.9,1.010534,20190626,20190626,1.010534
000001.SZ,1d,2019-06-04,11.766056362279743,11.815535152701441,11.479079377833896,11.726473329942387,974655.0,1147709578.0800002,20190604,11.85,1.010534,20190626,20190626,1.010534
000001.SZ,1d,2019-06-05,11.845222426954463,12.013450314388233,11.795743636532762,11.845222426954463,748892.0,899331716.0500001,20190605,11.97,1.010534,20190626,20190626,1.010534
000001.SZ,1d,2019-06-06,11.845222426954463,11.944180007797858,11.766056362279745,11.795743636532762,433665.0,519425127.17999995,20190606,11.92,1.010534,20190626,20190626,1.010534
000001.SZ,1d,2019-06-10,11.884805459291819,12.34001033117144,11.855118185038801,12.211365476075025,1144668.0,1404223620.41,20190610,12.34,1.010534,20190626,20190626,1.010534
000001.SZ,1d,2019-06-11,12.211365476075025,12.587404283279929,12.171782443737667,12.518133976689551,1251087.0,1574105212.1800003,20190611,12.65,1.010534,20190626,20190626,1.010534
000001.SZ,1d,2019-06-12,12.498342460520872,12.528029734773892,12.31032305691842,12.438967912014835,657310.0,825178004.4200001,20190612,12.57,1.010534,20190626,20190626,1.010534
000001.SZ,1d,2019-06-13,12.409280637761816,12.54782125094257,12.30042729883408,12.458759428183514,530000.0,666277695.76,20190613,12.59,1.010534,20190626,20190626,1.010534
000001.SZ,1d,2019-06-14,12.458759428183516,12.557717009026911,12.320218815002761,12.359801847340119,483191.0,606815214.15,20190614,12.49,1.010534,20190626,20190626,1.010534
000001.SZ,1d,2019-06-17,12.349906089255779,12.656674589870306,12.349906089255779,12.53792549285823,619815.0,786223580.98,20190617,12.67,1.010534,20190626,20190626,1.010534
000001.SZ,1d,2019-06-18,12.53792549285823,12.716049138376343,12.458759428183514,12.666570347954647,483555.0,616237571.71,20190618,12.8,1.010534,20190626,20190626,1.010534
000001.SZ,1d,2019-06-19,13.151462494087284,13.25042007493068,12.874381267725775,12.933755816231814,1143226.0,1504997837.9,20190619,13.07,1.010534,20190626,20190626,1.010534
000001.SZ,1d,2019-06-20,13.032713397075211,13.804582527653697,12.983234606653513,13.656146156388603,1529191.0,2083209238.7299998,20190620,13.8,1.010534,20190626,20190626,1.010534
000001.SZ,1d,2019-06-21,13.616563124051243,13.725416462978979,13.438439478533132,13.497814027039169,1011129.0,1384099587.01,20190621,13.64,1.010534,20190626,20190626,1.010534
000001.SZ,1d,2019-06-24,13.547292817460866,13.68583343064162,13.46812675278615,13.547292817460866,659572.0,904433349.2900001,20190624,13.69,1.010534,20190626,20190626,1.010534
000001.SZ,1d,2019-06-25,13.576980091713885,13.576980091713885,12.933755816231814,13.290003107268037,1469227.0,1954855785.9299998,20190625,13.43,1.010534,20190626,20190626,1.010534
000001.SZ,1d,2019-06-26,13.27,13.5,13.19,13.37,546504.0,731207282.9,20190626,13.37,1.0,20190626,20190626,1.010534
