stock,period,datetime,open,high,low,close,volume,amount,day,raw_close,cum_dr,asof,new_event_day,new_dr
000001.SZ,1d,2016-01-04,9.55212995168381,9.57601027656302,8.939201613117431,9.01880269604813,563497.0,660376153.12,20160104,11.33,1.2562643159900364,20180712,20180712,1.016203
000001.SZ,1d,2016-01-05,8.97104204628971,9.209845295081806,8.875520746772873,9.07452345409962,663269.0,755531353.7200001,20160105,11.4,1.2562643159900364,20180712,20180712,1.016203
000001.SZ,1d,2016-01-06,9.090443670685758,9.201885186788736,9.06656334580655,9.178004861909526,515706.0,591698520.3600001,20160106,11.530000000000001,1.2562643159900364,20180712,20180712,1.016203
000001.SZ,1d,2016-01-07,9.082483562392689,9.082483562392689,8.684478147739197,8.708358472618405,174761.0,194869493.47000003,20160107,10.94,1.2562643159900364,20180712,20180712,1.016203
000001.SZ,1d,2016-01-08,8.923281396531292,8.986962262875851,8.676518039446126,8.851640421893665,747527.0,831334546.23,20160108,11.120000000000001,1.2562643159900364,20180712,20180712,1.016203
000001.SZ,1d,2016-01-11,8.756119122376825,8.819799988721384,8.50139565699859,8.565076523343148,732013.0,800683640.99,20160111,10.76,1.2562643159900364,20180712,20180712,1.016203
000001.SZ,1d,2016-01-12,8.620797281394637,8.684478147739197,8.469555223826312,8.604877064808498,561642.0,605970836.99,20160112,10.81,1.2562643159900364,20180712,20180712,1.016203
000001.SZ,1d,2016-01-13,8.668557931153057,8.708358472618407,8.51731587358473,8.525275981877801,391709.0,424371697.73,20160113,10.71,1.2562643159900364,20180712,20180712,1.016203
000001.SZ,1d,2016-01-14,8.429754682360961,8.596916956515429,8.342193491137193,8.573036631636219,666314.0,708535004.7,20160114,10.77,1.2562643159900364,20180712,20180712,1.016203
000001.SZ,1d,2016-01-15,8.48547544041245,8.596916956515429,8.294432841378773,8.326273274551053,448202.0,474908142.0300001,20160115,10.459999999999999,1.2562643159900364,20180712,20180712,1.016203
000001.SZ,1d,2016-01-18,8.230751975034215,8.405874357481752,8.198911541861937,8.286472733085704,421040.0,439917816.17999995,20160118,10.41,1.2562643159900364,20180712,20180712,1.016203
000001.SZ,1d,2016-01-19,8.318313166257983,8.580996739929288,8.286472733085704,8.525275981877801,501109.0,532074699.5,20160119,10.71,1.2562643159900364,20180712,20180712,1.016203
000001.SZ,1d,2016-01-20,8.51731587358473,8.596916956515427,8.310353057964914,8.389954140895611,603752.0,640968946.8700001,20160120,10.54,1.2562643159900364,20180712,20180712,1.016203
000001.SZ,1d,2016-01-21,8.342193491137193,8.557116415050078,8.214831758448076,8.214831758448076,606145.0,638127876.8299999,20160121,10.32,1.2562643159900364,20180712,20180712,1.016203
000001.SZ,1d,2016-01-22,8.278512624792635,8.318313166257985,8.135230675517377,8.278512624792635,466752.0,482984450.37000006,20160122,10.4,1.2562643159900364,20180712,20180712,1.016203
000001.SZ,1d,2016-01-25,8.278512624792635,8.310353057964914,8.222791866741145,8.254632299913425,376431.0,390734876.74,20160125,10.37,1.2562643159900364,20180712,20180712,1.016203
000001.SZ,1d,2016-01-26,8.214831758448076,8.214831758448076,7.848666776966863,7.856626885259932,647901.0,653561593.37,20160126,9.87,1.2562643159900364,20180712,20180712,1.016203
000001.SZ,1d,2016-01-27,7.904387535018352,7.944188076483702,7.641703961347047,7.864586993553002,569037.0,558510640.86,20160127,9.879999999999999,1.2562643159900364,20180712,20180712,1.016203
000001.SZ,1d,2016-01-28,7.816826343794584,7.872547101846073,7.6815045028123965,7.713344935984676,302540.0,296055319.24,20160128,9.69,1.2562643159900364,20180712,20180712,1.016203
000001.SZ,1d,2016-01-29,7.753145477450025,8.023789159414399,7.713344935984676,7.96010829306984,544435.0,540544459.55,20160129,10.0,1.2562643159900364,20180712,20180712,1.016203
000001.SZ,1d,2016-02-01,7.944188076483702,7.968068401362911,7.753145477450025,7.800906127208444,417732.0,412635642.62999994,20160201,9.8,1.2562643159900364,20180712,20180712,1.016203
000001.SZ,1d,2016-02-02,7.800906127208443,7.98398861794905,7.784985910622304,7.920307751604491,369104.0,367360499.7,20160202,9.95,1.2562643159900364,20180712,20180712,1.016203
000001.SZ,1d,2016-02-03,7.840706668673793,7.872547101846072,7.777025802329234,7.840706668673793,274572.0,269997835.61,20160203,9.85,1.2562643159900364,20180712,20180712,1.016203
000001.SZ,1d,2016-02-04,7.872547101846073,7.96010829306984,7.8645869935530035,7.920307751604493,373099.0,370586187.52000004,20160204,9.950000000000001,1.2562643159900364,20180712,20180712,1.016203
000001.SZ,1d,2016-02-05,7.928267859897562,7.936227968190631,7.8884673184322125,7.896427426725282,270893.0,269184383.53,20160205,9.92,1.2562643159900364,20180712,20180712,1.016203
000001.SZ,1d,2016-02-15,7.689464611105467,7.840706668673793,7.6815045028123965,7.792946018915375,278499.0,271173372.44,20160215,9.790000000000001,1.2562643159900364,20180712,20180712,1.016203
000001.SZ,1d,2016-02-16,7.832746560380723,7.98398861794905,7.824786452087654,7.968068401362911,428386.0,427507774.18,20160216,10.01,1.2562643159900364,20180712,20180712,1.016203
000001.SZ,1d,2016-02-17,7.98398861794905,8.135230675517377,7.952148184776771,8.079509917465888,585167.0,590538918.7800001,20160217,10.15,1.2562643159900364,20180712,20180712,1.016203
000001.SZ,1d,2016-02-18,8.103390242345098,8.135230675517377,8.03174926770747,8.03174926770747,406178.0,412337569.83000004,20160218,10.09,1.2562643159900364,20180712,20180712,1.016203
000001.SZ,1d,2016-02-19,8.03174926770747,8.071549809172819,7.952148184776771,7.9919487262421205,318898.0,320939651.99,20160219,10.040000000000001,1.2562643159900364,20180712,20180712,1.016203
000001.SZ,1d,2016-02-22,8.06358970087975,8.206871650155007,8.00786894282826,8.190951433568866,617739.0,630251514.49,20160222,10.290000000000001,1.2562643159900364,20180712,20180712,1.016203
000001.SZ,1d,2016-02-23,8.190951433568866,8.190951433568866,7.999908834535191,8.05562959258668,425874.0,432315311.35,20160223,10.120000000000001,1.2562643159900364,20180712,20180712,1.016203
000001.SZ,1d,2016-02-24,8.00786894282826,8.079509917465888,7.968068401362911,8.079509917465888,300103.0,302498026.09,20160224,10.15,1.2562643159900364,20180712,20180712,1.016203
000001.SZ,1d,2016-02-25,8.055629592586678,8.063589700879747,7.641703961347047,7.697424719398536,622072.0,615004743.2700001,20160225,9.67,1.2562643159900364,20180712,20180712,1.016203
000001.SZ,1d,2016-02-26,7.777025802329234,7.824786452087654,7.689464611105467,7.792946018915375,392154.0,382634662.72,20160226,9.790000000000001,1.2562643159900364,20180712,20180712,1.016203
000001.SZ,1d,2016-02-29,7.792946018915374,7.808866235501514,7.49842201207179,7.609863528174769,566896.0,542183971.78,20160229,9.56,1.2562643159900364,20180712,20180712,1.016203
000001.SZ,1d,2016-03-01,7.657624177933187,7.777025802329234,7.625783744760907,7.721305044277745,377910.0,365149008.02000004,20160301,9.7,1.2562643159900364,20180712,20180712,1.016203
000001.SZ,1d,2016-03-02,7.761105585743095,8.06358970087975,7.737225260863886,8.039709376000541,676613.0,673626229.31,20160302,10.100000000000001,1.2562643159900364,20180712,20180712,1.016203
000001.SZ,1d,2016-03-03,8.03174926770747,8.1033902423451,7.9919487262421205,8.04766948429361,553089.0,559045201.6200001,20160303,10.110000000000001,1.2562643159900364,20180712,20180712,1.016203
000001.SZ,1d,2016-03-04,8.03174926770747,8.358113707723334,8.01582905112133,8.278512624792635,1381249.0,1429273062.74,20160304,10.4,1.2562643159900364,20180712,20180712,1.016203
000001.SZ,1d,2016-03-07,8.238712083327286,8.350153599430262,8.198911541861937,8.230751975034215,606352.0,630155599.1600001,20160307,10.34,1.2562643159900364,20180712,20180712,1.016203
000001.SZ,1d,2016-03-08,8.246672191620355,8.246672191620355,7.9123476433114215,8.182991325275795,643156.0,650471607.35,20160308,10.28,1.2562643159900364,20180712,20180712,1.016203
000001.SZ,1d,2016-03-09,8.071549809172819,8.135230675517377,7.9919487262421205,8.09543013405203,325900.0,330124892.38,20160309,10.170000000000002,1.2562643159900364,20180712,20180712,1.016203
000001.SZ,1d,2016-03-10,8.151150892103518,8.238712083327286,8.06358970087975,8.079509917465888,474020.0,486414240.72,20160310,10.15,1.2562643159900364,20180712,20180712,1.016203
000001.SZ,1d,2016-03-11,8.039709376000541,8.135230675517377,7.9919487262421205,8.08747002575896,383736.0,389638934.2,20160311,10.16,1.2562643159900364,20180712,20180712,1.016203
000001.SZ,1d,2016-03-14,8.127270567224308,8.326273274551054,8.127270567224308,8.167071108689658,655158.0,679161304.98,20160314,10.260000000000002,1.2562643159900364,20180712,20180712,1.016203
000001.SZ,1d,2016-03-15,8.182991325275795,8.246672191620355,8.08747002575896,8.214831758448076,417920.0,428786691.82,20160315,10.32,1.2562643159900364,20180712,20180712,1.016203
000001.SZ,1d,2016-03-16,8.175031216982726,8.318313166257983,8.159111000396587,8.238712083327284,664886.0,690087713.0500001,20160316,10.35,1.2562643159900364,20180712,20180712,1.016203
000001.SZ,1d,2016-03-17,8.246672191620355,8.342193491137193,8.198911541861937,8.294432841378773,610996.0,635181313.4699999,20160317,10.42,1.2562643159900364,20180712,20180712,1.016203
000001.SZ,1d,2016-03-18,8.294432841378773,8.413834465774823,8.278512624792635,8.389954140895613,797215.0,836565552.7900001,20160318,10.540000000000001,1.2562643159900364,20180712,20180712,1.016203
000001.SZ,1d,2016-03-21,8.397914249188682,8.644677606273849,8.397914249188682,8.596916956515429,920432.0,987764461.92,20160321,10.8,1.2562643159900364,20180712,20180712,1.016203
000001.SZ,1d,2016-03-22,8.573036631636219,8.708358472618405,8.509355765291659,8.533236090170869,625482.0,675406611.44,20160322,10.719999999999999,1.2562643159900364,20180712,20180712,1.016203
000001.SZ,1d,2016-03-23,8.5252759818778,8.573036631636219,8.4456748989471,8.51731587358473,430278.0,458963272.7,20160323,10.7,1.2562643159900364,20180712,20180712,1.016203
000001.SZ,1d,2016-03-24,8.4456748989471,8.46159511553324,8.358113707723334,8.374033924309472,372406.0,393411544.51,20160324,10.52,1.2562643159900364,20180712,20180712,1.016203
000001.SZ,1d,2016-03-25,8.366073816016403,8.43771479065403,8.358113707723334,8.429754682360961,237070.0,250338489.56000003,20160325,10.59,1.2562643159900364,20180712,20180712,1.016203
000001.SZ,1d,2016-03-28,8.453635007240171,8.477515332119381,8.318313166257985,8.342193491137193,358621.0,378973327.48,20160328,10.48,1.2562643159900364,20180712,20180712,1.016203
000001.SZ,1d,2016-03-29,8.366073816016405,8.374033924309474,8.262592408206496,8.302392949671844,318317.0,332422397.07,20160329,10.430000000000001,1.2562643159900364,20180712,20180712,1.016203
000001.SZ,1d,2016-03-30,8.342193491137193,8.51731587358473,8.334233382844124,8.51731587358473,539699.0,572627417.13,20160330,10.700000000000001,1.2562643159900364,20180712,20180712,1.016203
000001.SZ,1d,2016-03-31,8.525275981877801,8.557116415050078,8.469555223826312,8.469555223826312,418387.0,447266281.73,20160331,10.64,1.2562643159900364,20180712,20180712,1.016203
000001.SZ,1d,2016-04-01,8.45363500724017,8.509355765291659,8.358113707723334,8.48547544041245,369341.0,391830399.33,20160401,10.66,1.2562643159900364,20180712,20180712,1.016203
000001.SZ,1d,2016-04-05,8.45363500724017,8.604877064808498,8.358113707723334,8.51731587358473,592308.0,632378859.33,20160405,10.7,1.2562643159900364,20180712,20180712,1.016203
000001.SZ,1d,2016-04-06,8.50139565699859,8.557116415050078,8.4456748989471,8.533236090170869,435259.0,464962437.13000005,20160406,10.719999999999999,1.2562643159900364,20180712,20180712,1.016203
000001.SZ,1d,2016-04-07,8.53323609017087,8.54119619846394,8.429754682360961,8.429754682360961,377719.0,401949050.57000005,20160407,10.59,1.2562643159900364,20180712,20180712,1.016203
000001.SZ,1d,2016-04-08,8.397914249188682,8.49343554870552,8.358113707723334,8.413834465774823,376553.0,397998243.93,20160408,10.57,1.2562643159900364,20180712,20180712,1.016203
000001.SZ,1d,2016-04-11,8.43771479065403,8.596916956515427,8.43771479065403,8.533236090170869,786386.0,840486348.21,20160411,10.719999999999999,1.2562643159900364,20180712,20180712,1.016203
000001.SZ,1d,2016-04-12,8.51731587358473,8.525275981877801,8.453635007240171,8.493435548705522,298599.0,318538001.82000005,20160412,10.670000000000002,1.2562643159900364,20180712,20180712,1.016203
000001.SZ,1d,2016-04-13,8.54119619846394,8.732238797497615,8.525275981877801,8.604877064808498,856760.0,929858588.49,20160413,10.81,1.2562643159900364,20180712,20180712,1.016203
000001.SZ,1d,2016-04-14,8.660597822859987,8.676518039446126,8.58895684822236,8.628757389687708,323646.0,350702741.47,20160414,10.840000000000002,1.2562643159900364,20180712,20180712,1.016203
000001.SZ,1d,2016-04-15,8.628757389687708,8.708358472618407,8.596916956515429,8.660597822859987,497224.0,541052858.38,20160415,10.88,1.2562643159900364,20180712,20180712,1.016203
000001.SZ,1d,2016-04-18,8.612837173101568,8.636717497980777,8.54119619846394,8.54119619846394,350654.0,377791436.76,20160418,10.73,1.2562643159900364,20180712,20180712,1.016203
000001.SZ,1d,2016-04-19,8.573036631636219,8.604877064808498,8.525275981877801,8.573036631636219,218239.0,234479844.29,20160419,10.770000000000001,1.2562643159900364,20180712,20180712,1.016203
000001.SZ,1d,2016-04-20,8.573036631636219,8.580996739929288,8.246672191620355,8.374033924309472,606586.0,640149677.08,20160420,10.52,1.2562643159900364,20180712,20180712,1.016203
000001.SZ,1d,2016-04-21,8.374033924309474,8.46159511553324,8.318313166257985,8.366073816016405,558799.0,588731547.4699999,20160421,10.510000000000002,1.2562643159900364,20180712,20180712,1.016203
000001.SZ,1d,2016-04-22,8.326273274551054,8.453635007240171,8.286472733085704,8.397914249188682,359677.0,379176139.25,20160422,10.55,1.2562643159900364,20180712,20180712,1.016203
000001.SZ,1d,2016-04-25,8.405874357481752,8.405874357481752,8.294432841378773,8.358113707723334,349257.0,366533376.73,20160425,10.5,1.2562643159900364,20180712,20180712,1.016203
000001.SZ,1d,2016-04-26,8.342193491137193,8.437714790654033,8.326273274551054,8.429754682360963,291699.0,306962513.0,20160426,10.590000000000002,1.2562643159900364,20180712,20180712,1.016203
000001.SZ,1d,2016-04-27,8.421794574067892,8.4456748989471,8.374033924309472,8.413834465774823,239553.0,253308584.05,20160427,10.57,1.2562643159900364,20180712,20180712,1.016203
000001.SZ,1d,2016-04-28,8.421794574067892,8.56507652334315,8.389954140895613,8.48547544041245,457460.0,487261220.54,20160428,10.66,1.2562643159900364,20180712,20180712,1.016203
000001.SZ,1d,2016-04-29,8.469555223826312,8.469555223826312,8.397914249188682,8.413834465774823,404977.0,428582155.01,20160429,10.57,1.2562643159900364,20180712,20180712,1.016203
000001.SZ,1d,2016-05-03,8.421794574067892,8.533236090170869,8.374033924309472,8.50139565699859,489102.0,521137502.43000007,20160503,10.68,1.2562643159900364,20180712,20180712,1.016203
000001.SZ,1d,2016-05-04,8.50139565699859,8.557116415050078,8.48547544041245,8.53323609017087,412435.0,441848167.65000004,20160504,10.72,1.2562643159900364,20180712,20180712,1.016203
000001.SZ,1d,2016-05-05,8.509355765291659,8.53323609017087,8.477515332119381,8.53323609017087,239516.0,256002095.85999998,20160505,10.72,1.2562643159900364,20180712,20180712,1.016203
000001.SZ,1d,2016-05-06,8.54119619846394,8.54119619846394,8.374033924309472,8.374033924309472,346545.0,367408584.52,20160506,10.52,1.2562643159900364,20180712,20180712,1.016203
000001.SZ,1d,2016-05-09,8.358113707723334,8.381994032602543,8.214831758448076,8.238712083327284,411171.0,428356624.07,20160509,10.35,1.2562643159900364,20180712,20180712,1.016203
000001.SZ,1d,2016-05-10,8.230751975034215,8.254632299913425,8.175031216982726,8.182991325275795,292599.0,301767207.97,20160510,10.28,1.2562643159900364,20180712,20180712,1.016203
000001.SZ,1d,2016-05-11,8.198911541861937,8.310353057964916,8.198911541861937,8.254632299913427,327289.0,339005275.76,20160511,10.370000000000001,1.2562643159900364,20180712,20180712,1.016203
000001.SZ,1d,2016-05-12,8.206871650155007,8.278512624792635,8.159111000396587,8.262592408206496,325885.0,336792700.57,20160512,10.38,1.2562643159900364,20180712,20180712,1.016203
000001.SZ,1d,2016-05-13,8.238712083327284,8.278512624792635,8.222791866741145,8.238712083327284,184266.0,191007255.66,20160513,10.35,1.2562643159900364,20180712,20180712,1.016203
000001.SZ,1d,2016-05-16,8.214831758448076,8.246672191620355,8.159111000396587,8.246672191620355,215224.0,221931208.07000002,20160516,10.36,1.2562643159900364,20180712,20180712,1.016203
000001.SZ,1d,2016-05-17,8.246672191620355,8.254632299913427,8.151150892103518,8.198911541861937,250424.0,257859628.95000002,20160517,10.3,1.2562643159900364,20180712,20180712,1.016203
000001.SZ,1d,2016-05-18,8.190951433568866,8.214831758448076,8.095430134052028,8.198911541861937,534150.0,547076639.38,20160518,10.3,1.2562643159900364,20180712,20180712,1.016203
000001.SZ,1d,2016-05-19,8.175031216982726,8.214831758448076,8.159111000396587,8.159111000396587,170777.0,175591500.42,20160519,10.25,1.2562643159900364,20180712,20180712,1.016203
000001.SZ,1d,2016-05-20,8.151150892103518,8.222791866741145,8.111350350638167,8.198911541861936,206703.0,212277642.00000003,20160520,10.299999999999999,1.2562643159900364,20180712,20180712,1.016203
000001.SZ,1d,2016-05-23,8.222791866741145,8.230751975034215,8.159111000396587,8.182991325275795,323646.0,333300178.49,20160523,10.28,1.2562643159900364,20180712,20180712,1.016203
000001.SZ,1d,2016-05-24,8.175031216982726,8.182991325275795,8.111350350638167,8.127270567224306,259294.0,265042286.91000003,20160524,10.209999999999999,1.2562643159900364,20180712,20180712,1.016203
000001.SZ,1d,2016-05-25,8.159111000396587,8.182991325275795,8.111350350638167,8.143190783810446,204235.0,209019882.70000002,20160525,10.229999999999999,1.2562643159900364,20180712,20180712,1.016203
000001.SZ,1d,2016-05-26,8.135230675517377,8.175031216982726,8.095430134052028,8.135230675517377,261396.0,266736775.84,20160526,10.22,1.2562643159900364,20180712,20180712,1.016203
000001.SZ,1d,2016-05-27,8.135230675517377,8.190951433568866,8.111350350638167,8.175031216982726,222818.0,228377555.01999998,20160527,10.27,1.2562643159900364,20180712,20180712,1.016203
000001.SZ,1d,2016-05-30,8.159111000396589,8.182991325275797,8.119310458931238,8.182991325275797,380946.0,390119748.19,20160530,10.280000000000001,1.2562643159900364,20180712,20180712,1.016203
000001.SZ,1d,2016-05-31,8.167071108689656,8.413834465774823,8.167071108689656,8.39791424918868,946467.0,991668174.78,20160531,10.549999999999999,1.2562643159900364,20180712,20180712,1.016203
000001.SZ,1d,2016-06-01,8.366073816016403,8.39791424918868,8.310353057964914,8.342193491137191,556750.0,584161145.13,20160601,10.479999999999999,1.2562643159900364,20180712,20180712,1.016203
000001.SZ,1d,2016-06-02,8.334233382844124,8.342193491137193,8.294432841378773,8.326273274551053,293036.0,306269383.37,20160602,10.459999999999999,1.2562643159900364,20180712,20180712,1.016203
000001.SZ,1d,2016-06-03,8.334233382844124,8.374033924309472,8.286472733085704,8.358113707723334,423389.0,443039580.98,20160603,10.5,1.2562643159900364,20180712,20180712,1.016203
000001.SZ,1d,2016-06-06,8.366073816016405,8.381994032602543,8.318313166257985,8.366073816016405,338332.0,354998364.13,20160606,10.510000000000002,1.2562643159900364,20180712,20180712,1.016203
000001.SZ,1d,2016-06-07,8.374033924309472,8.381994032602543,8.342193491137193,8.374033924309472,229282.0,240887148.70000002,20160607,10.52,1.2562643159900364,20180712,20180712,1.016203
000001.SZ,1d,2016-06-08,8.389954140895613,8.389954140895613,8.326273274551054,8.358113707723334,268188.0,281651740.87,20160608,10.5,1.2562643159900364,20180712,20180712,1.016203
000001.SZ,1d,2016-06-13,8.326273274551054,8.334233382844124,8.222791866741145,8.222791866741145,344816.0,358996277.49999994,20160613,10.33,1.2562643159900364,20180712,20180712,1.016203
000001.SZ,1d,2016-06-14,8.230751975034215,8.286472733085704,8.214831758448076,8.278512624792635,273637.0,283578296.52,20160614,10.4,1.2562643159900364,20180712,20180712,1.016203
000001.SZ,1d,2016-06-15,8.222791866741145,8.342193491137193,8.214831758448076,8.310353057964914,378172.0,394033686.13,20160615,10.44,1.2562643159900364,20180712,20180712,1.016203
000001.SZ,1d,2016-06-16,8.31035282712177,8.3394439105306,8.271564715910001,8.31035282712177,386670.0,331192444.67,20160616,8.569999999999999,1.0312438206030001,20180712,20180712,1.016203
000001.SZ,1d,2016-06-17,8.310352827121772,8.349140938333544,8.281261743712946,8.320049854924715,315173.0,270236697.97,20160617,8.58,1.0312438206030001,20180712,20180712,1.016203
000001.SZ,1d,2016-06-20,8.329746882727658,8.3394439105306,8.30065579931883,8.3394439105306,270731.0,232205297.92,20160620,8.6,1.0312438206030001,20180712,20180712,1.016203
000001.SZ,1d,2016-06-21,8.349140938333543,8.387929049545313,8.320049854924715,8.349140938333543,380749.0,327940703.41,20160621,8.61,1.0312438206030001,20180712,20180712,1.016203
000001.SZ,1d,2016-06-22,8.3394439105306,8.465505271968853,8.320049854924715,8.465505271968853,478002.0,413947368.64000005,20160622,8.73,1.0312438206030001,20180712,20180712,1.016203
000001.SZ,1d,2016-06-23,8.407323105151198,8.436414188560027,8.368534993939429,8.397626077348255,335614.0,290490407.0,20160623,8.66,1.0312438206030001,20180712,20180712,1.016203
000001.SZ,1d,2016-06-24,8.378232021742368,8.436414188560025,8.26186768810706,8.310352827121772,427664.0,367771053.91,20160624,8.57,1.0312438206030001,20180712,20180712,1.016203
000001.SZ,1d,2016-06-27,8.310352827121772,8.37823202174237,8.281261743712946,8.349140938333544,325214.0,280044073.17999995,20160627,8.610000000000001,1.0312438206030001,20180712,20180712,1.016203
000001.SZ,1d,2016-06-28,8.320049854924715,8.37823202174237,8.30065579931883,8.368534993939429,336519.0,289122213.99,20160628,8.63,1.0312438206030001,20180712,20180712,1.016203
000001.SZ,1d,2016-06-29,8.368534993939429,8.426717160757084,8.358837966136486,8.426717160757084,369611.0,319908689.63,20160629,8.690000000000001,1.0312438206030001,20180712,20180712,1.016203
000001.SZ,1d,2016-06-30,8.426717160757082,8.475202299771796,8.397626077348255,8.436414188560025,362204.0,315051854.72999996,20160630,8.7,1.0312438206030001,20180712,20180712,1.016203
000001.SZ,1d,2016-07-01,8.426717160757082,8.465505271968853,8.417020132954141,8.446111216362967,348930.0,303652375.25,20160701,8.709999999999999,1.0312438206030001,20180712,20180712,1.016203
000001.SZ,1d,2016-07-04,8.426717160757082,8.591566633407107,8.407323105151198,8.543081494392395,608257.0,534656909.55,20160704,8.81,1.0312438206030001,20180712,20180712,1.016203
000001.SZ,1d,2016-07-05,8.53338446658945,8.562475549998279,8.504293383180624,8.543081494392393,422037.0,371422814.75,20160705,8.809999999999999,1.0312438206030001,20180712,20180712,1.016203
000001.SZ,1d,2016-07-06,8.53338446658945,8.552778522195336,8.49459635537768,8.523687438786508,322950.0,283827375.8,20160706,8.79,1.0312438206030001,20180712,20180712,1.016203
000001.SZ,1d,2016-07-07,8.52368743878651,8.533384466589451,8.475202299771796,8.513990410983565,312853.0,274337185.84000003,20160707,8.78,1.0312438206030001,20180712,20180712,1.016203
000001.SZ,1d,2016-07-08,8.52368743878651,8.52368743878651,8.465505271968853,8.475202299771796,261342.0,228778674.11,20160708,8.74,1.0312438206030001,20180712,20180712,1.016203
000001.SZ,1d,2016-07-11,8.48489932757474,8.52368743878651,8.475202299771796,8.48489932757474,365372.0,320333760.68,20160711,8.75,1.0312438206030001,20180712,20180712,1.016203
000001.SZ,1d,2016-07-12,8.48489932757474,8.620657716815934,8.475202299771796,8.610960689012993,711832.0,627505578.42,20160712,8.88,1.0312438206030001,20180712,20180712,1.016203
000001.SZ,1d,2016-07-13,8.610960689012991,8.775810161663014,8.591566633407107,8.71762799484536,798288.0,716797025.3100001,20160713,8.99,1.0312438206030001,20180712,20180712,1.016203
000001.SZ,1d,2016-07-14,8.698233939239476,8.727325022648303,8.64005177242182,8.669142855830646,359699.0,321889343.31,20160714,8.94,1.0312438206030001,20180712,20180712,1.016203
000001.SZ,1d,2016-07-15,8.67883988363359,8.727325022648303,8.64005177242182,8.71762799484536,352033.0,315555253.54,20160715,8.99,1.0312438206030001,20180712,20180712,1.016203
000001.SZ,1d,2016-07-18,8.71762799484536,8.804901245071843,8.698233939239476,8.766113133860074,506934.0,457358031.39,20160718,9.040000000000001,1.0312438206030001,20180712,20180712,1.016203
000001.SZ,1d,2016-07-19,8.766113133860074,8.775810161663015,8.678839883633591,8.698233939239476,362787.0,326046531.03999996,20160719,8.97,1.0312438206030001,20180712,20180712,1.016203
000001.SZ,1d,2016-07-20,8.688536911436533,8.71762799484536,8.678839883633591,8.688536911436533,310926.0,278737194.12,20160720,8.96,1.0312438206030001,20180712,20180712,1.016203
000001.SZ,1d,2016-07-21,8.678839883633591,8.737022050451246,8.678839883633591,8.71762799484536,340261.0,305710332.75,20160721,8.99,1.0312438206030001,20180712,20180712,1.016203
000001.SZ,1d,2016-07-22,8.71762799484536,8.71762799484536,8.649748800224762,8.669142855830646,295549.0,264379250.43,20160722,8.94,1.0312438206030001,20180712,20180712,1.016203
000001.SZ,1d,2016-07-25,8.659445828027705,8.707930967042417,8.64005177242182,8.707930967042417,264682.0,236937494.08,20160725,8.98,1.0312438206030001,20180712,20180712,1.016203
000001.SZ,1d,2016-07-26,8.698233939239476,8.843689356283614,8.698233939239476,8.833992328480672,546556.0,494506420.12000006,20160726,9.110000000000001,1.0312438206030001,20180712,20180712,1.016203
000001.SZ,1d,2016-07-27,8.843689356283614,8.892174495298326,8.64005177242182,8.737022050451245,818678.0,741263303.03,20160727,9.01,1.0312438206030001,20180712,20180712,1.016203
000001.SZ,1d,2016-07-28,8.707930967042417,8.833992328480672,8.698233939239476,8.804901245071843,479910.0,434490536.62,20160728,9.08,1.0312438206030001,20180712,20180712,1.016203
000001.SZ,1d,2016-07-29,8.804901245071843,8.960053689918924,8.756416106057129,8.921265578707153,671425.0,614972669.3,20160729,9.2,1.0312438206030001,20180712,20180712,1.016203
000001.SZ,1d,2016-08-01,8.901871523101269,9.05702396794835,8.892174495298326,8.998841801130693,759324.0,702466616.0,20160801,9.28,1.0312438206030001,20180712,20180712,1.016203
000001.SZ,1d,2016-08-02,8.960053689918924,8.979447745524809,8.892174495298326,8.969750717721867,449165.0,413484595.07000005,20160802,9.25,1.0312438206030001,20180712,20180712,1.016203
000001.SZ,1d,2016-08-03,8.930962606510096,8.94065963431304,8.872780439692441,8.901871523101269,424622.0,389817535.11,20160803,9.18,1.0312438206030001,20180712,20180712,1.016203
000001.SZ,1d,2016-08-04,8.892174495298326,8.901871523101269,8.659445828027705,8.71762799484536,1344462.0,1210346973.56,20160804,8.99,1.0312438206030001,20180712,20180712,1.016203
000001.SZ,1d,2016-08-05,8.71762799484536,8.7952042172689,8.678839883633591,8.766113133860074,725948.0,654998092.94,20160805,9.040000000000001,1.0312438206030001,20180712,20180712,1.016203
000001.SZ,1d,2016-08-08,8.766113133860072,8.83399232848067,8.737022050451245,8.83399232848067,398479.0,361191045.29,20160808,9.11,1.0312438206030001,20180712,20180712,1.016203
000001.SZ,1d,2016-08-09,8.814598272874786,8.872780439692441,8.7952042172689,8.872780439692441,415676.0,378720688.32000005,20160809,9.15,1.0312438206030001,20180712,20180712,1.016203
000001.SZ,1d,2016-08-10,8.872780439692441,8.90187152310127,8.843689356283614,8.863083411889498,436655.0,399656990.64000005,20160810,9.14,1.0312438206030001,20180712,20180712,1.016203
000001.SZ,1d,2016-08-11,8.863083411889498,9.066720995751293,8.853386384086557,8.94065963431304,935576.0,866594867.9,20160811,9.22,1.0312438206030001,20180712,20180712,1.016203
000001.SZ,1d,2016-08-12,8.921265578707153,9.241267496204257,8.901871523101269,9.212176412795431,1370021.0,1282336292.04,20160812,9.5,1.0312438206030001,20180712,20180712,1.016203
000001.SZ,1d,2016-08-15,9.260661551810141,9.503087246883705,9.221873440598372,9.386722913248397,1897552.0,1835196865.56,20160815,9.68,1.0312438206030001,20180712,20180712,1.016203
000001.SZ,1d,2016-08-16,9.386722913248398,9.386722913248398,9.17338830158366,9.231570468401317,1099558.0,1050479545.3100001,20160816,9.520000000000001,1.0312438206030001,20180712,20180712,1.016203
000001.SZ,1d,2016-08-17,9.231570468401316,9.309146690824855,9.192782357189545,9.260661551810143,560725.0,534926047.02,20160817,9.55,1.0312438206030001,20180712,20180712,1.016203
000001.SZ,1d,2016-08-18,9.270358579613086,9.299449663021914,9.144297218174833,9.212176412795431,691504.0,658183955.01,20160818,9.5,1.0312438206030001,20180712,20180712,1.016203
000001.SZ,1d,2016-08-19,9.202479384992488,9.231570468401316,9.144297218174833,9.221873440598372,505334.0,478779724.24,20160819,9.51,1.0312438206030001,20180712,20180712,1.016203
000001.SZ,1d,2016-08-22,9.212176412795431,9.221873440598372,9.076418023554234,9.115206134766003,979432.0,922426435.12,20160822,9.399999999999999,1.0312438206030001,20180712,20180712,1.016203
000001.SZ,1d,2016-08-23,9.09581207916012,9.163691273780719,9.086115051357178,9.115206134766005,890656.0,838185900.5899999,20160823,9.4,1.0312438206030001,20180712,20180712,1.016203
000001.SZ,1d,2016-08-24,9.124903162568948,9.144297218174835,9.09581207916012,9.144297218174835,732281.0,688971683.08,20160824,9.430000000000001,1.0312438206030001,20180712,20180712,1.016203
000001.SZ,1d,2016-08-25,9.13460019037189,9.163691273780717,9.05702396794835,9.153994245977774,617389.0,580648481.91,20160825,9.44,1.0312438206030001,20180712,20180712,1.016203
000001.SZ,1d,2016-08-26,9.163691273780719,9.183085329386603,9.115206134766005,9.163691273780719,502233.0,473688076.59,20160826,9.450000000000001,1.0312438206030001,20180712,20180712,1.016203
000001.SZ,1d,2016-08-29,9.124903162568948,9.163691273780719,9.09581207916012,9.13460019037189,565231.0,532295362.01000005,20160829,9.42,1.0312438206030001,20180712,20180712,1.016203
000001.SZ,1d,2016-08-30,9.13460019037189,9.183085329386603,9.124903162568948,9.183085329386603,595081.0,561854066.27,20160830,9.47,1.0312438206030001,20180712,20180712,1.016203
000001.SZ,1d,2016-08-31,9.173388301583659,9.212176412795431,9.144297218174833,9.202479384992488,489746.0,463875762.93,20160831,9.49,1.0312438206030001,20180712,20180712,1.016203
000001.SZ,1d,2016-09-01,9.202479384992488,9.231570468401316,9.13460019037189,9.163691273780717,480131.0,454848634.31,20160901,9.45,1.0312438206030001,20180712,20180712,1.016203
000001.SZ,1d,2016-09-02,9.144297218174833,9.173388301583659,9.13460019037189,9.163691273780717,368796.0,348054367.10999995,20160902,9.45,1.0312438206030001,20180712,20180712,1.016203
000001.SZ,1d,2016-09-05,9.17338830158366,9.17338830158366,9.115206134766005,9.13460019037189,469936.0,443204803.58,20160905,9.42,1.0312438206030001,20180712,20180712,1.016203
000001.SZ,1d,2016-09-06,9.13460019037189,9.144297218174833,9.076418023554234,9.124903162568948,574738.0,539813283.55,20160906,9.41,1.0312438206030001,20180712,20180712,1.016203
000001.SZ,1d,2016-09-07,9.124903162568948,9.134600190371891,9.086115051357178,9.115206134766005,459373.0,431984158.6100001,20160907,9.4,1.0312438206030001,20180712,20180712,1.016203
000001.SZ,1d,2016-09-08,9.105509106963062,9.13460019037189,9.09581207916012,9.115206134766005,295218.0,277503757.8,20160908,9.4,1.0312438206030001,20180712,20180712,1.016203
000001.SZ,1d,2016-09-09,9.115206134766003,9.144297218174833,9.076418023554234,9.095812079160119,327431.0,307527271.24,20160909,9.379999999999999,1.0312438206030001,20180712,20180712,1.016203
000001.SZ,1d,2016-09-12,9.008538828933638,9.037629912342464,8.853386384086557,8.882477467495384,756581.0,697759184.1,20160912,9.16,1.0312438206030001,20180712,20180712,1.016203
000001.SZ,1d,2016-09-13,8.901871523101269,8.930962606510096,8.863083411889498,8.911568550904212,460931.0,423113832.02000004,20160913,9.190000000000001,1.0312438206030001,20180712,20180712,1.016203
000001.SZ,1d,2016-09-14,8.892174495298326,8.90187152310127,8.775810161663015,8.785507189465958,421481.0,384081266.46000004,20160914,9.06,1.0312438206030001,20180712,20180712,1.016203
000001.SZ,1d,2016-09-19,8.775810161663015,8.863083411889498,8.775810161663015,8.843689356283614,354348.0,322575925.94,20160919,9.120000000000001,1.0312438206030001,20180712,20180712,1.016203
000001.SZ,1d,2016-09-20,8.843689356283614,8.843689356283614,8.766113133860074,8.804901245071843,436678.0,396359321.31,20160920,9.08,1.0312438206030001,20180712,20180712,1.016203
000001.SZ,1d,2016-09-21,8.804901245071843,8.824295300677727,8.756416106057129,8.804901245071843,405665.0,367767497.46,20160921,9.08,1.0312438206030001,20180712,20180712,1.016203
000001.SZ,1d,2016-09-22,8.824295300677727,8.901871523101269,8.814598272874786,8.882477467495384,494613.0,451909020.47999996,20160922,9.16,1.0312438206030001,20180712,20180712,1.016203
000001.SZ,1d,2016-09-23,8.882477467495384,8.911568550904212,8.863083411889498,8.872780439692441,288798.0,264699513.1,20160923,9.15,1.0312438206030001,20180712,20180712,1.016203
000001.SZ,1d,2016-09-26,8.853386384086557,8.853386384086557,8.766113133860074,8.766113133860074,439481.0,398771864.85,20160926,9.040000000000001,1.0312438206030001,20180712,20180712,1.016203
000001.SZ,1d,2016-09-27,8.766113133860072,8.7952042172689,8.737022050451245,8.785507189465958,401323.0,362769231.03,20160927,9.06,1.0312438206030001,20180712,20180712,1.016203
000001.SZ,1d,2016-09-28,8.785507189465957,8.785507189465957,8.756416106057129,8.775810161663014,271366.0,245499467.89,20160928,9.049999999999999,1.0312438206030001,20180712,20180712,1.016203
000001.SZ,1d,2016-09-29,8.775810161663015,8.804901245071843,8.775810161663015,8.785507189465958,303664.0,275239667.40999997,20160929,9.06,1.0312438206030001,20180712,20180712,1.016203
000001.SZ,1d,2016-09-30,8.785507189465958,8.82429530067773,8.775810161663015,8.7952042172689,308084.0,279526475.64000005,20160930,9.07,1.0312438206030001,20180712,20180712,1.016203
000001.SZ,1d,2016-10-10,8.824295300677727,8.892174495298326,8.804901245071843,8.843689356283612,611381.0,557122276.5,20161010,9.12,1.0312438206030001,20180712,20180712,1.016203
000001.SZ,1d,2016-10-11,8.853386384086555,8.87278043969244,8.83399232848067,8.87278043969244,363370.0,331886515.46000004,20161011,9.149999999999999,1.0312438206030001,20180712,20180712,1.016203
000001.SZ,1d,2016-10-12,8.863083411889498,8.882477467495384,8.843689356283614,8.853386384086557,270316.0,246995531.01,20161012,9.13,1.0312438206030001,20180712,20180712,1.016203
000001.SZ,1d,2016-10-13,8.804901245071843,8.833992328480672,8.775810161663015,8.7952042172689,632367.0,574142476.2700001,20161013,9.07,1.0312438206030001,20180712,20180712,1.016203
000001.SZ,1d,2016-10-14,8.785507189465958,8.814598272874788,8.766113133860074,8.814598272874788,335411.0,304218676.83,20161014,9.090000000000002,1.0312438206030001,20180712,20180712,1.016203
000001.SZ,1d,2016-10-17,8.804901245071843,8.814598272874786,8.756416106057129,8.775810161663014,359223.0,325582450.32,20161017,9.049999999999999,1.0312438206030001,20180712,20180712,1.016203
000001.SZ,1d,2016-10-18,8.756416106057129,8.814598272874786,8.756416106057129,8.814598272874786,593737.0,537784120.36,20161018,9.09,1.0312438206030001,20180712,20180712,1.016203
000001.SZ,1d,2016-10-19,8.814598272874786,8.833992328480672,8.775810161663015,8.804901245071843,482636.0,438299029.51,20161019,9.08,1.0312438206030001,20180712,20180712,1.016203
000001.SZ,1d,2016-10-20,8.804901245071843,8.814598272874786,8.775810161663015,8.7952042172689,342844.0,310966016.7,20161020,9.07,1.0312438206030001,20180712,20180712,1.016203
000001.SZ,1d,2016-10-21,8.804901245071843,8.853386384086557,8.785507189465958,8.853386384086557,683896.0,621549844.97,20161021,9.13,1.0312438206030001,20180712,20180712,1.016203
000001.SZ,1d,2016-10-24,8.853386384086557,9.01823585673658,8.843689356283614,8.960053689918924,915677.0,844746080.61,20161024,9.24,1.0312438206030001,20180712,20180712,1.016203
000001.SZ,1d,2016-10-25,8.969750717721867,8.979447745524809,8.901871523101269,8.930962606510095,500752.0,461542701.14000005,20161025,9.209999999999999,1.0312438206030001,20180712,20180712,1.016203
000001.SZ,1d,2016-10-26,8.94065963431304,8.94065963431304,8.853386384086557,8.872780439692441,440452.0,403750809.07000005,20161026,9.15,1.0312438206030001,20180712,20180712,1.016203
000001.SZ,1d,2016-10-27,8.882477467495384,8.892174495298327,8.843689356283614,8.882477467495384,324140.0,296216914.82,20161027,9.16,1.0312438206030001,20180712,20180712,1.016203
000001.SZ,1d,2016-10-28,8.882477467495384,8.950356662115981,8.863083411889498,8.892174495298326,541997.0,497615050.8,20161028,9.17,1.0312438206030001,20180712,20180712,1.016203
000001.SZ,1d,2016-10-31,8.872780439692441,8.882477467495384,8.814598272874786,8.872780439692441,493596.0,450148883.09,20161031,9.15,1.0312438206030001,20180712,20180712,1.016203
000001.SZ,1d,2016-11-01,8.863083411889496,8.882477467495384,8.83399232848067,8.863083411889496,525415.0,480117542.32000005,20161101,9.139999999999999,1.0312438206030001,20180712,20180712,1.016203
000001.SZ,1d,2016-11-02,8.863083411889498,8.863083411889498,8.775810161663015,8.7952042172689,633586.0,576083788.2400001,20161102,9.07,1.0312438206030001,20180712,20180712,1.016203
000001.SZ,1d,2016-11-03,8.785507189465958,8.863083411889498,8.775810161663015,8.853386384086557,616871.0,561464947.1899999,20161103,9.13,1.0312438206030001,20180712,20180712,1.016203
000001.SZ,1d,2016-11-04,8.83399232848067,8.892174495298326,8.824295300677727,8.83399232848067,508117.0,463831938.55,20161104,9.11,1.0312438206030001,20180712,20180712,1.016203
000001.SZ,1d,2016-11-07,8.824295300677727,8.843689356283614,8.7952042172689,8.843689356283614,497240.0,452447930.56000006,20161107,9.120000000000001,1.0312438206030001,20180712,20180712,1.016203
000001.SZ,1d,2016-11-08,8.843689356283612,8.872780439692441,8.824295300677727,8.872780439692441,806694.0,736747217.08,20161108,9.15,1.0312438206030001,20180712,20180712,1.016203
000001.SZ,1d,2016-11-09,8.863083411889498,8.863083411889498,8.737022050451245,8.7952042172689,722616.0,656061960.6999999,20161109,9.07,1.0312438206030001,20180712,20180712,1.016203
000001.SZ,1d,2016-11-10,8.824295300677727,8.882477467495384,8.824295300677727,8.863083411889496,631998.0,576898452.74,20161110,9.139999999999999,1.0312438206030001,20180712,20180712,1.016203
000001.SZ,1d,2016-11-11,8.863083411889496,8.901871523101269,8.83399232848067,8.901871523101269,812269.0,742969896.6100001,20161111,9.18,1.0312438206030001,20180712,20180712,1.016203
000001.SZ,1d,2016-11-14,8.882477467495384,8.969750717721867,8.882477467495384,8.94065963431304,975078.0,898058354.0100001,20161114,9.22,1.0312438206030001,20180712,20180712,1.016203
000001.SZ,1d,2016-11-15,8.921265578707153,8.960053689918924,8.901871523101269,8.950356662115981,554342.0,510596178.35,20161115,9.23,1.0312438206030001,20180712,20180712,1.016203
000001.SZ,1d,2016-11-16,8.950356662115981,8.960053689918924,8.921265578707155,8.950356662115981,415842.0,383425739.88,20161116,9.23,1.0312438206030001,20180712,20180712,1.016203
000001.SZ,1d,2016-11-17,8.940659634313038,8.940659634313038,8.901871523101269,8.930962606510095,505324.0,464611128.37,20161117,9.209999999999999,1.0312438206030001,20180712,20180712,1.016203
000001.SZ,1d,2016-11-18,8.930962606510096,8.930962606510096,8.882477467495384,8.901871523101269,517597.0,475289972.51000005,20161118,9.18,1.0312438206030001,20180712,20180712,1.016203
000001.SZ,1d,2016-11-21,8.901871523101269,8.998841801130693,8.892174495298326,8.960053689918924,850243.0,785475676.61,20161121,9.24,1.0312438206030001,20180712,20180712,1.016203
000001.SZ,1d,2016-11-22,8.960053689918924,9.076418023554236,8.950356662115981,9.076418023554236,1180256.0,1097408714.34,20161122,9.360000000000001,1.0312438206030001,20180712,20180712,1.016203
000001.SZ,1d,2016-11-23,9.05702396794835,9.270358579613086,9.05702396794835,9.163691273780717,1752869.0,1660465709.36,20161123,9.45,1.0312438206030001,20180712,20180712,1.016203
000001.SZ,1d,2016-11-24,9.153994245977774,9.231570468401316,9.13460019037189,9.183085329386603,779748.0,738580569.2900001,20161124,9.47,1.0312438206030001,20180712,20180712,1.016203
000001.SZ,1d,2016-11-25,9.192782357189545,9.328540746430741,9.17338830158366,9.328540746430741,1013674.0,968127766.3299999,20161125,9.620000000000001,1.0312438206030001,20180712,20180712,1.016203
000001.SZ,1d,2016-11-28,9.396419941051338,9.48369319127782,9.309146690824855,9.338237774233683,1279689.0,1240686233.53,20161128,9.629999999999999,1.0312438206030001,20180712,20180712,1.016203
000001.SZ,1d,2016-11-29,9.299449663021914,9.406116968854283,9.260661551810143,9.328540746430741,887779.0,854308658.4000001,20161129,9.620000000000001,1.0312438206030001,20180712,20180712,1.016203
000001.SZ,1d,2016-11-30,9.357631829839569,9.425511024460167,9.212176412795431,9.260661551810143,1025963.0,985758449.84,20161130,9.55,1.0312438206030001,20180712,20180712,1.016203
000001.SZ,1d,2016-12-01,9.28005560741603,9.338237774233685,9.260661551810143,9.309146690824857,646004.0,619633746.85,20161201,9.600000000000001,1.0312438206030001,20180712,20180712,1.016203
000001.SZ,1d,2016-12-02,9.309146690824855,9.309146690824855,9.153994245977774,9.260661551810141,829686.0,790044441.9300001,20161202,9.549999999999999,1.0312438206030001,20180712,20180712,1.016203
000001.SZ,1d,2016-12-05,9.212176412795431,9.250964524007202,9.124903162568948,9.17338830158366,764365.0,723222053.6400001,20161205,9.46,1.0312438206030001,20180712,20180712,1.016203
000001.SZ,1d,2016-12-06,9.192782357189545,9.231570468401317,9.163691273780719,9.202479384992488,602902.0,571585177.5,20161206,9.49,1.0312438206030001,20180712,20180712,1.016203
000001.SZ,1d,2016-12-07,9.192782357189545,9.202479384992488,9.124903162568948,9.192782357189545,493404.0,466085503.37,20161207,9.48,1.0312438206030001,20180712,20180712,1.016203
000001.SZ,1d,2016-12-08,9.212176412795431,9.260661551810141,9.144297218174833,9.231570468401316,671452.0,638058504.08,20161208,9.52,1.0312438206030001,20180712,20180712,1.016203
000001.SZ,1d,2016-12-09,9.212176412795431,9.454602107868995,9.192782357189545,9.357631829839569,1514199.0,1460778328.2,20161209,9.65,1.0312438206030001,20180712,20180712,1.016203
000001.SZ,1d,2016-12-12,9.357631829839569,9.47399616347488,9.153994245977774,9.212176412795431,1256874.0,1206662616.99,20161212,9.5,1.0312438206030001,20180712,20180712,1.016203
000001.SZ,1d,2016-12-13,9.192782357189545,9.212176412795431,9.047326940145407,9.13460019037189,645771.0,607769965.5799999,20161213,9.42,1.0312438206030001,20180712,20180712,1.016203
000001.SZ,1d,2016-12-14,9.13460019037189,9.221873440598372,9.115206134766005,9.115206134766005,597705.0,564787516.4599999,20161214,9.4,1.0312438206030001,20180712,20180712,1.016203
000001.SZ,1d,2016-12-15,9.086115051357178,9.124903162568948,8.930962606510096,8.969750717721867,827612.0,767751835.57,20161215,9.25,1.0312438206030001,20180712,20180712,1.016203
000001.SZ,1d,2016-12-16,8.960053689918924,9.008538828933638,8.930962606510096,8.969750717721867,396813.0,366925349.32000005,20161216,9.25,1.0312438206030001,20180712,20180712,1.016203
000001.SZ,1d,2016-12-19,8.94065963431304,8.950356662115981,8.892174495298326,8.921265578707153,494010.0,453899744.36,20161219,9.2,1.0312438206030001,20180712,20180712,1.016203
000001.SZ,1d,2016-12-20,8.921265578707153,8.921265578707153,8.804901245071843,8.83399232848067,636638.0,580118167.69,20161220,9.11,1.0312438206030001,20180712,20180712,1.016203
000001.SZ,1d,2016-12-21,8.843689356283612,8.882477467495384,8.83399232848067,8.882477467495384,369920.0,338201446.46000004,20161221,9.16,1.0312438206030001,20180712,20180712,1.016203
000001.SZ,1d,2016-12-22,8.87278043969244,8.882477467495384,8.83399232848067,8.863083411889496,341341.0,311546856.93,20161222,9.139999999999999,1.0312438206030001,20180712,20180712,1.016203
000001.SZ,1d,2016-12-23,8.863083411889498,8.863083411889498,8.7952042172689,8.804901245071843,382912.0,348140451.36999995,20161223,9.08,1.0312438206030001,20180712,20180712,1.016203
000001.SZ,1d,2016-12-26,8.785507189465957,8.853386384086555,8.746719078254188,8.843689356283612,302058.0,273934287.19,20161226,9.12,1.0312438206030001,20180712,20180712,1.016203
000001.SZ,1d,2016-12-27,8.843689356283614,8.853386384086557,8.7952042172689,8.804901245071843,268841.0,244788273.85999998,20161227,9.08,1.0312438206030001,20180712,20180712,1.016203
000001.SZ,1d,2016-12-28,8.804901245071843,8.833992328480672,8.766113133860074,8.785507189465958,336055.0,304898614.02,20161228,9.06,1.0312438206030001,20180712,20180712,1.016203
000001.SZ,1d,2016-12-29,8.7952042172689,8.814598272874786,8.775810161663015,8.804901245071843,338758.0,307183503.28,20161229,9.08,1.0312438206030001,20180712,20180712,1.016203
000001.SZ,1d,2016-12-30,8.804901245071843,8.824295300677727,8.785507189465958,8.824295300677727,302607.0,274882698.47,20161230,9.1,1.0312438206030001,20180712,20180712,1.016203
000001.SZ,1d,2017-01-03,8.83399232848067,8.901871523101269,8.814598272874786,8.882477467495384,459840.0,420595176.46000004,20170103,9.16,1.0312438206030001,20180712,20180712,1.016203
000001.SZ,1d,2017-01-04,8.872780439692441,8.901871523101269,8.863083411889498,8.882477467495384,449329.0,411503444.03,20170104,9.16,1.0312438206030001,20180712,20180712,1.016203
000001.SZ,1d,2017-01-05,8.892174495298326,8.901871523101269,8.872780439692441,8.892174495298326,344372.0,315769693.5,20170105,9.17,1.0312438206030001,20180712,20180712,1.016203
000001.SZ,1d,2017-01-06,8.892174495298326,8.892174495298326,8.83399232848067,8.853386384086555,358154.0,327176433.93,20170106,9.129999999999999,1.0312438206030001,20180712,20180712,1.016203
000001.SZ,1d,2017-01-09,8.853386384086555,8.892174495298326,8.83399232848067,8.87278043969244,361081.0,329994604.0,20170109,9.149999999999999,1.0312438206030001,20180712,20180712,1.016203
000001.SZ,1d,2017-01-10,8.872780439692441,8.882477467495384,8.863083411889498,8.872780439692441,241053.0,220575131.96,20170110,9.15,1.0312438206030001,20180712,20180712,1.016203
000001.SZ,1d,2017-01-11,8.863083411889498,8.892174495298326,8.853386384086557,8.863083411889498,303430.0,277553207.26000005,20170111,9.14,1.0312438206030001,20180712,20180712,1.016203
000001.SZ,1d,2017-01-12,8.853386384086557,8.892174495298326,8.853386384086557,8.872780439692441,428006.0,391869402.76,20170112,9.15,1.0312438206030001,20180712,20180712,1.016203
000001.SZ,1d,2017-01-13,8.863083411889498,8.911568550904212,8.843689356283614,8.882477467495384,434301.0,397601906.25,20170113,9.16,1.0312438206030001,20180712,20180712,1.016203
000001.SZ,1d,2017-01-16,8.872780439692441,8.882477467495384,8.7952042172689,8.863083411889498,683165.0,623025820.2700001,20170116,9.14,1.0312438206030001,20180712,20180712,1.016203
000001.SZ,1d,2017-01-17,8.843689356283612,8.882477467495384,8.824295300677727,8.872780439692441,545552.0,498179703.17,20170117,9.15,1.0312438206030001,20180712,20180712,1.016203
000001.SZ,1d,2017-01-18,8.863083411889498,8.911568550904212,8.853386384086557,8.892174495298326,574269.0,526426595.69000006,20170118,9.17,1.0312438206030001,20180712,20180712,1.016203
000001.SZ,1d,2017-01-19,8.872780439692441,8.960053689918924,8.872780439692441,8.901871523101269,437712.0,402445639.34,20170119,9.18,1.0312438206030001,20180712,20180712,1.016203
000001.SZ,1d,2017-01-20,8.892174495298326,8.950356662115981,8.892174495298326,8.94065963431304,393328.0,361865155.13000005,20170120,9.22,1.0312438206030001,20180712,20180712,1.016203
000001.SZ,1d,2017-01-23,8.94065963431304,8.97944774552481,8.921265578707155,8.94065963431304,420299.0,388019072.55999994,20170123,9.22,1.0312438206030001,20180712,20180712,1.016203
000001.SZ,1d,2017-01-24,8.950356662115981,8.998841801130695,8.921265578707155,8.989144773327753,470244.0,434787729.13000005,20170124,9.270000000000001,1.0312438206030001,20180712,20180712,1.016203
000001.SZ,1d,2017-01-25,8.989144773327752,8.998841801130693,8.969750717721867,8.979447745524809,304401.0,281976294.07000005,20170125,9.26,1.0312438206030001,20180712,20180712,1.016203
000001.SZ,1d,2017-01-26,8.989144773327752,9.05702396794835,8.979447745524809,9.047326940145407,420712.0,391844286.24,20170126,9.33,1.0312438206030001,20180712,20180712,1.016203
000001.SZ,1d,2017-02-03,9.05702396794835,9.076418023554236,8.950356662115981,8.979447745524809,315472.0,292617943.26000005,20170203,9.26,1.0312438206030001,20180712,20180712,1.016203
000001.SZ,1d,2017-02-06,8.979447745524809,9.037629912342464,8.979447745524809,9.027932884539522,516786.0,480441331.03999996,20170206,9.31,1.0312438206030001,20180712,20180712,1.016203
000001.SZ,1d,2017-02-07,9.02793288453952,9.037629912342464,8.989144773327752,9.018235856736577,396884.0,368755274.2,20170207,9.299999999999999,1.0312438206030001,20180712,20180712,1.016203
000001.SZ,1d,2017-02-08,9.008538828933638,9.01823585673658,8.960053689918924,9.01823585673658,360272.0,333975401.82000005,20170208,9.3,1.0312438206030001,20180712,20180712,1.016203
000001.SZ,1d,2017-02-09,9.018235856736577,9.047326940145407,8.998841801130693,9.02793288453952,342855.0,319201023.28000003,20170209,9.309999999999999,1.0312438206030001,20180712,20180712,1.016203
000001.SZ,1d,2017-02-10,9.037629912342464,9.076418023554236,9.027932884539522,9.047326940145407,482743.0,450701345.31000006,20170210,9.33,1.0312438206030001,20180712,20180712,1.016203
000001.SZ,1d,2017-02-13,9.05702396794835,9.153994245977774,9.047326940145407,9.124903162568948,638364.0,599951024.32,20170213,9.41,1.0312438206030001,20180712,20180712,1.016203
000001.SZ,1d,2017-02-14,9.124903162568948,9.134600190371891,9.086115051357178,9.115206134766005,362404.0,340318431.40000004,20170214,9.4,1.0312438206030001,20180712,20180712,1.016203
000001.SZ,1d,2017-02-15,9.115206134766005,9.250964524007202,9.105509106963062,9.163691273780719,756613.0,716759655.28,20170215,9.450000000000001,1.0312438206030001,20180712,20180712,1.016203
000001.SZ,1d,2017-02-16,9.163691273780717,9.212176412795431,9.13460019037189,9.173388301583659,411161.0,388636225.1999999,20170216,9.459999999999999,1.0312438206030001,20180712,20180712,1.016203
000001.SZ,1d,2017-02-17,9.17338830158366,9.202479384992488,9.086115051357178,9.105509106963062,423774.0,400161795.09,20170217,9.39,1.0312438206030001,20180712,20180712,1.016203
000001.SZ,1d,2017-02-20,9.115206134766005,9.28975263521897,9.115206134766005,9.270358579613086,898755.0,855710805.5000001,20170220,9.56,1.0312438206030001,20180712,20180712,1.016203
000001.SZ,1d,2017-02-21,9.260661551810143,9.328540746430741,9.250964524007202,9.28005560741603,646584.0,618761069.26,20170221,9.57,1.0312438206030001,20180712,20180712,1.016203
000001.SZ,1d,2017-02-22,9.28005560741603,9.28005560741603,9.212176412795431,9.28005560741603,462966.0,441528339.71,20170222,9.57,1.0312438206030001,20180712,20180712,1.016203
000001.SZ,1d,2017-02-23,9.260661551810143,9.28005560741603,9.192782357189545,9.221873440598372,335327.0,319293836.59,20170223,9.51,1.0312438206030001,20180712,20180712,1.016203
000001.SZ,1d,2017-02-24,9.212176412795431,9.250964524007202,9.192782357189545,9.212176412795431,332500.0,316020789.4,20170224,9.5,1.0312438206030001,20180712,20180712,1.016203
000001.SZ,1d,2017-02-27,9.212176412795431,9.212176412795431,9.13460019037189,9.144297218174833,407341.0,384781015.65000004,20170227,9.43,1.0312438206030001,20180712,20180712,1.016203
000001.SZ,1d,2017-02-28,9.144297218174833,9.221873440598372,9.13460019037189,9.192782357189545,369719.0,350366892.5,20170228,9.48,1.0312438206030001,20180712,20180712,1.016203
000001.SZ,1d,2017-03-01,9.202479384992488,9.260661551810143,9.183085329386603,9.202479384992488,346993.0,330157963.40000004,20170301,9.49,1.0312438206030001,20180712,20180712,1.016203
000001.SZ,1d,2017-03-02,9.221873440598372,9.2509645240072,9.13460019037189,9.144297218174833,403628.0,382395883.84000003,20170302,9.43,1.0312438206030001,20180712,20180712,1.016203
000001.SZ,1d,2017-03-03,9.124903162568948,9.144297218174833,9.076418023554234,9.115206134766003,342655.0,321952549.22,20170303,9.399999999999999,1.0312438206030001,20180712,20180712,1.016203
000001.SZ,1d,2017-03-06,9.115206134766005,9.17338830158366,9.105509106963062,9.163691273780719,404511.0,381212304.19000006,20170306,9.450000000000001,1.0312438206030001,20180712,20180712,1.016203
000001.SZ,1d,2017-03-07,9.153994245977774,9.17338830158366,9.115206134766005,9.163691273780719,294672.0,277747415.4200001,20170307,9.450000000000001,1.0312438206030001,20180712,20180712,1.016203
000001.SZ,1d,2017-03-08,9.144297218174833,9.163691273780719,9.115206134766005,9.13460019037189,244438.0,230425150.54000002,20170308,9.42,1.0312438206030001,20180712,20180712,1.016203
000001.SZ,1d,2017-03-09,9.124903162568948,9.144297218174833,9.076418023554234,9.095812079160119,378169.0,354813687.5,20170309,9.379999999999999,1.0312438206030001,20180712,20180712,1.016203
000001.SZ,1d,2017-03-10,9.095812079160119,9.124903162568948,9.076418023554234,9.115206134766003,390182.0,366140052.24,20170310,9.399999999999999,1.0312438206030001,20180712,20180712,1.016203
000001.SZ,1d,2017-03-13,9.105509106963062,9.163691273780719,9.086115051357178,9.153994245977776,545304.0,513148481.04,20170313,9.440000000000001,1.0312438206030001,20180712,20180712,1.016203
000001.SZ,1d,2017-03-14,9.144297218174833,9.17338830158366,9.124903162568948,9.153994245977774,404484.0,381594066.95,20170314,9.44,1.0312438206030001,20180712,20180712,1.016203
000001.SZ,1d,2017-03-15,9.13460019037189,9.192782357189545,9.13460019037189,9.192782357189545,546560.0,515943748.1,20170315,9.48,1.0312438206030001,20180712,20180712,1.016203
000001.SZ,1d,2017-03-16,9.192782357189545,9.241267496204259,9.163691273780719,9.231570468401317,635953.0,603450064.0699999,20170316,9.520000000000001,1.0312438206030001,20180712,20180712,1.016203
000001.SZ,1d,2017-03-17,9.163691273780719,9.17338830158366,9.01823585673658,9.027932884539522,1583647.0,1482736995.3700001,20170317,9.31,1.0312438206030001,20180712,20180712,1.016203
000001.SZ,1d,2017-03-20,9.008538828933638,9.027932884539522,8.94065963431304,8.969750717721867,715021.0,661887015.08,20170320,9.25,1.0312438206030001,20180712,20180712,1.016203
000001.SZ,1d,2017-03-21,8.969750717721869,8.97944774552481,8.921265578707155,8.960053689918924,554648.0,511914333.09000003,20170321,9.24,1.0312438206030001,20180712,20180712,1.016203
000001.SZ,1d,2017-03-22,8.921265578707155,8.94065963431304,8.863083411889498,8.882477467495384,566123.0,519331026.2700001,20170322,9.16,1.0312438206030001,20180712,20180712,1.016203
000001.SZ,1d,2017-03-23,8.882477467495384,8.960053689918924,8.872780439692441,8.921265578707155,433588.0,398986562.09000003,20170323,9.200000000000001,1.0312438206030001,20180712,20180712,1.016203
000001.SZ,1d,2017-03-24,8.921265578707153,8.960053689918924,8.882477467495384,8.91156855090421,710827.0,653533829.8800001,20170324,9.19,1.0312438206030001,20180712,20180712,1.016203
000001.SZ,1d,2017-03-27,8.843689356283612,8.91156855090421,8.804901245071843,8.863083411889498,985012.0,900094460.9200001,20170327,9.14,1.0312438206030001,20180712,20180712,1.016203
000001.SZ,1d,2017-03-28,8.882477467495384,8.892174495298326,8.824295300677727,8.843689356283612,481372.0,439405816.17,20170328,9.12,1.0312438206030001,20180712,20180712,1.016203
000001.SZ,1d,2017-03-29,8.853386384086555,8.872780439692441,8.814598272874786,8.83399232848067,601140.0,548060692.96,20170329,9.11,1.0312438206030001,20180712,20180712,1.016203
000001.SZ,1d,2017-03-30,8.843689356283614,8.843689356283614,8.785507189465958,8.804901245071843,687285.0,623995512.84,20170330,9.08,1.0312438206030001,20180712,20180712,1.016203
000001.SZ,1d,2017-03-31,8.804901245071843,8.901871523101269,8.804901245071843,8.892174495298326,633121.0,578579035.11,20170331,9.17,1.0312438206030001,20180712,20180712,1.016203
000001.SZ,1d,2017-04-05,8.882477467495384,8.94065963431304,8.872780439692441,8.930962606510096,499150.0,458567834.2,20170405,9.21,1.0312438206030001,20180712,20180712,1.016203
000001.SZ,1d,2017-04-06,8.921265578707153,8.94065963431304,8.892174495298326,8.921265578707153,434391.0,399118983.36,20170406,9.2,1.0312438206030001,20180712,20180712,1.016203
000001.SZ,1d,2017-04-07,8.91156855090421,8.94065963431304,8.892174495298326,8.921265578707153,514844.0,473366404.45000005,20170407,9.2,1.0312438206030001,20180712,20180712,1.016203
000001.SZ,1d,2017-04-10,8.921265578707153,8.930962606510095,8.892174495298326,8.901871523101269,401343.0,368682024.90000004,20170410,9.18,1.0312438206030001,20180712,20180712,1.016203
000001.SZ,1d,2017-04-11,8.892174495298326,8.91156855090421,8.814598272874786,8.872780439692441,612437.0,560304072.91,20170411,9.15,1.0312438206030001,20180712,20180712,1.016203
000001.SZ,1d,2017-04-12,8.882477467495384,8.892174495298326,8.824295300677727,8.843689356283612,455336.0,416101249.02,20170412,9.12,1.0312438206030001,20180712,20180712,1.016203
000001.SZ,1d,2017-04-13,8.83399232848067,8.863083411889496,8.824295300677727,8.843689356283612,357442.0,325949861.06,20170413,9.12,1.0312438206030001,20180712,20180712,1.016203
000001.SZ,1d,2017-04-14,8.833992328480672,8.843689356283614,8.785507189465958,8.804901245071843,490500.0,445637458.07,20170414,9.08,1.0312438206030001,20180712,20180712,1.016203
000001.SZ,1d,2017-04-17,8.804901245071843,8.833992328480672,8.775810161663015,8.82429530067773,531892.0,483130499.71999997,20170417,9.100000000000001,1.0312438206030001,20180712,20180712,1.016203
000001.SZ,1d,2017-04-18,8.814598272874786,8.82429530067773,8.775810161663015,8.775810161663015,335376.0,304162860.29,20170418,9.05,1.0312438206030001,20180712,20180712,1.016203
000001.SZ,1d,2017-04-19,8.75641610605713,8.766113133860074,8.630354744618877,8.64005177242182,799668.0,714963673.1400001,20170419,8.91,1.0312438206030001,20180712,20180712,1.016203
000001.SZ,1d,2017-04-20,8.630354744618877,8.669142855830648,8.620657716815934,8.649748800224762,437629.0,390063543.84000003,20170420,8.92,1.0312438206030001,20180712,20180712,1.016203
000001.SZ,1d,2017-04-21,8.649748800224762,8.71762799484536,8.630354744618877,8.698233939239476,325408.0,291126076.24,20170421,8.97,1.0312438206030001,20180712,20180712,1.016203
000001.SZ,1d,2017-04-24,8.698233939239476,8.707930967042417,8.620657716815934,8.659445828027705,394995.0,352926394.67,20170424,8.93,1.0312438206030001,20180712,20180712,1.016203
000001.SZ,1d,2017-04-25,8.659445828027705,8.737022050451245,8.659445828027705,8.727325022648303,377933.0,339230143.96999997,20170425,9.0,1.0312438206030001,20180712,20180712,1.016203
000001.SZ,1d,2017-04-26,8.727325022648303,8.737022050451246,8.688536911436533,8.71762799484536,382147.0,343316092.51000005,20170426,8.99,1.0312438206030001,20180712,20180712,1.016203
000001.SZ,1d,2017-04-27,8.698233939239476,8.707930967042417,8.64005177242182,8.698233939239476,387392.0,346186989.88,20170427,8.97,1.0312438206030001,20180712,20180712,1.016203
000001.SZ,1d,2017-04-28,8.68853691143653,8.71762799484536,8.649748800224762,8.71762799484536,286446.0,256106698.72,20170428,8.99,1.0312438206030001,20180712,20180712,1.016203
000001.SZ,1d,2017-05-02,8.688536911436533,8.688536911436533,8.630354744618877,8.669142855830646,311026.0,277665881.67,20170502,8.94,1.0312438206030001,20180712,20180712,1.016203
000001.SZ,1d,2017-05-03,8.649748800224762,8.659445828027705,8.620657716815934,8.64005177242182,280310.0,249660877.22,20170503,8.91,1.0312438206030001,20180712,20180712,1.016203
000001.SZ,1d,2017-05-04,8.620657716815934,8.620657716815934,8.455808244165912,8.475202299771796,696517.0,613783434.3100001,20170504,8.74,1.0312438206030001,20180712,20180712,1.016203
000001.SZ,1d,2017-05-05,8.475202299771796,8.49459635537768,8.320049854924715,8.368534993939429,623700.0,539541739.86,20170505,8.63,1.0312438206030001,20180712,20180712,1.016203
000001.SZ,1d,2017-05-08,8.339443910530601,8.358837966136486,8.281261743712946,8.310352827121772,460089.0,394424117.19,20170508,8.57,1.0312438206030001,20180712,20180712,1.016203
000001.SZ,1d,2017-05-09,8.30065579931883,8.37823202174237,8.290958771515887,8.37823202174237,324194.0,279119676.49,20170509,8.64,1.0312438206030001,20180712,20180712,1.016203
000001.SZ,1d,2017-05-10,8.368534993939429,8.533384466589451,8.358837966136486,8.4073231051512,573077.0,498675307.83000004,20170510,8.670000000000002,1.0312438206030001,20180712,20180712,1.016203
000001.SZ,1d,2017-05-11,8.387929049545313,8.45580824416591,8.3394439105306,8.436414188560025,503643.0,436444282.31000006,20170511,8.7,1.0312438206030001,20180712,20180712,1.016203
000001.SZ,1d,2017-05-12,8.417020132954141,8.630354744618877,8.37823202174237,8.630354744618877,917968.0,809131900.1400001,20170512,8.9,1.0312438206030001,20180712,20180712,1.016203
000001.SZ,1d,2017-05-15,8.620657716815934,8.678839883633591,8.543081494392395,8.591566633407108,536578.0,476417671.71999997,20170515,8.860000000000001,1.0312438206030001,20180712,20180712,1.016203
000001.SZ,1d,2017-05-16,8.572172577801222,8.581869605604163,8.465505271968853,8.572172577801222,524872.0,461069300.97,20170516,8.84,1.0312438206030001,20180712,20180712,1.016203
000001.SZ,1d,2017-05-17,8.543081494392395,8.543081494392395,8.48489932757474,8.504293383180624,417338.0,365987542.61,20170517,8.77,1.0312438206030001,20180712,20180712,1.016203
000001.SZ,1d,2017-05-18,8.455808244165912,8.504293383180626,8.446111216362969,8.465505271968853,227401.0,198765579.76000002,20170518,8.73,1.0312438206030001,20180712,20180712,1.016203
000001.SZ,1d,2017-05-19,8.475202299771796,8.49459635537768,8.417020132954141,8.426717160757082,294270.0,256396867.64000002,20170519,8.69,1.0312438206030001,20180712,20180712,1.016203
000001.SZ,1d,2017-05-22,8.417020132954141,8.465505271968851,8.349140938333543,8.417020132954141,679120.0,588546725.07,20170522,8.68,1.0312438206030001,20180712,20180712,1.016203
000001.SZ,1d,2017-05-23,8.407323105151198,8.572172577801222,8.37823202174237,8.52368743878651,800040.0,702123772.9800001,20170523,8.790000000000001,1.0312438206030001,20180712,20180712,1.016203
000001.SZ,1d,2017-05-24,8.513990410983565,8.562475549998279,8.417020132954141,8.543081494392395,532376.0,466560635.92,20170524,8.81,1.0312438206030001,20180712,20180712,1.016203
000001.SZ,1d,2017-05-25,8.523687438786508,8.863083411889496,8.513990410983565,8.824295300677727,1621543.0,1462763018.52,20170525,9.1,1.0312438206030001,20180712,20180712,1.016203
000001.SZ,1d,2017-05-26,8.804901245071843,8.853386384086557,8.766113133860074,8.82429530067773,895365.0,813387170.15,20170526,9.100000000000001,1.0312438206030001,20180712,20180712,1.016203
000001.SZ,1d,2017-05-31,8.824295300677727,8.950356662115981,8.785507189465958,8.921265578707155,1033210.0,948741889.7,20170531,9.200000000000001,1.0312438206030001,20180712,20180712,1.016203
000001.SZ,1d,2017-06-01,8.921265578707155,8.950356662115981,8.843689356283614,8.911568550904212,566182.0,519544675.84,20170601,9.190000000000001,1.0312438206030001,20180712,20180712,1.016203
000001.SZ,1d,2017-06-02,8.901871523101269,9.008538828933638,8.863083411889498,8.892174495298326,770757.0,710119498.0999999,20170602,9.17,1.0312438206030001,20180712,20180712,1.016203
000001.SZ,1d,2017-06-05,8.853386384086557,8.892174495298326,8.71762799484536,8.756416106057129,634132.0,573460396.83,20170605,9.03,1.0312438206030001,20180712,20180712,1.016203
000001.SZ,1d,2017-06-06,8.737022050451245,8.785507189465958,8.71762799484536,8.766113133860074,355341.0,320520904.30999994,20170606,9.040000000000001,1.0312438206030001,20180712,20180712,1.016203
000001.SZ,1d,2017-06-07,8.746719078254188,8.872780439692441,8.737022050451245,8.853386384086555,645723.0,587357671.1600001,20170607,9.129999999999999,1.0312438206030001,20180712,20180712,1.016203
000001.SZ,1d,2017-06-08,8.83399232848067,8.872780439692441,8.804901245071843,8.853386384086557,383004.0,348860774.29999995,20170608,9.13,1.0312438206030001,20180712,20180712,1.016203
000001.SZ,1d,2017-06-09,8.872780439692441,8.94065963431304,8.843689356283614,8.872780439692441,685468.0,628281688.31,20170609,9.15,1.0312438206030001,20180712,20180712,1.016203
000001.SZ,1d,2017-06-12,8.872780439692441,8.91156855090421,8.824295300677727,8.83399232848067,504578.0,461493689.83,20170612,9.11,1.0312438206030001,20180712,20180712,1.016203
000001.SZ,1d,2017-06-13,8.833992328480672,8.863083411889498,8.775810161663015,8.843689356283614,448434.0,407876695.89000005,20170613,9.120000000000001,1.0312438206030001,20180712,20180712,1.016203
000001.SZ,1d,2017-06-14,8.843689356283614,8.853386384086557,8.766113133860074,8.804901245071843,375444.0,340596135.74,20170614,9.08,1.0312438206030001,20180712,20180712,1.016203
000001.SZ,1d,2017-06-15,8.804901245071843,8.804901245071843,8.756416106057129,8.766113133860072,337797.0,305610500.17,20170615,9.04,1.0312438206030001,20180712,20180712,1.016203
000001.SZ,1d,2017-06-16,8.766113133860072,8.804901245071843,8.737022050451245,8.746719078254188,285991.0,258559005.29,20170616,9.02,1.0312438206030001,20180712,20180712,1.016203
000001.SZ,1d,2017-06-19,8.756416106057129,8.872780439692441,8.746719078254188,8.853386384086555,489704.0,446000772.99,20170619,9.129999999999999,1.0312438206030001,20180712,20180712,1.016203
000001.SZ,1d,2017-06-20,8.843689356283612,8.882477467495384,8.814598272874786,8.843689356283612,313615.0,286053883.71000004,20170620,9.12,1.0312438206030001,20180712,20180712,1.016203
000001.SZ,1d,2017-06-21,8.892174495298326,8.901871523101269,8.83399232848067,8.87278043969244,496932.0,454488888.04,20170621,9.149999999999999,1.0312438206030001,20180712,20180712,1.016203
000001.SZ,1d,2017-06-22,8.872780439692441,9.115206134766005,8.863083411889498,8.969750717721867,1426958.0,1325210564.6399999,20170622,9.25,1.0312438206030001,20180712,20180712,1.016203
000001.SZ,1d,2017-06-23,8.950356662115981,8.989144773327752,8.882477467495384,8.969750717721867,584004.0,538303574.27,20170623,9.25,1.0312438206030001,20180712,20180712,1.016203
000001.SZ,1d,2017-06-26,8.979447745524809,9.115206134766005,8.979447745524809,9.018235856736577,710769.0,663762850.0400001,20170626,9.299999999999999,1.0312438206030001,20180712,20180712,1.016203
000001.SZ,1d,2017-06-27,9.018235856736577,9.10550910696306,8.989144773327752,9.076418023554234,546016.0,509162008.98,20170627,9.36,1.0312438206030001,20180712,20180712,1.016203
000001.SZ,1d,2017-06-28,9.066720995751291,9.202479384992488,9.047326940145407,9.144297218174833,1168796.0,1102438099.9,20170628,9.43,1.0312438206030001,20180712,20180712,1.016203
000001.SZ,1d,2017-06-29,9.144297218174835,9.163691273780719,9.086115051357178,9.144297218174835,488804.0,459810415.61999995,20170629,9.430000000000001,1.0312438206030001,20180712,20180712,1.016203
000001.SZ,1d,2017-06-30,9.115206134766005,9.144297218174833,9.027932884539522,9.105509106963062,499633.0,468003516.71999997,20170630,9.39,1.0312438206030001,20180712,20180712,1.016203
000001.SZ,1d,2017-07-03,9.115206134766005,9.144297218174833,9.05702396794835,9.115206134766005,388349.0,364465847.32,20170703,9.4,1.0312438206030001,20180712,20180712,1.016203
000001.SZ,1d,2017-07-04,9.115206134766005,9.124903162568948,9.01823585673658,9.05702396794835,488362.0,456577021.24999994,20170704,9.34,1.0312438206030001,20180712,20180712,1.016203
000001.SZ,1d,2017-07-05,9.008538828933636,9.095812079160119,8.989144773327752,9.086115051357176,567720.0,529294114.23999995,20170705,9.37,1.0312438206030001,20180712,20180712,1.016203
000001.SZ,1d,2017-07-06,9.076418023554236,9.124903162568948,9.027932884539522,9.115206134766005,738911.0,691387184.15,20170706,9.4,1.0312438206030001,20180712,20180712,1.016203
000001.SZ,1d,2017-07-07,9.086115051357176,9.192782357189545,9.05702396794835,9.183085329386603,760369.0,717084352.1800001,20170707,9.47,1.0312438206030001,20180712,20180712,1.016203
000001.SZ,1d,2017-07-10,9.163691273780717,9.367328857642512,9.153994245977774,9.299449663021914,1360815.0,1303090005.3600001,20170710,9.59,1.0312438206030001,20180712,20180712,1.016203
000001.SZ,1d,2017-07-11,9.318843718627798,10.143091081877914,9.318843718627798,9.939453498016123,3812086.0,3842010171.29,20170711,10.25,1.0312438206030001,20180712,20180712,1.016203
000001.SZ,1d,2017-07-12,9.95884755362201,10.259455415513228,9.89096835900141,10.026726748242607,2998844.0,3113681338.88,20170712,10.340000000000002,1.0312438206030001,20180712,20180712,1.016203
000001.SZ,1d,2017-07-13,9.987938637030835,10.569760305207389,9.92975647021318,10.569760305207389,2994534.0,3180144566.46,20170713,10.9,1.0312438206030001,20180712,20180712,1.016203
000001.SZ,1d,2017-07-14,10.482487054980906,10.608548416419158,10.337031637936768,10.569760305207389,1722570.0,1864449201.5,20170714,10.9,1.0312438206030001,20180712,20180712,1.016203
000001.SZ,1d,2017-07-17,10.618245444222103,10.986732500733918,10.395213804754423,10.482487054980906,3273123.0,3608692279.05,20170717,10.81,1.0312438206030001,20180712,20180712,1.016203
000001.SZ,1d,2017-07-18,10.424304888163253,10.802488972478011,10.298243526724997,10.715215722251527,2349431.0,2558433986.13,20170718,11.05,1.0312438206030001,20180712,20180712,1.016203
000001.SZ,1d,2017-07-19,10.657033555433872,10.850974111492723,10.550366249601504,10.7540038334633,1933075.0,2131336294.18,20170719,11.090000000000002,1.0312438206030001,20180712,20180712,1.016203
000001.SZ,1d,2017-07-20,10.744306805660354,10.880065194901551,10.579457333010332,10.637639499827987,1537338.0,1695060974.17,20170720,10.97,1.0312438206030001,20180712,20180712,1.016203
000001.SZ,1d,2017-07-21,10.657319452904588,10.775406095042033,10.519551703744233,10.716362773973309,1501020.0,1625416436.89,20170721,10.889999999999999,1.016203,20180712,20180712,1.016203
000001.SZ,1d,2017-07-24,10.647478899393134,10.883652183668028,10.558913917790049,10.775406095042035,1692664.0,1846886678.93,20170724,10.950000000000001,1.016203,20180712,20180712,1.016203
000001.SZ,1d,2017-07-25,10.804927755576395,11.09030380740856,10.775406095042035,10.824608862599305,1954768.0,2172114597.09,20170725,11.000000000000002,1.016203,20180712,20180712,1.016203
000001.SZ,1d,2017-07-26,10.745884434507673,11.001738825805473,10.49003004320987,10.568754471301501,1697412.0,1846282151.7699997,20170726,10.74,1.016203,20180712,20180712,1.016203
000001.SZ,1d,2017-07-27,10.549073364278593,10.598276131835863,10.362102847560969,10.421146168629694,1194490.0,1273888886.18,20170727,10.59,1.016203,20180712,20180712,1.016203
000001.SZ,1d,2017-07-28,10.4408272756526,10.63763834588168,10.41130561511824,10.568754471301501,819195.0,877769279.49,20170728,10.74,1.016203,20180712,20180712,1.016203
000001.SZ,1d,2017-07-31,10.627797792370226,10.647478899393134,10.28337841946934,10.499870596721326,1575864.0,1671814035.24,20170731,10.670000000000002,1.016203,20180712,20180712,1.016203
000001.SZ,1d,2017-08-01,10.470348936186962,10.903333290690934,10.430986722141146,10.863971076645118,2035709.0,2222887933.96,20170801,11.04,1.016203,20180712,20180712,1.016203
000001.SZ,1d,2017-08-02,10.873811630156574,11.159187681988739,10.785246648553489,10.972217165271113,2062069.0,2307726682.9399996,20170802,11.15,1.016203,20180712,20180712,1.016203
000001.SZ,1d,2017-08-03,10.962376611759659,11.04110103985129,10.795087202064943,10.834449416110758,984219.0,1090954131.84,20170803,11.01,1.016203,20180712,20180712,1.016203
000001.SZ,1d,2017-08-04,10.824608862599304,11.109984914431466,10.755724988019125,10.99189827229402,1353951.0,1511389828.31,20170804,11.17,1.016203,20180712,20180712,1.016203
000001.SZ,1d,2017-08-07,10.883652183668028,10.99189827229402,10.726203327484765,10.824608862599304,860644.0,946975699.5600001,20170807,11.0,1.016203,20180712,20180712,1.016203
000001.SZ,1d,2017-08-08,10.824608862599304,10.932854951225297,10.736043880996219,10.873811630156574,689567.0,758872028.53,20170808,11.05,1.016203,20180712,20180712,1.016203
000001.SZ,1d,2017-08-09,10.785246648553487,10.844289969622212,10.509711150232778,10.558913917790049,1042321.0,1126512107.8200002,20170809,10.73,1.016203,20180712,20180712,1.016203
000001.SZ,1d,2017-08-10,10.529392257255687,10.647478899393134,10.371943401072425,10.450667829164056,959879.0,1026676005.5000001,20170810,10.620000000000001,1.016203,20180712,20180712,1.016203
000001.SZ,1d,2017-08-11,10.3129000800037,10.371943401072425,9.830712957942458,9.86023461847682,2440643.0,2501779371.25,20170811,10.02,1.016203,20180712,20180712,1.016203
000001.SZ,1d,2017-08-14,9.968480707102813,10.086567349240262,9.879915725499728,10.057045688705898,1157664.0,1175479138.54,20170814,10.22,1.016203,20180712,20180712,1.016203
000001.SZ,1d,2017-08-15,10.076726795728806,10.342421740538063,10.047205135194446,10.145610670308985,1075162.0,1116749994.49,20170815,10.31,1.016203,20180712,20180712,1.016203
000001.SZ,1d,2017-08-16,10.125929563286077,10.204653991377707,9.988161814125721,10.175132330843345,756806.0,778517621.68,20170816,10.34,1.016203,20180712,20180712,1.016203
000001.SZ,1d,2017-08-17,10.184972884354801,10.253856758934978,10.125929563286077,10.253856758934978,553642.0,573093949.61,20170817,10.420000000000002,1.016203,20180712,20180712,1.016203
000001.SZ,1d,2017-08-18,10.194813437866253,10.430986722141148,10.125929563286077,10.273537865957886,616520.0,643188717.2099999,20170818,10.440000000000001,1.016203,20180712,20180712,1.016203
000001.SZ,1d,2017-08-21,10.26369731244643,10.352262294049517,10.224335098400616,10.293218972980792,399154.0,417653110.84999996,20170821,10.46,1.016203,20180712,20180712,1.016203
000001.SZ,1d,2017-08-22,10.3129000800037,10.49003004320987,10.204653991377707,10.480189489698416,875681.0,922881865.79,20170822,10.65,1.016203,20180712,20180712,1.016203
000001.SZ,1d,2017-08-23,10.460508382675508,10.804927755576395,10.421146168629694,10.726203327484765,1319151.0,1430051908.04,20170823,10.9,1.016203,20180712,20180712,1.016203
000001.SZ,1d,2017-08-24,10.71636277397331,10.932854951225297,10.66716000641604,10.755724988019125,924248.0,1014933651.98,20170824,10.93,1.016203,20180712,20180712,1.016203
000001.SZ,1d,2017-08-25,10.765565541530579,10.99189827229402,10.726203327484765,10.932854951225298,963940.0,1068994547.06,20170825,11.110000000000001,1.016203,20180712,20180712,1.016203
000001.SZ,1d,2017-08-28,10.923014397713843,11.355998752217815,10.923014397713843,11.16902823550019,1603938.0,1828380086.0000002,20170828,11.35,1.016203,20180712,20180712,1.016203
000001.SZ,1d,2017-08-29,11.11982546794292,11.552809822446893,11.100144360920012,11.483925947866716,1357983.0,1569230034.16,20170829,11.67,1.016203,20180712,20180712,1.016203
000001.SZ,1d,2017-08-30,11.49376650137817,11.513447608401076,11.16902823550019,11.247752663591822,1096674.0,1264128140.6799998,20170830,11.43,1.016203,20180712,20180712,1.016203
000001.SZ,1d,2017-08-31,11.208390449546007,11.257593217103276,10.972217165271113,11.100144360920014,1151786.0,1297730595.7200003,20170831,11.280000000000001,1.016203,20180712,20180712,1.016203
000001.SZ,1d,2017-09-01,11.100144360920014,11.208390449546007,10.972217165271113,11.031260486339836,959976.0,1080996319.27,20170901,11.21,1.016203,20180712,20180712,1.016203
000001.SZ,1d,2017-09-04,11.001738825805473,11.533128715423986,10.99189827229402,11.533128715423986,1352325.0,1551875033.9,20170904,11.72,1.016203,20180712,20180712,1.016203
000001.SZ,1d,2017-09-05,11.49376650137817,11.74962089267597,11.415042073286537,11.454404287332352,1287518.0,1513759541.19,20170905,11.639999999999999,1.016203,20180712,20180712,1.016203
000001.SZ,1d,2017-09-06,11.405201519775083,11.690577571607248,11.296955431149092,11.513447608401078,791621.0,925519043.82,20170906,11.700000000000001,1.016203,20180712,20180712,1.016203
000001.SZ,1d,2017-09-07,11.464244840843808,11.562650375958347,11.208390449546007,11.257593217103278,614187.0,711036421.43,20170907,11.440000000000001,1.016203,20180712,20180712,1.016203
000001.SZ,1d,2017-09-08,11.277274324126184,11.454404287332354,11.198549896034553,11.306795984660546,481276.0,553644520.36,20170908,11.49,1.016203,20180712,20180712,1.016203
000001.SZ,1d,2017-09-11,11.355998752217815,11.503607054889624,11.119825467942922,11.198549896034553,699472.0,801825014.63,20170911,11.38,1.016203,20180712,20180712,1.016203
000001.SZ,1d,2017-09-12,11.198549896034551,11.355998752217815,11.090303807408558,11.355998752217815,846183.0,962032172.14,20170912,11.54,1.016203,20180712,20180712,1.016203
000001.SZ,1d,2017-09-13,11.306795984660546,11.355998752217815,11.159187681988737,11.247752663591822,668237.0,765028184.64,20170913,11.43,1.016203,20180712,20180712,1.016203
000001.SZ,1d,2017-09-14,11.247752663591822,11.405201519775083,11.060782146874198,11.139506574965829,883087.0,1005775578.2400001,20170914,11.32,1.016203,20180712,20180712,1.016203
000001.SZ,1d,2017-09-15,11.109984914431468,11.139506574965829,10.972217165271113,11.109984914431468,646094.0,726061100.4500002,20170915,11.290000000000001,1.016203,20180712,20180712,1.016203
000001.SZ,1d,2017-09-18,11.070622700385654,11.139506574965829,11.021419932828383,11.070622700385654,607612.0,684223023.19,20170918,11.250000000000002,1.016203,20180712,20180712,1.016203
000001.SZ,1d,2017-09-19,11.070622700385652,11.159187681988737,10.903333290690934,10.952536058248205,764212.0,853815999.65,20170919,11.13,1.016203,20180712,20180712,1.016203
000001.SZ,1d,2017-09-20,10.962376611759659,11.188709342523099,10.873811630156574,11.109984914431468,787154.0,884640964.2099999,20170920,11.290000000000001,1.016203,20180712,20180712,1.016203
000001.SZ,1d,2017-09-21,11.080463253897106,11.326477091683454,11.021419932828383,11.277274324126184,692407.0,788605300.87,20170921,11.46,1.016203,20180712,20180712,1.016203
000001.SZ,1d,2017-09-22,11.247752663591822,11.336317645194908,11.129666021454375,11.257593217103278,593927.0,677622489.51,20170922,11.440000000000001,1.016203,20180712,20180712,1.016203
000001.SZ,1d,2017-09-25,11.257593217103276,11.267433770614728,11.001738825805473,11.109984914431466,532391.0,602270302.75,20170925,11.29,1.016203,20180712,20180712,1.016203
000001.SZ,1d,2017-09-26,11.080463253897106,11.119825467942922,10.785246648553489,10.873811630156574,967460.0,1074228193.8000002,20170926,11.05,1.016203,20180712,20180712,1.016203
000001.SZ,1d,2017-09-27,10.834449416110758,10.903333290690934,10.726203327484765,10.755724988019125,727188.0,798377280.0500001,20170927,10.93,1.016203,20180712,20180712,1.016203
000001.SZ,1d,2017-09-28,10.804927755576395,10.804927755576395,10.647478899393134,10.706522220461856,517220.0,563485127.39,20170928,10.88,1.016203,20180712,20180712,1.016203
000001.SZ,1d,2017-09-29,10.745884434507673,10.982057718782567,10.686841113438948,10.932854951225297,682280.0,753852534.72,20170929,11.11,1.016203,20180712,20180712,1.016203
000001.SZ,1d,2017-10-09,11.385520412752177,11.454404287332354,11.080463253897104,11.11982546794292,1325227.0,1520609511.5700002,20171009,11.299999999999999,1.016203,20180712,20180712,1.016203
000001.SZ,1d,2017-10-10,11.149347128477283,11.316636538171998,11.149347128477283,11.287114877637638,747925.0,853665849.11,20171010,11.47,1.016203,20180712,20180712,1.016203
000001.SZ,1d,2017-10-11,11.296955431149092,11.395360966263631,11.159187681988737,11.34615819870636,658077.0,756203405.4,20171011,11.53,1.016203,20180712,20180712,1.016203
000001.SZ,1d,2017-10-12,11.355998752217815,11.395360966263631,11.287114877637638,11.365839305729269,578065.0,667148377.69,20171012,11.55,1.016203,20180712,20180712,1.016203
000001.SZ,1d,2017-10-13,11.375679859240723,11.375679859240723,11.070622700385652,11.178868789011643,737375.0,839662734.96,20171013,11.36,1.016203,20180712,20180712,1.016203
000001.SZ,1d,2017-10-16,11.178868789011645,11.41504207328654,11.109984914431468,11.405201519775085,1036250.0,1190724204.76,20171016,11.590000000000002,1.016203,20180712,20180712,1.016203
000001.SZ,1d,2017-10-17,11.434723180309447,11.464244840843808,11.296955431149092,11.326477091683453,506372.0,585333998.33,20171017,11.51,1.016203,20180712,20180712,1.016203
000001.SZ,1d,2017-10-18,11.34615819870636,11.513447608401076,11.326477091683453,11.503607054889622,871365.0,1011050927.6999999,20171018,11.69,1.016203,20180712,20180712,1.016203
000001.SZ,1d,2017-10-19,11.454404287332354,11.533128715423986,11.385520412752177,11.444563733820901,722764.0,841546799.4000001,20171019,11.63,1.016203,20180712,20180712,1.016203
000001.SZ,1d,2017-10-20,11.405201519775083,11.405201519775083,11.228071556568914,11.296955431149092,461808.0,529747048.15999997,20171020,11.48,1.016203,20180712,20180712,1.016203
000001.SZ,1d,2017-10-23,11.208390449546007,11.21823100305746,10.972217165271113,11.011579379316927,1074465.0,1206888281.81,20171023,11.19,1.016203,20180712,20180712,1.016203
000001.SZ,1d,2017-10-24,11.021419932828382,11.237912110080368,11.001738825805473,11.208390449546007,618871.0,700896871.75,20171024,11.39,1.016203,20180712,20180712,1.016203
000001.SZ,1d,2017-10-25,11.178868789011643,11.188709342523097,11.070622700385652,11.090303807408558,418573.0,472708177.86,20171025,11.27,1.016203,20180712,20180712,1.016203
000001.SZ,1d,2017-10-26,11.070622700385654,11.139506574965829,10.94269550473675,11.001738825805475,928996.0,1041707022.8800001,20171026,11.180000000000001,1.016203,20180712,20180712,1.016203
000001.SZ,1d,2017-10-27,11.011579379316927,11.375679859240723,11.001738825805473,11.375679859240723,1360086.0,1548543731.64,20171027,11.56,1.016203,20180712,20180712,1.016203
000001.SZ,1d,2017-10-30,11.365839305729269,11.542969268935439,11.26743377061473,11.375679859240723,1278246.0,1484495472.5400002,20171030,11.56,1.016203,20180712,20180712,1.016203
000001.SZ,1d,2017-10-31,11.365839305729269,11.395360966263631,11.208390449546007,11.355998752217815,627491.0,721237474.23,20171031,11.540000000000001,1.016203,20180712,20180712,1.016203
000001.SZ,1d,2017-11-01,11.375679859240723,11.405201519775083,11.139506574965829,11.21823100305746,692617.0,792881042.8199999,20171101,11.4,1.016203,20180712,20180712,1.016203
000001.SZ,1d,2017-11-02,11.178868789011643,11.395360966263631,11.080463253897104,11.355998752217815,604308.0,689229873.86,20171102,11.54,1.016203,20180712,20180712,1.016203
000001.SZ,1d,2017-11-03,11.306795984660546,11.49376650137817,11.16902823550019,11.208390449546005,743343.0,852032107.89,20171103,11.389999999999999,1.016203,20180712,20180712,1.016203
000001.SZ,1d,2017-11-06,11.237912110080368,11.237912110080368,10.913173844202388,11.100144360920012,1029902.0,1157303985.6000001,20171106,11.28,1.016203,20180712,20180712,1.016203
000001.SZ,1d,2017-11-07,11.090303807408558,11.89722919534778,11.070622700385652,11.729939785653063,2477163.0,2914269160.44,20171107,11.92,1.016203,20180712,20180712,1.016203
000001.SZ,1d,2017-11-08,11.808664213744695,12.389256870920475,11.739780339164517,11.936591409393595,4262825.0,5199224276.82,20171108,12.129999999999999,1.016203,20180712,20180712,1.016203
000001.SZ,1d,2017-11-09,12.005475283973775,12.369575763897569,11.956272516416504,12.133402479622674,2295289.0,2839861735.04,20171109,12.33,1.016203,20180712,20180712,1.016203
000001.SZ,1d,2017-11-10,12.17276469366849,12.34989465687466,11.956272516416504,12.103880819088312,1757552.0,2167126597.89,20171110,12.3,1.016203,20180712,20180712,1.016203
000001.SZ,1d,2017-11-13,12.15308358664558,12.891125100004624,12.15308358664558,12.694314029775548,2566906.0,3307955288.7400002,20171113,12.9,1.016203,20180712,20180712,1.016203
000001.SZ,1d,2017-11-14,12.743516797332818,13.048573956187887,12.605749048172463,12.743516797332818,1780302.0,2318092534.3199997,20171114,12.950000000000001,1.016203,20180712,20180712,1.016203
000001.SZ,1d,2017-11-15,12.694314029775548,12.920646760538986,12.566386834126645,12.694314029775548,1263052.0,1627912725.03,20171115,12.9,1.016203,20180712,20180712,1.016203
000001.SZ,1d,2017-11-16,12.694314029775548,12.910806207027532,12.467981299012107,12.891125100004624,1200814.0,1550701791.1,20171116,13.1,1.016203,20180712,20180712,1.016203
000001.SZ,1d,2017-11-17,12.960008974584804,13.245385026416967,12.822241225424449,12.969849528096258,2064149.0,2731215933.7500005,20171117,13.180000000000001,1.016203,20180712,20180712,1.016203
000001.SZ,1d,2017-11-20,12.920646760538988,14.022788753821825,12.841922332447355,14.022788753821825,2843925.0,3860145472.82,20171120,14.25,1.016203,20180712,20180712,1.016203
000001.SZ,1d,2017-11-21,13.845658790615655,14.554178643440336,13.78661546954693,14.219599824050903,2495327.0,3609849024.92,20171121,14.45,1.016203,20180712,20180712,1.016203
000001.SZ,1d,2017-11-22,14.249121484585265,14.997003551455762,14.249121484585265,14.859235802295407,2570231.0,3839501153.96,20171122,15.1,1.016203,20180712,20180712,1.016203
000001.SZ,1d,2017-11-23,14.908438569852677,14.997003551455762,13.845658790615655,14.121194288936364,2429142.0,3562843399.78,20171123,14.35,1.016203,20180712,20180712,1.016203
000001.SZ,1d,2017-11-24,14.062150967867641,14.35736757321126,13.560282738783492,14.327845912676898,2630189.0,3732597275.58,20171124,14.56,1.016203,20180712,20180712,1.016203
000001.SZ,1d,2017-11-27,14.071991521379095,14.071991521379095,13.53076107824913,13.7078910414553,2064085.0,2878491901.4700003,20171127,13.93,1.016203,20180712,20180712,1.016203
000001.SZ,1d,2017-11-28,13.629166613363669,13.629166613363669,13.186341705348243,13.481558310691861,1766432.0,2396540133.1,20171128,13.700000000000001,1.016203,20180712,20180712,1.016203
000001.SZ,1d,2017-11-29,13.511079971226222,13.707891041455301,13.255225579928421,13.599644952829307,1564094.0,2148312654.9900002,20171129,13.82,1.016203,20180712,20180712,1.016203
000001.SZ,1d,2017-11-30,13.48155831069186,13.511079971226222,13.048573956187887,13.166660598325334,1379635.0,1866700884.5900002,20171130,13.379999999999999,1.016203,20180712,20180712,1.016203
000001.SZ,1d,2017-12-01,13.186341705348243,13.265066133439873,12.75335735084427,12.792719564890087,1784933.0,2354299656.82,20171201,13.0,1.016203,20180712,20180712,1.016203
000001.SZ,1d,2017-12-04,12.841922332447355,13.15682004481388,12.792719564890087,13.087936170233704,1454023.0,1923315712.98,20171204,13.3,1.016203,20180712,20180712,1.016203
000001.SZ,1d,2017-12-05,12.940327867561894,13.274906686951327,12.891125100004624,13.087936170233702,1723681.0,2301867653.6200004,20171205,13.299999999999999,1.016203,20180712,20180712,1.016203
000001.SZ,1d,2017-12-06,13.048573956187889,13.058414509699343,12.586067941149555,12.871443992981717,1619844.0,2104168537.1000001,20171206,13.08,1.016203,20180712,20180712,1.016203
000001.SZ,1d,2017-12-07,12.841922332447355,12.930487314050442,12.546705727103738,12.62543015519537,1181957.0,1526953344.35,20171207,12.83,1.016203,20180712,20180712,1.016203
000001.SZ,1d,2017-12-08,12.684473476264094,12.881284546493172,12.546705727103738,12.881284546493172,1351315.0,1751423112.52,20171208,13.09,1.016203,20180712,20180712,1.016203
000001.SZ,1d,2017-12-11,12.871443992981717,13.353631115042958,12.67463292275264,13.284747240462782,2261952.0,2980735572.46,20171211,13.5,1.016203,20180712,20180712,1.016203
000001.SZ,1d,2017-12-12,13.186341705348243,13.265066133439873,12.812400671912993,12.812400671912993,1743405.0,2302354901.4999995,20171212,13.02,1.016203,20180712,20180712,1.016203
000001.SZ,1d,2017-12-13,12.792719564890087,12.989530635119165,12.67463292275264,12.920646760538988,1289248.0,1679022035.87,20171213,13.13,1.016203,20180712,20180712,1.016203
000001.SZ,1d,2017-12-14,12.940327867561894,13.097776723745158,12.704154583287,12.792719564890087,1001997.0,1311131917.6599998,20171214,13.0,1.016203,20180712,20180712,1.016203
000001.SZ,1d,2017-12-15,12.694314029775548,12.723835690309908,12.467981299012107,12.517184066569376,1099952.0,1405372004.0400002,20171215,12.72,1.016203,20180712,20180712,1.016203
000001.SZ,1d,2017-12-18,12.52702462008083,12.704154583287,12.438459638477745,12.546705727103738,805464.0,1029422753.2800001,20171218,12.75,1.016203,20180712,20180712,1.016203
000001.SZ,1d,2017-12-19,12.586067941149555,13.107617277256612,12.536865173592284,13.068255063210797,2397942.0,3138687565.9,20171219,13.280000000000001,1.016203,20180712,20180712,1.016203
000001.SZ,1d,2017-12-20,12.989530635119165,13.097776723745158,12.920646760538988,13.048573956187889,1106245.0,1463802116.67,20171220,13.260000000000002,1.016203,20180712,20180712,1.016203
000001.SZ,1d,2017-12-21,12.969849528096256,13.461877203668951,12.950168421073348,13.324109454508598,1485203.0,2005617683.8600001,20171221,13.540000000000001,1.016203,20180712,20180712,1.016203
000001.SZ,1d,2017-12-22,13.284747240462783,13.412674436111683,13.235544472905513,13.304428347485691,742900.0,1004525768.54,20171222,13.520000000000001,1.016203,20180712,20180712,1.016203
000001.SZ,1d,2017-12-25,13.30442834748569,13.639007166875121,12.950168421073348,13.038733402676433,1585567.0,2145040658.23,20171225,13.25,1.016203,20180712,20180712,1.016203
000001.SZ,1d,2017-12-26,13.048573956187887,13.471717757180405,12.97969008160771,13.442196096646045,1123688.0,1510826264.4400003,20171226,13.66,1.016203,20180712,20180712,1.016203
000001.SZ,1d,2017-12-27,13.363471668554412,13.56028273878349,12.97969008160771,13.078095616722248,1366566.0,1848165006.46,20171227,13.29,1.016203,20180712,20180712,1.016203
000001.SZ,1d,2017-12-28,13.068255063210795,13.245385026416965,12.812400671912993,12.999371188630617,1553030.0,2052944539.1400003,20171228,13.209999999999999,1.016203,20180712,20180712,1.016203
000001.SZ,1d,2017-12-29,12.999371188630617,13.215863365882603,12.891125100004624,13.087936170233702,982915.0,1303222040.36,20171229,13.299999999999999,1.016203,20180712,20180712,1.016203
000001.SZ,1d,2018-01-02,13.137138937790972,13.7078910414553,13.107617277256612,13.481558310691861,2081592.0,2856543822.1800003,20180102,13.700000000000001,1.016203,20180712,20180712,1.016203
000001.SZ,1d,2018-01-03,13.511079971226222,13.639007166875123,12.989530635119165,13.117457830768068,2962498.0,4006220766.94,20180103,13.330000000000002,1.016203,20180712,20180712,1.016203
000001.SZ,1d,2018-01-04,13.107617277256612,13.156820044813882,12.920646760538988,13.038733402676433,1854509.0,2454543516.41,20180104,13.25,1.016203,20180712,20180712,1.016203
000001.SZ,1d,2018-01-05,12.999371188630619,13.137138937790972,12.940327867561894,13.087936170233704,1210312.0,1603289517.9300003,20180105,13.3,1.016203,20180712,20180712,1.016203
000001.SZ,1d,2018-01-08,13.038733402676433,13.078095616722248,12.654951815729731,12.753357350844269,2158620.0,2806099169.66,20180108,12.959999999999999,1.016203,20180712,20180712,1.016203
000001.SZ,1d,2018-01-09,12.753357350844269,12.989530635119163,12.713995136798454,12.871443992981717,1344345.0,1754315792.47,20180109,13.08,1.016203,20180712,20180712,1.016203
000001.SZ,1d,2018-01-10,12.832081778935901,13.274906686951327,12.713995136798454,13.255225579928421,2403277.0,3196055830.9100003,20180110,13.47,1.016203,20180712,20180712,1.016203
000001.SZ,1d,2018-01-11,13.196182258859697,13.373312222065866,13.058414509699341,13.186341705348243,1443877.0,1937494294.07,20180111,13.4,1.016203,20180712,20180712,1.016203
000001.SZ,1d,2018-01-12,13.235544472905511,13.461877203668951,13.196182258859697,13.333950008020052,1353991.0,1833435672.07,20180112,13.55,1.016203,20180712,20180712,1.016203
000001.SZ,1d,2018-01-15,13.294587793974236,14.101513181913456,13.284747240462782,13.973585986264554,3122394.0,4376707088.52,20180115,14.2,1.016203,20180712,20180712,1.016203
000001.SZ,1d,2018-01-16,13.944064325730194,14.150715949470724,13.796456023058385,13.973585986264554,2444549.0,3479177087.3,20180116,14.2,1.016203,20180712,20180712,1.016203
000001.SZ,1d,2018-01-17,14.101513181913457,14.56401919695179,13.973585986264556,14.003107646798917,2656294.0,3849312882.21,20180117,14.23,1.016203,20180712,20180712,1.016203
000001.SZ,1d,2018-01-18,14.170397056493634,14.48529476886016,14.052310414356187,14.48529476886016,2148026.0,3120455742.3500004,20180118,14.72,1.016203,20180712,20180712,1.016203
000001.SZ,1d,2018-01-19,14.564019196951788,14.888757462829767,14.445932554814343,14.564019196951788,2571146.0,3832857440.2999997,20180119,14.799999999999999,1.016203,20180712,20180712,1.016203
000001.SZ,1d,2018-01-22,14.367208126722712,14.701786946112144,14.199918717027995,14.209759270539449,2073867.0,3032799070.35,20180122,14.44,1.016203,20180712,20180712,1.016203
000001.SZ,1d,2018-01-23,14.131034842447818,14.662424732066329,14.101513181913456,14.416410894279982,2388791.0,3492462005.57,20180123,14.65,1.016203,20180712,20180712,1.016203
000001.SZ,1d,2018-01-24,14.426251447791435,14.839554695272499,14.268802591608173,14.406570340768528,2591292.0,3838734922.63,20180124,14.64,1.016203,20180712,20180712,1.016203
000001.SZ,1d,2018-01-25,14.219599824050903,14.23928093107381,13.776774916035476,13.973585986264554,2369984.0,3360822344.56,20180125,14.2,1.016203,20180712,20180712,1.016203
000001.SZ,1d,2018-01-26,13.953904879241648,14.11135373542491,13.796456023058385,13.825977683592745,2032988.0,2885104627.01,20180126,14.049999999999999,1.016203,20180712,20180712,1.016203
000001.SZ,1d,2018-01-29,13.825977683592745,14.022788753821825,13.38315277557732,13.520920524737676,2090546.0,2911452095.24,20180129,13.74,1.016203,20180712,20180712,1.016203
000001.SZ,1d,2018-01-30,13.481558310691861,13.619326059852215,13.333950008020052,13.432355543134591,1094739.0,1497708872.6299999,20180130,13.65,1.016203,20180712,20180712,1.016203
000001.SZ,1d,2018-01-31,13.383152775577322,13.825977683592747,13.314268900997144,13.825977683592747,1747729.0,2423104767.05,20180131,14.05,1.016203,20180712,20180712,1.016203
000001.SZ,1d,2018-02-01,13.727572148478206,14.071991521379095,13.619326059852215,13.806296576569839,2005614.0,2821583609.2299995,20180201,14.03,1.016203,20180712,20180712,1.016203
000001.SZ,1d,2018-02-02,13.688209934432392,13.875180451150017,13.412674436111683,13.825977683592747,1176512.0,1637619618.3200002,20180202,14.05,1.016203,20180712,20180712,1.016203
000001.SZ,1d,2018-02-05,13.5799638458064,14.33768646618835,13.511079971226222,14.318005359165443,2331997.0,3326355314.78,20180205,14.55,1.016203,20180712,20180712,1.016203
000001.SZ,1d,2018-02-06,14.003107646798917,14.101513181913456,13.7078910414553,13.776774916035476,2582872.0,3641294710.26,20180206,14.0,1.016203,20180712,20180712,1.016203
000001.SZ,1d,2018-02-07,13.993267093287463,14.071991521379095,12.556546280615192,12.713995136798454,3345716.0,4521586590.190001,20180207,12.92,1.016203,20180712,20180712,1.016203
000001.SZ,1d,2018-02-08,12.625430155195371,12.713995136798456,12.330213549851754,12.340054103363206,2137815.0,2711464886.05,20180208,12.540000000000001,1.016203,20180712,20180712,1.016203
000001.SZ,1d,2018-02-09,11.887388641836326,11.887388641836326,11.198549896034553,11.503607054889624,2824949.0,3308553501.5200005,20180209,11.690000000000001,1.016203,20180712,20180712,1.016203
000001.SZ,1d,2018-02-12,11.592172036492709,11.651215357561432,11.375679859240723,11.533128715423986,1228782.0,1439644312.04,20180212,11.72,1.016203,20180712,20180712,1.016203
000001.SZ,1d,2018-02-13,11.680737018095794,12.015315837485225,11.651215357561432,11.74962089267597,1298178.0,1562420005.24,20180213,11.94,1.016203,20180712,20180712,1.016203
000001.SZ,1d,2018-02-14,11.769301999698879,11.838185874279056,11.5724909294698,11.808664213744695,864190.0,1030474410.4399999,20180214,12.0,1.016203,20180712,20180712,1.016203
000001.SZ,1d,2018-02-22,12.054678051531042,12.330213549851752,12.054678051531042,12.261329675271575,1268406.0,1573562575.57,20180222,12.46,1.016203,20180712,20180712,1.016203
000001.SZ,1d,2018-02-23,12.379416317409023,12.586067941149555,12.251489121760121,12.408937977943385,1013663.0,1278185721.74,20180223,12.610000000000001,1.016203,20180712,20180712,1.016203
000001.SZ,1d,2018-02-26,12.566386834126646,12.645111262218279,12.251489121760121,12.428619084966291,1045758.0,1318960463.96,20180226,12.63,1.016203,20180712,20180712,1.016203
000001.SZ,1d,2018-02-27,12.438459638477743,12.497502959546468,11.995634730462319,12.084199712065404,1285869.0,1590018492.14,20180227,12.28,1.016203,20180712,20180712,1.016203
000001.SZ,1d,2018-02-28,11.907069748859234,11.995634730462319,11.739780339164517,11.857866981301964,1214145.0,1463313702.75,20180228,12.049999999999999,1.016203,20180712,20180712,1.016203
000001.SZ,1d,2018-03-01,11.729939785653063,11.956272516416504,11.710258678630156,11.848026427790511,886957.0,1069354491.03,20180301,12.040000000000001,1.016203,20180712,20180712,1.016203
000001.SZ,1d,2018-03-02,11.729939785653063,11.84802642779051,11.661055911072886,11.759461446187425,663124.0,791736473.27,20180302,11.95,1.016203,20180712,20180712,1.016203
000001.SZ,1d,2018-03-05,11.739780339164518,11.887388641836326,11.611853143515617,11.670896464584342,754183.0,897244265.05,20180305,11.860000000000001,1.016203,20180712,20180712,1.016203
000001.SZ,1d,2018-03-06,11.759461446187425,11.916910302370686,11.582331482981255,11.907069748859234,1150162.0,1373438382.66,20180306,12.1,1.016203,20180712,20180712,1.016203
000001.SZ,1d,2018-03-07,11.956272516416504,12.14324303313413,11.848026427790511,11.857866981301965,1427570.0,1744085270.0400002,20180307,12.05,1.016203,20180712,20180712,1.016203
000001.SZ,1d,2018-03-08,11.857866981301965,11.956272516416504,11.759461446187427,11.916910302370688,689755.0,832153697.14,20180308,12.110000000000001,1.016203,20180712,20180712,1.016203
000001.SZ,1d,2018-03-09,11.956272516416504,12.005475283973775,11.788983106721787,11.89722919534778,943876.0,1139043574.6299999,20180309,12.09,1.016203,20180712,20180712,1.016203
000001.SZ,1d,2018-03-12,11.956272516416504,11.975953623439413,11.759461446187427,11.838185874279057,1268701.0,1526643478.9199998,20180312,12.030000000000001,1.016203,20180712,20180712,1.016203
000001.SZ,1d,2018-03-13,11.84802642779051,12.025156390996681,11.808664213744695,11.828345320767601,1082267.0,1309543466.56,20180313,12.02,1.016203,20180712,20180712,1.016203
000001.SZ,1d,2018-03-14,11.788983106721787,11.808664213744695,11.641374804049978,11.729939785653063,635594.0,757090756.4300001,20180314,11.92,1.016203,20180712,20180712,1.016203
000001.SZ,1d,2018-03-15,11.602012590004163,11.661055911072886,11.474085394355262,11.523288161912532,1155694.0,1356878634.17,20180315,11.71,1.016203,20180712,20180712,1.016203
000001.SZ,1d,2018-03-16,11.533128715423986,11.661055911072888,11.454404287332354,11.454404287332354,962983.0,1130784170.87,20180316,11.64,1.016203,20180712,20180712,1.016203
000001.SZ,1d,2018-03-19,11.474085394355262,11.651215357561432,11.424882626797991,11.641374804049978,808538.0,947664744.37,20180319,11.83,1.016203,20180712,20180712,1.016203
000001.SZ,1d,2018-03-20,11.552809822446893,11.690577571607248,11.533128715423986,11.631534250538525,776150.0,916858475.86,20180320,11.82,1.016203,20180712,20180712,1.016203
000001.SZ,1d,2018-03-21,11.759461446187425,11.92675085588214,11.661055911072886,11.710258678630156,1445109.0,1736437401.21,20180321,11.9,1.016203,20180712,20180712,1.016203
000001.SZ,1d,2018-03-22,11.710258678630156,11.779142553210333,11.434723180309447,11.474085394355262,984278.0,1155741055.8700001,20180322,11.66,1.016203,20180712,20180712,1.016203
000001.SZ,1d,2018-03-23,11.070622700385652,11.16902823550019,10.745884434507673,11.159187681988737,1825690.0,2037734400.0900002,20180323,11.34,1.016203,20180712,20180712,1.016203
000001.SZ,1d,2018-03-26,10.972217165271111,11.021419932828382,10.686841113438948,10.755724988019125,1383598.0,1519435011.09,20180326,10.93,1.016203,20180712,20180712,1.016203
000001.SZ,1d,2018-03-27,10.923014397713843,10.99189827229402,10.686841113438948,10.765565541530579,1103933.0,1213989931.1799998,20180327,10.94,1.016203,20180712,20180712,1.016203
000001.SZ,1d,2018-03-28,10.677000559927496,10.962376611759659,10.617957238858772,10.71636277397331,1099023.0,1201023442.2099998,20180328,10.89,1.016203,20180712,20180712,1.016203
000001.SZ,1d,2018-03-29,10.745884434507673,10.99189827229402,10.381783954583877,10.873811630156574,1330602.0,1445281829.8600001,20180329,11.05,1.016203,20180712,20180712,1.016203
000001.SZ,1d,2018-03-30,10.86397107664512,10.873811630156574,10.706522220461856,10.726203327484765,752173.0,823438180.73,20180330,10.9,1.016203,20180712,20180712,1.016203
000001.SZ,1d,2018-04-02,10.696681666950404,10.81476830908785,10.529392257255687,10.53923281076714,1109316.0,1200911980.3799999,20180402,10.71,1.016203,20180712,20180712,1.016203
000001.SZ,1d,2018-04-03,10.430986722141146,10.499870596721324,10.342421740538061,10.391624508095331,890745.0,942237800.69,20180403,10.56,1.016203,20180712,20180712,1.016203
000001.SZ,1d,2018-04-04,10.509711150232778,10.834449416110758,10.430986722141146,10.696681666950402,1602488.0,1737258898.2800002,20180404,10.87,1.016203,20180712,20180712,1.016203
000001.SZ,1d,2018-04-09,10.627797792370226,10.923014397713843,10.558913917790049,10.844289969622212,1074795.0,1180084371.5900002,20180409,11.02,1.016203,20180712,20180712,1.016203
000001.SZ,1d,2018-04-10,10.844289969622213,11.277274324126184,10.795087202064943,11.237912110080368,1390950.0,1562265089.74,20180410,11.42,1.016203,20180712,20180712,1.016203
000001.SZ,1d,2018-04-11,11.208390449546007,11.729939785653064,11.198549896034553,11.641374804049978,2095970.0,2458982163.44,20180411,11.83,1.016203,20180712,20180712,1.016203
000001.SZ,1d,2018-04-12,11.611853143515617,11.641374804049978,11.237912110080368,11.336317645194907,1173128.0,1364675848.46,20180412,11.52,1.016203,20180712,20180712,1.016203
000001.SZ,1d,2018-04-13,11.454404287332354,11.602012590004163,11.26743377061473,11.385520412752177,1300255.0,1516155527.17,20180413,11.57,1.016203,20180712,20180712,1.016203
000001.SZ,1d,2018-04-16,11.287114877637636,11.287114877637636,10.854130523133664,10.923014397713843,1427072.0,1593706086.4,20180416,11.1,1.016203,20180712,20180712,1.016203
000001.SZ,1d,2018-04-17,10.942695504736749,11.267433770614728,10.932854951225297,11.031260486339834,1301891.0,1468159349.6599998,20180417,11.209999999999999,1.016203,20180712,20180712,1.016203
000001.SZ,1d,2018-04-18,11.267433770614728,11.424882626797991,11.100144360920012,11.316636538171998,1475845.0,1692722923.5,20180418,11.5,1.016203,20180712,20180712,1.016203
000001.SZ,1d,2018-04-19,11.336317645194907,11.503607054889622,11.237912110080368,11.287114877637638,849131.0,979593564.5999999,20180419,11.47,1.016203,20180712,20180712,1.016203
000001.SZ,1d,2018-04-20,11.326477091683454,11.395360966263633,11.021419932828383,11.169028235500193,958690.0,1090801311.42,20180420,11.350000000000001,1.016203,20180712,20180712,1.016203
000001.SZ,1d,2018-04-23,11.11982546794292,11.424882626797991,11.080463253897104,11.385520412752177,1070289.0,1228544006.32,20180423,11.57,1.016203,20180712,20180712,1.016203
000001.SZ,1d,2018-04-24,11.444563733820901,11.74962089267597,11.395360966263631,11.67089646458434,1461098.0,1725152198.09,20180424,11.86,1.016203,20180712,20180712,1.016203
000001.SZ,1d,2018-04-25,11.572490929469803,11.621693697027071,11.444563733820901,11.493766501378172,730286.0,854713248.8800001,20180425,11.680000000000001,1.016203,20180712,20180712,1.016203
000001.SZ,1d,2018-04-26,11.474085394355262,11.503607054889624,11.129666021454375,11.237912110080368,874235.0,1002483154.12,20180426,11.42,1.016203,20180712,20180712,1.016203
000001.SZ,1d,2018-04-27,11.306795984660546,11.326477091683454,10.46050838267551,10.677000559927496,2709795.0,2958464277.86,20180427,10.850000000000001,1.016203,20180712,20180712,1.016203
000001.SZ,1d,2018-05-02,10.795087202064943,10.854130523133666,10.627797792370226,10.706522220461856,1190523.0,1295804420.86,20180502,10.88,1.016203,20180712,20180712,1.016203
000001.SZ,1d,2018-05-03,10.686841113438948,10.706522220461856,10.401465061606785,10.578595024812955,1281355.0,1372765845.8300002,20180503,10.75,1.016203,20180712,20180712,1.016203
000001.SZ,1d,2018-05-04,10.558913917790049,10.657319452904588,10.49003004320987,10.509711150232778,710509.0,761302468.67,20180504,10.68,1.016203,20180712,20180712,1.016203
000001.SZ,1d,2018-05-07,10.529392257255687,10.657319452904588,10.470348936186964,10.63763834588168,974309.0,1046743101.9200001,20180507,10.81,1.016203,20180712,20180712,1.016203
000001.SZ,1d,2018-05-08,10.657319452904588,10.972217165271113,10.627797792370226,10.83444941611076,1373305.0,1511546681.16,20180508,11.010000000000002,1.016203,20180712,20180712,1.016203
000001.SZ,1d,2018-05-09,10.804927755576395,10.854130523133666,10.706522220461856,10.795087202064943,627656.0,687036874.44,20180509,10.97,1.016203,20180712,20180712,1.016203
000001.SZ,1d,2018-05-10,10.854130523133664,10.913173844202388,10.736043880996219,10.834449416110758,552735.0,607349997.23,20180510,11.01,1.016203,20180712,20180712,1.016203
000001.SZ,1d,2018-05-11,10.86397107664512,10.952536058248205,10.785246648553489,10.83444941611076,772369.0,853271166.64,20180511,11.010000000000002,1.016203,20180712,20180712,1.016203
000001.SZ,1d,2018-05-14,10.913173844202388,11.050941593362742,10.854130523133664,11.001738825805473,1039297.0,1158064201.07,20180514,11.18,1.016203,20180712,20180712,1.016203
000001.SZ,1d,2018-05-15,11.001738825805473,11.011579379316927,10.844289969622212,10.942695504736749,669261.0,742590447.6500001,20180515,11.12,1.016203,20180712,20180712,1.016203
000001.SZ,1d,2018-05-16,10.89349273717948,10.89349273717948,10.71636277397331,10.726203327484765,714362.0,782694669.6899999,20180516,10.9,1.016203,20180712,20180712,1.016203
000001.SZ,1d,2018-05-17,10.736043880996219,10.765565541530579,10.608116685347317,10.647478899393132,586494.0,635675440.98,20180517,10.819999999999999,1.016203,20180712,20180712,1.016203
000001.SZ,1d,2018-05-18,10.63763834588168,10.795087202064943,10.58843557832441,10.785246648553487,578384.0,628250184.9200001,20180518,10.959999999999999,1.016203,20180712,20180712,1.016203
000001.SZ,1d,2018-05-21,10.89349273717948,10.932854951225297,10.755724988019125,10.775406095042033,763533.0,838750577.6500001,20180521,10.95,1.016203,20180712,20180712,1.016203
000001.SZ,1d,2018-05-22,10.775406095042035,10.804927755576395,10.617957238858772,10.68684111343895,589871.0,639815249.44,20180522,10.860000000000001,1.016203,20180712,20180712,1.016203
000001.SZ,1d,2018-05-23,10.647478899393134,10.647478899393134,10.450667829164056,10.480189489698416,991016.0,1058587812.32,20180523,10.65,1.016203,20180712,20180712,1.016203
000001.SZ,1d,2018-05-24,10.49003004320987,10.509711150232778,10.41130561511824,10.4408272756526,688152.0,730678763.88,20180524,10.61,1.016203,20180712,20180712,1.016203
000001.SZ,1d,2018-05-25,10.440827275652602,10.499870596721324,10.381783954583877,10.421146168629694,593335.0,629735450.6,20180525,10.59,1.016203,20180712,20180712,1.016203
000001.SZ,1d,2018-05-28,10.41130561511824,10.49003004320987,10.342421740538061,10.421146168629694,569400.0,602590746.57,20180528,10.59,1.016203,20180712,20180712,1.016203
000001.SZ,1d,2018-05-29,10.41130561511824,10.460508382675508,10.1849728843548,10.21449454488916,889494.0,930386966.6300001,20180529,10.379999999999999,1.016203,20180712,20180712,1.016203
000001.SZ,1d,2018-05-30,10.125929563286077,10.125929563286077,9.889756279011182,9.919277939545543,1124447.0,1139918753.16,20180530,10.08,1.016203,20180712,20180712,1.016203
000001.SZ,1d,2018-05-31,9.948799600079905,10.027524028171536,9.86023461847682,10.017683474660082,987360.0,999216332.96,20180531,10.18,1.016203,20180712,20180712,1.016203
000001.SZ,1d,2018-06-01,9.988161814125721,10.125929563286077,9.90943738603409,10.027524028171536,597211.0,608398867.4599999,20180601,10.19,1.016203,20180712,20180712,1.016203
000001.SZ,1d,2018-06-04,10.066886242217352,10.145610670308985,9.988161814125721,10.106248456263167,593038.0,608291978.44,20180604,10.27,1.016203,20180712,20180712,1.016203
000001.SZ,1d,2018-06-05,10.125929563286075,10.135770116797529,9.948799600079905,10.096407902751714,656540.0,670740302.01,20180605,10.26,1.016203,20180712,20180712,1.016203
000001.SZ,1d,2018-06-06,10.08656734924026,10.096407902751714,9.938959046568451,9.978321260614265,712743.0,724032796.29,20180606,10.139999999999999,1.016203,20180712,20180712,1.016203
000001.SZ,1d,2018-06-07,10.03736458168299,10.29321897298079,10.017683474660082,10.204653991377706,1262638.0,1306425478.0900002,20180607,10.37,1.016203,20180712,20180712,1.016203
000001.SZ,1d,2018-06-08,10.165291777331891,10.165291777331891,9.899596832522636,9.958640153591361,1099379.0,1114968856.53,20180608,10.120000000000001,1.016203,20180712,20180712,1.016203
000001.SZ,1d,2018-06-11,9.899596832522636,9.968480707102813,9.840553511453912,9.879915725499727,721374.0,724687998.61,20180611,10.04,1.016203,20180712,20180712,1.016203
000001.SZ,1d,2018-06-12,9.870075171988274,9.919277939545545,9.791350743896643,9.899596832522636,913300.0,914001701.46,20180612,10.06,1.016203,20180712,20180712,1.016203
000001.SZ,1d,2018-06-13,9.879915725499728,9.899596832522636,9.791350743896643,9.791350743896643,530584.0,530483756.71000004,20180613,9.950000000000001,1.016203,20180712,20180712,1.016203
000001.SZ,1d,2018-06-14,9.791350743896642,9.988161814125721,9.761829083362281,9.90943738603409,866392.0,872487574.2800001,20180614,10.07,1.016203,20180712,20180712,1.016203
000001.SZ,1d,2018-06-15,9.919277939545543,10.125929563286077,9.899596832522636,10.00784292114863,1248707.0,1273412999.36,20180615,10.17,1.016203,20180712,20180712,1.016203
000001.SZ,1d,2018-06-19,9.889756279011182,9.988161814125721,9.663423548247742,9.712626315805013,1565874.0,1565756559.87,20180619,9.870000000000001,1.016203,20180712,20180712,1.016203
000001.SZ,1d,2018-06-20,9.71262631580501,9.791350743896642,9.604380227179018,9.751988529850827,763637.0,752950700.66,20180620,9.91,1.016203,20180712,20180712,1.016203
000001.SZ,1d,2018-06-21,9.771669636873735,9.879915725499727,9.702785762293557,9.702785762293557,840070.0,836014838.1400001,20180621,9.86,1.016203,20180712,20180712,1.016203
000001.SZ,1d,2018-06-22,9.643742441224832,9.71262631580501,9.614220780690472,9.692945208782103,657818.0,645752909.26,20180622,9.85,1.016203,20180712,20180712,1.016203
000001.SZ,1d,2018-06-25,9.751988529850827,9.761829083362283,9.23043919374377,9.309163621835403,1195212.0,1154559080.5,20180625,9.46,1.016203,20180712,20180712,1.016203
000001.SZ,1d,2018-06-26,9.240279747255224,9.289482514812493,8.945063141911605,9.210758086720862,1124156.0,1042528543.9899999,20180626,9.36,1.016203,20180712,20180712,1.016203
000001.SZ,1d,2018-06-27,9.161555319163591,9.250120300766676,8.886019820842883,8.945063141911605,1045142.0,958871648.21,20180627,9.09,1.016203,20180712,20180712,1.016203
000001.SZ,1d,2018-06-28,8.807295392751252,8.935222588400155,8.728570964659621,8.777773732216891,1110764.0,996801234.6999999,20180628,8.920000000000002,1.016203,20180712,20180712,1.016203
000001.SZ,1d,2018-06-29,8.866338713819976,8.984425355957423,8.817135946262706,8.945063141911607,675299.0,611346088.6899999,20180629,9.090000000000002,1.016203,20180712,20180712,1.016203
000001.SZ,1d,2018-07-02,8.90570092786579,8.90570092786579,8.413673252293096,8.47271657336182,1315520.0,1158545868.8100002,20180702,8.610000000000001,1.016203,20180712,20180712,1.016203
000001.SZ,1d,2018-07-03,8.55144100145345,8.561281554964904,8.315267717178555,8.531759894430541,1274838.0,1096657033.32,20180703,8.67,1.016203,20180712,20180712,1.016203
000001.SZ,1d,2018-07-04,8.492397680384725,8.610484322522174,8.472716573361819,8.472716573361819,711153.0,617278559.96,20180704,8.61,1.016203,20180712,20180712,1.016203
000001.SZ,1d,2018-07-05,8.482557126873273,8.590803215499266,8.413673252293096,8.462876019850366,835768.0,722169579.0,20180705,8.600000000000001,1.016203,20180712,20180712,1.016203
000001.SZ,1d,2018-07-06,8.472716573361819,8.640005983056534,8.315267717178555,8.521919340919089,988282.0,852071526.9799999,20180706,8.66,1.016203,20180712,20180712,1.016203
000001.SZ,1d,2018-07-09,8.55144100145345,8.886019820842883,8.541600447941995,8.886019820842883,1409954.0,1255007609.99,20180709,9.03,1.016203,20180712,20180712,1.016203
000001.SZ,1d,2018-07-10,8.87617926733143,8.87617926733143,8.74825207168253,8.836817053285614,896862.0,803038965.2500001,20180710,8.98,1.016203,20180712,20180712,1.016203
000001.SZ,1d,2018-07-11,8.620324876033626,8.689208750613805,8.541600447941995,8.640005983056534,851296.0,744765824.8900001,20180711,8.78,1.016203,20180712,20180712,1.016203
000001.SZ,1d,2018-07-12,8.6,8.97,8.58,8.88,1140492.0,1008658828.6700001,20180712,8.88,1.0,20180712,20180712,1.016203
