stock,period,datetime,open,high,low,close,volume,amount,day,raw_close,cum_dr,asof,new_event_day,new_dr
000001.SZ,1d,2016-01-04,7.4235467551330565,7.4421056220208905,6.94720250501202,7.009065394638128,563497.0,660376153.12,20160104,11.33,1.6164779984314812,20260612,20260612,1.0329059999999999
000001.SZ,1d,2016-01-05,6.971947660862463,7.15753632974079,6.897712193311133,7.052369417376404,663269.0,755531353.7200001,20160105,11.4,1.6164779984314812,20260612,20260612,1.0329059999999999
000001.SZ,1d,2016-01-06,7.064741995301626,7.151350040778179,7.0461831284137935,7.132791173890347,515706.0,591698520.3600001,20160106,11.530000000000001,1.6164779984314812,20260612,20260612,1.0329059999999999
000001.SZ,1d,2016-01-07,7.058555706339015,7.058555706339015,6.749241258208471,6.767800125096303,174761.0,194869493.47000003,20160107,10.94,1.6164779984314812,20260612,20260612,1.0329059999999999
000001.SZ,1d,2016-01-08,6.934829927086798,6.984320238787685,6.74305496924586,6.8791533264233005,747527.0,831334546.23,20160108,11.120000000000001,1.6164779984314812,20260612,20260612,1.0329059999999999
000001.SZ,1d,2016-01-11,6.804917858871969,6.854408170572856,6.60695661206842,6.656446923769308,732013.0,800683640.99,20160111,10.76,1.6164779984314812,20260612,20260612,1.0329059999999999
000001.SZ,1d,2016-01-12,6.699750946507584,6.749241258208471,6.582211456217977,6.687378368582363,561642.0,605970836.99,20160112,10.81,1.6164779984314812,20260612,20260612,1.0329059999999999
000001.SZ,1d,2016-01-13,6.73686868028325,6.767800125096304,6.6193291899936435,6.625515478956254,391709.0,424371697.73,20160113,10.71,1.6164779984314812,20260612,20260612,1.0329059999999999
000001.SZ,1d,2016-01-14,6.5512800114049226,6.681192079619752,6.483230832816203,6.662633212731919,666314.0,708535004.7,20160114,10.77,1.6164779984314812,20260612,20260612,1.0329059999999999
000001.SZ,1d,2016-01-15,6.594584034143199,6.681192079619752,6.446113099040538,6.470858254890981,448202.0,474908142.0300001,20160115,10.459999999999999,1.6164779984314812,20260612,20260612,1.0329059999999999
000001.SZ,1d,2016-01-18,6.396622787339651,6.53272114451709,6.371877631489208,6.439926810077927,421040.0,439917816.17999995,20160118,10.41,1.6164779984314812,20260612,20260612,1.0329059999999999
000001.SZ,1d,2016-01-19,6.46467196592837,6.6688195016945295,6.439926810077927,6.625515478956254,501109.0,532074699.5,20160119,10.71,1.6164779984314812,20260612,20260612,1.0329059999999999
000001.SZ,1d,2016-01-20,6.619329189993642,6.681192079619751,6.4584856769657595,6.520348566591868,603752.0,640968946.8700001,20160120,10.54,1.6164779984314812,20260612,20260612,1.0329059999999999
000001.SZ,1d,2016-01-21,6.483230832816203,6.650260634806697,6.3842502094144296,6.3842502094144296,606145.0,638127876.8299999,20160121,10.32,1.6164779984314812,20260612,20260612,1.0329059999999999
000001.SZ,1d,2016-01-22,6.4337405211153165,6.464671965928371,6.32238731978832,6.4337405211153165,466752.0,482984450.37000006,20160122,10.4,1.6164779984314812,20260612,20260612,1.0329059999999999
000001.SZ,1d,2016-01-25,6.4337405211153165,6.4584856769657595,6.39043649837704,6.415181654227483,376431.0,390734876.74,20160125,10.37,1.6164779984314812,20260612,20260612,1.0329059999999999
000001.SZ,1d,2016-01-26,6.3842502094144296,6.3842502094144296,6.099680917134328,6.105867206096939,647901.0,653561593.37,20160126,9.87,1.6164779984314812,20260612,20260612,1.0329059999999999
000001.SZ,1d,2016-01-27,6.142984939872605,6.1739163846856595,5.938837404106446,6.112053495059549,569037.0,558510640.86,20160127,9.879999999999999,1.6164779984314812,20260612,20260612,1.0329059999999999
000001.SZ,1d,2016-01-28,6.074935761283885,6.118239784022162,5.9697688489195,5.994514004769943,302540.0,296055319.24,20160128,9.69,1.6164779984314812,20260612,20260612,1.0329059999999999
000001.SZ,1d,2016-01-29,6.025445449582998,6.235779274311768,5.994514004769943,6.186288962610881,544435.0,540544459.55,20160129,10.0,1.6164779984314812,20260612,20260612,1.0329059999999999
000001.SZ,1d,2016-02-01,6.1739163846856595,6.192475251573492,6.025445449582998,6.062563183358663,417732.0,412635642.62999994,20160201,9.8,1.6164779984314812,20260612,20260612,1.0329059999999999
000001.SZ,1d,2016-02-02,6.062563183358662,6.204847829498713,6.050190605433441,6.155357517797826,369104.0,367360499.7,20160202,9.95,1.6164779984314812,20260612,20260612,1.0329059999999999
000001.SZ,1d,2016-02-03,6.093494628171717,6.11823978402216,6.04400431647083,6.093494628171717,274572.0,269997835.61,20160203,9.85,1.6164779984314812,20260612,20260612,1.0329059999999999
000001.SZ,1d,2016-02-04,6.118239784022162,6.186288962610881,6.112053495059551,6.155357517797827,373099.0,370586187.52000004,20160204,9.950000000000001,1.6164779984314812,20260612,20260612,1.0329059999999999
000001.SZ,1d,2016-02-05,6.161543806760438,6.167730095723049,6.130612361947383,6.136798650909994,270893.0,269184383.53,20160205,9.92,1.6164779984314812,20260612,20260612,1.0329059999999999
000001.SZ,1d,2016-02-15,5.975955137882111,6.093494628171717,5.9697688489195,6.0563768943960525,278499.0,271173372.44,20160215,9.790000000000001,1.6164779984314812,20260612,20260612,1.0329059999999999
000001.SZ,1d,2016-02-16,6.087308339209106,6.204847829498713,6.0811220502464955,6.192475251573492,428386.0,427507774.18,20160216,10.01,1.6164779984314812,20260612,20260612,1.0329059999999999
000001.SZ,1d,2016-02-17,6.204847829498713,6.32238731978832,6.18010267364827,6.279083297050044,585167.0,590538918.7800001,20160217,10.15,1.6164779984314812,20260612,20260612,1.0329059999999999
000001.SZ,1d,2016-02-18,6.297642163937876,6.32238731978832,6.241965563274379,6.241965563274379,406178.0,412337569.83000004,20160218,10.09,1.6164779984314812,20260612,20260612,1.0329059999999999
000001.SZ,1d,2016-02-19,6.241965563274379,6.272897008087433,6.18010267364827,6.211034118461325,318898.0,320939651.99,20160219,10.040000000000001,1.6164779984314812,20260612,20260612,1.0329059999999999
000001.SZ,1d,2016-02-22,6.266710719124823,6.378063920451819,6.223406696386546,6.365691342526597,617739.0,630251514.49,20160222,10.290000000000001,1.6164779984314812,20260612,20260612,1.0329059999999999
000001.SZ,1d,2016-02-23,6.365691342526597,6.365691342526597,6.217220407423936,6.260524430162212,425874.0,432315311.35,20160223,10.120000000000001,1.6164779984314812,20260612,20260612,1.0329059999999999
000001.SZ,1d,2016-02-24,6.223406696386546,6.279083297050044,6.192475251573492,6.279083297050044,300103.0,302498026.09,20160224,10.15,1.6164779984314812,20260612,20260612,1.0329059999999999
000001.SZ,1d,2016-02-25,6.260524430162211,6.266710719124822,5.938837404106446,5.982141426844722,622072.0,615004743.2700001,20160225,9.67,1.6164779984314812,20260612,20260612,1.0329059999999999
000001.SZ,1d,2016-02-26,6.04400431647083,6.0811220502464955,5.975955137882111,6.0563768943960525,392154.0,382634662.72,20160226,9.790000000000001,1.6164779984314812,20260612,20260612,1.0329059999999999
000001.SZ,1d,2016-02-29,6.056376894396052,6.068749472321274,5.827484202779449,5.9140922482560025,566896.0,542183971.78,20160229,9.56,1.6164779984314812,20260612,20260612,1.0329059999999999
000001.SZ,1d,2016-03-01,5.951209982031667,6.04400431647083,5.926464826181224,6.000700293732554,377910.0,365149008.02000004,20160301,9.7,1.6164779984314812,20260612,20260612,1.0329059999999999
000001.SZ,1d,2016-03-02,6.031631738545609,6.266710719124823,6.013072871657776,6.24815185223699,676613.0,673626229.31,20160302,10.100000000000001,1.6164779984314812,20260612,20260612,1.0329059999999999
000001.SZ,1d,2016-03-03,6.24196556327438,6.297642163937877,6.211034118461325,6.254338141199601,553089.0,559045201.6200001,20160303,10.110000000000001,1.6164779984314812,20260612,20260612,1.0329059999999999
000001.SZ,1d,2016-03-04,6.241965563274379,6.495603410741425,6.229592985349157,6.4337405211153165,1381249.0,1429273062.74,20160304,10.4,1.6164779984314812,20260612,20260612,1.0329059999999999
000001.SZ,1d,2016-03-07,6.402809076302263,6.489417121778814,6.371877631489208,6.396622787339651,606352.0,630155599.1600001,20160307,10.34,1.6164779984314812,20260612,20260612,1.0329059999999999
000001.SZ,1d,2016-03-08,6.408995365264873,6.408995365264873,6.149171228835216,6.359505053563985,643156.0,650471607.35,20160308,10.28,1.6164779984314812,20260612,20260612,1.0329059999999999
000001.SZ,1d,2016-03-09,6.272897008087433,6.32238731978832,6.211034118461325,6.2914558749752665,325900.0,330124892.38,20160309,10.170000000000002,1.6164779984314812,20260612,20260612,1.0329059999999999
000001.SZ,1d,2016-03-10,6.334759897713542,6.402809076302263,6.266710719124823,6.279083297050044,474020.0,486414240.72,20160310,10.15,1.6164779984314812,20260612,20260612,1.0329059999999999
000001.SZ,1d,2016-03-11,6.24815185223699,6.32238731978832,6.211034118461325,6.285269586012655,383736.0,389638934.2,20160311,10.16,1.6164779984314812,20260612,20260612,1.0329059999999999
000001.SZ,1d,2016-03-14,6.3162010308257095,6.470858254890982,6.3162010308257095,6.347132475638765,655158.0,679161304.98,20160314,10.260000000000002,1.6164779984314812,20260612,20260612,1.0329059999999999
000001.SZ,1d,2016-03-15,6.359505053563985,6.408995365264873,6.285269586012655,6.3842502094144296,417920.0,428786691.82,20160315,10.32,1.6164779984314812,20260612,20260612,1.0329059999999999
000001.SZ,1d,2016-03-16,6.353318764601374,6.46467196592837,6.3409461866761525,6.402809076302262,664886.0,690087713.0500001,20160316,10.35,1.6164779984314812,20260612,20260612,1.0329059999999999
000001.SZ,1d,2016-03-17,6.4089953652648735,6.483230832816203,6.371877631489208,6.446113099040538,610996.0,635181313.4699999,20160317,10.42,1.6164779984314812,20260612,20260612,1.0329059999999999
000001.SZ,1d,2016-03-18,6.446113099040538,6.538907433479701,6.4337405211153165,6.520348566591869,797215.0,836565552.7900001,20160318,10.540000000000001,1.6164779984314812,20260612,20260612,1.0329059999999999
000001.SZ,1d,2016-03-21,6.5265348555544795,6.718309813395417,6.5265348555544795,6.681192079619752,920432.0,987764461.92,20160321,10.8,1.6164779984314812,20260612,20260612,1.0329059999999999
000001.SZ,1d,2016-03-22,6.662633212731919,6.767800125096303,6.613142901031031,6.631701767918863,625482.0,675406611.44,20160322,10.719999999999999,1.6164779984314812,20260612,20260612,1.0329059999999999
000001.SZ,1d,2016-03-23,6.6255154789562525,6.662633212731919,6.563652589330144,6.619329189993642,430278.0,458963272.7,20160323,10.7,1.6164779984314812,20260612,20260612,1.0329059999999999
000001.SZ,1d,2016-03-24,6.563652589330144,6.5760251672553665,6.495603410741425,6.507975988666646,372406.0,393411544.51,20160324,10.52,1.6164779984314812,20260612,20260612,1.0329059999999999
000001.SZ,1d,2016-03-25,6.501789699704036,6.557466300367533,6.495603410741425,6.5512800114049226,237070.0,250338489.56000003,20160325,10.59,1.6164779984314812,20260612,20260612,1.0329059999999999
000001.SZ,1d,2016-03-28,6.569838878292756,6.588397745180588,6.464671965928371,6.483230832816203,358621.0,378973327.48,20160328,10.48,1.6164779984314812,20260612,20260612,1.0329059999999999
000001.SZ,1d,2016-03-29,6.5017896997040365,6.507975988666647,6.421367943190095,6.45229938800315,318317.0,332422397.07,20160329,10.430000000000001,1.6164779984314812,20260612,20260612,1.0329059999999999
000001.SZ,1d,2016-03-30,6.483230832816203,6.6193291899936435,6.477044543853593,6.6193291899936435,539699.0,572627417.13,20160330,10.700000000000001,1.6164779984314812,20260612,20260612,1.0329059999999999
000001.SZ,1d,2016-03-31,6.625515478956254,6.650260634806697,6.582211456217977,6.582211456217977,418387.0,447266281.73,20160331,10.64,1.6164779984314812,20260612,20260612,1.0329059999999999
000001.SZ,1d,2016-04-01,6.569838878292755,6.613142901031031,6.495603410741425,6.594584034143199,369341.0,391830399.33,20160401,10.66,1.6164779984314812,20260612,20260612,1.0329059999999999
000001.SZ,1d,2016-04-05,6.569838878292755,6.687378368582363,6.495603410741425,6.619329189993642,592308.0,632378859.33,20160405,10.7,1.6164779984314812,20260612,20260612,1.0329059999999999
000001.SZ,1d,2016-04-06,6.60695661206842,6.650260634806697,6.563652589330144,6.631701767918863,435259.0,464962437.13000005,20160406,10.719999999999999,1.6164779984314812,20260612,20260612,1.0329059999999999
000001.SZ,1d,2016-04-07,6.631701767918865,6.637888056881476,6.5512800114049226,6.5512800114049226,377719.0,401949050.57000005,20160407,10.59,1.6164779984314812,20260612,20260612,1.0329059999999999
000001.SZ,1d,2016-04-08,6.5265348555544795,6.6007703231058095,6.495603410741425,6.538907433479701,376553.0,397998243.93,20160408,10.57,1.6164779984314812,20260612,20260612,1.0329059999999999
000001.SZ,1d,2016-04-11,6.557466300367533,6.681192079619751,6.557466300367533,6.631701767918863,786386.0,840486348.21,20160411,10.719999999999999,1.6164779984314812,20260612,20260612,1.0329059999999999
000001.SZ,1d,2016-04-12,6.6193291899936435,6.625515478956254,6.569838878292756,6.600770323105811,298599.0,318538001.82000005,20160412,10.670000000000002,1.6164779984314812,20260612,20260612,1.0329059999999999
000001.SZ,1d,2016-04-13,6.637888056881476,6.7863589919841365,6.625515478956254,6.687378368582363,856760.0,929858588.49,20160413,10.81,1.6164779984314812,20260612,20260612,1.0329059999999999
000001.SZ,1d,2016-04-14,6.730682391320639,6.74305496924586,6.675005790657141,6.705937235470196,323646.0,350702741.47,20160414,10.840000000000002,1.6164779984314812,20260612,20260612,1.0329059999999999
000001.SZ,1d,2016-04-15,6.705937235470195,6.767800125096304,6.681192079619752,6.730682391320639,497224.0,541052858.38,20160415,10.88,1.6164779984314812,20260612,20260612,1.0329059999999999
000001.SZ,1d,2016-04-18,6.693564657544973,6.712123524432806,6.637888056881476,6.637888056881476,350654.0,377791436.76,20160418,10.73,1.6164779984314812,20260612,20260612,1.0329059999999999
000001.SZ,1d,2016-04-19,6.66263321273192,6.687378368582363,6.625515478956254,6.66263321273192,218239.0,234479844.29,20160419,10.770000000000001,1.6164779984314812,20260612,20260612,1.0329059999999999
000001.SZ,1d,2016-04-20,6.662633212731919,6.6688195016945295,6.408995365264873,6.507975988666646,606586.0,640149677.08,20160420,10.52,1.6164779984314812,20260612,20260612,1.0329059999999999
000001.SZ,1d,2016-04-21,6.507975988666647,6.5760251672553665,6.464671965928371,6.5017896997040365,558799.0,588731547.4699999,20160421,10.510000000000002,1.6164779984314812,20260612,20260612,1.0329059999999999
000001.SZ,1d,2016-04-22,6.470858254890982,6.569838878292756,6.439926810077927,6.5265348555544795,359677.0,379176139.25,20160422,10.55,1.6164779984314812,20260612,20260612,1.0329059999999999
000001.SZ,1d,2016-04-25,6.53272114451709,6.53272114451709,6.446113099040538,6.495603410741425,349257.0,366533376.73,20160425,10.5,1.6164779984314812,20260612,20260612,1.0329059999999999
000001.SZ,1d,2016-04-26,6.483230832816203,6.557466300367534,6.470858254890982,6.551280011404923,291699.0,306962513.0,20160426,10.590000000000002,1.6164779984314812,20260612,20260612,1.0329059999999999
000001.SZ,1d,2016-04-27,6.545093722442312,6.563652589330144,6.507975988666646,6.538907433479701,239553.0,253308584.05,20160427,10.57,1.6164779984314812,20260612,20260612,1.0329059999999999
000001.SZ,1d,2016-04-28,6.545093722442312,6.656446923769309,6.520348566591869,6.594584034143199,457460.0,487261220.54,20160428,10.66,1.6164779984314812,20260612,20260612,1.0329059999999999
000001.SZ,1d,2016-04-29,6.582211456217977,6.582211456217977,6.5265348555544795,6.538907433479701,404977.0,428582155.01,20160429,10.57,1.6164779984314812,20260612,20260612,1.0329059999999999
000001.SZ,1d,2016-05-03,6.545093722442312,6.631701767918863,6.507975988666646,6.60695661206842,489102.0,521137502.43000007,20160503,10.68,1.6164779984314812,20260612,20260612,1.0329059999999999
000001.SZ,1d,2016-05-04,6.60695661206842,6.650260634806697,6.594584034143199,6.631701767918865,412435.0,441848167.65000004,20160504,10.72,1.6164779984314812,20260612,20260612,1.0329059999999999
000001.SZ,1d,2016-05-05,6.613142901031031,6.631701767918865,6.588397745180588,6.631701767918865,239516.0,256002095.85999998,20160505,10.72,1.6164779984314812,20260612,20260612,1.0329059999999999
000001.SZ,1d,2016-05-06,6.637888056881476,6.637888056881476,6.507975988666646,6.507975988666646,346545.0,367408584.52,20160506,10.52,1.6164779984314812,20260612,20260612,1.0329059999999999
000001.SZ,1d,2016-05-09,6.495603410741425,6.514162277629258,6.3842502094144296,6.402809076302262,411171.0,428356624.07,20160509,10.35,1.6164779984314812,20260612,20260612,1.0329059999999999
000001.SZ,1d,2016-05-10,6.396622787339651,6.415181654227483,6.353318764601374,6.359505053563985,292599.0,301767207.97,20160510,10.28,1.6164779984314812,20260612,20260612,1.0329059999999999
000001.SZ,1d,2016-05-11,6.371877631489208,6.45848567696576,6.371877631489208,6.415181654227484,327289.0,339005275.76,20160511,10.370000000000001,1.6164779984314812,20260612,20260612,1.0329059999999999
000001.SZ,1d,2016-05-12,6.378063920451819,6.4337405211153165,6.3409461866761525,6.421367943190095,325885.0,336792700.57,20160512,10.38,1.6164779984314812,20260612,20260612,1.0329059999999999
000001.SZ,1d,2016-05-13,6.402809076302262,6.4337405211153165,6.39043649837704,6.402809076302262,184266.0,191007255.66,20160513,10.35,1.6164779984314812,20260612,20260612,1.0329059999999999
000001.SZ,1d,2016-05-16,6.3842502094144296,6.408995365264873,6.3409461866761525,6.408995365264873,215224.0,221931208.07000002,20160516,10.36,1.6164779984314812,20260612,20260612,1.0329059999999999
000001.SZ,1d,2016-05-17,6.408995365264873,6.415181654227484,6.334759897713542,6.371877631489208,250424.0,257859628.95000002,20160517,10.3,1.6164779984314812,20260612,20260612,1.0329059999999999
000001.SZ,1d,2016-05-18,6.3656913425265955,6.3842502094144296,6.291455874975266,6.371877631489208,534150.0,547076639.38,20160518,10.3,1.6164779984314812,20260612,20260612,1.0329059999999999
000001.SZ,1d,2016-05-19,6.353318764601374,6.3842502094144296,6.3409461866761525,6.3409461866761525,170777.0,175591500.42,20160519,10.25,1.6164779984314812,20260612,20260612,1.0329059999999999
000001.SZ,1d,2016-05-20,6.334759897713542,6.39043649837704,6.303828452900487,6.371877631489206,206703.0,212277642.00000003,20160520,10.299999999999999,1.6164779984314812,20260612,20260612,1.0329059999999999
000001.SZ,1d,2016-05-23,6.39043649837704,6.396622787339651,6.3409461866761525,6.359505053563985,323646.0,333300178.49,20160523,10.28,1.6164779984314812,20260612,20260612,1.0329059999999999
000001.SZ,1d,2016-05-24,6.353318764601374,6.359505053563985,6.303828452900487,6.316201030825709,259294.0,265042286.91000003,20160524,10.209999999999999,1.6164779984314812,20260612,20260612,1.0329059999999999
000001.SZ,1d,2016-05-25,6.3409461866761525,6.359505053563985,6.303828452900487,6.32857360875093,204235.0,209019882.70000002,20160525,10.229999999999999,1.6164779984314812,20260612,20260612,1.0329059999999999
000001.SZ,1d,2016-05-26,6.32238731978832,6.353318764601374,6.291455874975266,6.32238731978832,261396.0,266736775.84,20160526,10.22,1.6164779984314812,20260612,20260612,1.0329059999999999
000001.SZ,1d,2016-05-27,6.322387319788319,6.3656913425265955,6.303828452900487,6.353318764601374,222818.0,228377555.01999998,20160527,10.27,1.6164779984314812,20260612,20260612,1.0329059999999999
000001.SZ,1d,2016-05-30,6.340946186676154,6.3595050535639865,6.310014741863099,6.3595050535639865,380946.0,390119748.19,20160530,10.280000000000001,1.6164779984314812,20260612,20260612,1.0329059999999999
000001.SZ,1d,2016-05-31,6.347132475638763,6.538907433479701,6.347132475638763,6.526534855554479,946467.0,991668174.78,20160531,10.549999999999999,1.6164779984314812,20260612,20260612,1.0329059999999999
000001.SZ,1d,2016-06-01,6.501789699704036,6.526534855554479,6.4584856769657595,6.4832308328162025,556750.0,584161145.13,20160601,10.479999999999999,1.6164779984314812,20260612,20260612,1.0329059999999999
000001.SZ,1d,2016-06-02,6.477044543853593,6.483230832816203,6.446113099040538,6.470858254890981,293036.0,306269383.37,20160602,10.459999999999999,1.6164779984314812,20260612,20260612,1.0329059999999999
000001.SZ,1d,2016-06-03,6.477044543853593,6.507975988666646,6.439926810077927,6.495603410741425,423389.0,443039580.98,20160603,10.5,1.6164779984314812,20260612,20260612,1.0329059999999999
000001.SZ,1d,2016-06-06,6.5017896997040365,6.514162277629258,6.464671965928371,6.5017896997040365,338332.0,354998364.13,20160606,10.510000000000002,1.6164779984314812,20260612,20260612,1.0329059999999999
000001.SZ,1d,2016-06-07,6.507975988666646,6.514162277629258,6.483230832816203,6.507975988666646,229282.0,240887148.70000002,20160607,10.52,1.6164779984314812,20260612,20260612,1.0329059999999999
000001.SZ,1d,2016-06-08,6.520348566591869,6.520348566591869,6.470858254890982,6.495603410741425,268188.0,281651740.87,20160608,10.5,1.6164779984314812,20260612,20260612,1.0329059999999999
000001.SZ,1d,2016-06-13,6.470858254890982,6.477044543853593,6.39043649837704,6.39043649837704,344816.0,358996277.49999994,20160613,10.33,1.6164779984314812,20260612,20260612,1.0329059999999999
000001.SZ,1d,2016-06-14,6.396622787339651,6.439926810077927,6.3842502094144296,6.4337405211153165,273637.0,283578296.52,20160614,10.4,1.6164779984314812,20260612,20260612,1.0329059999999999
000001.SZ,1d,2016-06-15,6.39043649837704,6.483230832816203,6.3842502094144296,6.4584856769657595,378172.0,394033686.13,20160615,10.44,1.6164779984314812,20260612,20260612,1.0329059999999999
000001.SZ,1d,2016-06-16,6.458485497563376,6.481093964882735,6.428340874470899,6.458485497563376,386670.0,331192444.67,20160616,8.569999999999999,1.326936478100515,20260612,20260612,1.0329059999999999
000001.SZ,1d,2016-06-17,6.458485497563377,6.488630120655856,6.435877030244019,6.4660216533364965,315173.0,270236697.97,20160617,8.58,1.326936478100515,20260612,20260612,1.0329059999999999
000001.SZ,1d,2016-06-20,6.473557809109615,6.481093964882735,6.450949341790258,6.481093964882735,270731.0,232205297.92,20160620,8.6,1.326936478100515,20260612,20260612,1.0329059999999999
000001.SZ,1d,2016-06-21,6.488630120655854,6.518774743748333,6.4660216533364965,6.488630120655854,380749.0,327940703.41,20160621,8.61,1.326936478100515,20260612,20260612,1.0329059999999999
000001.SZ,1d,2016-06-22,6.481093964882735,6.579063989933289,6.4660216533364965,6.579063989933289,478002.0,413947368.64000005,20160622,8.73,1.326936478100515,20260612,20260612,1.0329059999999999
000001.SZ,1d,2016-06-23,6.533847055294571,6.5564555226139305,6.503702432202094,6.526310899521452,335614.0,290490407.0,20160623,8.66,1.326936478100515,20260612,20260612,1.0329059999999999
000001.SZ,1d,2016-06-24,6.511238587975212,6.55645552261393,6.420804718697779,6.458485497563377,427664.0,367771053.91,20160624,8.57,1.326936478100515,20260612,20260612,1.0329059999999999
000001.SZ,1d,2016-06-27,6.458485497563377,6.511238587975213,6.435877030244019,6.488630120655856,325214.0,280044073.17999995,20160627,8.610000000000001,1.326936478100515,20260612,20260612,1.0329059999999999
000001.SZ,1d,2016-06-28,6.4660216533364965,6.511238587975213,6.450949341790258,6.503702432202094,336519.0,289122213.99,20160628,8.63,1.326936478100515,20260612,20260612,1.0329059999999999
000001.SZ,1d,2016-06-29,6.503702432202094,6.548919366840812,6.4961662764289745,6.548919366840812,369611.0,319908689.63,20160629,8.690000000000001,1.326936478100515,20260612,20260612,1.0329059999999999
000001.SZ,1d,2016-06-30,6.54891936684081,6.586600145706408,6.526310899521452,6.55645552261393,362204.0,315051854.72999996,20160630,8.7,1.326936478100515,20260612,20260612,1.0329059999999999
000001.SZ,1d,2016-07-01,6.54891936684081,6.579063989933289,6.541383211067691,6.5639916783870484,348930.0,303652375.25,20160701,8.709999999999999,1.326936478100515,20260612,20260612,1.0329059999999999
000001.SZ,1d,2016-07-04,6.54891936684081,6.677034014983841,6.533847055294571,6.639353236118244,608257.0,534656909.55,20160704,8.81,1.326936478100515,20260612,20260612,1.0329059999999999
000001.SZ,1d,2016-07-05,6.631817080345123,6.6544255476644825,6.609208613025766,6.639353236118243,422037.0,371422814.75,20160705,8.809999999999999,1.326936478100515,20260612,20260612,1.0329059999999999
000001.SZ,1d,2016-07-06,6.631817080345123,6.646889391891364,6.601672457252646,6.6242809245720045,322950.0,283827375.8,20160706,8.79,1.326936478100515,20260612,20260612,1.0329059999999999
000001.SZ,1d,2016-07-07,6.624280924572005,6.631817080345125,6.586600145706408,6.616744768798885,312853.0,274337185.84000003,20160707,8.78,1.326936478100515,20260612,20260612,1.0329059999999999
000001.SZ,1d,2016-07-08,6.624280924572005,6.624280924572005,6.579063989933289,6.586600145706408,261342.0,228778674.11,20160708,8.74,1.326936478100515,20260612,20260612,1.0329059999999999
000001.SZ,1d,2016-07-11,6.594136301479527,6.624280924572005,6.586600145706408,6.594136301479527,365372.0,320333760.68,20160711,8.75,1.326936478100515,20260612,20260612,1.0329059999999999
000001.SZ,1d,2016-07-12,6.594136301479527,6.6996424823032,6.586600145706408,6.69210632653008,711832.0,627505578.42,20160712,8.88,1.326936478100515,20260612,20260612,1.0329059999999999
000001.SZ,1d,2016-07-13,6.692106326530079,6.82022097467311,6.677034014983841,6.7750040400343945,798288.0,716797025.3100001,20160713,8.99,1.326936478100515,20260612,20260612,1.0329059999999999
000001.SZ,1d,2016-07-14,6.759931728488156,6.782540195807513,6.7147147938494385,6.737323261168797,359699.0,321889343.31,20160714,8.94,1.326936478100515,20260612,20260612,1.0329059999999999
000001.SZ,1d,2016-07-15,6.744859416941916,6.782540195807513,6.7147147938494385,6.7750040400343945,352033.0,315555253.54,20160715,8.99,1.326936478100515,20260612,20260612,1.0329059999999999
000001.SZ,1d,2016-07-18,6.7750040400343945,6.842829441992469,6.759931728488156,6.812684818899992,506934.0,457358031.39,20160718,9.040000000000001,1.326936478100515,20260612,20260612,1.0329059999999999
000001.SZ,1d,2016-07-19,6.812684818899992,6.820220974673111,6.744859416941917,6.759931728488156,362787.0,326046531.03999996,20160719,8.97,1.326936478100515,20260612,20260612,1.0329059999999999
000001.SZ,1d,2016-07-20,6.752395572715036,6.7750040400343945,6.744859416941917,6.752395572715036,310926.0,278737194.12,20160720,8.96,1.326936478100515,20260612,20260612,1.0329059999999999
000001.SZ,1d,2016-07-21,6.744859416941917,6.790076351580634,6.744859416941917,6.7750040400343945,340261.0,305710332.75,20160721,8.99,1.326936478100515,20260612,20260612,1.0329059999999999
000001.SZ,1d,2016-07-22,6.7750040400343945,6.7750040400343945,6.722250949622558,6.737323261168797,295549.0,264379250.43,20160722,8.94,1.326936478100515,20260612,20260612,1.0329059999999999
000001.SZ,1d,2016-07-25,6.729787105395677,6.767467884261275,6.7147147938494385,6.767467884261275,264682.0,236937494.08,20160725,8.98,1.326936478100515,20260612,20260612,1.0329059999999999
000001.SZ,1d,2016-07-26,6.759931728488156,6.872974065084948,6.759931728488156,6.8654379093118285,546556.0,494506420.12000006,20160726,9.110000000000001,1.326936478100515,20260612,20260612,1.0329059999999999
000001.SZ,1d,2016-07-27,6.872974065084948,6.910654843950544,6.7147147938494385,6.790076351580633,818678.0,741263303.03,20160727,9.01,1.326936478100515,20260612,20260612,1.0329059999999999
000001.SZ,1d,2016-07-28,6.767467884261275,6.8654379093118285,6.759931728488156,6.842829441992469,479910.0,434490536.62,20160728,9.08,1.326936478100515,20260612,20260612,1.0329059999999999
000001.SZ,1d,2016-07-29,6.842829441992469,6.9634079343623805,6.805148663126872,6.9332633112699025,671425.0,614972669.3,20160729,9.2,1.326936478100515,20260612,20260612,1.0329059999999999
000001.SZ,1d,2016-08-01,6.918190999723664,7.038769492093575,6.910654843950544,6.993552557454858,759324.0,702466616.0,20160801,9.28,1.326936478100515,20260612,20260612,1.0329059999999999
000001.SZ,1d,2016-08-02,6.9634079343623805,6.978480245908619,6.910654843950544,6.9709440901355,449165.0,413484595.07000005,20160802,9.25,1.326936478100515,20260612,20260612,1.0329059999999999
000001.SZ,1d,2016-08-03,6.940799467043023,6.948335622816142,6.895582532404306,6.918190999723664,424622.0,389817535.11,20160803,9.18,1.326936478100515,20260612,20260612,1.0329059999999999
000001.SZ,1d,2016-08-04,6.910654843950544,6.918190999723664,6.729787105395677,6.7750040400343945,1344462.0,1210346973.56,20160804,8.99,1.326936478100515,20260612,20260612,1.0329059999999999
000001.SZ,1d,2016-08-05,6.7750040400343945,6.83529328621935,6.744859416941917,6.812684818899992,725948.0,654998092.94,20160805,9.040000000000001,1.326936478100515,20260612,20260612,1.0329059999999999
000001.SZ,1d,2016-08-08,6.8126848188999904,6.865437909311827,6.790076351580633,6.865437909311827,398479.0,361191045.29,20160808,9.11,1.326936478100515,20260612,20260612,1.0329059999999999
000001.SZ,1d,2016-08-09,6.850365597765588,6.895582532404306,6.83529328621935,6.895582532404306,415676.0,378720688.32000005,20160809,9.15,1.326936478100515,20260612,20260612,1.0329059999999999
000001.SZ,1d,2016-08-10,6.895582532404306,6.918190999723665,6.872974065084948,6.888046376631187,436655.0,399656990.64000005,20160810,9.14,1.326936478100515,20260612,20260612,1.0329059999999999
000001.SZ,1d,2016-08-11,6.888046376631187,7.046305647866696,6.880510220858067,6.948335622816142,935576.0,866594867.9,20160811,9.22,1.326936478100515,20260612,20260612,1.0329059999999999
000001.SZ,1d,2016-08-12,6.9332633112699025,7.1819564517828445,6.918190999723664,7.159347984463486,1370021.0,1282336292.04,20160812,9.5,1.326936478100515,20260612,20260612,1.0329059999999999
000001.SZ,1d,2016-08-15,7.197028763329083,7.38543265765707,7.166884140236606,7.294998788379637,1897552.0,1835196865.56,20160815,9.68,1.326936478100515,20260612,20260612,1.0329059999999999
000001.SZ,1d,2016-08-16,7.294998788379638,7.294998788379638,7.129203361371009,7.1744202960097265,1099558.0,1050479545.3100001,20160816,9.520000000000001,1.326936478100515,20260612,20260612,1.0329059999999999
000001.SZ,1d,2016-08-17,7.174420296009725,7.234709542194681,7.144275672917248,7.197028763329084,560725.0,534926047.02,20160817,9.55,1.326936478100515,20260612,20260612,1.0329059999999999
000001.SZ,1d,2016-08-18,7.204564919102204,7.227173386421562,7.10659489405165,7.159347984463486,691504.0,658183955.01,20160818,9.5,1.326936478100515,20260612,20260612,1.0329059999999999
000001.SZ,1d,2016-08-19,7.151811828690367,7.174420296009725,7.10659489405165,7.166884140236606,505334.0,478779724.24,20160819,9.51,1.326936478100515,20260612,20260612,1.0329059999999999
000001.SZ,1d,2016-08-22,7.159347984463486,7.166884140236606,7.053841803639814,7.083986426732291,979432.0,922426435.12,20160822,9.399999999999999,1.326936478100515,20260612,20260612,1.0329059999999999
000001.SZ,1d,2016-08-23,7.068914115186054,7.12166720559789,7.061377959412934,7.0839864267322925,890656.0,838185900.5899999,20160823,9.4,1.326936478100515,20260612,20260612,1.0329059999999999
000001.SZ,1d,2016-08-24,7.091522582505411,7.106594894051652,7.068914115186054,7.106594894051652,732281.0,688971683.08,20160824,9.430000000000001,1.326936478100515,20260612,20260612,1.0329059999999999
000001.SZ,1d,2016-08-25,7.099058738278531,7.1216672055978885,7.038769492093575,7.11413104982477,617389.0,580648481.91,20160825,9.44,1.326936478100515,20260612,20260612,1.0329059999999999
000001.SZ,1d,2016-08-26,7.12166720559789,7.136739517144129,7.0839864267322925,7.12166720559789,502233.0,473688076.59,20160826,9.450000000000001,1.326936478100515,20260612,20260612,1.0329059999999999
000001.SZ,1d,2016-08-29,7.091522582505411,7.12166720559789,7.068914115186054,7.099058738278531,565231.0,532295362.01000005,20160829,9.42,1.326936478100515,20260612,20260612,1.0329059999999999
000001.SZ,1d,2016-08-30,7.099058738278531,7.136739517144129,7.091522582505411,7.136739517144129,595081.0,561854066.27,20160830,9.47,1.326936478100515,20260612,20260612,1.0329059999999999
000001.SZ,1d,2016-08-31,7.129203361371008,7.159347984463486,7.10659489405165,7.151811828690367,489746.0,463875762.93,20160831,9.49,1.326936478100515,20260612,20260612,1.0329059999999999
000001.SZ,1d,2016-09-01,7.151811828690367,7.174420296009725,7.099058738278531,7.1216672055978885,480131.0,454848634.31,20160901,9.45,1.326936478100515,20260612,20260612,1.0329059999999999
000001.SZ,1d,2016-09-02,7.10659489405165,7.129203361371008,7.099058738278531,7.1216672055978885,368796.0,348054367.10999995,20160902,9.45,1.326936478100515,20260612,20260612,1.0329059999999999
000001.SZ,1d,2016-09-05,7.129203361371009,7.129203361371009,7.0839864267322925,7.099058738278531,469936.0,443204803.58,20160905,9.42,1.326936478100515,20260612,20260612,1.0329059999999999
000001.SZ,1d,2016-09-06,7.099058738278531,7.10659489405165,7.053841803639814,7.091522582505411,574738.0,539813283.55,20160906,9.41,1.326936478100515,20260612,20260612,1.0329059999999999
000001.SZ,1d,2016-09-07,7.091522582505411,7.099058738278532,7.061377959412934,7.0839864267322925,459373.0,431984158.6100001,20160907,9.4,1.326936478100515,20260612,20260612,1.0329059999999999
000001.SZ,1d,2016-09-08,7.076450270959173,7.099058738278531,7.068914115186054,7.0839864267322925,295218.0,277503757.8,20160908,9.4,1.326936478100515,20260612,20260612,1.0329059999999999
000001.SZ,1d,2016-09-09,7.083986426732291,7.10659489405165,7.053841803639814,7.068914115186052,327431.0,307527271.24,20160909,9.379999999999999,1.326936478100515,20260612,20260612,1.0329059999999999
000001.SZ,1d,2016-09-12,7.001088713227978,7.0236971805473365,6.880510220858067,6.903118688177425,756581.0,697759184.1,20160912,9.16,1.326936478100515,20260612,20260612,1.0329059999999999
000001.SZ,1d,2016-09-13,6.918190999723664,6.940799467043023,6.888046376631187,6.9257271554967845,460931.0,423113832.02000004,20160913,9.190000000000001,1.326936478100515,20260612,20260612,1.0329059999999999
000001.SZ,1d,2016-09-14,6.910654843950544,6.918190999723665,6.820220974673111,6.827757130446231,421481.0,384081266.46000004,20160914,9.06,1.326936478100515,20260612,20260612,1.0329059999999999
000001.SZ,1d,2016-09-19,6.820220974673111,6.888046376631187,6.820220974673111,6.872974065084948,354348.0,322575925.94,20160919,9.120000000000001,1.326936478100515,20260612,20260612,1.0329059999999999
000001.SZ,1d,2016-09-20,6.872974065084948,6.872974065084948,6.812684818899992,6.842829441992469,436678.0,396359321.31,20160920,9.08,1.326936478100515,20260612,20260612,1.0329059999999999
000001.SZ,1d,2016-09-21,6.842829441992469,6.857901753538708,6.805148663126872,6.842829441992469,405665.0,367767497.46,20160921,9.08,1.326936478100515,20260612,20260612,1.0329059999999999
000001.SZ,1d,2016-09-22,6.857901753538708,6.918190999723664,6.850365597765588,6.903118688177425,494613.0,451909020.47999996,20160922,9.16,1.326936478100515,20260612,20260612,1.0329059999999999
000001.SZ,1d,2016-09-23,6.903118688177425,6.9257271554967845,6.888046376631187,6.895582532404306,288798.0,264699513.1,20160923,9.15,1.326936478100515,20260612,20260612,1.0329059999999999
000001.SZ,1d,2016-09-26,6.880510220858067,6.880510220858067,6.812684818899992,6.812684818899992,439481.0,398771864.85,20160926,9.040000000000001,1.326936478100515,20260612,20260612,1.0329059999999999
000001.SZ,1d,2016-09-27,6.8126848188999904,6.83529328621935,6.790076351580633,6.827757130446231,401323.0,362769231.03,20160927,9.06,1.326936478100515,20260612,20260612,1.0329059999999999
000001.SZ,1d,2016-09-28,6.827757130446229,6.827757130446229,6.805148663126872,6.82022097467311,271366.0,245499467.89,20160928,9.049999999999999,1.326936478100515,20260612,20260612,1.0329059999999999
000001.SZ,1d,2016-09-29,6.820220974673111,6.842829441992469,6.820220974673111,6.827757130446231,303664.0,275239667.40999997,20160929,9.06,1.326936478100515,20260612,20260612,1.0329059999999999
000001.SZ,1d,2016-09-30,6.827757130446231,6.857901753538709,6.820220974673111,6.83529328621935,308084.0,279526475.64000005,20160930,9.07,1.326936478100515,20260612,20260612,1.0329059999999999
000001.SZ,1d,2016-10-10,6.857901753538708,6.910654843950544,6.842829441992469,6.8729740650849465,611381.0,557122276.5,20161010,9.12,1.326936478100515,20260612,20260612,1.0329059999999999
000001.SZ,1d,2016-10-11,6.880510220858066,6.895582532404305,6.865437909311827,6.895582532404305,363370.0,331886515.46000004,20161011,9.149999999999999,1.326936478100515,20260612,20260612,1.0329059999999999
000001.SZ,1d,2016-10-12,6.888046376631187,6.903118688177425,6.872974065084948,6.880510220858067,270316.0,246995531.01,20161012,9.13,1.326936478100515,20260612,20260612,1.0329059999999999
000001.SZ,1d,2016-10-13,6.842829441992469,6.8654379093118285,6.820220974673111,6.83529328621935,632367.0,574142476.2700001,20161013,9.07,1.326936478100515,20260612,20260612,1.0329059999999999
000001.SZ,1d,2016-10-14,6.827757130446231,6.85036559776559,6.812684818899992,6.85036559776559,335411.0,304218676.83,20161014,9.090000000000002,1.326936478100515,20260612,20260612,1.0329059999999999
000001.SZ,1d,2016-10-17,6.842829441992469,6.850365597765588,6.805148663126872,6.82022097467311,359223.0,325582450.32,20161017,9.049999999999999,1.326936478100515,20260612,20260612,1.0329059999999999
000001.SZ,1d,2016-10-18,6.805148663126872,6.850365597765588,6.805148663126872,6.850365597765588,593737.0,537784120.36,20161018,9.09,1.326936478100515,20260612,20260612,1.0329059999999999
000001.SZ,1d,2016-10-19,6.850365597765588,6.8654379093118285,6.820220974673111,6.842829441992469,482636.0,438299029.51,20161019,9.08,1.326936478100515,20260612,20260612,1.0329059999999999
000001.SZ,1d,2016-10-20,6.842829441992469,6.850365597765588,6.820220974673111,6.83529328621935,342844.0,310966016.7,20161020,9.07,1.326936478100515,20260612,20260612,1.0329059999999999
000001.SZ,1d,2016-10-21,6.842829441992469,6.880510220858067,6.827757130446231,6.880510220858067,683896.0,621549844.97,20161021,9.13,1.326936478100515,20260612,20260612,1.0329059999999999
000001.SZ,1d,2016-10-24,6.880510220858067,7.008624869001098,6.872974065084948,6.9634079343623805,915677.0,844746080.61,20161024,9.24,1.326936478100515,20260612,20260612,1.0329059999999999
000001.SZ,1d,2016-10-25,6.9709440901355,6.978480245908619,6.918190999723664,6.940799467043021,500752.0,461542701.14000005,20161025,9.209999999999999,1.326936478100515,20260612,20260612,1.0329059999999999
000001.SZ,1d,2016-10-26,6.948335622816142,6.948335622816142,6.880510220858067,6.895582532404306,440452.0,403750809.07000005,20161026,9.15,1.326936478100515,20260612,20260612,1.0329059999999999
000001.SZ,1d,2016-10-27,6.903118688177425,6.910654843950546,6.872974065084948,6.903118688177425,324140.0,296216914.82,20161027,9.16,1.326936478100515,20260612,20260612,1.0329059999999999
000001.SZ,1d,2016-10-28,6.903118688177425,6.955871778589262,6.888046376631187,6.910654843950544,541997.0,497615050.8,20161028,9.17,1.326936478100515,20260612,20260612,1.0329059999999999
000001.SZ,1d,2016-10-31,6.895582532404306,6.903118688177425,6.850365597765588,6.895582532404306,493596.0,450148883.09,20161031,9.15,1.326936478100515,20260612,20260612,1.0329059999999999
000001.SZ,1d,2016-11-01,6.888046376631185,6.903118688177425,6.865437909311827,6.888046376631185,525415.0,480117542.32000005,20161101,9.139999999999999,1.326936478100515,20260612,20260612,1.0329059999999999
000001.SZ,1d,2016-11-02,6.888046376631187,6.888046376631187,6.820220974673111,6.83529328621935,633586.0,576083788.2400001,20161102,9.07,1.326936478100515,20260612,20260612,1.0329059999999999
000001.SZ,1d,2016-11-03,6.827757130446231,6.888046376631187,6.820220974673111,6.880510220858067,616871.0,561464947.1899999,20161103,9.13,1.326936478100515,20260612,20260612,1.0329059999999999
000001.SZ,1d,2016-11-04,6.865437909311827,6.910654843950544,6.857901753538708,6.865437909311827,508117.0,463831938.55,20161104,9.11,1.326936478100515,20260612,20260612,1.0329059999999999
000001.SZ,1d,2016-11-07,6.857901753538708,6.872974065084948,6.83529328621935,6.872974065084948,497240.0,452447930.56000006,20161107,9.120000000000001,1.326936478100515,20260612,20260612,1.0329059999999999
000001.SZ,1d,2016-11-08,6.8729740650849465,6.895582532404306,6.857901753538708,6.895582532404306,806694.0,736747217.08,20161108,9.15,1.326936478100515,20260612,20260612,1.0329059999999999
000001.SZ,1d,2016-11-09,6.888046376631187,6.888046376631187,6.790076351580633,6.83529328621935,722616.0,656061960.6999999,20161109,9.07,1.326936478100515,20260612,20260612,1.0329059999999999
000001.SZ,1d,2016-11-10,6.857901753538708,6.903118688177425,6.857901753538708,6.888046376631185,631998.0,576898452.74,20161110,9.139999999999999,1.326936478100515,20260612,20260612,1.0329059999999999
000001.SZ,1d,2016-11-11,6.888046376631185,6.918190999723664,6.865437909311827,6.918190999723664,812269.0,742969896.6100001,20161111,9.18,1.326936478100515,20260612,20260612,1.0329059999999999
000001.SZ,1d,2016-11-14,6.903118688177425,6.9709440901355,6.903118688177425,6.948335622816142,975078.0,898058354.0100001,20161114,9.22,1.326936478100515,20260612,20260612,1.0329059999999999
000001.SZ,1d,2016-11-15,6.9332633112699025,6.9634079343623805,6.918190999723664,6.955871778589262,554342.0,510596178.35,20161115,9.23,1.326936478100515,20260612,20260612,1.0329059999999999
000001.SZ,1d,2016-11-16,6.955871778589262,6.9634079343623805,6.933263311269903,6.955871778589262,415842.0,383425739.88,20161116,9.23,1.326936478100515,20260612,20260612,1.0329059999999999
000001.SZ,1d,2016-11-17,6.948335622816141,6.948335622816141,6.918190999723664,6.940799467043021,505324.0,464611128.37,20161117,9.209999999999999,1.326936478100515,20260612,20260612,1.0329059999999999
000001.SZ,1d,2016-11-18,6.940799467043023,6.940799467043023,6.903118688177425,6.918190999723664,517597.0,475289972.51000005,20161118,9.18,1.326936478100515,20260612,20260612,1.0329059999999999
000001.SZ,1d,2016-11-21,6.918190999723664,6.993552557454858,6.910654843950544,6.9634079343623805,850243.0,785475676.61,20161121,9.24,1.326936478100515,20260612,20260612,1.0329059999999999
000001.SZ,1d,2016-11-22,6.9634079343623805,7.053841803639815,6.955871778589262,7.053841803639815,1180256.0,1097408714.34,20161122,9.360000000000001,1.326936478100515,20260612,20260612,1.0329059999999999
000001.SZ,1d,2016-11-23,7.038769492093575,7.204564919102204,7.038769492093575,7.1216672055978885,1752869.0,1660465709.36,20161123,9.45,1.326936478100515,20260612,20260612,1.0329059999999999
000001.SZ,1d,2016-11-24,7.11413104982477,7.174420296009725,7.099058738278531,7.136739517144129,779748.0,738580569.2900001,20161124,9.47,1.326936478100515,20260612,20260612,1.0329059999999999
000001.SZ,1d,2016-11-25,7.144275672917248,7.249781853740921,7.129203361371009,7.249781853740921,1013674.0,968127766.3299999,20161125,9.620000000000001,1.326936478100515,20260612,20260612,1.0329059999999999
000001.SZ,1d,2016-11-28,7.302534944152756,7.370360346110831,7.234709542194681,7.257318009514039,1279689.0,1240686233.53,20161128,9.629999999999999,1.326936478100515,20260612,20260612,1.0329059999999999
000001.SZ,1d,2016-11-29,7.227173386421562,7.310071099925876,7.197028763329084,7.249781853740921,887779.0,854308658.4000001,20161129,9.620000000000001,1.326936478100515,20260612,20260612,1.0329059999999999
000001.SZ,1d,2016-11-30,7.2723903210602785,7.325143411472115,7.159347984463486,7.197028763329084,1025963.0,985758449.84,20161130,9.55,1.326936478100515,20260612,20260612,1.0329059999999999
000001.SZ,1d,2016-12-01,7.212101074875323,7.25731800951404,7.197028763329084,7.2347095421946825,646004.0,619633746.85,20161201,9.600000000000001,1.326936478100515,20260612,20260612,1.0329059999999999
000001.SZ,1d,2016-12-02,7.234709542194681,7.234709542194681,7.11413104982477,7.197028763329083,829686.0,790044441.9300001,20161202,9.549999999999999,1.326936478100515,20260612,20260612,1.0329059999999999
000001.SZ,1d,2016-12-05,7.159347984463486,7.189492607555965,7.091522582505411,7.129203361371009,764365.0,723222053.6400001,20161205,9.46,1.326936478100515,20260612,20260612,1.0329059999999999
000001.SZ,1d,2016-12-06,7.144275672917248,7.1744202960097265,7.12166720559789,7.151811828690367,602902.0,571585177.5,20161206,9.49,1.326936478100515,20260612,20260612,1.0329059999999999
000001.SZ,1d,2016-12-07,7.144275672917248,7.151811828690367,7.091522582505411,7.144275672917248,493404.0,466085503.37,20161207,9.48,1.326936478100515,20260612,20260612,1.0329059999999999
000001.SZ,1d,2016-12-08,7.159347984463486,7.197028763329083,7.10659489405165,7.174420296009725,671452.0,638058504.08,20161208,9.52,1.326936478100515,20260612,20260612,1.0329059999999999
000001.SZ,1d,2016-12-09,7.159347984463486,7.347751878791473,7.144275672917248,7.2723903210602785,1514199.0,1460778328.2,20161209,9.65,1.326936478100515,20260612,20260612,1.0329059999999999
000001.SZ,1d,2016-12-12,7.2723903210602785,7.362824190337712,7.11413104982477,7.159347984463486,1256874.0,1206662616.99,20161212,9.5,1.326936478100515,20260612,20260612,1.0329059999999999
000001.SZ,1d,2016-12-13,7.144275672917248,7.159347984463486,7.031233336320455,7.099058738278531,645771.0,607769965.5799999,20161213,9.42,1.326936478100515,20260612,20260612,1.0329059999999999
000001.SZ,1d,2016-12-14,7.099058738278531,7.166884140236606,7.0839864267322925,7.0839864267322925,597705.0,564787516.4599999,20161214,9.4,1.326936478100515,20260612,20260612,1.0329059999999999
000001.SZ,1d,2016-12-15,7.061377959412934,7.091522582505411,6.940799467043023,6.9709440901355,827612.0,767751835.57,20161215,9.25,1.326936478100515,20260612,20260612,1.0329059999999999
000001.SZ,1d,2016-12-16,6.9634079343623805,7.001088713227978,6.940799467043023,6.9709440901355,396813.0,366925349.32000005,20161216,9.25,1.326936478100515,20260612,20260612,1.0329059999999999
000001.SZ,1d,2016-12-19,6.948335622816142,6.955871778589262,6.910654843950544,6.9332633112699025,494010.0,453899744.36,20161219,9.2,1.326936478100515,20260612,20260612,1.0329059999999999
000001.SZ,1d,2016-12-20,6.9332633112699025,6.9332633112699025,6.842829441992469,6.865437909311827,636638.0,580118167.69,20161220,9.11,1.326936478100515,20260612,20260612,1.0329059999999999
000001.SZ,1d,2016-12-21,6.8729740650849465,6.903118688177425,6.865437909311827,6.903118688177425,369920.0,338201446.46000004,20161221,9.16,1.326936478100515,20260612,20260612,1.0329059999999999
000001.SZ,1d,2016-12-22,6.895582532404305,6.903118688177425,6.865437909311827,6.888046376631185,341341.0,311546856.93,20161222,9.139999999999999,1.326936478100515,20260612,20260612,1.0329059999999999
000001.SZ,1d,2016-12-23,6.888046376631187,6.888046376631187,6.83529328621935,6.842829441992469,382912.0,348140451.36999995,20161223,9.08,1.326936478100515,20260612,20260612,1.0329059999999999
000001.SZ,1d,2016-12-26,6.827757130446229,6.880510220858066,6.797612507353752,6.8729740650849465,302058.0,273934287.19,20161226,9.12,1.326936478100515,20260612,20260612,1.0329059999999999
000001.SZ,1d,2016-12-27,6.872974065084948,6.880510220858067,6.83529328621935,6.842829441992469,268841.0,244788273.85999998,20161227,9.08,1.326936478100515,20260612,20260612,1.0329059999999999
000001.SZ,1d,2016-12-28,6.842829441992469,6.8654379093118285,6.812684818899992,6.827757130446231,336055.0,304898614.02,20161228,9.06,1.326936478100515,20260612,20260612,1.0329059999999999
000001.SZ,1d,2016-12-29,6.83529328621935,6.850365597765588,6.820220974673111,6.842829441992469,338758.0,307183503.28,20161229,9.08,1.326936478100515,20260612,20260612,1.0329059999999999
000001.SZ,1d,2016-12-30,6.842829441992469,6.857901753538708,6.827757130446231,6.857901753538708,302607.0,274882698.47,20161230,9.1,1.326936478100515,20260612,20260612,1.0329059999999999
000001.SZ,1d,2017-01-03,6.865437909311827,6.918190999723664,6.850365597765588,6.903118688177425,459840.0,420595176.46000004,20170103,9.16,1.326936478100515,20260612,20260612,1.0329059999999999
000001.SZ,1d,2017-01-04,6.895582532404306,6.918190999723664,6.888046376631187,6.903118688177425,449329.0,411503444.03,20170104,9.16,1.326936478100515,20260612,20260612,1.0329059999999999
000001.SZ,1d,2017-01-05,6.910654843950544,6.918190999723664,6.895582532404306,6.910654843950544,344372.0,315769693.5,20170105,9.17,1.326936478100515,20260612,20260612,1.0329059999999999
000001.SZ,1d,2017-01-06,6.910654843950544,6.910654843950544,6.865437909311827,6.880510220858066,358154.0,327176433.93,20170106,9.129999999999999,1.326936478100515,20260612,20260612,1.0329059999999999
000001.SZ,1d,2017-01-09,6.880510220858066,6.910654843950544,6.865437909311827,6.895582532404305,361081.0,329994604.0,20170109,9.149999999999999,1.326936478100515,20260612,20260612,1.0329059999999999
000001.SZ,1d,2017-01-10,6.895582532404306,6.903118688177425,6.888046376631187,6.895582532404306,241053.0,220575131.96,20170110,9.15,1.326936478100515,20260612,20260612,1.0329059999999999
000001.SZ,1d,2017-01-11,6.888046376631187,6.910654843950544,6.880510220858067,6.888046376631187,303430.0,277553207.26000005,20170111,9.14,1.326936478100515,20260612,20260612,1.0329059999999999
000001.SZ,1d,2017-01-12,6.880510220858067,6.910654843950544,6.880510220858067,6.895582532404306,428006.0,391869402.76,20170112,9.15,1.326936478100515,20260612,20260612,1.0329059999999999
000001.SZ,1d,2017-01-13,6.888046376631187,6.9257271554967845,6.872974065084948,6.903118688177425,434301.0,397601906.25,20170113,9.16,1.326936478100515,20260612,20260612,1.0329059999999999
000001.SZ,1d,2017-01-16,6.895582532404306,6.903118688177425,6.83529328621935,6.888046376631187,683165.0,623025820.2700001,20170116,9.14,1.326936478100515,20260612,20260612,1.0329059999999999
000001.SZ,1d,2017-01-17,6.8729740650849465,6.903118688177425,6.857901753538708,6.895582532404306,545552.0,498179703.17,20170117,9.15,1.326936478100515,20260612,20260612,1.0329059999999999
000001.SZ,1d,2017-01-18,6.888046376631187,6.9257271554967845,6.880510220858067,6.910654843950544,574269.0,526426595.69000006,20170118,9.17,1.326936478100515,20260612,20260612,1.0329059999999999
000001.SZ,1d,2017-01-19,6.895582532404306,6.9634079343623805,6.895582532404306,6.918190999723664,437712.0,402445639.34,20170119,9.18,1.326936478100515,20260612,20260612,1.0329059999999999
000001.SZ,1d,2017-01-20,6.910654843950544,6.955871778589262,6.910654843950544,6.948335622816142,393328.0,361865155.13000005,20170120,9.22,1.326936478100515,20260612,20260612,1.0329059999999999
000001.SZ,1d,2017-01-23,6.948335622816142,6.978480245908621,6.933263311269903,6.948335622816142,420299.0,388019072.55999994,20170123,9.22,1.326936478100515,20260612,20260612,1.0329059999999999
000001.SZ,1d,2017-01-24,6.955871778589262,6.993552557454859,6.933263311269903,6.98601640168174,470244.0,434787729.13000005,20170124,9.270000000000001,1.326936478100515,20260612,20260612,1.0329059999999999
000001.SZ,1d,2017-01-25,6.986016401681739,6.993552557454858,6.9709440901355,6.978480245908619,304401.0,281976294.07000005,20170125,9.26,1.326936478100515,20260612,20260612,1.0329059999999999
000001.SZ,1d,2017-01-26,6.986016401681739,7.038769492093575,6.978480245908619,7.031233336320455,420712.0,391844286.24,20170126,9.33,1.326936478100515,20260612,20260612,1.0329059999999999
000001.SZ,1d,2017-02-03,7.038769492093575,7.053841803639815,6.955871778589262,6.978480245908619,315472.0,292617943.26000005,20170203,9.26,1.326936478100515,20260612,20260612,1.0329059999999999
000001.SZ,1d,2017-02-06,6.978480245908619,7.0236971805473365,6.978480245908619,7.016161024774217,516786.0,480441331.03999996,20170206,9.31,1.326936478100515,20260612,20260612,1.0329059999999999
000001.SZ,1d,2017-02-07,7.016161024774216,7.0236971805473365,6.986016401681739,7.008624869001096,396884.0,368755274.2,20170207,9.299999999999999,1.326936478100515,20260612,20260612,1.0329059999999999
000001.SZ,1d,2017-02-08,7.001088713227978,7.008624869001098,6.9634079343623805,7.008624869001098,360272.0,333975401.82000005,20170208,9.3,1.326936478100515,20260612,20260612,1.0329059999999999
000001.SZ,1d,2017-02-09,7.008624869001096,7.031233336320455,6.993552557454858,7.016161024774216,342855.0,319201023.28000003,20170209,9.309999999999999,1.326936478100515,20260612,20260612,1.0329059999999999
000001.SZ,1d,2017-02-10,7.0236971805473365,7.053841803639815,7.016161024774217,7.031233336320455,482743.0,450701345.31000006,20170210,9.33,1.326936478100515,20260612,20260612,1.0329059999999999
000001.SZ,1d,2017-02-13,7.038769492093575,7.11413104982477,7.031233336320455,7.091522582505411,638364.0,599951024.32,20170213,9.41,1.326936478100515,20260612,20260612,1.0329059999999999
000001.SZ,1d,2017-02-14,7.091522582505411,7.099058738278532,7.061377959412934,7.0839864267322925,362404.0,340318431.40000004,20170214,9.4,1.326936478100515,20260612,20260612,1.0329059999999999
000001.SZ,1d,2017-02-15,7.0839864267322925,7.189492607555965,7.076450270959173,7.12166720559789,756613.0,716759655.28,20170215,9.450000000000001,1.326936478100515,20260612,20260612,1.0329059999999999
000001.SZ,1d,2017-02-16,7.1216672055978885,7.159347984463486,7.099058738278531,7.129203361371008,411161.0,388636225.1999999,20170216,9.459999999999999,1.326936478100515,20260612,20260612,1.0329059999999999
000001.SZ,1d,2017-02-17,7.129203361371009,7.151811828690367,7.061377959412934,7.076450270959173,423774.0,400161795.09,20170217,9.39,1.326936478100515,20260612,20260612,1.0329059999999999
000001.SZ,1d,2017-02-20,7.0839864267322925,7.219637230648442,7.0839864267322925,7.204564919102204,898755.0,855710805.5000001,20170220,9.56,1.326936478100515,20260612,20260612,1.0329059999999999
000001.SZ,1d,2017-02-21,7.197028763329084,7.249781853740921,7.189492607555965,7.212101074875323,646584.0,618761069.26,20170221,9.57,1.326936478100515,20260612,20260612,1.0329059999999999
000001.SZ,1d,2017-02-22,7.212101074875323,7.212101074875323,7.159347984463486,7.212101074875323,462966.0,441528339.71,20170222,9.57,1.326936478100515,20260612,20260612,1.0329059999999999
000001.SZ,1d,2017-02-23,7.197028763329084,7.212101074875323,7.144275672917248,7.166884140236606,335327.0,319293836.59,20170223,9.51,1.326936478100515,20260612,20260612,1.0329059999999999
000001.SZ,1d,2017-02-24,7.159347984463486,7.189492607555965,7.144275672917248,7.159347984463486,332500.0,316020789.4,20170224,9.5,1.326936478100515,20260612,20260612,1.0329059999999999
000001.SZ,1d,2017-02-27,7.159347984463486,7.159347984463486,7.099058738278531,7.10659489405165,407341.0,384781015.65000004,20170227,9.43,1.326936478100515,20260612,20260612,1.0329059999999999
000001.SZ,1d,2017-02-28,7.10659489405165,7.166884140236606,7.099058738278531,7.144275672917248,369719.0,350366892.5,20170228,9.48,1.326936478100515,20260612,20260612,1.0329059999999999
000001.SZ,1d,2017-03-01,7.151811828690367,7.197028763329084,7.136739517144129,7.151811828690367,346993.0,330157963.40000004,20170301,9.49,1.326936478100515,20260612,20260612,1.0329059999999999
000001.SZ,1d,2017-03-02,7.166884140236606,7.189492607555963,7.099058738278531,7.10659489405165,403628.0,382395883.84000003,20170302,9.43,1.326936478100515,20260612,20260612,1.0329059999999999
000001.SZ,1d,2017-03-03,7.091522582505411,7.10659489405165,7.053841803639814,7.083986426732291,342655.0,321952549.22,20170303,9.399999999999999,1.326936478100515,20260612,20260612,1.0329059999999999
000001.SZ,1d,2017-03-06,7.0839864267322925,7.129203361371009,7.076450270959173,7.12166720559789,404511.0,381212304.19000006,20170306,9.450000000000001,1.326936478100515,20260612,20260612,1.0329059999999999
000001.SZ,1d,2017-03-07,7.11413104982477,7.129203361371009,7.0839864267322925,7.12166720559789,294672.0,277747415.4200001,20170307,9.450000000000001,1.326936478100515,20260612,20260612,1.0329059999999999
000001.SZ,1d,2017-03-08,7.10659489405165,7.12166720559789,7.0839864267322925,7.099058738278531,244438.0,230425150.54000002,20170308,9.42,1.326936478100515,20260612,20260612,1.0329059999999999
000001.SZ,1d,2017-03-09,7.091522582505411,7.10659489405165,7.053841803639814,7.068914115186052,378169.0,354813687.5,20170309,9.379999999999999,1.326936478100515,20260612,20260612,1.0329059999999999
000001.SZ,1d,2017-03-10,7.068914115186052,7.091522582505411,7.053841803639814,7.083986426732291,390182.0,366140052.24,20170310,9.399999999999999,1.326936478100515,20260612,20260612,1.0329059999999999
000001.SZ,1d,2017-03-13,7.076450270959173,7.12166720559789,7.061377959412934,7.1141310498247705,545304.0,513148481.04,20170313,9.440000000000001,1.326936478100515,20260612,20260612,1.0329059999999999
000001.SZ,1d,2017-03-14,7.10659489405165,7.129203361371009,7.091522582505411,7.11413104982477,404484.0,381594066.95,20170314,9.44,1.326936478100515,20260612,20260612,1.0329059999999999
000001.SZ,1d,2017-03-15,7.099058738278531,7.144275672917248,7.099058738278531,7.144275672917248,546560.0,515943748.1,20170315,9.48,1.326936478100515,20260612,20260612,1.0329059999999999
000001.SZ,1d,2017-03-16,7.144275672917248,7.181956451782845,7.12166720559789,7.1744202960097265,635953.0,603450064.0699999,20170316,9.520000000000001,1.326936478100515,20260612,20260612,1.0329059999999999
000001.SZ,1d,2017-03-17,7.12166720559789,7.129203361371009,7.008624869001098,7.016161024774217,1583647.0,1482736995.3700001,20170317,9.31,1.326936478100515,20260612,20260612,1.0329059999999999
000001.SZ,1d,2017-03-20,7.001088713227978,7.016161024774217,6.948335622816142,6.9709440901355,715021.0,661887015.08,20170320,9.25,1.326936478100515,20260612,20260612,1.0329059999999999
000001.SZ,1d,2017-03-21,6.970944090135501,6.978480245908621,6.933263311269903,6.9634079343623805,554648.0,511914333.09000003,20170321,9.24,1.326936478100515,20260612,20260612,1.0329059999999999
000001.SZ,1d,2017-03-22,6.933263311269903,6.948335622816142,6.888046376631187,6.903118688177425,566123.0,519331026.2700001,20170322,9.16,1.326936478100515,20260612,20260612,1.0329059999999999
000001.SZ,1d,2017-03-23,6.903118688177425,6.9634079343623805,6.895582532404306,6.933263311269903,433588.0,398986562.09000003,20170323,9.200000000000001,1.326936478100515,20260612,20260612,1.0329059999999999
000001.SZ,1d,2017-03-24,6.9332633112699025,6.9634079343623805,6.903118688177425,6.925727155496783,710827.0,653533829.8800001,20170324,9.19,1.326936478100515,20260612,20260612,1.0329059999999999
000001.SZ,1d,2017-03-27,6.8729740650849465,6.925727155496783,6.842829441992469,6.888046376631187,985012.0,900094460.9200001,20170327,9.14,1.326936478100515,20260612,20260612,1.0329059999999999
000001.SZ,1d,2017-03-28,6.903118688177425,6.910654843950544,6.857901753538708,6.8729740650849465,481372.0,439405816.17,20170328,9.12,1.326936478100515,20260612,20260612,1.0329059999999999
000001.SZ,1d,2017-03-29,6.880510220858066,6.895582532404306,6.850365597765588,6.865437909311827,601140.0,548060692.96,20170329,9.11,1.326936478100515,20260612,20260612,1.0329059999999999
000001.SZ,1d,2017-03-30,6.872974065084948,6.872974065084948,6.827757130446231,6.842829441992469,687285.0,623995512.84,20170330,9.08,1.326936478100515,20260612,20260612,1.0329059999999999
000001.SZ,1d,2017-03-31,6.842829441992469,6.918190999723664,6.842829441992469,6.910654843950544,633121.0,578579035.11,20170331,9.17,1.326936478100515,20260612,20260612,1.0329059999999999
000001.SZ,1d,2017-04-05,6.903118688177425,6.948335622816142,6.895582532404306,6.940799467043023,499150.0,458567834.2,20170405,9.21,1.326936478100515,20260612,20260612,1.0329059999999999
000001.SZ,1d,2017-04-06,6.9332633112699025,6.948335622816142,6.910654843950544,6.9332633112699025,434391.0,399118983.36,20170406,9.2,1.326936478100515,20260612,20260612,1.0329059999999999
000001.SZ,1d,2017-04-07,6.925727155496783,6.948335622816142,6.910654843950544,6.9332633112699025,514844.0,473366404.45000005,20170407,9.2,1.326936478100515,20260612,20260612,1.0329059999999999
000001.SZ,1d,2017-04-10,6.9332633112699025,6.940799467043021,6.910654843950544,6.918190999723664,401343.0,368682024.90000004,20170410,9.18,1.326936478100515,20260612,20260612,1.0329059999999999
000001.SZ,1d,2017-04-11,6.910654843950544,6.925727155496783,6.850365597765588,6.895582532404306,612437.0,560304072.91,20170411,9.15,1.326936478100515,20260612,20260612,1.0329059999999999
000001.SZ,1d,2017-04-12,6.903118688177425,6.910654843950544,6.857901753538708,6.8729740650849465,455336.0,416101249.02,20170412,9.12,1.326936478100515,20260612,20260612,1.0329059999999999
000001.SZ,1d,2017-04-13,6.865437909311827,6.888046376631185,6.857901753538708,6.8729740650849465,357442.0,325949861.06,20170413,9.12,1.326936478100515,20260612,20260612,1.0329059999999999
000001.SZ,1d,2017-04-14,6.8654379093118285,6.872974065084948,6.827757130446231,6.842829441992469,490500.0,445637458.07,20170414,9.08,1.326936478100515,20260612,20260612,1.0329059999999999
000001.SZ,1d,2017-04-17,6.842829441992469,6.8654379093118285,6.820220974673111,6.857901753538709,531892.0,483130499.71999997,20170417,9.100000000000001,1.326936478100515,20260612,20260612,1.0329059999999999
000001.SZ,1d,2017-04-18,6.850365597765588,6.857901753538709,6.820220974673111,6.820220974673111,335376.0,304162860.29,20170418,9.05,1.326936478100515,20260612,20260612,1.0329059999999999
000001.SZ,1d,2017-04-19,6.8051486631268725,6.812684818899992,6.70717863807632,6.7147147938494385,799668.0,714963673.1400001,20170419,8.91,1.326936478100515,20260612,20260612,1.0329059999999999
000001.SZ,1d,2017-04-20,6.70717863807632,6.737323261168798,6.6996424823032,6.722250949622558,437629.0,390063543.84000003,20170420,8.92,1.326936478100515,20260612,20260612,1.0329059999999999
000001.SZ,1d,2017-04-21,6.722250949622558,6.7750040400343945,6.70717863807632,6.759931728488156,325408.0,291126076.24,20170421,8.97,1.326936478100515,20260612,20260612,1.0329059999999999
000001.SZ,1d,2017-04-24,6.759931728488156,6.767467884261275,6.6996424823032,6.729787105395677,394995.0,352926394.67,20170424,8.93,1.326936478100515,20260612,20260612,1.0329059999999999
000001.SZ,1d,2017-04-25,6.729787105395677,6.790076351580633,6.729787105395677,6.782540195807513,377933.0,339230143.96999997,20170425,9.0,1.326936478100515,20260612,20260612,1.0329059999999999
000001.SZ,1d,2017-04-26,6.782540195807513,6.790076351580634,6.752395572715036,6.7750040400343945,382147.0,343316092.51000005,20170426,8.99,1.326936478100515,20260612,20260612,1.0329059999999999
000001.SZ,1d,2017-04-27,6.759931728488156,6.767467884261275,6.7147147938494385,6.759931728488156,387392.0,346186989.88,20170427,8.97,1.326936478100515,20260612,20260612,1.0329059999999999
000001.SZ,1d,2017-04-28,6.752395572715035,6.7750040400343945,6.722250949622558,6.7750040400343945,286446.0,256106698.72,20170428,8.99,1.326936478100515,20260612,20260612,1.0329059999999999
000001.SZ,1d,2017-05-02,6.752395572715036,6.752395572715036,6.70717863807632,6.737323261168797,311026.0,277665881.67,20170502,8.94,1.326936478100515,20260612,20260612,1.0329059999999999
000001.SZ,1d,2017-05-03,6.722250949622558,6.729787105395677,6.6996424823032,6.7147147938494385,280310.0,249660877.22,20170503,8.91,1.326936478100515,20260612,20260612,1.0329059999999999
000001.SZ,1d,2017-05-04,6.6996424823032,6.6996424823032,6.571527834160169,6.586600145706408,696517.0,613783434.3100001,20170504,8.74,1.326936478100515,20260612,20260612,1.0329059999999999
000001.SZ,1d,2017-05-05,6.586600145706408,6.601672457252646,6.4660216533364965,6.503702432202094,623700.0,539541739.86,20170505,8.63,1.326936478100515,20260612,20260612,1.0329059999999999
000001.SZ,1d,2017-05-08,6.481093964882736,6.4961662764289745,6.435877030244019,6.458485497563377,460089.0,394424117.19,20170508,8.57,1.326936478100515,20260612,20260612,1.0329059999999999
000001.SZ,1d,2017-05-09,6.450949341790258,6.511238587975213,6.443413186017138,6.511238587975213,324194.0,279119676.49,20170509,8.64,1.326936478100515,20260612,20260612,1.0329059999999999
000001.SZ,1d,2017-05-10,6.503702432202094,6.631817080345125,6.4961662764289745,6.533847055294573,573077.0,498675307.83000004,20170510,8.670000000000002,1.326936478100515,20260612,20260612,1.0329059999999999
000001.SZ,1d,2017-05-11,6.518774743748333,6.571527834160168,6.481093964882735,6.55645552261393,503643.0,436444282.31000006,20170511,8.7,1.326936478100515,20260612,20260612,1.0329059999999999
000001.SZ,1d,2017-05-12,6.541383211067691,6.70717863807632,6.511238587975213,6.70717863807632,917968.0,809131900.1400001,20170512,8.9,1.326936478100515,20260612,20260612,1.0329059999999999
000001.SZ,1d,2017-05-15,6.6996424823032,6.744859416941917,6.639353236118244,6.677034014983842,536578.0,476417671.71999997,20170515,8.860000000000001,1.326936478100515,20260612,20260612,1.0329059999999999
000001.SZ,1d,2017-05-16,6.661961703437602,6.669497859210721,6.579063989933289,6.661961703437602,524872.0,461069300.97,20170516,8.84,1.326936478100515,20260612,20260612,1.0329059999999999
000001.SZ,1d,2017-05-17,6.639353236118244,6.639353236118244,6.594136301479527,6.609208613025766,417338.0,365987542.61,20170517,8.77,1.326936478100515,20260612,20260612,1.0329059999999999
000001.SZ,1d,2017-05-18,6.571527834160169,6.609208613025767,6.56399167838705,6.579063989933289,227401.0,198765579.76000002,20170518,8.73,1.326936478100515,20260612,20260612,1.0329059999999999
000001.SZ,1d,2017-05-19,6.586600145706408,6.601672457252646,6.541383211067691,6.54891936684081,294270.0,256396867.64000002,20170519,8.69,1.326936478100515,20260612,20260612,1.0329059999999999
000001.SZ,1d,2017-05-22,6.541383211067691,6.579063989933287,6.488630120655854,6.541383211067691,679120.0,588546725.07,20170522,8.68,1.326936478100515,20260612,20260612,1.0329059999999999
000001.SZ,1d,2017-05-23,6.533847055294571,6.661961703437602,6.511238587975213,6.624280924572005,800040.0,702123772.9800001,20170523,8.790000000000001,1.326936478100515,20260612,20260612,1.0329059999999999
000001.SZ,1d,2017-05-24,6.616744768798885,6.6544255476644825,6.541383211067691,6.639353236118244,532376.0,466560635.92,20170524,8.81,1.326936478100515,20260612,20260612,1.0329059999999999
000001.SZ,1d,2017-05-25,6.6242809245720045,6.888046376631185,6.616744768798885,6.857901753538708,1621543.0,1462763018.52,20170525,9.1,1.326936478100515,20260612,20260612,1.0329059999999999
000001.SZ,1d,2017-05-26,6.842829441992469,6.880510220858067,6.812684818899992,6.857901753538709,895365.0,813387170.15,20170526,9.100000000000001,1.326936478100515,20260612,20260612,1.0329059999999999
000001.SZ,1d,2017-05-31,6.857901753538708,6.955871778589262,6.827757130446231,6.933263311269903,1033210.0,948741889.7,20170531,9.200000000000001,1.326936478100515,20260612,20260612,1.0329059999999999
000001.SZ,1d,2017-06-01,6.933263311269903,6.955871778589262,6.872974065084948,6.9257271554967845,566182.0,519544675.84,20170601,9.190000000000001,1.326936478100515,20260612,20260612,1.0329059999999999
000001.SZ,1d,2017-06-02,6.918190999723664,7.001088713227978,6.888046376631187,6.910654843950544,770757.0,710119498.0999999,20170602,9.17,1.326936478100515,20260612,20260612,1.0329059999999999
000001.SZ,1d,2017-06-05,6.880510220858067,6.910654843950544,6.7750040400343945,6.805148663126872,634132.0,573460396.83,20170605,9.03,1.326936478100515,20260612,20260612,1.0329059999999999
000001.SZ,1d,2017-06-06,6.790076351580633,6.827757130446231,6.7750040400343945,6.812684818899992,355341.0,320520904.30999994,20170606,9.040000000000001,1.326936478100515,20260612,20260612,1.0329059999999999
000001.SZ,1d,2017-06-07,6.797612507353752,6.895582532404306,6.790076351580633,6.880510220858066,645723.0,587357671.1600001,20170607,9.129999999999999,1.326936478100515,20260612,20260612,1.0329059999999999
000001.SZ,1d,2017-06-08,6.865437909311827,6.895582532404306,6.842829441992469,6.880510220858067,383004.0,348860774.29999995,20170608,9.13,1.326936478100515,20260612,20260612,1.0329059999999999
000001.SZ,1d,2017-06-09,6.895582532404306,6.948335622816142,6.872974065084948,6.895582532404306,685468.0,628281688.31,20170609,9.15,1.326936478100515,20260612,20260612,1.0329059999999999
000001.SZ,1d,2017-06-12,6.895582532404306,6.925727155496783,6.857901753538708,6.865437909311827,504578.0,461493689.83,20170612,9.11,1.326936478100515,20260612,20260612,1.0329059999999999
000001.SZ,1d,2017-06-13,6.8654379093118285,6.888046376631187,6.820220974673111,6.872974065084948,448434.0,407876695.89000005,20170613,9.120000000000001,1.326936478100515,20260612,20260612,1.0329059999999999
000001.SZ,1d,2017-06-14,6.872974065084948,6.880510220858067,6.812684818899992,6.842829441992469,375444.0,340596135.74,20170614,9.08,1.326936478100515,20260612,20260612,1.0329059999999999
000001.SZ,1d,2017-06-15,6.842829441992469,6.842829441992469,6.805148663126872,6.8126848188999904,337797.0,305610500.17,20170615,9.04,1.326936478100515,20260612,20260612,1.0329059999999999
000001.SZ,1d,2017-06-16,6.8126848188999904,6.842829441992469,6.790076351580633,6.797612507353752,285991.0,258559005.29,20170616,9.02,1.326936478100515,20260612,20260612,1.0329059999999999
000001.SZ,1d,2017-06-19,6.805148663126872,6.895582532404306,6.797612507353752,6.880510220858066,489704.0,446000772.99,20170619,9.129999999999999,1.326936478100515,20260612,20260612,1.0329059999999999
000001.SZ,1d,2017-06-20,6.8729740650849465,6.903118688177425,6.850365597765588,6.8729740650849465,313615.0,286053883.71000004,20170620,9.12,1.326936478100515,20260612,20260612,1.0329059999999999
000001.SZ,1d,2017-06-21,6.910654843950544,6.918190999723664,6.865437909311827,6.895582532404305,496932.0,454488888.04,20170621,9.149999999999999,1.326936478100515,20260612,20260612,1.0329059999999999
000001.SZ,1d,2017-06-22,6.895582532404306,7.0839864267322925,6.888046376631187,6.9709440901355,1426958.0,1325210564.6399999,20170622,9.25,1.326936478100515,20260612,20260612,1.0329059999999999
000001.SZ,1d,2017-06-23,6.955871778589262,6.986016401681739,6.903118688177425,6.9709440901355,584004.0,538303574.27,20170623,9.25,1.326936478100515,20260612,20260612,1.0329059999999999
000001.SZ,1d,2017-06-26,6.978480245908619,7.0839864267322925,6.978480245908619,7.008624869001096,710769.0,663762850.0400001,20170626,9.299999999999999,1.326936478100515,20260612,20260612,1.0329059999999999
000001.SZ,1d,2017-06-27,7.008624869001096,7.076450270959172,6.986016401681739,7.053841803639814,546016.0,509162008.98,20170627,9.36,1.326936478100515,20260612,20260612,1.0329059999999999
000001.SZ,1d,2017-06-28,7.046305647866695,7.151811828690367,7.031233336320455,7.10659489405165,1168796.0,1102438099.9,20170628,9.43,1.326936478100515,20260612,20260612,1.0329059999999999
000001.SZ,1d,2017-06-29,7.106594894051652,7.12166720559789,7.061377959412934,7.106594894051652,488804.0,459810415.61999995,20170629,9.430000000000001,1.326936478100515,20260612,20260612,1.0329059999999999
000001.SZ,1d,2017-06-30,7.0839864267322925,7.10659489405165,7.016161024774217,7.076450270959173,499633.0,468003516.71999997,20170630,9.39,1.326936478100515,20260612,20260612,1.0329059999999999
000001.SZ,1d,2017-07-03,7.0839864267322925,7.10659489405165,7.038769492093575,7.0839864267322925,388349.0,364465847.32,20170703,9.4,1.326936478100515,20260612,20260612,1.0329059999999999
000001.SZ,1d,2017-07-04,7.0839864267322925,7.091522582505411,7.008624869001098,7.038769492093575,488362.0,456577021.24999994,20170704,9.34,1.326936478100515,20260612,20260612,1.0329059999999999
000001.SZ,1d,2017-07-05,7.001088713227977,7.068914115186052,6.986016401681739,7.061377959412933,567720.0,529294114.23999995,20170705,9.37,1.326936478100515,20260612,20260612,1.0329059999999999
000001.SZ,1d,2017-07-06,7.053841803639815,7.091522582505411,7.016161024774217,7.0839864267322925,738911.0,691387184.15,20170706,9.4,1.326936478100515,20260612,20260612,1.0329059999999999
000001.SZ,1d,2017-07-07,7.061377959412933,7.144275672917248,7.038769492093575,7.136739517144129,760369.0,717084352.1800001,20170707,9.47,1.326936478100515,20260612,20260612,1.0329059999999999
000001.SZ,1d,2017-07-10,7.1216672055978885,7.279926476833398,7.11413104982477,7.227173386421562,1360815.0,1303090005.3600001,20170710,9.59,1.326936478100515,20260612,20260612,1.0329059999999999
000001.SZ,1d,2017-07-11,7.2422456979678005,7.882818938682954,7.2422456979678005,7.724559667447446,3812086.0,3842010171.29,20170711,10.25,1.326936478100515,20260612,20260612,1.0329059999999999
000001.SZ,1d,2017-07-12,7.739631978993686,7.97325280796039,7.686878888581849,7.792385069405523,2998844.0,3113681338.88,20170712,10.340000000000002,1.326936478100515,20260612,20260612,1.0329059999999999
000001.SZ,1d,2017-07-13,7.762240446313044,8.214409792700211,7.717023511674327,8.214409792700211,2994534.0,3180144566.46,20170713,10.9,1.326936478100515,20260612,20260612,1.0329059999999999
000001.SZ,1d,2017-07-14,8.146584390742136,8.244554415792688,8.033542054145343,8.214409792700211,1722570.0,1864449201.5,20170714,10.9,1.326936478100515,20260612,20260612,1.0329059999999999
000001.SZ,1d,2017-07-17,8.252090571565809,8.538464490944348,8.078758988784061,8.146584390742136,3273123.0,3608692279.05,20170717,10.81,1.326936478100515,20260612,20260612,1.0329059999999999
000001.SZ,1d,2017-07-18,8.10136745610342,8.39527753125508,8.003397431052866,8.327452129297003,2349431.0,2558433986.13,20170718,11.05,1.326936478100515,20260612,20260612,1.0329059999999999
000001.SZ,1d,2017-07-19,8.282235194658286,8.432958310120677,8.199337481153972,8.357596752389481,1933075.0,2131336294.18,20170719,11.090000000000002,1.326936478100515,20260612,20260612,1.0329059999999999
000001.SZ,1d,2017-07-20,8.35006059661636,8.455566777440033,8.22194594847333,8.267162883112048,1537338.0,1695060974.17,20170720,10.97,1.326936478100515,20260612,20260612,1.0329059999999999
000001.SZ,1d,2017-07-21,8.282457383138949,8.374229764115556,8.175389605332905,8.328343573627253,1501020.0,1625416436.89,20170721,10.889999999999999,1.3075829429617378,20260612,20260612,1.0329059999999999
000001.SZ,1d,2017-07-24,8.274809684724232,8.458354446677449,8.205980398991775,8.374229764115558,1692664.0,1846886678.93,20170724,10.950000000000001,1.3075829429617378,20260612,20260612,1.0329059999999999
000001.SZ,1d,2017-07-25,8.39717285935971,8.618956113386515,8.374229764115558,8.412468256189147,1954768.0,2172114597.09,20170725,11.000000000000002,1.3075829429617378,20260612,20260612,1.0329059999999999
000001.SZ,1d,2017-07-26,8.351286668871406,8.550126827654058,8.152446510088753,8.213628097406492,1697412.0,1846282151.7699997,20170726,10.74,1.3075829429617378,20260612,20260612,1.0329059999999999
000001.SZ,1d,2017-07-27,8.198332700577057,8.236571192650644,8.053026430697427,8.09891262118573,1194490.0,1273888886.18,20170727,10.59,1.3075829429617378,20260612,20260612,1.0329059999999999
000001.SZ,1d,2017-07-28,8.114208018015166,8.267161986309514,8.091264922771014,8.213628097406492,819195.0,877769279.49,20170728,10.74,1.3075829429617378,20260612,20260612,1.0329059999999999
000001.SZ,1d,2017-07-31,8.259514287894797,8.274809684724232,7.991844843379688,8.160094208503471,1575864.0,1671814035.24,20170731,10.670000000000002,1.3075829429617378,20260612,20260612,1.0329059999999999
000001.SZ,1d,2017-08-01,8.137151113259318,8.473649843506884,8.106560319600447,8.443059049848014,2035709.0,2222887933.96,20170801,11.04,1.3075829429617378,20260612,20260612,1.0329059999999999
000001.SZ,1d,2017-08-02,8.450706748262732,8.672490002289537,8.381877462530277,8.527183732409906,2062069.0,2307726682.9399996,20170802,11.15,1.3075829429617378,20260612,20260612,1.0329059999999999
000001.SZ,1d,2017-08-03,8.51953603399519,8.580717621312928,8.389525160944993,8.420115954603862,984219.0,1090954131.84,20170803,11.01,1.3075829429617378,20260612,20260612,1.0329059999999999
000001.SZ,1d,2017-08-04,8.412468256189145,8.634251510215948,8.358934367286123,8.542479129239341,1353951.0,1511389828.31,20170804,11.17,1.3075829429617378,20260612,20260612,1.0329059999999999
000001.SZ,1d,2017-08-07,8.458354446677449,8.542479129239341,8.335991272041971,8.412468256189145,860644.0,946975699.5600001,20170807,11.0,1.3075829429617378,20260612,20260612,1.0329059999999999
000001.SZ,1d,2017-08-08,8.412468256189145,8.496592938751036,8.343638970456688,8.450706748262732,689567.0,758872028.53,20170808,11.05,1.3075829429617378,20260612,20260612,1.0329059999999999
000001.SZ,1d,2017-08-09,8.381877462530275,8.427763653018578,8.167741906918188,8.205980398991775,1042321.0,1126512107.8200002,20170809,10.73,1.3075829429617378,20260612,20260612,1.0329059999999999
000001.SZ,1d,2017-08-10,8.183037303747623,8.274809684724232,8.060674129112146,8.121855716429884,959879.0,1026676005.5000001,20170810,10.620000000000001,1.3075829429617378,20260612,20260612,1.0329059999999999
000001.SZ,1d,2017-08-11,8.01478793862384,8.060674129112146,7.640050716302687,7.662993811546839,2440643.0,2501779371.25,20170811,10.02,1.3075829429617378,20260612,20260612,1.0329059999999999
000001.SZ,1d,2017-08-14,7.747118494108731,7.83889087508534,7.678289208376275,7.815947779841188,1157664.0,1175479138.54,20170814,10.22,1.3075829429617378,20260612,20260612,1.0329059999999999
000001.SZ,1d,2017-08-15,7.831243176670622,8.037731033867994,7.80830008142647,7.884777065573644,1075162.0,1116749994.49,20170815,10.31,1.3075829429617378,20260612,20260612,1.0329059999999999
000001.SZ,1d,2017-08-16,7.86948166874421,7.930663256061949,7.7624138909381655,7.907720160817796,756806.0,778517621.68,20170816,10.34,1.3075829429617378,20260612,20260612,1.0329059999999999
000001.SZ,1d,2017-08-17,7.915367859232514,7.968901748135536,7.86948166874421,7.968901748135536,553642.0,573093949.61,20170817,10.420000000000002,1.3075829429617378,20260612,20260612,1.0329059999999999
000001.SZ,1d,2017-08-18,7.923015557647232,8.10656031960045,7.86948166874421,7.984197144964971,616520.0,643188717.2099999,20170818,10.440000000000001,1.3075829429617378,20260612,20260612,1.0329059999999999
000001.SZ,1d,2017-08-21,7.976549446550252,8.04537873228271,7.945958652891384,7.999492541794406,399154.0,417653110.84999996,20170821,10.46,1.3075829429617378,20260612,20260612,1.0329059999999999
000001.SZ,1d,2017-08-22,8.01478793862384,8.152446510088753,7.930663256061949,8.144798811674036,875681.0,922881865.79,20170822,10.65,1.3075829429617378,20260612,20260612,1.0329059999999999
000001.SZ,1d,2017-08-23,8.1295034148446,8.39717285935971,8.09891262118573,8.335991272041971,1319151.0,1430051908.04,20170823,10.9,1.3075829429617378,20260612,20260612,1.0329059999999999
000001.SZ,1d,2017-08-24,8.328343573627254,8.496592938751036,8.290105081553666,8.358934367286123,924248.0,1014933651.98,20170824,10.93,1.3075829429617378,20260612,20260612,1.0329059999999999
000001.SZ,1d,2017-08-25,8.36658206570084,8.542479129239341,8.335991272041971,8.496592938751037,963940.0,1068994547.06,20170825,11.110000000000001,1.3075829429617378,20260612,20260612,1.0329059999999999
000001.SZ,1d,2017-08-28,8.488945240336319,8.825443970583883,8.488945240336319,8.680137700704254,1603938.0,1828380086.0000002,20170828,11.35,1.3075829429617378,20260612,20260612,1.0329059999999999
000001.SZ,1d,2017-08-29,8.641899208630665,8.978397938878233,8.626603811801232,8.924864049975211,1357983.0,1569230034.16,20170829,11.67,1.3075829429617378,20260612,20260612,1.0329059999999999
000001.SZ,1d,2017-08-30,8.932511748389928,8.947807145219363,8.680137700704254,8.741319288021993,1096674.0,1264128140.6799998,20170830,11.43,1.3075829429617378,20260612,20260612,1.0329059999999999
000001.SZ,1d,2017-08-31,8.710728494363124,8.74896698643671,8.527183732409906,8.626603811801234,1151786.0,1297730595.7200003,20170831,11.280000000000001,1.3075829429617378,20260612,20260612,1.0329059999999999
000001.SZ,1d,2017-09-01,8.626603811801234,8.710728494363124,8.527183732409906,8.573069922898211,959976.0,1080996319.27,20170901,11.21,1.3075829429617378,20260612,20260612,1.0329059999999999
000001.SZ,1d,2017-09-04,8.550126827654058,8.963102542048798,8.542479129239341,8.963102542048798,1352325.0,1551875033.9,20170904,11.72,1.3075829429617378,20260612,20260612,1.0329059999999999
000001.SZ,1d,2017-09-05,8.932511748389928,9.131351907172581,8.871330161072189,8.901920954731057,1287518.0,1513759541.19,20170905,11.639999999999999,1.3075829429617378,20260612,20260612,1.0329059999999999
000001.SZ,1d,2017-09-06,8.863682462657472,9.085465716684277,8.77955778009558,8.947807145219365,791621.0,925519043.82,20170906,11.700000000000001,1.3075829429617378,20260612,20260612,1.0329059999999999
000001.SZ,1d,2017-09-07,8.909568653145776,8.98604563729295,8.710728494363124,8.748966986436711,614187.0,711036421.43,20170907,11.440000000000001,1.3075829429617378,20260612,20260612,1.0329059999999999
000001.SZ,1d,2017-09-08,8.764262383266146,8.90192095473106,8.703080795948408,8.787205478510298,481276.0,553644520.36,20170908,11.49,1.3075829429617378,20260612,20260612,1.0329059999999999
000001.SZ,1d,2017-09-11,8.825443970583885,8.940159446804646,8.641899208630667,8.703080795948408,699472.0,801825014.63,20170911,11.38,1.3075829429617378,20260612,20260612,1.0329059999999999
000001.SZ,1d,2017-09-12,8.703080795948406,8.825443970583883,8.618956113386515,8.825443970583883,846183.0,962032172.14,20170912,11.54,1.3075829429617378,20260612,20260612,1.0329059999999999
000001.SZ,1d,2017-09-13,8.787205478510298,8.825443970583883,8.672490002289537,8.741319288021993,668237.0,765028184.64,20170913,11.43,1.3075829429617378,20260612,20260612,1.0329059999999999
000001.SZ,1d,2017-09-14,8.741319288021993,8.863682462657472,8.596013018142363,8.657194605460102,883087.0,1005775578.2400001,20170914,11.32,1.3075829429617378,20260612,20260612,1.0329059999999999
000001.SZ,1d,2017-09-15,8.63425151021595,8.657194605460102,8.527183732409906,8.63425151021595,646094.0,726061100.4500002,20170915,11.290000000000001,1.3075829429617378,20260612,20260612,1.0329059999999999
000001.SZ,1d,2017-09-18,8.603660716557082,8.657194605460102,8.565422224483493,8.603660716557082,607612.0,684223023.19,20170918,11.250000000000002,1.3075829429617378,20260612,20260612,1.0329059999999999
000001.SZ,1d,2017-09-19,8.60366071655708,8.672490002289537,8.473649843506884,8.51188833558047,764212.0,853815999.65,20170919,11.13,1.3075829429617378,20260612,20260612,1.0329059999999999
000001.SZ,1d,2017-09-20,8.51953603399519,8.695433097533689,8.450706748262732,8.63425151021595,787154.0,884640964.2099999,20170920,11.290000000000001,1.3075829429617378,20260612,20260612,1.0329059999999999
000001.SZ,1d,2017-09-21,8.611308414971798,8.802500875339733,8.565422224483493,8.764262383266146,692407.0,788605300.87,20170921,11.46,1.3075829429617378,20260612,20260612,1.0329059999999999
000001.SZ,1d,2017-09-22,8.741319288021993,8.81014857375445,8.649546907045385,8.748966986436711,593927.0,677622489.51,20170922,11.440000000000001,1.3075829429617378,20260612,20260612,1.0329059999999999
000001.SZ,1d,2017-09-25,8.74896698643671,8.756614684851428,8.550126827654058,8.634251510215948,532391.0,602270302.75,20170925,11.29,1.3075829429617378,20260612,20260612,1.0329059999999999
000001.SZ,1d,2017-09-26,8.611308414971798,8.641899208630667,8.381877462530277,8.450706748262732,967460.0,1074228193.8000002,20170926,11.05,1.3075829429617378,20260612,20260612,1.0329059999999999
000001.SZ,1d,2017-09-27,8.420115954603862,8.473649843506884,8.335991272041971,8.358934367286123,727188.0,798377280.0500001,20170927,10.93,1.3075829429617378,20260612,20260612,1.0329059999999999
000001.SZ,1d,2017-09-28,8.39717285935971,8.39717285935971,8.274809684724232,8.320695875212536,517220.0,563485127.39,20170928,10.88,1.3075829429617378,20260612,20260612,1.0329059999999999
000001.SZ,1d,2017-09-29,8.351286668871406,8.534831430824623,8.3054004783831,8.496592938751036,682280.0,753852534.72,20170929,11.11,1.3075829429617378,20260612,20260612,1.0329059999999999
000001.SZ,1d,2017-10-09,8.848387065828037,8.90192095473106,8.611308414971797,8.641899208630665,1325227.0,1520609511.5700002,20171009,11.299999999999999,1.3075829429617378,20260612,20260612,1.0329059999999999
000001.SZ,1d,2017-10-10,8.664842303874819,8.794853176925015,8.664842303874819,8.771910081680863,747925.0,853665849.11,20171010,11.47,1.3075829429617378,20260612,20260612,1.0329059999999999
000001.SZ,1d,2017-10-11,8.77955778009558,8.856034764242754,8.672490002289537,8.817796272169167,658077.0,756203405.4,20171011,11.53,1.3075829429617378,20260612,20260612,1.0329059999999999
000001.SZ,1d,2017-10-12,8.825443970583885,8.856034764242754,8.771910081680863,8.833091668998602,578065.0,667148377.69,20171012,11.55,1.3075829429617378,20260612,20260612,1.0329059999999999
000001.SZ,1d,2017-10-13,8.84073936741332,8.84073936741332,8.60366071655708,8.68778539911897,737375.0,839662734.96,20171013,11.36,1.3075829429617378,20260612,20260612,1.0329059999999999
000001.SZ,1d,2017-10-16,8.687785399118972,8.87133016107219,8.63425151021595,8.863682462657472,1036250.0,1190724204.76,20171016,11.590000000000002,1.3075829429617378,20260612,20260612,1.0329059999999999
000001.SZ,1d,2017-10-17,8.886625557901624,8.909568653145776,8.77955778009558,8.802500875339732,506372.0,585333998.33,20171017,11.51,1.3075829429617378,20260612,20260612,1.0329059999999999
000001.SZ,1d,2017-10-18,8.817796272169167,8.947807145219363,8.802500875339732,8.940159446804646,871365.0,1011050927.6999999,20171018,11.69,1.3075829429617378,20260612,20260612,1.0329059999999999
000001.SZ,1d,2017-10-19,8.90192095473106,8.963102542048798,8.848387065828037,8.894273256316342,722764.0,841546799.4000001,20171019,11.63,1.3075829429617378,20260612,20260612,1.0329059999999999
000001.SZ,1d,2017-10-20,8.863682462657472,8.863682462657472,8.726023891192558,8.77955778009558,461808.0,529747048.15999997,20171020,11.48,1.3075829429617378,20260612,20260612,1.0329059999999999
000001.SZ,1d,2017-10-23,8.710728494363124,8.718376192777841,8.527183732409906,8.557774526068775,1074465.0,1206888281.81,20171023,11.19,1.3075829429617378,20260612,20260612,1.0329059999999999
000001.SZ,1d,2017-10-24,8.565422224483493,8.733671589607276,8.550126827654058,8.710728494363124,618871.0,700896871.75,20171024,11.39,1.3075829429617378,20260612,20260612,1.0329059999999999
000001.SZ,1d,2017-10-25,8.68778539911897,8.695433097533687,8.60366071655708,8.618956113386515,418573.0,472708177.86,20171025,11.27,1.3075829429617378,20260612,20260612,1.0329059999999999
000001.SZ,1d,2017-10-26,8.603660716557082,8.657194605460102,8.504240637165754,8.55012682765406,928996.0,1041707022.8800001,20171026,11.180000000000001,1.3075829429617378,20260612,20260612,1.0329059999999999
000001.SZ,1d,2017-10-27,8.557774526068775,8.84073936741332,8.550126827654058,8.84073936741332,1360086.0,1548543731.64,20171027,11.56,1.3075829429617378,20260612,20260612,1.0329059999999999
000001.SZ,1d,2017-10-30,8.833091668998602,8.970750240463516,8.756614684851428,8.84073936741332,1278246.0,1484495472.5400002,20171030,11.56,1.3075829429617378,20260612,20260612,1.0329059999999999
000001.SZ,1d,2017-10-31,8.833091668998602,8.856034764242754,8.710728494363124,8.825443970583885,627491.0,721237474.23,20171031,11.540000000000001,1.3075829429617378,20260612,20260612,1.0329059999999999
000001.SZ,1d,2017-11-01,8.84073936741332,8.863682462657472,8.657194605460102,8.718376192777841,692617.0,792881042.8199999,20171101,11.4,1.3075829429617378,20260612,20260612,1.0329059999999999
000001.SZ,1d,2017-11-02,8.68778539911897,8.856034764242754,8.611308414971797,8.825443970583883,604308.0,689229873.86,20171102,11.54,1.3075829429617378,20260612,20260612,1.0329059999999999
000001.SZ,1d,2017-11-03,8.787205478510298,8.932511748389928,8.680137700704254,8.710728494363122,743343.0,852032107.89,20171103,11.389999999999999,1.3075829429617378,20260612,20260612,1.0329059999999999
000001.SZ,1d,2017-11-06,8.733671589607276,8.733671589607276,8.4812975419216,8.626603811801232,1029902.0,1157303985.6000001,20171106,11.28,1.3075829429617378,20260612,20260612,1.0329059999999999
000001.SZ,1d,2017-11-07,8.618956113386515,9.246067383393342,8.60366071655708,9.116056510343146,2477163.0,2914269160.44,20171107,11.92,1.3075829429617378,20260612,20260612,1.0329059999999999
000001.SZ,1d,2017-11-08,9.177238097660885,9.628452304129212,9.123704208757863,9.27665817705221,4262825.0,5199224276.82,20171108,12.129999999999999,1.3075829429617378,20260612,20260612,1.0329059999999999
000001.SZ,1d,2017-11-09,9.330192065955234,9.613156907299777,9.291953573881646,9.42961214534656,2295289.0,2839861735.04,20171109,12.33,1.3075829429617378,20260612,20260612,1.0329059999999999
000001.SZ,1d,2017-11-10,9.46020293900543,9.597861510470343,9.291953573881646,9.406669050102408,1757552.0,2167126597.89,20171110,12.3,1.3075829429617378,20260612,20260612,1.0329059999999999
000001.SZ,1d,2017-11-13,9.444907542175994,10.0184849232798,9.444907542175994,9.865530954985452,2566906.0,3307955288.7400002,20171113,12.9,1.3075829429617378,20260612,20260612,1.0329059999999999
000001.SZ,1d,2017-11-14,9.90376944705904,10.140848097915278,9.796701669252995,9.90376944705904,1780302.0,2318092534.3199997,20171114,12.950000000000001,1.3075829429617378,20260612,20260612,1.0329059999999999
000001.SZ,1d,2017-11-15,9.865530954985452,10.041428018523952,9.766110875594125,9.865530954985452,1263052.0,1627912725.03,20171115,12.9,1.3075829429617378,20260612,20260612,1.0329059999999999
000001.SZ,1d,2017-11-16,9.865530954985452,10.033780320109233,9.68963389144695,10.0184849232798,1200814.0,1550701791.1,20171116,13.1,1.3075829429617378,20260612,20260612,1.0329059999999999
000001.SZ,1d,2017-11-17,10.072018812182822,10.293802066209627,9.964951034376778,10.07966651059754,2064149.0,2731215933.7500005,20171117,13.180000000000001,1.3075829429617378,20260612,20260612,1.0329059999999999
000001.SZ,1d,2017-11-20,10.041428018523952,10.8979702409723,9.980246431206213,10.8979702409723,2843925.0,3860145472.82,20171120,14.25,1.3075829429617378,20260612,20260612,1.0329059999999999
000001.SZ,1d,2017-11-21,10.760311669507388,11.31094595536704,10.714425479019082,11.050924209266649,2495327.0,3609849024.92,20171121,14.45,1.3075829429617378,20260612,20260612,1.0329059999999999
000001.SZ,1d,2017-11-22,11.073867304510802,11.655092384029324,11.073867304510802,11.54802460622328,2570231.0,3839501153.96,20171122,15.1,1.3075829429617378,20260612,20260612,1.0329059999999999
000001.SZ,1d,2017-11-23,11.586263098296868,11.655092384029324,10.760311669507388,10.974447225119475,2429142.0,3562843399.78,20171123,14.35,1.3075829429617378,20260612,20260612,1.0329059999999999
000001.SZ,1d,2017-11-24,10.928561034631171,11.157991987072695,10.538528415480584,11.135048891828541,2630189.0,3732597275.58,20171124,14.56,1.3075829429617378,20260612,20260612,1.0329059999999999
000001.SZ,1d,2017-11-27,10.93620873304589,10.93620873304589,10.515585320236431,10.653243891701344,2064085.0,2878491901.4700003,20171127,13.93,1.3075829429617378,20260612,20260612,1.0329059999999999
000001.SZ,1d,2017-11-28,10.592062304383605,10.592062304383605,10.247915875721322,10.477346828162844,1766432.0,2396540133.1,20171128,13.700000000000001,1.3075829429617378,20260612,20260612,1.0329059999999999
000001.SZ,1d,2017-11-29,10.500289923406996,10.653243891701345,10.301449764624344,10.569119209139453,1564094.0,2148312654.9900002,20171129,13.82,1.3075829429617378,20260612,20260612,1.0329059999999999
000001.SZ,1d,2017-11-30,10.477346828162844,10.500289923406996,10.140848097915278,10.232620478891887,1379635.0,1866700884.5900002,20171130,13.379999999999999,1.3075829429617378,20260612,20260612,1.0329059999999999
000001.SZ,1d,2017-12-01,10.247915875721322,10.30909746303906,9.911417145473756,9.942007939132626,1784933.0,2354299656.82,20171201,13.0,1.3075829429617378,20260612,20260612,1.0329059999999999
000001.SZ,1d,2017-12-04,9.980246431206213,10.224972780477168,9.942007939132626,10.171438891574148,1454023.0,1923315712.98,20171204,13.3,1.3075829429617378,20260612,20260612,1.0329059999999999
000001.SZ,1d,2017-12-05,10.056723415353387,10.31674516145378,10.0184849232798,10.171438891574146,1723681.0,2301867653.6200004,20171205,13.299999999999999,1.3075829429617378,20260612,20260612,1.0329059999999999
000001.SZ,1d,2017-12-06,10.14084809791528,10.148495796329996,9.781406272423562,10.003189526450365,1619844.0,2104168537.1000001,20171206,13.08,1.3075829429617378,20260612,20260612,1.0329059999999999
000001.SZ,1d,2017-12-07,9.980246431206213,10.04907571693867,9.750815478764691,9.81199706608243,1181957.0,1526953344.35,20171207,12.83,1.3075829429617378,20260612,20260612,1.0329059999999999
000001.SZ,1d,2017-12-08,9.857883256570734,10.010837224865082,9.750815478764691,10.010837224865082,1351315.0,1751423112.52,20171208,13.09,1.3075829429617378,20260612,20260612,1.0329059999999999
000001.SZ,1d,2017-12-11,10.003189526450365,10.377926748771518,9.850235558156017,10.324392859868496,2261952.0,2980735572.46,20171211,13.5,1.3075829429617378,20260612,20260612,1.0329059999999999
000001.SZ,1d,2017-12-12,10.247915875721322,10.30909746303906,9.95730333596206,9.95730333596206,1743405.0,2302354901.4999995,20171212,13.02,1.3075829429617378,20260612,20260612,1.0329059999999999
000001.SZ,1d,2017-12-13,9.942007939132626,10.094961907426974,9.850235558156017,10.041428018523952,1289248.0,1679022035.87,20171213,13.13,1.3075829429617378,20260612,20260612,1.0329059999999999
000001.SZ,1d,2017-12-14,10.056723415353387,10.179086589988865,9.873178653400169,9.942007939132626,1001997.0,1311131917.6599998,20171214,13.0,1.3075829429617378,20260612,20260612,1.0329059999999999
000001.SZ,1d,2017-12-15,9.865530954985452,9.888474050229604,9.68963389144695,9.72787238352054,1099952.0,1405372004.0400002,20171215,12.72,1.3075829429617378,20260612,20260612,1.0329059999999999
000001.SZ,1d,2017-12-18,9.735520081935256,9.873178653400169,9.666690796202799,9.750815478764691,805464.0,1029422753.2800001,20171218,12.75,1.3075829429617378,20260612,20260612,1.0329059999999999
000001.SZ,1d,2017-12-19,9.781406272423562,10.186734288403583,9.743167780349973,10.156143494744713,2397942.0,3138687565.9,20171219,13.280000000000001,1.3075829429617378,20260612,20260612,1.0329059999999999
000001.SZ,1d,2017-12-20,10.094961907426974,10.179086589988865,10.041428018523952,10.14084809791528,1106245.0,1463802116.67,20171220,13.260000000000002,1.3075829429617378,20260612,20260612,1.0329059999999999
000001.SZ,1d,2017-12-21,10.079666510597539,10.462051431333409,10.064371113768104,10.354983653527366,1485203.0,2005617683.8600001,20171221,13.540000000000001,1.3075829429617378,20260612,20260612,1.0329059999999999
000001.SZ,1d,2017-12-22,10.324392859868498,10.423812939259822,10.286154367794909,10.339688256697931,742900.0,1004525768.54,20171222,13.520000000000001,1.3075829429617378,20260612,20260612,1.0329059999999999
000001.SZ,1d,2017-12-25,10.339688256697931,10.599710002798322,10.064371113768104,10.133200399500561,1585567.0,2145040658.23,20171225,13.25,1.3075829429617378,20260612,20260612,1.0329059999999999
000001.SZ,1d,2017-12-26,10.140848097915278,10.469699129748125,10.087314209012256,10.446756034503974,1123688.0,1510826264.4400003,20171226,13.66,1.3075829429617378,20260612,20260612,1.0329059999999999
000001.SZ,1d,2017-12-27,10.385574447186235,10.538528415480583,10.087314209012256,10.16379119315943,1366566.0,1848165006.46,20171227,13.29,1.3075829429617378,20260612,20260612,1.0329059999999999
000001.SZ,1d,2017-12-28,10.156143494744713,10.293802066209626,9.95730333596206,10.10260960584169,1553030.0,2052944539.1400003,20171228,13.209999999999999,1.3075829429617378,20260612,20260612,1.0329059999999999
000001.SZ,1d,2017-12-29,10.10260960584169,10.270858970965474,10.0184849232798,10.171438891574146,982915.0,1303222040.36,20171229,13.299999999999999,1.3075829429617378,20260612,20260612,1.0329059999999999
000001.SZ,1d,2018-01-02,10.209677383647735,10.653243891701344,10.186734288403583,10.477346828162844,2081592.0,2856543822.1800003,20180102,13.700000000000001,1.3075829429617378,20260612,20260612,1.0329059999999999
000001.SZ,1d,2018-01-03,10.500289923406996,10.599710002798323,10.094961907426974,10.194381986818302,2962498.0,4006220766.94,20180103,13.330000000000002,1.3075829429617378,20260612,20260612,1.0329059999999999
000001.SZ,1d,2018-01-04,10.186734288403583,10.22497278047717,10.041428018523952,10.133200399500561,1854509.0,2454543516.41,20180104,13.25,1.3075829429617378,20260612,20260612,1.0329059999999999
000001.SZ,1d,2018-01-05,10.102609605841693,10.209677383647735,10.056723415353387,10.171438891574148,1210312.0,1603289517.9300003,20180105,13.3,1.3075829429617378,20260612,20260612,1.0329059999999999
000001.SZ,1d,2018-01-08,10.133200399500561,10.16379119315943,9.834940161326582,9.911417145473756,2158620.0,2806099169.66,20180108,12.959999999999999,1.3075829429617378,20260612,20260612,1.0329059999999999
000001.SZ,1d,2018-01-09,9.911417145473756,10.094961907426972,9.880826351814886,10.003189526450365,1344345.0,1754315792.47,20180109,13.08,1.3075829429617378,20260612,20260612,1.0329059999999999
000001.SZ,1d,2018-01-10,9.972598732791495,10.31674516145378,9.880826351814886,10.301449764624344,2403277.0,3196055830.9100003,20180110,13.47,1.3075829429617378,20260612,20260612,1.0329059999999999
000001.SZ,1d,2018-01-11,10.255563574136039,10.393222145600951,10.148495796329994,10.247915875721322,1443877.0,1937494294.07,20180111,13.4,1.3075829429617378,20260612,20260612,1.0329059999999999
000001.SZ,1d,2018-01-12,10.286154367794909,10.462051431333409,10.255563574136039,10.362631351942083,1353991.0,1833435672.07,20180112,13.55,1.3075829429617378,20260612,20260612,1.0329059999999999
000001.SZ,1d,2018-01-15,10.332040558283213,10.95915182829004,10.324392859868496,10.859731748898714,3122394.0,4376707088.52,20180115,14.2,1.3075829429617378,20260612,20260612,1.0329059999999999
000001.SZ,1d,2018-01-16,10.836788653654562,10.997390320363627,10.722073177433801,10.859731748898714,2444549.0,3479177087.3,20180116,14.2,1.3075829429617378,20260612,20260612,1.0329059999999999
000001.SZ,1d,2018-01-17,10.959151828290041,11.31859365378176,10.859731748898716,10.882674844142867,2656294.0,3849312882.21,20180117,14.23,1.3075829429617378,20260612,20260612,1.0329059999999999
000001.SZ,1d,2018-01-18,11.012685717193062,11.25741206646402,10.920913336216454,11.25741206646402,2148026.0,3120455742.3500004,20180118,14.72,1.3075829429617378,20260612,20260612,1.0329059999999999
000001.SZ,1d,2018-01-19,11.318593653781758,11.570967701467431,11.22682127280515,11.318593653781758,2571146.0,3832857440.2999997,20180119,14.799999999999999,1.3075829429617378,20260612,20260612,1.0329059999999999
000001.SZ,1d,2018-01-22,11.16563968548741,11.425661431587802,11.035628812437213,11.043276510851932,2073867.0,3032799070.35,20180122,14.44,1.3075829429617378,20260612,20260612,1.0329059999999999
000001.SZ,1d,2018-01-23,10.982094923534191,11.395070637928933,10.95915182829004,11.203878177560998,2388791.0,3492462005.57,20180123,14.65,1.3075829429617378,20260612,20260612,1.0329059999999999
000001.SZ,1d,2018-01-24,11.211525875975715,11.532729209393846,11.089162701340236,11.19623047914628,2591292.0,3838734922.63,20180124,14.64,1.3075829429617378,20260612,20260612,1.0329059999999999
000001.SZ,1d,2018-01-25,11.050924209266649,11.066219606096084,10.706777780604366,10.859731748898714,2369984.0,3360822344.56,20180125,14.2,1.3075829429617378,20260612,20260612,1.0329059999999999
000001.SZ,1d,2018-01-26,10.844436352069279,10.966799526704758,10.722073177433801,10.745016272677953,2032988.0,2885104627.01,20180126,14.049999999999999,1.3075829429617378,20260612,20260612,1.0329059999999999
000001.SZ,1d,2018-01-29,10.745016272677953,10.8979702409723,10.40086984401567,10.507937621821714,2090546.0,2911452095.24,20180129,13.74,1.3075829429617378,20260612,20260612,1.0329059999999999
000001.SZ,1d,2018-01-30,10.477346828162844,10.584414605968888,10.362631351942083,10.439108336089257,1094739.0,1497708872.6299999,20180130,13.65,1.3075829429617378,20260612,20260612,1.0329059999999999
000001.SZ,1d,2018-01-31,10.400869844015672,10.745016272677953,10.34733595511265,10.745016272677953,1747729.0,2423104767.05,20180131,14.05,1.3075829429617378,20260612,20260612,1.0329059999999999
000001.SZ,1d,2018-02-01,10.668539288530779,10.93620873304589,10.584414605968888,10.729720875848518,2005614.0,2821583609.2299995,20180201,14.03,1.3075829429617378,20260612,20260612,1.0329059999999999
000001.SZ,1d,2018-02-02,10.63794849487191,10.783254764751542,10.423812939259822,10.745016272677953,1176512.0,1637619618.3200002,20180202,14.05,1.3075829429617378,20260612,20260612,1.0329059999999999
000001.SZ,1d,2018-02-05,10.553823812310018,11.142696590243258,10.500289923406996,11.127401193413824,2331997.0,3326355314.78,20180205,14.55,1.3075829429617378,20260612,20260612,1.0329059999999999
000001.SZ,1d,2018-02-06,10.882674844142867,10.95915182829004,10.653243891701344,10.706777780604366,2582872.0,3641294710.26,20180206,14.0,1.3075829429617378,20260612,20260612,1.0329059999999999
000001.SZ,1d,2018-02-07,10.875027145728149,10.93620873304589,9.758463177179408,9.880826351814886,3345716.0,4521586590.190001,20180207,12.92,1.3075829429617378,20260612,20260612,1.0329059999999999
000001.SZ,1d,2018-02-08,9.811997066082432,9.880826351814887,9.582566113640908,9.590213812055625,2137815.0,2711464886.05,20180208,12.540000000000001,1.3075829429617378,20260612,20260612,1.0329059999999999
000001.SZ,1d,2018-02-09,9.238419684978625,9.238419684978625,8.703080795948408,8.940159446804646,2824949.0,3308553501.5200005,20180209,11.690000000000001,1.3075829429617378,20260612,20260612,1.0329059999999999
000001.SZ,1d,2018-02-12,9.008988732537103,9.054874923025407,8.84073936741332,8.963102542048798,1228782.0,1439644312.04,20180212,11.72,1.3075829429617378,20260612,20260612,1.0329059999999999
000001.SZ,1d,2018-02-13,9.077818018269559,9.33783976436995,9.054874923025407,9.131351907172581,1298178.0,1562420005.24,20180213,11.94,1.3075829429617378,20260612,20260612,1.0329059999999999
000001.SZ,1d,2018-02-14,9.146647304002014,9.200181192905037,8.993693335707666,9.177238097660885,864190.0,1030474410.4399999,20180214,12.0,1.3075829429617378,20260612,20260612,1.0329059999999999
000001.SZ,1d,2018-02-22,9.36843055802882,9.582566113640906,9.36843055802882,9.529032224737886,1268406.0,1573562575.57,20180222,12.46,1.3075829429617378,20260612,20260612,1.0329059999999999
000001.SZ,1d,2018-02-23,9.620804605714495,9.781406272423562,9.52138452632317,9.643747700958647,1013663.0,1278185721.74,20180223,12.610000000000001,1.3075829429617378,20260612,20260612,1.0329059999999999
000001.SZ,1d,2018-02-26,9.766110875594126,9.827292462911865,9.52138452632317,9.659043097788082,1045758.0,1318960463.96,20180226,12.63,1.3075829429617378,20260612,20260612,1.0329059999999999
000001.SZ,1d,2018-02-27,9.666690796202799,9.712576986691102,9.322544367540516,9.391373653272971,1285869.0,1590018492.14,20180227,12.28,1.3075829429617378,20260612,20260612,1.0329059999999999
000001.SZ,1d,2018-02-28,9.253715081808059,9.322544367540516,9.123704208757863,9.215476589734472,1214145.0,1463313702.75,20180228,12.049999999999999,1.3075829429617378,20260612,20260612,1.0329059999999999
000001.SZ,1d,2018-03-01,9.116056510343146,9.291953573881646,9.10076111351371,9.207828891319755,886957.0,1069354491.03,20180301,12.040000000000001,1.3075829429617378,20260612,20260612,1.0329059999999999
000001.SZ,1d,2018-03-02,9.116056510343146,9.207828891319755,9.062522621440124,9.138999605587298,663124.0,791736473.27,20180302,11.95,1.3075829429617378,20260612,20260612,1.0329059999999999
000001.SZ,1d,2018-03-05,9.123704208757864,9.238419684978625,9.024284129366537,9.070170319854842,754183.0,897244265.05,20180305,11.860000000000001,1.3075829429617378,20260612,20260612,1.0329059999999999
000001.SZ,1d,2018-03-06,9.138999605587298,9.261362780222775,9.001341034122385,9.253715081808059,1150162.0,1373438382.66,20180306,12.1,1.3075829429617378,20260612,20260612,1.0329059999999999
000001.SZ,1d,2018-03-07,9.291953573881646,9.437259843761279,9.207828891319755,9.215476589734473,1427570.0,1744085270.0400002,20180307,12.05,1.3075829429617378,20260612,20260612,1.0329059999999999
000001.SZ,1d,2018-03-08,9.215476589734473,9.291953573881646,9.1389996055873,9.261362780222777,689755.0,832153697.14,20180308,12.110000000000001,1.3075829429617378,20260612,20260612,1.0329059999999999
000001.SZ,1d,2018-03-09,9.291953573881646,9.330192065955234,9.161942700831451,9.246067383393342,943876.0,1139043574.6299999,20180309,12.09,1.3075829429617378,20260612,20260612,1.0329059999999999
000001.SZ,1d,2018-03-12,9.291953573881646,9.307248970711083,9.1389996055873,9.200181192905038,1268701.0,1526643478.9199998,20180312,12.030000000000001,1.3075829429617378,20260612,20260612,1.0329059999999999
000001.SZ,1d,2018-03-13,9.207828891319755,9.345487462784668,9.177238097660885,9.19253349449032,1082267.0,1309543466.56,20180313,12.02,1.3075829429617378,20260612,20260612,1.0329059999999999
000001.SZ,1d,2018-03-14,9.161942700831451,9.177238097660885,9.047227224610689,9.116056510343146,635594.0,757090756.4300001,20180314,11.92,1.3075829429617378,20260612,20260612,1.0329059999999999
000001.SZ,1d,2018-03-15,9.01663643095182,9.062522621440124,8.917216351560494,8.955454843634081,1155694.0,1356878634.17,20180315,11.71,1.3075829429617378,20260612,20260612,1.0329059999999999
000001.SZ,1d,2018-03-16,8.963102542048798,9.062522621440126,8.90192095473106,8.90192095473106,962983.0,1130784170.87,20180316,11.64,1.3075829429617378,20260612,20260612,1.0329059999999999
000001.SZ,1d,2018-03-19,8.917216351560494,9.054874923025407,8.878977859486906,9.047227224610689,808538.0,947664744.37,20180319,11.83,1.3075829429617378,20260612,20260612,1.0329059999999999
000001.SZ,1d,2018-03-20,8.978397938878233,9.085465716684277,8.963102542048798,9.039579526195972,776150.0,916858475.86,20180320,11.82,1.3075829429617378,20260612,20260612,1.0329059999999999
000001.SZ,1d,2018-03-21,9.138999605587298,9.269010478637494,9.062522621440124,9.10076111351371,1445109.0,1736437401.21,20180321,11.9,1.3075829429617378,20260612,20260612,1.0329059999999999
000001.SZ,1d,2018-03-22,9.10076111351371,9.154295002416733,8.886625557901624,8.917216351560494,984278.0,1155741055.8700001,20180322,11.66,1.3075829429617378,20260612,20260612,1.0329059999999999
000001.SZ,1d,2018-03-23,8.60366071655708,8.680137700704254,8.351286668871406,8.672490002289537,1825690.0,2037734400.0900002,20180323,11.34,1.3075829429617378,20260612,20260612,1.0329059999999999
000001.SZ,1d,2018-03-26,8.527183732409904,8.565422224483493,8.3054004783831,8.358934367286123,1383598.0,1519435011.09,20180326,10.93,1.3075829429617378,20260612,20260612,1.0329059999999999
000001.SZ,1d,2018-03-27,8.488945240336319,8.542479129239341,8.3054004783831,8.36658206570084,1103933.0,1213989931.1799998,20180327,10.94,1.3075829429617378,20260612,20260612,1.0329059999999999
000001.SZ,1d,2018-03-28,8.297752779968384,8.51953603399519,8.25186658948008,8.328343573627254,1099023.0,1201023442.2099998,20180328,10.89,1.3075829429617378,20260612,20260612,1.0329059999999999
000001.SZ,1d,2018-03-29,8.351286668871406,8.542479129239341,8.068321827526862,8.450706748262732,1330602.0,1445281829.8600001,20180329,11.05,1.3075829429617378,20260612,20260612,1.0329059999999999
000001.SZ,1d,2018-03-30,8.443059049848015,8.450706748262732,8.320695875212536,8.335991272041971,752173.0,823438180.73,20180330,10.9,1.3075829429617378,20260612,20260612,1.0329059999999999
000001.SZ,1d,2018-04-02,8.31304817679782,8.404820557774427,8.183037303747623,8.19068500216234,1109316.0,1200911980.3799999,20180402,10.71,1.3075829429617378,20260612,20260612,1.0329059999999999
000001.SZ,1d,2018-04-03,8.106560319600447,8.16009420850347,8.037731033867992,8.075969525941579,890745.0,942237800.69,20180403,10.56,1.3075829429617378,20260612,20260612,1.0329059999999999
000001.SZ,1d,2018-04-04,8.167741906918188,8.420115954603862,8.106560319600447,8.313048176797817,1602488.0,1737258898.2800002,20180404,10.87,1.3075829429617378,20260612,20260612,1.0329059999999999
000001.SZ,1d,2018-04-09,8.259514287894797,8.488945240336319,8.205980398991775,8.427763653018578,1074795.0,1180084371.5900002,20180409,11.02,1.3075829429617378,20260612,20260612,1.0329059999999999
000001.SZ,1d,2018-04-10,8.42776365301858,8.764262383266146,8.389525160944993,8.733671589607276,1390950.0,1562265089.74,20180410,11.42,1.3075829429617378,20260612,20260612,1.0329059999999999
000001.SZ,1d,2018-04-11,8.710728494363124,9.116056510343148,8.703080795948408,9.047227224610689,2095970.0,2458982163.44,20180411,11.83,1.3075829429617378,20260612,20260612,1.0329059999999999
000001.SZ,1d,2018-04-12,9.024284129366537,9.047227224610689,8.733671589607276,8.81014857375445,1173128.0,1364675848.46,20180412,11.52,1.3075829429617378,20260612,20260612,1.0329059999999999
000001.SZ,1d,2018-04-13,8.90192095473106,9.01663643095182,8.756614684851428,8.848387065828037,1300255.0,1516155527.17,20180413,11.57,1.3075829429617378,20260612,20260612,1.0329059999999999
000001.SZ,1d,2018-04-16,8.771910081680861,8.771910081680861,8.435411351433297,8.488945240336319,1427072.0,1593706086.4,20180416,11.1,1.3075829429617378,20260612,20260612,1.0329059999999999
000001.SZ,1d,2018-04-17,8.504240637165752,8.756614684851428,8.496592938751036,8.57306992289821,1301891.0,1468159349.6599998,20180417,11.209999999999999,1.3075829429617378,20260612,20260612,1.0329059999999999
000001.SZ,1d,2018-04-18,8.756614684851428,8.878977859486906,8.626603811801232,8.794853176925015,1475845.0,1692722923.5,20180418,11.5,1.3075829429617378,20260612,20260612,1.0329059999999999
000001.SZ,1d,2018-04-19,8.81014857375445,8.940159446804646,8.733671589607276,8.771910081680863,849131.0,979593564.5999999,20180419,11.47,1.3075829429617378,20260612,20260612,1.0329059999999999
000001.SZ,1d,2018-04-20,8.802500875339733,8.856034764242755,8.565422224483493,8.680137700704256,958690.0,1090801311.42,20180420,11.350000000000001,1.3075829429617378,20260612,20260612,1.0329059999999999
000001.SZ,1d,2018-04-23,8.641899208630665,8.878977859486906,8.611308414971797,8.848387065828037,1070289.0,1228544006.32,20180423,11.57,1.3075829429617378,20260612,20260612,1.0329059999999999
000001.SZ,1d,2018-04-24,8.894273256316342,9.131351907172581,8.856034764242754,9.07017031985484,1461098.0,1725152198.09,20180424,11.86,1.3075829429617378,20260612,20260612,1.0329059999999999
000001.SZ,1d,2018-04-25,8.993693335707668,9.031931827781255,8.894273256316342,8.93251174838993,730286.0,854713248.8800001,20180425,11.680000000000001,1.3075829429617378,20260612,20260612,1.0329059999999999
000001.SZ,1d,2018-04-26,8.917216351560494,8.940159446804646,8.649546907045385,8.733671589607276,874235.0,1002483154.12,20180426,11.42,1.3075829429617378,20260612,20260612,1.0329059999999999
000001.SZ,1d,2018-04-27,8.787205478510298,8.802500875339733,8.129503414844601,8.297752779968384,2709795.0,2958464277.86,20180427,10.850000000000001,1.3075829429617378,20260612,20260612,1.0329059999999999
000001.SZ,1d,2018-05-02,8.389525160944993,8.435411351433299,8.259514287894797,8.320695875212536,1190523.0,1295804420.86,20180502,10.88,1.3075829429617378,20260612,20260612,1.0329059999999999
000001.SZ,1d,2018-05-03,8.3054004783831,8.320695875212536,8.083617224356297,8.22127579582121,1281355.0,1372765845.8300002,20180503,10.75,1.3075829429617378,20260612,20260612,1.0329059999999999
000001.SZ,1d,2018-05-04,8.205980398991775,8.282457383138949,8.152446510088753,8.167741906918188,710509.0,761302468.67,20180504,10.68,1.3075829429617378,20260612,20260612,1.0329059999999999
000001.SZ,1d,2018-05-07,8.183037303747623,8.282457383138949,8.137151113259318,8.267161986309514,974309.0,1046743101.9200001,20180507,10.81,1.3075829429617378,20260612,20260612,1.0329059999999999
000001.SZ,1d,2018-05-08,8.282457383138949,8.527183732409906,8.259514287894797,8.420115954603864,1373305.0,1511546681.16,20180508,11.010000000000002,1.3075829429617378,20260612,20260612,1.0329059999999999
000001.SZ,1d,2018-05-09,8.39717285935971,8.435411351433299,8.320695875212536,8.389525160944993,627656.0,687036874.44,20180509,10.97,1.3075829429617378,20260612,20260612,1.0329059999999999
000001.SZ,1d,2018-05-10,8.435411351433297,8.4812975419216,8.343638970456688,8.420115954603862,552735.0,607349997.23,20180510,11.01,1.3075829429617378,20260612,20260612,1.0329059999999999
000001.SZ,1d,2018-05-11,8.443059049848015,8.51188833558047,8.381877462530277,8.420115954603864,772369.0,853271166.64,20180511,11.010000000000002,1.3075829429617378,20260612,20260612,1.0329059999999999
000001.SZ,1d,2018-05-14,8.4812975419216,8.588365319727645,8.435411351433297,8.550126827654058,1039297.0,1158064201.07,20180514,11.18,1.3075829429617378,20260612,20260612,1.0329059999999999
000001.SZ,1d,2018-05-15,8.550126827654058,8.557774526068775,8.427763653018578,8.504240637165752,669261.0,742590447.6500001,20180515,11.12,1.3075829429617378,20260612,20260612,1.0329059999999999
000001.SZ,1d,2018-05-16,8.466002145092167,8.466002145092167,8.328343573627254,8.335991272041971,714362.0,782694669.6899999,20180516,10.9,1.3075829429617378,20260612,20260612,1.0329059999999999
000001.SZ,1d,2018-05-17,8.343638970456688,8.36658206570084,8.244218891065362,8.27480968472423,586494.0,635675440.98,20180517,10.819999999999999,1.3075829429617378,20260612,20260612,1.0329059999999999
000001.SZ,1d,2018-05-18,8.267161986309514,8.389525160944993,8.228923494235927,8.381877462530275,578384.0,628250184.9200001,20180518,10.959999999999999,1.3075829429617378,20260612,20260612,1.0329059999999999
000001.SZ,1d,2018-05-21,8.466002145092167,8.496592938751036,8.358934367286123,8.374229764115556,763533.0,838750577.6500001,20180521,10.95,1.3075829429617378,20260612,20260612,1.0329059999999999
000001.SZ,1d,2018-05-22,8.374229764115558,8.39717285935971,8.25186658948008,8.305400478383103,589871.0,639815249.44,20180522,10.860000000000001,1.3075829429617378,20260612,20260612,1.0329059999999999
000001.SZ,1d,2018-05-23,8.274809684724232,8.274809684724232,8.121855716429884,8.144798811674036,991016.0,1058587812.32,20180523,10.65,1.3075829429617378,20260612,20260612,1.0329059999999999
000001.SZ,1d,2018-05-24,8.152446510088753,8.167741906918188,8.091264922771014,8.114208018015166,688152.0,730678763.88,20180524,10.61,1.3075829429617378,20260612,20260612,1.0329059999999999
000001.SZ,1d,2018-05-25,8.114208018015168,8.16009420850347,8.068321827526862,8.09891262118573,593335.0,629735450.6,20180525,10.59,1.3075829429617378,20260612,20260612,1.0329059999999999
000001.SZ,1d,2018-05-28,8.091264922771014,8.152446510088753,8.037731033867992,8.09891262118573,569400.0,602590746.57,20180528,10.59,1.3075829429617378,20260612,20260612,1.0329059999999999
000001.SZ,1d,2018-05-29,8.091264922771014,8.1295034148446,7.915367859232513,7.938310954476665,889494.0,930386966.6300001,20180529,10.379999999999999,1.3075829429617378,20260612,20260612,1.0329059999999999
000001.SZ,1d,2018-05-30,7.86948166874421,7.86948166874421,7.6859369067909915,7.708880002035143,1124447.0,1139918753.16,20180530,10.08,1.3075829429617378,20260612,20260612,1.0329059999999999
000001.SZ,1d,2018-05-31,7.731823097279295,7.793004684597035,7.662993811546839,7.785356986182317,987360.0,999216332.96,20180531,10.18,1.3075829429617378,20260612,20260612,1.0329059999999999
000001.SZ,1d,2018-06-01,7.7624138909381655,7.86948166874421,7.701232303620427,7.793004684597035,597211.0,608398867.4599999,20180601,10.19,1.3075829429617378,20260612,20260612,1.0329059999999999
000001.SZ,1d,2018-06-04,7.823595478255905,7.884777065573644,7.7624138909381655,7.854186271914774,593038.0,608291978.44,20180604,10.27,1.3075829429617378,20260612,20260612,1.0329059999999999
000001.SZ,1d,2018-06-05,7.869481668744208,7.8771293671589255,7.731823097279295,7.846538573500057,656540.0,670740302.01,20180605,10.26,1.3075829429617378,20260612,20260612,1.0329059999999999
000001.SZ,1d,2018-06-06,7.838890875085339,7.846538573500057,7.7241753988645785,7.754766192523447,712743.0,724032796.29,20180606,10.139999999999999,1.3075829429617378,20260612,20260612,1.0329059999999999
000001.SZ,1d,2018-06-07,7.800652383011752,7.999492541794404,7.785356986182317,7.930663256061948,1262638.0,1306425478.0900002,20180607,10.37,1.3075829429617378,20260612,20260612,1.0329059999999999
000001.SZ,1d,2018-06-08,7.900072462403078,7.900072462403078,7.693584605205709,7.739470795694014,1099379.0,1114968856.53,20180608,10.120000000000001,1.3075829429617378,20260612,20260612,1.0329059999999999
000001.SZ,1d,2018-06-11,7.693584605205709,7.747118494108731,7.6476984147174045,7.678289208376273,721374.0,724687998.61,20180611,10.04,1.3075829429617378,20260612,20260612,1.0329059999999999
000001.SZ,1d,2018-06-12,7.670641509961557,7.708880002035145,7.609459922643818,7.693584605205709,913300.0,914001701.46,20180612,10.06,1.3075829429617378,20260612,20260612,1.0329059999999999
000001.SZ,1d,2018-06-13,7.678289208376275,7.693584605205709,7.609459922643818,7.609459922643818,530584.0,530483756.71000004,20180613,9.950000000000001,1.3075829429617378,20260612,20260612,1.0329059999999999
000001.SZ,1d,2018-06-14,7.609459922643817,7.7624138909381655,7.586516827399665,7.701232303620427,866392.0,872487574.2800001,20180614,10.07,1.3075829429617378,20260612,20260612,1.0329059999999999
000001.SZ,1d,2018-06-15,7.708880002035143,7.86948166874421,7.693584605205709,7.7777092877676,1248707.0,1273412999.36,20180615,10.17,1.3075829429617378,20260612,20260612,1.0329059999999999
000001.SZ,1d,2018-06-19,7.6859369067909915,7.7624138909381655,7.510039843252491,7.548278335326079,1565874.0,1565756559.87,20180619,9.870000000000001,1.3075829429617378,20260612,20260612,1.0329059999999999
000001.SZ,1d,2018-06-20,7.548278335326078,7.609459922643817,7.464153652764186,7.578869128984948,763637.0,752950700.66,20180620,9.91,1.3075829429617378,20260612,20260612,1.0329059999999999
000001.SZ,1d,2018-06-21,7.594164525814382,7.678289208376273,7.54063063691136,7.54063063691136,840070.0,836014838.1400001,20180621,9.86,1.3075829429617378,20260612,20260612,1.0329059999999999
000001.SZ,1d,2018-06-22,7.494744446423056,7.548278335326078,7.471801351178904,7.532982938496643,657818.0,645752909.26,20180622,9.85,1.3075829429617378,20260612,20260612,1.0329059999999999
000001.SZ,1d,2018-06-25,7.578869128984948,7.586516827399667,7.173541113004926,7.234722700322665,1195212.0,1154559080.5,20180625,9.46,1.3075829429617378,20260612,20260612,1.0329059999999999
000001.SZ,1d,2018-06-26,7.181188811419643,7.219427303493229,6.95175785897812,7.15824571617549,1124156.0,1042528543.9899999,20180626,9.36,1.3075829429617378,20260612,20260612,1.0329059999999999
000001.SZ,1d,2018-06-27,7.120007224101903,7.188836509834359,6.905871668489816,6.95175785897812,1045142.0,958871648.21,20180627,9.09,1.3075829429617378,20260612,20260612,1.0329059999999999
000001.SZ,1d,2018-06-28,6.844690081172078,6.944110160563405,6.783508493854338,6.821746985927926,1110764.0,996801234.6999999,20180628,8.920000000000002,1.3075829429617378,20260612,20260612,1.0329059999999999
000001.SZ,1d,2018-06-29,6.8905762716603824,6.982348652636991,6.852337779586795,6.951757858978122,675299.0,611346088.6899999,20180629,9.090000000000002,1.3075829429617378,20260612,20260612,1.0329059999999999
000001.SZ,1d,2018-07-02,6.921167065319252,6.921167065319252,6.538782144583381,6.584668335071686,1315520.0,1158545868.8100002,20180702,8.610000000000001,1.3075829429617378,20260612,20260612,1.0329059999999999
000001.SZ,1d,2018-07-03,6.645849922389424,6.653497620804141,6.462305160436206,6.630554525559989,1274838.0,1096657033.32,20180703,8.67,1.3075829429617378,20260612,20260612,1.0329059999999999
000001.SZ,1d,2018-07-04,6.599963731901119,6.691736112877729,6.584668335071685,6.584668335071685,711153.0,617278559.96,20180704,8.61,1.3075829429617378,20260612,20260612,1.0329059999999999
000001.SZ,1d,2018-07-05,6.592316033486403,6.676440716048294,6.538782144583381,6.577020636656969,835768.0,722169579.0,20180705,8.600000000000001,1.3075829429617378,20260612,20260612,1.0329059999999999
000001.SZ,1d,2018-07-06,6.584668335071685,6.714679208121881,6.462305160436206,6.622906827145272,988282.0,852071526.9799999,20180706,8.66,1.3075829429617378,20260612,20260612,1.0329059999999999
000001.SZ,1d,2018-07-09,6.645849922389424,6.905871668489816,6.638202223974707,6.905871668489816,1409954.0,1255007609.99,20180709,9.03,1.3075829429617378,20260612,20260612,1.0329059999999999
000001.SZ,1d,2018-07-10,6.8982239700751,6.8982239700751,6.798803890683772,6.86763317641623,896862.0,803038965.2500001,20180710,8.98,1.3075829429617378,20260612,20260612,1.0329059999999999
000001.SZ,1d,2018-07-11,6.699383811292446,6.752917700195468,6.638202223974707,6.714679208121881,851296.0,744765824.8900001,20180711,8.78,1.3075829429617378,20260612,20260612,1.0329059999999999
000001.SZ,1d,2018-07-12,6.683588102032721,6.9711378227015715,6.6680448738884595,6.901193296052392,1140492.0,1008658828.6700001,20180712,8.88,1.2867339920879368,20260612,20260612,1.0329059999999999
000001.SZ,1d,2018-07-13,6.932279752340915,6.947822980485177,6.854563611619605,6.901193296052392,603378.0,535401175.45,20180713,8.88,1.2867339920879368,20260612,20260612,1.0329059999999999
000001.SZ,1d,2018-07-16,6.877878453835998,6.916736524196653,6.7535326286819,6.784619084970424,689845.0,603427713.21,20180716,8.729999999999999,1.2867339920879368,20260612,20260612,1.0329059999999999
000001.SZ,1d,2018-07-17,6.792390699042556,6.800162313114687,6.7302177864655075,6.776847470898295,375356.0,326396994.95,20180717,8.72,1.2867339920879368,20260612,20260612,1.0329059999999999
000001.SZ,1d,2018-07-18,6.800162313114687,6.877878453835998,6.7535326286819,6.761304242754031,525152.0,460697377.12000006,20180718,8.7,1.2867339920879368,20260612,20260612,1.0329059999999999
000001.SZ,1d,2018-07-19,6.800162313114687,6.846791997547473,6.7535326286819,6.784619084970424,461372.0,403674308.23,20180719,8.729999999999999,1.2867339920879368,20260612,20260612,1.0329059999999999
000001.SZ,1d,2018-07-20,6.784619084970424,7.149884946360585,6.691359716104852,7.079940419711406,1754277.0,1576843937.1000001,20180720,9.11,1.2867339920879368,20260612,20260612,1.0329059999999999
000001.SZ,1d,2018-07-23,7.025539121206488,7.3441752981638615,6.994452664917964,7.320860455947469,1781688.0,1646028021.04,20180723,9.42,1.2867339920879368,20260612,20260612,1.0329059999999999
000001.SZ,1d,2018-07-24,7.297545613731076,7.452977895173697,7.250915929298289,7.305317227803207,1425894.0,1348746826.8300002,20180724,9.4,1.2867339920879368,20260612,20260612,1.0329059999999999
000001.SZ,1d,2018-07-25,7.336403684091731,7.359718526308125,7.250915929298289,7.289773999658945,614122.0,575752176.95,20180725,9.38,1.2867339920879368,20260612,20260612,1.0329059999999999
000001.SZ,1d,2018-07-26,7.305317227803207,7.367490140380256,7.157656560432717,7.188743016721241,833358.0,778429753.7900001,20180726,9.25,1.2867339920879368,20260612,20260612,1.0329059999999999
000001.SZ,1d,2018-07-27,7.227601087081895,7.274230771514683,7.134341718216323,7.188743016721241,515126.0,477527419.46,20180727,9.25,1.2867339920879368,20260612,20260612,1.0329059999999999
000001.SZ,1d,2018-07-30,7.243144315226158,7.375261754452387,7.196514630793372,7.297545613731076,706385.0,661767547.55,20180730,9.39,1.2867339920879368,20260612,20260612,1.0329059999999999
000001.SZ,1d,2018-07-31,7.2820023855868135,7.375261754452387,7.188743016721241,7.320860455947469,720150.0,674484650.66,20180731,9.42,1.2867339920879368,20260612,20260612,1.0329059999999999
000001.SZ,1d,2018-08-01,7.320860455947469,7.383033368524518,7.079940419711406,7.111026875999929,814081.0,759282229.65,20180801,9.149999999999999,1.2867339920879368,20260612,20260612,1.0329059999999999
000001.SZ,1d,2018-08-02,7.095483647855668,7.11102687599993,6.901193296052392,6.947822980485179,931401.0,839272254.36,20180802,8.940000000000001,1.2867339920879368,20260612,20260612,1.0329059999999999
000001.SZ,1d,2018-08-03,6.940051366413046,7.072168805639275,6.924508138268784,6.924508138268784,476546.0,428641526.2,20180803,8.91,1.2867339920879368,20260612,20260612,1.0329059999999999
000001.SZ,1d,2018-08-06,6.947822980485179,7.079940419711407,6.9089649101245225,6.947822980485179,554010.0,497906686.27000004,20180806,8.940000000000001,1.2867339920879368,20260612,20260612,1.0329059999999999
000001.SZ,1d,2018-08-07,6.963366208629441,7.126570104144192,6.901193296052392,7.126570104144192,690423.0,624359656.36,20180807,9.17,1.2867339920879368,20260612,20260612,1.0329059999999999
000001.SZ,1d,2018-08-08,7.118798490072061,7.118798490072061,7.025539121206489,7.0333107352786195,578953.0,527526989.83,20180808,9.05,1.2867339920879368,20260612,20260612,1.0329059999999999
000001.SZ,1d,2018-08-09,7.025539121206488,7.266459157442552,7.009995893062226,7.2198294730097645,806783.0,746469808.0899999,20180809,9.29,1.2867339920879368,20260612,20260612,1.0329059999999999
000001.SZ,1d,2018-08-10,7.227601087081896,7.243144315226158,7.118798490072061,7.173199788576979,424168.0,391366341.57,20180810,9.23,1.2867339920879368,20260612,20260612,1.0329059999999999
000001.SZ,1d,2018-08-13,7.0877120337835375,7.118798490072061,6.916736524196653,7.0333107352786195,818491.0,736947790.49,20180813,9.05,1.2867339920879368,20260612,20260612,1.0329059999999999
000001.SZ,1d,2018-08-14,7.017767507134357,7.025539121206488,6.947822980485177,6.994452664917964,430240.0,386334617.9499999,20180814,9.0,1.2867339920879368,20260612,20260612,1.0329059999999999
000001.SZ,1d,2018-08-15,7.009995893062226,7.009995893062226,6.800162313114687,6.831248769403211,670442.0,594759517.14,20180815,8.79,1.2867339920879368,20260612,20260612,1.0329059999999999
000001.SZ,1d,2018-08-16,6.7846190849704255,6.9089649101245225,6.714674558321246,6.823477155331081,638272.0,559523123.02,20180816,8.780000000000001,1.2867339920879368,20260612,20260612,1.0329059999999999
000001.SZ,1d,2018-08-17,6.901193296052391,6.947822980485177,6.82347715533108,6.846791997547473,649476.0,576683267.1100001,20180817,8.809999999999999,1.2867339920879368,20260612,20260612,1.0329059999999999
000001.SZ,1d,2018-08-20,6.916736524196653,7.009995893062227,6.893421681980261,6.994452664917965,681322.0,609934725.59,20180820,9.000000000000002,1.2867339920879368,20260612,20260612,1.0329059999999999
000001.SZ,1d,2018-08-21,7.009995893062226,7.196514630793372,7.002224278990095,7.173199788576979,1264474.0,1163292795.24,20180821,9.23,1.2867339920879368,20260612,20260612,1.0329059999999999
000001.SZ,1d,2018-08-22,7.18097140264911,7.258687543370422,7.095483647855668,7.219829473009765,982433.0,909598743.27,20180822,9.290000000000001,1.2867339920879368,20260612,20260612,1.0329059999999999
000001.SZ,1d,2018-08-23,7.227601087081896,7.320860455947469,7.173199788576979,7.2742307715146834,729074.0,680941392.24,20180823,9.360000000000001,1.2867339920879368,20260612,20260612,1.0329059999999999
000001.SZ,1d,2018-08-24,7.235372701154027,7.989219266150742,7.219829473009765,7.794928914347465,3040408.0,2995071976.8100004,20180824,10.030000000000001,1.2867339920879368,20260612,20260612,1.0329059999999999
000001.SZ,1d,2018-08-27,7.787157300275334,8.105793477232709,7.748299229914679,8.105793477232709,2218424.0,2251527721.3500004,20180827,10.430000000000001,1.2867339920879368,20260612,20260612,1.0329059999999999
000001.SZ,1d,2018-08-28,8.035848950583528,8.105793477232707,7.958132809862217,7.996990880222873,1289777.0,1331917860.95,20180828,10.290000000000001,1.2867339920879368,20260612,20260612,1.0329059999999999
000001.SZ,1d,2018-08-29,7.965904423934348,8.028077336511396,7.888188283213037,7.98144765207861,901883.0,923581546.46,20180829,10.27,1.2867339920879368,20260612,20260612,1.0329059999999999
000001.SZ,1d,2018-08-30,7.98144765207861,8.043620564655658,7.833786984708119,7.864873440996643,994917.0,1013877514.26,20180830,10.12,1.2867339920879368,20260612,20260612,1.0329059999999999
000001.SZ,1d,2018-08-31,7.872645055068774,8.020305722439266,7.849330212852381,7.872645055068774,1310865.0,1337898869.57,20180831,10.129999999999999,1.2867339920879368,20260612,20260612,1.0329059999999999
000001.SZ,1d,2018-09-03,7.84155859878025,8.004762494295004,7.84155859878025,7.919274739501561,711695.0,725303291.73,20180903,10.19,1.2867339920879368,20260612,20260612,1.0329059999999999
000001.SZ,1d,2018-09-04,7.927046353573694,8.199052846098281,7.8260153706359885,8.105793477232707,1296342.0,1339756563.51,20180904,10.43,1.2867339920879368,20260612,20260612,1.0329059999999999
000001.SZ,1d,2018-09-05,8.004762494295004,8.028077336511396,7.810472142491727,7.810472142491727,1179453.0,1202345697.97,20180905,10.05,1.2867339920879368,20260612,20260612,1.0329059999999999
000001.SZ,1d,2018-09-06,7.810472142491727,7.8804166691409065,7.732756001770417,7.748299229914679,711777.0,713975749.0200001,20180906,9.97,1.2867339920879368,20260612,20260612,1.0329059999999999
000001.SZ,1d,2018-09-07,7.802700528419595,7.91150312542943,7.717212773626153,7.779385686203202,809035.0,815151722.99,20180907,10.01,1.2867339920879368,20260612,20260612,1.0329059999999999
000001.SZ,1d,2018-09-10,7.779385686203202,7.8260153706359885,7.6472682469769735,7.678354703265497,636989.0,631174169.9300001,20180910,9.879999999999999,1.2867339920879368,20260612,20260612,1.0329059999999999
000001.SZ,1d,2018-09-11,7.693897931409761,7.794928914347465,7.623953404760581,7.7016695454818915,712967.0,707337570.1400001,20180911,9.91,1.2867339920879368,20260612,20260612,1.0329059999999999
000001.SZ,1d,2018-09-12,7.670583089193368,7.748299229914679,7.631725018832712,7.678354703265499,564829.0,558399563.21,20180912,9.88,1.2867339920879368,20260612,20260612,1.0329059999999999
000001.SZ,1d,2018-09-13,7.84155859878025,7.849330212852381,7.6472682469769735,7.740527615842546,999725.0,993389970.35,20180913,9.959999999999999,1.2867339920879368,20260612,20260612,1.0329059999999999
000001.SZ,1d,2018-09-14,7.75607084398681,7.75607084398681,7.623953404760581,7.6472682469769735,619750.0,611422480.21,20180914,9.84,1.2867339920879368,20260612,20260612,1.0329059999999999
000001.SZ,1d,2018-09-17,7.616181790688449,7.616181790688449,7.5229224218228765,7.530694035895007,517082.0,502609643.63,20180917,9.69,1.2867339920879368,20260612,20260612,1.0329059999999999
000001.SZ,1d,2018-09-18,7.561780492183533,7.864873440996645,7.53846564996714,7.833786984708121,1126807.0,1120867543.02,20180918,10.080000000000002,1.2867339920879368,20260612,20260612,1.0329059999999999
000001.SZ,1d,2018-09-19,7.794928914347464,8.035848950583528,7.794928914347464,7.958132809862217,1231548.0,1257191505.9599998,20180919,10.24,1.2867339920879368,20260612,20260612,1.0329059999999999
000001.SZ,1d,2018-09-20,7.98144765207861,8.05139217872779,7.919274739501561,7.950361195790085,620348.0,636742814.2300001,20180920,10.229999999999999,1.2867339920879368,20260612,20260612,1.0329059999999999
000001.SZ,1d,2018-09-21,7.973676038006479,8.315627057180246,7.91150312542943,8.292312214963854,1624518.0,1707850487.8000002,20180921,10.67,1.2867339920879368,20260612,20260612,1.0329059999999999
000001.SZ,1d,2018-09-25,8.175738003881886,8.300083829035984,8.144651547593362,8.199052846098281,977014.0,1030715785.16,20180925,10.55,1.2867339920879368,20260612,20260612,1.0329059999999999
000001.SZ,1d,2018-09-26,8.245682530531067,8.486602566767129,8.175738003881886,8.323398671252377,1490513.0,1600626208.76,20180926,10.709999999999999,1.2867339920879368,20260612,20260612,1.0329059999999999
000001.SZ,1d,2018-09-27,8.27676898681959,8.424429654190082,8.214596074242543,8.34671351346877,880363.0,942200398.6200001,20180927,10.74,1.2867339920879368,20260612,20260612,1.0329059999999999
000001.SZ,1d,2018-09-28,8.377799969757294,8.758609059291716,8.377799969757294,8.587633549704833,2110242.0,2331358288.96,20180928,11.049999999999999,1.2867339920879368,20260612,20260612,1.0329059999999999
000001.SZ,1d,2018-10-08,8.315627057180247,8.385571583829426,8.12133670537697,8.12133670537697,1686358.0,1793455283.0900002,20181008,10.450000000000001,1.2867339920879368,20260612,20260612,1.0329059999999999
000001.SZ,1d,2018-10-09,8.1291083194491,8.315627057180247,8.074707020944183,8.206824460170411,1064084.0,1117946550.71,20181009,10.56,1.2867339920879368,20260612,20260612,1.0329059999999999
000001.SZ,1d,2018-10-10,8.19128123202615,8.284540600891722,8.066935406872052,8.12133670537697,995200.0,1045666180.93,20181010,10.450000000000001,1.2867339920879368,20260612,20260612,1.0329059999999999
000001.SZ,1d,2018-10-11,7.810472142491727,7.89595989728517,7.53846564996714,7.662811475121237,1995143.0,1994186611.8000002,20181011,9.860000000000001,1.2867339920879368,20260612,20260612,1.0329059999999999
000001.SZ,1d,2018-10-12,7.748299229914679,8.035848950583528,7.670583089193368,8.004762494295004,1516810.0,1532651400.23,20181012,10.3,1.2867339920879368,20260612,20260612,1.0329059999999999
000001.SZ,1d,2018-10-15,8.074707020944183,8.136879933521232,7.84155859878025,7.857101826924512,1402685.0,1443043059.27,20181015,10.11,1.2867339920879368,20260612,20260612,1.0329059999999999
000001.SZ,1d,2018-10-16,7.8804166691409065,8.19128123202615,7.864873440996645,8.059163792799922,1396921.0,1450020371.45,20181016,10.370000000000001,1.2867339920879368,20260612,20260612,1.0329059999999999
000001.SZ,1d,2018-10-17,8.160194775737624,8.199052846098281,7.8804166691409065,8.028077336511396,1350889.0,1400306336.2199998,20181017,10.33,1.2867339920879368,20260612,20260612,1.0329059999999999
000001.SZ,1d,2018-10-18,7.996990880222873,7.996990880222873,7.818243756563858,7.84155859878025,1001156.0,1015654821.72,20181018,10.09,1.2867339920879368,20260612,20260612,1.0329059999999999
000001.SZ,1d,2018-10-19,7.732756001770415,8.377799969757294,7.709441159554022,8.362256741613033,2083667.0,2173571254.6200004,20181019,10.76,1.2867339920879368,20260612,20260612,1.0329059999999999
000001.SZ,1d,2018-10-22,8.401114811973686,8.906269726662206,8.377799969757294,8.665349690426144,2645543.0,2932714470.7000003,20181022,11.149999999999999,1.2867339920879368,20260612,20260612,1.0329059999999999
000001.SZ,1d,2018-10-23,8.704207760786801,8.719750988931063,8.338941899396639,8.424429654190082,1602545.0,1759265958.65,20181023,10.84,1.2867339920879368,20260612,20260612,1.0329059999999999
000001.SZ,1d,2018-10-24,8.471059338622867,8.805238743724503,8.393343197901558,8.579861935632703,1829424.0,2026171911.6200004,20181024,11.040000000000001,1.2867339920879368,20260612,20260612,1.0329059999999999
000001.SZ,1d,2018-10-25,8.393343197901558,8.77415228743598,8.323398671252377,8.77415228743598,1685011.0,1855823739.15,20181025,11.290000000000001,1.2867339920879368,20260612,20260612,1.0329059999999999
000001.SZ,1d,2018-10-26,8.77415228743598,8.789695515580242,8.517689023055654,8.68866453264254,1299975.0,1448843512.3,20181026,11.180000000000001,1.2867339920879368,20260612,20260612,1.0329059999999999
000001.SZ,1d,2018-10-29,8.704207760786801,8.735294217075324,8.253454144603198,8.354485127540903,1591628.0,1725932497.6100001,20181029,10.750000000000002,1.2867339920879368,20260612,20260612,1.0329059999999999
000001.SZ,1d,2018-10-30,8.377799969757296,8.610948391921227,8.338941899396639,8.471059338622867,1501827.0,1641371787.2,20181030,10.9,1.2867339920879368,20260612,20260612,1.0329059999999999
000001.SZ,1d,2018-10-31,8.509917408983522,8.541003865272048,8.354485127540901,8.478830952694999,1152683.0,1252156775.98,20181031,10.91,1.2867339920879368,20260612,20260612,1.0329059999999999
000001.SZ,1d,2018-11-01,8.541003865272048,8.587633549704833,8.362256741613033,8.41665804011795,1542776.0,1679443449.7099998,20181101,10.83,1.2867339920879368,20260612,20260612,1.0329059999999999
000001.SZ,1d,2018-11-02,8.579861935632703,8.673121304498276,8.41665804011795,8.618720005993358,2212922.0,2439179135.98,20181102,11.09,1.2867339920879368,20260612,20260612,1.0329059999999999
000001.SZ,1d,2018-11-05,8.509917408983524,8.579861935632703,8.40888642604582,8.486602566767129,1291924.0,1409457171.3,20181105,10.92,1.2867339920879368,20260612,20260612,1.0329059999999999
000001.SZ,1d,2018-11-06,8.447744496406475,8.49437418083926,8.338941899396639,8.424429654190082,735725.0,795322638.26,20181106,10.84,1.2867339920879368,20260612,20260612,1.0329059999999999
000001.SZ,1d,2018-11-07,8.41665804011795,8.509917408983522,8.354485127540901,8.401114811973688,785597.0,851487053.87,20181107,10.81,1.2867339920879368,20260612,20260612,1.0329059999999999
000001.SZ,1d,2018-11-08,8.455516110478605,8.525460637127786,8.40888642604582,8.463287724550737,793976.0,864744243.04,20181108,10.89,1.2867339920879368,20260612,20260612,1.0329059999999999
000001.SZ,1d,2018-11-09,8.323398671252377,8.338941899396639,8.082478635016315,8.199052846098281,1629269.0,1716198382.75,20181109,10.55,1.2867339920879368,20260612,20260612,1.0329059999999999
000001.SZ,1d,2018-11-12,8.1291083194491,8.222367688314673,8.066935406872052,8.206824460170411,920333.0,965756504.35,20181112,10.56,1.2867339920879368,20260612,20260612,1.0329059999999999
000001.SZ,1d,2018-11-13,8.090250249088445,8.27676898681959,8.066935406872052,8.19128123202615,1072497.0,1126736143.27,20181113,10.540000000000001,1.2867339920879368,20260612,20260612,1.0329059999999999
000001.SZ,1d,2018-11-14,8.183509617954018,8.199052846098281,8.098021863160577,8.113565091304839,774239.0,810357748.16,20181114,10.44,1.2867339920879368,20260612,20260612,1.0329059999999999
000001.SZ,1d,2018-11-15,8.113565091304839,8.26899737274746,8.098021863160577,8.253454144603197,901461.0,949991801.2,20181115,10.62,1.2867339920879368,20260612,20260612,1.0329059999999999
000001.SZ,1d,2018-11-16,8.245682530531067,8.331170285324509,8.152423161665494,8.214596074242543,1059592.0,1123173219.43,20181116,10.57,1.2867339920879368,20260612,20260612,1.0329059999999999
000001.SZ,1d,2018-11-19,8.214596074242543,8.455516110478605,8.214596074242543,8.432201268262212,1360887.0,1466899416.6200001,20181119,10.85,1.2867339920879368,20260612,20260612,1.0329059999999999
000001.SZ,1d,2018-11-20,8.354485127540901,8.393343197901556,8.175738003881886,8.214596074242543,1033877.0,1099654683.02,20181120,10.57,1.2867339920879368,20260612,20260612,1.0329059999999999
000001.SZ,1d,2018-11-21,8.160194775737624,8.292312214963854,8.144651547593362,8.245682530531067,666157.0,705638355.22,20181121,10.610000000000001,1.2867339920879368,20260612,20260612,1.0329059999999999
000001.SZ,1d,2018-11-22,8.292312214963854,8.292312214963854,8.144651547593362,8.199052846098281,500267.0,527103281.19,20181122,10.55,1.2867339920879368,20260612,20260612,1.0329059999999999
000001.SZ,1d,2018-11-23,8.18350961795402,8.222367688314673,8.012534108367134,8.020305722439266,700358.0,730667665.37,20181123,10.32,1.2867339920879368,20260612,20260612,1.0329059999999999
000001.SZ,1d,2018-11-26,8.035848950583528,8.1291083194491,8.004762494295004,8.035848950583528,516569.0,535963342.8600001,20181126,10.34,1.2867339920879368,20260612,20260612,1.0329059999999999
000001.SZ,1d,2018-11-27,8.043620564655658,8.074707020944183,7.895959897285168,7.91150312542943,733448.0,752824120.3000001,20181127,10.18,1.2867339920879368,20260612,20260612,1.0329059999999999
000001.SZ,1d,2018-11-28,7.903731511357299,8.012534108367134,7.895959897285168,7.989219266150741,537751.0,550820246.7,20181128,10.28,1.2867339920879368,20260612,20260612,1.0329059999999999
000001.SZ,1d,2018-11-29,8.043620564655658,8.074707020944182,7.919274739501561,7.927046353573692,485284.0,499068827.02,20181129,10.2,1.2867339920879368,20260612,20260612,1.0329059999999999
000001.SZ,1d,2018-11-30,7.9425895817179555,8.05139217872779,7.903731511357299,8.05139217872779,594715.0,610571532.6100001,20181130,10.36,1.2867339920879368,20260612,20260612,1.0329059999999999
000001.SZ,1d,2018-12-03,8.230139302386805,8.284540600891722,8.136879933521232,8.230139302386805,1064097.0,1126374829.79,20181203,10.59,1.2867339920879368,20260612,20260612,1.0329059999999999
000001.SZ,1d,2018-12-04,8.214596074242541,8.253454144603197,8.183509617954018,8.230139302386805,534813.0,565743744.88,20181204,10.59,1.2867339920879368,20260612,20260612,1.0329059999999999
000001.SZ,1d,2018-12-05,8.152423161665494,8.167966389809756,8.082478635016315,8.12133670537697,581545.0,608133290.28,20181205,10.450000000000001,1.2867339920879368,20260612,20260612,1.0329059999999999
000001.SZ,1d,2018-12-06,8.05139217872779,8.059163792799922,7.950361195790086,7.965904423934348,578866.0,594649682.9899999,20181206,10.25,1.2867339920879368,20260612,20260612,1.0329059999999999
000001.SZ,1d,2018-12-07,8.004762494295003,8.074707020944182,7.98144765207861,7.989219266150741,340216.0,351101370.35,20181207,10.28,1.2867339920879368,20260612,20260612,1.0329059999999999
000001.SZ,1d,2018-12-10,7.9425895817179555,7.981447652078611,7.872645055068776,7.903731511357299,494818.0,504040653.97,20181210,10.17,1.2867339920879368,20260612,20260612,1.0329059999999999
000001.SZ,1d,2018-12-11,7.934817967645823,7.973676038006479,7.903731511357299,7.950361195790086,299089.0,305389210.46,20181211,10.23,1.2867339920879368,20260612,20260612,1.0329059999999999
000001.SZ,1d,2018-12-12,8.004762494295004,8.020305722439266,7.927046353573694,7.958132809862217,366379.0,375402863.91999996,20181212,10.24,1.2867339920879368,20260612,20260612,1.0329059999999999
000001.SZ,1d,2018-12-13,7.965904423934349,8.144651547593362,7.927046353573694,8.074707020944183,790845.0,819920689.17,20181213,10.39,1.2867339920879368,20260612,20260612,1.0329059999999999
000001.SZ,1d,2018-12-14,8.035848950583528,8.043620564655658,7.895959897285168,7.903731511357299,526675.0,539263012.14,20181214,10.17,1.2867339920879368,20260612,20260612,1.0329059999999999
000001.SZ,1d,2018-12-17,7.895959897285168,8.028077336511396,7.849330212852381,7.996990880222872,571274.0,584679512.2099999,20181217,10.29,1.2867339920879368,20260612,20260612,1.0329059999999999
000001.SZ,1d,2018-12-18,7.927046353573692,8.020305722439266,7.849330212852381,7.864873440996643,537744.0,547157562.7800001,20181218,10.12,1.2867339920879368,20260612,20260612,1.0329059999999999
000001.SZ,1d,2018-12-19,7.8804166691409065,7.91150312542943,7.693897931409761,7.724984387698284,598007.0,600090171.1800001,20181219,9.94,1.2867339920879368,20260612,20260612,1.0329059999999999
000001.SZ,1d,2018-12-20,7.709441159554022,7.748299229914679,7.484064351462222,7.546237264039271,990284.0,964202861.12,20181220,9.71,1.2867339920879368,20260612,20260612,1.0329059999999999
000001.SZ,1d,2018-12-21,7.5229224218228765,7.538465649967138,7.250915929298289,7.3441752981638615,1000616.0,944460332.35,20181221,9.45,1.2867339920879368,20260612,20260612,1.0329059999999999
000001.SZ,1d,2018-12-24,7.305317227803207,7.344175298163863,7.235372701154027,7.320860455947469,509117.0,477186904.75,20181224,9.42,1.2867339920879368,20260612,20260612,1.0329059999999999
000001.SZ,1d,2018-12-25,7.219829473009765,7.3286320700196015,7.157656560432717,7.258687543370422,586615.0,545235607.8500001,20181225,9.340000000000002,1.2867339920879368,20260612,20260612,1.0329059999999999
000001.SZ,1d,2018-12-26,7.266459157442552,7.320860455947469,7.204286244865503,7.227601087081895,421140.0,393215140.96999997,20181226,9.299999999999999,1.2867339920879368,20260612,20260612,1.0329059999999999
000001.SZ,1d,2018-12-27,7.3441752981638615,7.375261754452387,7.212057858937634,7.212057858937634,624593.0,586343755.0300001,20181227,9.28,1.2867339920879368,20260612,20260612,1.0329059999999999
000001.SZ,1d,2018-12-28,7.235372701154027,7.351946912235994,7.235372701154027,7.289773999658945,576604.0,541571004.8000001,20181228,9.38,1.2867339920879368,20260612,20260612,1.0329059999999999
000001.SZ,1d,2019-01-02,7.297545613731076,7.320860455947469,7.118798490072061,7.142113332288454,539386.0,498695109.65999997,20190102,9.19,1.2867339920879368,20260612,20260612,1.0329059999999999
000001.SZ,1d,2019-01-03,7.134341718216323,7.250915929298289,7.11102687599993,7.2120578589376345,415537.0,384457707.88,20190103,9.280000000000001,1.2867339920879368,20260612,20260612,1.0329059999999999
000001.SZ,1d,2019-01-04,7.18097140264911,7.631725018832712,7.165428174504848,7.5773237203277946,1481159.0,1422149888.16,20190104,9.75,1.2867339920879368,20260612,20260612,1.0329059999999999
000001.SZ,1d,2019-01-07,7.647268246976975,7.655039861049106,7.484064351462222,7.569552106255664,865687.0,841166430.7,20190107,9.74,1.2867339920879368,20260612,20260612,1.0329059999999999
000001.SZ,1d,2019-01-08,7.561780492183533,7.569552106255664,7.476292737390091,7.507379193678615,402388.0,389247795.73,20190108,9.66,1.2867339920879368,20260612,20260612,1.0329059999999999
000001.SZ,1d,2019-01-09,7.569552106255664,7.833786984708121,7.53846564996714,7.724984387698286,1233486.0,1229465116.69,20190109,9.940000000000001,1.2867339920879368,20260612,20260612,1.0329059999999999
000001.SZ,1d,2019-01-10,7.670583089193366,7.927046353573692,7.662811475121235,7.849330212852381,1071817.0,1079711035.8,20190110,10.1,1.2867339920879368,20260612,20260612,1.0329059999999999
000001.SZ,1d,2019-01-11,7.857101826924514,7.9425895817179555,7.810472142491727,7.927046353573694,696364.0,708001802.1700001,20190111,10.200000000000001,1.2867339920879368,20260612,20260612,1.0329059999999999
000001.SZ,1d,2019-01-14,7.9425895817179555,7.965904423934348,7.8260153706359885,7.857101826924512,500443.0,507862882.18000007,20190114,10.11,1.2867339920879368,20260612,20260612,1.0329059999999999
000001.SZ,1d,2019-01-15,7.857101826924512,7.989219266150741,7.84155859878025,7.958132809862217,542160.0,553027309.58,20190115,10.24,1.2867339920879368,20260612,20260612,1.0329059999999999
000001.SZ,1d,2019-01-16,7.958132809862217,8.160194775737624,7.950361195790086,8.144651547593362,977699.0,1017495116.1099999,20190116,10.48,1.2867339920879368,20260612,20260612,1.0329059999999999
000001.SZ,1d,2019-01-17,8.191281232026148,8.214596074242543,7.903731511357299,7.965904423934348,882811.0,910212066.3100001,20190117,10.25,1.2867339920879368,20260612,20260612,1.0329059999999999
000001.SZ,1d,2019-01-18,8.035848950583528,8.152423161665494,7.989219266150741,8.105793477232707,738793.0,769973637.95,20190118,10.43,1.2867339920879368,20260612,20260612,1.0329059999999999
000001.SZ,1d,2019-01-21,8.035848950583528,8.136879933521232,8.020305722439266,8.035848950583528,659355.0,684465646.24,20190121,10.34,1.2867339920879368,20260612,20260612,1.0329059999999999
000001.SZ,1d,2019-01-22,8.035848950583528,8.113565091304839,7.973676038006479,7.989219266150741,424413.0,438991450.35,20190122,10.28,1.2867339920879368,20260612,20260612,1.0329059999999999
000001.SZ,1d,2019-01-23,7.996990880222873,8.136879933521232,7.996990880222873,8.04362056465566,537876.0,559384396.28,20190123,10.350000000000001,1.2867339920879368,20260612,20260612,1.0329059999999999
000001.SZ,1d,2019-01-24,8.082478635016315,8.199052846098281,8.059163792799922,8.175738003881888,679240.0,711495718.15,20190124,10.520000000000001,1.2867339920879368,20260612,20260612,1.0329059999999999
000001.SZ,1d,2019-01-25,8.206824460170411,8.579861935632703,8.199052846098281,8.548775479344178,2108361.0,2299718224.86,20190125,11.0,1.2867339920879368,20260612,20260612,1.0329059999999999
000001.SZ,1d,2019-01-28,8.579861935632703,8.657578076354014,8.455516110478605,8.502145794911392,1035909.0,1141853833.8300002,20190128,10.940000000000001,1.2867339920879368,20260612,20260612,1.0329059999999999
000001.SZ,1d,2019-01-29,8.517689023055654,8.603176777849097,8.370028355685163,8.548775479344178,826631.0,904847854.0699999,20190129,11.0,1.2867339920879368,20260612,20260612,1.0329059999999999
000001.SZ,1d,2019-01-30,8.509917408983522,8.688664532642537,8.439972882334343,8.509917408983522,712001.0,785204571.5500001,20190130,10.95,1.2867339920879368,20260612,20260612,1.0329059999999999
000001.SZ,1d,2019-01-31,8.533232251199916,8.7042077607868,8.50214579491139,8.626491620065488,831622.0,922602874.5899999,20190131,11.1,1.2867339920879368,20260612,20260612,1.0329059999999999
000001.SZ,1d,2019-02-01,8.704207760786801,8.743065831147455,8.517689023055654,8.704207760786801,1014270.0,1127216186.16,20190201,11.200000000000001,1.2867339920879368,20260612,20260612,1.0329059999999999
000001.SZ,1d,2019-02-11,8.610948391921227,8.711979374858931,8.525460637127786,8.711979374858931,801936.0,889951528.7600001,20190211,11.21,1.2867339920879368,20260612,20260612,1.0329059999999999
000001.SZ,1d,2019-02-12,8.7042077607868,8.78969551558024,8.572090321560571,8.696436146714667,959936.0,1071873084.84,20190212,11.19,1.2867339920879368,20260612,20260612,1.0329059999999999
000001.SZ,1d,2019-02-13,8.69643614671467,8.867411656301552,8.642034848209752,8.844096814085159,1137365.0,1280182096.94,20190213,11.38,1.2867339920879368,20260612,20260612,1.0329059999999999
000001.SZ,1d,2019-02-14,8.78192390150811,8.805238743724503,8.696436146714667,8.743065831147455,869185.0,977818097.6200001,20190214,11.25,1.2867339920879368,20260612,20260612,1.0329059999999999
000001.SZ,1d,2019-02-15,8.727522603003193,8.727522603003193,8.471059338622867,8.509917408983524,1100127.0,1213914428.9,20190215,10.950000000000001,1.2867339920879368,20260612,20260612,1.0329059999999999
000001.SZ,1d,2019-02-18,8.587633549704835,8.828553585940897,8.579861935632703,8.828553585940897,1255522.0,1408279680.0900002,20190218,11.360000000000001,1.2867339920879368,20260612,20260612,1.0329059999999999
000001.SZ,1d,2019-02-19,8.828553585940897,9.030615551816306,8.735294217075324,8.758609059291716,1270882.0,1445281382.8999999,20190219,11.27,1.2867339920879368,20260612,20260612,1.0329059999999999
000001.SZ,1d,2019-02-20,8.805238743724503,8.960671025167125,8.743065831147455,8.867411656301552,832629.0,949430819.5100001,20190220,11.41,1.2867339920879368,20260612,20260612,1.0329059999999999
000001.SZ,1d,2019-02-21,8.844096814085159,8.976214253311387,8.766380673363848,8.828553585940897,754246.0,860591070.9,20190221,11.36,1.2867339920879368,20260612,20260612,1.0329059999999999
000001.SZ,1d,2019-02-22,8.820781971868765,8.99175748145565,8.665349690426144,8.968442639239257,1184047.0,1343020336.09,20190222,11.540000000000001,1.2867339920879368,20260612,20260612,1.0329059999999999
000001.SZ,1d,2019-02-25,9.092788464393355,9.823320187173675,8.99175748145565,9.753375660524496,2824935.0,3415946860.2000003,20190225,12.55,1.2867339920879368,20260612,20260612,1.0329059999999999
000001.SZ,1d,2019-02-26,9.753375660524496,9.768918888668757,9.442511097639251,9.481369167999908,2017544.0,2485673356.7699995,20190226,12.200000000000001,1.2867339920879368,20260612,20260612,1.0329059999999999
000001.SZ,1d,2019-02-27,9.512455624288432,9.838863415317936,9.442511097639251,9.636801449442528,1979013.0,2454404411.85,20190227,12.4,1.2867339920879368,20260612,20260612,1.0329059999999999
000001.SZ,1d,2019-02-28,9.667887905731051,9.800005344957281,9.535770466504824,9.605714993154004,1113099.0,1383110810.74,20190228,12.36,1.2867339920879368,20260612,20260612,1.0329059999999999
000001.SZ,1d,2019-03-01,9.698974362019577,9.932122784183509,9.481369167999908,9.916579556039247,1712679.0,2137669556.8100002,20190301,12.760000000000002,1.2867339920879368,20260612,20260612,1.0329059999999999
000001.SZ,1d,2019-03-04,9.869949871606462,10.398419628511373,9.807776959029413,10.095326679698262,2456830.0,3195011702.87,20190304,12.99,1.2867339920879368,20260612,20260612,1.0329059999999999
000001.SZ,1d,2019-03-05,10.033153767121213,10.328475101862193,9.978752468616296,10.14972797820318,1408422.0,1838251656.51,20190305,13.06,1.2867339920879368,20260612,20260612,1.0329059999999999
000001.SZ,1d,2019-03-06,10.14972797820318,10.219672504852358,9.978752468616296,10.165271206347441,1245760.0,1614670974.69,20190306,13.08,1.2867339920879368,20260612,20260612,1.0329059999999999
000001.SZ,1d,2019-03-07,10.14972797820318,10.14972797820318,9.753375660524496,9.901036327894985,1782057.0,2274151007.32,20190307,12.74,1.2867339920879368,20260612,20260612,1.0329059999999999
000001.SZ,1d,2019-03-08,9.706745976091709,9.86994987160646,9.520227238360562,9.559085308721219,1778162.0,2214572416.75,20190308,12.3,1.2867339920879368,20260612,20260612,1.0329059999999999
000001.SZ,1d,2019-03-11,9.559085308721219,9.706745976091709,9.364794956917942,9.57462853686548,1157650.0,1416000379.71,20190311,12.32,1.2867339920879368,20260612,20260612,1.0329059999999999
000001.SZ,1d,2019-03-12,9.706745976091709,9.823320187173675,9.512455624288432,9.605714993154004,1411794.0,1757797250.71,20190312,12.36,1.2867339920879368,20260612,20260612,1.0329059999999999
000001.SZ,1d,2019-03-13,9.590171765009742,9.753375660524496,9.42696786949499,9.613486607226136,1269427.0,1568387543.68,20190313,12.370000000000001,1.2867339920879368,20260612,20260612,1.0329059999999999
000001.SZ,1d,2019-03-14,9.58240015093761,9.807776959029411,9.535770466504824,9.660116291658921,1057467.0,1316372926.2,20190314,12.43,1.2867339920879368,20260612,20260612,1.0329059999999999
000001.SZ,1d,2019-03-15,9.590171765009742,9.854406643462198,9.590171765009742,9.714517590163839,1045406.0,1311323009.34,20190315,12.5,1.2867339920879368,20260612,20260612,1.0329059999999999
000001.SZ,1d,2019-03-18,9.737832432380234,10.056468609337605,9.57462853686548,10.033153767121213,1486454.0,1882483633.89,20190318,12.91,1.2867339920879368,20260612,20260612,1.0329059999999999
000001.SZ,1d,2019-03-19,10.040925381193343,10.056468609337605,9.800005344957281,9.939894398255639,957196.0,1221118294.2,20190319,12.79,1.2867339920879368,20260612,20260612,1.0329059999999999
000001.SZ,1d,2019-03-20,9.8544066434622,10.00983892490482,9.807776959029413,9.908807941967117,929996.0,1185477058.67,20190320,12.750000000000002,1.2867339920879368,20260612,20260612,1.0329059999999999
000001.SZ,1d,2019-03-21,9.924351170111377,9.947666012327772,9.776690502740887,9.862178257534328,860140.0,1092506482.84,20190321,12.69,1.2867339920879368,20260612,20260612,1.0329059999999999
000001.SZ,1d,2019-03-22,9.862178257534328,9.901036327894985,9.714517590163839,9.78446211681302,713502.0,898629416.83,20190322,12.59,1.2867339920879368,20260612,20260612,1.0329059999999999
000001.SZ,1d,2019-03-25,9.636801449442528,9.636801449442528,9.403653027278596,9.411424641350727,1179883.0,1445560160.24,20190325,12.11,1.2867339920879368,20260612,20260612,1.0329059999999999
000001.SZ,1d,2019-03-26,9.5046840102163,9.551313694649085,9.333708500629417,9.403653027278596,935393.0,1136721266.5500002,20190326,12.1,1.2867339920879368,20260612,20260612,1.0329059999999999
000001.SZ,1d,2019-03-27,9.512455624288432,9.691202747947445,9.465825939855645,9.621258221298266,922826.0,1138302657.13,20190327,12.379999999999999,1.2867339920879368,20260612,20260612,1.0329059999999999
000001.SZ,1d,2019-03-28,9.566856922793349,9.566856922793349,9.403653027278596,9.496912396144168,732467.0,892530627.33,20190328,12.219999999999999,1.2867339920879368,20260612,20260612,1.0329059999999999
000001.SZ,1d,2019-03-29,9.527998852432695,9.963209240472034,9.489140782072038,9.963209240472034,1669506.0,2108295393.9300003,20190329,12.82,1.2867339920879368,20260612,20260612,1.0329059999999999
000001.SZ,1d,2019-04-01,9.970980854544164,10.530537067737601,9.970980854544164,10.242987347068752,1951401.0,2588268668.8700004,20190401,13.18,1.2867339920879368,20260612,20260612,1.0329059999999999
000001.SZ,1d,2019-04-02,10.320703487790063,10.476135769232684,10.281845417429407,10.382876400367111,1100384.0,1466040987.0900002,20190402,13.360000000000001,1.2867339920879368,20260612,20260612,1.0329059999999999
000001.SZ,1d,2019-04-03,10.266302189285145,10.452820927016292,10.219672504852358,10.445049312944159,792915.0,1056166231.5300001,20190403,13.44,1.2867339920879368,20260612,20260612,1.0329059999999999
000001.SZ,1d,2019-04-04,10.437277698872029,10.8802597009835,10.437277698872029,10.771457103973663,2034365.0,2796366353.31,20190404,13.86,1.2867339920879368,20260612,20260612,1.0329059999999999
000001.SZ,1d,2019-04-08,10.802543560262189,11.214439106085136,10.66265450696383,10.849173244694976,1743176.0,2464536241.4700003,20190408,13.96,1.2867339920879368,20260612,20260612,1.0329059999999999
000001.SZ,1d,2019-04-09,10.779228718045795,10.864716472839238,10.685969349180223,10.73259903361301,781332.0,1080549202.28,20190409,13.81,1.2867339920879368,20260612,20260612,1.0329059999999999
000001.SZ,1d,2019-04-10,10.685969349180223,10.787000332117927,10.413962856655635,10.67042612103596,947135.0,1289475602.49,20190410,13.73,1.2867339920879368,20260612,20260612,1.0329059999999999
000001.SZ,1d,2019-04-11,10.67042612103596,10.849173244694976,10.483907383304816,10.522765453665471,655356.0,897382236.21,20190411,13.540000000000001,1.2867339920879368,20260612,20260612,1.0329059999999999
000001.SZ,1d,2019-04-12,10.483907383304816,10.561623524026126,10.266302189285145,10.429506084799899,774324.0,1035139673.9499999,20190412,13.420000000000002,1.2867339920879368,20260612,20260612,1.0329059999999999
000001.SZ,1d,2019-04-15,10.66265450696383,10.950204227632678,10.616024822531044,10.639339664747435,1533890.0,2134708981.63,20190415,13.69,1.2867339920879368,20260612,20260612,1.0329059999999999
000001.SZ,1d,2019-04-16,10.623796436603174,11.331013317167102,10.530537067737601,11.331013317167102,2379375.0,3379550307.18,20190416,14.58,1.2867339920879368,20260612,20260612,1.0329059999999999
000001.SZ,1d,2019-04-17,11.206667492013004,11.338784931239232,11.059006824642514,11.152266193508087,1004109.0,1443493493.4099998,20190417,14.35,1.2867339920879368,20260612,20260612,1.0329059999999999
000001.SZ,1d,2019-04-18,11.113408123147432,11.167809421652349,10.96574745577694,11.144494579435955,507045.0,721908800.5899999,20190418,14.34,1.2867339920879368,20260612,20260612,1.0329059999999999
000001.SZ,1d,2019-04-19,11.2299823342294,11.501988826753985,11.113408123147432,11.447587528249068,1246036.0,1814875936.7,20190419,14.73,1.2867339920879368,20260612,20260612,1.0329059999999999
000001.SZ,1d,2019-04-22,11.346556545311364,11.533075283042509,10.942432613560548,10.996833912065465,1322273.0,1899850004.34,20190422,14.15,1.2867339920879368,20260612,20260612,1.0329059999999999
000001.SZ,1d,2019-04-23,10.957975841704812,11.035691982426123,10.856944858767108,10.934660999488417,940687.0,1326465625.0800002,20190423,14.07,1.2867339920879368,20260612,20260612,1.0329059999999999
000001.SZ,1d,2019-04-24,11.229982334229398,11.346556545311364,11.004605526137597,11.222210720157266,1949723.0,2811131027.08,20190424,14.44,1.2867339920879368,20260612,20260612,1.0329059999999999
000001.SZ,1d,2019-04-25,11.17558103572448,11.377643001599889,10.981290683921204,10.981290683921204,1111476.0,1597895217.3200002,20190425,14.13,1.2867339920879368,20260612,20260612,1.0329059999999999
000001.SZ,1d,2019-04-26,10.94243261356055,11.074550052786778,10.647111278819569,10.717055805468748,1009421.0,1407987365.7900002,20190426,13.790000000000001,1.2867339920879368,20260612,20260612,1.0329059999999999
000001.SZ,1d,2019-04-29,10.802543560262189,11.136722965363825,10.771457103973663,10.95797584170481,1030695.0,1450714134.04,20190429,14.1,1.2867339920879368,20260612,20260612,1.0329059999999999
000001.SZ,1d,2019-04-30,10.87248808691137,10.919117771344155,10.561623524026125,10.763685489901533,1116570.0,1542958577.5900002,20190430,13.85,1.2867339920879368,20260612,20260612,1.0329059999999999
000001.SZ,1d,2019-05-06,10.180814434491705,10.375104786294981,9.877721485678592,10.00206731083269,2108667.0,2742409411.07,20190506,12.870000000000001,1.2867339920879368,20260612,20260612,1.0329059999999999
000001.SZ,1d,2019-05-07,10.126413135986786,10.173042820419573,9.885493099750724,10.064240223409739,1072658.0,1386247078.7,20190507,12.950000000000001,1.2867339920879368,20260612,20260612,1.0329059999999999
000001.SZ,1d,2019-05-08,9.885493099750724,10.033153767121213,9.714517590163839,9.79223373088515,975450.0,1236655982.73,20190508,12.6,1.2867339920879368,20260612,20260612,1.0329059999999999
000001.SZ,1d,2019-05-09,9.730060818308102,9.776690502740887,9.364794956917942,9.450282711711383,1557151.0,1904905488.71,20190509,12.16,1.2867339920879368,20260612,20260612,1.0329059999999999
000001.SZ,1d,2019-05-10,9.590171765009742,9.908807941967115,9.403653027278596,9.854406643462198,1192399.0,1489975624.98,20190510,12.68,1.2867339920879368,20260612,20260612,1.0329059999999999
000001.SZ,1d,2019-05-13,9.58240015093761,9.745604046452364,9.5046840102163,9.559085308721219,741917.0,916213719.48,20190513,12.3,1.2867339920879368,20260612,20260612,1.0329059999999999
000001.SZ,1d,2019-05-14,9.481369167999906,9.908807941967115,9.450282711711383,9.706745976091709,1182598.0,1477008362.9199998,20190514,12.49,1.2867339920879368,20260612,20260612,1.0329059999999999
000001.SZ,1d,2019-05-15,9.776690502740887,10.188586048563835,9.768918888668757,10.040925381193343,1103988.0,1417050112.5900002,20190515,12.92,1.2867339920879368,20260612,20260612,1.0329059999999999
000001.SZ,1d,2019-05-16,10.048696995265477,10.095326679698262,9.932122784183509,9.986524082688428,634901.0,816740932.1200001,20190516,12.850000000000001,1.2867339920879368,20260612,20260612,1.0329059999999999
000001.SZ,1d,2019-05-17,10.040925381193343,10.048696995265475,9.605714993154004,9.667887905731051,965000.0,1208569909.79,20190517,12.44,1.2867339920879368,20260612,20260612,1.0329059999999999
000001.SZ,1d,2019-05-20,9.597943379081872,9.745604046452362,9.520227238360562,9.621258221298266,786435.0,971222474.19,20190520,12.38,1.2867339920879368,20260612,20260612,1.0329059999999999
000001.SZ,1d,2019-05-21,9.636801449442528,9.893264713822852,9.605714993154004,9.761147274596624,731210.0,919191240.9100001,20190521,12.559999999999999,1.2867339920879368,20260612,20260612,1.0329059999999999
000001.SZ,1d,2019-05-22,9.768918888668757,9.768918888668757,9.57462853686548,9.636801449442528,506230.0,628437470.0600001,20190522,12.4,1.2867339920879368,20260612,20260612,1.0329059999999999
000001.SZ,1d,2019-05-23,9.512455624288432,9.65234467758679,9.434739483567121,9.551313694649087,666855.0,817850530.3199999,20190523,12.290000000000001,1.2867339920879368,20260612,20260612,1.0329059999999999
000001.SZ,1d,2019-05-24,9.597943379081872,9.675659519803185,9.566856922793349,9.597943379081872,495526.0,613106248.37,20190524,12.35,1.2867339920879368,20260612,20260612,1.0329059999999999
000001.SZ,1d,2019-05-27,9.489140782072036,9.65234467758679,9.271535588052368,9.613486607226134,1048425.0,1275632724.48,20190527,12.37,1.2867339920879368,20260612,20260612,1.0329059999999999
000001.SZ,1d,2019-05-28,9.566856922793349,9.753375660524494,9.527998852432694,9.706745976091709,880703.0,1094063186.24,20190528,12.49,1.2867339920879368,20260612,20260612,1.0329059999999999
000001.SZ,1d,2019-05-29,9.605714993154004,9.78446211681302,9.527998852432694,9.636801449442528,666411.0,827828661.23,20190529,12.4,1.2867339920879368,20260612,20260612,1.0329059999999999
000001.SZ,1d,2019-05-30,9.57462853686548,9.621258221298266,9.411424641350727,9.496912396144168,646284.0,787801007.39,20190530,12.219999999999999,1.2867339920879368,20260612,20260612,1.0329059999999999
000001.SZ,1d,2019-05-31,9.450282711711383,9.636801449442528,9.411424641350727,9.465825939855645,686794.0,839375709.99,20190531,12.18,1.2867339920879368,20260612,20260612,1.0329059999999999
000001.SZ,1d,2019-06-03,9.49691239614417,9.58240015093761,9.186047833258927,9.248220745835974,1512719.0,1816591876.76,20190603,11.9,1.2867339920879368,20260612,20260612,1.0329059999999999
000001.SZ,1d,2019-06-04,9.240449131763842,9.279307202124498,9.015072323672042,9.209362675475319,974655.0,1147709578.0800002,20190604,11.85,1.2867339920879368,20260612,20260612,1.0329059999999999
000001.SZ,1d,2019-06-05,9.302622044340893,9.434739483567121,9.263763973980236,9.302622044340893,748892.0,899331716.0500001,20190605,11.97,1.2867339920879368,20260612,20260612,1.0329059999999999
000001.SZ,1d,2019-06-06,9.302622044340893,9.380338185062204,9.240449131763844,9.263763973980236,433665.0,519425127.17999995,20190606,11.92,1.2867339920879368,20260612,20260612,1.0329059999999999
000001.SZ,1d,2019-06-10,9.333708500629417,9.691202747947447,9.310393658413023,9.590171765009742,1144668.0,1404223620.41,20190610,12.34,1.2867339920879368,20260612,20260612,1.0329059999999999
000001.SZ,1d,2019-06-11,9.590171765009742,9.885493099750724,9.559085308721219,9.831091801245805,1251087.0,1574105212.1800003,20190611,12.65,1.2867339920879368,20260612,20260612,1.0329059999999999
000001.SZ,1d,2019-06-12,9.815548573101543,9.838863415317936,9.667887905731051,9.768918888668757,657310.0,825178004.4200001,20190612,12.57,1.2867339920879368,20260612,20260612,1.0329059999999999
000001.SZ,1d,2019-06-13,9.745604046452362,9.854406643462198,9.660116291658921,9.78446211681302,530000.0,666277695.76,20190613,12.59,1.2867339920879368,20260612,20260612,1.0329059999999999
000001.SZ,1d,2019-06-14,9.78446211681302,9.86217825753433,9.675659519803185,9.706745976091709,483191.0,606815214.15,20190614,12.49,1.2867339920879368,20260612,20260612,1.0329059999999999
000001.SZ,1d,2019-06-17,9.698974362019577,9.93989439825564,9.698974362019577,9.846635029390066,619815.0,786223580.98,20190617,12.67,1.2867339920879368,20260612,20260612,1.0329059999999999
000001.SZ,1d,2019-06-18,9.846635029390066,9.986524082688426,9.78446211681302,9.947666012327772,483555.0,616237571.71,20190618,12.8,1.2867339920879368,20260612,20260612,1.0329059999999999
000001.SZ,1d,2019-06-19,10.328475101862193,10.406191242583505,10.110869907842524,10.157499592275311,1143226.0,1504997837.9,20190619,13.07,1.2867339920879368,20260612,20260612,1.0329059999999999
000001.SZ,1d,2019-06-20,10.235215732996622,10.841401630622846,10.196357662635966,10.724827419540878,1529191.0,2083209238.7299998,20190620,13.8,1.2867339920879368,20260612,20260612,1.0329059999999999
000001.SZ,1d,2019-06-21,10.693740963252354,10.779228718045795,10.553851909953995,10.600481594386782,1011129.0,1384099587.01,20190621,13.64,1.2867339920879368,20260612,20260612,1.0329059999999999
000001.SZ,1d,2019-06-24,10.639339664747435,10.748142261757271,10.577166752170388,10.639339664747435,659572.0,904433349.2900001,20190624,13.69,1.2867339920879368,20260612,20260612,1.0329059999999999
000001.SZ,1d,2019-06-25,10.66265450696383,10.66265450696383,10.157499592275311,10.437277698872029,1469227.0,1954855785.9299998,20190625,13.43,1.2867339920879368,20260612,20260612,1.0329059999999999
000001.SZ,1d,2019-06-26,10.421568298075677,10.602198343935315,10.358740456037541,10.500103100623345,546504.0,731207282.9,20190626,13.37,1.2733208304598724,20260612,20260612,1.0329059999999999
000001.SZ,1d,2019-06-27,10.602198343935317,10.877070152852157,10.562930942661481,10.767121429285421,925074.0,1270042461.29,20190627,13.71,1.2733208304598724,20260612,20260612,1.0329059999999999
000001.SZ,1d,2019-06-28,10.782828389794954,10.829949271323557,10.665026185973451,10.822095791068788,498093.0,682679970.2,20190628,13.78,1.2733208304598724,20260612,20260612,1.0329059999999999
000001.SZ,1d,2019-07-01,11.002725836928429,11.136235001259466,10.892777113361692,10.939897994890293,960636.0,1347792874.8,20190701,13.930000000000001,1.2733208304598724,20260612,20260612,1.0329059999999999
000001.SZ,1d,2019-07-02,10.900630593616457,11.183355882788065,10.884923633106924,11.136235001259465,1052744.0,1481211353.19,20190702,14.18,1.2733208304598724,20260612,20260612,1.0329059999999999
000001.SZ,1d,2019-07-03,11.136235001259466,11.159795442023766,10.892777113361692,11.002725836928429,769078.0,1076744400.79,20190703,14.010000000000002,1.2733208304598724,20260612,20260612,1.0329059999999999
000001.SZ,1d,2019-07-04,11.002725836928429,11.214769803807135,10.900630593616459,10.987018876418894,621292.0,873624287.32,20190704,13.99,1.2733208304598724,20260612,20260612,1.0329059999999999
000001.SZ,1d,2019-07-05,10.955604955399826,10.979165396164126,10.751414468775886,10.932044514635525,749196.0,1037357175.72,20190705,13.92,1.2733208304598724,20260612,20260612,1.0329059999999999
000001.SZ,1d,2019-07-08,10.853509712087856,10.900630593616459,10.562930942661481,10.67287966622822,778413.0,1061095712.61,20190708,13.590000000000002,1.2733208304598724,20260612,20260612,1.0329059999999999
000001.SZ,1d,2019-07-09,10.704293587247284,10.76712142928542,10.555077462406713,10.672879666228217,494296.0,670391720.57,20190709,13.59,1.2733208304598724,20260612,20260612,1.0329059999999999
000001.SZ,1d,2019-07-10,10.68858662673775,10.759267949030654,10.594344863680549,10.649319225463918,358220.0,487071876.75000006,20190710,13.56,1.2733208304598724,20260612,20260612,1.0329059999999999
000001.SZ,1d,2019-07-11,10.743560988521121,10.82209579106879,10.625758784699617,10.633612264954383,484183.0,660588299.89,20190711,13.540000000000001,1.2733208304598724,20260612,20260612,1.0329059999999999
000001.SZ,1d,2019-07-12,10.680733146482984,11.175502402533299,10.665026185973451,11.089114119730864,1465366.0,2055749881.65,20190712,14.120000000000001,1.2733208304598724,20260612,20260612,1.0329059999999999
000001.SZ,1d,2019-07-15,11.01843279743796,11.089114119730862,10.869216672597389,10.99487235667366,841282.0,1175798104.87,20190715,14.0,1.2733208304598724,20260612,20260612,1.0329059999999999
000001.SZ,1d,2019-07-16,10.97131191590936,10.987018876418894,10.767121429285421,10.798535350304487,722780.0,998151578.95,20190716,13.75,1.2733208304598724,20260612,20260612,1.0329059999999999
000001.SZ,1d,2019-07-17,10.759267949030653,10.845656231833088,10.68858662673775,10.751414468775886,410020.0,561944451.84,20190717,13.69,1.2733208304598724,20260612,20260612,1.0329059999999999
000001.SZ,1d,2019-07-18,10.720000547756818,10.84565623183309,10.649319225463918,10.735707508266353,422826.0,578067487.97,20190718,13.67,1.2733208304598724,20260612,20260612,1.0329059999999999
000001.SZ,1d,2019-07-19,10.79068187004972,11.057700198711796,10.74356098852112,10.987018876418894,866390.0,1207316526.53,20190719,13.99,1.2733208304598724,20260612,20260612,1.0329059999999999
000001.SZ,1d,2019-07-22,10.963458435654593,11.010579317183193,10.806388830559255,10.877070152852157,582283.0,807249426.05,20190722,13.85,1.2733208304598724,20260612,20260612,1.0329059999999999
000001.SZ,1d,2019-07-23,10.884923633106924,10.892777113361692,10.720000547756818,10.806388830559255,504004.0,692328447.63,20190723,13.76,1.2733208304598724,20260612,20260612,1.0329059999999999
000001.SZ,1d,2019-07-24,10.892777113361692,11.002725836928429,10.829949271323557,10.900630593616459,570276.0,793387782.2,20190724,13.88,1.2733208304598724,20260612,20260612,1.0329059999999999
000001.SZ,1d,2019-07-25,10.932044514635525,11.206916323552367,10.877070152852157,11.151941961768998,1087826.0,1534889645.77,20190725,14.2,1.2733208304598724,20260612,20260612,1.0329059999999999
000001.SZ,1d,2019-07-26,11.136235001259465,11.191209363042834,11.057700198711796,11.175502402533299,635305.0,901074107.51,20190726,14.23,1.2733208304598724,20260612,20260612,1.0329059999999999
000001.SZ,1d,2019-07-29,11.191209363042834,11.348278968138171,11.136235001259465,11.2226232840619,715576.0,1023261763.08,20190729,14.29,1.2733208304598724,20260612,20260612,1.0329059999999999
000001.SZ,1d,2019-07-30,11.238330244571435,11.42681377068584,11.222623284061902,11.285451126100037,796634.0,1148582412.5600002,20190730,14.370000000000001,1.2733208304598724,20260612,20260612,1.0329059999999999
000001.SZ,1d,2019-07-31,11.230476764316668,11.246183724826201,11.057700198711796,11.09696759998563,634723.0,899227865.95,20190731,14.13,1.2733208304598724,20260612,20260612,1.0329059999999999
000001.SZ,1d,2019-08-01,11.041993238202261,11.144088481514231,10.947751475145058,11.073407159221329,527981.0,742308285.2,20190801,14.1,1.2733208304598724,20260612,20260612,1.0329059999999999
000001.SZ,1d,2019-08-02,10.814242310814022,10.900630593616459,10.727854028011587,10.79068187004972,969926.0,1333400773.79,20190802,13.74,1.2733208304598724,20260612,20260612,1.0329059999999999
000001.SZ,1d,2019-08-05,10.680733146482984,10.712147067502052,10.421568298075677,10.484396140113812,893082.0,1201885399.11,20190805,13.35,1.2733208304598724,20260612,20260612,1.0329059999999999
000001.SZ,1d,2019-08-06,10.28805913374464,10.570784422916248,10.233084771961272,10.500103100623347,882499.0,1166971469.04,20190806,13.370000000000001,1.2733208304598724,20260612,20260612,1.0329059999999999
000001.SZ,1d,2019-08-07,10.594344863680549,10.712147067502052,10.500103100623347,10.633612264954383,793038.0,1070736943.88,20190807,13.540000000000001,1.2733208304598724,20260612,20260612,1.0329059999999999
000001.SZ,1d,2019-08-08,10.916337554125992,11.387546369412005,10.877070152852157,11.293304606354802,2330715.0,3313302100.1800003,20190808,14.379999999999999,1.2733208304598724,20260612,20260612,1.0329059999999999
000001.SZ,1d,2019-08-09,11.42681377068584,11.662418178328847,11.332572007628636,11.403253329921538,2060575.0,3021884306.17,20190809,14.52,1.2733208304598724,20260612,20260612,1.0329059999999999
000001.SZ,1d,2019-08-12,11.47393465221444,11.874462145207552,11.466081171959674,11.874462145207552,2733425.0,4084497902.64,20190812,15.12,1.2733208304598724,20260612,20260612,1.0329059999999999
000001.SZ,1d,2019-08-13,11.78022038215035,11.843048224188486,11.57602989552641,11.693832099347915,1293736.0,1925835288.3000002,20190813,14.89,1.2733208304598724,20260612,20260612,1.0329059999999999
000001.SZ,1d,2019-08-14,11.890169105717087,11.952996947755222,11.623150777055013,11.75665994138605,1360546.0,2038261151.5400002,20190814,14.97,1.2733208304598724,20260612,20260612,1.0329059999999999
000001.SZ,1d,2019-08-15,11.497495092978742,11.748806461131283,11.466081171959674,11.733099500621748,897376.0,1333117725.96,20190815,14.94,1.2733208304598724,20260612,20260612,1.0329059999999999
000001.SZ,1d,2019-08-16,11.850901704443254,11.890169105717087,11.60744381654548,11.701685579602682,986902.0,1474900257.6000001,20190816,14.9,1.2733208304598724,20260612,20260612,1.0329059999999999
000001.SZ,1d,2019-08-19,11.709539059857448,11.733099500621748,11.403253329921538,11.717392540112215,2292956.0,3368207935.07,20190819,14.92,1.2733208304598724,20260612,20260612,1.0329059999999999
000001.SZ,1d,2019-08-20,11.717392540112215,11.937289987245688,11.599590336290712,11.772366901895584,1921041.0,2872304200.9100003,20190820,14.99,1.2733208304598724,20260612,20260612,1.0329059999999999
000001.SZ,1d,2019-08-21,11.678125138838382,11.693832099347915,11.293304606354804,11.348278968138171,1990131.0,2902251100.57,20190821,14.450000000000001,1.2733208304598724,20260612,20260612,1.0329059999999999
000001.SZ,1d,2019-08-22,11.309011566864337,11.348278968138171,11.151941961769,11.238330244571435,1353071.0,1935208499.0500002,20190822,14.31,1.2733208304598724,20260612,20260612,1.0329059999999999
000001.SZ,1d,2019-08-23,11.285451126100035,11.57602989552641,11.269744165590502,11.505348573233508,1636867.0,2388239081.28,20190823,14.65,1.2733208304598724,20260612,20260612,1.0329059999999999
000001.SZ,1d,2019-08-26,11.32471852737387,11.387546369412005,11.112674560495163,11.191209363042834,1415122.0,2018498039.72,20190826,14.25,1.2733208304598724,20260612,20260612,1.0329059999999999
000001.SZ,1d,2019-08-27,11.277597645845269,11.371839408902472,11.183355882788065,11.238330244571435,1356713.0,1948127123.02,20190827,14.31,1.2733208304598724,20260612,20260612,1.0329059999999999
000001.SZ,1d,2019-08-28,11.1990628432976,11.214769803807135,11.034139757947495,11.206916323552369,829657.0,1176329095.67,20190828,14.270000000000001,1.2733208304598724,20260612,20260612,1.0329059999999999
000001.SZ,1d,2019-08-29,11.167648922278532,11.183355882788065,11.057700198711796,11.09696759998563,609034.0,861177482.39,20190829,14.13,1.2733208304598724,20260612,20260612,1.0329059999999999
000001.SZ,1d,2019-08-30,11.2226232840619,11.301158086609568,11.073407159221329,11.120528040749932,798500.0,1136119659.76,20190830,14.16,1.2733208304598724,20260612,20260612,1.0329059999999999
000001.SZ,1d,2019-09-02,11.112674560495163,11.387546369412005,11.081260639476096,11.348278968138171,1360201.0,1955673136.8999999,20190902,14.45,1.2733208304598724,20260612,20260612,1.0329059999999999
000001.SZ,1d,2019-09-03,11.371839408902472,11.395399849666772,11.191209363042834,11.230476764316668,858653.0,1230606485.0300002,20190903,14.3,1.2733208304598724,20260612,20260612,1.0329059999999999
000001.SZ,1d,2019-09-04,11.246183724826201,11.387546369412005,11.238330244571435,11.340425487883405,973964.0,1404037295.8,20190904,14.440000000000001,1.2733208304598724,20260612,20260612,1.0329059999999999
000001.SZ,1d,2019-09-05,11.434667250940608,11.662418178328847,11.42681377068584,11.450374211450141,1768051.0,2599478258.9100003,20190905,14.58,1.2733208304598724,20260612,20260612,1.0329059999999999
000001.SZ,1d,2019-09-06,11.552469454762111,11.63100425730978,11.481788132469209,11.63100425730978,986432.0,1451264912.6499999,20190906,14.81,1.2733208304598724,20260612,20260612,1.0329059999999999
000001.SZ,1d,2019-09-09,11.764513421640817,11.78022038215035,11.466081171959674,11.536762494252576,1299839.0,1918042303.9099998,20190909,14.69,1.2733208304598724,20260612,20260612,1.0329059999999999
000001.SZ,1d,2019-09-10,11.466081171959674,11.497495092978742,11.316865047119103,11.42681377068584,796870.0,1155180739.29,20190910,14.55,1.2733208304598724,20260612,20260612,1.0329059999999999
000001.SZ,1d,2019-09-11,11.466081171959676,11.552469454762111,11.356132448392938,11.434667250940608,818614.0,1192674258.6000001,20190911,14.56,1.2733208304598724,20260612,20260612,1.0329059999999999
000001.SZ,1d,2019-09-12,11.513202053488277,11.60744381654548,11.411106810176307,11.528909013997811,1150687.0,1682911849.7800002,20190912,14.680000000000001,1.2733208304598724,20260612,20260612,1.0329059999999999
000001.SZ,1d,2019-09-16,11.544615974507344,11.560322935016877,11.309011566864337,11.348278968138171,929894.0,1349401481.22,20190916,14.450000000000001,1.2733208304598724,20260612,20260612,1.0329059999999999
000001.SZ,1d,2019-09-17,11.277597645845269,11.348278968138171,11.136235001259465,11.183355882788065,882655.0,1261416554.2900002,20190917,14.24,1.2733208304598724,20260612,20260612,1.0329059999999999
000001.SZ,1d,2019-09-18,11.183355882788065,11.371839408902472,11.183355882788065,11.316865047119103,820436.0,1179079988.0200002,20190918,14.41,1.2733208304598724,20260612,20260612,1.0329059999999999
000001.SZ,1d,2019-09-19,11.371839408902472,11.693832099347915,11.371839408902472,11.65456469807408,1884020.0,2777383508.48,20190919,14.84,1.2733208304598724,20260612,20260612,1.0329059999999999
000001.SZ,1d,2019-09-20,11.740952980876516,12.094359592341027,11.725246020366981,12.047238710812424,2644285.0,4020646521.9500003,20190920,15.34,1.2733208304598724,20260612,20260612,1.0329059999999999
000001.SZ,1d,2019-09-23,12.047238710812424,12.149333954124394,11.921583026736155,12.078652631831492,1403282.0,2148740448.83,20190923,15.379999999999999,1.2733208304598724,20260612,20260612,1.0329059999999999
000001.SZ,1d,2019-09-24,12.149333954124394,12.204308315907763,11.921583026736155,11.921583026736155,1129103.0,1726238272.95,20190924,15.18,1.2733208304598724,20260612,20260612,1.0329059999999999
000001.SZ,1d,2019-09-25,11.937289987245688,12.447766203805537,11.929436506990921,12.369231401257867,1938892.0,3024598930.57,20190925,15.75,1.2733208304598724,20260612,20260612,1.0329059999999999
000001.SZ,1d,2019-09-26,12.455619684060304,12.596982328646108,12.298550078964967,12.337817480238801,1686592.0,2673096951.2300005,20190926,15.71,1.2733208304598724,20260612,20260612,1.0329059999999999
000001.SZ,1d,2019-09-27,12.447766203805537,12.56556840762704,12.329963999984034,12.487033605079372,1007706.0,1598567052.2,20190927,15.9,1.2733208304598724,20260612,20260612,1.0329059999999999
000001.SZ,1d,2019-09-30,12.369231401257867,12.479180124824605,12.227868756672065,12.243575717181598,1046363.0,1645828526.9,20190930,15.59,1.2733208304598724,20260612,20260612,1.0329059999999999
000001.SZ,1d,2019-10-08,12.251429197436364,12.746198453486679,12.251429197436364,12.722638012722378,1386676.0,2225024598.59,20191008,16.2,1.2733208304598724,20260612,20260612,1.0329059999999999
000001.SZ,1d,2019-10-09,12.644103210174707,12.973949380874918,12.581275368136573,12.761905413996214,1316693.0,2145061763.15,20191009,16.25,1.2733208304598724,20260612,20260612,1.0329059999999999
000001.SZ,1d,2019-10-10,12.777612374505747,12.777612374505747,12.557714927372274,12.754051933741447,879746.0,1418751875.7800002,20191010,16.240000000000002,1.2733208304598724,20260612,20260612,1.0329059999999999
000001.SZ,1d,2019-10-11,12.722638012722378,13.311649031829896,12.722638012722378,13.201700308263158,1405422.0,2335030599.2500005,20191011,16.81,1.2733208304598724,20260612,20260612,1.0329059999999999
000001.SZ,1d,2019-10-14,13.327355992339431,13.822125248389746,13.288088591065597,13.523692998708604,1557637.0,2688929547.26,20191014,17.220000000000002,1.2733208304598724,20260612,20260612,1.0329059999999999
000001.SZ,1d,2019-10-15,13.547253439472904,13.625788242020572,13.209553788517926,13.492279077689535,881955.0,1503633369.4900002,20191015,17.18,1.2733208304598724,20260612,20260612,1.0329059999999999
000001.SZ,1d,2019-10-16,13.555106919727669,13.696469564313473,13.060337663677354,13.185993347753625,1267671.0,2146150627.2600002,20191016,16.79,1.2733208304598724,20260612,20260612,1.0329059999999999
000001.SZ,1d,2019-10-17,13.272381630556064,13.35091643310373,12.99750982163922,13.115312025460723,1126182.0,1887045621.02,20191017,16.7,1.2733208304598724,20260612,20260612,1.0329059999999999
000001.SZ,1d,2019-10-18,13.193846828008393,13.382330354122798,12.903268058582016,12.96609590062015,1196799.0,1999012671.73,20191018,16.509999999999998,1.2733208304598724,20260612,20260612,1.0329059999999999
000001.SZ,1d,2019-10-21,12.903268058582016,13.32735599233943,12.903268058582016,13.264528150301295,945952.0,1589276085.98,20191021,16.89,1.2733208304598724,20260612,20260612,1.0329059999999999
000001.SZ,1d,2019-10-22,13.280235110810828,13.295942071320361,12.589128848391342,12.895414578327252,1883531.0,3072547165.9700003,20191022,16.42,1.2733208304598724,20260612,20260612,1.0329059999999999
000001.SZ,1d,2019-10-23,12.816879775779581,13.091751584696423,12.746198453486679,12.918975019091551,967534.0,1590781971.78,20191023,16.45,1.2733208304598724,20260612,20260612,1.0329059999999999
000001.SZ,1d,2019-10-24,12.958242420365385,13.35091643310373,12.911121538836785,13.248821189791762,1109214.0,1861032918.48,20191024,16.87,1.2733208304598724,20260612,20260612,1.0329059999999999
000001.SZ,1d,2019-10-25,13.17813986749886,13.319502512084663,13.021070262403523,13.256674670046529,691435.0,1161100080.0000002,20191025,16.880000000000003,1.2733208304598724,20260612,20260612,1.0329059999999999
000001.SZ,1d,2019-10-28,13.335209472594197,13.382330354122798,12.942535459855852,13.083898104441657,1070131.0,1780873358.2599998,20191028,16.66,1.2733208304598724,20260612,20260612,1.0329059999999999
000001.SZ,1d,2019-10-29,13.107458545205954,13.295942071320361,13.005363301893986,13.280235110810828,788864.0,1322036352.42,20191029,16.91,1.2733208304598724,20260612,20260612,1.0329059999999999
000001.SZ,1d,2019-10-30,13.193846828008393,13.319502512084663,12.895414578327252,12.90326805858202,854317.0,1420644944.87,20191030,16.430000000000003,1.2733208304598724,20260612,20260612,1.0329059999999999
000001.SZ,1d,2019-10-31,12.895414578327252,12.934681979601086,12.754051933741447,12.76975889425098,862569.0,1407006434.79,20191031,16.26,1.2733208304598724,20260612,20260612,1.0329059999999999
000001.SZ,1d,2019-11-01,12.840440216543882,13.35091643310373,12.785465854760515,13.240967709536994,1254655.0,2096068960.5900002,20191101,16.86,1.2733208304598724,20260612,20260612,1.0329059999999999
000001.SZ,1d,2019-11-04,13.335209472594197,13.547253439472904,13.170286387244092,13.288088591065593,889824.0,1507910818.55,20191104,16.919999999999998,1.2733208304598724,20260612,20260612,1.0329059999999999
000001.SZ,1d,2019-11-05,13.193846828008393,13.696469564313473,13.185993347753625,13.468718636925233,1172485.0,2010924199.94,20191105,17.15,1.2733208304598724,20260612,20260612,1.0329059999999999
000001.SZ,1d,2019-11-06,13.398037314632331,13.555106919727669,13.256674670046527,13.31950251208466,863325.0,1470233502.73,20191106,16.959999999999997,1.2733208304598724,20260612,20260612,1.0329059999999999
000001.SZ,1d,2019-11-07,13.295942071320361,13.4058907948871,13.154579426734557,13.264528150301295,711896.0,1200671649.42,20191107,16.89,1.2733208304598724,20260612,20260612,1.0329059999999999
000001.SZ,1d,2019-11-08,13.335209472594197,13.366623393613263,13.068191143932122,13.07604462418689,849139.0,1421088326.1499999,20191108,16.650000000000002,1.2733208304598724,20260612,20260612,1.0329059999999999
000001.SZ,1d,2019-11-11,12.958242420365385,12.981802861129685,12.722638012722378,12.785465854760512,953515.0,1556517253.18,20191111,16.279999999999998,1.2733208304598724,20260612,20260612,1.0329059999999999
000001.SZ,1d,2019-11-12,12.79331933501528,12.856147177053417,12.691224091703312,12.82473325603435,516266.0,840769286.54,20191112,16.330000000000002,1.2733208304598724,20260612,20260612,1.0329059999999999
000001.SZ,1d,2019-11-13,12.79331933501528,12.926828499346316,12.612689289155641,12.824733256034348,655120.0,1067975601.16,20191113,16.33,1.2733208304598724,20260612,20260612,1.0329059999999999
000001.SZ,1d,2019-11-14,12.903268058582016,12.942535459855852,12.761905413996214,12.816879775779581,468899.0,767006342.15,20191114,16.32,1.2733208304598724,20260612,20260612,1.0329059999999999
000001.SZ,1d,2019-11-15,12.87185413756295,12.99750982163922,12.754051933741447,12.832586736289118,569227.0,933539572.45,20191115,16.340000000000003,1.2733208304598724,20260612,20260612,1.0329059999999999
000001.SZ,1d,2019-11-18,12.840440216543882,12.99750982163922,12.746198453486679,12.918975019091551,557918.0,915983935.5500001,20191118,16.45,1.2733208304598724,20260612,20260612,1.0329059999999999
000001.SZ,1d,2019-11-19,12.918975019091551,12.942535459855852,12.809026295524813,12.887561098072483,562120.0,920998203.3399999,20191119,16.41,1.2733208304598724,20260612,20260612,1.0329059999999999
000001.SZ,1d,2019-11-20,12.801172815270048,12.801172815270048,12.384938361767402,12.447766203805537,1724383.0,2747598383.4000006,20191120,15.85,1.2733208304598724,20260612,20260612,1.0329059999999999
000001.SZ,1d,2019-11-21,12.369231401257867,12.463473164315072,12.274989638200665,12.455619684060304,772563.0,1218516399.48,20191121,15.860000000000001,1.2733208304598724,20260612,20260612,1.0329059999999999
000001.SZ,1d,2019-11-22,12.479180124824605,12.502740565588905,12.21216179616253,12.243575717181598,773473.0,1216064537.8300002,20191122,15.59,1.2733208304598724,20260612,20260612,1.0329059999999999
000001.SZ,1d,2019-11-25,12.282843118455432,12.439912723550771,12.204308315907763,12.408498802531703,783257.0,1233388886.1599998,20191125,15.8,1.2733208304598724,20260612,20260612,1.0329059999999999
000001.SZ,1d,2019-11-26,12.479180124824605,12.479180124824605,12.165040914633929,12.267136157945899,815297.0,1271594662.99,20191126,15.620000000000001,1.2733208304598724,20260612,20260612,1.0329059999999999
000001.SZ,1d,2019-11-27,12.282843118455432,12.282843118455432,12.08650611208626,12.149333954124396,476169.0,736584294.07,20191127,15.47,1.2733208304598724,20260612,20260612,1.0329059999999999
000001.SZ,1d,2019-11-28,12.149333954124394,12.204308315907763,12.125773513360093,12.165040914633929,378016.0,585252046.59,20191128,15.49,1.2733208304598724,20260612,20260612,1.0329059999999999
000001.SZ,1d,2019-11-29,12.204308315907763,12.21216179616253,11.921583026736155,12.00797130953859,653866.0,1001451096.26,20191129,15.29,1.2733208304598724,20260612,20260612,1.0329059999999999
000001.SZ,1d,2019-12-02,12.055092191067192,12.117920033105326,11.960850428009989,12.062945671321959,553877.0,849784129.4100001,20191202,15.360000000000001,1.2733208304598724,20260612,20260612,1.0329059999999999
000001.SZ,1d,2019-12-03,12.015824789793358,12.141480473869628,11.945143467500456,12.133626993614861,455418.0,700293548.85,20191203,15.450000000000001,1.2733208304598724,20260612,20260612,1.0329059999999999
000001.SZ,1d,2019-12-04,12.047238710812426,12.102213072595793,11.945143467500456,12.023678270048125,524545.0,802110334.25,20191204,15.31,1.2733208304598724,20260612,20260612,1.0329059999999999
000001.SZ,1d,2019-12-05,12.055092191067192,12.157187434379162,12.015824789793358,12.117920033105328,557084.0,857682575.8100001,20191205,15.430000000000001,1.2733208304598724,20260612,20260612,1.0329059999999999
000001.SZ,1d,2019-12-06,12.149333954124396,12.345670960493567,12.141480473869628,12.251429197436366,712615.0,1109423061.49,20191206,15.600000000000001,1.2733208304598724,20260612,20260612,1.0329059999999999
000001.SZ,1d,2019-12-09,12.267136157945897,12.267136157945897,12.055092191067192,12.102213072595793,605992.0,935135952.74,20191209,15.41,1.2733208304598724,20260612,20260612,1.0329059999999999
000001.SZ,1d,2019-12-10,12.062945671321959,12.078652631831494,11.976557388519524,12.039385230557658,556383.0,851377532.72,20191210,15.33,1.2733208304598724,20260612,20260612,1.0329059999999999
000001.SZ,1d,2019-12-11,12.078652631831494,12.314257039474501,12.015824789793358,12.298550078964967,871505.0,1351786530.59,20191211,15.66,1.2733208304598724,20260612,20260612,1.0329059999999999
000001.SZ,1d,2019-12-12,12.298550078964967,12.306403559219733,12.196454835652997,12.251429197436366,478998.0,747519511.1,20191212,15.600000000000001,1.2733208304598724,20260612,20260612,1.0329059999999999
000001.SZ,1d,2019-12-13,12.447766203805537,12.659810170684244,12.384938361767402,12.659810170684244,1053103.0,1680707282.0600002,20191213,16.12,1.2733208304598724,20260612,20260612,1.0329059999999999
000001.SZ,1d,2019-12-16,12.659810170684244,12.675517131193777,12.463473164315072,12.667663650939012,787952.0,1262802471.74,20191216,16.130000000000003,1.2733208304598724,20260612,20260612,1.0329059999999999
000001.SZ,1d,2019-12-17,12.56556840762704,13.060337663677354,12.549861447117507,12.958242420365385,1203104.0,1969891323.5900002,20191217,16.5,1.2733208304598724,20260612,20260612,1.0329059999999999
000001.SZ,1d,2019-12-18,12.903268058582016,13.083898104441657,12.887561098072483,12.926828499346318,797091.0,1317608543.24,20191218,16.46,1.2733208304598724,20260612,20260612,1.0329059999999999
000001.SZ,1d,2019-12-19,12.99750982163922,13.146725946479792,12.911121538836785,12.99750982163922,675536.0,1119925969.1100001,20191219,16.55,1.2733208304598724,20260612,20260612,1.0329059999999999
000001.SZ,1d,2019-12-20,12.99750982163922,13.09960506495119,12.911121538836785,13.028923742658288,644478.0,1067869779.7799999,20191220,16.59,1.2733208304598724,20260612,20260612,1.0329059999999999
000001.SZ,1d,2019-12-23,13.099605064951191,13.099605064951191,12.699077571958078,12.754051933741447,715792.0,1173372080.8400002,20191223,16.240000000000002,1.2733208304598724,20260612,20260612,1.0329059999999999
000001.SZ,1d,2019-12-24,12.746198453486679,12.958242420365385,12.746198453486679,12.879707617817719,459128.0,752351618.1899999,20191224,16.400000000000002,1.2733208304598724,20260612,20260612,1.0329059999999999
000001.SZ,1d,2019-12-25,12.918975019091553,13.005363301893988,12.754051933741447,12.801172815270048,414917.0,679664596.6700001,20191225,16.3,1.2733208304598724,20260612,20260612,1.0329059999999999
000001.SZ,1d,2019-12-26,12.832586736289114,12.942535459855852,12.816879775779581,12.934681979601084,372033.0,610381757.75,20191226,16.47,1.2733208304598724,20260612,20260612,1.0329059999999999
000001.SZ,1d,2019-12-27,12.981802861129687,13.295942071320361,12.903268058582016,13.060337663677354,1042574.0,1741473179.3,20191227,16.63,1.2733208304598724,20260612,20260612,1.0329059999999999
000001.SZ,1d,2019-12-30,12.926828499346318,13.060337663677357,12.64410321017471,13.013216782148755,976970.0,1603152786.5900002,20191230,16.57,1.2733208304598724,20260612,20260612,1.0329059999999999
000001.SZ,1d,2019-12-31,13.013216782148755,13.060337663677354,12.809026295524813,12.918975019091551,704442.0,1154704348.9199998,20191231,16.45,1.2733208304598724,20260612,20260612,1.0329059999999999
000001.SZ,1d,2020-01-02,13.07604462418689,13.311649031829896,12.99750982163922,13.248821189791762,1530231.0,2571196482.14,20200102,16.87,1.2733208304598724,20260612,20260612,1.0329059999999999
000001.SZ,1d,2020-01-03,13.30379555157513,13.594374321001506,13.288088591065597,13.492279077689536,1116194.0,1914495474.63,20200103,17.180000000000003,1.2733208304598724,20260612,20260612,1.0329059999999999
000001.SZ,1d,2020-01-06,13.358769913358499,13.617934761765804,13.280235110810828,13.4058907948871,862083.0,1477930193.19,20200106,17.07,1.2733208304598724,20260612,20260612,1.0329059999999999
000001.SZ,1d,2020-01-07,13.453011676415699,13.570813880237202,13.311649031829896,13.468718636925233,728607.0,1247047135.26,20200107,17.15,1.2733208304598724,20260612,20260612,1.0329059999999999
000001.SZ,1d,2020-01-08,13.35091643310373,13.390183834377565,13.060337663677354,13.083898104441657,847824.0,1423608811.1799998,20200108,16.66,1.2733208304598724,20260612,20260612,1.0329059999999999
000001.SZ,1d,2020-01-09,13.201700308263161,13.295942071320361,12.981802861129687,13.185993347753628,1031636.0,1725326806.2500002,20200109,16.790000000000003,1.2733208304598724,20260612,20260612,1.0329059999999999
000001.SZ,1d,2020-01-10,13.185993347753625,13.201700308263158,12.973949380874918,13.107458545205958,585548.0,975154818.7800001,20200110,16.69,1.2733208304598724,20260612,20260612,1.0329059999999999
000001.SZ,1d,2020-01-13,13.154579426734557,13.374476873868032,13.04463070316782,13.343062952848962,872133.0,1468271683.72,20200113,16.99,1.2733208304598724,20260612,20260612,1.0329059999999999
000001.SZ,1d,2020-01-14,13.343062952848966,13.562960399982439,13.162432906989325,13.162432906989325,1304493.0,2217608852.69,20200114,16.76,1.2733208304598724,20260612,20260612,1.0329059999999999
000001.SZ,1d,2020-01-15,13.185993347753625,13.240967709536994,12.918975019091551,12.973949380874918,859439.0,1424889228.07,20200115,16.52,1.2733208304598724,20260612,20260612,1.0329059999999999
000001.SZ,1d,2020-01-16,12.973949380874918,13.013216782148755,12.722638012722378,12.824733256034348,1028104.0,1678888507.83,20200116,16.33,1.2733208304598724,20260612,20260612,1.0329059999999999
000001.SZ,1d,2020-01-17,12.864000657308184,12.99750982163922,12.840440216543882,12.87185413756295,605436.0,995909007.3499999,20200117,16.39,1.2733208304598724,20260612,20260612,1.0329059999999999
000001.SZ,1d,2020-01-20,12.903268058582016,13.044630703167824,12.840440216543882,12.918975019091553,746074.0,1226464649.55,20200120,16.450000000000003,1.2733208304598724,20260612,20260612,1.0329059999999999
000001.SZ,1d,2020-01-21,12.832586736289114,12.832586736289114,12.510594045843671,12.56556840762704,896603.0,1442171431.55,20200121,16.0,1.2733208304598724,20260612,20260612,1.0329059999999999
000001.SZ,1d,2020-01-22,12.502740565588907,12.691224091703312,12.337817480238801,12.636249729919943,719464.0,1150933398.98,20200122,16.09,1.2733208304598724,20260612,20260612,1.0329059999999999
000001.SZ,1d,2020-01-23,12.502740565588905,12.502740565588905,12.08650611208626,12.204308315907763,1100592.0,1723394336.66,20200123,15.540000000000001,1.2733208304598724,20260612,20260612,1.0329059999999999
000001.SZ,1d,2020-02-03,10.987018876418894,11.544615974507343,10.987018876418894,10.987018876418894,2259194.0,3201454164.92,20200203,13.99,1.2733208304598724,20260612,20260612,1.0329059999999999
000001.SZ,1d,2020-02-04,11.034139757947495,11.513202053488277,11.010579317183193,11.466081171959674,1706172.0,2442932842.71,20200204,14.6,1.2733208304598724,20260612,20260612,1.0329059999999999
000001.SZ,1d,2020-02-05,11.458227691704908,11.693832099347915,11.246183724826201,11.489641612723975,1491380.0,2177632043.62,20200205,14.63,1.2733208304598724,20260612,20260612,1.0329059999999999
000001.SZ,1d,2020-02-06,11.63100425730978,11.67812513883838,11.395399849666772,11.599590336290712,1185815.0,1740107625.4199998,20200206,14.77,1.2733208304598724,20260612,20260612,1.0329059999999999
000001.SZ,1d,2020-02-07,11.466081171959674,11.536762494252576,11.316865047119103,11.481788132469209,924852.0,1345053255.67,20200207,14.620000000000001,1.2733208304598724,20260612,20260612,1.0329059999999999
000001.SZ,1d,2020-02-10,11.395399849666774,11.411106810176307,11.230476764316668,11.387546369412005,1339495.0,1931983482.1000001,20200210,14.5,1.2733208304598724,20260612,20260612,1.0329059999999999
000001.SZ,1d,2020-02-11,11.466081171959674,11.73309950062175,11.434667250940608,11.615297296800247,1407507.0,2077194138.9199998,20200211,14.790000000000001,1.2733208304598724,20260612,20260612,1.0329059999999999
000001.SZ,1d,2020-02-12,11.615297296800245,11.638857737564546,11.466081171959674,11.599590336290712,1070503.0,1573229042.5500002,20200212,14.77,1.2733208304598724,20260612,20260612,1.0329059999999999
000001.SZ,1d,2020-02-13,11.55246945476211,11.685978619093147,11.47393465221444,11.505348573233508,1013205.0,1491327713.78,20200213,14.649999999999999,1.2733208304598724,20260612,20260612,1.0329059999999999
000001.SZ,1d,2020-02-14,11.583883375781179,11.890169105717087,11.544615974507344,11.803780822914652,1512434.0,2253906452.48,20200214,15.030000000000001,1.2733208304598724,20260612,20260612,1.0329059999999999
000001.SZ,1d,2020-02-17,11.811634303169418,12.070799151576725,11.725246020366981,12.070799151576725,1543696.0,2337993586.1200004,20200217,15.37,1.2733208304598724,20260612,20260612,1.0329059999999999
000001.SZ,1d,2020-02-18,12.039385230557658,12.039385230557658,11.788073862405117,11.937289987245688,973612.0,1478274222.5800002,20200218,15.2,1.2733208304598724,20260612,20260612,1.0329059999999999
000001.SZ,1d,2020-02-19,11.858755184698019,12.070799151576725,11.843048224188486,11.968703908264755,874106.0,1333730218.9699998,20200219,15.24,1.2733208304598724,20260612,20260612,1.0329059999999999
000001.SZ,1d,2020-02-20,11.992264349029057,12.267136157945897,11.858755184698019,12.243575717181598,1235444.0,1897923029.0400002,20200220,15.59,1.2733208304598724,20260612,20260612,1.0329059999999999
000001.SZ,1d,2020-02-21,12.165040914633929,12.345670960493567,12.133626993614861,12.235722236926833,995071.0,1546692930.16,20200221,15.580000000000002,1.2733208304598724,20260612,20260612,1.0329059999999999
000001.SZ,1d,2020-02-24,12.141480473869628,12.141480473869628,11.898022585971853,11.960850428009989,1191794.0,1820183854.52,20200224,15.23,1.2733208304598724,20260612,20260612,1.0329059999999999
000001.SZ,1d,2020-02-25,11.780220382150352,11.88231562546232,11.60744381654548,11.811634303169418,1144575.0,1710369786.03,20200225,15.040000000000001,1.2733208304598724,20260612,20260612,1.0329059999999999
000001.SZ,1d,2020-02-26,11.599590336290714,11.992264349029059,11.544615974507344,11.772366901895584,1176599.0,1769612245.3700001,20200226,14.99,1.2733208304598724,20260612,20260612,1.0329059999999999
000001.SZ,1d,2020-02-27,11.748806461131283,11.898022585971853,11.693832099347915,11.866608664952787,975270.0,1464605739.4600003,20200227,15.110000000000001,1.2733208304598724,20260612,20260612,1.0329059999999999
000001.SZ,1d,2020-02-28,11.662418178328847,11.811634303169418,11.356132448392938,11.387546369412005,1300644.0,1906892413.3100002,20200228,14.5,1.2733208304598724,20260612,20260612,1.0329059999999999
000001.SZ,1d,2020-03-02,11.42681377068584,11.740952980876516,11.356132448392938,11.615297296800247,1116580.0,1647432269.71,20200302,14.790000000000001,1.2733208304598724,20260612,20260612,1.0329059999999999
000001.SZ,1d,2020-03-03,11.748806461131283,11.772366901895584,11.489641612723975,11.560322935016877,1153584.0,1705816271.89,20200303,14.72,1.2733208304598724,20260612,20260612,1.0329059999999999
000001.SZ,1d,2020-03-04,11.52890901399781,11.607443816545478,11.395399849666772,11.536762494252576,862595.0,1261123063.8300002,20200304,14.69,1.2733208304598724,20260612,20260612,1.0329059999999999
000001.SZ,1d,2020-03-05,11.623150777055013,12.282843118455432,11.568176415271644,12.08650611208626,2686602.0,4089493523.03,20200305,15.39,1.2733208304598724,20260612,20260612,1.0329059999999999
000001.SZ,1d,2020-03-06,11.921583026736155,11.992264349029057,11.795927342659883,11.80378082291465,1228531.0,1858691259.32,20200306,15.03,1.2733208304598724,20260612,20260612,1.0329059999999999
000001.SZ,1d,2020-03-09,11.55246945476211,11.568176415271644,11.32471852737387,11.348278968138171,1665793.0,2420392130.73,20200309,14.45,1.2733208304598724,20260612,20260612,1.0329059999999999
000001.SZ,1d,2020-03-10,11.293304606354804,11.662418178328847,11.293304606354804,11.591736856035945,1167864.0,1709084565.32,20200310,14.760000000000002,1.2733208304598724,20260612,20260612,1.0329059999999999
000001.SZ,1d,2020-03-11,11.599590336290714,11.685978619093149,11.481788132469209,11.536762494252578,814381.0,1201250682.1599998,20200311,14.690000000000001,1.2733208304598724,20260612,20260612,1.0329059999999999
000001.SZ,1d,2020-03-12,11.505348573233508,11.654564698074081,11.411106810176307,11.528909013997811,986497.0,1447436641.92,20200312,14.680000000000001,1.2733208304598724,20260612,20260612,1.0329059999999999
000001.SZ,1d,2020-03-13,10.916337554125992,11.450374211450141,10.916337554125992,11.403253329921538,1169765.0,1669009835.48,20200313,14.52,1.2733208304598724,20260612,20260612,1.0329059999999999
000001.SZ,1d,2020-03-16,11.348278968138171,11.356132448392938,10.798535350304487,10.798535350304487,1406202.0,1975824191.21,20200316,13.75,1.2733208304598724,20260612,20260612,1.0329059999999999
000001.SZ,1d,2020-03-17,10.798535350304487,10.97131191590936,10.31161957450894,10.531517021642413,1177849.0,1582506075.02,20200317,13.41,1.2733208304598724,20260612,20260612,1.0329059999999999
000001.SZ,1d,2020-03-18,10.531517021642413,10.64146574520915,9.934652522280128,9.981773403808731,1384784.0,1816836893.63,20200318,12.71,1.2733208304598724,20260612,20260612,1.0329059999999999
000001.SZ,1d,2020-03-19,9.95821296304443,10.00533384457303,9.353494983427378,9.604806351579919,1891457.0,2313863663.4799995,20200319,12.23,1.2733208304598724,20260612,20260612,1.0329059999999999
000001.SZ,1d,2020-03-20,9.738315515910957,9.95821296304443,9.62836679234422,9.832557278968158,1578352.0,1967487818.45,20200320,12.52,1.2733208304598724,20260612,20260612,1.0329059999999999
000001.SZ,1d,2020-03-23,9.42417630572028,9.699048114637122,9.369201943936911,9.541978509541783,1071113.0,1300469494.43,20200323,12.15,1.2733208304598724,20260612,20260612,1.0329059999999999
000001.SZ,1d,2020-03-24,9.738315515910957,9.95821296304443,9.636220272598987,9.90323860126106,1180200.0,1472909399.72,20200324,12.61,1.2733208304598724,20260612,20260612,1.0329059999999999
000001.SZ,1d,2020-03-25,10.115282568139769,10.26449869298034,9.973919923553964,10.107429087885002,1136957.0,1467534956.1599998,20200325,12.870000000000001,1.2733208304598724,20260612,20260612,1.0329059999999999
000001.SZ,1d,2020-03-26,10.0367477655921,10.476542659859044,9.989626884063497,10.256645212725573,1075192.0,1408651057.3400002,20200326,13.06,1.2733208304598724,20260612,20260612,1.0329059999999999
000001.SZ,1d,2020-03-27,10.405861337566144,10.507956580878114,10.272352173235106,10.327326535018473,653018.0,861618663.0500001,20200327,13.15,1.2733208304598724,20260612,20260612,1.0329059999999999
000001.SZ,1d,2020-03-30,10.091722127375467,10.240938252216038,10.021040805082565,10.162403449668368,661738.0,852956240.25,20200330,12.94,1.2733208304598724,20260612,20260612,1.0329059999999999
000001.SZ,1d,2020-03-31,10.248791732470805,10.280205653489874,10.0367477655921,10.052454726101633,513370.0,662915471.38,20200331,12.8,1.2733208304598724,20260612,20260612,1.0329059999999999
000001.SZ,1d,2020-04-01,10.099575607630234,10.31161957450894,10.068161686611166,10.123136048394535,520836.0,676070117.75,20200401,12.89,1.2733208304598724,20260612,20260612,1.0329059999999999
000001.SZ,1d,2020-04-02,10.013187324827797,10.18596389043267,9.942506002534897,10.18596389043267,518365.0,663197628.3500001,20200402,12.97,1.2733208304598724,20260612,20260612,1.0329059999999999
000001.SZ,1d,2020-04-03,10.068161686611166,10.123136048394535,9.85611771973246,9.903238601261062,825348.0,1047282400.16,20200403,12.610000000000001,1.2733208304598724,20260612,20260612,1.0329059999999999
000001.SZ,1d,2020-04-07,10.123136048394535,10.16240344966837,10.0603082063564,10.115282568139769,870313.0,1121200115.4100003,20200407,12.88,1.2733208304598724,20260612,20260612,1.0329059999999999
000001.SZ,1d,2020-04-08,10.115282568139769,10.146696489158835,9.989626884063497,10.0367477655921,528716.0,676604872.29,20200408,12.780000000000001,1.2733208304598724,20260612,20260612,1.0329059999999999
000001.SZ,1d,2020-04-09,10.115282568139769,10.123136048394535,9.989626884063497,10.00533384457303,408553.0,522027888.31,20200409,12.74,1.2733208304598724,20260612,20260612,1.0329059999999999
000001.SZ,1d,2020-04-10,10.021040805082565,10.193817370687437,9.934652522280128,10.044601245846867,666674.0,853689950.23,20200410,12.790000000000001,1.2733208304598724,20260612,20260612,1.0329059999999999
000001.SZ,1d,2020-04-13,9.950359482789663,9.981773403808731,9.793289877694326,9.887531640751527,446214.0,562008050.35,20200413,12.59,1.2733208304598724,20260612,20260612,1.0329059999999999
000001.SZ,1d,2020-04-14,9.934652522280128,10.099575607630234,9.871824680241994,10.099575607630234,686086.0,874856562.2800001,20200414,12.86,1.2733208304598724,20260612,20260612,1.0329059999999999
000001.SZ,1d,2020-04-15,10.099575607630234,10.154549969413603,10.0367477655921,10.107429087885002,656396.0,843649273.39,20200415,12.870000000000001,1.2733208304598724,20260612,20260612,1.0329059999999999
000001.SZ,1d,2020-04-16,10.044601245846867,10.044601245846867,9.848264239477693,9.958212963044431,789154.0,997623816.4499999,20200416,12.680000000000001,1.2733208304598724,20260612,20260612,1.0329059999999999
000001.SZ,1d,2020-04-17,10.028894285337332,10.240938252216038,9.934652522280128,10.123136048394535,1331164.0,1713215766.82,20200417,12.89,1.2733208304598724,20260612,20260612,1.0329059999999999
000001.SZ,1d,2020-04-20,10.099575607630234,10.248791732470805,10.028894285337332,10.201670850942204,818455.0,1058524019.15,20200420,12.99,1.2733208304598724,20260612,20260612,1.0329059999999999
000001.SZ,1d,2020-04-21,10.445128738839978,10.759267949030654,10.445128738839978,10.562930942661481,2122448.0,2861879086.0899997,20200421,13.450000000000001,1.2733208304598724,20260612,20260612,1.0329059999999999
000001.SZ,1d,2020-04-22,10.500103100623347,10.53937050189718,10.335180015273242,10.390154377056609,1032803.0,1368222854.7100003,20200422,13.23,1.2733208304598724,20260612,20260612,1.0329059999999999
000001.SZ,1d,2020-04-23,10.390154377056607,10.452982219094743,10.295912613999405,10.390154377056607,646990.0,855052110.23,20200423,13.229999999999999,1.2733208304598724,20260612,20260612,1.0329059999999999
000001.SZ,1d,2020-04-24,10.343033495528008,10.429421778330443,10.295912613999405,10.398007857311375,566002.0,747473770.46,20200424,13.24,1.2733208304598724,20260612,20260612,1.0329059999999999
000001.SZ,1d,2020-04-27,10.445128738839978,10.712147067502052,10.405861337566144,10.602198343935315,936830.0,1263809737.41,20200427,13.5,1.2733208304598724,20260612,20260612,1.0329059999999999
000001.SZ,1d,2020-04-28,10.562930942661481,10.649319225463916,10.421568298075677,10.617905304444848,771564.0,1038718080.27,20200428,13.52,1.2733208304598724,20260612,20260612,1.0329059999999999
000001.SZ,1d,2020-04-29,10.586491383425782,11.07340715922133,10.562930942661481,11.010579317183195,1108722.0,1541638203.4799998,20200429,14.020000000000001,1.2733208304598724,20260612,20260612,1.0329059999999999
000001.SZ,1d,2020-04-30,11.010579317183195,11.246183724826201,10.900630593616459,10.939897994890293,819540.0,1155968238.1299999,20200430,13.930000000000001,1.2733208304598724,20260612,20260612,1.0329059999999999
000001.SZ,1d,2020-05-06,10.806388830559255,10.908484073871223,10.68858662673775,10.814242310814022,1008998.0,1382727481.73,20200506,13.77,1.2733208304598724,20260612,20260612,1.0329059999999999
000001.SZ,1d,2020-05-07,10.806388830559255,10.806388830559255,10.680733146482984,10.751414468775886,662749.0,904349531.9899999,20200507,13.69,1.2733208304598724,20260612,20260612,1.0329059999999999
000001.SZ,1d,2020-05-08,10.806388830559255,11.010579317183193,10.74356098852112,10.955604955399826,934782.0,1297924588.29,20200508,13.95,1.2733208304598724,20260612,20260612,1.0329059999999999
000001.SZ,1d,2020-05-11,10.932044514635525,11.09696759998563,10.916337554125992,10.99487235667366,612862.0,859156594.2199999,20200511,14.0,1.2733208304598724,20260612,20260612,1.0329059999999999
000001.SZ,1d,2020-05-12,10.955604955399826,11.034139757947495,10.774974909540187,10.829949271323557,558511.0,772109502.04,20200512,13.790000000000001,1.2733208304598724,20260612,20260612,1.0329059999999999
000001.SZ,1d,2020-05-13,10.798535350304489,10.82209579106879,10.625758784699617,10.704293587247285,640359.0,871062043.61,20200513,13.63,1.2733208304598724,20260612,20260612,1.0329059999999999
000001.SZ,1d,2020-05-14,10.64146574520915,10.672879666228217,10.382300896801842,10.445128738839978,944672.0,1259440848.2399998,20200514,13.3,1.2733208304598724,20260612,20260612,1.0329059999999999
000001.SZ,1d,2020-05-15,10.51581006113288,10.547223982151946,10.319473054763707,10.390154377056609,756794.0,1004313267.9300001,20200515,13.23,1.2733208304598724,20260612,20260612,1.0329059999999999
000001.SZ,1d,2020-05-18,10.36659393629231,10.476542659859046,10.303766094254174,10.36659393629231,637209.0,843479669.71,20200518,13.200000000000001,1.2733208304598724,20260612,20260612,1.0329059999999999
000001.SZ,1d,2020-05-19,10.531517021642413,10.562930942661481,10.421568298075677,10.492249620368579,600369.0,801755671.01,20200519,13.36,1.2733208304598724,20260612,20260612,1.0329059999999999
000001.SZ,1d,2020-05-20,10.507956580878112,10.696440106992517,10.421568298075677,10.610051824190082,690851.0,929928885.9300001,20200520,13.51,1.2733208304598724,20260612,20260612,1.0329059999999999
000001.SZ,1d,2020-05-21,10.617905304444848,10.657172705718684,10.492249620368579,10.523663541387645,552312.0,742797057.29,20200521,13.399999999999999,1.2733208304598724,20260612,20260612,1.0329059999999999
000001.SZ,1d,2020-05-22,10.468689179604278,10.476542659859044,10.146696489158835,10.146696489158835,856237.0,1119433491.01,20200522,12.92,1.2733208304598724,20260612,20260612,1.0329059999999999
000001.SZ,1d,2020-05-25,10.18596389043267,10.193817370687437,10.021040805082565,10.178110410177903,410171.0,528769352.5,20200525,12.959999999999999,1.2733208304598724,20260612,20260612,1.0329059999999999
000001.SZ,1d,2020-05-26,10.225231291706503,10.26449869298034,10.162403449668368,10.240938252216038,396212.0,515451849.4,20200526,13.04,1.2733208304598724,20260612,20260612,1.0329059999999999
000001.SZ,1d,2020-05-27,10.248791732470805,10.358740456037543,10.178110410177903,10.20952433119697,482963.0,630305864.0899999,20200527,13.0,1.2733208304598724,20260612,20260612,1.0329059999999999
000001.SZ,1d,2020-05-28,10.281418372203852,10.529067144183896,10.233486351820616,10.4411917734813,960760.0,1255226999.49,20200528,13.07,1.2517728132525434,20260612,20260612,1.0329059999999999
000001.SZ,1d,2020-05-29,10.393259753098066,10.417225763289682,10.321361722523214,10.385271083034192,457808.0,594502123.85,20200529,13.0,1.2517728132525434,20260612,20260612,1.0329059999999999
000001.SZ,1d,2020-06-01,10.465157783672918,10.69682921552522,10.449180443545172,10.640908525078112,882961.0,1173619006.66,20200601,13.32,1.2517728132525434,20260612,20260612,1.0329059999999999
000001.SZ,1d,2020-06-02,10.616942514886494,10.888557297058158,10.608953844822622,10.824647936547178,883459.0,1194375822.0600002,20200602,13.55,1.2517728132525434,20260612,20260612,1.0329059999999999
000001.SZ,1d,2020-06-03,10.89654596712203,11.08827404865497,10.784704586227816,10.816659266483304,956803.0,1308782294.7,20200603,13.54,1.2517728132525434,20260612,20260612,1.0329059999999999
000001.SZ,1d,2020-06-04,10.808670596419432,10.89654596712203,10.712806555652964,10.840625276674924,583066.0,788707630.29,20200604,13.57,1.2517728132525434,20260612,20260612,1.0329059999999999
000001.SZ,1d,2020-06-05,10.86459128686654,10.880568626994284,10.728783895780708,10.856602616802668,383027.0,517232135.8,20200605,13.59,1.2517728132525434,20260612,20260612,1.0329059999999999
000001.SZ,1d,2020-06-08,10.92850064737752,11.064308038463352,10.848613946738796,10.880568626994284,585972.0,802115792.0600001,20200608,13.62,1.2517728132525434,20260612,20260612,1.0329059999999999
000001.SZ,1d,2020-06-09,10.89654596712203,10.968443997696882,10.808670596419434,10.920511977313648,474300.0,646895834.84,20200609,13.670000000000002,1.2517728132525434,20260612,20260612,1.0329059999999999
000001.SZ,1d,2020-06-10,10.952466657569138,10.952466657569138,10.704817885589092,10.776715916163944,580476.0,781995749.3600001,20200610,13.49,1.2517728132525434,20260612,20260612,1.0329059999999999
000001.SZ,1d,2020-06-11,10.688840545461346,10.69682921552522,10.385271083034192,10.449180443545172,1349040.0,1774199978.6799998,20200611,13.08,1.2517728132525434,20260612,20260612,1.0329059999999999
000001.SZ,1d,2020-06-12,10.305384382395468,10.401248423161938,10.281418372203852,10.37728241297032,1030551.0,1331618728.51,20200612,12.99,1.2517728132525434,20260612,20260612,1.0329059999999999
000001.SZ,1d,2020-06-15,10.265441032076108,10.361305072842576,10.225497681756744,10.241475021884488,660313.0,850767506.4300001,20200615,12.82,1.2517728132525434,20260612,20260612,1.0329059999999999
000001.SZ,1d,2020-06-16,10.305384382395467,10.37728241297032,10.273429702139978,10.297395712331594,718059.0,927043687.82,20200616,12.889999999999999,1.2517728132525434,20260612,20260612,1.0329059999999999
000001.SZ,1d,2020-06-17,10.297395712331596,10.321361722523214,10.193543001501254,10.265441032076106,716468.0,918251153.1899999,20200617,12.85,1.2517728132525434,20260612,20260612,1.0329059999999999
000001.SZ,1d,2020-06-18,10.193543001501254,10.225497681756744,10.057735610415422,10.193543001501254,1119648.0,1419972017.43,20200618,12.76,1.2517728132525434,20260612,20260612,1.0329059999999999
000001.SZ,1d,2020-06-19,10.169576991309636,10.257452362012234,10.073712950543166,10.225497681756742,1539522.0,1954584919.95,20200619,12.799999999999999,1.2517728132525434,20260612,20260612,1.0329059999999999
000001.SZ,1d,2020-06-22,10.17756566137351,10.193543001501256,10.08170162060704,10.097678960734784,1319080.0,1671023278.9900002,20200622,12.64,1.2517728132525434,20260612,20260612,1.0329059999999999
000001.SZ,1d,2020-06-23,10.105667630798658,10.137622311054146,10.001814919968314,10.065724280479294,990807.0,1248046646.7199998,20200623,12.6,1.2517728132525434,20260612,20260612,1.0329059999999999
000001.SZ,1d,2020-06-24,10.097678960734784,10.289407042267722,10.065724280479294,10.225497681756742,1523220.0,1946329095.3100002,20200624,12.799999999999999,1.2517728132525434,20260612,20260612,1.0329059999999999
000001.SZ,1d,2020-06-29,10.321361722523214,10.361305072842576,10.153599651181892,10.225497681756744,1038480.0,1330678288.8300002,20200629,12.8,1.2517728132525434,20260612,20260612,1.0329059999999999
000001.SZ,1d,2020-06-30,10.249463691948362,10.289407042267724,10.161588321245764,10.225497681756744,937940.0,1199181601.42,20200630,12.8,1.2517728132525434,20260612,20260612,1.0329059999999999
000001.SZ,1d,2020-07-01,10.217509011692872,10.50510113399228,10.17756566137351,10.481135123800664,1697390.0,2202800843.9700003,20200701,13.120000000000001,1.2517728132525434,20260612,20260612,1.0329059999999999
000001.SZ,1d,2020-07-02,10.449180443545172,10.776715916163944,10.361305072842576,10.72878389578071,2590501.0,3433511084.46,20200702,13.430000000000001,1.2517728132525434,20260612,20260612,1.0329059999999999
000001.SZ,1d,2020-07-03,10.840625276674924,11.439775531465358,10.83263660661105,11.38385484101825,3768334.0,5280918011.400001,20200703,14.25,1.2517728132525434,20260612,20260612,1.0329059999999999
000001.SZ,1d,2020-07-06,11.663458293253786,12.526234660152012,11.655469623189914,12.526234660152012,4711461.0,7168653356.250001,20200706,15.68,1.2517728132525434,20260612,20260612,1.0329059999999999
000001.SZ,1d,2020-07-07,13.021532204112104,13.285158316219897,12.006971106000302,12.366461258874562,3964427.0,6267919683.040001,20200707,15.48,1.2517728132525434,20260612,20260612,1.0329059999999999
000001.SZ,1d,2020-07-08,12.166744507277752,12.78187210219593,12.166744507277752,12.59014402066299,2631339.0,4095447757.1699996,20200708,15.76,1.2517728132525434,20260612,20260612,1.0329059999999999
000001.SZ,1d,2020-07-09,12.510257320024266,12.510257320024266,12.23065386778873,12.406404609193926,2243994.0,3469517329.73,20200709,15.530000000000001,1.2517728132525434,20260612,20260612,1.0329059999999999
000001.SZ,1d,2020-07-10,12.26260854804422,12.366461258874562,11.791277014275746,11.87116371491447,2158773.0,3254272377.89,20200710,14.86,1.2517728132525434,20260612,20260612,1.0329059999999999
000001.SZ,1d,2020-07-13,11.74334499389251,12.046914456319664,11.583571592615062,11.895129725106088,1937160.0,2871414844.76,20200713,14.89,1.2517728132525434,20260612,20260612,1.0329059999999999
000001.SZ,1d,2020-07-14,11.90311839516996,12.134789827022262,11.623514942934424,11.727367653764766,1953566.0,2891773817.07,20200714,14.680000000000001,1.2517728132525434,20260612,20260612,1.0329059999999999
000001.SZ,1d,2020-07-15,11.807254354403492,11.87116371491447,11.367877500890506,11.399832181145994,2042563.0,2947173149.7200003,20200715,14.27,1.2517728132525434,20260612,20260612,1.0329059999999999
000001.SZ,1d,2020-07-16,11.423798191337612,11.623514942934424,11.280002130187908,11.303968140379526,1930891.0,2771496391.19,20200716,14.15,1.2517728132525434,20260612,20260612,1.0329059999999999
000001.SZ,1d,2020-07-17,11.319945480507272,11.407820851209868,11.144194739102078,11.295979470315654,1291347.0,1821043927.51,20200717,14.14,1.2517728132525434,20260612,20260612,1.0329059999999999
000001.SZ,1d,2020-07-20,11.367877500890506,11.799265684339618,11.264024790060162,11.767311004084128,1979632.0,2872758056.19,20200720,14.73,1.2517728132525434,20260612,20260612,1.0329059999999999
000001.SZ,1d,2020-07-21,11.727367653764766,11.727367653764766,11.503684891976338,11.57558292255119,1252866.0,1815570300.6,20200721,14.49,1.2517728132525434,20260612,20260612,1.0329059999999999
000001.SZ,1d,2020-07-22,11.57558292255119,11.703401643573148,11.399832181145994,11.51167356204021,1312952.0,1895447229.4099998,20200722,14.41,1.2517728132525434,20260612,20260612,1.0329059999999999
000001.SZ,1d,2020-07-23,11.375866170954378,11.41580952127374,11.032353358207862,11.19212675948531,2027526.0,2838535210.7500005,20200723,14.01,1.2517728132525434,20260612,20260612,1.0329059999999999
000001.SZ,1d,2020-07-24,11.160172079229822,11.176149419357566,10.720795225716836,10.784704586227816,1830882.0,2504647111.34,20200724,13.5,1.2517728132525434,20260612,20260612,1.0329059999999999
000001.SZ,1d,2020-07-27,10.920511977313648,10.92850064737752,10.465157783672918,10.576999164567132,1880653.0,2497551472.2799997,20200727,13.24,1.2517728132525434,20260612,20260612,1.0329059999999999
000001.SZ,1d,2020-07-28,10.656885865205856,10.728783895780708,10.529067144183896,10.656885865205856,1217006.0,1618089558.6,20200728,13.34,1.2517728132525434,20260612,20260612,1.0329059999999999
000001.SZ,1d,2020-07-29,10.66487453526973,10.888557297058158,10.553033154375516,10.816659266483306,1519580.0,2043847472.9400003,20200729,13.540000000000001,1.2517728132525434,20260612,20260612,1.0329059999999999
000001.SZ,1d,2020-07-30,10.784704586227818,10.79269325629169,10.680851875397474,10.680851875397474,964068.0,1294444933.22,20200730,13.370000000000001,1.2517728132525434,20260612,20260612,1.0329059999999999
000001.SZ,1d,2020-07-31,10.60895384482262,10.808670596419432,10.584987834631004,10.656885865205856,1165822.0,1559068291.6299999,20200731,13.34,1.2517728132525434,20260612,20260612,1.0329059999999999
000001.SZ,1d,2020-08-03,10.760738576036198,10.880568626994284,10.728783895780708,10.856602616802668,1445096.0,1954607257.49,20200803,13.59,1.2517728132525434,20260612,20260612,1.0329059999999999
000001.SZ,1d,2020-08-04,10.912523307249776,11.303968140379526,10.768727246100072,11.21609276967693,2445663.0,3388510059.2700005,20200804,14.040000000000001,1.2517728132525434,20260612,20260612,1.0329059999999999
000001.SZ,1d,2020-08-05,11.040342028271734,11.064308038463352,10.880568626994286,10.9924100078885,1440203.0,1980352978.3400002,20200805,13.760000000000002,1.2517728132525434,20260612,20260612,1.0329059999999999
000001.SZ,1d,2020-08-06,11.040342028271734,11.15218340916595,10.904534637185902,11.104251388782714,1352511.0,1868047342.49,20200806,13.9,1.2517728132525434,20260612,20260612,1.0329059999999999
000001.SZ,1d,2020-08-07,11.02436468814399,11.104251388782714,10.880568626994286,10.944477987505266,988678.0,1356305781.15,20200807,13.700000000000001,1.2517728132525434,20260612,20260612,1.0329059999999999
000001.SZ,1d,2020-08-10,10.920511977313648,11.200115429549184,10.880568626994286,11.144194739102078,1587710.0,2208568316.4900002,20200810,13.950000000000001,1.2517728132525434,20260612,20260612,1.0329059999999999
000001.SZ,1d,2020-08-11,11.160172079229822,11.71139031363702,11.160172079229822,11.287990800251782,2603308.0,3748036828.23,20200811,14.13,1.2517728132525434,20260612,20260612,1.0329059999999999
000001.SZ,1d,2020-08-12,11.35190016076276,11.583571592615062,11.303968140379526,11.487707551848592,1596812.0,2287731088.15,20200812,14.38,1.2517728132525434,20260612,20260612,1.0329059999999999
000001.SZ,1d,2020-08-13,11.503684891976338,11.551616912359572,11.295979470315654,11.327934150571142,837262.0,1190139725.41,20200813,14.18,1.2517728132525434,20260612,20260612,1.0329059999999999
000001.SZ,1d,2020-08-14,11.264024790060162,11.591560262678934,11.232070109804674,11.559605582423444,1103216.0,1578543607.1,20200814,14.47,1.2517728132525434,20260612,20260612,1.0329059999999999
000001.SZ,1d,2020-08-17,11.663458293253788,12.262608548044222,11.623514942934424,12.134789827022262,3268028.0,4923669137.3,20200817,15.190000000000001,1.2517728132525434,20260612,20260612,1.0329059999999999
000001.SZ,1d,2020-08-18,12.142778497086132,12.222665197724858,11.911107065233832,12.102835146766772,1350261.0,2033477707.99,20200818,15.15,1.2517728132525434,20260612,20260612,1.0329059999999999
000001.SZ,1d,2020-08-19,12.070880466511282,12.262608548044222,11.951050415553196,12.06289179644741,1420928.0,2154215097.0600004,20200819,15.100000000000001,1.2517728132525434,20260612,20260612,1.0329059999999999
000001.SZ,1d,2020-08-20,11.990993765872558,12.0948464767029,11.60753760280668,11.655469623189914,1333802.0,1962605013.7,20200820,14.590000000000002,1.2517728132525434,20260612,20260612,1.0329059999999999
000001.SZ,1d,2020-08-21,11.751333663956384,11.751333663956384,11.439775531465358,11.5436282422957,1234517.0,1787278581.3400002,20200821,14.450000000000001,1.2517728132525434,20260612,20260612,1.0329059999999999
000001.SZ,1d,2020-08-24,11.583571592615062,11.751333663956384,11.51167356204021,11.551616912359572,919449.0,1338031969.4,20200824,14.46,1.2517728132525434,20260612,20260612,1.0329059999999999
000001.SZ,1d,2020-08-25,11.631503612998296,11.73535632382864,11.551616912359572,11.663458293253788,748320.0,1090756854.22,20200825,14.600000000000001,1.2517728132525434,20260612,20260612,1.0329059999999999
000001.SZ,1d,2020-08-26,11.663458293253788,11.67144696331766,11.407820851209868,11.47971888178472,734118.0,1057274169.74,20200826,14.370000000000001,1.2517728132525434,20260612,20260612,1.0329059999999999
000001.SZ,1d,2020-08-27,11.503684891976336,11.55161691235957,11.272013460124036,11.55161691235957,626667.0,895618648.57,20200827,14.459999999999999,1.2517728132525434,20260612,20260612,1.0329059999999999
000001.SZ,1d,2020-08-28,11.391843511082122,12.126801156958388,11.391843511082122,12.086857806639026,2410400.0,3599035694.78,20200828,15.129999999999999,1.2517728132525434,20260612,20260612,1.0329059999999999
000001.SZ,1d,2020-08-31,12.222665197724858,12.526234660152012,11.975016425744812,12.046914456319664,1797130.0,2760350322.28,20200831,15.08,1.2517728132525434,20260612,20260612,1.0329059999999999
000001.SZ,1d,2020-09-01,11.951050415553196,12.166744507277752,11.887141055042216,12.0948464767029,813643.0,1228342741.95,20200901,15.14,1.2517728132525434,20260612,20260612,1.0329059999999999
000001.SZ,1d,2020-09-02,11.990993765872556,12.406404609193924,11.990993765872556,12.238642537852604,1679383.0,2575966637.51,20200902,15.32,1.2517728132525434,20260612,20260612,1.0329059999999999
000001.SZ,1d,2020-09-03,12.238642537852604,12.246631207916476,11.855186374786724,11.90311839516996,1279842.0,1919266726.0100002,20200903,14.9,1.2517728132525434,20260612,20260612,1.0329059999999999
000001.SZ,1d,2020-09-04,11.767311004084128,12.03093711619192,11.663458293253786,11.951050415553194,909890.0,1353550808.28,20200904,14.959999999999999,1.2517728132525434,20260612,20260612,1.0329059999999999
000001.SZ,1d,2020-09-07,11.887141055042216,12.174733177341624,11.847197704722852,11.93507307542545,1031377.0,1551971380.96,20200907,14.94,1.2517728132525434,20260612,20260612,1.0329059999999999
000001.SZ,1d,2020-09-08,11.983005095808684,12.3265179085552,11.983005095808684,12.3265179085552,1407602.0,2154220778.29,20200908,15.43,1.2517728132525434,20260612,20260612,1.0329059999999999
000001.SZ,1d,2020-09-09,12.19071051746937,12.430370619385542,12.086857806639026,12.150767167150006,1013572.0,1554005575.35,20200909,15.21,1.2517728132525434,20260612,20260612,1.0329059999999999
000001.SZ,1d,2020-09-10,12.238642537852604,12.366461258874562,12.142778497086134,12.25461987798035,957092.0,1469402768.28,20200910,15.340000000000002,1.2517728132525434,20260612,20260612,1.0329059999999999
000001.SZ,1d,2020-09-11,12.126801156958388,12.222665197724858,11.83920903465898,11.990993765872556,954236.0,1431844020.44,20200911,15.01,1.2517728132525434,20260612,20260612,1.0329059999999999
000001.SZ,1d,2020-09-14,11.990993765872556,12.222665197724858,11.919095735297704,12.222665197724858,680251.0,1027508108.5500001,20200914,15.3,1.2517728132525434,20260612,20260612,1.0329059999999999
000001.SZ,1d,2020-09-15,12.142778497086134,12.366461258874562,12.102835146766772,12.26260854804422,657133.0,1007999044.1099999,20200915,15.35,1.2517728132525434,20260612,20260612,1.0329059999999999
000001.SZ,1d,2020-09-16,12.238642537852604,12.414393279257798,12.150767167150006,12.334506578619074,722415.0,1114667832.1100001,20200916,15.440000000000001,1.2517728132525434,20260612,20260612,1.0329059999999999
000001.SZ,1d,2020-09-17,12.414393279257798,12.558189340407502,12.302551898363582,12.438359289449414,988216.0,1543414501.54,20200917,15.57,1.2517728132525434,20260612,20260612,1.0329059999999999
000001.SZ,1d,2020-09-18,12.478302639768776,12.853770132770782,12.398415939130052,12.837792792643038,1373193.0,2186759087.8100004,20200918,16.07,1.2517728132525434,20260612,20260612,1.0329059999999999
000001.SZ,1d,2020-09-21,12.78187210219593,12.821815452515292,12.55020067034363,12.670030721301716,896162.0,1418370973.91,20200921,15.860000000000001,1.2517728132525434,20260612,20260612,1.0329059999999999
000001.SZ,1d,2020-09-22,12.518245990088138,12.65405338117397,12.29456322829971,12.438359289449414,867756.0,1354536272.84,20200922,15.57,1.2517728132525434,20260612,20260612,1.0329059999999999
000001.SZ,1d,2020-09-23,12.45433662957716,12.646064711110098,12.39042726906618,12.486291309832648,599200.0,939763265.95,20200923,15.629999999999999,1.2517728132525434,20260612,20260612,1.0329059999999999
000001.SZ,1d,2020-09-24,12.45433662957716,12.470313969704906,12.078869136575154,12.078869136575154,1061011.0,1623376200.8100002,20200924,15.120000000000001,1.2517728132525434,20260612,20260612,1.0329059999999999
000001.SZ,1d,2020-09-25,12.142778497086132,12.23065386778873,12.07088046651128,12.13478982702226,614087.0,933035044.4699999,20200925,15.19,1.2517728132525434,20260612,20260612,1.0329059999999999
000001.SZ,1d,2020-09-28,12.134789827022262,12.278585888171966,11.96702775568094,12.23065386778873,612711.0,932800766.0300001,20200928,15.31,1.2517728132525434,20260612,20260612,1.0329059999999999
000001.SZ,1d,2020-09-29,12.29456322829971,12.310540568427456,11.791277014275746,11.823231694531234,1182374.0,1766848544.72,20200929,14.799999999999999,1.2517728132525434,20260612,20260612,1.0329059999999999
000001.SZ,1d,2020-09-30,11.823231694531236,12.198699187533242,11.823231694531236,12.118812486894516,1217065.0,1838547595.4599998,20200930,15.17,1.2517728132525434,20260612,20260612,1.0329059999999999
000001.SZ,1d,2020-10-09,12.222665197724858,12.42238194932167,12.086857806639026,12.12680115695839,900426.0,1376995906.6,20201009,15.180000000000001,1.2517728132525434,20260612,20260612,1.0329059999999999
000001.SZ,1d,2020-10-12,12.158755837213878,12.821815452515292,12.150767167150006,12.701985401557206,1591347.0,2509002885.3100004,20201012,15.9,1.2517728132525434,20260612,20260612,1.0329059999999999
000001.SZ,1d,2020-10-13,12.701985401557206,12.869747472898526,12.598132690726864,12.829804122579164,908819.0,1453986337.96,20201013,16.06,1.2517728132525434,20260612,20260612,1.0329059999999999
000001.SZ,1d,2020-10-14,12.81382678245142,12.8777361429624,12.622098700918482,12.805838112387548,662562.0,1057937816.08,20201014,16.03,1.2517728132525434,20260612,20260612,1.0329059999999999
000001.SZ,1d,2020-10-15,12.941645503473378,13.516829748072194,12.901702153154016,13.229237625772786,1600062.0,2654379585.66,20201015,16.56,1.2517728132525434,20260612,20260612,1.0329059999999999
000001.SZ,1d,2020-10-16,13.229237625772786,13.876319900946454,13.213260285645042,13.660625809221898,2095614.0,3589229558.5699997,20201016,17.099999999999998,1.2517728132525434,20260612,20260612,1.0329059999999999
000001.SZ,1d,2020-10-19,13.82039921049935,14.459492815609147,13.82039921049935,13.964195271649054,2016106.0,3571336006.25,20201019,17.48,1.2517728132525434,20260612,20260612,1.0329059999999999
000001.SZ,1d,2020-10-20,13.964195271649054,14.060059312415524,13.780455860179988,14.012127292032288,960072.0,1673173355.6499999,20201020,17.54,1.2517728132525434,20260612,20260612,1.0329059999999999
000001.SZ,1d,2020-10-21,14.092013992671014,14.379606114970423,13.844365220690968,14.30770808439557,1244560.0,2204040364.8,20201021,17.91,1.2517728132525434,20260612,20260612,1.0329059999999999
000001.SZ,1d,2020-10-22,14.331674094587187,14.779039618164044,13.82039921049935,14.028104632160035,1890519.0,3342069010.79,20201022,17.560000000000002,1.2517728132525434,20260612,20260612,1.0329059999999999
000001.SZ,1d,2020-10-23,14.004138621968417,15.002722379952473,14.004138621968417,14.483458825800765,1698502.0,3105623948.39,20201023,18.130000000000003,1.2517728132525434,20260612,20260612,1.0329059999999999
000001.SZ,1d,2020-10-26,14.53937951624787,14.611277546822722,13.940229261457436,14.139946013054248,1175599.0,2085800598.85,20201026,17.7,1.2517728132525434,20260612,20260612,1.0329059999999999
000001.SZ,1d,2020-10-27,14.379606114970422,14.379606114970422,13.980172611776798,14.187878033437483,1034865.0,1839243224.79,20201027,17.76,1.2517728132525434,20260612,20260612,1.0329059999999999
000001.SZ,1d,2020-10-28,14.18787803343748,14.299719414331696,13.812410540435476,14.08402532260714,1205824.0,2125604541.75,20201028,17.63,1.2517728132525434,20260612,20260612,1.0329059999999999
000001.SZ,1d,2020-10-29,14.01212729203229,14.323685424523314,13.860342560818713,14.195866703501357,846604.0,1498040947.7,20201029,17.770000000000003,1.2517728132525434,20260612,20260612,1.0329059999999999
000001.SZ,1d,2020-10-30,14.17190069330974,14.667198237269831,14.060059312415524,14.17988936337361,1007804.0,1813064343.1200001,20201030,17.75,1.2517728132525434,20260612,20260612,1.0329059999999999
000001.SZ,1d,2020-11-02,14.100002662734887,14.419549465289784,13.844365220690968,14.084025322607141,968453.0,1702741437.95,20201102,17.630000000000003,1.2517728132525434,20260612,20260612,1.0329059999999999
000001.SZ,1d,2020-11-03,14.14793468311812,14.651220897142084,14.139946013054248,14.347651434714932,957869.0,1727488481.5,20201103,17.96,1.2517728132525434,20260612,20260612,1.0329059999999999
000001.SZ,1d,2020-11-04,14.659209567205957,14.7630622780363,14.347651434714932,14.63524355701434,1247636.0,2275824963.43,20201104,18.32,1.2517728132525434,20260612,20260612,1.0329059999999999
000001.SZ,1d,2020-11-05,14.6751869073337,14.779039618164044,14.012127292032288,14.139946013054248,1429469.0,2558562453.1800003,20201105,17.7,1.2517728132525434,20260612,20260612,1.0329059999999999
000001.SZ,1d,2020-11-06,14.147934683118118,14.17988936337361,13.756489849988368,14.092013992671014,848782.0,1486492208.3700001,20201106,17.64,1.2517728132525434,20260612,20260612,1.0329059999999999
000001.SZ,1d,2020-11-09,14.115980002862628,14.379606114970422,14.012127292032288,14.251787393948462,951424.0,1688807401.7,20201109,17.84,1.2517728132525434,20260612,20260612,1.0329059999999999
000001.SZ,1d,2020-11-10,14.379606114970422,14.779039618164044,14.323685424523314,14.467481485673018,1021063.0,1854142808.8500001,20201110,18.11,1.2517728132525434,20260612,20260612,1.0329059999999999
000001.SZ,1d,2020-11-11,14.539379516247873,14.619266216886595,14.060059312415524,14.227821383756845,940130.0,1677811478.7400002,20201111,17.810000000000002,1.2517728132525434,20260612,20260612,1.0329059999999999
000001.SZ,1d,2020-11-12,14.227821383756844,14.331674094587184,13.940229261457436,14.107991332798758,677258.0,1197284181.1100001,20201112,17.66,1.2517728132525434,20260612,20260612,1.0329059999999999
000001.SZ,1d,2020-11-13,13.91626325126582,13.956206601585183,13.33309033660313,13.72453516973288,1289189.0,2191492021.21,20201113,17.18,1.2517728132525434,20260612,20260612,1.0329059999999999
000001.SZ,1d,2020-11-16,13.644648469094154,13.924251921329692,13.50085240794445,13.876319900946454,759857.0,1308190459.6,20201116,17.369999999999997,1.2517728132525434,20260612,20260612,1.0329059999999999
000001.SZ,1d,2020-11-17,13.884308571010328,14.323685424523314,13.780455860179988,14.243798723884588,852931.0,1509511577.97,20201117,17.83,1.2517728132525434,20260612,20260612,1.0329059999999999
000001.SZ,1d,2020-11-18,14.203855373565228,14.779039618164044,14.17988936337361,14.747084937908555,1373401.0,2508632642.49,20201118,18.46,1.2517728132525434,20260612,20260612,1.0329059999999999
000001.SZ,1d,2020-11-19,14.850937648738896,15.162495781229921,14.619266216886595,15.058643070399581,1211741.0,2270476474.58,20201119,18.85,1.2517728132525434,20260612,20260612,1.0329059999999999
000001.SZ,1d,2020-11-20,15.042665730271834,15.170484451293794,14.795016958291788,15.066631740463452,673919.0,1265262915.5900002,20201120,18.86,1.2517728132525434,20260612,20260612,1.0329059999999999
000001.SZ,1d,2020-11-23,15.058643070399581,15.67377066531776,15.018699720080217,15.67377066531776,1165858.0,2252290578.43,20201123,19.62,1.2517728132525434,20260612,20260612,1.0329059999999999
000001.SZ,1d,2020-11-24,15.67377066531776,15.721702685700997,15.3142805124435,15.466065243657077,678543.0,1313496136.53,20201124,19.360000000000003,1.2517728132525434,20260612,20260612,1.0329059999999999
000001.SZ,1d,2020-11-25,15.561929284423545,15.737680025828737,15.21841647167703,15.226405141740903,552585.0,1068352014.21,20201125,19.060000000000002,1.2517728132525434,20260612,20260612,1.0329059999999999
000001.SZ,1d,2020-11-26,15.21841647167703,15.665781995253885,15.202439131549285,15.57790662455129,639658.0,1240074378.13,20201126,19.5,1.2517728132525434,20260612,20260612,1.0329059999999999
000001.SZ,1d,2020-11-27,15.977340127744913,15.977340127744913,15.48204258378482,15.737680025828737,753774.0,1479430635.59,20201127,19.7,1.2517728132525434,20260612,20260612,1.0329059999999999
000001.SZ,1d,2020-11-30,15.897453427106187,16.68034309336569,15.649804655126141,15.769634706084227,1581441.0,3213680470.07,20201130,19.74,1.2517728132525434,20260612,20260612,1.0329059999999999
000001.SZ,1d,2020-12-01,15.737680025828741,16.384762301002407,15.498019923912567,16.017283478064275,1263720.0,2516010782.4900002,20201201,20.05,1.2517728132525434,20260612,20260612,1.0329059999999999
000001.SZ,1d,2020-12-02,15.921419437297805,16.025272148128145,15.593883964679033,15.681759335381631,889385.0,1758639187.8400002,20201202,19.63,1.2517728132525434,20260612,20260612,1.0329059999999999
000001.SZ,1d,2020-12-03,15.80158938633972,15.865498746850701,15.3142805124435,15.609861304806781,714452.0,1393085020.58,20201203,19.540000000000003,1.2517728132525434,20260612,20260612,1.0329059999999999
000001.SZ,1d,2020-12-04,15.553940614359671,15.553940614359671,15.154507111166048,15.418133223273838,891348.0,1707639065.1,20201204,19.299999999999997,1.2517728132525434,20260612,20260612,1.0329059999999999
000001.SZ,1d,2020-12-07,15.426121893337712,15.490031253848693,14.922835679313748,15.106575090782815,873807.0,1655173465.4,20201207,18.91,1.2517728132525434,20260612,20260612,1.0329059999999999
000001.SZ,1d,2020-12-08,15.11456376084669,15.202439131549285,14.803005628355661,14.946801689505365,719648.0,1345951734.38,20201208,18.71,1.2517728132525434,20260612,20260612,1.0329059999999999
000001.SZ,1d,2020-12-09,15.010711050016344,15.21841647167703,14.922835679313748,14.946801689505365,677221.0,1277484440.94,20201209,18.71,1.2517728132525434,20260612,20260612,1.0329059999999999
000001.SZ,1d,2020-12-10,14.962779029633111,15.082609080591196,14.739096267844682,14.89886966912213,607867.0,1130916254.15,20201210,18.65,1.2517728132525434,20260612,20260612,1.0329059999999999
000001.SZ,1d,2020-12-11,14.946801689505364,15.018699720080216,14.555356856375614,14.795016958291788,887794.0,1642392314.27,20201211,18.52,1.2517728132525434,20260612,20260612,1.0329059999999999
000001.SZ,1d,2020-12-14,14.85892631880277,15.2264051417409,14.779039618164044,15.082609080591196,835992.0,1575396008.32,20201214,18.88,1.2517728132525434,20260612,20260612,1.0329059999999999
000001.SZ,1d,2020-12-15,15.018699720080217,15.058643070399581,14.49943616592851,14.970767699696985,788858.0,1458268620.75,20201215,18.740000000000002,1.2517728132525434,20260612,20260612,1.0329059999999999
000001.SZ,1d,2020-12-16,15.018699720080217,15.258359821996393,14.842948978675025,15.186461791421541,689070.0,1302133815.28,20201216,19.01,1.2517728132525434,20260612,20260612,1.0329059999999999
000001.SZ,1d,2020-12-17,15.106575090782815,15.234393811804773,14.85892631880277,15.138529771038307,686141.0,1294658299.27,20201217,18.950000000000003,1.2517728132525434,20260612,20260612,1.0329059999999999
000001.SZ,1d,2020-12-18,15.178473121357667,15.258359821996393,14.563345526439488,14.66719823726983,1058756.0,1959764074.98,20201218,18.36,1.2517728132525434,20260612,20260612,1.0329059999999999
000001.SZ,1d,2020-12-21,14.619266216886595,14.89088099905826,14.40357212516204,14.603288876758851,906878.0,1662649810.0500002,20201221,18.28,1.2517728132525434,20260612,20260612,1.0329059999999999
000001.SZ,1d,2020-12-22,14.66719823726983,14.89886966912213,14.283742074203952,14.299719414331696,1028738.0,1873638734.0600002,20201222,17.9,1.2517728132525434,20260612,20260612,1.0329059999999999
000001.SZ,1d,2020-12-23,14.347651434714932,14.435526805417528,14.2118440436291,14.379606114970422,750083.0,1345650736.09,20201223,18.0,1.2517728132525434,20260612,20260612,1.0329059999999999
000001.SZ,1d,2020-12-24,14.49943616592851,14.771050948100173,14.419549465289784,14.587311536631105,632950.0,1155767283.67,20201224,18.26,1.2517728132525434,20260612,20260612,1.0329059999999999
000001.SZ,1d,2020-12-25,14.587311536631105,14.587311536631105,14.219832713692972,14.41156079522591,577077.0,1038128197.3900001,20201225,18.04,1.2517728132525434,20260612,20260612,1.0329059999999999
000001.SZ,1d,2020-12-28,14.395583455098166,15.066631740463452,14.347651434714932,15.058643070399581,1270337.0,2352947321.9700003,20201228,18.85,1.2517728132525434,20260612,20260612,1.0329059999999999
000001.SZ,1d,2020-12-29,15.074620410527325,15.418133223273841,14.938813019441492,15.314280512443498,963092.0,1837947238.25,20201229,19.169999999999998,1.2517728132525434,20260612,20260612,1.0329059999999999
000001.SZ,1d,2020-12-30,15.178473121357667,15.338246522635115,14.954790359569238,15.338246522635115,978498.0,1854082812.28,20201230,19.2,1.2517728132525434,20260612,20260612,1.0329059999999999
000001.SZ,1d,2020-12-31,15.34623519269899,15.641815985062268,15.194450461485411,15.45008790352933,924503.0,1781736285.58,20201231,19.34,1.2517728132525434,20260612,20260612,1.0329059999999999
000001.SZ,1d,2021-01-04,15.258359821996393,15.258359821996393,14.73110759778081,14.85892631880277,1554216.0,2891682312.0499997,20210104,18.6,1.2517728132525434,20260612,20260612,1.0329059999999999
000001.SZ,1d,2021-01-05,14.699152917525321,14.7630622780363,14.219832713692972,14.515413506056253,1821352.0,3284606913.9100003,20210105,18.17,1.2517728132525434,20260612,20260612,1.0329059999999999
000001.SZ,1d,2021-01-06,14.4435154754814,15.625838644934523,14.379606114970422,15.625838644934523,1934945.0,3648521909.1000004,20210106,19.56,1.2517728132525434,20260612,20260612,1.0329059999999999
000001.SZ,1d,2021-01-07,15.593883964679033,15.961362787617167,15.362212532826733,15.89745342710619,1584185.0,3111274625.37,20210107,19.900000000000002,1.2517728132525434,20260612,20260612,1.0329059999999999
000001.SZ,1d,2021-01-08,15.897453427106187,16.057226828383634,15.426121893337712,15.857510076786824,1195473.0,2348316363.18,20210108,19.849999999999998,1.2517728132525434,20260612,20260612,1.0329059999999999
000001.SZ,1d,2021-01-11,15.977340127744913,16.48861501183275,15.977340127744913,16.280909590172065,1790457.0,3652546646.82,20210111,20.38,1.2517728132525434,20260612,20260612,1.0329059999999999
000001.SZ,1d,2021-01-12,16.28889826023594,16.776207134132157,16.121136188894617,16.776207134132157,1288166.0,2657687440.67,20210112,21.0,1.2517728132525434,20260612,20260612,1.0329059999999999
000001.SZ,1d,2021-01-13,16.77620713413216,16.78419580419603,16.296886930299813,16.536547032215985,1049120.0,2161849708.0400004,20210113,20.700000000000003,1.2517728132525434,20260612,20260612,1.0329059999999999
000001.SZ,1d,2021-01-14,16.520569692088237,16.688331763429563,15.93739677742555,16.113147518830743,1130156.0,2306404546.81,20210114,20.169999999999998,1.2517728132525434,20260612,20260612,1.0329059999999999
000001.SZ,1d,2021-01-15,16.776207134132157,17.53513079020004,16.632411072982453,16.776207134132157,2480689.0,5311218074.76,20210115,21.0,1.2517728132525434,20260612,20260612,1.0329059999999999
000001.SZ,1d,2021-01-18,16.935980535409605,18.198190405501457,16.935980535409605,18.134281044990473,2157302.0,4792909447.95,20210118,22.7,1.2517728132525434,20260612,20260612,1.0329059999999999
000001.SZ,1d,2021-01-19,17.9824963137769,18.24612242588469,17.615017490838767,17.846688922691065,1242088.0,2790056611.29,20210119,22.34,1.2517728132525434,20260612,20260612,1.0329059999999999
000001.SZ,1d,2021-01-20,17.69490419147749,18.349975136715035,17.670938181285873,17.95054163352141,1280793.0,2889249850.4500003,20210120,22.470000000000002,1.2517728132525434,20260612,20260612,1.0329059999999999
000001.SZ,1d,2021-01-21,17.97450764371303,18.2141677456292,17.69490419147749,17.75881355198847,944779.0,2114252731.64,20210121,22.23,1.2517728132525434,20260612,20260612,1.0329059999999999
000001.SZ,1d,2021-01-22,17.75881355198847,17.75881355198847,17.183629307389655,17.599040150711023,924434.0,2025834761.5400002,20210122,22.03,1.2517728132525434,20260612,20260612,1.0329059999999999
000001.SZ,1d,2021-01-25,17.351391378730973,18.054394344351753,17.119719946878675,17.96651897364915,1028365.0,2269032820.67,20210125,22.49,1.2517728132525434,20260612,20260612,1.0329059999999999
000001.SZ,1d,2021-01-26,17.814734242435577,18.62957858895057,17.814734242435577,17.870654932882687,1126721.0,2558575511.9700003,20210126,22.37,1.2517728132525434,20260612,20260612,1.0329059999999999
000001.SZ,1d,2021-01-27,17.822722912499447,18.749408639908655,17.822722912499447,18.43785050741763,1294153.0,2976800955.73,20210127,23.08,1.2517728132525434,20260612,20260612,1.0329059999999999
000001.SZ,1d,2021-01-28,18.198190405501453,18.517737208056353,17.934564293393663,18.22215641569307,857477.0,1948881146.95,20210128,22.81,1.2517728132525434,20260612,20260612,1.0329059999999999
000001.SZ,1d,2021-01-29,18.222156415693075,18.80532933035576,18.142269715054347,18.445839177481503,1240258.0,2864101419.33,20210129,23.09,1.2517728132525434,20260612,20260612,1.0329059999999999
000001.SZ,1d,2021-02-01,18.37394114690665,19.963686489617267,18.134281044990473,19.61218500680688,1475239.0,3529556986.77,20210201,24.55,1.2517728132525434,20260612,20260612,1.0329059999999999
000001.SZ,1d,2021-02-02,18.6775106093338,19.25269485393262,18.3020431163318,18.59762390869508,2416169.0,5679179941.74,20210202,23.28,1.2517728132525434,20260612,20260612,1.0329059999999999
000001.SZ,1d,2021-02-03,18.75739730997253,20.115471220830845,18.6775106093338,19.93173180936178,1923272.0,4690176486.28,20210203,24.95,1.2517728132525434,20260612,20260612,1.0329059999999999
000001.SZ,1d,2021-02-04,19.316604214443597,20.163403241214077,19.204762833549385,19.65212835712624,1255248.0,3084553750.95,20210204,24.599999999999998,1.2517728132525434,20260612,20260612,1.0329059999999999
000001.SZ,1d,2021-02-05,19.65212835712624,20.219323931661187,19.38850224501845,19.915754469234034,1015576.0,2517804159.63,20210205,24.93,1.2517728132525434,20260612,20260612,1.0329059999999999
000001.SZ,1d,2021-02-08,19.891788459042417,19.891788459042417,19.25269485393262,19.811901758403692,1084265.0,2650948251.3799996,20210208,24.8,1.2517728132525434,20260612,20260612,1.0329059999999999
000001.SZ,1d,2021-02-09,19.803913088339822,19.843856438659184,19.308615544379727,19.6361510169985,942094.0,2302978158.4,20210209,24.580000000000002,1.2517728132525434,20260612,20260612,1.0329059999999999
000001.SZ,1d,2021-02-10,19.65212835712624,19.939720479425652,18.6775106093338,19.029012092144193,1918867.0,4569741959.900001,20210210,23.82,1.2517728132525434,20260612,20260612,1.0329059999999999
000001.SZ,1d,2021-02-18,19.172808153293893,19.61218500680688,18.75739730997253,19.41246825521007,1505231.0,3619387651.7099996,20210218,24.3,1.2517728132525434,20260612,20260612,1.0329059999999999
000001.SZ,1d,2021-02-19,19.140853473038405,19.32459288450747,18.82929534054738,19.05297810233581,922583.0,2197558286.91,20210219,23.85,1.2517728132525434,20260612,20260612,1.0329059999999999
000001.SZ,1d,2021-02-22,19.013034752016445,19.013034752016445,17.78277956218009,17.87864360294656,1956842.0,4445818547.6,20210222,22.380000000000003,1.2517728132525434,20260612,20260612,1.0329059999999999
000001.SZ,1d,2021-02-23,17.878643602946557,18.11830370486273,17.4312780793697,17.519153450072295,1870460.0,4160776611.3100004,20210223,21.93,1.2517728132525434,20260612,20260612,1.0329059999999999
000001.SZ,1d,2021-02-24,17.79076823224396,17.79875690230783,17.223572657709013,17.70289286154136,1428500.0,3144209051.81,20210224,22.16,1.2517728132525434,20260612,20260612,1.0329059999999999
000001.SZ,1d,2021-02-25,17.8946209430743,18.02243966409626,17.319436698475485,17.646972171094255,1593403.0,3524600794.46,20210225,22.09,1.2517728132525434,20260612,20260612,1.0329059999999999
000001.SZ,1d,2021-02-26,17.255527337964505,17.543119460263913,16.94396920547348,17.079776596559313,1124977.0,2424653753.46,20210226,21.380000000000003,1.2517728132525434,20260612,20260612,1.0329059999999999
000001.SZ,1d,2021-03-01,17.20759531758127,17.319436698475485,16.92000319528186,17.13569728700642,1125387.0,2408050906.4,20210301,21.45,1.2517728132525434,20260612,20260612,1.0329059999999999
000001.SZ,1d,2021-03-02,17.271504678092253,17.69490419147749,16.983912555792845,17.29547068828387,1473425.0,3196536981.14,20210302,21.650000000000002,1.2517728132525434,20260612,20260612,1.0329059999999999
000001.SZ,1d,2021-03-03,17.23954999783676,18.43785050741763,17.143685957070293,18.381929816970523,1919635.0,4320024431.320001,20210303,23.01,1.2517728132525434,20260612,20260612,1.0329059999999999
000001.SZ,1d,2021-03-04,18.190201735437586,18.765385980036402,18.094337694671115,18.310031786395673,1213579.0,2799747146.4100003,20210304,22.92,1.2517728132525434,20260612,20260612,1.0329059999999999
000001.SZ,1d,2021-03-05,18.134281044990473,18.357963806778905,17.46323275962519,17.846688922691065,880171.0,1960439115.0400002,20210305,22.34,1.2517728132525434,20260612,20260612,1.0329059999999999
000001.SZ,1d,2021-03-08,17.926575623329793,18.126292374926603,17.159663297198037,17.255527337964505,993774.0,2189190957.56,20210308,21.6,1.2517728132525434,20260612,20260612,1.0329059999999999
000001.SZ,1d,2021-03-09,17.31943669847549,17.511164780008425,16.440682991449517,16.65637708317407,1361895.0,2882931927.56,20210309,20.85,1.2517728132525434,20260612,20260612,1.0329059999999999
000001.SZ,1d,2021-03-10,16.648388413110197,16.704309103557307,16.20102288953334,16.296886930299813,1149417.0,2356185003.94,20210310,20.400000000000002,1.2517728132525434,20260612,20260612,1.0329059999999999
000001.SZ,1d,2021-03-11,16.440682991449513,17.07977659655931,16.42470565132177,16.991901225856715,1048659.0,2213107787.13,20210311,21.27,1.2517728132525434,20260612,20260612,1.0329059999999999
000001.SZ,1d,2021-03-12,17.07178792649544,17.33541403860323,16.935980535409605,17.159663297198037,697201.0,1494219075.5,20210312,21.48,1.2517728132525434,20260612,20260612,1.0329059999999999
000001.SZ,1d,2021-03-15,17.095753936687053,17.670938181285873,16.864082504834755,17.255527337964505,958749.0,2077984893.9499998,20210315,21.599999999999998,1.2517728132525434,20260612,20260612,1.0329059999999999
000001.SZ,1d,2021-03-16,17.255527337964505,17.662949511222,16.991901225856715,17.30345935834774,939684.0,2038470660.5300002,20210316,21.66,1.2517728132525434,20260612,20260612,1.0329059999999999
000001.SZ,1d,2021-03-17,17.13569728700642,17.215583987645143,16.696320433493437,16.93598053540961,821489.0,1738185857.1,20210317,21.200000000000003,1.2517728132525434,20260612,20260612,1.0329059999999999
000001.SZ,1d,2021-03-18,17.015867236048333,17.359380048794847,16.776207134132157,17.359380048794847,691610.0,1483801548.9800003,20210318,21.73,1.2517728132525434,20260612,20260612,1.0329059999999999
000001.SZ,1d,2021-03-19,17.1996066475174,17.29547068828387,16.272920920108195,16.35280762074692,1525622.0,3159181042.9600005,20210319,20.470000000000002,1.2517728132525434,20260612,20260612,1.0329059999999999
000001.SZ,1d,2021-03-22,16.4167169812579,17.215583987645143,16.400739641130155,17.215583987645143,1451190.0,3087549484.44,20210322,21.55,1.2517728132525434,20260612,20260612,1.0329059999999999
000001.SZ,1d,2021-03-23,17.231561327772887,17.29547068828387,16.74425245387667,16.959946545601223,682903.0,1448043613.41,20210323,21.23,1.2517728132525434,20260612,20260612,1.0329059999999999
000001.SZ,1d,2021-03-24,16.94396920547348,16.99988989592059,16.33683028061917,16.40073964113015,850085.0,1757688572.4800003,20210324,20.529999999999998,1.2517728132525434,20260612,20260612,1.0329059999999999
000001.SZ,1d,2021-03-25,16.440682991449517,16.640399743046327,16.296886930299813,16.57649038253535,492666.0,1017166048.68,20210325,20.750000000000004,1.2517728132525434,20260612,20260612,1.0329059999999999
000001.SZ,1d,2021-03-26,16.648388413110197,17.095753936687057,16.58447905259922,16.888048515026373,822108.0,1733412579.12,20210326,21.14,1.2517728132525434,20260612,20260612,1.0329059999999999
000001.SZ,1d,2021-03-29,16.999889895920585,17.295470688283867,16.935980535409605,17.167651967261907,785667.0,1684397866.28,20210329,21.49,1.2517728132525434,20260612,20260612,1.0329059999999999
000001.SZ,1d,2021-03-30,17.079776596559313,17.519153450072295,16.94396920547348,17.519153450072295,738655.0,1601238499.0600002,20210330,21.93,1.2517728132525434,20260612,20260612,1.0329059999999999
000001.SZ,1d,2021-03-31,17.39133472905034,17.63099483096651,17.255527337964505,17.58306281058328,777028.0,1699922183.9799998,20210331,22.01,1.2517728132525434,20260612,20260612,1.0329059999999999
000001.SZ,1d,2021-04-01,17.63898350103038,17.662949511222,17.17564063732578,17.39932339911421,544449.0,1183868023.6599998,20210401,21.78,1.2517728132525434,20260612,20260612,1.0329059999999999
000001.SZ,1d,2021-04-02,17.33541403860323,17.359380048794847,17.063799256431565,17.17564063732578,581084.0,1249405387.16,20210402,21.5,1.2517728132525434,20260612,20260612,1.0329059999999999
000001.SZ,1d,2021-04-06,17.215583987645143,17.646972171094255,17.183629307389655,17.31943669847549,401103.0,873387016.62,20210406,21.680000000000003,1.2517728132525434,20260612,20260612,1.0329059999999999
000001.SZ,1d,2021-04-07,17.479210099752933,17.519153450072295,17.023855906112203,17.287482018219993,517605.0,1116774452.27,20210407,21.639999999999997,1.2517728132525434,20260612,20260612,1.0329059999999999
000001.SZ,1d,2021-04-08,17.143685957070293,17.359380048794847,17.03983324623995,17.223572657709017,383030.0,825170840.99,20210408,21.560000000000002,1.2517728132525434,20260612,20260612,1.0329059999999999
000001.SZ,1d,2021-04-09,17.343402708667103,17.351391378730977,16.84011649464314,17.015867236048333,398960.0,849870878.04,20210409,21.3,1.2517728132525434,20260612,20260612,1.0329059999999999
000001.SZ,1d,2021-04-12,17.18362930738965,17.18362930738965,16.480626341768875,16.536547032215985,594743.0,1240067319.93,20210412,20.7,1.2517728132525434,20260612,20260612,1.0329059999999999
000001.SZ,1d,2021-04-13,16.55252437234373,16.68034309336569,16.448671661513387,16.600456392726965,499904.0,1036992692.52,20210413,20.78,1.2517728132525434,20260612,20260612,1.0329059999999999
000001.SZ,1d,2021-04-14,16.60844506279084,16.728275113748925,16.312864270427557,16.512581022024367,537438.0,1113001541.55,20210414,20.67,1.2517728132525434,20260612,20260612,1.0329059999999999
000001.SZ,1d,2021-04-15,16.58447905259922,16.592467722663095,16.041249488255893,16.264932250044325,735865.0,1494016040.7500002,20210415,20.360000000000003,1.2517728132525434,20260612,20260612,1.0329059999999999
000001.SZ,1d,2021-04-16,16.26493225004432,16.320852940491427,15.825555396531335,16.185045549405594,729998.0,1466509057.44,20210416,20.259999999999998,1.2517728132525434,20260612,20260612,1.0329059999999999
000001.SZ,1d,2021-04-19,16.00130613793653,16.967935215665097,15.905442097170061,16.896037185090243,1112283.0,2304021478.31,20210419,21.15,1.2517728132525434,20260612,20260612,1.0329059999999999
000001.SZ,1d,2021-04-20,16.84011649464314,17.535130790200043,16.71229777362118,17.32742536853936,834773.0,1798249024.3,20210420,21.69,1.2517728132525434,20260612,20260612,1.0329059999999999
000001.SZ,1d,2021-04-21,17.814734242435577,18.525725878120223,17.806745572371703,18.38192981697052,1597100.0,3644577541.25,20210421,23.009999999999998,1.2517728132525434,20260612,20260612,1.0329059999999999
000001.SZ,1d,2021-04-22,18.525725878120227,18.557680558375715,18.198190405501457,18.357963806778905,829694.0,1905208911.5900002,20210422,22.98,1.2517728132525434,20260612,20260612,1.0329059999999999
000001.SZ,1d,2021-04-23,18.62957858895057,18.89320470105836,18.429861837353755,18.60561257875895,823230.0,1920413502.35,20210423,23.29,1.2517728132525434,20260612,20260612,1.0329059999999999
000001.SZ,1d,2021-04-26,19.068955442463555,19.356547564762966,18.294054446267925,18.326009126523417,872418.0,2037109597.0100002,20210426,22.94,1.2517728132525434,20260612,20260612,1.0329059999999999
000001.SZ,1d,2021-04-27,18.333997796587287,18.525725878120223,18.262099766012433,18.326009126523413,470431.0,1083043579.27,20210427,22.939999999999998,1.2517728132525434,20260612,20260612,1.0329059999999999
000001.SZ,1d,2021-04-28,18.60561257875895,18.73343129978091,18.198190405501457,18.653544599142187,593838.0,1375141409.72,20210428,23.35,1.2517728132525434,20260612,20260612,1.0329059999999999
000001.SZ,1d,2021-04-29,18.645555929078313,18.941136721441595,18.461816517609247,18.845272680675123,614837.0,1439823965.34,20210429,23.59,1.2517728132525434,20260612,20260612,1.0329059999999999
000001.SZ,1d,2021-04-30,18.653544599142187,18.765385980036402,18.381929816970523,18.60561257875895,561981.0,1308177202.7800002,20210430,23.290000000000003,1.2517728132525434,20260612,20260612,1.0329059999999999
000001.SZ,1d,2021-05-06,18.453827847545377,18.933148051377724,18.453827847545377,18.773374650100273,500295.0,1174181608.06,20210506,23.5,1.2517728132525434,20260612,20260612,1.0329059999999999
000001.SZ,1d,2021-05-07,18.909182041186106,19.41246825521007,18.685499279397675,19.21275150361326,802214.0,1929112374.46,20210507,24.05,1.2517728132525434,20260612,20260612,1.0329059999999999
000001.SZ,1d,2021-05-10,19.172808153293893,19.204762833549385,18.389918487034393,19.06096677239968,661439.0,1566860764.0900002,20210510,23.86,1.2517728132525434,20260612,20260612,1.0329059999999999
000001.SZ,1d,2021-05-11,18.86923869086674,18.973091401697083,18.42187316728988,18.797340660291887,497223.0,1161846399.0600002,20210511,23.529999999999998,1.2517728132525434,20260612,20260612,1.0329059999999999
000001.SZ,1d,2021-05-12,18.60561257875895,18.88521603099449,18.278077106140177,18.813318000419635,533265.0,1245517716.8700001,20210512,23.55,1.2517728132525434,20260612,20260612,1.0329059999999999
000001.SZ,1d,2021-05-13,18.789351990228017,18.845272680675123,18.24612242588469,18.429861837353755,549653.0,1271946298.62,20210513,23.07,1.2517728132525434,20260612,20260612,1.0329059999999999
000001.SZ,1d,2021-05-14,18.63113623581696,18.864629300137914,18.196356047081387,18.776062965395482,563785.0,1300250943.6000001,20210514,23.32,1.2420069128964388,20260612,20260612,1.0329059999999999
000001.SZ,1d,2021-05-17,18.639187720793544,19.178637214224718,18.478158021261848,19.001504544739852,527565.0,1241605192.3400002,20210517,23.599999999999998,1.2420069128964388,20260612,20260612,1.0329059999999999
000001.SZ,1d,2021-05-18,19.202791669154472,19.412130278545675,18.840474845208163,19.243049094037396,395415.0,939786731.9499999,20210518,23.900000000000002,1.2420069128964388,20260612,20260612,1.0329059999999999
000001.SZ,1d,2021-05-19,19.178637214224718,19.42823324849884,18.937092664927178,19.001504544739852,429420.0,1022553739.18,20210519,23.599999999999998,1.2420069128964388,20260612,20260612,1.0329059999999999
000001.SZ,1d,2021-05-20,18.848526330184747,19.19474018417789,18.73580554051256,19.178637214224718,405788.0,957478853.76,20210520,23.82,1.2420069128964388,20260612,20260612,1.0329059999999999
000001.SZ,1d,2021-05-21,19.22694612408423,19.396027308592505,18.54256990107453,18.912938209997424,539336.0,1263058114.62,20210521,23.490000000000002,1.2420069128964388,20260612,20260612,1.0329059999999999
000001.SZ,1d,2021-05-24,18.904886725020837,19.001504544739856,18.671393660699884,18.904886725020837,343936.0,806092207.23,20210524,23.48,1.2420069128964388,20260612,20260612,1.0329059999999999
000001.SZ,1d,2021-05-25,18.953195634880345,19.911322347093925,18.880732270091084,19.80665304239832,972375.0,2363145902.7,20210525,24.599999999999998,1.2420069128964388,20260612,20260612,1.0329059999999999
000001.SZ,1d,2021-05-26,19.83885898230466,20.225330261180726,19.726138192632476,20.136763926438295,919264.0,2286540248.86,20210526,25.01,1.2420069128964388,20260612,20260612,1.0329059999999999
000001.SZ,1d,2021-05-27,20.056249076672447,20.257536201087067,19.742241162585646,19.959631256953433,504091.0,1246712048.75,20210527,24.79,1.2420069128964388,20260612,20260612,1.0329059999999999
000001.SZ,1d,2021-05-28,19.871064922211,19.895219377140755,19.452387703428595,19.726138192632476,492401.0,1200523315.7,20210528,24.5,1.2420069128964388,20260612,20260612,1.0329059999999999
000001.SZ,1d,2021-05-31,19.589262948030537,19.75029264756223,19.25110057901398,19.484593643334936,515351.0,1244209045.99,20210531,24.2,1.2420069128964388,20260612,20260612,1.0329059999999999
000001.SZ,1d,2021-06-01,19.484593643334936,19.52485106821786,18.920989694974008,19.259152063990566,625018.0,1490476624.5600002,20210601,23.92,1.2420069128964388,20260612,20260612,1.0329059999999999
000001.SZ,1d,2021-06-02,19.234997609060812,19.259152063990562,18.82437187525499,19.234997609060812,497527.0,1176608126.9900002,20210602,23.89,1.2420069128964388,20260612,20260612,1.0329059999999999
000001.SZ,1d,2021-06-03,19.09812236445887,19.43628473347543,19.065916424552533,19.138379789341794,400901.0,958876472.45,20210603,23.77,1.2420069128964388,20260612,20260612,1.0329059999999999
000001.SZ,1d,2021-06-04,19.31551245882666,20.09650650155537,19.162534244271548,19.758344132538813,756739.0,1851425837.6100001,20210604,24.54,1.2420069128964388,20260612,20260612,1.0329059999999999
000001.SZ,1d,2021-06-07,19.710035222679306,19.710035222679306,19.26720354896715,19.565108493100784,447914.0,1081738832.95,20210607,24.3,1.2420069128964388,20260612,20260612,1.0329059999999999
000001.SZ,1d,2021-06-08,19.444336218452012,19.78249858746857,19.283306518920316,19.75029264756223,570078.0,1384120301.27,20210608,24.529999999999998,1.2420069128964388,20260612,20260612,1.0329059999999999
000001.SZ,1d,2021-06-09,19.66977779779638,20.032094621742694,19.468490673381766,19.846910467281244,453832.0,1116771375.46,20210609,24.65,1.2420069128964388,20260612,20260612,1.0329059999999999
000001.SZ,1d,2021-06-10,19.854961952257835,20.17702135132122,19.444336218452015,19.48459364333494,530215.0,1294972566.6500003,20210610,24.200000000000003,1.2420069128964388,20260612,20260612,1.0329059999999999
000001.SZ,1d,2021-06-11,19.57315997807737,19.605365917983708,18.61503326586379,18.816320390278406,834665.0,1965393115.4999998,20210611,23.37,1.2420069128964388,20260612,20260612,1.0329059999999999
000001.SZ,1d,2021-06-15,18.80021742032524,18.864629300137914,18.35738574661308,18.695548115629638,660623.0,1524503477.67,20210615,23.220000000000002,1.2420069128964388,20260612,20260612,1.0329059999999999
000001.SZ,1d,2021-06-16,18.695548115629638,18.840474845208163,18.52646693112136,18.727754055535975,378208.0,878470834.12,20210616,23.26,1.2420069128964388,20260612,20260612,1.0329059999999999
000001.SZ,1d,2021-06-17,18.534518416097942,19.073967909529117,18.534518416097942,18.59893029591062,453282.0,1059121804.3299999,20210617,23.099999999999998,1.2420069128964388,20260612,20260612,1.0329059999999999
000001.SZ,1d,2021-06-18,18.623084750840373,18.743857025489145,18.02727486257311,18.23661347196431,694099.0,1574437729.5800002,20210618,22.650000000000002,1.2420069128964388,20260612,20260612,1.0329059999999999
000001.SZ,1d,2021-06-21,18.196356047081387,18.25271644191748,17.72131843346289,17.84209070811166,718273.0,1600119859.9500003,20210621,22.16,1.2420069128964388,20260612,20260612,1.0329059999999999
000001.SZ,1d,2021-06-22,18.01922337759652,18.590878810934036,17.914554072900923,18.494260991215018,757751.0,1720058046.82,20210622,22.97,1.2420069128964388,20260612,20260612,1.0329059999999999
000001.SZ,1d,2021-06-23,18.397643171496,18.848526330184747,18.292973866800402,18.63113623581696,447908.0,1035835695.88,20210623,23.14,1.2420069128964388,20260612,20260612,1.0329059999999999
000001.SZ,1d,2021-06-24,18.54256990107453,18.61503326586379,18.260767926894065,18.58282732595745,390283.0,894502108.5799999,20210624,23.08,1.2420069128964388,20260612,20260612,1.0329059999999999
000001.SZ,1d,2021-06-25,18.58282732595745,19.001504544739852,18.56672435600428,18.808268905301823,559973.0,1310287389.9,20210625,23.36,1.2420069128964388,20260612,20260612,1.0329059999999999
000001.SZ,1d,2021-06-28,18.808268905301823,18.832423360231576,18.09973822736237,18.341282776659913,626257.0,1425702202.01,20210628,22.78,1.2420069128964388,20260612,20260612,1.0329059999999999
000001.SZ,1d,2021-06-29,18.180253077128214,18.349334261636493,17.713266948486304,17.987017437690184,1049749.0,2341926371.42,20210629,22.34,1.2420069128964388,20260612,20260612,1.0329059999999999
000001.SZ,1d,2021-06-30,18.003120407643355,18.46205505130868,17.99506892266677,18.212459017034558,403435.0,913285187.0999999,20210630,22.62,1.2420069128964388,20260612,20260612,1.0329059999999999
000001.SZ,1d,2021-07-01,18.365437231589663,18.920989694974008,18.13194416726871,18.679445145676468,664833.0,1530548798.57,20210701,23.2,1.2420069128964388,20260612,20260612,1.0329059999999999
000001.SZ,1d,2021-07-02,18.292973866800406,18.309076836753572,17.520031309048274,17.5602887339312,1070678.0,2360189793.98,20210702,21.810000000000002,1.2420069128964388,20260612,20260612,1.0329059999999999
000001.SZ,1d,2021-07-05,17.46367091421218,17.834039223135076,16.9805818156171,17.76157585834581,859341.0,1859394323.75,20210705,22.06,1.2420069128964388,20260612,20260612,1.0329059999999999
000001.SZ,1d,2021-07-06,17.777678828298985,18.518415446144772,17.592494673837535,18.341282776659913,791957.0,1784792785.5700002,20210706,22.78,1.2420069128964388,20260612,20260612,1.0329059999999999
000001.SZ,1d,2021-07-07,18.260767926894065,18.558672871027696,18.11584119731554,18.156098622198463,468945.0,1063910095.8299999,20210707,22.55,1.2420069128964388,20260612,20260612,1.0329059999999999
000001.SZ,1d,2021-07-08,18.341282776659913,18.341282776659913,17.06914815035953,17.318744184633655,1457059.0,3140657439.76,20210708,21.509999999999998,1.2420069128964388,20260612,20260612,1.0329059999999999
000001.SZ,1d,2021-07-09,17.14966300012538,17.41536200435267,16.924221420781006,17.125508545195622,762365.0,1625461607.71,20210709,21.27,1.2420069128964388,20260612,20260612,1.0329059999999999
000001.SZ,1d,2021-07-12,17.31069269965707,17.31069269965707,16.819552116085404,17.03694221045319,877901.0,1859059510.48,20210712,21.16,1.2420069128964388,20260612,20260612,1.0329059999999999
000001.SZ,1d,2021-07-13,17.028890725476607,17.181868940031716,16.53775014190494,17.00473627054685,657614.0,1382029130.1100001,20210713,21.119999999999997,1.2420069128964388,20260612,20260612,1.0329059999999999
000001.SZ,1d,2021-07-14,16.908118450827835,16.908118450827835,16.43308083720934,16.714882811389806,847951.0,1755810875.16,20210714,20.76,1.2420069128964388,20260612,20260612,1.0329059999999999
000001.SZ,1d,2021-07-15,16.682676871483466,17.487825369141934,16.6102135066942,17.407310519376086,956003.0,2040266258.5900002,20210715,21.619999999999997,1.2420069128964388,20260612,20260612,1.0329059999999999
000001.SZ,1d,2021-07-16,17.23822933486781,17.56834021890778,17.14966300012538,17.181868940031716,573003.0,1230180813.02,20210716,21.34,1.2420069128964388,20260612,20260612,1.0329059999999999
000001.SZ,1d,2021-07-19,17.197971909984886,17.254332304820977,16.730985781342973,17.077199635336115,522136.0,1098434741.86,20210719,21.21,1.2420069128964388,20260612,20260612,1.0329059999999999
000001.SZ,1d,2021-07-20,16.988633300593683,17.06914815035953,16.481389747068846,16.586059051764448,804034.0,1665315545.53,20210720,20.599999999999998,1.2420069128964388,20260612,20260612,1.0329059999999999
000001.SZ,1d,2021-07-21,16.569956081811277,16.747088751296143,16.263999652701063,16.46528677711568,753077.0,1535327561.83,20210721,20.45,1.2420069128964388,20260612,20260612,1.0329059999999999
000001.SZ,1d,2021-07-22,16.465286777115683,16.634367961623962,16.296205592607404,16.40892638227959,868648.0,1773999331.02,20210722,20.380000000000003,1.2420069128964388,20260612,20260612,1.0329059999999999
000001.SZ,1d,2021-07-23,16.408926382279585,16.408926382279585,16.102969953169367,16.183484802935215,727404.0,1461467511.7900002,20210723,20.1,1.2420069128964388,20260612,20260612,1.0329059999999999
000001.SZ,1d,2021-07-26,16.07076401326303,16.094918468192784,14.838886811845573,15.136791755979207,1451304.0,2770236696.2900004,20210726,18.8,1.2420069128964388,20260612,20260612,1.0329059999999999
000001.SZ,1d,2021-07-27,15.1931521508153,15.289769970534318,14.170613558789045,14.2994373184144,1357551.0,2461708369.8399997,20210727,17.76,1.2420069128964388,20260612,20260612,1.0329059999999999
000001.SZ,1d,2021-07-28,14.371900683203663,14.549033352688525,14.23502543860172,14.291385833437815,1062994.0,1898562591.76,20210728,17.75,1.2420069128964388,20260612,20260612,1.0329059999999999
000001.SZ,1d,2021-07-29,14.42020959306317,14.685908597290465,14.315540288367568,14.460467017946094,872378.0,1566107824.4,20210729,17.96,1.2420069128964388,20260612,20260612,1.0329059999999999
000001.SZ,1d,2021-07-30,14.428261078039755,14.532930382735355,13.880760099631997,14.243076923578307,950156.0,1679747318.2799997,20210730,17.69,1.2420069128964388,20260612,20260612,1.0329059999999999
000001.SZ,1d,2021-08-02,14.202819498695384,14.605393747524618,13.832451189772486,14.500724442829014,1159923.0,2056014242.9099998,20210802,18.009999999999998,1.2420069128964388,20260612,20260612,1.0329059999999999
000001.SZ,1d,2021-08-03,14.484621472875846,14.613445232501201,14.218922468648552,14.40410662311,896949.0,1609422575.43,20210803,17.89,1.2420069128964388,20260612,20260612,1.0329059999999999
000001.SZ,1d,2021-08-04,14.524878897758772,14.549033352688525,14.170613558789045,14.339694743297324,729620.0,1300164293.35,20210804,17.810000000000002,1.2420069128964388,20260612,20260612,1.0329059999999999
000001.SZ,1d,2021-08-05,14.251128408554893,14.532930382735355,14.154510588835876,14.235025438601724,621574.0,1104903004.6999998,20210805,17.680000000000003,1.2420069128964388,20260612,20260612,1.0329059999999999
000001.SZ,1d,2021-08-06,14.13035613390612,14.412158108086583,14.049841284140273,14.379952168180246,567454.0,1005870948.8,20210806,17.86,1.2420069128964388,20260612,20260612,1.0329059999999999
000001.SZ,1d,2021-08-09,14.42020959306317,15.499108579925517,14.363849198227076,15.346130365370406,1752798.0,3313803230.96,20210809,19.06,1.2420069128964388,20260612,20260612,1.0329059999999999
000001.SZ,1d,2021-08-10,15.370284820300165,16.0868669832162,15.217306605745055,15.885579858801584,1301988.0,2535427989.3100004,20210810,19.730000000000004,1.2420069128964388,20260612,20260612,1.0329059999999999
000001.SZ,1d,2021-08-11,16.094918468192784,16.569956081811277,15.861425403871827,15.949991738614258,1048308.0,2104975144.53,20210811,19.81,1.2420069128964388,20260612,20260612,1.0329059999999999
000001.SZ,1d,2021-08-12,15.93388876866109,16.34451450246691,15.805065009035735,16.014403618426936,666458.0,1330388046.16,20210812,19.89,1.2420069128964388,20260612,20260612,1.0329059999999999
000001.SZ,1d,2021-08-13,15.925837283684507,16.038558073356693,15.700395704340133,16.014403618426936,562885.0,1110191399.0,20210813,19.89,1.2420069128964388,20260612,20260612,1.0329059999999999
000001.SZ,1d,2021-08-16,16.175433317958632,16.263999652701063,15.756756099176227,16.062712528286443,627050.0,1247681171.0,20210816,19.95,1.2420069128964388,20260612,20260612,1.0329059999999999
000001.SZ,1d,2021-08-17,15.982197678520595,16.28010262265423,15.788962039082564,15.837270948942072,476022.0,947385521.39,20210817,19.669999999999998,1.2420069128964388,20260612,20260612,1.0329059999999999
000001.SZ,1d,2021-08-18,15.837270948942075,17.06914815035953,15.740653129223057,16.602162021717618,1332732.0,2732213549.09,20210818,20.62,1.2420069128964388,20260612,20260612,1.0329059999999999
000001.SZ,1d,2021-08-19,16.489441232045433,16.602162021717618,16.119072923122538,16.376720442373248,649976.0,1315320351.8400002,20210819,20.34,1.2420069128964388,20260612,20260612,1.0329059999999999
000001.SZ,1d,2021-08-20,16.078815498239614,16.15933034800546,15.056276906213359,15.635983824527456,1614628.0,3119152554.9300003,20210820,19.419999999999998,1.2420069128964388,20260612,20260612,1.0329059999999999
000001.SZ,1d,2021-08-23,15.700395704340133,16.14322737805229,15.38638779025333,15.539366004808441,1191849.0,2315871646.1299996,20210823,19.3,1.2420069128964388,20260612,20260612,1.0329059999999999
000001.SZ,1d,2021-08-24,15.579623429691365,16.078815498239617,15.466902640019178,15.587674914667948,868953.0,1690760837.07,20210824,19.36,1.2420069128964388,20260612,20260612,1.0329059999999999
000001.SZ,1d,2021-08-25,15.635983824527456,15.67624124941038,15.257564030627975,15.426645215136254,698084.0,1341330418.51,20210825,19.16,1.2420069128964388,20260612,20260612,1.0329059999999999
000001.SZ,1d,2021-08-26,15.458851155042593,15.507160064902102,14.822783841892404,14.863041266775328,951619.0,1783725035.2600002,20210826,18.46,1.2420069128964388,20260612,20260612,1.0329059999999999
000001.SZ,1d,2021-08-27,14.943556116541172,15.201203635791883,14.742268992126556,14.806680871939232,728820.0,1354408976.91,20210827,18.389999999999997,1.2420069128964388,20260612,20260612,1.0329059999999999
000001.SZ,1d,2021-08-30,14.66175414236071,14.726166022173386,14.13035613390612,14.267231378508063,1252211.0,2221855858.7,20210830,17.720000000000002,1.2420069128964388,20260612,20260612,1.0329059999999999
000001.SZ,1d,2021-08-31,14.26723137850806,14.436312563016338,13.937120494468088,14.331643258320735,1174868.0,2072006842.05,20210831,17.799999999999997,1.2420069128964388,20260612,20260612,1.0329059999999999
000001.SZ,1d,2021-09-01,14.073995739070028,14.428261078039755,13.69557594517055,14.396055138133418,2316894.0,4046284162.5199995,20210901,17.880000000000003,1.2420069128964388,20260612,20260612,1.0329059999999999
000001.SZ,1d,2021-09-02,14.492672957852431,15.120688786026038,14.331643258320739,14.81473235691582,2422604.0,4454545280.06,20210902,18.400000000000002,1.2420069128964388,20260612,20260612,1.0329059999999999
000001.SZ,1d,2021-09-03,14.895247206681665,14.895247206681665,14.25112840855489,14.52487889775877,1394819.0,2523273155.42,20210903,18.04,1.2420069128964388,20260612,20260612,1.0329059999999999
000001.SZ,1d,2021-09-06,14.436312563016338,14.975762056447513,14.315540288367568,14.854989781798745,1515226.0,2780281080.51,20210906,18.450000000000003,1.2420069128964388,20260612,20260612,1.0329059999999999
000001.SZ,1d,2021-09-07,14.975762056447513,15.748704614199644,14.774474932032897,15.491057094948934,1622344.0,3067365668.7200003,20210907,19.240000000000002,1.2420069128964388,20260612,20260612,1.0329059999999999
000001.SZ,1d,2021-09-08,15.491057094948934,15.740653129223057,15.378336305276747,15.483005609972349,1026201.0,1979771479.65,20210908,19.23,1.2420069128964388,20260612,20260612,1.0329059999999999
000001.SZ,1d,2021-09-09,15.38638779025333,15.418593730159671,15.136791755979207,15.2978214555109,739506.0,1399536020.5,20210909,19.0,1.2420069128964388,20260612,20260612,1.0329059999999999
000001.SZ,1d,2021-09-10,15.209255120768468,16.72293429636639,15.168997695885544,16.561904596834694,2314945.0,4668361827.72,20210910,20.57,1.2420069128964388,20260612,20260612,1.0329059999999999
000001.SZ,1d,2021-09-13,16.392823412326415,16.513595686975187,15.949991738614258,16.272051137677643,1297228.0,2606152378.88,20210913,20.209999999999997,1.2420069128964388,20260612,20260612,1.0329059999999999
000001.SZ,1d,2021-09-14,16.247896682747893,16.320360047537154,15.515211549878686,15.595726399644533,1158173.0,2272080156.85,20210914,19.37,1.2420069128964388,20260612,20260612,1.0329059999999999
000001.SZ,1d,2021-09-15,15.547417489785026,16.900066965851252,15.45079967006601,15.716498674293303,841618.0,1639298361.44,20210915,19.52,1.2420069128964388,20260612,20260612,1.0329059999999999
000001.SZ,1d,2021-09-16,15.539366004808441,15.700395704340133,15.080431361143114,15.362233335323578,1176954.0,2234474948.1600003,20210916,19.080000000000002,1.2420069128964388,20260612,20260612,1.0329059999999999
000001.SZ,1d,2021-09-17,15.217306605745051,15.2978214555109,14.822783841892404,14.91940166161142,1124880.0,2098715196.6000001,20210917,18.53,1.2420069128964388,20260612,20260612,1.0329059999999999
000001.SZ,1d,2021-09-22,14.388003653156831,14.532930382735355,14.025686829210521,14.476569987899262,1473365.0,2616707242.58,20210922,17.98,1.2420069128964388,20260612,20260612,1.0329059999999999
000001.SZ,1d,2021-09-23,14.573187807618279,14.750320477103145,14.210870983671969,14.235025438601724,1379838.0,2465683704.6800003,20210923,17.680000000000003,1.2420069128964388,20260612,20260612,1.0329059999999999
000001.SZ,1d,2021-09-24,14.170613558789045,14.23502543860172,13.961274949397842,13.969326434374429,1265696.0,2209461934.4100003,20210924,17.35,1.2420069128964388,20260612,20260612,1.0329059999999999
000001.SZ,1d,2021-09-27,13.856605644702238,14.23502543860172,13.73583337005347,14.146459103859291,1140668.0,1979196739.27,20210927,17.57,1.2420069128964388,20260612,20260612,1.0329059999999999
000001.SZ,1d,2021-09-28,14.065944254093441,14.62954820245437,14.049841284140273,14.468518502922677,1293167.0,2311265535.64,20210928,17.97,1.2420069128964388,20260612,20260612,1.0329059999999999
000001.SZ,1d,2021-09-29,14.379952168180246,14.846938296822158,14.259179893531476,14.613445232501203,1230122.0,2225416488.1400003,20210929,18.150000000000002,1.2420069128964388,20260612,20260612,1.0329059999999999
000001.SZ,1d,2021-09-30,14.565136322641694,14.653702657384125,14.259179893531476,14.436312563016338,795611.0,1424675916.8600001,20210930,17.93,1.2420069128964388,20260612,20260612,1.0329059999999999
000001.SZ,1d,2021-10-08,14.62954820245437,15.209255120768468,14.508775927805601,15.007967996353852,1159201.0,2146983881.5400002,20211008,18.64,1.2420069128964388,20260612,20260612,1.0329059999999999
000001.SZ,1d,2021-10-11,15.2978214555109,15.893631343778166,15.2978214555109,15.619880854574285,1455338.0,2829310843.75,20211011,19.4,1.2420069128964388,20260612,20260612,1.0329059999999999
000001.SZ,1d,2021-10-12,15.539366004808441,15.869476888848412,15.458851155042593,15.579623429691361,1031232.0,2004823967.61,20211012,19.349999999999998,1.2420069128964388,20260612,20260612,1.0329059999999999
000001.SZ,1d,2021-10-13,15.539366004808441,16.030506588380106,15.434696700112841,15.764807584152813,807897.0,1577612469.53,20211013,19.580000000000002,1.2420069128964388,20260612,20260612,1.0329059999999999
000001.SZ,1d,2021-10-14,15.772859069129396,16.038558073356693,15.209255120768468,15.466902640019178,842990.0,1623970431.3999999,20211014,19.21,1.2420069128964388,20260612,20260612,1.0329059999999999
000001.SZ,1d,2021-10-15,15.2978214555109,16.02245510340352,15.2978214555109,15.829219463965488,993494.0,1948647236.8100002,20211015,19.66,1.2420069128964388,20260612,20260612,1.0329059999999999
000001.SZ,1d,2021-10-18,15.660138279457213,15.740653129223057,15.378336305276747,15.531314519831858,729623.0,1408737777.28,20211018,19.290000000000003,1.2420069128964388,20260612,20260612,1.0329059999999999
000001.SZ,1d,2021-10-19,15.418593730159671,15.84532243391866,15.418593730159671,15.75675609917623,682415.0,1330501301.75,20211019,19.570000000000004,1.2420069128964388,20260612,20260612,1.0329059999999999
000001.SZ,1d,2021-10-20,15.901682828754751,15.925837283684507,15.45079967006601,15.491057094948934,662956.0,1283356219.4900002,20211020,19.240000000000002,1.2420069128964388,20260612,20260612,1.0329059999999999
000001.SZ,1d,2021-10-21,15.716498674293303,16.151278863028875,15.499108579925517,16.102969953169367,1621661.0,3198266215.28,20211021,20.0,1.2420069128964388,20260612,20260612,1.0329059999999999
000001.SZ,1d,2021-10-22,16.231793712794722,16.578007566787864,15.941940253637675,16.135175893075708,1134964.0,2287284921.47,20211022,20.04,1.2420069128964388,20260612,20260612,1.0329059999999999
000001.SZ,1d,2021-10-25,15.869476888848412,16.263999652701063,15.700395704340133,16.199587772888385,730828.0,1458800089.77,20211025,20.12,1.2420069128964388,20260612,20260612,1.0329059999999999
000001.SZ,1d,2021-10-26,16.151278863028875,16.46528677711568,15.990249163497182,16.14322737805229,652807.0,1313475882.79,20211026,20.05,1.2420069128964388,20260612,20260612,1.0329059999999999
000001.SZ,1d,2021-10-27,16.102969953169367,16.239845197771306,15.772859069129396,16.03855807335669,687600.0,1365982833.66,20211027,19.919999999999998,1.2420069128964388,20260612,20260612,1.0329059999999999
000001.SZ,1d,2021-10-28,15.941940253637675,16.05466104330986,15.595726399644533,15.877528373825,619011.0,1211946109.14,20211028,19.720000000000002,1.2420069128964388,20260612,20260612,1.0329059999999999
000001.SZ,1d,2021-10-29,15.805065009035735,15.893631343778168,15.55546897476161,15.700395704340133,539930.0,1052760273.1700001,20211029,19.5,1.2420069128964388,20260612,20260612,1.0329059999999999
000001.SZ,1d,2021-11-01,15.563520459738196,15.885579858801583,15.305872940487486,15.611829369597704,841490.0,1626762029.8,20211101,19.39,1.2420069128964388,20260612,20260612,1.0329059999999999
000001.SZ,1d,2021-11-02,15.595726399644533,15.692344219363552,14.484621472875848,14.637599687430958,1997691.0,3691356324.29,20211102,18.180000000000003,1.2420069128964388,20260612,20260612,1.0329059999999999
000001.SZ,1d,2021-11-03,14.573187807618279,14.685908597290465,14.371900683203663,14.516827412782186,1114972.0,2009325065.9299998,20211103,18.03,1.2420069128964388,20260612,20260612,1.0329059999999999
000001.SZ,1d,2021-11-04,14.55708483766511,14.573187807618279,14.331643258320739,14.388003653156831,983411.0,1760671898.39,20211104,17.87,1.2420069128964388,20260612,20260612,1.0329059999999999
000001.SZ,1d,2021-11-05,14.371900683203663,14.492672957852431,14.146459103859291,14.202819498695384,1096040.0,1942415605.07,20211105,17.64,1.2420069128964388,20260612,20260612,1.0329059999999999
000001.SZ,1d,2021-11-08,14.186716528742215,14.339694743297322,13.977377919351012,14.025686829210517,1376815.0,2406417771.9100003,20211108,17.419999999999998,1.2420069128964388,20260612,20260612,1.0329059999999999
000001.SZ,1d,2021-11-09,14.073995739070028,14.210870983671969,13.896863069585166,14.114253163952952,1240573.0,2163193119.31,20211109,17.53,1.2420069128964388,20260612,20260612,1.0329059999999999
000001.SZ,1d,2021-11-10,14.05789276911686,14.065944254093441,13.816348219819318,14.009583859257349,1220851.0,2109735147.17,20211110,17.4,1.2420069128964388,20260612,20260612,1.0329059999999999
000001.SZ,1d,2021-11-11,13.969326434374429,14.838886811845573,13.945171979444673,14.774474932032897,2084729.0,3752413858.84,20211111,18.35,1.2420069128964388,20260612,20260612,1.0329059999999999
000001.SZ,1d,2021-11-12,14.742268992126556,14.999916511377265,14.581239292594862,14.710063052220217,957546.0,1753072716.42,20211112,18.27,1.2420069128964388,20260612,20260612,1.0329059999999999
000001.SZ,1d,2021-11-15,14.774474932032893,14.999916511377265,14.653702657384125,14.838886811845573,655090.0,1203764095.71,20211115,18.43,1.2420069128964388,20260612,20260612,1.0329059999999999
000001.SZ,1d,2021-11-16,14.782526417009482,14.927453146588007,14.629548202454373,14.669805627337297,601110.0,1099113409.38,20211116,18.220000000000002,1.2420069128964388,20260612,20260612,1.0329059999999999
000001.SZ,1d,2021-11-17,14.613445232501203,14.734217507149973,14.476569987899262,14.581239292594862,664640.0,1203859180.01,20211117,18.11,1.2420069128964388,20260612,20260612,1.0329059999999999
000001.SZ,1d,2021-11-18,14.565136322641694,14.589290777571449,14.275282863484644,14.331643258320739,799844.0,1430058311.95,20211118,17.8,1.2420069128964388,20260612,20260612,1.0329059999999999
000001.SZ,1d,2021-11-19,14.331643258320739,14.685908597290462,14.25112840855489,14.613445232501201,786372.0,1414506380.3700001,20211119,18.15,1.2420069128964388,20260612,20260612,1.0329059999999999
000001.SZ,1d,2021-11-22,14.516827412782186,14.69396008226705,14.412158108086587,14.589290777571449,738618.0,1337768172.45,20211122,18.12,1.2420069128964388,20260612,20260612,1.0329059999999999
000001.SZ,1d,2021-11-23,14.581239292594862,14.774474932032897,14.23502543860172,14.396055138133415,1235978.0,2213817590.5600004,20211123,17.88,1.2420069128964388,20260612,20260612,1.0329059999999999
000001.SZ,1d,2021-11-24,14.307488803390983,14.452415532969507,14.218922468648552,14.388003653156831,741311.0,1316774397.9600003,20211124,17.87,1.2420069128964388,20260612,20260612,1.0329059999999999
000001.SZ,1d,2021-11-25,14.283334348461228,14.323591773344152,14.194768013718797,14.23502543860172,603533.0,1068221304.51,20211125,17.68,1.2420069128964388,20260612,20260612,1.0329059999999999
000001.SZ,1d,2021-11-26,14.186716528742215,14.226973953625135,14.106201678976365,14.154510588835873,694500.0,1219937312.76,20211126,17.58,1.2420069128964388,20260612,20260612,1.0329059999999999
000001.SZ,1d,2021-11-29,14.017635344233936,14.146459103859291,13.977377919351012,14.09815019399978,512595.0,895105981.97,20211129,17.509999999999998,1.2420069128964388,20260612,20260612,1.0329059999999999
000001.SZ,1d,2021-11-30,14.122304648929537,14.23502543860172,13.969326434374429,14.04178979916369,733616.0,1280384552.25,20211130,17.44,1.2420069128964388,20260612,20260612,1.0329059999999999
000001.SZ,1d,2021-12-01,14.033738314187104,14.307488803390983,13.985429404327597,14.202819498695384,706925.0,1243666842.2,20211201,17.64,1.2420069128964388,20260612,20260612,1.0329059999999999
000001.SZ,1d,2021-12-02,14.186716528742215,14.339694743297324,13.985429404327597,14.16256207381246,994798.0,1749164558.4199998,20211202,17.59,1.2420069128964388,20260612,20260612,1.0329059999999999
000001.SZ,1d,2021-12-03,14.202819498695384,14.25112840855489,14.017635344233936,14.210870983671967,707600.0,1242375057.32,20211203,17.65,1.2420069128964388,20260612,20260612,1.0329059999999999
000001.SZ,1d,2021-12-06,14.371900683203663,14.943556116541176,14.331643258320739,14.573187807618279,2145625.0,3896385171.79,20211206,18.1,1.2420069128964388,20260612,20260612,1.0329059999999999
000001.SZ,1d,2021-12-07,14.734217507149973,15.032122451283607,14.613445232501203,14.863041266775328,1616444.0,2979968976.77,20211207,18.46,1.2420069128964388,20260612,20260612,1.0329059999999999
000001.SZ,1d,2021-12-08,14.854989781798741,14.935504631564589,14.621496717477786,14.871092751751911,980281.0,1798691052.86,20211208,18.47,1.2420069128964388,20260612,20260612,1.0329059999999999
000001.SZ,1d,2021-12-09,14.887195721705082,15.34613036537041,14.790577901986065,15.056276906213359,1455887.0,2726663443.3,20211209,18.7,1.2420069128964388,20260612,20260612,1.0329059999999999
000001.SZ,1d,2021-12-10,14.903298691658248,15.056276906213359,14.710063052220217,14.798629386962649,989255.0,1824076523.0400002,20211210,18.38,1.2420069128964388,20260612,20260612,1.0329059999999999
000001.SZ,1d,2021-12-13,14.871092751751911,15.201203635791883,14.637599687430955,14.710063052220217,1314490.0,2427803721.72,20211213,18.27,1.2420069128964388,20260612,20260612,1.0329059999999999
000001.SZ,1d,2021-12-14,14.621496717477786,14.62954820245437,14.106201678976365,14.154510588835873,1937209.0,3434156327.9900002,20211214,17.58,1.2420069128964388,20260612,20260612,1.0329059999999999
000001.SZ,1d,2021-12-15,14.098150193999784,14.218922468648556,14.009583859257353,14.13035613390612,1294627.0,2269821045.32,20211215,17.55,1.2420069128964388,20260612,20260612,1.0329059999999999
000001.SZ,1d,2021-12-16,14.13035613390612,14.275282863484644,14.05789276911686,14.267231378508063,819480.0,1445483375.0399997,20211216,17.720000000000002,1.2420069128964388,20260612,20260612,1.0329059999999999
000001.SZ,1d,2021-12-17,14.25112840855489,14.291385833437815,14.146459103859291,14.146459103859291,602370.0,1062875482.9799999,20211217,17.57,1.2420069128964388,20260612,20260612,1.0329059999999999
000001.SZ,1d,2021-12-20,14.138407618882704,14.210870983671967,14.049841284140273,14.106201678976365,746435.0,1309029268.8100002,20211220,17.52,1.2420069128964388,20260612,20260612,1.0329059999999999
000001.SZ,1d,2021-12-21,14.082047224046613,14.259179893531476,14.073995739070028,14.16256207381246,893734.0,1572895581.5,20211221,17.59,1.2420069128964388,20260612,20260612,1.0329059999999999
000001.SZ,1d,2021-12-22,14.186716528742215,14.202819498695384,13.929069009491505,14.001532374280766,976928.0,1701772583.5200002,20211222,17.39,1.2420069128964388,20260612,20260612,1.0329059999999999
000001.SZ,1d,2021-12-23,14.009583859257353,14.033738314187104,13.856605644702242,13.945171979444673,1059576.0,1831122716.47,20211223,17.32,1.2420069128964388,20260612,20260612,1.0329059999999999
000001.SZ,1d,2021-12-24,13.953223464421258,13.969326434374429,13.856605644702242,13.93712049446809,488251.0,843109664.7700001,20211224,17.310000000000002,1.2420069128964388,20260612,20260612,1.0329059999999999
000001.SZ,1d,2021-12-27,13.953223464421258,13.969326434374429,13.816348219819318,13.864657129678825,731119.0,1260455319.19,20211227,17.22,1.2420069128964388,20260612,20260612,1.0329059999999999
000001.SZ,1d,2021-12-28,13.864657129678825,13.953223464421256,13.759987824983225,13.824399704795901,1126639.0,1934461075.51,20211228,17.169999999999998,1.2420069128964388,20260612,20260612,1.0329059999999999
000001.SZ,1d,2021-12-29,13.816348219819318,13.816348219819318,13.445979910896423,13.486237335779347,1469374.0,2480534592.86,20211229,16.75,1.2420069128964388,20260612,20260612,1.0329059999999999
000001.SZ,1d,2021-12-30,13.494288820755928,13.647267035311039,13.462082880849591,13.542597730615439,796664.0,1342374249.46,20211230,16.82,1.2420069128964388,20260612,20260612,1.0329059999999999
000001.SZ,1d,2021-12-31,13.574803670521776,13.607009610428115,13.20443536159888,13.268847241411557,1750761.0,2899617148.55,20211231,16.479999999999997,1.2420069128964388,20260612,20260612,1.0329059999999999
000001.SZ,1d,2022-01-04,13.26884724141156,13.413773970990084,13.027302692114018,13.413773970990084,1169259.0,1918887050.94,20220104,16.66,1.2420069128964388,20260612,20260612,1.0329059999999999
000001.SZ,1d,2022-01-05,13.349362091177408,13.864657129678829,13.325207636247653,13.808296734842735,1961998.0,3344124589.35,20220105,17.150000000000002,1.2420069128964388,20260612,20260612,1.0329059999999999
000001.SZ,1d,2022-01-06,13.776090794936394,13.90491455456175,13.687524460193963,13.78414227991298,1107885.0,1896535837.6,20220106,17.12,1.2420069128964388,20260612,20260612,1.0329059999999999
000001.SZ,1d,2022-01-07,13.768039309959809,13.912966039538333,13.73583337005347,13.848554159725657,1126631.0,1937710958.28,20220107,17.2,1.2420069128964388,20260612,20260612,1.0329059999999999
000001.SZ,1d,2022-01-10,13.921017524514921,14.025686829210521,13.711678915123718,13.840502674749073,909774.0,1563414572.47,20220110,17.19,1.2420069128964388,20260612,20260612,1.0329059999999999
000001.SZ,1d,2022-01-11,13.896863069585166,14.122304648929536,13.80024524986615,14.017635344233936,1581999.0,2752485391.2799997,20220111,17.41,1.2420069128964388,20260612,20260612,1.0329059999999999
000001.SZ,1d,2022-01-12,14.017635344233936,14.049841284140273,13.607009610428115,13.687524460193963,1502164.0,2561266412.25,20220112,17.0,1.2420069128964388,20260612,20260612,1.0329059999999999
000001.SZ,1d,2022-01-13,13.615061095404702,13.880760099631997,13.542597730615439,13.671421490240794,909423.0,1550319158.87,20220113,16.98,1.2420069128964388,20260612,20260612,1.0329059999999999
000001.SZ,1d,2022-01-14,13.687524460193963,13.703627430147131,13.123920511833036,13.14807496676279,2103095.0,3459950804.53,20220114,16.330000000000002,1.2420069128964388,20260612,20260612,1.0329059999999999
000001.SZ,1d,2022-01-17,13.16417793671596,13.26884724141156,12.978993782254511,13.059508632020359,1143689.0,1855633789.59,20220117,16.220000000000002,1.2420069128964388,20260612,20260612,1.0329059999999999
000001.SZ,1d,2022-01-18,13.083663086950112,13.317156151271067,13.01119972216085,13.301053181317897,1152974.0,1891094610.09,20220118,16.52,1.2420069128964388,20260612,20260612,1.0329059999999999
000001.SZ,1d,2022-01-19,13.317156151271067,13.437928425919836,13.172229421692542,13.284950211364729,988392.0,1630973587.2,20220119,16.5,1.2420069128964388,20260612,20260612,1.0329059999999999
000001.SZ,1d,2022-01-20,13.260795756434977,14.05789276911686,13.220538331552053,13.953223464421258,3031194.0,5195805549.58,20220120,17.330000000000002,1.2420069128964388,20260612,20260612,1.0329059999999999
000001.SZ,1d,2022-01-21,14.049841284140273,14.138407618882708,13.856605644702242,13.969326434374429,1481683.0,2575115124.6899996,20220121,17.35,1.2420069128964388,20260612,20260612,1.0329059999999999
000001.SZ,1d,2022-01-24,13.961274949397842,13.99348088930418,13.671421490240794,13.848554159725657,874771.0,1501390339.0100002,20220124,17.2,1.2420069128964388,20260612,20260612,1.0329059999999999
000001.SZ,1d,2022-01-25,13.751936340006639,13.751936340006639,13.534546245638852,13.566752185545191,1093284.0,1851999025.4199998,20220125,16.849999999999998,1.2420069128964388,20260612,20260612,1.0329059999999999
000001.SZ,1d,2022-01-26,13.647267035311039,13.768039309959809,13.317156151271067,13.405722486013499,984975.0,1646384984.37,20220126,16.65,1.2420069128964388,20260612,20260612,1.0329059999999999
000001.SZ,1d,2022-01-27,13.284950211364729,13.317156151271067,13.083663086950112,13.123920511833036,1024643.0,1677261296.33,20220127,16.3,1.2420069128964388,20260612,20260612,1.0329059999999999
000001.SZ,1d,2022-01-28,13.196383876622297,13.244692786481805,12.73744923295697,12.745500717933554,1675564.0,2695470330.62,20220128,15.83,1.2420069128964388,20260612,20260612,1.0329059999999999
000001.SZ,1d,2022-02-07,12.898478932488663,13.212486846575466,12.793809627793063,13.196383876622297,1515476.0,2451798485.84,20220207,16.39,1.2420069128964388,20260612,20260612,1.0329059999999999
000001.SZ,1d,2022-02-08,13.123920511833036,13.66337000526421,13.091714571926698,13.550649215592024,1754695.0,2950309012.49,20220208,16.830000000000002,1.2420069128964388,20260612,20260612,1.0329059999999999
000001.SZ,1d,2022-02-09,13.623112580381287,13.687524460193963,13.454031395873008,13.574803670521776,1051162.0,1774253636.5000002,20220209,16.86,1.2420069128964388,20260612,20260612,1.0329059999999999
000001.SZ,1d,2022-02-10,13.502340305732517,13.711678915123718,13.421825455966669,13.67947297521738,784557.0,1326848947.79,20220210,16.990000000000002,1.2420069128964388,20260612,20260612,1.0329059999999999
000001.SZ,1d,2022-02-11,13.711678915123718,13.961274949397842,13.711678915123718,13.76803930995981,1078139.0,1852167493.23,20220211,17.1,1.2420069128964388,20260612,20260612,1.0329059999999999
000001.SZ,1d,2022-02-14,13.76803930995981,13.808296734842735,13.293001696341316,13.349362091177408,1150659.0,1917613419.43,20220214,16.580000000000002,1.2420069128964388,20260612,20260612,1.0329059999999999
000001.SZ,1d,2022-02-15,13.284950211364729,13.421825455966669,12.962890812301342,13.107817541879866,1208264.0,1968985378.1799998,20220215,16.28,1.2420069128964388,20260612,20260612,1.0329059999999999
000001.SZ,1d,2022-02-16,13.16417793671596,13.309104666294484,13.051457147043774,13.212486846575466,782400.0,1282234150.21,20220216,16.41,1.2420069128964388,20260612,20260612,1.0329059999999999
000001.SZ,1d,2022-02-17,13.196383876622297,13.325207636247653,13.140023481786205,13.220538331552053,794502.0,1306514349.5900002,20220217,16.42,1.2420069128964388,20260612,20260612,1.0329059999999999
000001.SZ,1d,2022-02-18,13.140023481786205,13.502340305732515,13.131971996809618,13.502340305732515,802499.0,1330233365.6799998,20220218,16.77,1.2420069128964388,20260612,20260612,1.0329059999999999
000001.SZ,1d,2022-02-21,13.413773970990084,13.421825455966669,13.140023481786205,13.293001696341316,800995.0,1316023718.12,20220221,16.51,1.2420069128964388,20260612,20260612,1.0329059999999999
000001.SZ,1d,2022-02-22,13.131971996809618,13.236641301505221,13.01119972216085,13.067560116996942,894957.0,1454156224.87,20220222,16.23,1.2420069128964388,20260612,20260612,1.0329059999999999
000001.SZ,1d,2022-02-23,13.123920511833036,13.131971996809618,12.914581902441833,13.035354177090602,886742.0,1431289852.14,20220223,16.189999999999998,1.2420069128964388,20260612,20260612,1.0329059999999999
000001.SZ,1d,2022-02-24,12.987045267231094,13.003148237184266,12.7213462630038,12.809912597746232,1324087.0,2112842553.1000001,20220224,15.91,1.2420069128964388,20260612,20260612,1.0329059999999999
000001.SZ,1d,2022-02-25,12.87432447755891,12.946787842348174,12.777706657839895,12.801861112769648,726397.0,1157890268.48,20220225,15.9,1.2420069128964388,20260612,20260612,1.0329059999999999
000001.SZ,1d,2022-02-28,12.801861112769648,12.817964082722819,12.576419533425277,12.681088838120878,723990.0,1137154094.55,20220228,15.750000000000002,1.2420069128964388,20260612,20260612,1.0329059999999999
000001.SZ,1d,2022-03-01,12.713294778027217,12.842118537652572,12.576419533425277,12.817964082722819,935040.0,1474693965.21,20220301,15.920000000000002,1.2420069128964388,20260612,20260612,1.0329059999999999
000001.SZ,1d,2022-03-02,12.713294778027217,12.777706657839895,12.608625473331616,12.624728443284784,760761.0,1196321948.91,20220302,15.68,1.2420069128964388,20260612,20260612,1.0329059999999999
000001.SZ,1d,2022-03-03,12.664985868167708,12.729397747980386,12.584471018401862,12.64888289821454,578285.0,908171588.15,20220303,15.71,1.2420069128964388,20260612,20260612,1.0329059999999999
000001.SZ,1d,2022-03-04,12.576419533425277,12.584471018401862,12.302669044221398,12.342926469104322,990936.0,1523793664.71,20220304,15.330000000000002,1.2420069128964388,20260612,20260612,1.0329059999999999
000001.SZ,1d,2022-03-07,12.214102709478965,12.214102709478965,11.803476975673147,11.851785885532655,1113159.0,1655959941.77,20220307,14.72,1.2420069128964388,20260612,20260612,1.0329059999999999
000001.SZ,1d,2022-03-08,11.771271035766807,11.96450667520484,11.473366091633174,11.521675001492683,1003033.0,1463145930.4,20220308,14.31,1.2420069128964388,20260612,20260612,1.0329059999999999
000001.SZ,1d,2022-03-09,11.594138366281946,11.63439579116487,10.644063139044952,11.143255207593203,1800760.0,2492042993.23,20220309,13.84,1.2420069128964388,20260612,20260612,1.0329059999999999
000001.SZ,1d,2022-03-10,11.417005696797082,11.875940340462408,11.34454233200782,11.731013610883885,2249158.0,3269867788.2200003,20220310,14.57,1.2420069128964388,20260612,20260612,1.0329059999999999
000001.SZ,1d,2022-03-11,11.594138366281946,12.061124494923858,11.392851241867328,11.99671261511118,1493647.0,2187480610.66,20220311,14.9,1.2420069128964388,20260612,20260612,1.0329059999999999
000001.SZ,1d,2022-03-14,11.779322520743394,12.020867070040934,11.63439579116487,11.666601731071207,1118407.0,1637278471.46,20220314,14.49,1.2420069128964388,20260612,20260612,1.0329059999999999
000001.SZ,1d,2022-03-15,11.594138366281946,11.594138366281946,10.95001956815517,11.014431447967848,1781409.0,2479769555.05,20220315,13.68,1.2420069128964388,20260612,20260612,1.0329059999999999
000001.SZ,1d,2022-03-16,11.159358177546371,11.594138366281946,10.877556203365907,11.521675001492683,1531779.0,2141637065.8400002,20220316,14.31,1.2420069128964388,20260612,20260612,1.0329059999999999
000001.SZ,1d,2022-03-17,11.803476975673147,11.843734400556071,11.465314606656591,11.63439579116487,1730061.0,2506504217.46,20220317,14.450000000000001,1.2420069128964388,20260612,20260612,1.0329059999999999
000001.SZ,1d,2022-03-18,11.561932426375607,11.956455190228256,11.384799756890743,11.835682915579486,1528807.0,2222158762.02,20220318,14.700000000000001,1.2420069128964388,20260612,20260612,1.0329059999999999
000001.SZ,1d,2022-03-21,11.674653216047792,11.932300735298503,11.586086881305361,11.747116580837053,1208868.0,1765673892.12,20220321,14.59,1.2420069128964388,20260612,20260612,1.0329059999999999
000001.SZ,1d,2022-03-22,11.747116580837053,12.254360134361889,11.674653216047792,12.22215419445555,1628657.0,2443174055.8500004,20220322,15.18,1.2420069128964388,20260612,20260612,1.0329059999999999
000001.SZ,1d,2022-03-23,12.16579379961946,12.230205679432135,11.99671261511118,12.077227464877026,1050102.0,1577561341.66,20220323,15.0,1.2420069128964388,20260612,20260612,1.0329059999999999
000001.SZ,1d,2022-03-24,12.012815585064349,12.326823499151152,11.924249250321918,12.23825716440872,1002360.0,1518870080.3100002,20220324,15.200000000000001,1.2420069128964388,20260612,20260612,1.0329059999999999
000001.SZ,1d,2022-03-25,12.197999739525796,12.278514589291643,11.932300735298503,12.061124494923858,742933.0,1116354595.1599998,20220325,14.98,1.2420069128964388,20260612,20260612,1.0329059999999999
000001.SZ,1d,2022-03-28,11.916197765345332,12.11748488975995,11.779322520743394,11.956455190228256,727137.0,1078327302.93,20220328,14.850000000000001,1.2420069128964388,20260612,20260612,1.0329059999999999
000001.SZ,1d,2022-03-29,11.98060964515801,12.036970039994102,11.755168065813638,11.819579945626316,615643.0,909169631.2400001,20220329,14.68,1.2420069128964388,20260612,20260612,1.0329059999999999
000001.SZ,1d,2022-03-30,11.96450667520484,12.294617559244813,11.883991825438994,12.246308649385304,1236792.0,1859617040.6399999,20220330,15.209999999999999,1.2420069128964388,20260612,20260612,1.0329059999999999
000001.SZ,1d,2022-03-31,12.157742314642872,12.536162108542353,12.125536374736535,12.383183893987244,1163747.0,1789209946.79,20220331,15.38,1.2420069128964388,20260612,20260612,1.0329059999999999
000001.SZ,1d,2022-04-01,12.37513240901066,12.713294778027217,12.23825716440872,12.681088838120878,1484879.0,2319616863.0200005,20220401,15.750000000000002,1.2420069128964388,20260612,20260612,1.0329059999999999
000001.SZ,1d,2022-04-06,12.592522503378447,13.317156151271067,12.584471018401862,13.196383876622297,2488540.0,4064051491.84,20220406,16.39,1.2420069128964388,20260612,20260612,1.0329059999999999
000001.SZ,1d,2022-04-07,13.188332391645712,13.413773970990084,13.043405662067189,13.107817541879864,1659065.0,2724002904.78,20220407,16.279999999999998,1.2420069128964388,20260612,20260612,1.0329059999999999
000001.SZ,1d,2022-04-08,13.091714571926694,13.244692786481805,12.987045267231094,13.20443536159888,1066779.0,1741072072.4800003,20220408,16.4,1.2420069128964388,20260612,20260612,1.0329059999999999
000001.SZ,1d,2022-04-11,13.16417793671596,13.204435361598884,12.7213462630038,12.922633387418418,1416735.0,2277469055.78,20220411,16.05,1.2420069128964388,20260612,20260612,1.0329059999999999
000001.SZ,1d,2022-04-12,12.922633387418418,13.091714571926698,12.608625473331616,12.817964082722817,1039261.0,1654820082.5300002,20220412,15.92,1.2420069128964388,20260612,20260612,1.0329059999999999
000001.SZ,1d,2022-04-13,12.793809627793063,12.946787842348174,12.656934383191125,12.7213462630038,890628.0,1415496125.98,20220413,15.8,1.2420069128964388,20260612,20260612,1.0329059999999999
000001.SZ,1d,2022-04-14,12.882375962535495,13.083663086950112,12.817964082722817,12.914581902441833,929615.0,1493343952.1499999,20220414,16.04,1.2420069128964388,20260612,20260612,1.0329059999999999
000001.SZ,1d,2022-04-15,12.801861112769648,13.309104666294484,12.76965517286331,13.220538331552053,1231761.0,2014010094.33,20220415,16.42,1.2420069128964388,20260612,20260612,1.0329059999999999
000001.SZ,1d,2022-04-18,13.003148237184266,13.043405662067189,12.729397747980386,12.801861112769648,1086888.0,1734236523.8500001,20220418,15.9,1.2420069128964388,20260612,20260612,1.0329059999999999
000001.SZ,1d,2022-04-19,12.801861112769648,12.858221507605741,12.576419533425277,12.729397747980386,821772.0,1294226951.21,20220419,15.81,1.2420069128964388,20260612,20260612,1.0329059999999999
000001.SZ,1d,2022-04-20,12.729397747980386,12.922633387418418,12.640831413237954,12.761603687886726,716555.0,1137697846.98,20220420,15.850000000000001,1.2420069128964388,20260612,20260612,1.0329059999999999
000001.SZ,1d,2022-04-21,12.697191808074049,12.866272992582326,12.640831413237954,12.729397747980386,709891.0,1124663651.04,20220421,15.81,1.2420069128964388,20260612,20260612,1.0329059999999999
000001.SZ,1d,2022-04-22,12.592522503378447,13.035354177090605,12.399286863940414,12.930684872395002,921274.0,1468452957.95,20220422,16.06,1.2420069128964388,20260612,20260612,1.0329059999999999
000001.SZ,1d,2022-04-25,12.6166769583082,12.809912597746234,11.900094795392164,11.956455190228256,1664481.0,2527610217.4300003,20220425,14.850000000000001,1.2420069128964388,20260612,20260612,1.0329059999999999
000001.SZ,1d,2022-04-26,11.98060964515801,12.061124494923858,11.63439579116487,11.85983737050924,988210.0,1456929632.19,20220426,14.73,1.2420069128964388,20260612,20260612,1.0329059999999999
000001.SZ,1d,2022-04-27,12.061124494923858,12.60057398835503,12.045021524970688,12.60057398835503,1490295.0,2296798759.0,20220427,15.65,1.2420069128964388,20260612,20260612,1.0329059999999999
000001.SZ,1d,2022-04-28,12.536162108542353,12.826015567699402,12.37513240901066,12.60057398835503,911772.0,1426381925.81,20220428,15.65,1.2420069128964388,20260612,20260612,1.0329059999999999
000001.SZ,1d,2022-04-29,12.632779928261371,12.673037353144293,12.053073009947273,12.334874984127737,1645013.0,2503476827.84,20220429,15.32,1.2420069128964388,20260612,20260612,1.0329059999999999
000001.SZ,1d,2022-05-05,12.23825716440872,12.439544288823338,12.197999739525796,12.334874984127737,790196.0,1208735141.83,20220505,15.32,1.2420069128964388,20260612,20260612,1.0329059999999999
000001.SZ,1d,2022-05-06,12.093330434830195,12.238257164408719,12.004764100087764,12.045021524970688,832432.0,1250995594.77,20220506,14.96,1.2420069128964388,20260612,20260612,1.0329059999999999
000001.SZ,1d,2022-05-09,12.028918555017519,12.028918555017519,11.642447276141453,11.714910640930716,818621.0,1197104247.0600002,20220509,14.55,1.2420069128964388,20260612,20260612,1.0329059999999999
000001.SZ,1d,2022-05-10,11.674653216047792,11.755168065813638,11.36064530196099,11.747116580837053,992285.0,1425836927.23,20220510,14.59,1.2420069128964388,20260612,20260612,1.0329059999999999
000001.SZ,1d,2022-05-11,11.70685915595413,11.948403705251671,11.626344306188283,11.779322520743392,848574.0,1240700426.07,20220511,14.629999999999999,1.2420069128964388,20260612,20260612,1.0329059999999999
000001.SZ,1d,2022-05-12,11.658550246094624,11.7229621259073,11.537777971445852,11.578035396328776,685064.0,987061607.22,20220512,14.38,1.2420069128964388,20260612,20260612,1.0329059999999999
000001.SZ,1d,2022-05-13,11.674653216047792,11.803476975673147,11.666601731071207,11.763219550790224,676312.0,985962932.0899999,20220513,14.61,1.2420069128964388,20260612,20260612,1.0329059999999999
000001.SZ,1d,2022-05-16,11.803476975673147,11.85983737050924,11.553880941399022,11.60218985125853,668228.0,965652298.06,20220516,14.41,1.2420069128964388,20260612,20260612,1.0329059999999999
000001.SZ,1d,2022-05-17,11.682704701024376,11.851785885532655,11.529726486469269,11.843734400556071,931406.0,1357428406.7499998,20220517,14.71,1.2420069128964388,20260612,20260612,1.0329059999999999
000001.SZ,1d,2022-05-18,11.956455190228256,11.988661130134595,11.81152846064973,11.875940340462408,778578.0,1150500437.95,20220518,14.75,1.2420069128964388,20260612,20260612,1.0329059999999999
000001.SZ,1d,2022-05-19,11.714910640930716,11.835682915579484,11.674653216047792,11.771271035766807,590922.0,863214130.52,20220519,14.62,1.2420069128964388,20260612,20260612,1.0329059999999999
000001.SZ,1d,2022-05-20,11.835682915579484,12.109433404783363,11.81152846064973,12.093330434830195,948598.0,1415164711.31,20220520,15.02,1.2420069128964388,20260612,20260612,1.0329059999999999
000001.SZ,1d,2022-05-23,12.133587859713119,12.133587859713119,11.883991825438994,11.940352220275086,647726.0,962683728.68,20220523,14.83,1.2420069128964388,20260612,20260612,1.0329059999999999
000001.SZ,1d,2022-05-24,11.972558160181427,11.972558160181427,11.594138366281946,11.594138366281946,933557.0,1358693535.33,20220524,14.4,1.2420069128964388,20260612,20260612,1.0329059999999999
000001.SZ,1d,2022-05-25,11.6182928212117,11.666601731071207,11.513623516516098,11.586086881305361,603228.0,866228924.0199999,20220525,14.39,1.2420069128964388,20260612,20260612,1.0329059999999999
000001.SZ,1d,2022-05-26,11.60218985125853,11.618292821211698,11.32843936205465,11.425057181773667,1011318.0,1435689342.0400002,20220526,14.19,1.2420069128964388,20260612,20260612,1.0329059999999999
000001.SZ,1d,2022-05-27,11.505572031539513,11.553880941399022,11.36064530196099,11.417005696797082,723067.0,1029702185.9300001,20220527,14.18,1.2420069128964388,20260612,20260612,1.0329059999999999
000001.SZ,1d,2022-05-30,11.481417576609761,11.49752054656293,11.304284907124897,11.336490847031236,896901.0,1265573047.59,20220530,14.08,1.2420069128964388,20260612,20260612,1.0329059999999999
000001.SZ,1d,2022-05-31,11.32843936205465,11.417005696797082,11.272078967218558,11.400902726843913,938869.0,1325012047.99,20220531,14.16,1.2420069128964388,20260612,20260612,1.0329059999999999
000001.SZ,1d,2022-06-01,11.384799756890743,11.384799756890743,11.272078967218558,11.336490847031236,845299.0,1187423732.04,20220601,14.08,1.2420069128964388,20260612,20260612,1.0329059999999999
000001.SZ,1d,2022-06-02,11.288181937171728,11.296233422148312,11.175461147499542,11.231821542335636,979268.0,1363740797.79,20220602,13.950000000000001,1.2420069128964388,20260612,20260612,1.0329059999999999
000001.SZ,1d,2022-06-06,11.199615602429295,11.408954211820497,10.982225508061509,11.408954211820497,1710852.0,2370807610.48,20220606,14.17,1.2420069128964388,20260612,20260612,1.0329059999999999
000001.SZ,1d,2022-06-07,11.288181937171727,11.473366091633174,11.264027482241973,11.400902726843913,1315113.0,1860366715.71,20220607,14.16,1.2420069128964388,20260612,20260612,1.0329059999999999
000001.SZ,1d,2022-06-08,11.400902726843913,11.408954211820497,11.280130452195142,11.400902726843913,1145521.0,1613524957.8200002,20220608,14.16,1.2420069128964388,20260612,20260612,1.0329059999999999
000001.SZ,1d,2022-06-09,11.384799756890743,11.642447276141452,11.352593816984404,11.553880941399022,1632901.0,2339986707.88,20220609,14.35,1.2420069128964388,20260612,20260612,1.0329059999999999
000001.SZ,1d,2022-06-10,11.481417576609761,11.537777971445852,11.37674827191416,11.529726486469269,1346012.0,1914639698.1100001,20220610,14.32,1.2420069128964388,20260612,20260612,1.0329059999999999
000001.SZ,1d,2022-06-13,11.417005696797084,11.425057181773667,11.175461147499542,11.199615602429295,1547753.0,2163340108.91,20220613,13.91,1.2420069128964388,20260612,20260612,1.0329059999999999
000001.SZ,1d,2022-06-14,11.038585902897603,11.37674827191416,11.038585902897603,11.368696786937575,1151429.0,1602169897.9900002,20220614,14.120000000000001,1.2420069128964388,20260612,20260612,1.0329059999999999
000001.SZ,1d,2022-06-15,11.352593816984404,12.16579379961946,11.320387877078065,11.867888855485825,3413544.0,5010292726.77,20220615,14.74,1.2420069128964388,20260612,20260612,1.0329059999999999
000001.SZ,1d,2022-06-16,11.867888855485825,11.940352220275086,11.610241336235115,11.626344306188283,1332546.0,1939976254.7700002,20220616,14.44,1.2420069128964388,20260612,20260612,1.0329059999999999
000001.SZ,1d,2022-06-17,11.529726486469269,11.698807670977548,11.433108666750252,11.63439579116487,1053788.0,1513925913.67,20220617,14.450000000000001,1.2420069128964388,20260612,20260612,1.0329059999999999
000001.SZ,1d,2022-06-20,11.626344306188283,11.626344306188283,11.48141757660976,11.545829456422437,1032167.0,1479529786.97,20220620,14.34,1.2420069128964388,20260612,20260612,1.0329059999999999
000001.SZ,1d,2022-06-21,11.545829456422437,11.779322520743394,11.457263121680006,11.569983911352193,1321794.0,1905346056.7,20220621,14.370000000000001,1.2420069128964388,20260612,20260612,1.0329059999999999
000001.SZ,1d,2022-06-22,11.561932426375606,11.561932426375606,11.336490847031236,11.336490847031236,1056046.0,1498415783.73,20220622,14.08,1.2420069128964388,20260612,20260612,1.0329059999999999
000001.SZ,1d,2022-06-23,11.34454233200782,11.457263121680006,11.320387877078065,11.433108666750252,806028.0,1140899091.6399999,20220623,14.200000000000001,1.2420069128964388,20260612,20260612,1.0329059999999999
000001.SZ,1d,2022-06-24,11.43310866675025,11.473366091633174,11.36064530196099,11.457263121680004,866041.0,1227798687.09,20220624,14.229999999999999,1.2420069128964388,20260612,20260612,1.0329059999999999
000001.SZ,1d,2022-06-27,11.465314606656591,11.7229621259073,11.44921163670342,11.666601731071207,1497278.0,2166380438.04,20220627,14.49,1.2420069128964388,20260612,20260612,1.0329059999999999
000001.SZ,1d,2022-06-28,11.650498761118039,11.81152846064973,11.60218985125853,11.779322520743394,1125110.0,1638673242.41,20220628,14.63,1.2420069128964388,20260612,20260612,1.0329059999999999
000001.SZ,1d,2022-06-29,11.795425490696562,11.99671261511118,11.714910640930716,11.787374005719977,1266547.0,1865064678.4800003,20220629,14.64,1.2420069128964388,20260612,20260612,1.0329059999999999
000001.SZ,1d,2022-06-30,11.779322520743394,12.093330434830197,11.714910640930716,12.061124494923858,1548745.0,2304888691.73,20220630,14.98,1.2420069128964388,20260612,20260612,1.0329059999999999
000001.SZ,1d,2022-07-01,12.077227464877026,12.133587859713119,11.948403705251671,12.012815585064349,779243.0,1164030775.95,20220701,14.92,1.2420069128964388,20260612,20260612,1.0329059999999999
000001.SZ,1d,2022-07-04,12.036970039994102,12.061124494923858,11.875940340462408,12.028918555017517,834968.0,1241453402.1100001,20220704,14.94,1.2420069128964388,20260612,20260612,1.0329059999999999
000001.SZ,1d,2022-07-05,12.069175979900441,12.294617559244813,11.932300735298503,12.004764100087764,1115172.0,1674719025.12,20220705,14.91,1.2420069128964388,20260612,20260612,1.0329059999999999
000001.SZ,1d,2022-07-06,11.940352220275086,12.020867070040934,11.642447276141453,11.698807670977548,1043335.0,1520022514.77,20220706,14.530000000000001,1.2420069128964388,20260612,20260612,1.0329059999999999
000001.SZ,1d,2022-07-07,11.706859155954131,11.795425490696562,11.578035396328776,11.610241336235115,730161.0,1057696546.69,20220707,14.42,1.2420069128964388,20260612,20260612,1.0329059999999999
000001.SZ,1d,2022-07-08,11.674653216047794,11.795425490696562,11.569983911352193,11.706859155954131,639698.0,928850348.74,20220708,14.540000000000001,1.2420069128964388,20260612,20260612,1.0329059999999999
000001.SZ,1d,2022-07-11,11.674653216047792,11.731013610883885,11.561932426375606,11.642447276141452,611692.0,883613754.0500001,20220711,14.459999999999999,1.2420069128964388,20260612,20260612,1.0329059999999999
000001.SZ,1d,2022-07-12,11.60218985125853,11.85983737050924,11.578035396328776,11.610241336235115,742882.0,1078431989.61,20220712,14.42,1.2420069128964388,20260612,20260612,1.0329059999999999
000001.SZ,1d,2022-07-13,11.610241336235115,11.650498761118039,11.183512632476127,11.247924512288805,2175996.0,3056913117.8399997,20220713,13.97,1.2420069128964388,20260612,20260612,1.0329059999999999
000001.SZ,1d,2022-07-14,11.030534417921018,11.038585902897603,10.700423533881047,10.764835413693724,2632121.0,3534578702.13,20220714,13.370000000000001,1.2420069128964388,20260612,20260612,1.0329059999999999
000001.SZ,1d,2022-07-15,10.853401748436154,10.917813628248831,10.644063139044952,10.660166108998123,1598637.0,2139915274.0300002,20220715,13.24,1.2420069128964388,20260612,20260612,1.0329059999999999
000001.SZ,1d,2022-07-18,10.668217593974706,10.821195808529817,10.63601165406837,10.780938383646893,1153506.0,1536340973.1999998,20220718,13.39,1.2420069128964388,20260612,20260612,1.0329059999999999
000001.SZ,1d,2022-07-19,10.74068095876397,10.813144323553232,10.692372048904462,10.805092838576648,755597.0,1008562417.24,20220719,13.420000000000002,1.2420069128964388,20260612,20260612,1.0329059999999999
000001.SZ,1d,2022-07-20,10.81314432355323,10.845350263459569,10.748732443740552,10.780938383646891,801459.0,1073936299.76,20220720,13.389999999999999,1.2420069128964388,20260612,20260612,1.0329059999999999
000001.SZ,1d,2022-07-21,10.724577988810799,10.740680958763969,10.458878984583505,10.474981954536673,1970388.0,2588696130.23,20220721,13.01,1.2420069128964388,20260612,20260612,1.0329059999999999
000001.SZ,1d,2022-07-22,10.524151278286723,10.597918693788731,10.34383092928181,10.499562139786052,1376510.0,1755555714.49,20220722,12.81,1.220050877308397,20260612,20260612,1.0329059999999999
000001.SZ,1d,2022-07-25,10.491365760285829,10.532347657786945,10.384812826782925,10.507758519286275,763956.0,976071707.3000001,20220725,12.82,1.220050877308397,20260612,20260612,1.0329059999999999
000001.SZ,1d,2022-07-26,10.450383862784712,10.581525934788285,10.41759834478382,10.581525934788285,1024049.0,1314310442.31,20220726,12.91,1.220050877308397,20260612,20260612,1.0329059999999999
000001.SZ,1d,2022-07-27,10.532347657786945,10.556936796287616,10.433991103784265,10.483169380785606,923914.0,1182889760.7399998,20220727,12.790000000000001,1.220050877308397,20260612,20260612,1.0329059999999999
000001.SZ,1d,2022-07-28,10.499562139786052,10.581525934788285,10.474973001285383,10.556936796287616,750347.0,964903657.6600001,20220728,12.88,1.220050877308397,20260612,20260612,1.0329059999999999
000001.SZ,1d,2022-07-29,10.556936796287616,10.573329555288062,10.368420067782479,10.393009206283148,831497.0,1059518584.7199999,20220729,12.68,1.220050877308397,20260612,20260612,1.0329059999999999
000001.SZ,1d,2022-08-01,10.376616447282702,10.376616447282702,10.163510580276895,10.179903339277342,1025733.0,1277987010.0,20220801,12.42,1.220050877308397,20260612,20260612,1.0329059999999999
000001.SZ,1d,2022-08-02,10.015975749272876,10.114332303275557,9.786477123266623,10.04876126727377,1373009.0,1664397666.12,20220802,12.26,1.220050877308397,20260612,20260612,1.0329059999999999
000001.SZ,1d,2022-08-03,9.991386610772206,10.056957646773993,9.843851779768187,9.860244538768633,746137.0,905653324.71,20220803,12.03,1.220050877308397,20260612,20260612,1.0329059999999999
000001.SZ,1d,2022-08-04,9.917619195270197,9.97499385177176,9.85204815926841,9.966797472271537,602676.0,729351710.0200001,20220804,12.16,1.220050877308397,20260612,20260612,1.0329059999999999
000001.SZ,1d,2022-08-05,9.942208333770868,10.106135923775332,9.819262641267517,10.089743164774886,765298.0,930836354.1000001,20220805,12.31,1.220050877308397,20260612,20260612,1.0329059999999999
000001.SZ,1d,2022-08-08,10.040564887773547,10.130725062276003,9.966797472271537,9.99958299027243,552000.0,674950920.8,20220808,12.2,1.220050877308397,20260612,20260612,1.0329059999999999
000001.SZ,1d,2022-08-09,10.007779369772654,10.015975749272878,9.90122643626975,9.934011954270643,558448.0,677098632.5500001,20220809,12.12,1.220050877308397,20260612,20260612,1.0329059999999999
000001.SZ,1d,2022-08-10,9.934011954270643,10.032368508273324,9.85204815926841,9.884833677269302,683023.0,825806007.7700001,20220810,12.059999999999999,1.220050877308397,20260612,20260612,1.0329059999999999
000001.SZ,1d,2022-08-11,9.90122643626975,10.155314200776672,9.868440918268858,10.12252868277578,1399304.0,1710719478.1100001,20220811,12.350000000000001,1.220050877308397,20260612,20260612,1.0329059999999999
000001.SZ,1d,2022-08-12,10.04876126727377,10.17170695977712,9.999582990272431,10.14711782127645,820504.0,1010612433.4000001,20220812,12.38,1.220050877308397,20260612,20260612,1.0329059999999999
000001.SZ,1d,2022-08-15,10.07335040577444,10.130725062276003,9.909422815769974,9.92581557477042,1172010.0,1425087455.23,20220815,12.11,1.220050877308397,20260612,20260612,1.0329059999999999
000001.SZ,1d,2022-08-16,9.92581557477042,9.99958299027243,9.917619195270197,9.942208333770866,631224.0,765907218.72,20220816,12.129999999999999,1.220050877308397,20260612,20260612,1.0329059999999999
000001.SZ,1d,2022-08-17,9.958601092771314,10.179903339277342,9.893030056769527,10.163510580276895,1348507.0,1656961619.3600001,20220817,12.4,1.220050877308397,20260612,20260612,1.0329059999999999
000001.SZ,1d,2022-08-18,10.229081616278682,10.278259893280023,9.966797472271537,10.040564887773547,1269701.0,1560630567.7,20220818,12.25,1.220050877308397,20260612,20260612,1.0329059999999999
000001.SZ,1d,2022-08-19,10.056957646773993,10.450383862784712,10.0241721287731,10.302849031780692,2106417.0,2653471090.1000004,20220819,12.57,1.220050877308397,20260612,20260612,1.0329059999999999
000001.SZ,1d,2022-08-22,10.311045411280915,10.393009206283148,10.171706959777119,10.245474375279128,1138077.0,1423361878.69,20220822,12.5,1.220050877308397,20260612,20260612,1.0329059999999999
000001.SZ,1d,2022-08-23,10.204492477778013,10.237277995778907,10.065154026274216,10.114332303275557,921463.0,1137300431.45,20220823,12.340000000000002,1.220050877308397,20260612,20260612,1.0329059999999999
000001.SZ,1d,2022-08-24,10.106135923775332,10.278259893280023,10.106135923775332,10.163510580276895,1295375.0,1613309589.13,20220824,12.4,1.220050877308397,20260612,20260612,1.0329059999999999
000001.SZ,1d,2022-08-25,10.163510580276895,10.376616447282702,10.081546785274663,10.34383092928181,1064011.0,1329230362.3200002,20220825,12.620000000000001,1.220050877308397,20260612,20260612,1.0329059999999999
000001.SZ,1d,2022-08-26,10.39300920628315,10.450383862784712,10.212688857278236,10.335634549781586,927634.0,1168951099.46,20220826,12.610000000000001,1.220050877308397,20260612,20260612,1.0329059999999999
000001.SZ,1d,2022-08-29,10.245474375279128,10.294652652280469,10.089743164774886,10.179903339277342,924491.0,1145189174.15,20220829,12.42,1.220050877308397,20260612,20260612,1.0329059999999999
000001.SZ,1d,2022-08-30,10.188099718777567,10.278259893280023,10.065154026274216,10.229081616278682,799712.0,991447627.25,20220830,12.48,1.220050877308397,20260612,20260612,1.0329059999999999
000001.SZ,1d,2022-08-31,10.14711782127645,10.474973001285381,10.130725062276003,10.450383862784712,1653042.0,2091408314.7800002,20220831,12.75,1.220050877308397,20260612,20260612,1.0329059999999999
000001.SZ,1d,2022-09-01,10.368420067782479,10.483169380785606,10.311045411280915,10.335634549781584,861982.0,1092666276.97,20220901,12.61,1.220050877308397,20260612,20260612,1.0329059999999999
000001.SZ,1d,2022-09-02,10.343830929281808,10.401205585783371,10.188099718777565,10.253670754779352,786363.0,983433862.85,20220902,12.51,1.220050877308397,20260612,20260612,1.0329059999999999
000001.SZ,1d,2022-09-05,10.212688857278236,10.327438170281363,10.138921441776226,10.302849031780692,632040.0,788451088.8000001,20220905,12.57,1.220050877308397,20260612,20260612,1.0329059999999999
000001.SZ,1d,2022-09-06,10.311045411280915,10.376616447282702,10.188099718777565,10.245474375279128,731295.0,914692183.62,20220906,12.5,1.220050877308397,20260612,20260612,1.0329059999999999
000001.SZ,1d,2022-09-07,10.179903339277343,10.179903339277343,10.065154026274216,10.106135923775334,979813.0,1208329758.8600001,20220907,12.330000000000002,1.220050877308397,20260612,20260612,1.0329059999999999
000001.SZ,1d,2022-09-08,10.097939544275109,10.19629609827779,10.081546785274663,10.130725062276003,621117.0,768913483.55,20220908,12.360000000000001,1.220050877308397,20260612,20260612,1.0329059999999999
000001.SZ,1d,2022-09-09,10.163510580276895,10.442187483284489,10.130725062276003,10.42579472428404,1951297.0,2469131334.35,20220909,12.719999999999999,1.220050877308397,20260612,20260612,1.0329059999999999
000001.SZ,1d,2022-09-13,10.556936796287616,10.671686109290741,10.376616447282702,10.614311452789178,1722690.0,2223707380.1400003,20220913,12.95,1.220050877308397,20260612,20260612,1.0329059999999999
000001.SZ,1d,2022-09-14,10.450383862784713,10.548740416787393,10.409401965283596,10.433991103784265,858036.0,1095054828.69,20220914,12.73,1.220050877308397,20260612,20260612,1.0329059999999999
000001.SZ,1d,2022-09-15,10.491365760285827,10.737257145292526,10.466776621785158,10.655293350290293,1841018.0,2393239453.41,20220915,13.0,1.220050877308397,20260612,20260612,1.0329059999999999
000001.SZ,1d,2022-09-16,10.589722314288508,10.614311452789178,10.294652652280469,10.294652652280469,1357448.0,1719252822.13,20220916,12.56,1.220050877308397,20260612,20260612,1.0329059999999999
000001.SZ,1d,2022-09-19,10.278259893280023,10.384812826782925,10.229081616278682,10.302849031780692,632121.0,793491306.11,20220919,12.57,1.220050877308397,20260612,20260612,1.0329059999999999
000001.SZ,1d,2022-09-20,10.335634549781584,10.352027308782032,10.097939544275109,10.114332303275557,889989.0,1102212203.6399999,20220920,12.34,1.220050877308397,20260612,20260612,1.0329059999999999
000001.SZ,1d,2022-09-21,10.089743164774886,10.229081616278682,9.999582990272431,10.188099718777567,684197.0,845477181.51,20220921,12.430000000000001,1.220050877308397,20260612,20260612,1.0329059999999999
000001.SZ,1d,2022-09-22,10.106135923775332,10.130725062276003,10.040564887773547,10.07335040577444,586133.0,720058210.3199999,20220922,12.29,1.220050877308397,20260612,20260612,1.0329059999999999
000001.SZ,1d,2022-09-23,10.032368508273324,10.188099718777565,10.0241721287731,10.07335040577444,586441.0,722703127.6800001,20220923,12.290000000000001,1.220050877308397,20260612,20260612,1.0329059999999999
000001.SZ,1d,2022-09-26,9.966797472271537,10.065154026274216,9.82745902076774,9.835655400267964,903729.0,1094060839.05,20220926,12.0,1.220050877308397,20260612,20260612,1.0329059999999999
000001.SZ,1d,2022-09-27,9.835655400267964,9.966797472271537,9.679924189763721,9.958601092771314,789622.0,946732993.84,20220927,12.15,1.220050877308397,20260612,20260612,1.0329059999999999
000001.SZ,1d,2022-09-28,9.909422815769974,10.040564887773547,9.770084364266177,9.92581557477042,780926.0,946211766.9,20220928,12.11,1.220050877308397,20260612,20260612,1.0329059999999999
000001.SZ,1d,2022-09-29,10.040564887773547,10.065154026274216,9.688120569263944,9.720906087264837,917718.0,1100405198.17,20220929,11.86,1.220050877308397,20260612,20260612,1.0329059999999999
000001.SZ,1d,2022-09-30,9.72910246676506,9.802869882267071,9.696316948764167,9.70451332826439,537230.0,638906947.7700001,20220930,11.84,1.220050877308397,20260612,20260612,1.0329059999999999
000001.SZ,1d,2022-10-10,9.589764015261265,9.647138671762828,9.393050907255907,9.40124728675613,966080.0,1119089730.68,20221010,11.47,1.220050877308397,20260612,20260612,1.0329059999999999
000001.SZ,1d,2022-10-11,9.458621943257693,9.491407461258586,9.35206900975479,9.409443666256353,415253.0,476749226.5,20221011,11.48,1.220050877308397,20260612,20260612,1.0329059999999999
000001.SZ,1d,2022-10-12,9.384854527755682,9.524192979259478,9.302890732753449,9.507800220259032,559572.0,641776508.91,20221012,11.6,1.220050877308397,20260612,20260612,1.0329059999999999
000001.SZ,1d,2022-10-13,9.434032804757022,9.458621943257693,9.270105214752556,9.294694353253226,852616.0,970021739.4,20221013,11.34,1.220050877308397,20260612,20260612,1.0329059999999999
000001.SZ,1d,2022-10-14,9.384854527755683,9.532389358759701,9.343872630254566,9.45042556375747,1096062.0,1265486550.33,20221014,11.530000000000001,1.220050877308397,20260612,20260612,1.0329059999999999
000001.SZ,1d,2022-10-17,9.360265389255012,9.442229184257245,9.294694353253226,9.409443666256353,1024823.0,1171523550.16,20221017,11.48,1.220050877308397,20260612,20260612,1.0329059999999999
000001.SZ,1d,2022-10-18,9.466818322757916,9.540585738259924,9.393050907255907,9.409443666256353,946837.0,1091646643.7200003,20221018,11.48,1.220050877308397,20260612,20260612,1.0329059999999999
000001.SZ,1d,2022-10-19,9.360265389255012,9.417640045756576,9.245516076251885,9.253712455752108,923990.0,1049700767.19,20221019,11.29,1.220050877308397,20260612,20260612,1.0329059999999999
000001.SZ,1d,2022-10-20,9.20453417875077,9.270105214752556,9.147159522249206,9.179945040250098,781923.0,876967150.6100001,20221020,11.2,1.220050877308397,20260612,20260612,1.0329059999999999
000001.SZ,1d,2022-10-21,9.188141419750323,9.220926937751216,9.073392106747196,9.089784865747642,785574.0,876648490.6099999,20221021,11.09,1.220050877308397,20260612,20260612,1.0329059999999999
000001.SZ,1d,2022-10-24,9.089784865747642,9.097981245247865,8.696358649736924,8.704555029237147,1383391.0,1496043940.1299999,20221024,10.62,1.220050877308397,20260612,20260612,1.0329059999999999
000001.SZ,1d,2022-10-25,8.770126065238934,8.860286239741392,8.6881622702367,8.729144167737818,1316979.0,1406437766.06,20221025,10.65,1.220050877308397,20260612,20260612,1.0329059999999999
000001.SZ,1d,2022-10-26,8.720947788237593,8.794715203739603,8.696358649736924,8.737340547238041,1143830.0,1220733277.8500001,20221026,10.66,1.220050877308397,20260612,20260612,1.0329059999999999
000001.SZ,1d,2022-10-27,8.770126065238934,8.827500721740497,8.737340547238041,8.753733306238487,957383.0,1024868047.2099999,20221027,10.68,1.220050877308397,20260612,20260612,1.0329059999999999
000001.SZ,1d,2022-10-28,8.712751408737372,8.770126065238934,8.532431059732458,8.540627439232681,1057947.0,1114999302.1100001,20221028,10.42,1.220050877308397,20260612,20260612,1.0329059999999999
000001.SZ,1d,2022-10-31,8.466860023730671,8.565216577733352,8.376699849228217,8.475056403230896,983096.0,1016230012.22,20221031,10.34,1.220050877308397,20260612,20260612,1.0329059999999999
000001.SZ,1d,2022-11-01,8.507841921231789,8.753733306238487,8.491449162231342,8.745536926738264,1381234.0,1459758367.3200002,20221101,10.67,1.220050877308397,20260612,20260612,1.0329059999999999
000001.SZ,1d,2022-11-02,8.696358649736926,8.753733306238487,8.589805716234022,8.712751408737372,1302988.0,1377816220.13,20221102,10.63,1.220050877308397,20260612,20260612,1.0329059999999999
000001.SZ,1d,2022-11-03,8.638983993235362,8.663573131736031,8.507841921231789,8.557020198233129,983536.0,1028904286.0400001,20221103,10.440000000000001,1.220050877308397,20260612,20260612,1.0329059999999999
000001.SZ,1d,2022-11-04,8.524234680232235,8.893071757742286,8.516038300732012,8.868482619241615,1776112.0,1903720943.5199997,20221104,10.82,1.220050877308397,20260612,20260612,1.0329059999999999
000001.SZ,1d,2022-11-07,8.860286239741392,8.942250034743624,8.794715203739605,8.917660896242955,988082.0,1070554832.9,20221107,10.88,1.220050877308397,20260612,20260612,1.0329059999999999
000001.SZ,1d,2022-11-08,8.925857275743176,8.950446414243848,8.83569710124072,8.893071757742284,583222.0,632835804.82,20221108,10.85,1.220050877308397,20260612,20260612,1.0329059999999999
000001.SZ,1d,2022-11-09,8.88487537824206,9.08158848624742,8.868482619241615,8.925857275743178,832107.0,911153622.45,20221109,10.89,1.220050877308397,20260612,20260612,1.0329059999999999
000001.SZ,1d,2022-11-10,8.843893480740944,8.934053655243401,8.76192968573871,8.90946451674273,552021.0,596916589.27,20221110,10.87,1.220050877308397,20260612,20260612,1.0329059999999999
000001.SZ,1d,2022-11-11,9.122570383748535,9.55697849726037,9.024213829745857,9.368461768755235,2545071.0,2878557391.61,20221111,11.43,1.220050877308397,20260612,20260612,1.0329059999999999
000001.SZ,1d,2022-11-14,9.589764015261265,10.065154026274216,9.589764015261265,9.794673502766848,3872084.0,4637823413.97,20221114,11.950000000000001,1.220050877308397,20260612,20260612,1.0329059999999999
000001.SZ,1d,2022-11-15,9.720906087264837,9.983190231271983,9.696316948764167,9.843851779768187,1573901.0,1891249648.0500002,20221115,12.01,1.220050877308397,20260612,20260612,1.0329059999999999
000001.SZ,1d,2022-11-16,9.811066261767294,9.876637297769081,9.663531430763275,9.688120569263944,1278693.0,1519133931.8500001,20221116,11.82,1.220050877308397,20260612,20260612,1.0329059999999999
000001.SZ,1d,2022-11-17,9.679924189763721,9.70451332826439,9.491407461258586,9.581567635761042,1091047.0,1273790880.66,20221117,11.69,1.220050877308397,20260612,20260612,1.0329059999999999
000001.SZ,1d,2022-11-18,9.622549533262157,9.655335051263052,9.483211081758363,9.499603840758809,868093.0,1011078679.59,20221118,11.59,1.220050877308397,20260612,20260612,1.0329059999999999
000001.SZ,1d,2022-11-21,9.409443666256353,9.425836425256799,9.196337799250546,9.393050907255907,1047737.0,1189388618.26,20221121,11.46,1.220050877308397,20260612,20260612,1.0329059999999999
000001.SZ,1d,2022-11-22,9.393050907255905,9.7782807437664,9.376658148255459,9.688120569263944,1491324.0,1748727406.58,20221122,11.82,1.220050877308397,20260612,20260612,1.0329059999999999
000001.SZ,1d,2022-11-23,9.655335051263052,9.876637297769081,9.606156774261711,9.688120569263944,1247657.0,1483352651.7299998,20221123,11.82,1.220050877308397,20260612,20260612,1.0329059999999999
000001.SZ,1d,2022-11-24,9.770084364266177,9.82745902076774,9.581567635761042,9.647138671762827,796719.0,941002372.9200001,20221124,11.77,1.220050877308397,20260612,20260612,1.0329059999999999
000001.SZ,1d,2022-11-25,9.663531430763273,10.0241721287731,9.647138671762827,9.97499385177176,1760728.0,2130171604.6399999,20221125,12.17,1.220050877308397,20260612,20260612,1.0329059999999999
000001.SZ,1d,2022-11-28,9.75369160526573,9.770084364266177,9.581567635761042,9.67992418976372,1331563.0,1568351120.1700003,20221128,11.809999999999999,1.220050877308397,20260612,20260612,1.0329059999999999
000001.SZ,1d,2022-11-29,9.966797472271537,10.64709697079007,9.942208333770868,10.64709697079007,4749277.0,6026006641.970001,20221129,12.99,1.220050877308397,20260612,20260612,1.0329059999999999
000001.SZ,1d,2022-11-30,10.573329555288062,10.933970253297886,10.507758519286275,10.679882488790964,3209628.0,4206404173.0800004,20221130,13.030000000000001,1.220050877308397,20260612,20260612,1.0329059999999999
000001.SZ,1d,2022-12-01,10.96675577129878,11.196254397305031,10.712668006791857,10.737257145292526,2002689.0,2658203027.2,20221201,13.1,1.220050877308397,20260612,20260612,1.0329059999999999
000001.SZ,1d,2022-12-02,10.770042663293419,10.778239042793643,10.401205585783371,10.573329555288062,1404203.0,1803658762.25,20221202,12.9,1.220050877308397,20260612,20260612,1.0329059999999999
000001.SZ,1d,2022-12-05,10.729060765792303,11.122486981803023,10.663489729790518,11.089701463802129,2287627.0,3057231972.57,20221205,13.53,1.220050877308397,20260612,20260612,1.0329059999999999
000001.SZ,1d,2022-12-06,10.933970253297886,11.196254397305031,10.860202837795876,11.007737668799896,1252579.0,1680593515.5000002,20221206,13.43,1.220050877308397,20260612,20260612,1.0329059999999999
000001.SZ,1d,2022-12-07,10.925773873797665,10.958559391798557,10.679882488790964,10.778239042793643,1377377.0,1815667663.45,20221207,13.15,1.220050877308397,20260612,20260612,1.0329059999999999
000001.SZ,1d,2022-12-08,10.778239042793643,11.081505084301908,10.753649904292974,10.950363012298334,1065723.0,1422047904.5,20221208,13.360000000000001,1.220050877308397,20260612,20260612,1.0329059999999999
000001.SZ,1d,2022-12-09,10.983148530299227,11.270021812807041,10.94216663279811,11.229039915305925,1615832.0,2197501648.81,20221209,13.7,1.220050877308397,20260612,20260612,1.0329059999999999
000001.SZ,1d,2022-12-12,11.130683361303246,11.130683361303246,10.704471627291634,10.745453524792751,1392584.0,1848277966.6,20221212,13.110000000000001,1.220050877308397,20260612,20260612,1.0329059999999999
000001.SZ,1d,2022-12-13,10.778239042793643,10.950363012298334,10.77004266329342,10.852006458295653,902285.0,1194285343.0900002,20221213,13.24,1.220050877308397,20260612,20260612,1.0329059999999999
000001.SZ,1d,2022-12-14,10.84381007879543,10.983148530299227,10.72086438629208,10.84381007879543,974061.0,1287867945.07,20221214,13.23,1.220050877308397,20260612,20260612,1.0329059999999999
000001.SZ,1d,2022-12-15,10.770042663293419,10.884791976296546,10.606115073288954,10.737257145292526,835349.0,1094434005.98,20221215,13.1,1.220050877308397,20260612,20260612,1.0329059999999999
000001.SZ,1d,2022-12-16,10.671686109290741,10.983148530299227,10.671686109290741,10.933970253297886,924252.0,1225269166.25,20221216,13.34,1.220050877308397,20260612,20260612,1.0329059999999999
000001.SZ,1d,2022-12-19,10.925773873797665,11.04052318680079,10.614311452789178,10.688078868291187,1030866.0,1355435567.1599998,20221219,13.040000000000001,1.220050877308397,20260612,20260612,1.0329059999999999
000001.SZ,1d,2022-12-20,10.630704211789624,10.72086438629208,10.384812826782925,10.458580242284935,896212.0,1150630681.38,20221220,12.76,1.220050877308397,20260612,20260612,1.0329059999999999
000001.SZ,1d,2022-12-21,10.532347657786945,10.64709697079007,10.442187483284489,10.565133175787839,614590.0,791782473.2900001,20221221,12.89,1.220050877308397,20260612,20260612,1.0329059999999999
000001.SZ,1d,2022-12-22,10.655293350290293,10.778239042793643,10.573329555288062,10.614311452789178,672394.0,876159828.48,20221222,12.950000000000001,1.220050877308397,20260612,20260612,1.0329059999999999
000001.SZ,1d,2022-12-23,10.532347657786946,10.704471627291634,10.491365760285829,10.638900591289847,564426.0,730705958.53,20221223,12.98,1.220050877308397,20260612,20260612,1.0329059999999999
000001.SZ,1d,2022-12-26,10.64709697079007,10.688078868291187,10.41759834478382,10.46677662178516,797120.0,1021903962.65,20221226,12.770000000000001,1.220050877308397,20260612,20260612,1.0329059999999999
000001.SZ,1d,2022-12-27,10.548740416787393,10.835613699295207,10.548740416787393,10.745453524792751,886004.0,1160090119.01,20221227,13.110000000000001,1.220050877308397,20260612,20260612,1.0329059999999999
000001.SZ,1d,2022-12-28,10.786435422293867,10.96675577129878,10.655293350290293,10.77004266329342,791192.0,1042402080.41,20221228,13.14,1.220050877308397,20260612,20260612,1.0329059999999999
000001.SZ,1d,2022-12-29,10.712668006791857,10.761846283793195,10.532347657786945,10.679882488790964,666890.0,865144967.1,20221229,13.03,1.220050877308397,20260612,20260612,1.0329059999999999
000001.SZ,1d,2022-12-30,10.688078868291187,10.884791976296547,10.6225078322894,10.786435422293867,818036.0,1074756753.75,20221230,13.16,1.220050877308397,20260612,20260612,1.0329059999999999
000001.SZ,1d,2023-01-03,10.81922094029476,11.351985607809276,10.69627524779141,11.286414571807489,2194128.0,2971546989.04,20230103,13.770000000000001,1.220050877308397,20260612,20260612,1.0329059999999999
000001.SZ,1d,2023-01-04,11.237236294806149,11.819179239322004,11.171665258804362,11.73721544431977,2189683.0,3110729449.03,20230104,14.32,1.220050877308397,20260612,20260612,1.0329059999999999
000001.SZ,1d,2023-01-05,11.802786480321556,12.08146338332915,11.778197341820887,11.868357516323343,1665425.0,2417272355.99,20230105,14.48,1.220050877308397,20260612,20260612,1.0329059999999999
000001.SZ,1d,2023-01-06,11.884750275323789,12.065070624328703,11.868357516323343,11.98310682932647,1195745.0,1747915169.2600002,20230106,14.620000000000001,1.220050877308397,20260612,20260612,1.0329059999999999
000001.SZ,1d,2023-01-09,12.089659762829372,12.196212696332275,11.901143034324235,12.130641660330488,1057659.0,1561368487.3,20230109,14.799999999999999,1.220050877308397,20260612,20260612,1.0329059999999999
000001.SZ,1d,2023-01-10,12.097856142329595,12.2044090758325,11.794590100821333,11.83557199832245,1269423.0,1851093716.76,20230110,14.440000000000001,1.220050877308397,20260612,20260612,1.0329059999999999
000001.SZ,1d,2023-01-11,11.843768377822673,12.114248901330043,11.794590100821333,12.024088726827586,830566.0,1217450811.64,20230111,14.67,1.220050877308397,20260612,20260612,1.0329059999999999
000001.SZ,1d,2023-01-12,12.10605252182982,12.10605252182982,11.90933941382446,12.024088726827587,625695.0,914367699.65,20230112,14.670000000000002,1.220050877308397,20260612,20260612,1.0329059999999999
000001.SZ,1d,2023-01-13,12.024088726827586,12.253587352833838,11.925732172824906,12.253587352833838,949086.0,1407181074.2900002,20230113,14.950000000000001,1.220050877308397,20260612,20260612,1.0329059999999999
000001.SZ,1d,2023-01-16,12.253587352833838,12.524067876341206,12.171623557831605,12.36014028633674,1560040.0,2356399992.83,20230116,15.08,1.220050877308397,20260612,20260612,1.0329059999999999
000001.SZ,1d,2023-01-17,12.401122183837856,12.442104081338973,12.106052521829819,12.269980111834284,935835.0,1396151514.52,20230117,14.969999999999999,1.220050877308397,20260612,20260612,1.0329059999999999
000001.SZ,1d,2023-01-18,12.253587352833838,12.442104081338973,12.220801834832946,12.38472942483741,718434.0,1083362997.53,20230118,15.11,1.220050877308397,20260612,20260612,1.0329059999999999
000001.SZ,1d,2023-01-19,12.401122183837858,12.499478737840539,12.188016316832053,12.368336665836965,641875.0,963744633.47,20230119,15.090000000000002,1.220050877308397,20260612,20260612,1.0329059999999999
000001.SZ,1d,2023-01-20,12.425711322338527,12.491282358340314,12.294569250334956,12.401122183837858,608590.0,920144805.73,20230120,15.13,1.220050877308397,20260612,20260612,1.0329059999999999
000001.SZ,1d,2023-01-30,12.786352020348353,12.901101333351479,12.2044090758325,12.417514942838304,1374318.0,2096867649.37,20230130,15.15,1.220050877308397,20260612,20260612,1.0329059999999999
000001.SZ,1d,2023-01-31,12.491282358340314,12.712584604846345,12.261783732334061,12.28637287083473,1030498.0,1568639326.21,20230131,14.99,1.220050877308397,20260612,20260612,1.0329059999999999
000001.SZ,1d,2023-02-01,12.319158388835625,12.36014028633674,11.892946654824012,12.048677865328255,1653421.0,2426471972.5199995,20230201,14.7,1.220050877308397,20260612,20260612,1.0329059999999999
000001.SZ,1d,2023-02-02,12.08146338332915,12.114248901330042,11.696233546818654,11.966714070326022,1577900.0,2280744883.13,20230202,14.6,1.220050877308397,20260612,20260612,1.0329059999999999
000001.SZ,1d,2023-02-03,11.843768377822672,11.925732172824906,11.606073372316198,11.73721544431977,1246383.0,1782105890.79,20230203,14.32,1.220050877308397,20260612,20260612,1.0329059999999999
000001.SZ,1d,2023-02-06,11.556895095314857,11.581484233815527,11.360181987309497,11.474931300312624,1317610.0,1838428709.03,20230206,14.0,1.220050877308397,20260612,20260612,1.0329059999999999
000001.SZ,1d,2023-02-07,11.524109577313965,11.73721544431977,11.499520438813295,11.647055269817315,869460.0,1235297762.5400002,20230207,14.21,1.220050877308397,20260612,20260612,1.0329059999999999
000001.SZ,1d,2023-02-08,11.671644408317984,11.73721544431977,11.499520438813295,11.507716818313519,657893.0,928708933.8500001,20230208,14.040000000000001,1.220050877308397,20260612,20260612,1.0329059999999999
000001.SZ,1d,2023-02-09,11.48312767981285,11.720822685319323,11.442145782311732,11.581484233815528,830350.0,1174361963.28,20230209,14.13,1.220050877308397,20260612,20260612,1.0329059999999999
000001.SZ,1d,2023-02-10,11.556895095314857,11.573287854315303,11.360181987309497,11.458538541312176,847284.0,1184283386.2,20230210,13.979999999999999,1.220050877308397,20260612,20260612,1.0329059999999999
000001.SZ,1d,2023-02-13,11.425753023311284,11.425753023311284,11.147076120303693,11.327396469308605,1800054.0,2473405202.92,20230213,13.82,1.220050877308397,20260612,20260612,1.0329059999999999
000001.SZ,1d,2023-02-14,11.351985607809276,11.458538541312178,11.311003710308158,11.442145782311732,909937.0,1263892077.72,20230214,13.96,1.220050877308397,20260612,20260612,1.0329059999999999
000001.SZ,1d,2023-02-15,11.433949402811509,11.442145782311732,11.163468879304139,11.204450776805256,1250244.0,1713566672.72,20230215,13.670000000000002,1.220050877308397,20260612,20260612,1.0329059999999999
000001.SZ,1d,2023-02-16,11.21264715630548,11.401163884810614,11.06511232530146,11.147076120303693,1279123.0,1757431083.85,20230216,13.6,1.220050877308397,20260612,20260612,1.0329059999999999
000001.SZ,1d,2023-02-17,11.171665258804362,11.245432674306372,11.007737668799896,11.007737668799896,918364.0,1246777397.11,20230217,13.43,1.220050877308397,20260612,20260612,1.0329059999999999
000001.SZ,1d,2023-02-20,11.06511232530146,11.597876992815975,11.056915945801236,11.597876992815975,2116191.0,2945969773.39,20230220,14.15,1.220050877308397,20260612,20260612,1.0329059999999999
000001.SZ,1d,2023-02-21,11.524109577313965,11.63885889031709,11.409360264310838,11.556895095314857,990495.0,1393153377.3000002,20230221,14.1,1.220050877308397,20260612,20260612,1.0329059999999999
000001.SZ,1d,2023-02-22,11.474931300312624,11.573287854315303,11.425753023311284,11.49132405931307,638922.0,895742534.3100001,20230222,14.02,1.220050877308397,20260612,20260612,1.0329059999999999
000001.SZ,1d,2023-02-23,11.474931300312624,11.73721544431977,11.458538541312178,11.515913197813742,824491.0,1165539851.19,20230223,14.05,1.220050877308397,20260612,20260612,1.0329059999999999
000001.SZ,1d,2023-02-24,11.491324059313072,11.499520438813295,11.311003710308158,11.360181987309499,729989.0,1012652971.88,20230224,13.860000000000001,1.220050877308397,20260612,20260612,1.0329059999999999
000001.SZ,1d,2023-02-27,11.270021812807041,11.376574746309943,11.21264715630548,11.220843535805702,621462.0,854854040.5400001,20230227,13.69,1.220050877308397,20260612,20260612,1.0329059999999999
000001.SZ,1d,2023-02-28,11.270021812807041,11.351985607809274,11.155272499803916,11.29461095130771,607936.0,833316018.4499999,20230228,13.78,1.220050877308397,20260612,20260612,1.0329059999999999
000001.SZ,1d,2023-03-01,11.311003710308158,11.630662510816867,11.261825433306818,11.61426975181642,1223452.0,1719710647.06,20230301,14.17,1.220050877308397,20260612,20260612,1.0329059999999999
000001.SZ,1d,2023-03-02,11.581484233815528,11.83557199832245,11.524109577313965,11.671644408317984,1015877.0,1447565979.98,20230302,14.24,1.220050877308397,20260612,20260612,1.0329059999999999
000001.SZ,1d,2023-03-03,11.76180458282044,11.778197341820887,11.589680613315752,11.7126263058191,690954.0,985552120.63,20230303,14.290000000000001,1.220050877308397,20260612,20260612,1.0329059999999999
000001.SZ,1d,2023-03-06,11.720822685319323,11.720822685319323,11.245432674306372,11.351985607809276,1455824.0,2023954547.2,20230306,13.850000000000001,1.220050877308397,20260612,20260612,1.0329059999999999
000001.SZ,1d,2023-03-07,11.351985607809274,11.556895095314857,11.188058017804808,11.220843535805702,1279266.0,1773654737.03,20230307,13.69,1.220050877308397,20260612,20260612,1.0329059999999999
000001.SZ,1d,2023-03-08,11.171665258804362,11.179861638304585,10.983148530299227,11.08970146380213,1096898.0,1479838980.07,20230308,13.530000000000001,1.220050877308397,20260612,20260612,1.0329059999999999
000001.SZ,1d,2023-03-09,11.097897843302354,11.130683361303246,10.761846283793197,10.81922094029476,1736065.0,2305765842.21,20230309,13.200000000000001,1.220050877308397,20260612,20260612,1.0329059999999999
000001.SZ,1d,2023-03-10,10.655293350290293,10.876595596796323,10.655293350290293,10.77004266329342,856996.0,1128558359.5,20230310,13.14,1.220050877308397,20260612,20260612,1.0329059999999999
000001.SZ,1d,2023-03-13,10.753649904292972,10.892988355796769,10.655293350290293,10.69627524779141,1000635.0,1309490079.38,20230313,13.05,1.220050877308397,20260612,20260612,1.0329059999999999
000001.SZ,1d,2023-03-14,10.64709697079007,10.655293350290293,10.433991103784265,10.548740416787393,1149076.0,1474124198.8600001,20230314,12.870000000000001,1.220050877308397,20260612,20260612,1.0329059999999999
000001.SZ,1d,2023-03-15,10.69627524779141,10.802828181294313,10.606115073288954,10.69627524779141,979364.0,1278262225.47,20230315,13.049999999999999,1.220050877308397,20260612,20260612,1.0329059999999999
000001.SZ,1d,2023-03-16,10.565133175787839,10.679882488790964,10.491365760285829,10.507758519286275,916792.0,1182054433.62,20230316,12.82,1.220050877308397,20260612,20260612,1.0329059999999999
000001.SZ,1d,2023-03-17,10.64709697079007,10.688078868291187,10.368420067782479,10.450383862784712,1556814.0,2000832407.83,20230317,12.75,1.220050877308397,20260612,20260612,1.0329059999999999
000001.SZ,1d,2023-03-20,10.458580242284937,10.532347657786946,10.286456272780246,10.302849031780692,1188816.0,1505893658.68,20230320,12.57,1.220050877308397,20260612,20260612,1.0329059999999999
000001.SZ,1d,2023-03-21,10.368420067782479,10.474973001285381,10.245474375279128,10.409401965283594,840743.0,1060914056.37,20230321,12.7,1.220050877308397,20260612,20260612,1.0329059999999999
000001.SZ,1d,2023-03-22,10.450383862784712,10.556936796287616,10.41759834478382,10.483169380785606,876691.0,1121080753.38,20230322,12.790000000000001,1.220050877308397,20260612,20260612,1.0329059999999999
000001.SZ,1d,2023-03-23,10.409401965283596,10.573329555288062,10.352027308782032,10.573329555288062,804306.0,1029380497.2700001,20230323,12.9,1.220050877308397,20260612,20260612,1.0329059999999999
000001.SZ,1d,2023-03-24,10.532347657786945,10.540544037287168,10.458580242284935,10.507758519286275,621519.0,796319541.9700001,20230324,12.82,1.220050877308397,20260612,20260612,1.0329059999999999
000001.SZ,1d,2023-03-27,10.491365760285829,10.499562139786052,10.212688857278236,10.327438170281363,1008422.0,1266945056.0299997,20230327,12.600000000000001,1.220050877308397,20260612,20260612,1.0329059999999999
000001.SZ,1d,2023-03-28,10.376616447282702,10.433991103784265,10.286456272780246,10.360223688282256,673868.0,851797868.5600001,20230328,12.64,1.220050877308397,20260612,20260612,1.0329059999999999
000001.SZ,1d,2023-03-29,10.433991103784265,10.442187483284489,10.245474375279128,10.270063513779798,596064.0,750687550.55,20230329,12.53,1.220050877308397,20260612,20260612,1.0329059999999999
000001.SZ,1d,2023-03-30,10.286456272780246,10.41759834478382,10.171706959777119,10.393009206283148,824546.0,1035422932.0100001,20230330,12.68,1.220050877308397,20260612,20260612,1.0329059999999999
000001.SZ,1d,2023-03-31,10.401205585783371,10.466776621785158,10.253670754779352,10.270063513779798,865492.0,1092263436.9,20230331,12.53,1.220050877308397,20260612,20260612,1.0329059999999999
000001.SZ,1d,2023-04-03,10.286456272780246,10.401205585783373,10.212688857278236,10.384812826782927,740429.0,934285179.24,20230403,12.670000000000002,1.220050877308397,20260612,20260612,1.0329059999999999
000001.SZ,1d,2023-04-04,10.360223688282256,10.425794724284042,10.319241790781138,10.368420067782479,647457.0,817726526.95,20230404,12.65,1.220050877308397,20260612,20260612,1.0329059999999999
000001.SZ,1d,2023-04-06,10.327438170281361,10.335634549781584,10.245474375279128,10.311045411280915,563321.0,706480659.58,20230406,12.58,1.220050877308397,20260612,20260612,1.0329059999999999
000001.SZ,1d,2023-04-07,10.302849031780692,10.401205585783371,10.245474375279128,10.343830929281808,607925.0,767354796.52,20230407,12.62,1.220050877308397,20260612,20260612,1.0329059999999999
000001.SZ,1d,2023-04-10,10.360223688282256,10.409401965283594,10.311045411280915,10.393009206283148,640182.0,809943147.62,20230410,12.68,1.220050877308397,20260612,20260612,1.0329059999999999
000001.SZ,1d,2023-04-11,10.409401965283594,10.42579472428404,10.261867134279575,10.27825989328002,777780.0,978302907.7900001,20230411,12.54,1.220050877308397,20260612,20260612,1.0329059999999999
000001.SZ,1d,2023-04-12,10.311045411280917,10.31924179078114,10.204492477778013,10.229081616278682,909957.0,1136997696.1399999,20230412,12.48,1.220050877308397,20260612,20260612,1.0329059999999999
000001.SZ,1d,2023-04-13,10.171706959777119,10.384812826782925,10.081546785274663,10.294652652280469,1131591.0,1413919037.13,20230413,12.56,1.220050877308397,20260612,20260612,1.0329059999999999
000001.SZ,1d,2023-04-14,10.327438170281361,10.573329555288062,10.311045411280915,10.401205585783371,1297995.0,1653539530.91,20230414,12.69,1.220050877308397,20260612,20260612,1.0329059999999999
000001.SZ,1d,2023-04-17,10.376616447282702,10.606115073288954,10.327438170281361,10.597918693788731,1304213.0,1669357649.18,20230417,12.93,1.220050877308397,20260612,20260612,1.0329059999999999
000001.SZ,1d,2023-04-18,10.597918693788731,10.81922094029476,10.565133175787839,10.655293350290293,1538936.0,2009934874.5900002,20230418,13.0,1.220050877308397,20260612,20260612,1.0329059999999999
000001.SZ,1d,2023-04-19,10.671686109290741,10.712668006791857,10.515954898786498,10.532347657786945,1014378.0,1309536001.8000002,20230419,12.85,1.220050877308397,20260612,20260612,1.0329059999999999
000001.SZ,1d,2023-04-20,10.573329555288062,10.573329555288062,10.34383092928181,10.450383862784713,811788.0,1033330703.7800001,20230420,12.750000000000002,1.220050877308397,20260612,20260612,1.0329059999999999
000001.SZ,1d,2023-04-21,10.409401965283596,10.515954898786498,10.229081616278682,10.245474375279128,918668.0,1160509766.03,20230421,12.5,1.220050877308397,20260612,20260612,1.0329059999999999
000001.SZ,1d,2023-04-24,10.229081616278682,10.24547437527913,9.860244538768635,9.917619195270198,1467672.0,1798133966.9200003,20230424,12.100000000000001,1.220050877308397,20260612,20260612,1.0329059999999999
000001.SZ,1d,2023-04-25,9.95040471327109,10.138921441776226,9.934011954270645,10.065154026274216,1301901.0,1595320169.74,20230425,12.280000000000001,1.220050877308397,20260612,20260612,1.0329059999999999
000001.SZ,1d,2023-04-26,10.040564887773547,10.040564887773547,9.82745902076774,9.934011954270645,991260.0,1197555724.16,20230426,12.120000000000001,1.220050877308397,20260612,20260612,1.0329059999999999
000001.SZ,1d,2023-04-27,9.884833677269304,10.12252868277578,9.835655400267964,10.04876126727377,1004093.0,1222755932.3700001,20230427,12.26,1.220050877308397,20260612,20260612,1.0329059999999999
000001.SZ,1d,2023-04-28,10.04876126727377,10.474973001285383,10.015975749272878,10.286456272780246,1445254.0,1816868032.9800003,20230428,12.55,1.220050877308397,20260612,20260612,1.0329059999999999
000001.SZ,1d,2023-05-04,10.163510580276895,10.515954898786498,9.991386610772206,10.433991103784265,1478264.0,1863146144.1599998,20230504,12.73,1.220050877308397,20260612,20260612,1.0329059999999999
000001.SZ,1d,2023-05-05,10.474973001285381,10.74545352479275,10.450383862784712,10.581525934788285,1762189.0,2283981032.07,20230505,12.91,1.220050877308397,20260612,20260612,1.0329059999999999
000001.SZ,1d,2023-05-08,10.606115073288954,11.056915945801236,10.524151278286721,10.91757749429744,2630719.0,3478891629.3500004,20230508,13.32,1.220050877308397,20260612,20260612,1.0329059999999999
000001.SZ,1d,2023-05-09,10.983148530299227,11.147076120303693,10.761846283793197,10.786435422293867,2422534.0,3238716470.9700003,20230509,13.16,1.220050877308397,20260612,20260612,1.0329059999999999
000001.SZ,1d,2023-05-10,10.79463180179409,10.868399217296101,10.491365760285829,10.524151278286721,1237053.0,1600189994.17,20230510,12.84,1.220050877308397,20260612,20260612,1.0329059999999999
000001.SZ,1d,2023-05-11,10.614311452789178,10.753649904292974,10.491365760285829,10.532347657786946,903758.0,1166479364.8899999,20230511,12.850000000000001,1.220050877308397,20260612,20260612,1.0329059999999999
000001.SZ,1d,2023-05-12,10.507758519286275,10.54874041678739,10.335634549781584,10.343830929281808,885604.0,1124579090.5400002,20230512,12.62,1.220050877308397,20260612,20260612,1.0329059999999999
000001.SZ,1d,2023-05-15,10.39300920628315,10.532347657786946,10.204492477778013,10.5159548987865,928326.0,1173804243.15,20230515,12.830000000000002,1.220050877308397,20260612,20260612,1.0329059999999999
000001.SZ,1d,2023-05-16,10.491365760285829,10.589722314288508,10.302849031780692,10.34383092928181,998302.0,1267712090.05,20230516,12.620000000000001,1.220050877308397,20260612,20260612,1.0329059999999999
000001.SZ,1d,2023-05-17,10.311045411280915,10.360223688282254,10.196296098277788,10.237277995778905,754621.0,945315193.07,20230517,12.49,1.220050877308397,20260612,20260612,1.0329059999999999
000001.SZ,1d,2023-05-18,10.302849031780692,10.360223688282256,10.188099718777565,10.237277995778905,687187.0,861347534.3199999,20230518,12.49,1.220050877308397,20260612,20260612,1.0329059999999999
000001.SZ,1d,2023-05-19,10.188099718777565,10.196296098277788,10.097939544275109,10.114332303275557,688414.0,851165593.52,20230519,12.34,1.220050877308397,20260612,20260612,1.0329059999999999
000001.SZ,1d,2023-05-22,10.089743164774886,10.204492477778013,10.089743164774886,10.14711782127645,549328.0,679754868.04,20230522,12.38,1.220050877308397,20260612,20260612,1.0329059999999999
000001.SZ,1d,2023-05-23,10.14711782127645,10.171706959777119,10.007779369772654,10.007779369772654,694364.0,852871175.23,20230523,12.21,1.220050877308397,20260612,20260612,1.0329059999999999
000001.SZ,1d,2023-05-24,9.99958299027243,10.007779369772653,9.843851779768187,9.843851779768187,824251.0,996600577.63,20230524,12.01,1.220050877308397,20260612,20260612,1.0329059999999999
000001.SZ,1d,2023-05-25,9.82745902076774,9.835655400267964,9.679924189763721,9.7782807437664,882744.0,1050002541.88,20230525,11.93,1.220050877308397,20260612,20260612,1.0329059999999999
000001.SZ,1d,2023-05-26,9.7782807437664,9.942208333770866,9.70451332826439,9.917619195270197,511429.0,613772897.17,20230526,12.1,1.220050877308397,20260612,20260612,1.0329059999999999
000001.SZ,1d,2023-05-29,9.925815574770422,9.942208333770868,9.794673502766848,9.819262641267517,566074.0,680275577.83,20230529,11.98,1.220050877308397,20260612,20260612,1.0329059999999999
000001.SZ,1d,2023-05-30,9.819262641267517,9.82745902076774,9.671727810263498,9.729102466765061,763997.0,906316373.6100001,20230530,11.870000000000001,1.220050877308397,20260612,20260612,1.0329059999999999
000001.SZ,1d,2023-05-31,9.688120569263944,9.70451332826439,9.491407461258586,9.507800220259032,1179587.0,1376758356.6800003,20230531,11.6,1.220050877308397,20260612,20260612,1.0329059999999999
000001.SZ,1d,2023-06-01,9.507800220259032,9.573371256260819,9.425836425256799,9.499603840758809,743023.0,861646489.19,20230601,11.59,1.220050877308397,20260612,20260612,1.0329059999999999
000001.SZ,1d,2023-06-02,9.573371256260819,9.811066261767294,9.540585738259924,9.7782807437664,1221843.0,1446502669.25,20230602,11.93,1.220050877308397,20260612,20260612,1.0329059999999999
000001.SZ,1d,2023-06-05,9.737298846265285,9.835655400267964,9.688120569263944,9.761887984765954,521846.0,620531416.4200001,20230605,11.91,1.220050877308397,20260612,20260612,1.0329059999999999
000001.SZ,1d,2023-06-06,9.761887984765954,9.909422815769974,9.688120569263944,9.70451332826439,833273.0,997039311.52,20230606,11.84,1.220050877308397,20260612,20260612,1.0329059999999999
000001.SZ,1d,2023-06-07,9.745495225765508,9.893030056769527,9.737298846265285,9.786477123266625,643698.0,770386878.4700001,20230607,11.940000000000001,1.220050877308397,20260612,20260612,1.0329059999999999
000001.SZ,1d,2023-06-08,9.80286988226707,9.99958299027243,9.720906087264837,9.934011954270643,869397.0,1048266235.89,20230608,12.12,1.220050877308397,20260612,20260612,1.0329059999999999
000001.SZ,1d,2023-06-09,9.884833677269304,9.909422815769974,9.712709707764613,9.737298846265283,1315285.0,1566929273.97,20230609,11.879999999999999,1.220050877308397,20260612,20260612,1.0329059999999999
000001.SZ,1d,2023-06-12,9.688120569263944,9.75369160526573,9.638942292262604,9.663531430763273,758747.0,896015708.76,20230612,11.79,1.220050877308397,20260612,20260612,1.0329059999999999
000001.SZ,1d,2023-06-13,9.638942292262604,9.70451332826439,9.581567635761042,9.647138671762827,849988.0,1000183566.9200002,20230613,11.77,1.220050877308397,20260612,20260612,1.0329059999999999
000001.SZ,1d,2023-06-14,9.697515218465202,9.84864532576596,9.621950164814825,9.630346281887089,1069200.0,1237376775.64,20230614,11.47,1.1910267465223927,20260612,20260612,1.0329059999999999
000001.SZ,1d,2023-06-15,9.647138516031617,9.764684155043316,9.563177345308974,9.74789192089879,925301.0,1064567231.22,20230615,11.610000000000001,1.1910267465223927,20260612,20260612,1.0329059999999999
000001.SZ,1d,2023-06-16,9.747891920898788,9.798268623332373,9.71430745260973,9.764684155043316,842034.0,978869317.2900001,20230616,11.63,1.1910267465223927,20260612,20260612,1.0329059999999999
000001.SZ,1d,2023-06-19,9.764684155043316,9.764684155043316,9.579969579453502,9.613554047742559,953997.0,1096351096.7099998,20230619,11.45,1.1910267465223927,20260612,20260612,1.0329059999999999
000001.SZ,1d,2023-06-20,9.605157930670295,9.621950164814823,9.529592877019917,9.537988994092181,544551.0,620374307.69,20230620,11.36,1.1910267465223927,20260612,20260612,1.0329059999999999
000001.SZ,1d,2023-06-21,9.537988994092181,9.638742398959353,9.521196759947653,9.529592877019917,616583.0,703681563.97,20230621,11.35,1.1910267465223927,20260612,20260612,1.0329059999999999
000001.SZ,1d,2023-06-26,9.487612291658596,9.487612291658596,9.361670535574632,9.386858886791424,676577.0,757975991.51,20230626,11.18,1.1910267465223927,20260612,20260612,1.0329059999999999
000001.SZ,1d,2023-06-27,9.403651120935953,9.504404525803125,9.37846276971916,9.470820057514066,461702.0,519520687.33000004,20230627,11.28,1.1910267465223927,20260612,20260612,1.0329059999999999
000001.SZ,1d,2023-06-28,9.470820057514068,9.512800642875389,9.420443355080483,9.487612291658596,365396.0,412039353.92999995,20230628,11.3,1.1910267465223927,20260612,20260612,1.0329059999999999
000001.SZ,1d,2023-06-29,9.47921617458633,9.47921617458633,9.37846276971916,9.386858886791424,485906.0,544534825.51,20230629,11.18,1.1910267465223927,20260612,20260612,1.0329059999999999
000001.SZ,1d,2023-06-30,9.386858886791424,9.49600840873086,9.361670535574632,9.428839472152747,519053.0,583494654.79,20230630,11.23,1.1910267465223927,20260612,20260612,1.0329059999999999
000001.SZ,1d,2023-07-03,9.437235589225011,9.680722984320674,9.428839472152747,9.647138516031617,885091.0,1009887428.65,20230703,11.49,1.1910267465223927,20260612,20260612,1.0329059999999999
000001.SZ,1d,2023-07-04,9.621950164814825,9.647138516031617,9.504404525803125,9.571573462381238,616301.0,701885269.78,20230704,11.4,1.1910267465223927,20260612,20260612,1.0329059999999999
000001.SZ,1d,2023-07-05,9.537988994092183,9.571573462381238,9.487612291658596,9.521196759947653,423482.0,479726282.46999997,20230705,11.34,1.1910267465223927,20260612,20260612,1.0329059999999999
000001.SZ,1d,2023-07-06,9.487612291658596,9.521196759947655,9.412047238008219,9.437235589225011,597096.0,672396816.4000001,20230706,11.24,1.1910267465223927,20260612,20260612,1.0329059999999999
000001.SZ,1d,2023-07-07,9.403651120935953,9.462423940441802,9.386858886791424,9.403651120935953,484441.0,543212455.87,20230707,11.2,1.1910267465223927,20260612,20260612,1.0329059999999999
000001.SZ,1d,2023-07-10,9.445631706297275,9.470820057514066,9.37846276971916,9.403651120935953,495882.0,556581581.65,20230710,11.2,1.1910267465223927,20260612,20260612,1.0329059999999999
000001.SZ,1d,2023-07-11,9.420443355080481,9.45402782336954,9.395255003863689,9.412047238008217,570809.0,640131787.1,20230711,11.209999999999999,1.1910267465223927,20260612,20260612,1.0329059999999999
000001.SZ,1d,2023-07-12,9.428839472152747,9.537988994092183,9.420443355080483,9.437235589225011,736084.0,830230820.88,20230712,11.24,1.1910267465223927,20260612,20260612,1.0329059999999999
000001.SZ,1d,2023-07-13,9.504404525803125,9.630346281887087,9.462423940441802,9.59676181359803,1124230.0,1281848378.9100003,20230713,11.43,1.1910267465223927,20260612,20260612,1.0329059999999999
000001.SZ,1d,2023-07-14,9.59676181359803,9.697515218465202,9.571573462381238,9.621950164814825,719147.0,825295738.24,20230714,11.46,1.1910267465223927,20260612,20260612,1.0329059999999999
000001.SZ,1d,2023-07-17,9.579969579453502,9.579969579453502,9.45402782336954,9.49600840873086,608343.0,687262893.86,20230717,11.31,1.1910267465223927,20260612,20260612,1.0329059999999999
000001.SZ,1d,2023-07-18,9.479216174586332,9.504404525803125,9.420443355080483,9.445631706297275,471966.0,531299772.68,20230718,11.25,1.1910267465223927,20260612,20260612,1.0329059999999999
000001.SZ,1d,2023-07-19,9.428839472152747,9.504404525803125,9.428839472152747,9.49600840873086,382196.0,430771279.03000003,20230719,11.31,1.1910267465223927,20260612,20260612,1.0329059999999999
000001.SZ,1d,2023-07-20,9.512800642875389,9.605157930670297,9.479216174586332,9.504404525803125,554070.0,629696111.29,20230720,11.32,1.1910267465223927,20260612,20260612,1.0329059999999999
000001.SZ,1d,2023-07-21,9.496008408730859,9.563177345308974,9.470820057514066,9.521196759947653,377103.0,427375950.49,20230721,11.34,1.1910267465223927,20260612,20260612,1.0329059999999999
000001.SZ,1d,2023-07-24,9.512800642875389,9.512800642875389,9.437235589225011,9.45402782336954,426852.0,480713395.70000005,20230724,11.26,1.1910267465223927,20260612,20260612,1.0329059999999999
000001.SZ,1d,2023-07-25,9.613554047742559,9.848645325765958,9.605157930670295,9.840249208693693,2032958.0,2358815159.63,20230725,11.719999999999999,1.1910267465223927,20260612,20260612,1.0329059999999999
000001.SZ,1d,2023-07-26,9.781476389187844,9.857041442838224,9.705911335537467,9.798268623332373,751663.0,875260135.14,20230726,11.67,1.1910267465223927,20260612,20260612,1.0329059999999999
000001.SZ,1d,2023-07-27,9.806664740404637,9.966190964777658,9.781476389187844,9.865437559910488,1115196.0,1314228293.8400002,20230727,11.75,1.1910267465223927,20260612,20260612,1.0329059999999999
000001.SZ,1d,2023-07-28,9.815060857476901,10.327223998885021,9.798268623332373,10.293639530595962,2347013.0,2839828236.6200004,20230728,12.26,1.1910267465223927,20260612,20260612,1.0329059999999999
000001.SZ,1d,2023-07-31,10.327223998885021,10.495146340330304,10.268451179379172,10.34401623302955,1854952.0,2288940410.58,20230731,12.32,1.1910267465223927,20260612,20260612,1.0329059999999999
000001.SZ,1d,2023-08-01,10.293639530595964,10.38599681839087,10.184490008656528,10.20967835987332,957735.0,1169570704.83,20230801,12.16,1.1910267465223927,20260612,20260612,1.0329059999999999
000001.SZ,1d,2023-08-02,10.125717189150679,10.276847296451436,10.016567667211243,10.100528837933885,1115900.0,1343864165.36,20230802,12.03,1.1910267465223927,20260612,20260612,1.0329059999999999
000001.SZ,1d,2023-08-03,10.06694436964483,10.38599681839087,10.033359901355773,10.352412350101815,1175848.0,1433255493.11,20230803,12.330000000000002,1.1910267465223927,20260612,20260612,1.0329059999999999
000001.SZ,1d,2023-08-04,10.427977403752193,10.520334691547099,10.251658945234643,10.327223998885021,1303131.0,1611435431.36,20230804,12.3,1.1910267465223927,20260612,20260612,1.0329059999999999
000001.SZ,1d,2023-08-07,10.251658945234643,10.2852434135237,10.176093891584264,10.20967835987332,646913.0,786506452.16,20230807,12.16,1.1910267465223927,20260612,20260612,1.0329059999999999
000001.SZ,1d,2023-08-08,10.176093891584264,10.251658945234643,10.075340486717092,10.159301657439736,725705.0,877489187.97,20230808,12.1,1.1910267465223927,20260612,20260612,1.0329059999999999
000001.SZ,1d,2023-08-09,10.125717189150679,10.24326282816238,10.117321072078415,10.218074476945585,577608.0,702060796.64,20230809,12.17,1.1910267465223927,20260612,20260612,1.0329059999999999
000001.SZ,1d,2023-08-10,10.201282242801057,10.251658945234643,10.125717189150679,10.20967835987332,475595.0,577123919.6800001,20230810,12.16,1.1910267465223927,20260612,20260612,1.0329059999999999
000001.SZ,1d,2023-08-11,10.218074476945585,10.302035647668228,9.982983198922186,9.982983198922186,943539.0,1132867239.31,20230811,11.89,1.1910267465223927,20260612,20260612,1.0329059999999999
000001.SZ,1d,2023-08-14,9.87383367698275,9.890625911127279,9.73109968675426,9.798268623332373,975920.0,1139185249.4600003,20230814,11.67,1.1910267465223927,20260612,20260612,1.0329059999999999
000001.SZ,1d,2023-08-15,9.815060857476901,9.907418145271807,9.739495803826523,9.84864532576596,712813.0,834163039.6,20230815,11.73,1.1910267465223927,20260612,20260612,1.0329059999999999
000001.SZ,1d,2023-08-16,9.798268623332373,9.94939873063313,9.747891920898788,9.848645325765958,572904.0,671706045.36,20230816,11.729999999999999,1.1910267465223927,20260612,20260612,1.0329059999999999
000001.SZ,1d,2023-08-17,9.798268623332374,9.823456974549167,9.621950164814825,9.71430745260973,965058.0,1116292661.67,20230817,11.57,1.1910267465223927,20260612,20260612,1.0329059999999999
000001.SZ,1d,2023-08-18,9.722703569681995,9.857041442838224,9.680722984320672,9.705911335537465,659819.0,767047286.8900001,20230818,11.559999999999999,1.1910267465223927,20260612,20260612,1.0329059999999999
000001.SZ,1d,2023-08-21,9.705911335537467,9.722703569681995,9.504404525803125,9.504404525803125,701498.0,799641423.7600001,20230821,11.32,1.1910267465223927,20260612,20260612,1.0329059999999999
000001.SZ,1d,2023-08-22,9.55478122823671,9.61355404774256,9.49600840873086,9.546385111164447,606808.0,689991238.06,20230822,11.370000000000001,1.1910267465223927,20260612,20260612,1.0329059999999999
000001.SZ,1d,2023-08-23,9.529592877019917,9.588365696525766,9.437235589225011,9.445631706297275,691810.0,783102827.23,20230823,11.25,1.1910267465223927,20260612,20260612,1.0329059999999999
000001.SZ,1d,2023-08-24,9.479216174586332,9.504404525803125,9.27770936485199,9.344878301430104,1291271.0,1439197083.69,20230824,11.13,1.1910267465223927,20260612,20260612,1.0329059999999999
000001.SZ,1d,2023-08-25,9.319689950213311,9.512800642875389,9.302897716068783,9.428839472152747,845350.0,946760250.6,20230825,11.23,1.1910267465223927,20260612,20260612,1.0329059999999999
000001.SZ,1d,2023-08-28,9.941002613560865,10.016567667211243,9.647138516031617,9.672326867248408,1997610.0,2336205800.5600004,20230828,11.52,1.1910267465223927,20260612,20260612,1.0329059999999999
000001.SZ,1d,2023-08-29,9.630346281887089,9.647138516031617,9.344878301430104,9.49600840873086,1964961.0,2217588610.12,20230829,11.31,1.1910267465223927,20260612,20260612,1.0329059999999999
000001.SZ,1d,2023-08-30,9.462423940441804,9.462423940441804,9.344878301430104,9.344878301430104,1375638.0,1537573550.5700002,20230830,11.13,1.1910267465223927,20260612,20260612,1.0329059999999999
000001.SZ,1d,2023-08-31,9.353274418502368,9.420443355080483,9.336482184357841,9.344878301430104,806474.0,900123574.83,20230831,11.13,1.1910267465223927,20260612,20260612,1.0329059999999999
000001.SZ,1d,2023-09-01,9.395255003863689,9.537988994092181,9.395255003863689,9.504404525803125,1138705.0,1285169019.19,20230901,11.32,1.1910267465223927,20260612,20260612,1.0329059999999999
000001.SZ,1d,2023-09-04,9.529592877019917,9.73109968675426,9.512800642875389,9.705911335537467,1410029.0,1621769196.4,20230904,11.56,1.1910267465223927,20260612,20260612,1.0329059999999999
000001.SZ,1d,2023-09-05,9.655534633103882,9.663930750176146,9.537988994092181,9.563177345308974,804177.0,917888858.57,20230905,11.389999999999999,1.1910267465223927,20260612,20260612,1.0329059999999999
000001.SZ,1d,2023-09-06,9.512800642875389,9.621950164814825,9.487612291658596,9.596761813598032,634841.0,721905681.98,20230906,11.430000000000001,1.1910267465223927,20260612,20260612,1.0329059999999999
000001.SZ,1d,2023-09-07,9.571573462381238,9.605157930670295,9.504404525803125,9.512800642875389,540042.0,613812175.9100001,20230907,11.33,1.1910267465223927,20260612,20260612,1.0329059999999999
000001.SZ,1d,2023-09-08,9.470820057514068,9.504404525803125,9.428839472152747,9.462423940441802,479030.0,539624962.82,20230908,11.27,1.1910267465223927,20260612,20260612,1.0329059999999999
000001.SZ,1d,2023-09-11,9.487612291658595,9.571573462381238,9.462423940441802,9.521196759947653,654486.0,741764911.22,20230911,11.34,1.1910267465223927,20260612,20260612,1.0329059999999999
000001.SZ,1d,2023-09-12,9.529592877019917,9.529592877019917,9.445631706297275,9.470820057514066,495485.0,559058535.52,20230912,11.28,1.1910267465223927,20260612,20260612,1.0329059999999999
000001.SZ,1d,2023-09-13,9.479216174586332,9.504404525803125,9.412047238008219,9.445631706297275,490218.0,551747627.6800001,20230913,11.25,1.1910267465223927,20260612,20260612,1.0329059999999999
000001.SZ,1d,2023-09-14,9.470820057514066,9.512800642875389,9.445631706297275,9.47921617458633,551650.0,622906052.62,20230914,11.29,1.1910267465223927,20260612,20260612,1.0329059999999999
000001.SZ,1d,2023-09-15,9.529592877019919,9.571573462381238,9.403651120935955,9.420443355080483,890476.0,1005529160.7700001,20230915,11.22,1.1910267465223927,20260612,20260612,1.0329059999999999
000001.SZ,1d,2023-09-18,9.420443355080483,9.437235589225011,9.353274418502368,9.428839472152747,501325.0,561449769.63,20230918,11.23,1.1910267465223927,20260612,20260612,1.0329059999999999
000001.SZ,1d,2023-09-19,9.420443355080483,9.428839472152747,9.370066652646896,9.412047238008219,503664.0,564044044.21,20230919,11.21,1.1910267465223927,20260612,20260612,1.0329059999999999
000001.SZ,1d,2023-09-20,9.403651120935955,9.420443355080483,9.361670535574632,9.361670535574632,558872.0,624785494.94,20230920,11.15,1.1910267465223927,20260612,20260612,1.0329059999999999
000001.SZ,1d,2023-09-21,9.353274418502368,9.353274418502368,9.269313247779726,9.27770936485199,843930.0,934673193.8699999,20230921,11.05,1.1910267465223927,20260612,20260612,1.0329059999999999
000001.SZ,1d,2023-09-22,9.26091713070746,9.445631706297275,9.26091713070746,9.437235589225011,911484.0,1017137921.82,20230922,11.24,1.1910267465223927,20260612,20260612,1.0329059999999999
000001.SZ,1d,2023-09-25,9.437235589225011,9.504404525803125,9.395255003863689,9.420443355080481,761211.0,856022502.11,20230925,11.219999999999999,1.1910267465223927,20260612,20260612,1.0329059999999999
000001.SZ,1d,2023-09-26,9.420443355080483,9.45402782336954,9.353274418502368,9.370066652646896,444980.0,497885810.84000003,20230926,11.16,1.1910267465223927,20260612,20260612,1.0329059999999999
000001.SZ,1d,2023-09-27,9.361670535574632,9.420443355080483,9.361670535574632,9.37846276971916,490311.0,547905820.77,20230927,11.17,1.1910267465223927,20260612,20260612,1.0329059999999999
000001.SZ,1d,2023-09-28,9.395255003863689,9.437235589225011,9.386858886791424,9.403651120935953,520697.0,583649730.0400001,20230928,11.2,1.1910267465223927,20260612,20260612,1.0329059999999999
000001.SZ,1d,2023-10-09,9.370066652646896,9.37846276971916,9.286105481924254,9.328086067285577,695828.0,772959353.15,20231009,11.110000000000001,1.1910267465223927,20260612,20260612,1.0329059999999999
000001.SZ,1d,2023-10-10,9.395255003863689,9.403651120935953,9.252521013635198,9.252521013635198,820749.0,910160341.9,20231010,11.02,1.1910267465223927,20260612,20260612,1.0329059999999999
000001.SZ,1d,2023-10-11,9.311293833141049,9.311293833141049,9.202144311201613,9.218936545346141,724116.0,797663827.0,20231011,10.98,1.1910267465223927,20260612,20260612,1.0329059999999999
000001.SZ,1d,2023-10-12,9.328086067285577,9.370066652646896,9.269313247779726,9.328086067285577,853058.0,947562324.75,20231012,11.110000000000001,1.1910267465223927,20260612,20260612,1.0329059999999999
000001.SZ,1d,2023-10-13,9.260917130707462,9.294501598996519,9.193748194129348,9.23572877949067,684483.0,753110725.51,20231013,11.000000000000002,1.1910267465223927,20260612,20260612,1.0329059999999999
000001.SZ,1d,2023-10-16,9.23572877949067,9.260917130707462,9.193748194129348,9.244124896562933,501624.0,550988719.63,20231016,11.010000000000002,1.1910267465223927,20260612,20260612,1.0329059999999999
000001.SZ,1d,2023-10-17,9.244124896562933,9.27770936485199,9.202144311201613,9.252521013635198,493525.0,543170900.73,20231017,11.020000000000001,1.1910267465223927,20260612,20260612,1.0329059999999999
000001.SZ,1d,2023-10-18,9.227332662418405,9.252521013635198,9.16016372584029,9.193748194129347,651825.0,713979896.11,20231018,10.95,1.1910267465223927,20260612,20260612,1.0329059999999999
000001.SZ,1d,2023-10-19,9.16016372584029,9.168559842912554,8.891487979527835,8.899884096600099,1188961.0,1271914676.53,20231019,10.6,1.1910267465223927,20260612,20260612,1.0329059999999999
000001.SZ,1d,2023-10-20,8.857903511238776,8.958656916105948,8.824319042949721,8.899884096600099,526139.0,557618632.37,20231020,10.6,1.1910267465223927,20260612,20260612,1.0329059999999999
000001.SZ,1d,2023-10-23,8.891487979527835,8.899884096600099,8.757150106371606,8.815922925877457,530404.0,557032228.65,20231023,10.5,1.1910267465223927,20260612,20260612,1.0329059999999999
000001.SZ,1d,2023-10-24,8.849507394166512,8.908280213672363,8.76554622344387,8.857903511238776,760653.0,801528403.6700001,20231024,10.549999999999999,1.1910267465223927,20260612,20260612,1.0329059999999999
000001.SZ,1d,2023-10-25,8.824319042949721,8.849507394166512,8.698377286865757,8.715169521010285,1411450.0,1470971923.59,20231025,10.379999999999999,1.1910267465223927,20260612,20260612,1.0329059999999999
000001.SZ,1d,2023-10-26,8.656396701504436,8.748753989299342,8.648000584432172,8.740357872227078,599991.0,621915276.9,20231026,10.41,1.1910267465223927,20260612,20260612,1.0329059999999999
000001.SZ,1d,2023-10-27,8.715169521010287,8.799130691732929,8.673188935648964,8.773942340516134,919771.0,957587534.4300001,20231027,10.45,1.1910267465223927,20260612,20260612,1.0329059999999999
000001.SZ,1d,2023-10-30,8.731961755154813,8.790734574660663,8.689981169793493,8.773942340516134,805690.0,837646002.0400001,20231030,10.45,1.1910267465223927,20260612,20260612,1.0329059999999999
000001.SZ,1d,2023-10-31,8.757150106371606,8.807526808805193,8.740357872227078,8.7823384575884,652855.0,682212137.64,20231031,10.46,1.1910267465223927,20260612,20260612,1.0329059999999999
000001.SZ,1d,2023-11-01,8.857903511238778,8.866299628311042,8.773942340516136,8.799130691732929,567300.0,595211885.0,20231101,10.48,1.1910267465223927,20260612,20260612,1.0329059999999999
000001.SZ,1d,2023-11-02,8.815922925877457,8.8998840966001,8.790734574660664,8.799130691732929,619430.0,652316669.9300001,20231102,10.48,1.1910267465223927,20260612,20260612,1.0329059999999999
000001.SZ,1d,2023-11-03,8.807526808805193,8.832715160021985,8.757150106371606,8.799130691732929,705463.0,738879704.3000001,20231103,10.48,1.1910267465223927,20260612,20260612,1.0329059999999999
000001.SZ,1d,2023-11-06,8.824319042949721,8.975449150250476,8.824319042949721,8.975449150250476,1007062.0,1069206837.6800001,20231106,10.69,1.1910267465223927,20260612,20260612,1.0329059999999999
000001.SZ,1d,2023-11-07,8.950260799033684,8.950260799033684,8.88309186245557,8.899884096600099,640866.0,679815569.19,20231107,10.6,1.1910267465223927,20260612,20260612,1.0329059999999999
000001.SZ,1d,2023-11-08,8.883091862455572,8.8998840966001,8.773942340516136,8.815922925877459,877819.0,923622008.1100001,20231108,10.500000000000002,1.1910267465223927,20260612,20260612,1.0329059999999999
000001.SZ,1d,2023-11-09,8.782338457588398,8.832715160021985,8.757150106371606,8.807526808805193,639136.0,669639052.44,20231109,10.49,1.1910267465223927,20260612,20260612,1.0329059999999999
000001.SZ,1d,2023-11-10,8.773942340516136,8.790734574660664,8.639604467359908,8.648000584432172,1045044.0,1080649733.9800003,20231110,10.3,1.1910267465223927,20260612,20260612,1.0329059999999999
000001.SZ,1d,2023-11-13,8.656396701504436,8.673188935648964,8.580831647854058,8.60601999907085,770043.0,789007117.83,20231113,10.25,1.1910267465223927,20260612,20260612,1.0329059999999999
000001.SZ,1d,2023-11-14,8.597623881998587,8.673188935648964,8.589227764926322,8.62281223321538,596859.0,613377697.97,20231114,10.27,1.1910267465223927,20260612,20260612,1.0329059999999999
000001.SZ,1d,2023-11-15,8.706773403938021,8.773942340516134,8.681585052721228,8.706773403938021,1109140.0,1152154780.3400002,20231115,10.37,1.1910267465223927,20260612,20260612,1.0329059999999999
000001.SZ,1d,2023-11-16,8.715169521010287,8.723565638082551,8.589227764926322,8.597623881998587,922622.0,948395097.3299999,20231116,10.24,1.1910267465223927,20260612,20260612,1.0329059999999999
000001.SZ,1d,2023-11-17,8.580831647854058,8.606019999070853,8.496870477131417,8.522058828348207,903362.0,917616681.2800001,20231117,10.15,1.1910267465223927,20260612,20260612,1.0329059999999999
000001.SZ,1d,2023-11-20,8.522058828348207,8.580831647854056,8.480078242986886,8.555643296637264,639528.0,650077370.01,20231120,10.19,1.1910267465223927,20260612,20260612,1.0329059999999999
000001.SZ,1d,2023-11-21,8.589227764926322,8.689981169793494,8.580831647854058,8.631208350287643,1041166.0,1072311504.28,20231121,10.280000000000001,1.1910267465223927,20260612,20260612,1.0329059999999999
000001.SZ,1d,2023-11-22,8.614416116143115,8.656396701504436,8.513662711275945,8.530454945420471,737490.0,753064757.94,20231122,10.16,1.1910267465223927,20260612,20260612,1.0329059999999999
000001.SZ,1d,2023-11-23,8.522058828348207,8.530454945420471,8.454889891770094,8.522058828348207,846656.0,855904311.98,20231123,10.15,1.1910267465223927,20260612,20260612,1.0329059999999999
000001.SZ,1d,2023-11-24,8.48847436005915,8.50526659420368,8.463286008842358,8.480078242986886,684695.0,691423444.34,20231124,10.1,1.1910267465223927,20260612,20260612,1.0329059999999999
000001.SZ,1d,2023-11-27,8.471682125914622,8.471682125914622,8.370928721047452,8.404513189336509,836188.0,836268368.7500001,20231127,10.01,1.1910267465223927,20260612,20260612,1.0329059999999999
000001.SZ,1d,2023-11-28,8.38772095519198,8.412909306408773,8.354136486902924,8.354136486902924,786175.0,784405804.65,20231128,9.950000000000001,1.1910267465223927,20260612,20260612,1.0329059999999999
000001.SZ,1d,2023-11-29,8.354136486902924,8.370928721047452,8.144233560096318,8.161025794240846,1467597.0,1438320264.1100001,20231129,9.72,1.1910267465223927,20260612,20260612,1.0329059999999999
000001.SZ,1d,2023-11-30,8.135837443024053,8.16942191131311,8.077064623518204,8.12744132595179,901765.0,871481712.43,20231130,9.680000000000001,1.1910267465223927,20260612,20260612,1.0329059999999999
000001.SZ,1d,2023-12-01,8.102252974734997,8.127441325951787,8.043480155229146,8.11064909180726,778057.0,749668363.8499999,20231201,9.66,1.1910267465223927,20260612,20260612,1.0329059999999999
000001.SZ,1d,2023-12-04,8.119045208879523,8.127441325951787,8.068668506445938,8.085460740590467,605438.0,583664338.41,20231204,9.629999999999999,1.1910267465223927,20260612,20260612,1.0329059999999999
000001.SZ,1d,2023-12-05,8.06866850644594,8.077064623518204,7.95112286743424,7.959518984506504,787378.0,750961219.91,20231205,9.48,1.1910267465223927,20260612,20260612,1.0329059999999999
000001.SZ,1d,2023-12-06,7.925934516217446,8.035084038156882,7.89235004792839,7.976311218651032,753056.0,714029468.7,20231206,9.5,1.1910267465223927,20260612,20260612,1.0329059999999999
000001.SZ,1d,2023-12-07,7.967915101578768,7.967915101578768,7.875557813783861,7.925934516217447,585380.0,552224831.1700001,20231207,9.440000000000001,1.1910267465223927,20260612,20260612,1.0329059999999999
000001.SZ,1d,2023-12-08,7.900746165000654,7.934330633289711,7.808388877205748,7.808388877205748,1021152.0,957664580.59,20231208,9.3,1.1910267465223927,20260612,20260612,1.0329059999999999
000001.SZ,1d,2023-12-11,7.741219940627634,7.875557813783861,7.665654886977255,7.85036946256707,1133663.0,1044765734.9000001,20231211,9.350000000000001,1.1910267465223927,20260612,20260612,1.0329059999999999
000001.SZ,1d,2023-12-12,7.816784994278012,7.976311218651032,7.808388877205748,7.909142282072918,855016.0,805067628.4599999,20231212,9.42,1.1910267465223927,20260612,20260612,1.0329059999999999
000001.SZ,1d,2023-12-13,7.875557813783861,7.8839539308561255,7.6824471211217835,7.690843238194048,1061302.0,981001231.48,20231213,9.16,1.1910267465223927,20260612,20260612,1.0329059999999999
000001.SZ,1d,2023-12-14,7.7328238235553695,7.79159664306122,7.6824471211217835,7.6824471211217835,742901.0,683211465.8,20231214,9.15,1.1910267465223927,20260612,20260612,1.0329059999999999
000001.SZ,1d,2023-12-15,7.724427706483104,7.850369462567068,7.71603158941084,7.732823823555369,988939.0,915126127.17,20231215,9.209999999999999,1.1910267465223927,20260612,20260612,1.0329059999999999
000001.SZ,1d,2023-12-18,7.707635472338576,7.758012174772162,7.632070418688198,7.665654886977254,654426.0,599379044.02,20231218,9.129999999999999,1.1910267465223927,20260612,20260612,1.0329059999999999
000001.SZ,1d,2023-12-19,7.657258769904992,7.699239355266312,7.61527818454367,7.640466535760462,644071.0,586716664.2800001,20231219,9.1,1.1910267465223927,20260612,20260612,1.0329059999999999
000001.SZ,1d,2023-12-20,7.648862652832726,7.682447121121783,7.581693716254612,7.581693716254612,715634.0,650511342.87,20231220,9.03,1.1910267465223927,20260612,20260612,1.0329059999999999
000001.SZ,1d,2023-12-21,7.564901482110084,7.71603158941084,7.548109247965556,7.699239355266312,1017047.0,925407072.91,20231221,9.17,1.1910267465223927,20260612,20260612,1.0329059999999999
000001.SZ,1d,2023-12-22,7.71603158941084,7.791596643061218,7.648862652832726,7.724427706483104,1005645.0,924998769.19,20231222,9.2,1.1910267465223927,20260612,20260612,1.0329059999999999
000001.SZ,1d,2023-12-25,7.707635472338576,7.724427706483105,7.674051004049519,7.716031589410841,413971.0,379638233.73,20231225,9.190000000000001,1.1910267465223927,20260612,20260612,1.0329059999999999
000001.SZ,1d,2023-12-26,7.71603158941084,7.724427706483105,7.61527818454367,7.640466535760462,541896.0,493746622.76,20231226,9.1,1.1910267465223927,20260612,20260612,1.0329059999999999
000001.SZ,1d,2023-12-27,7.640466535760462,7.665654886977254,7.573297599182348,7.65725876990499,641534.0,582036660.6800001,20231227,9.12,1.1910267465223927,20260612,20260612,1.0329059999999999
000001.SZ,1d,2023-12-28,7.648862652832726,7.95112286743424,7.623674301615933,7.9343306332897106,1661592.0,1550256590.5900002,20231228,9.45,1.1910267465223927,20260612,20260612,1.0329059999999999
000001.SZ,1d,2023-12-29,7.909142282072918,7.959518984506504,7.850369462567068,7.883953930856125,853853.0,803196743.82,20231229,9.389999999999999,1.1910267465223927,20260612,20260612,1.0329059999999999
000001.SZ,1d,2024-01-02,7.8839539308561255,7.90914228207292,7.7328238235553695,7.7328238235553695,1158366.0,1075742252.45,20240102,9.21,1.1910267465223927,20260612,20260612,1.0329059999999999
000001.SZ,1d,2024-01-03,7.71603158941084,7.741219940627634,7.6824471211217835,7.724427706483105,733610.0,673673613.54,20240103,9.200000000000001,1.1910267465223927,20260612,20260612,1.0329059999999999
000001.SZ,1d,2024-01-04,7.71603158941084,7.71603158941084,7.623674301615933,7.648862652832726,864194.0,787470082.3700001,20240104,9.11,1.1910267465223927,20260612,20260612,1.0329059999999999
000001.SZ,1d,2024-01-05,7.640466535760462,7.925934516217446,7.61527818454367,7.783200525988954,1991622.0,1852659692.14,20240105,9.27,1.1910267465223927,20260612,20260612,1.0329059999999999
000001.SZ,1d,2024-01-08,7.749616057699896,7.808388877205746,7.648862652832726,7.682447121121783,1121156.0,1029006548.7299999,20240108,9.149999999999999,1.1910267465223927,20260612,20260612,1.0329059999999999
000001.SZ,1d,2024-01-09,7.690843238194048,7.71603158941084,7.632070418688198,7.707635472338576,766194.0,700375720.2,20240109,9.18,1.1910267465223927,20260612,20260612,1.0329059999999999
000001.SZ,1d,2024-01-10,7.690843238194048,7.71603158941084,7.632070418688198,7.632070418688198,858621.0,783771150.0100001,20240110,9.09,1.1910267465223927,20260612,20260612,1.0329059999999999
000001.SZ,1d,2024-01-11,7.623674301615933,7.741219940627632,7.581693716254612,7.699239355266312,934686.0,853890237.2900001,20240111,9.17,1.1910267465223927,20260612,20260612,1.0329059999999999
000001.SZ,1d,2024-01-12,7.665654886977254,7.783200525988954,7.648862652832726,7.71603158941084,772582.0,711018266.0699999,20240112,9.19,1.1910267465223927,20260612,20260612,1.0329059999999999
000001.SZ,1d,2024-01-15,7.690843238194048,7.799992760133484,7.665654886977255,7.7328238235553695,745133.0,685950951.4499999,20240115,9.21,1.1910267465223927,20260612,20260612,1.0329059999999999
000001.SZ,1d,2024-01-16,7.71603158941084,7.850369462567068,7.690843238194048,7.841973345494804,1438313.0,1334465408.5300002,20240116,9.34,1.1910267465223927,20260612,20260612,1.0329059999999999
000001.SZ,1d,2024-01-17,7.83357722842254,7.8839539308561255,7.749616057699898,7.749616057699898,1482296.0,1380725065.0300002,20240117,9.23,1.1910267465223927,20260612,20260612,1.0329059999999999
000001.SZ,1d,2024-01-18,7.7328238235553695,7.758012174772162,7.55650536503782,7.724427706483104,1755132.0,1597853726.63,20240118,9.2,1.1910267465223927,20260612,20260612,1.0329059999999999
000001.SZ,1d,2024-01-19,7.690843238194048,7.724427706483104,7.640466535760462,7.699239355266312,963981.0,881865023.89,20240119,9.17,1.1910267465223927,20260612,20260612,1.0329059999999999
000001.SZ,1d,2024-01-22,7.690843238194048,7.774804408916691,7.590089833326878,7.6404665357604635,1580320.0,1449858241.68,20240122,9.100000000000001,1.1910267465223927,20260612,20260612,1.0329059999999999
000001.SZ,1d,2024-01-23,7.598485950399142,7.707635472338578,7.522920896748763,7.690843238194048,1135545.0,1030898421.0400001,20240123,9.16,1.1910267465223927,20260612,20260612,1.0329059999999999
000001.SZ,1d,2024-01-24,7.749616057699898,7.841973345494804,7.61527818454367,7.83357722842254,1759123.0,1620099272.06,20240124,9.33,1.1910267465223927,20260612,20260612,1.0329059999999999
000001.SZ,1d,2024-01-25,7.83357722842254,8.009895686940089,7.783200525988954,7.976311218651032,2162514.0,2037648413.07,20240125,9.5,1.1910267465223927,20260612,20260612,1.0329059999999999
000001.SZ,1d,2024-01-26,7.951122867434238,8.119045208879523,7.925934516217446,8.077064623518202,2272287.0,2172799799.0099998,20240126,9.62,1.1910267465223927,20260612,20260612,1.0329059999999999
000001.SZ,1d,2024-01-29,8.135837443024052,8.295363667397075,8.043480155229146,8.144233560096316,2376252.0,2312173346.33,20240129,9.7,1.1910267465223927,20260612,20260612,1.0329059999999999
000001.SZ,1d,2024-01-30,8.068668506445938,8.144233560096318,7.967915101578768,7.976311218651032,1579122.0,1515156603.9600003,20240130,9.5,1.1910267465223927,20260612,20260612,1.0329059999999999
000001.SZ,1d,2024-01-31,7.942726750361976,8.026687921084617,7.875557813783861,7.942726750361976,1357217.0,1286857396.81,20240131,9.46,1.1910267465223927,20260612,20260612,1.0329059999999999
000001.SZ,1d,2024-02-01,7.900746165000654,7.959518984506504,7.841973345494804,7.900746165000654,1055260.0,993481907.01,20240201,9.41,1.1910267465223927,20260612,20260612,1.0329059999999999
000001.SZ,1d,2024-02-02,7.909142282072918,7.95112286743424,7.61527818454367,7.783200525988954,1634214.0,1520605694.69,20240202,9.27,1.1910267465223927,20260612,20260612,1.0329059999999999
000001.SZ,1d,2024-02-05,7.71603158941084,7.917538399145182,7.648862652832726,7.87555781378386,1803592.0,1674566499.4600003,20240205,9.379999999999999,1.1910267465223927,20260612,20260612,1.0329059999999999
000001.SZ,1d,2024-02-06,7.808388877205748,8.12744132595179,7.799992760133484,8.12744132595179,1995410.0,1900324218.2000003,20240206,9.680000000000001,1.1910267465223927,20260612,20260612,1.0329059999999999
000001.SZ,1d,2024-02-07,8.077064623518204,8.119045208879523,7.959518984506504,8.06866850644594,2062015.0,1975435102.1200001,20240207,9.610000000000001,1.1910267465223927,20260612,20260612,1.0329059999999999
000001.SZ,1d,2024-02-08,8.043480155229146,8.119045208879523,7.99310345279556,8.119045208879523,1656814.0,1593505690.1299999,20240208,9.67,1.1910267465223927,20260612,20260612,1.0329059999999999
000001.SZ,1d,2024-02-19,8.194610262529903,8.236590847891224,8.102252974734997,8.236590847891224,1605243.0,1564088444.93,20240219,9.81,1.1910267465223927,20260612,20260612,1.0329059999999999
000001.SZ,1d,2024-02-20,8.219798613746695,8.261779199108016,8.16942191131311,8.244986964963488,1123564.0,1098987813.26,20240220,9.82,1.1910267465223927,20260612,20260612,1.0329059999999999
000001.SZ,1d,2024-02-21,8.211402496674431,9.067806438045382,8.203006379602167,9.067806438045382,5055285.0,5295259396.809999,20240221,10.799999999999999,1.1910267465223927,20260612,20260612,1.0329059999999999
000001.SZ,1d,2024-02-22,8.94186468196142,9.16016372584029,8.916676330744629,9.151767608768026,4922325.0,5307736374.06,20240222,10.9,1.1910267465223927,20260612,20260612,1.0329059999999999
000001.SZ,1d,2024-02-23,9.134975374623497,9.437235589225011,9.10139090633444,9.109787023406705,3567480.0,3917316281.52,20240223,10.85,1.1910267465223927,20260612,20260612,1.0329059999999999
000001.SZ,1d,2024-02-26,9.051014203900854,9.1349753746235,8.815922925877457,8.84111127709425,2862609.0,3048205024.7799997,20240226,10.53,1.1910267465223927,20260612,20260612,1.0329059999999999
000001.SZ,1d,2024-02-27,8.807526808805193,8.8998840966001,8.7823384575884,8.815922925877457,1981905.0,2083027074.06,20240227,10.5,1.1910267465223927,20260612,20260612,1.0329059999999999
000001.SZ,1d,2024-02-28,8.824319042949721,8.983845267322742,8.731961755154813,8.807526808805193,3082693.0,3253340358.41,20240228,10.49,1.1910267465223927,20260612,20260612,1.0329059999999999
000001.SZ,1d,2024-02-29,8.748753989299342,8.891487979527835,8.740357872227078,8.891487979527835,1845344.0,1936020982.56,20240229,10.59,1.1910267465223927,20260612,20260612,1.0329059999999999
000001.SZ,1d,2024-03-01,8.891487979527835,8.899884096600099,8.757150106371606,8.807526808805193,1828103.0,1917689306.77,20240301,10.49,1.1910267465223927,20260612,20260612,1.0329059999999999
000001.SZ,1d,2024-03-04,8.773942340516136,8.815922925877457,8.6647928185767,8.673188935648964,1655930.0,1719562862.03,20240304,10.33,1.1910267465223927,20260612,20260612,1.0329059999999999
000001.SZ,1d,2024-03-05,8.64800058443217,8.790734574660664,8.614416116143115,8.757150106371606,1817319.0,1889144330.1599998,20240305,10.43,1.1910267465223927,20260612,20260612,1.0329059999999999
000001.SZ,1d,2024-03-06,8.731961755154813,8.773942340516134,8.673188935648964,8.673188935648964,1345640.0,1396940060.4199998,20240306,10.33,1.1910267465223927,20260612,20260612,1.0329059999999999
000001.SZ,1d,2024-03-07,8.673188935648964,8.933468564889155,8.673188935648964,8.715169521010287,2016166.0,2109589237.19,20240307,10.38,1.1910267465223927,20260612,20260612,1.0329059999999999
000001.SZ,1d,2024-03-08,8.689981169793494,8.765546223443872,8.648000584432172,8.715169521010287,1113974.0,1154491251.2299998,20240308,10.38,1.1910267465223927,20260612,20260612,1.0329059999999999
000001.SZ,1d,2024-03-11,8.715169521010285,8.790734574660664,8.681585052721228,8.790734574660664,1210673.0,1260212019.6599998,20240311,10.47,1.1910267465223927,20260612,20260612,1.0329059999999999
000001.SZ,1d,2024-03-12,8.799130691732929,8.891487979527835,8.740357872227078,8.866299628311042,1641262.0,1721999708.11,20240312,10.56,1.1910267465223927,20260612,20260612,1.0329059999999999
000001.SZ,1d,2024-03-13,8.84111127709425,8.857903511238778,8.648000584432172,8.673188935648964,1768039.0,1834654994.4,20240313,10.33,1.1910267465223927,20260612,20260612,1.0329059999999999
000001.SZ,1d,2024-03-14,8.648000584432172,8.715169521010287,8.56403941370953,8.589227764926322,1409400.0,1448499697.91,20240314,10.23,1.1910267465223927,20260612,20260612,1.0329059999999999
000001.SZ,1d,2024-03-15,8.857903511238778,9.025825852684063,8.815922925877457,8.899884096600099,3750208.0,3973799130.9,20240315,10.6,1.1910267465223927,20260612,20260612,1.0329059999999999
000001.SZ,1d,2024-03-18,8.866299628311042,8.908280213672363,8.807526808805193,8.849507394166514,1671397.0,1761249149.98,20240318,10.540000000000001,1.1910267465223927,20260612,20260612,1.0329059999999999
000001.SZ,1d,2024-03-19,8.84111127709425,8.849507394166514,8.723565638082551,8.731961755154813,1293216.0,1351069630.23,20240319,10.4,1.1910267465223927,20260612,20260612,1.0329059999999999
000001.SZ,1d,2024-03-20,8.715169521010287,8.790734574660664,8.706773403938023,8.773942340516136,872663.0,910278572.98,20240320,10.450000000000001,1.1910267465223927,20260612,20260612,1.0329059999999999
000001.SZ,1d,2024-03-21,8.773942340516134,8.832715160021985,8.748753989299342,8.790734574660664,864466.0,905422293.6700001,20240321,10.47,1.1910267465223927,20260612,20260612,1.0329059999999999
000001.SZ,1d,2024-03-22,8.773942340516136,8.773942340516136,8.656396701504436,8.698377286865759,1028142.0,1065535606.11,20240322,10.360000000000001,1.1910267465223927,20260612,20260612,1.0329059999999999
000001.SZ,1d,2024-03-25,8.689981169793493,8.807526808805193,8.6647928185767,8.731961755154813,953202.0,993304120.45,20240325,10.4,1.1910267465223927,20260612,20260612,1.0329059999999999
000001.SZ,1d,2024-03-26,8.773942340516134,8.950260799033684,8.748753989299342,8.899884096600099,1740021.0,1835376190.72,20240326,10.6,1.1910267465223927,20260612,20260612,1.0329059999999999
000001.SZ,1d,2024-03-27,8.866299628311042,8.925072447816891,8.824319042949721,8.84111127709425,1274136.0,1347397150.36,20240327,10.53,1.1910267465223927,20260612,20260612,1.0329059999999999
000001.SZ,1d,2024-03-28,8.824319042949721,8.874695745383306,8.715169521010287,8.807526808805193,1302189.0,1362980388.48,20240328,10.49,1.1910267465223927,20260612,20260612,1.0329059999999999
000001.SZ,1d,2024-03-29,8.773942340516134,8.874695745383306,8.757150106371606,8.832715160021985,872759.0,917332315.96,20240329,10.52,1.1910267465223927,20260612,20260612,1.0329059999999999
000001.SZ,1d,2024-04-01,8.832715160021985,8.94186468196142,8.824319042949721,8.933468564889155,1191088.0,1261770380.39,20240401,10.64,1.1910267465223927,20260612,20260612,1.0329059999999999
000001.SZ,1d,2024-04-02,8.925072447816891,8.967053033178212,8.84111127709425,8.857903511238776,1085458.0,1149700799.95,20240402,10.549999999999999,1.1910267465223927,20260612,20260612,1.0329059999999999
000001.SZ,1d,2024-04-03,8.84111127709425,8.857903511238778,8.748753989299342,8.782338457588398,981846.0,1028648883.4300001,20240403,10.459999999999999,1.1910267465223927,20260612,20260612,1.0329059999999999
000001.SZ,1d,2024-04-08,8.748753989299344,8.807526808805193,8.706773403938023,8.757150106371608,906361.0,945290441.32,20240408,10.430000000000001,1.1910267465223927,20260612,20260612,1.0329059999999999
000001.SZ,1d,2024-04-09,8.757150106371606,8.790734574660663,8.698377286865757,8.731961755154813,857157.0,891468991.0099999,20240409,10.399999999999999,1.1910267465223927,20260612,20260612,1.0329059999999999
000001.SZ,1d,2024-04-10,8.715169521010285,8.740357872227078,8.62281223321538,8.631208350287643,1246391.0,1288696196.29,20240410,10.28,1.1910267465223927,20260612,20260612,1.0329059999999999
000001.SZ,1d,2024-04-11,8.597623881998587,8.639604467359908,8.496870477131417,8.606019999070853,1010213.0,1030820137.3900001,20240411,10.250000000000002,1.1910267465223927,20260612,20260612,1.0329059999999999
000001.SZ,1d,2024-04-12,8.580831647854058,8.62281223321538,8.429701540553301,8.44649377469783,1305454.0,1322011753.93,20240412,10.06,1.1910267465223927,20260612,20260612,1.0329059999999999
000001.SZ,1d,2024-04-15,8.454889891770094,8.6647928185767,8.44649377469783,8.639604467359908,1453203.0,1486326196.0100002,20240415,10.290000000000001,1.1910267465223927,20260612,20260612,1.0329059999999999
000001.SZ,1d,2024-04-16,8.631208350287643,8.723565638082551,8.580831647854058,8.631208350287643,1478036.0,1523138499.07,20240416,10.280000000000001,1.1910267465223927,20260612,20260612,1.0329059999999999
000001.SZ,1d,2024-04-17,8.614416116143115,8.925072447816893,8.572435530781794,8.916676330744629,2232641.0,2337576586.88,20240417,10.620000000000001,1.1910267465223927,20260612,20260612,1.0329059999999999
000001.SZ,1d,2024-04-18,8.88309186245557,9.260917130707462,8.866299628311042,9.067806438045384,3165914.0,3427338981.81,20240418,10.8,1.1910267465223927,20260612,20260612,1.0329059999999999
000001.SZ,1d,2024-04-19,8.992241384395006,9.084598672189912,8.950260799033684,8.975449150250476,1457675.0,1562376146.58,20240419,10.69,1.1910267465223927,20260612,20260612,1.0329059999999999
000001.SZ,1d,2024-04-22,8.933468564889155,9.076202555117648,8.773942340516136,8.815922925877459,2009818.0,2125722741.4099998,20240422,10.500000000000002,1.1910267465223927,20260612,20260612,1.0329059999999999
000001.SZ,1d,2024-04-23,8.824319042949721,8.94186468196142,8.7823384575884,8.849507394166514,1240027.0,1308866093.1299999,20240423,10.540000000000001,1.1910267465223927,20260612,20260612,1.0329059999999999
000001.SZ,1d,2024-04-24,8.832715160021985,8.874695745383306,8.7823384575884,8.84111127709425,941568.0,989093538.21,20240424,10.530000000000001,1.1910267465223927,20260612,20260612,1.0329059999999999
000001.SZ,1d,2024-04-25,8.815922925877457,8.916676330744629,8.799130691732929,8.908280213672365,1113812.0,1176304524.8600001,20240425,10.610000000000001,1.1910267465223927,20260612,20260612,1.0329059999999999
000001.SZ,1d,2024-04-26,8.891487979527835,8.958656916105948,8.799130691732929,8.899884096600099,1607628.0,1698581436.96,20240426,10.6,1.1910267465223927,20260612,20260612,1.0329059999999999
000001.SZ,1d,2024-04-29,8.86629962831104,9.151767608768026,8.832715160021985,9.076202555117646,2169177.0,2337350883.73,20240429,10.809999999999999,1.1910267465223927,20260612,20260612,1.0329059999999999
000001.SZ,1d,2024-04-30,9.067806438045384,9.1349753746235,9.009033618539535,9.05941032097312,1324557.0,1431407709.3700001,20240430,10.790000000000001,1.1910267465223927,20260612,20260612,1.0329059999999999
000001.SZ,1d,2024-05-06,9.20214431120161,9.328086067285575,9.10139090633444,9.143371491695762,1784101.0,1953817493.43,20240506,10.89,1.1910267465223927,20260612,20260612,1.0329059999999999
000001.SZ,1d,2024-05-07,9.126579257551233,9.143371491695762,9.034221969756327,9.134975374623497,1087057.0,1176786412.82,20240507,10.879999999999999,1.1910267465223927,20260612,20260612,1.0329059999999999
000001.SZ,1d,2024-05-08,9.101390906334442,9.1349753746235,8.992241384395006,9.009033618539535,1221791.0,1318611999.65,20240508,10.73,1.1910267465223927,20260612,20260612,1.0329059999999999
000001.SZ,1d,2024-05-09,8.992241384395006,9.084598672189912,8.992241384395006,9.034221969756327,1069461.0,1150726857.51,20240509,10.760000000000002,1.1910267465223927,20260612,20260612,1.0329059999999999
000001.SZ,1d,2024-05-10,9.042618086828591,9.20214431120161,9.034221969756327,9.185352077057082,1767836.0,1923452176.8400002,20240510,10.94,1.1910267465223927,20260612,20260612,1.0329059999999999
000001.SZ,1d,2024-05-13,9.151767608768026,9.244124896562933,9.076202555117648,9.210540428273877,1402499.0,1530058919.54,20240513,10.97,1.1910267465223927,20260612,20260612,1.0329059999999999
000001.SZ,1d,2024-05-14,9.23572877949067,9.286105481924254,9.1349753746235,9.16016372584029,1075784.0,1176577328.23,20240514,10.91,1.1910267465223927,20260612,20260612,1.0329059999999999
000001.SZ,1d,2024-05-15,9.151767608768026,9.168559842912554,9.076202555117648,9.092994789262177,868297.0,942907950.4999999,20240515,10.83,1.1910267465223927,20260612,20260612,1.0329059999999999
000001.SZ,1d,2024-05-16,9.109787023406705,9.412047238008219,9.092994789262177,9.37846276971916,3076292.0,3410151917.15,20240516,11.17,1.1910267465223927,20260612,20260612,1.0329059999999999
000001.SZ,1d,2024-05-17,9.386858886791426,9.588365696525766,9.344878301430104,9.588365696525766,2841749.0,3200736554.36,20240517,11.42,1.1910267465223927,20260612,20260612,1.0329059999999999
000001.SZ,1d,2024-05-20,9.59676181359803,9.680722984320674,9.49600840873086,9.55478122823671,2170210.0,2475290152.11,20240520,11.38,1.1910267465223927,20260612,20260612,1.0329059999999999
000001.SZ,1d,2024-05-21,9.504404525803125,9.756288037971052,9.49600840873086,9.697515218465202,2030049.0,2336192874.9700003,20240521,11.55,1.1910267465223927,20260612,20260612,1.0329059999999999
000001.SZ,1d,2024-05-22,9.705911335537467,9.857041442838224,9.621950164814825,9.705911335537467,2115531.0,2458448969.6600003,20240522,11.56,1.1910267465223927,20260612,20260612,1.0329059999999999
000001.SZ,1d,2024-05-23,9.680722984320674,9.731099686754261,9.546385111164447,9.571573462381238,1841623.0,2110799281.76,20240523,11.4,1.1910267465223927,20260612,20260612,1.0329059999999999
000001.SZ,1d,2024-05-24,9.546385111164447,9.647138516031617,9.487612291658596,9.49600840873086,1398276.0,1593330336.42,20240524,11.31,1.1910267465223927,20260612,20260612,1.0329059999999999
000001.SZ,1d,2024-05-27,9.49600840873086,9.680722984320674,9.49600840873086,9.663930750176146,1454361.0,1663272117.57,20240527,11.51,1.1910267465223927,20260612,20260612,1.0329059999999999
000001.SZ,1d,2024-05-28,9.655534633103882,9.722703569681995,9.537988994092181,9.571573462381238,1204323.0,1377107203.9099998,20240528,11.399999999999999,1.1910267465223927,20260612,20260612,1.0329059999999999
000001.SZ,1d,2024-05-29,9.55478122823671,9.61355404774256,9.428839472152747,9.45402782336954,1444811.0,1635445613.13,20240529,11.26,1.1910267465223927,20260612,20260612,1.0329059999999999
000001.SZ,1d,2024-05-30,9.437235589225011,9.521196759947653,9.286105481924254,9.336482184357841,1325496.0,1481608711.0200002,20240530,11.120000000000001,1.1910267465223927,20260612,20260612,1.0329059999999999
000001.SZ,1d,2024-05-31,9.353274418502368,9.395255003863689,9.328086067285575,9.328086067285575,826707.0,921248145.59,20240531,11.11,1.1910267465223927,20260612,20260612,1.0329059999999999
000001.SZ,1d,2024-06-03,9.336482184357841,9.344878301430104,9.16016372584029,9.218936545346141,1326697.0,1456086023.6200001,20240603,10.98,1.1910267465223927,20260612,20260612,1.0329059999999999
000001.SZ,1d,2024-06-04,9.193748194129347,9.27770936485199,9.16016372584029,9.252521013635198,981005.0,1079356560.6100001,20240604,11.02,1.1910267465223927,20260612,20260612,1.0329059999999999
000001.SZ,1d,2024-06-05,9.269313247779726,9.294501598996519,9.126579257551235,9.126579257551235,1018968.0,1114155998.81,20240605,10.870000000000001,1.1910267465223927,20260612,20260612,1.0329059999999999
000001.SZ,1d,2024-06-06,9.151767608768026,9.218936545346141,9.1349753746235,9.151767608768026,1049332.0,1145989425.79,20240606,10.9,1.1910267465223927,20260612,20260612,1.0329059999999999
000001.SZ,1d,2024-06-07,9.168559842912554,9.244124896562933,9.143371491695762,9.227332662418405,1170126.0,1281662985.8,20240607,10.99,1.1910267465223927,20260612,20260612,1.0329059999999999
000001.SZ,1d,2024-06-11,9.218936545346141,9.252521013635198,9.05941032097312,9.126579257551235,1337629.0,1452841956.8899999,20240611,10.870000000000001,1.1910267465223927,20260612,20260612,1.0329059999999999
000001.SZ,1d,2024-06-12,9.109787023406705,9.16016372584029,9.051014203900854,9.134975374623497,957426.0,1037927497.39,20240612,10.879999999999999,1.1910267465223927,20260612,20260612,1.0329059999999999
000001.SZ,1d,2024-06-13,9.143371491695762,9.17695595998482,9.067806438045384,9.067806438045384,1203508.0,1304403407.0500002,20240613,10.8,1.1910267465223927,20260612,20260612,1.0329059999999999
000001.SZ,1d,2024-06-14,9.130772446339465,9.20273912571948,8.986839087579435,9.157759951106971,1637990.0,1657433954.94,20240614,10.18,1.111625556287863,20260612,20260612,1.0329059999999999
000001.SZ,1d,2024-06-17,9.112780776494462,9.139768281261967,9.067801601881952,9.085793271726955,681217.0,688669914.12,20240617,10.1,1.111625556287863,20260612,20260612,1.0329059999999999
000001.SZ,1d,2024-06-18,9.09478910664946,9.139768281261967,9.031818262191944,9.067801601881952,700653.0,707829471.51,20240618,10.08,1.111625556287863,20260612,20260612,1.0329059999999999
000001.SZ,1d,2024-06-19,9.085793271726955,9.184747455874477,9.067801601881952,9.130772446339465,796184.0,807676192.22,20240619,10.15,1.111625556287863,20260612,20260612,1.0329059999999999
000001.SZ,1d,2024-06-20,9.139768281261967,9.14876411618447,9.040814097114447,9.040814097114447,629628.0,635070262.4,20240620,10.05,1.111625556287863,20260612,20260612,1.0329059999999999
000001.SZ,1d,2024-06-21,9.040814097114447,9.076797436804455,8.950855747889428,8.995834922501938,830545.0,831176895.4200001,20240621,10.000000000000002,1.111625556287863,20260612,20260612,1.0329059999999999
000001.SZ,1d,2024-06-24,8.96884741773443,9.05880576695945,8.887884903431914,8.977843252656934,947082.0,944907465.65,20240624,9.98,1.111625556287863,20260612,20260612,1.0329059999999999
000001.SZ,1d,2024-06-25,8.986839087579435,9.112780776494462,8.977843252656934,9.067801601881952,769993.0,775332071.89,20240625,10.08,1.111625556287863,20260612,20260612,1.0329059999999999
000001.SZ,1d,2024-06-26,9.049809932036947,9.11278077649446,9.01382659234694,9.067801601881952,628599.0,633763882.0899999,20240626,10.08,1.111625556287863,20260612,20260612,1.0329059999999999
000001.SZ,1d,2024-06-27,9.049809932036949,9.184747455874477,8.995834922501937,9.112780776494462,928882.0,938954397.5,20240627,10.13,1.111625556287863,20260612,20260612,1.0329059999999999
000001.SZ,1d,2024-06-28,9.085793271726955,9.229726630486986,9.076797436804453,9.130772446339465,918090.0,933947813.42,20240628,10.15,1.111625556287863,20260612,20260612,1.0329059999999999
000001.SZ,1d,2024-07-01,9.076797436804455,9.310689144789505,9.031818262191944,9.310689144789505,1343051.0,1372549619.58,20240701,10.350000000000001,1.111625556287863,20260612,20260612,1.0329059999999999
000001.SZ,1d,2024-07-02,9.265709970176994,9.427634998782027,9.24771830033199,9.355668319402012,1384386.0,1440864390.61,20240702,10.399999999999999,1.111625556287863,20260612,20260612,1.0329059999999999
000001.SZ,1d,2024-07-03,9.355668319402014,9.382655824169522,9.256714135254493,9.274705805099497,713067.0,737326421.1600001,20240703,10.31,1.111625556287863,20260612,20260612,1.0329059999999999
000001.SZ,1d,2024-07-04,9.265709970176996,9.337676649557011,9.220730795564485,9.229726630486986,735044.0,757464386.79,20240704,10.26,1.111625556287863,20260612,20260612,1.0329059999999999
000001.SZ,1d,2024-07-05,9.229726630486986,9.25671413525449,8.923868243121921,8.96884741773443,1713354.0,1721256576.49,20240705,9.97,1.111625556287863,20260612,20260612,1.0329059999999999
000001.SZ,1d,2024-07-08,8.941859912966924,9.01382659234694,8.860897398664408,8.932864078044423,868660.0,864791776.33,20240708,9.93,1.111625556287863,20260612,20260612,1.0329059999999999
000001.SZ,1d,2024-07-09,8.941859912966924,9.085793271726955,8.914872408199418,9.05880576695945,1032485.0,1034316510.76,20240709,10.07,1.111625556287863,20260612,20260612,1.0329059999999999
000001.SZ,1d,2024-07-10,9.05880576695945,9.175751620951976,9.040814097114447,9.121776611416964,873865.0,886626727.3,20240710,10.14,1.111625556287863,20260612,20260612,1.0329059999999999
000001.SZ,1d,2024-07-11,9.184747455874477,9.20273912571948,9.05880576695945,9.112780776494462,721392.0,731789332.33,20240711,10.13,1.111625556287863,20260612,20260612,1.0329059999999999
000001.SZ,1d,2024-07-12,9.103784941571961,9.274705805099497,9.103784941571961,9.274705805099497,1214164.0,1246877665.6,20240712,10.31,1.111625556287863,20260612,20260612,1.0329059999999999
000001.SZ,1d,2024-07-15,9.274705805099497,9.310689144789503,9.229726630486986,9.2926974749445,869412.0,896975833.1600001,20240715,10.33,1.111625556287863,20260612,20260612,1.0329059999999999
000001.SZ,1d,2024-07-16,9.2926974749445,9.32868081463451,9.211734960641984,9.265709970176996,943008.0,971564894.83,20240716,10.3,1.111625556287863,20260612,20260612,1.0329059999999999
000001.SZ,1d,2024-07-17,9.265709970176994,9.373659989247017,9.24771830033199,9.355668319402012,1220168.0,1266412580.0,20240717,10.399999999999999,1.111625556287863,20260612,20260612,1.0329059999999999
000001.SZ,1d,2024-07-18,9.337676649557011,9.382655824169522,9.265709970176996,9.364664154324515,1087061.0,1127365070.67,20240718,10.41,1.111625556287863,20260612,20260612,1.0329059999999999
000001.SZ,1d,2024-07-19,9.337676649557011,9.373659989247018,9.256714135254493,9.32868081463451,898723.0,929722661.62,20240719,10.370000000000001,1.111625556287863,20260612,20260612,1.0329059999999999
000001.SZ,1d,2024-07-22,9.319684979712006,9.33767664955701,9.166755786029473,9.20273912571948,994481.0,1018663805.8,20240722,10.229999999999999,1.111625556287863,20260612,20260612,1.0329059999999999
000001.SZ,1d,2024-07-23,9.220730795564485,9.2926974749445,9.139768281261967,9.157759951106971,1020154.0,1046994471.4000001,20240723,10.18,1.111625556287863,20260612,20260612,1.0329059999999999
000001.SZ,1d,2024-07-24,9.157759951106973,9.211734960641984,9.103784941571961,9.112780776494462,724518.0,736332832.11,20240724,10.13,1.111625556287863,20260612,20260612,1.0329059999999999
000001.SZ,1d,2024-07-25,9.10378494157196,9.130772446339465,8.995834922501937,9.076797436804453,856404.0,861750365.5400001,20240725,10.09,1.111625556287863,20260612,20260612,1.0329059999999999
000001.SZ,1d,2024-07-26,9.085793271726956,9.103784941571961,8.96884741773443,9.022822427269443,929552.0,931879546.46,20240726,10.030000000000001,1.111625556287863,20260612,20260612,1.0329059999999999
000001.SZ,1d,2024-07-29,9.013826592346941,9.121776611416964,8.96884741773443,9.09478910664946,781552.0,788019058.6100001,20240729,10.110000000000001,1.111625556287863,20260612,20260612,1.0329059999999999
000001.SZ,1d,2024-07-30,9.085793271726955,9.11278077649446,9.02282242726944,9.067801601881952,613268.0,618056610.32,20240730,10.08,1.111625556287863,20260612,20260612,1.0329059999999999
000001.SZ,1d,2024-07-31,9.067801601881952,9.247718300331991,9.05880576695945,9.238722465409488,1096906.0,1117768674.6999998,20240731,10.27,1.111625556287863,20260612,20260612,1.0329059999999999
000001.SZ,1d,2024-08-01,9.220730795564485,9.283701640021999,9.14876411618447,9.238722465409488,733884.0,752688220.0,20240801,10.27,1.111625556287863,20260612,20260612,1.0329059999999999
000001.SZ,1d,2024-08-02,9.193743290796979,9.220730795564485,9.112780776494462,9.121776611416964,590229.0,601173370.8399999,20240802,10.14,1.111625556287863,20260612,20260612,1.0329059999999999
000001.SZ,1d,2024-08-05,9.09478910664946,9.193743290796979,9.040814097114447,9.040814097114447,758979.0,768980624.53,20240805,10.05,1.111625556287863,20260612,20260612,1.0329059999999999
000001.SZ,1d,2024-08-06,9.05880576695945,9.103784941571961,8.896880738354415,8.932864078044423,1265537.0,1261997756.88,20240806,9.93,1.111625556287863,20260612,20260612,1.0329059999999999
000001.SZ,1d,2024-08-07,8.950855747889426,8.977843252656934,8.914872408199418,8.932864078044423,517608.0,514848813.1,20240807,9.93,1.111625556287863,20260612,20260612,1.0329059999999999
000001.SZ,1d,2024-08-08,8.923868243121921,8.977843252656934,8.905876573276917,8.941859912966924,500411.0,497548149.01,20240808,9.94,1.111625556287863,20260612,20260612,1.0329059999999999
000001.SZ,1d,2024-08-09,8.959851582811927,9.085793271726955,8.941859912966924,9.031818262191944,730274.0,732886455.92,20240809,10.04,1.111625556287863,20260612,20260612,1.0329059999999999
000001.SZ,1d,2024-08-12,9.01382659234694,9.040814097114447,8.977843252656934,9.004830757424438,353013.0,353251351.40000004,20240812,10.01,1.111625556287863,20260612,20260612,1.0329059999999999
000001.SZ,1d,2024-08-13,9.01382659234694,9.02282242726944,8.923868243121921,8.950855747889426,622077.0,620061491.9200001,20240813,9.95,1.111625556287863,20260612,20260612,1.0329059999999999
000001.SZ,1d,2024-08-14,8.941859912966924,8.977843252656934,8.914872408199418,8.923868243121921,436380.0,433380446.81000006,20240814,9.92,1.111625556287863,20260612,20260612,1.0329059999999999
000001.SZ,1d,2024-08-15,8.923868243121923,9.049809932036949,8.878889068509412,9.022822427269443,776247.0,775851460.98,20240815,10.030000000000001,1.111625556287863,20260612,20260612,1.0329059999999999
000001.SZ,1d,2024-08-16,9.067801601881952,9.184747455874477,9.040814097114447,9.112780776494462,1260368.0,1277042000.97,20240816,10.13,1.111625556287863,20260612,20260612,1.0329059999999999
000001.SZ,1d,2024-08-19,9.112780776494462,9.265709970176996,9.103784941571961,9.256714135254493,1482985.0,1520594687.5500002,20240819,10.290000000000001,1.111625556287863,20260612,20260612,1.0329059999999999
000001.SZ,1d,2024-08-20,9.283701640021997,9.38265582416952,9.24771830033199,9.301693309867002,1569187.0,1623147686.3600001,20240820,10.34,1.111625556287863,20260612,20260612,1.0329059999999999
000001.SZ,1d,2024-08-21,9.265709970176996,9.337676649557011,9.184747455874477,9.310689144789505,1034888.0,1068207868.1500001,20240821,10.350000000000001,1.111625556287863,20260612,20260612,1.0329059999999999
000001.SZ,1d,2024-08-22,9.301693309867002,9.400647494014525,9.283701640021999,9.337676649557011,1109030.0,1153871815.8000002,20240822,10.38,1.111625556287863,20260612,20260612,1.0329059999999999
000001.SZ,1d,2024-08-23,9.346672484479512,9.445626668627034,9.283701640021999,9.418639163859527,1071906.0,1117475768.1799998,20240823,10.47,1.111625556287863,20260612,20260612,1.0329059999999999
000001.SZ,1d,2024-08-26,9.445626668627034,9.490605843239543,9.373659989247017,9.436630833704532,740675.0,775921848.78,20240826,10.49,1.111625556287863,20260612,20260612,1.0329059999999999
000001.SZ,1d,2024-08-27,9.418639163859527,9.463618338472038,9.32868081463451,9.382655824169522,723137.0,755583764.04,20240827,10.430000000000001,1.111625556287863,20260612,20260612,1.0329059999999999
000001.SZ,1d,2024-08-28,9.364664154324515,9.38265582416952,9.24771830033199,9.2926974749445,942548.0,973872155.01,20240828,10.33,1.111625556287863,20260612,20260612,1.0329059999999999
000001.SZ,1d,2024-08-29,9.274705805099495,9.33767664955701,9.094789106649458,9.11278077649446,1197676.0,1221351092.1299999,20240829,10.129999999999999,1.111625556287863,20260612,20260612,1.0329059999999999
000001.SZ,1d,2024-08-30,9.094789106649458,9.229726630486986,9.094789106649458,9.139768281261967,1294059.0,1318858687.52,20240830,10.16,1.111625556287863,20260612,20260612,1.0329059999999999
000001.SZ,1d,2024-09-02,9.10378494157196,9.184747455874476,9.076797436804453,9.094789106649458,968836.0,983898750.95,20240902,10.11,1.111625556287863,20260612,20260612,1.0329059999999999
000001.SZ,1d,2024-09-03,9.094789106649458,9.112780776494462,8.995834922501937,9.067801601881952,916581.0,920884663.15,20240903,10.08,1.111625556287863,20260612,20260612,1.0329059999999999
000001.SZ,1d,2024-09-04,9.040814097114447,9.130772446339465,8.995834922501937,9.01382659234694,847992.0,852224669.89,20240904,10.02,1.111625556287863,20260612,20260612,1.0329059999999999
000001.SZ,1d,2024-09-05,9.022822427269443,9.067801601881952,8.977843252656934,9.05880576695945,594209.0,595845842.53,20240905,10.07,1.111625556287863,20260612,20260612,1.0329059999999999
000001.SZ,1d,2024-09-06,9.049809932036949,9.184747455874477,9.040814097114447,9.067801601881952,878865.0,891507833.6099999,20240906,10.08,1.111625556287863,20260612,20260612,1.0329059999999999
000001.SZ,1d,2024-09-09,9.040814097114447,9.05880576695945,8.851901563741905,8.860897398664408,1639175.0,1624857668.46,20240909,9.85,1.111625556287863,20260612,20260612,1.0329059999999999
000001.SZ,1d,2024-09-10,8.86989323358691,8.923868243121921,8.797926554206892,8.905876573276915,767901.0,756124763.92,20240910,9.899999999999999,1.111625556287863,20260612,20260612,1.0329059999999999
000001.SZ,1d,2024-09-11,8.887884903431914,8.887884903431914,8.662989030369365,8.680980700214368,1108727.0,1078602467.68,20240911,9.65,1.111625556287863,20260612,20260612,1.0329059999999999
000001.SZ,1d,2024-09-12,8.680980700214366,8.78893071928439,8.64499736052436,8.761943214516887,581834.0,564923215.58,20240912,9.74,1.111625556287863,20260612,20260612,1.0329059999999999
000001.SZ,1d,2024-09-13,8.752947379594385,8.833909893896902,8.725959874826879,8.725959874826879,566462.0,553269703.6,20240913,9.700000000000001,1.111625556287863,20260612,20260612,1.0329059999999999
000001.SZ,1d,2024-09-18,8.743951544671882,8.797926554206892,8.689976535136871,8.78893071928439,443611.0,431665627.32,20240918,9.77,1.111625556287863,20260612,20260612,1.0329059999999999
000001.SZ,1d,2024-09-19,8.806922389129396,8.851901563741905,8.707968204981874,8.8249140589744,684293.0,669341181.7,20240919,9.81,1.111625556287863,20260612,20260612,1.0329059999999999
000001.SZ,1d,2024-09-20,8.824914058974398,8.905876573276915,8.797926554206892,8.905876573276915,797297.0,785121198.9100001,20240920,9.899999999999999,1.111625556287863,20260612,20260612,1.0329059999999999
000001.SZ,1d,2024-09-23,8.896880738354415,9.076797436804455,8.878889068509412,9.031818262191944,896908.0,897428029.52,20240923,10.040000000000001,1.111625556287863,20260612,20260612,1.0329059999999999
000001.SZ,1d,2024-09-24,9.094789106649458,9.328680814634508,9.067801601881952,9.328680814634508,1638213.0,1678174481.91,20240924,10.37,1.111625556287863,20260612,20260612,1.0329059999999999
000001.SZ,1d,2024-09-25,9.463618338472038,9.625543367077073,9.400647494014525,9.445626668627035,2160694.0,2285995369.39,20240925,10.500000000000002,1.111625556287863,20260612,20260612,1.0329059999999999
000001.SZ,1d,2024-09-26,9.445626668627034,10.03035593858966,9.445626668627034,10.03035593858966,3086457.0,3341759455.52,20240926,11.15,1.111625556287863,20260612,20260612,1.0329059999999999
000001.SZ,1d,2024-09-27,10.210272637039697,10.399185170412236,9.922405919519635,10.273243481497211,3840016.0,4337985142.5,20240927,11.42,1.111625556287863,20260612,20260612,1.0329059999999999
000001.SZ,1d,2024-09-30,10.45316017994725,11.064876954677382,10.399185170412238,10.983914440374864,5430284.0,6467438837.700001,20240930,12.21,1.111625556287863,20260612,20260612,1.0329059999999999
000001.SZ,1d,2024-10-08,12.0814063009201,12.0814063009201,11.10086029436739,11.586635380182493,5888978.0,7602664023.92,20241008,12.879999999999999,1.111625556287863,20260612,20260612,1.0329059999999999
000001.SZ,1d,2024-10-09,11.361739507119946,11.361739507119946,10.489143519637258,10.50713518948226,4269345.0,5172049702.2300005,20241009,11.68,1.111625556287863,20260612,20260612,1.0329059999999999
000001.SZ,1d,2024-10-10,10.681791699403055,11.270117576134377,10.6634065157552,11.012725005064423,3426422.0,4095573500.6400003,20241010,11.98,1.0878324841935811,20260612,20260612,1.0329059999999999
000001.SZ,1d,2024-10-11,11.031110188712278,11.187384249719035,10.645021332107348,10.773717617642324,2070891.0,2455848197.41,20241011,11.72,1.0878324841935811,20260612,20260612,1.0329059999999999
000001.SZ,1d,2024-10-14,11.012725005064423,11.196576841542964,10.838065760409814,11.049495372360132,2400595.0,2881934271.8500004,20241014,12.020000000000001,1.0878324841935811,20260612,20260612,1.0329059999999999
000001.SZ,1d,2024-10-15,10.975954637768718,11.242539800662597,10.920799086825156,10.939184270473008,2072841.0,2500974426.85,20241015,11.9,1.0878324841935811,20260612,20260612,1.0329059999999999
000001.SZ,1d,2024-10-16,10.84725835223374,11.196576841542962,10.819680576761959,11.086265739655838,1914494.0,2301340929.27,20241016,12.059999999999999,1.0878324841935811,20260612,20260612,1.0329059999999999
000001.SZ,1d,2024-10-17,11.095458331479765,11.242539800662597,10.966762045944789,10.985147229592641,1653708.0,1993261646.25,20241017,11.95,1.0878324841935811,20260612,20260612,1.0329059999999999
000001.SZ,1d,2024-10-18,10.948376862296936,11.196576841542962,10.736947250346617,11.067880556007983,2604654.0,3105820972.95,20241018,12.04,1.0878324841935811,20260612,20260612,1.0329059999999999
000001.SZ,1d,2024-10-21,10.975954637768718,10.975954637768718,10.690984291226982,10.856450944057666,2806655.0,3302020181.42,20241021,11.81,1.0878324841935811,20260612,20260612,1.0329059999999999
000001.SZ,1d,2024-10-22,10.810487984938032,10.96676204594479,10.773717617642324,10.838065760409814,1617787.0,1908438724.93,20241022,11.790000000000001,1.0878324841935811,20260612,20260612,1.0329059999999999
000001.SZ,1d,2024-10-23,10.865643535881594,10.929991678649081,10.801295393114104,10.902413903177301,1511866.0,1787236762.42,20241023,11.86,1.0878324841935811,20260612,20260612,1.0329059999999999
000001.SZ,1d,2024-10-24,10.856450944057666,10.902413903177301,10.773717617642324,10.801295393114104,885299.0,1042818619.0899999,20241024,11.75,1.0878324841935811,20260612,20260612,1.0329059999999999
000001.SZ,1d,2024-10-25,10.819680576761959,10.828873168585885,10.746139842170543,10.764525025818397,1105755.0,1296844369.0400002,20241025,11.709999999999999,1.0878324841935811,20260612,20260612,1.0329059999999999
000001.SZ,1d,2024-10-28,10.736947250346617,10.736947250346617,10.599058372987713,10.700176883050908,1169487.0,1356008963.4,20241028,11.639999999999999,1.0878324841935811,20260612,20260612,1.0329059999999999
000001.SZ,1d,2024-10-29,10.681791699403055,10.792102801290179,10.599058372987713,10.608250964811639,1198025.0,1391150258.93,20241029,11.54,1.0878324841935811,20260612,20260612,1.0329059999999999
000001.SZ,1d,2024-10-30,10.571480597515933,10.645021332107348,10.360050985565614,10.406013944685249,1482403.0,1686501657.86,20241030,11.32,1.0878324841935811,20260612,20260612,1.0329059999999999
000001.SZ,1d,2024-10-31,10.415206536509174,10.516325046572371,10.332473210093834,10.46116949562881,1250205.0,1419624319.2700002,20241031,11.38,1.0878324841935811,20260612,20260612,1.0329059999999999
000001.SZ,1d,2024-11-01,10.461169495628809,10.617443556635568,10.424399128333102,10.507132454748444,1589811.0,1821423447.0600002,20241101,11.43,1.0878324841935811,20260612,20260612,1.0329059999999999
000001.SZ,1d,2024-11-04,10.507132454748444,10.534710230220224,10.350858393741687,10.534710230220224,1131516.0,1285874126.16,20241104,11.459999999999999,1.0878324841935811,20260612,20260612,1.0329059999999999
000001.SZ,1d,2024-11-05,10.497939862924516,10.718562066698762,10.470362087452736,10.709369474874837,1665418.0,1925260700.3500001,20241105,11.65,1.0878324841935811,20260612,20260612,1.0329059999999999
000001.SZ,1d,2024-11-06,10.681791699403057,10.70017688305091,10.543902822044153,10.617443556635568,1462286.0,1689977500.7700002,20241106,11.55,1.0878324841935811,20260612,20260612,1.0329059999999999
000001.SZ,1d,2024-11-07,10.571480597515933,10.966762045944789,10.553095413868078,10.948376862296936,2242844.0,2627007560.7099996,20241107,11.91,1.0878324841935811,20260612,20260612,1.0329059999999999
000001.SZ,1d,2024-11-08,10.975954637768718,11.040302780536205,10.755332433994472,10.773717617642324,1895104.0,2239060533.97,20241108,11.72,1.0878324841935811,20260612,20260612,1.0329059999999999
000001.SZ,1d,2024-11-11,10.690984291226982,10.736947250346619,10.543902822044153,10.663406515755202,1486952.0,1717961561.94,20241111,11.600000000000001,1.0878324841935811,20260612,20260612,1.0329059999999999
000001.SZ,1d,2024-11-12,10.645021332107348,10.884028719529447,10.580673189339858,10.608250964811639,1717663.0,2005791407.67,20241112,11.54,1.0878324841935811,20260612,20260612,1.0329059999999999
000001.SZ,1d,2024-11-13,10.571480597515933,10.755332433994472,10.553095413868078,10.67259910757913,1086263.0,1260161857.3200002,20241113,11.610000000000001,1.0878324841935811,20260612,20260612,1.0329059999999999
000001.SZ,1d,2024-11-14,10.654213923931275,10.75533243399447,10.599058372987713,10.608250964811639,1159783.0,1348378228.9699998,20241114,11.54,1.0878324841935811,20260612,20260612,1.0329059999999999
000001.SZ,1d,2024-11-15,10.571480597515933,10.672599107579128,10.497939862924516,10.516325046572371,1215784.0,1399308729.48,20241115,11.44,1.0878324841935811,20260612,20260612,1.0329059999999999
000001.SZ,1d,2024-11-18,10.690984291226982,11.067880556007985,10.681791699403057,10.801295393114106,3797324.0,4493249093.24,20241118,11.750000000000002,1.0878324841935811,20260612,20260612,1.0329059999999999
000001.SZ,1d,2024-11-19,10.801295393114104,10.99433982141657,10.617443556635568,10.736947250346619,2430037.0,2849661696.39,20241119,11.680000000000001,1.0878324841935811,20260612,20260612,1.0329059999999999
000001.SZ,1d,2024-11-20,10.72775465852269,10.801295393114104,10.672599107579128,10.700176883050908,1286572.0,1498818033.91,20241120,11.639999999999999,1.0878324841935811,20260612,20260612,1.0329059999999999
000001.SZ,1d,2024-11-21,10.681791699403057,10.709369474874837,10.626636148459495,10.654213923931275,883408.0,1023998431.6800001,20241121,11.59,1.0878324841935811,20260612,20260612,1.0329059999999999
000001.SZ,1d,2024-11-22,10.654213923931275,10.672599107579128,10.36924357738954,10.36924357738954,1625317.0,1858071592.3899999,20241122,11.28,1.0878324841935811,20260612,20260612,1.0329059999999999
000001.SZ,1d,2024-11-25,10.369243577389541,10.424399128333102,10.240547291854565,10.277317659150272,1166020.0,1310130629.1100001,20241125,11.18,1.0878324841935811,20260612,20260612,1.0329059999999999
000001.SZ,1d,2024-11-26,10.277317659150272,10.396821352861322,10.240547291854565,10.360050985565614,831078.0,933733854.73,20241126,11.270000000000001,1.0878324841935811,20260612,20260612,1.0329059999999999
000001.SZ,1d,2024-11-27,10.332473210093834,10.470362087452736,10.249739883678492,10.470362087452736,895178.0,1010001963.8100001,20241127,11.39,1.0878324841935811,20260612,20260612,1.0329059999999999
000001.SZ,1d,2024-11-28,10.470362087452736,10.497939862924516,10.406013944685249,10.424399128333102,733169.0,833121339.08,20241128,11.34,1.0878324841935811,20260612,20260612,1.0329059999999999
000001.SZ,1d,2024-11-29,10.451976903804882,10.534710230220224,10.424399128333102,10.461169495628809,1028488.0,1173316153.6000001,20241129,11.379999999999999,1.0878324841935811,20260612,20260612,1.0329059999999999
000001.SZ,1d,2024-12-02,10.470362087452736,10.479554679276664,10.396821352861322,10.470362087452736,975434.0,1108785597.4,20241202,11.39,1.0878324841935811,20260612,20260612,1.0329059999999999
000001.SZ,1d,2024-12-03,10.451976903804882,10.571480597515933,10.433591720157029,10.562288005692006,1082559.0,1236992678.1000001,20241203,11.49,1.0878324841935811,20260612,20260612,1.0329059999999999
000001.SZ,1d,2024-12-04,10.516325046572373,10.599058372987715,10.451976903804884,10.534710230220226,1007471.0,1154623369.68,20241204,11.46,1.0878324841935811,20260612,20260612,1.0329059999999999
000001.SZ,1d,2024-12-05,10.516325046572371,10.571480597515933,10.488747271100591,10.516325046572371,687109.0,786137963.74,20241205,11.44,1.0878324841935811,20260612,20260612,1.0329059999999999
000001.SZ,1d,2024-12-06,10.516325046572371,10.75533243399447,10.507132454748444,10.718562066698762,1726269.0,2004270465.7899997,20241206,11.66,1.0878324841935811,20260612,20260612,1.0329059999999999
000001.SZ,1d,2024-12-09,10.69098429122698,10.773717617642324,10.654213923931275,10.72775465852269,964063.0,1123441854.9,20241209,11.67,1.0878324841935811,20260612,20260612,1.0329059999999999
000001.SZ,1d,2024-12-10,10.939184270473008,10.985147229592641,10.801295393114104,10.838065760409812,2167807.0,2564600676.79,20241210,11.79,1.0878324841935811,20260612,20260612,1.0329059999999999
000001.SZ,1d,2024-12-11,10.838065760409814,10.874836127705521,10.773717617642324,10.782910209466252,967691.0,1138374174.98,20241211,11.73,1.0878324841935811,20260612,20260612,1.0329059999999999
000001.SZ,1d,2024-12-12,10.782910209466252,10.911606495001228,10.764525025818399,10.893221311353376,986235.0,1164062448.2300003,20241212,11.850000000000001,1.0878324841935811,20260612,20260612,1.0329059999999999
000001.SZ,1d,2024-12-13,10.838065760409814,10.847258352233741,10.626636148459495,10.626636148459495,1343793.0,1565589089.3600001,20241213,11.56,1.0878324841935811,20260612,20260612,1.0329059999999999
000001.SZ,1d,2024-12-16,10.626636148459493,10.718562066698762,10.599058372987713,10.635828740283419,805718.0,934226189.29,20241216,11.569999999999999,1.0878324841935811,20260612,20260612,1.0329059999999999
000001.SZ,1d,2024-12-17,10.63582874028342,10.709369474874837,10.589865781163786,10.599058372987713,802120.0,929225455.3,20241217,11.53,1.0878324841935811,20260612,20260612,1.0329059999999999
000001.SZ,1d,2024-12-18,10.645021332107348,10.792102801290179,10.63582874028342,10.709369474874837,1016590.0,1186285805.48,20241218,11.65,1.0878324841935811,20260612,20260612,1.0329059999999999
000001.SZ,1d,2024-12-19,10.654213923931277,10.70017688305091,10.60825096481164,10.654213923931277,697379.0,808465663.92,20241219,11.590000000000002,1.0878324841935811,20260612,20260612,1.0329059999999999
000001.SZ,1d,2024-12-20,10.654213923931275,10.75533243399447,10.645021332107348,10.681791699403055,714646.0,831437460.3,20241220,11.62,1.0878324841935811,20260612,20260612,1.0329059999999999
000001.SZ,1d,2024-12-23,10.70017688305091,10.884028719529447,10.70017688305091,10.782910209466252,1659405.0,1953519499.0699997,20241223,11.73,1.0878324841935811,20260612,20260612,1.0329059999999999
000001.SZ,1d,2024-12-24,10.773717617642324,10.911606495001228,10.773717617642324,10.902413903177301,1350837.0,1595698790.02,20241224,11.860000000000001,1.0878324841935811,20260612,20260612,1.0329059999999999
000001.SZ,1d,2024-12-25,10.902413903177301,11.04949537236013,10.884028719529447,10.957569454120861,1475283.0,1759956630.3400002,20241225,11.92,1.0878324841935811,20260612,20260612,1.0329059999999999
000001.SZ,1d,2024-12-26,10.957569454120861,10.966762045944789,10.828873168585885,10.902413903177301,1000075.0,1183745518.53,20241226,11.86,1.0878324841935811,20260612,20260612,1.0329059999999999
000001.SZ,1d,2024-12-27,10.911606495001228,10.939184270473008,10.718562066698762,10.874836127705521,1290012.0,1518383345.1100001,20241227,11.83,1.0878324841935811,20260612,20260612,1.0329059999999999
000001.SZ,1d,2024-12-30,10.828873168585885,11.003532413240496,10.828873168585885,10.985147229592641,1351846.0,1610892096.2500002,20241230,11.95,1.0878324841935811,20260612,20260612,1.0329059999999999
000001.SZ,1d,2024-12-31,10.96676204594479,11.02191759688835,10.755332433994472,10.755332433994472,1475367.0,1747242074.23,20241231,11.700000000000001,1.0878324841935811,20260612,20260612,1.0329059999999999
000001.SZ,1d,2025-01-02,10.782910209466252,10.819680576761959,10.470362087452736,10.507132454748444,1819597.0,2102923078.1100001,20250102,11.43,1.0878324841935811,20260612,20260612,1.0329059999999999
000001.SZ,1d,2025-01-03,10.516325046572371,10.608250964811639,10.442784311980954,10.461169495628809,1154680.0,1320520977.5900002,20250103,11.379999999999999,1.0878324841935811,20260612,20260612,1.0329059999999999
000001.SZ,1d,2025-01-06,10.46116949562881,10.553095413868078,10.31408802644598,10.516325046572373,1085536.0,1234305778.04,20250106,11.440000000000001,1.0878324841935811,20260612,20260612,1.0329059999999999
000001.SZ,1d,2025-01-07,10.497939862924518,10.599058372987715,10.451976903804884,10.58067318933986,747863.0,858329048.54,20250107,11.510000000000002,1.0878324841935811,20260612,20260612,1.0329059999999999
000001.SZ,1d,2025-01-08,10.571480597515933,10.690984291226982,10.479554679276664,10.571480597515933,1062386.0,1223598996.56,20250108,11.5,1.0878324841935811,20260612,20260612,1.0329059999999999
000001.SZ,1d,2025-01-09,10.571480597515933,10.571480597515933,10.433591720157029,10.479554679276664,751483.0,857836086.0799999,20250109,11.4,1.0878324841935811,20260612,20260612,1.0329059999999999
000001.SZ,1d,2025-01-10,10.479554679276662,10.534710230220224,10.36924357738954,10.387628761037394,798134.0,905005040.97,20250110,11.299999999999999,1.0878324841935811,20260612,20260612,1.0329059999999999
000001.SZ,1d,2025-01-13,10.34166580191776,10.350858393741687,10.185391740911003,10.295702842798125,934966.0,1044904415.8399999,20250113,11.2,1.0878324841935811,20260612,20260612,1.0329059999999999
000001.SZ,1d,2025-01-14,10.295702842798125,10.479554679276664,10.286510250974198,10.461169495628809,824629.0,934467766.3900001,20250114,11.379999999999999,1.0878324841935811,20260612,20260612,1.0329059999999999
000001.SZ,1d,2025-01-15,10.461169495628809,10.645021332107348,10.442784311980954,10.553095413868077,1031631.0,1185403653.4299998,20250115,11.479999999999999,1.0878324841935811,20260612,20260612,1.0329059999999999
000001.SZ,1d,2025-01-16,10.617443556635568,10.654213923931275,10.543902822044153,10.63582874028342,872964.0,1007689273.6599998,20250116,11.57,1.0878324841935811,20260612,20260612,1.0329059999999999
000001.SZ,1d,2025-01-17,10.599058372987713,10.617443556635568,10.497939862924516,10.525517638396297,689765.0,791230418.6400001,20250117,11.45,1.0878324841935811,20260612,20260612,1.0329059999999999
000001.SZ,1d,2025-01-20,10.571480597515933,10.589865781163786,10.479554679276664,10.497939862924516,832029.0,953092179.1700001,20250120,11.42,1.0878324841935811,20260612,20260612,1.0329059999999999
000001.SZ,1d,2025-01-21,10.525517638396298,10.525517638396298,10.406013944685249,10.415206536509174,902069.0,1024879174.22,20250121,11.33,1.0878324841935811,20260612,20260612,1.0329059999999999
000001.SZ,1d,2025-01-22,10.406013944685249,10.415206536509174,10.185391740911003,10.19458433273493,1347129.0,1504818607.18,20250122,11.09,1.0878324841935811,20260612,20260612,1.0329059999999999
000001.SZ,1d,2025-01-23,10.268125067326345,10.479554679276664,10.268125067326345,10.406013944685249,1514920.0,1715172472.4700003,20250123,11.32,1.0878324841935811,20260612,20260612,1.0329059999999999
000001.SZ,1d,2025-01-24,10.406013944685249,10.470362087452736,10.31408802644598,10.424399128333102,944944.0,1069899088.2800001,20250124,11.34,1.0878324841935811,20260612,20260612,1.0329059999999999
000001.SZ,1d,2025-01-27,10.46116949562881,10.617443556635568,10.46116949562881,10.543902822044153,1151935.0,1324270606.5500002,20250127,11.47,1.0878324841935811,20260612,20260612,1.0329059999999999
000001.SZ,1d,2025-02-05,10.571480597515933,10.589865781163786,10.415206536509174,10.451976903804882,843434.0,961193578.9000001,20250205,11.37,1.0878324841935811,20260612,20260612,1.0329059999999999
000001.SZ,1d,2025-02-06,10.43359172015703,10.525517638396298,10.387628761037394,10.442784311980956,955603.0,1084793176.2600002,20250206,11.360000000000001,1.0878324841935811,20260612,20260612,1.0329059999999999
000001.SZ,1d,2025-02-07,10.442784311980956,10.525517638396298,10.396821352861322,10.46116949562881,1407493.0,1601621979.76,20250207,11.38,1.0878324841935811,20260612,20260612,1.0329059999999999
000001.SZ,1d,2025-02-10,10.461169495628809,10.571480597515933,10.442784311980954,10.507132454748444,1026591.0,1174044624.1399999,20250210,11.43,1.0878324841935811,20260612,20260612,1.0329059999999999
000001.SZ,1d,2025-02-11,10.479554679276664,10.543902822044153,10.451976903804884,10.497939862924518,844520.0,963865614.95,20250211,11.420000000000002,1.0878324841935811,20260612,20260612,1.0329059999999999
000001.SZ,1d,2025-02-12,10.488747271100591,10.507132454748444,10.424399128333102,10.497939862924516,988807.0,1125323632.69,20250212,11.42,1.0878324841935811,20260612,20260612,1.0329059999999999
000001.SZ,1d,2025-02-13,10.497939862924516,10.617443556635568,10.479554679276664,10.571480597515933,1358639.0,1560709510.83,20250213,11.5,1.0878324841935811,20260612,20260612,1.0329059999999999
000001.SZ,1d,2025-02-14,10.562288005692006,10.617443556635566,10.507132454748444,10.617443556635566,973058.0,1118355996.56,20250214,11.549999999999999,1.0878324841935811,20260612,20260612,1.0329059999999999
000001.SZ,1d,2025-02-17,10.663406515755202,10.847258352233741,10.617443556635568,10.828873168585886,2061965.0,2413146066.57,20250217,11.780000000000001,1.0878324841935811,20260612,20260612,1.0329059999999999
000001.SZ,1d,2025-02-18,10.810487984938032,10.994339821416569,10.810487984938032,10.856450944057666,1996610.0,2371071466.8900003,20250218,11.81,1.0878324841935811,20260612,20260612,1.0329059999999999
000001.SZ,1d,2025-02-19,10.84725835223374,10.856450944057666,10.736947250346617,10.764525025818397,1177749.0,1382467174.27,20250219,11.709999999999999,1.0878324841935811,20260612,20260612,1.0329059999999999
000001.SZ,1d,2025-02-20,10.764525025818399,10.810487984938032,10.709369474874837,10.718562066698762,784396.0,917231443.37,20250220,11.66,1.0878324841935811,20260612,20260612,1.0329059999999999
000001.SZ,1d,2025-02-21,10.746139842170544,10.764525025818399,10.617443556635568,10.70017688305091,973969.0,1131033823.93,20250221,11.64,1.0878324841935811,20260612,20260612,1.0329059999999999
000001.SZ,1d,2025-02-24,10.690984291226982,10.746139842170544,10.626636148459495,10.654213923931275,949956.0,1103548964.32,20250224,11.59,1.0878324841935811,20260612,20260612,1.0329059999999999
000001.SZ,1d,2025-02-25,10.626636148459495,10.645021332107348,10.534710230220226,10.543902822044153,917156.0,1055685157.06,20250225,11.47,1.0878324841935811,20260612,20260612,1.0329059999999999
000001.SZ,1d,2025-02-26,10.543902822044153,10.663406515755202,10.543902822044153,10.589865781163788,841646.0,970641211.48,20250226,11.520000000000001,1.0878324841935811,20260612,20260612,1.0329059999999999
000001.SZ,1d,2025-02-27,10.599058372987715,10.690984291226982,10.534710230220226,10.681791699403057,977310.0,1130386662.02,20250227,11.620000000000001,1.0878324841935811,20260612,20260612,1.0329059999999999
000001.SZ,1d,2025-02-28,10.645021332107348,10.736947250346617,10.571480597515933,10.599058372987713,949088.0,1100335054.0800002,20250228,11.53,1.0878324841935811,20260612,20260612,1.0329059999999999
000001.SZ,1d,2025-03-03,10.589865781163788,10.626636148459495,10.525517638396298,10.58067318933986,830457.0,955266366.31,20250303,11.510000000000002,1.0878324841935811,20260612,20260612,1.0329059999999999
000001.SZ,1d,2025-03-04,10.543902822044151,10.617443556635566,10.516325046572371,10.580673189339858,683179.0,785447989.4499999,20250304,11.51,1.0878324841935811,20260612,20260612,1.0329059999999999
000001.SZ,1d,2025-03-05,10.589865781163786,10.72775465852269,10.553095413868078,10.718562066698762,1080645.0,1254892073.9300003,20250305,11.66,1.0878324841935811,20260612,20260612,1.0329059999999999
000001.SZ,1d,2025-03-06,10.746139842170543,10.75533243399447,10.6634065157552,10.69098429122698,877408.0,1021780609.28,20250306,11.629999999999999,1.0878324841935811,20260612,20260612,1.0329059999999999
000001.SZ,1d,2025-03-07,10.69098429122698,10.746139842170543,10.6634065157552,10.72775465852269,835537.0,973236689.8000002,20250307,11.67,1.0878324841935811,20260612,20260612,1.0329059999999999
000001.SZ,1d,2025-03-10,10.718562066698762,10.72775465852269,10.617443556635568,10.654213923931275,663834.0,769261385.33,20250310,11.59,1.0878324841935811,20260612,20260612,1.0329059999999999
000001.SZ,1d,2025-03-11,10.608250964811639,10.672599107579128,10.589865781163786,10.672599107579128,608975.0,704240463.95,20250311,11.61,1.0878324841935811,20260612,20260612,1.0329059999999999
000001.SZ,1d,2025-03-12,10.6634065157552,10.911606495001228,10.626636148459495,10.893221311353374,1877318.0,2210904482.32,20250312,11.85,1.0878324841935811,20260612,20260612,1.0329059999999999
000001.SZ,1d,2025-03-13,10.856450944057665,10.948376862296936,10.828873168585885,10.884028719529447,1312371.0,1555123173.93,20250313,11.84,1.0878324841935811,20260612,20260612,1.0329059999999999
000001.SZ,1d,2025-03-14,10.865643535881594,11.031110188712278,10.865643535881594,11.003532413240498,1722418.0,2057970454.3999999,20250314,11.97,1.0878324841935811,20260612,20260612,1.0329059999999999
000001.SZ,1d,2025-03-17,10.690984291226982,10.727754658522691,10.534710230220226,10.571480597515933,4603612.0,5315522816.990001,20250317,11.5,1.0878324841935811,20260612,20260612,1.0329059999999999
000001.SZ,1d,2025-03-18,10.589865781163786,10.60825096481164,10.553095413868078,10.562288005692006,1605290.0,1846500421.28,20250318,11.49,1.0878324841935811,20260612,20260612,1.0329059999999999
000001.SZ,1d,2025-03-19,10.553095413868078,10.599058372987715,10.534710230220226,10.589865781163788,1362455.0,1566452160.69,20250319,11.520000000000001,1.0878324841935811,20260612,20260612,1.0329059999999999
000001.SZ,1d,2025-03-20,10.580673189339858,10.672599107579128,10.562288005692006,10.562288005692006,1101157.0,1268849139.57,20250320,11.49,1.0878324841935811,20260612,20260612,1.0329059999999999
000001.SZ,1d,2025-03-21,10.562288005692006,10.589865781163788,10.470362087452736,10.497939862924516,1376389.0,1576151833.21,20250321,11.42,1.0878324841935811,20260612,20260612,1.0329059999999999
000001.SZ,1d,2025-03-24,10.488747271100591,10.516325046572371,10.424399128333102,10.461169495628809,1164577.0,1325564001.84,20250324,11.379999999999999,1.0878324841935811,20260612,20260612,1.0329059999999999
000001.SZ,1d,2025-03-25,10.461169495628809,10.507132454748444,10.442784311980954,10.507132454748444,735609.0,839142044.4599999,20250325,11.43,1.0878324841935811,20260612,20260612,1.0329059999999999
000001.SZ,1d,2025-03-26,10.497939862924518,10.507132454748445,10.451976903804884,10.46116949562881,740863.0,843536936.1899999,20250326,11.38,1.0878324841935811,20260612,20260612,1.0329059999999999
000001.SZ,1d,2025-03-27,10.451976903804882,10.488747271100591,10.433591720157029,10.470362087452736,553349.0,629863382.77,20250327,11.389999999999999,1.0878324841935811,20260612,20260612,1.0329059999999999
000001.SZ,1d,2025-03-28,10.470362087452736,10.479554679276664,10.424399128333102,10.433591720157029,644946.0,732420873.5500001,20250328,11.35,1.0878324841935811,20260612,20260612,1.0329059999999999
000001.SZ,1d,2025-03-31,10.442784311980954,10.461169495628809,10.350858393741687,10.350858393741687,1116126.0,1262598263.31,20250331,11.26,1.0878324841935811,20260612,20260612,1.0329059999999999
000001.SZ,1d,2025-04-01,10.360050985565614,10.387628761037394,10.31408802644598,10.360050985565614,681470.0,767424131.4,20250401,11.270000000000001,1.0878324841935811,20260612,20260612,1.0329059999999999
000001.SZ,1d,2025-04-02,10.34166580191776,10.488747271100591,10.34166580191776,10.451976903804882,932642.0,1058747240.7,20250402,11.37,1.0878324841935811,20260612,20260612,1.0329059999999999
000001.SZ,1d,2025-04-03,10.396821352861322,10.470362087452736,10.387628761037394,10.424399128333102,643914.0,730375807.9300001,20250403,11.34,1.0878324841935811,20260612,20260612,1.0329059999999999
000001.SZ,1d,2025-04-07,10.111851006319588,10.157813965439223,9.633836231475389,9.836073251601782,2545560.0,2751055412.0600004,20250407,10.700000000000001,1.0878324841935811,20260612,20260612,1.0329059999999999
000001.SZ,1d,2025-04-08,9.817688067953927,9.973962128960684,9.799302884306073,9.946384353488904,1463988.0,1576590039.8600001,20250408,10.82,1.0878324841935811,20260612,20260612,1.0329059999999999
000001.SZ,1d,2025-04-09,9.863651027073562,9.95557694531283,9.799302884306073,9.92799916984105,1064394.0,1145238957.6699998,20250409,10.8,1.0878324841935811,20260612,20260612,1.0329059999999999
000001.SZ,1d,2025-04-10,9.98315472078461,10.047502863552099,9.946384353488904,10.019925088080319,866548.0,943352301.94,20250410,10.9,1.0878324841935811,20260612,20260612,1.0329059999999999
000001.SZ,1d,2025-04-11,9.992347312608537,10.019925088080319,9.95557694531283,10.010732496256391,583879.0,634311779.86,20250411,10.89,1.0878324841935811,20260612,20260612,1.0329059999999999
000001.SZ,1d,2025-04-14,10.065888047199952,10.148621373615294,10.038310271728172,10.047502863552099,785993.0,862557143.66,20250414,10.93,1.0878324841935811,20260612,20260612,1.0329059999999999
000001.SZ,1d,2025-04-15,10.038310271728172,10.084273230847808,10.019925088080319,10.065888047199953,722754.0,790139077.0999999,20250415,10.950000000000001,1.0878324841935811,20260612,20260612,1.0329059999999999
000001.SZ,1d,2025-04-16,10.047502863552099,10.121043598143514,10.029117679904246,10.111851006319588,842822.0,923316062.54,20250416,11.0,1.0878324841935811,20260612,20260612,1.0329059999999999
000001.SZ,1d,2025-04-17,10.065888047199952,10.185391740911003,10.047502863552099,10.16700655726315,823919.0,907597513.1000001,20250417,11.06,1.0878324841935811,20260612,20260612,1.0329059999999999
000001.SZ,1d,2025-04-18,10.148621373615294,10.286510250974198,10.139428781791368,10.277317659150272,727098.0,810031605.1,20250418,11.18,1.0878324841935811,20260612,20260612,1.0329059999999999
000001.SZ,1d,2025-04-21,10.111851006319588,10.231354700030638,10.084273230847808,10.130236189967443,1114184.0,1230804536.03,20250421,11.020000000000001,1.0878324841935811,20260612,20260612,1.0329059999999999
000001.SZ,1d,2025-04-22,10.130236189967441,10.16700655726315,10.093465822671734,10.148621373615295,831129.0,915967678.2800001,20250422,11.040000000000001,1.0878324841935811,20260612,20260612,1.0329059999999999
000001.SZ,1d,2025-04-23,10.148621373615295,10.157813965439223,10.084273230847808,10.121043598143514,586383.0,645842400.13,20250423,11.01,1.0878324841935811,20260612,20260612,1.0329059999999999
000001.SZ,1d,2025-04-24,10.111851006319588,10.16700655726315,10.10265841449566,10.139428781791368,689256.0,760348555.36,20250424,11.03,1.0878324841935811,20260612,20260612,1.0329059999999999
000001.SZ,1d,2025-04-25,10.148621373615295,10.157813965439223,10.10265841449566,10.121043598143514,637547.0,702315255.47,20250425,11.01,1.0878324841935811,20260612,20260612,1.0329059999999999
000001.SZ,1d,2025-04-28,10.111851006319588,10.148621373615295,10.07508063902388,10.111851006319588,642018.0,706520175.9200001,20250428,11.0,1.0878324841935811,20260612,20260612,1.0329059999999999
000001.SZ,1d,2025-04-29,10.11185100631959,10.130236189967443,10.065888047199953,10.093465822671734,649045.0,712792543.41,20250429,10.98,1.0878324841935811,20260612,20260612,1.0329059999999999
000001.SZ,1d,2025-04-30,10.07508063902388,10.084273230847808,10.010732496256391,10.029117679904246,869835.0,949911030.4,20250430,10.91,1.0878324841935811,20260612,20260612,1.0329059999999999
000001.SZ,1d,2025-05-06,10.038310271728172,10.111851006319588,10.010732496256391,10.07508063902388,854671.0,935212114.4900001,20250506,10.96,1.0878324841935811,20260612,20260612,1.0329059999999999
000001.SZ,1d,2025-05-07,10.121043598143514,10.148621373615295,10.084273230847808,10.13942878179137,1126270.0,1240098147.39,20250507,11.030000000000001,1.0878324841935811,20260612,20260612,1.0329059999999999
000001.SZ,1d,2025-05-08,10.111851006319588,10.185391740911003,10.10265841449566,10.185391740911003,1056614.0,1167913497.8799999,20250508,11.08,1.0878324841935811,20260612,20260612,1.0329059999999999
000001.SZ,1d,2025-05-09,10.176199149087076,10.268125067326345,10.16700655726315,10.249739883678492,999897.0,1113688152.8,20250509,11.15,1.0878324841935811,20260612,20260612,1.0329059999999999
000001.SZ,1d,2025-05-12,10.258932475502418,10.31408802644598,10.231354700030638,10.258932475502418,895605.0,1000478411.1800001,20250512,11.16,1.0878324841935811,20260612,20260612,1.0329059999999999
000001.SZ,1d,2025-05-13,10.286510250974198,10.415206536509174,10.249739883678492,10.378436169213469,1261031.0,1420501315.06,20250513,11.290000000000001,1.0878324841935811,20260612,20260612,1.0329059999999999
000001.SZ,1d,2025-05-14,10.378436169213467,10.543902822044153,10.34166580191776,10.507132454748444,1683514.0,1912995432.6399999,20250514,11.43,1.0878324841935811,20260612,20260612,1.0329059999999999
000001.SZ,1d,2025-05-15,10.507132454748445,10.571480597515933,10.46116949562881,10.470362087452736,1035460.0,1183732832.12,20250515,11.39,1.0878324841935811,20260612,20260612,1.0329059999999999
000001.SZ,1d,2025-05-16,10.451976903804884,10.507132454748444,10.396821352861322,10.46116949562881,914744.0,1039223622.8500001,20250516,11.38,1.0878324841935811,20260612,20260612,1.0329059999999999
000001.SZ,1d,2025-05-19,10.479554679276662,10.543902822044151,10.442784311980954,10.451976903804882,831391.0,949883545.3299999,20250519,11.37,1.0878324841935811,20260612,20260612,1.0329059999999999
000001.SZ,1d,2025-05-20,10.479554679276664,10.543902822044153,10.451976903804884,10.470362087452736,643635.0,734455265.82,20250520,11.39,1.0878324841935811,20260612,20260612,1.0329059999999999
000001.SZ,1d,2025-05-21,10.479554679276664,10.654213923931275,10.470362087452736,10.553095413868078,1328278.0,1528350367.92,20250521,11.48,1.0878324841935811,20260612,20260612,1.0329059999999999
000001.SZ,1d,2025-05-22,10.525517638396297,10.626636148459493,10.516325046572371,10.617443556635566,1002968.0,1155265063.51,20250522,11.549999999999999,1.0878324841935811,20260612,20260612,1.0329059999999999
000001.SZ,1d,2025-05-23,10.617443556635566,10.6634065157552,10.507132454748444,10.534710230220224,962643.0,1108636100.5700002,20250523,11.459999999999999,1.0878324841935811,20260612,20260612,1.0329059999999999
000001.SZ,1d,2025-05-26,10.516325046572371,10.571480597515933,10.479554679276664,10.497939862924516,699159.0,800495684.57,20250526,11.42,1.0878324841935811,20260612,20260612,1.0329059999999999
000001.SZ,1d,2025-05-27,10.525517638396297,10.608250964811639,10.497939862924516,10.562288005692006,801915.0,921912281.33,20250527,11.49,1.0878324841935811,20260612,20260612,1.0329059999999999
000001.SZ,1d,2025-05-28,10.571480597515933,10.617443556635566,10.516325046572371,10.599058372987713,658179.0,757571318.99,20250528,11.53,1.0878324841935811,20260612,20260612,1.0329059999999999
000001.SZ,1d,2025-05-29,10.589865781163788,10.617443556635568,10.525517638396298,10.534710230220226,919807.0,1056726384.22,20250529,11.46,1.0878324841935811,20260612,20260612,1.0329059999999999
000001.SZ,1d,2025-05-30,10.543902822044151,10.645021332107348,10.516325046572371,10.626636148459493,1130849.0,1303433716.3799999,20250530,11.559999999999999,1.0878324841935811,20260612,20260612,1.0329059999999999
000001.SZ,1d,2025-06-03,10.608250964811639,10.948376862296936,10.599058372987713,10.856450944057665,2192480.0,2580962600.64,20250603,11.809999999999999,1.0878324841935811,20260612,20260612,1.0329059999999999
000001.SZ,1d,2025-06-04,10.865643535881592,10.920799086825154,10.828873168585885,10.884028719529447,1167960.0,1383019682.25,20250604,11.84,1.0878324841935811,20260612,20260612,1.0329059999999999
000001.SZ,1d,2025-06-05,10.920799086825156,10.948376862296936,10.718562066698762,10.72775465852269,1166803.0,1369212336.43,20250605,11.67,1.0878324841935811,20260612,20260612,1.0329059999999999
000001.SZ,1d,2025-06-06,10.75533243399447,10.838065760409812,10.736947250346617,10.75533243399447,682353.0,799900023.53,20250606,11.7,1.0878324841935811,20260612,20260612,1.0329059999999999
000001.SZ,1d,2025-06-09,10.782910209466252,10.801295393114104,10.709369474874837,10.764525025818399,773255.0,905092604.93,20250609,11.71,1.0878324841935811,20260612,20260612,1.0329059999999999
000001.SZ,1d,2025-06-10,10.773717617642324,10.929991678649081,10.764525025818399,10.856450944057666,1428132.0,1689018780.1299999,20250610,11.81,1.0878324841935811,20260612,20260612,1.0329059999999999
000001.SZ,1d,2025-06-11,10.865643535881594,10.96676204594479,10.838065760409814,10.893221311353376,1094667.0,1298656315.3500001,20250611,11.850000000000001,1.0878324841935811,20260612,20260612,1.0329059999999999
000001.SZ,1d,2025-06-12,10.959579285626877,11.092307754483949,10.921656865953429,11.073346544647226,1290220.0,1500287176.22,20250612,11.68,1.054785014892,20260612,20260612,1.0329059999999999
000001.SZ,1d,2025-06-13,11.073346544647226,11.1302301741574,10.959579285626878,10.978540495463603,1095494.0,1272773100.57,20250613,11.58,1.054785014892,20260612,20260612,1.0329059999999999
000001.SZ,1d,2025-06-16,10.969059890545239,11.177633198749211,10.93113747087179,11.177633198749211,1174438.0,1371041708.41,20250616,11.79,1.054785014892,20260612,20260612,1.0329059999999999
000001.SZ,1d,2025-06-17,11.177633198749213,11.262958643014473,11.101788359402313,11.149191383994125,890027.0,1048960748.8000001,20250617,11.760000000000002,1.054785014892,20260612,20260612,1.0329059999999999
000001.SZ,1d,2025-06-18,11.168152593830849,11.196594408585938,11.054385334810501,11.158671988912486,683521.0,802908097.73,20250618,11.77,1.054785014892,20260612,20260612,1.0329059999999999
000001.SZ,1d,2025-06-19,11.149191383994124,11.16815259383085,11.044904729892139,11.09230775448395,832247.0,974127330.8399999,20250619,11.700000000000001,1.054785014892,20260612,20260612,1.0329059999999999
000001.SZ,1d,2025-06-20,11.092307754483949,11.243997433177748,11.063865939728863,11.225036223341023,1309198.0,1544541881.0,20250620,11.84,1.054785014892,20260612,20260612,1.0329059999999999
000001.SZ,1d,2025-06-23,11.196594408585938,11.348284087279735,11.063865939728863,11.310361667606283,1389170.0,1646476917.0700002,20250623,11.93,1.054785014892,20260612,20260612,1.0329059999999999
000001.SZ,1d,2025-06-24,11.281919852851198,11.386206506953183,11.225036223341023,11.310361667606283,1308525.0,1560621893.02,20250624,11.93,1.054785014892,20260612,20260612,1.0329059999999999
000001.SZ,1d,2025-06-25,11.310361667606283,11.45257074138172,11.21555561842266,11.433609531544995,1675116.0,2007989726.91,20250625,12.06,1.054785014892,20260612,20260612,1.0329059999999999
000001.SZ,1d,2025-06-26,11.424128926626631,11.831794938116214,11.386206506953183,11.765430703687677,2174578.0,2672207528.88,20250626,12.41,1.054785014892,20260612,20260612,1.0329059999999999
000001.SZ,1d,2025-06-27,11.72750828401423,11.926600987299837,11.499973765973532,11.56633800040207,2377600.0,2937865058.47,20250627,12.200000000000001,1.054785014892,20260612,20260612,1.0329059999999999
000001.SZ,1d,2025-06-30,11.509454370891895,11.537896185646982,11.338803482361373,11.443090136463358,1504820.0,1812492376.93,20250630,12.07,1.054785014892,20260612,20260612,1.0329059999999999
000001.SZ,1d,2025-07-01,11.433609531544995,11.68958586434078,11.433609531544995,11.661144049585692,1354341.0,1653806750.47,20250701,12.3,1.054785014892,20260612,20260612,1.0329059999999999
000001.SZ,1d,2025-07-02,11.670624654504055,11.765430703687677,11.594779815157155,11.680105259422417,1200412.0,1481842212.5000002,20250702,12.32,1.054785014892,20260612,20260612,1.0329059999999999
000001.SZ,1d,2025-07-03,11.68958586434078,11.774911308606042,11.642182839748967,11.708547074177504,794086.0,980546007.2800001,20250703,12.350000000000001,1.054785014892,20260612,20260612,1.0329059999999999
000001.SZ,1d,2025-07-04,11.708547074177504,12.059329456156911,11.661144049585692,11.945562197136564,1775333.0,2224874055.6200004,20250704,12.600000000000001,1.054785014892,20260612,20260612,1.0329059999999999
000001.SZ,1d,2025-07-07,11.945562197136562,12.154135505340534,11.945562197136562,12.116213085667084,1495407.0,1901755851.27,20250707,12.78,1.054785014892,20260612,20260612,1.0329059999999999
000001.SZ,1d,2025-07-08,12.087771270911997,12.173096715177259,11.992965221728374,12.030887641401822,1090986.0,1387093602.06,20250708,12.69,1.054785014892,20260612,20260612,1.0329059999999999
000001.SZ,1d,2025-07-09,12.002445826646737,12.229980344687434,12.002445826646737,12.173096715177259,1205963.0,1542699034.6500003,20250709,12.84,1.054785014892,20260612,20260612,1.0329059999999999
000001.SZ,1d,2025-07-10,12.154135505340534,12.637646356177015,12.125693690585448,12.49543728240158,2481416.0,3249454028.73,20250710,13.180000000000001,1.054785014892,20260612,20260612,1.0329059999999999
000001.SZ,1d,2025-07-11,12.504917887319943,12.609204541421928,12.220499739769071,12.239460949605794,2443744.0,3200219566.16,20250711,12.91,1.054785014892,20260612,20260612,1.0329059999999999
000001.SZ,1d,2025-07-14,12.201538529932344,12.485956677483216,12.192057925013982,12.30582518403433,1872896.0,2440924105.22,20250714,12.979999999999999,1.054785014892,20260612,20260612,1.0329059999999999
000001.SZ,1d,2025-07-15,12.315305788952694,12.362708813544506,12.049848851238549,12.068810061075274,1810531.0,2322277284.9300003,20250715,12.73,1.054785014892,20260612,20260612,1.0329059999999999
000001.SZ,1d,2025-07-16,12.068810061075274,12.09725187583036,11.85075614795294,11.983484616810012,1927864.0,2424983973.27,20250716,12.64,1.054785014892,20260612,20260612,1.0329059999999999
000001.SZ,1d,2025-07-17,11.955042802054926,12.040368246320186,11.888678567626389,11.936081592218201,944641.0,1189666226.6499999,20250717,12.590000000000002,1.054785014892,20260612,20260612,1.0329059999999999
000001.SZ,1d,2025-07-18,11.964523406973287,12.087771270911997,11.945562197136562,12.040368246320185,1241206.0,1574176824.24,20250718,12.7,1.054785014892,20260612,20260612,1.0329059999999999
000001.SZ,1d,2025-07-21,11.983484616810012,12.049848851238549,11.898159172544752,11.955042802054926,1079027.0,1360155718.7200003,20250721,12.610000000000001,1.054785014892,20260612,20260612,1.0329059999999999
000001.SZ,1d,2025-07-22,11.945562197136562,11.945562197136562,11.680105259422417,11.841275543034577,1935229.0,2408337285.96,20250722,12.49,1.054785014892,20260612,20260612,1.0329059999999999
000001.SZ,1d,2025-07-23,11.81283372827949,11.97400401189165,11.803353123361127,11.879197962708027,1370520.0,1719158802.8300002,20250723,12.530000000000001,1.054785014892,20260612,20260612,1.0329059999999999
000001.SZ,1d,2025-07-24,11.879197962708025,11.879197962708025,11.68958586434078,11.708547074177503,1959351.0,2426175235.7400002,20250724,12.35,1.054785014892,20260612,20260612,1.0329059999999999
000001.SZ,1d,2025-07-25,11.68958586434078,11.81283372827949,11.680105259422417,11.708547074177503,1108267.0,1372103731.0,20250725,12.35,1.054785014892,20260612,20260612,1.0329059999999999
000001.SZ,1d,2025-07-28,11.708547074177503,11.879197962708027,11.680105259422417,11.81283372827949,1238243.0,1541317046.96,20250728,12.46,1.054785014892,20260612,20260612,1.0329059999999999
000001.SZ,1d,2025-07-29,11.812833728279488,11.8602367528713,11.69906646925914,11.69906646925914,1012818.0,1255113972.39,20250729,12.34,1.054785014892,20260612,20260612,1.0329059999999999
000001.SZ,1d,2025-07-30,11.708547074177503,11.983484616810012,11.69906646925914,11.841275543034577,1715164.0,2149934404.53,20250730,12.49,1.054785014892,20260612,20260612,1.0329059999999999
000001.SZ,1d,2025-07-31,11.8602367528713,11.898159172544752,11.585299210238793,11.594779815157155,1690081.0,2079630602.38,20250731,12.23,1.054785014892,20260612,20260612,1.0329059999999999
000001.SZ,1d,2025-08-01,11.604260420075518,11.68958586434078,11.518934975810257,11.642182839748967,1012187.0,1240239179.6200001,20250801,12.280000000000001,1.054785014892,20260612,20260612,1.0329059999999999
000001.SZ,1d,2025-08-04,11.604260420075518,11.736988888932592,11.575818605320432,11.661144049585692,1032690.0,1271376406.5800002,20250804,12.3,1.054785014892,20260612,20260612,1.0329059999999999
000001.SZ,1d,2025-08-05,11.661144049585692,11.850756147952941,11.642182839748967,11.822314333197852,1132078.0,1405152349.43,20250805,12.47,1.054785014892,20260612,20260612,1.0329059999999999
000001.SZ,1d,2025-08-06,11.822314333197852,11.869717357789662,11.755950098769315,11.81283372827949,690448.0,859684675.4900001,20250806,12.46,1.054785014892,20260612,20260612,1.0329059999999999
000001.SZ,1d,2025-08-07,11.793872518442766,11.879197962708027,11.746469493850952,11.822314333197852,722053.0,900760012.96,20250807,12.47,1.054785014892,20260612,20260612,1.0329059999999999
000001.SZ,1d,2025-08-08,11.831794938116214,11.879197962708027,11.746469493850952,11.755950098769315,829796.0,1032586758.9000002,20250808,12.4,1.054785014892,20260612,20260612,1.0329059999999999
000001.SZ,1d,2025-08-11,11.755950098769315,11.77491130860604,11.632702234830605,11.66114404958569,934353.0,1150305112.6100001,20250811,12.299999999999999,1.054785014892,20260612,20260612,1.0329059999999999
000001.SZ,1d,2025-08-12,11.661144049585692,11.755950098769315,11.661144049585692,11.68958586434078,680056.0,839635630.0500001,20250812,12.33,1.054785014892,20260612,20260612,1.0329059999999999
000001.SZ,1d,2025-08-13,11.72750828401423,11.755950098769315,11.594779815157155,11.623221629912242,1119813.0,1376777908.92,20250813,12.26,1.054785014892,20260612,20260612,1.0329059999999999
000001.SZ,1d,2025-08-14,11.632702234830605,11.69906646925914,11.556857395483705,11.566338000402068,1241041.0,1523447931.74,20250814,12.2,1.054785014892,20260612,20260612,1.0329059999999999
000001.SZ,1d,2025-08-15,11.594779815157153,11.594779815157153,11.319842272524646,11.45257074138172,1948503.0,2344073499.2699995,20250815,12.08,1.054785014892,20260612,20260612,1.0329059999999999
000001.SZ,1d,2025-08-18,11.433609531544995,11.518934975810257,11.40516771678991,11.452570741381722,1239058.0,1496527038.59,20250818,12.080000000000002,1.054785014892,20260612,20260612,1.0329059999999999
000001.SZ,1d,2025-08-19,11.471531951218445,11.490493161055168,11.395687111871545,11.433609531544993,892860.0,1077380172.8200002,20250819,12.059999999999999,1.054785014892,20260612,20260612,1.0329059999999999
000001.SZ,1d,2025-08-20,11.433609531544995,11.49049316105517,11.357764692198097,11.443090136463358,1048739.0,1265435773.22,20250820,12.07,1.054785014892,20260612,20260612,1.0329059999999999
000001.SZ,1d,2025-08-21,11.424128926626633,11.556857395483707,11.40516771678991,11.518934975810257,1217418.0,1477053291.9,20250821,12.15,1.054785014892,20260612,20260612,1.0329059999999999
000001.SZ,1d,2025-08-22,11.518934975810257,11.53789618564698,11.357764692198097,11.433609531544995,1644260.0,1979461310.9099998,20250822,12.06,1.054785014892,20260612,20260612,1.0329059999999999
000001.SZ,1d,2025-08-25,11.490493161055168,11.879197962708025,11.471531951218445,11.803353123361125,3045088.0,3761289075.87,20250825,12.45,1.054785014892,20260612,20260612,1.0329059999999999
000001.SZ,1d,2025-08-26,11.803353123361127,11.85075614795294,11.661144049585692,11.718027679095867,1383599.0,1709560922.8600001,20250826,12.360000000000001,1.054785014892,20260612,20260612,1.0329059999999999
000001.SZ,1d,2025-08-27,11.680105259422417,11.718027679095867,11.424128926626633,11.433609531544995,1860050.0,2268070720.55,20250827,12.06,1.054785014892,20260612,20260612,1.0329059999999999
000001.SZ,1d,2025-08-28,11.462051346300083,11.509454370891895,11.348284087279735,11.45257074138172,1653588.0,1991723373.7600002,20250828,12.08,1.054785014892,20260612,20260612,1.0329059999999999
000001.SZ,1d,2025-08-29,11.424128926626633,11.585299210238793,11.40516771678991,11.424128926626633,1805126.0,2186232853.05,20250829,12.05,1.054785014892,20260612,20260612,1.0329059999999999
000001.SZ,1d,2025-09-01,11.424128926626631,11.424128926626631,11.234516828259386,11.272439247932834,1858459.0,2214306331.71,20250901,11.889999999999999,1.054785014892,20260612,20260612,1.0329059999999999
000001.SZ,1d,2025-09-02,11.234516828259386,11.367245297116458,11.225036223341023,11.357764692198097,1492716.0,1780010208.8799999,20250902,11.98,1.054785014892,20260612,20260612,1.0329059999999999
000001.SZ,1d,2025-09-03,11.357764692198097,11.386206506953183,11.1302301741574,11.139710779075763,1367232.0,1619322977.4599998,20250903,11.75,1.054785014892,20260612,20260612,1.0329059999999999
000001.SZ,1d,2025-09-04,11.149191383994124,11.158671988912486,10.997501705300326,11.1302301741574,1295300.0,1513956779.44,20250904,11.74,1.054785014892,20260612,20260612,1.0329059999999999
000001.SZ,1d,2025-09-05,11.120749569239038,11.1302301741574,11.025943520055415,11.111268964320676,819662.0,957547462.6700001,20250905,11.72,1.054785014892,20260612,20260612,1.0329059999999999
000001.SZ,1d,2025-09-08,11.101788359402311,11.168152593830849,11.063865939728863,11.092307754483949,924431.0,1083054608.28,20250908,11.7,1.054785014892,20260612,20260612,1.0329059999999999
000001.SZ,1d,2025-09-09,11.101788359402311,11.168152593830849,11.073346544647226,11.139710779075763,860539.0,1009279728.78,20250909,11.75,1.054785014892,20260612,20260612,1.0329059999999999
000001.SZ,1d,2025-09-10,11.1302301741574,11.177633198749213,11.101788359402313,11.158671988912488,792668.0,932170200.6500001,20250910,11.770000000000001,1.054785014892,20260612,20260612,1.0329059999999999
000001.SZ,1d,2025-09-11,11.158671988912488,11.234516828259387,11.101788359402313,11.234516828259387,963932.0,1134234366.9,20250911,11.850000000000001,1.054785014892,20260612,20260612,1.0329059999999999
000001.SZ,1d,2025-09-12,11.215555618422663,11.262958643014473,11.09230775448395,11.111268964320676,940385.0,1107449056.76,20250912,11.72,1.054785014892,20260612,20260612,1.0329059999999999
000001.SZ,1d,2025-09-15,11.09230775448395,11.111268964320676,11.025943520055415,11.044904729892139,840387.0,980347616.8400002,20250915,11.65,1.054785014892,20260612,20260612,1.0329059999999999
000001.SZ,1d,2025-09-16,11.054385334810501,11.101788359402311,11.006982310218689,11.035424124973776,708048.0,825169463.9300001,20250916,11.639999999999999,1.054785014892,20260612,20260612,1.0329059999999999
000001.SZ,1d,2025-09-17,11.035424124973776,11.063865939728863,10.978540495463603,11.035424124973776,771129.0,896750270.4399999,20250917,11.64,1.054785014892,20260612,20260612,1.0329059999999999
000001.SZ,1d,2025-09-18,11.044904729892139,11.054385334810501,10.788928397096356,10.817370211851442,1386160.0,1594827200.16,20250918,11.41,1.054785014892,20260612,20260612,1.0329059999999999
000001.SZ,1d,2025-09-19,10.817370211851442,10.912176261035068,10.779447792177994,10.855292631524893,834651.0,955004096.9100001,20250919,11.450000000000001,1.054785014892,20260612,20260612,1.0329059999999999
000001.SZ,1d,2025-09-22,10.84581202660653,10.874253841361616,10.779447792177994,10.788928397096356,596402.0,680158438.95,20250922,11.38,1.054785014892,20260612,20260612,1.0329059999999999
000001.SZ,1d,2025-09-23,10.779447792177994,10.978540495463603,10.732044767586181,10.921656865953429,1341430.0,1543271184.5100002,20250923,11.52,1.054785014892,20260612,20260612,1.0329059999999999
000001.SZ,1d,2025-09-24,10.912176261035066,11.016462915137051,10.836331421688167,10.864773236443254,1139583.0,1310214181.06,20250924,11.459999999999999,1.054785014892,20260612,20260612,1.0329059999999999
000001.SZ,1d,2025-09-25,10.836331421688167,10.874253841361615,10.76996718725963,10.80788960693308,773276.0,881943147.97,20250925,11.399999999999999,1.054785014892,20260612,20260612,1.0329059999999999
000001.SZ,1d,2025-09-26,10.798409002014719,10.845812026606529,10.732044767586181,10.807889606933081,753239.0,856917687.88,20250926,11.4,1.054785014892,20260612,20260612,1.0329059999999999
000001.SZ,1d,2025-09-29,10.807889606933081,10.883734446279979,10.68464174299437,10.779447792177992,1176012.0,1334456973.74,20250929,11.37,1.054785014892,20260612,20260612,1.0329059999999999
000001.SZ,1d,2025-09-30,10.779447792177994,10.779447792177994,10.703602952831096,10.751005977422908,832479.0,942224081.2800001,20250930,11.340000000000002,1.054785014892,20260612,20260612,1.0329059999999999
000001.SZ,1d,2025-10-09,10.741525372504544,10.817370211851442,10.68464174299437,10.807889606933081,1047469.0,1187061682.96,20251009,11.4,1.054785014892,20260612,20260612,1.0329059999999999
000001.SZ,1d,2025-10-10,10.779447792177992,10.893215051198341,10.76996718725963,10.836331421688167,1087948.0,1244213512.59,20251010,11.43,1.054785014892,20260612,20260612,1.0329059999999999
000001.SZ,1d,2025-10-13,10.73204476758618,10.864773236443254,10.694122347912732,10.80788960693308,1168802.0,1328180363.51,20251013,11.399999999999999,1.054785014892,20260612,20260612,1.0329059999999999
000001.SZ,1d,2025-10-14,10.798409002014717,10.997501705300326,10.76996718725963,10.96905989054524,1843428.0,2124120304.48,20251014,11.57,1.054785014892,20260612,20260612,1.0329059999999999
000001.SZ,1d,2025-10-15,10.978733786036678,11.056185170770622,10.901282401302733,11.036822324587137,1271061.0,1443458104.69,20251015,11.4,1.0329059999999999,20260612,20260612,1.0329059999999999
000001.SZ,1d,2025-10-16,11.01745947840365,11.182043670963282,10.998096632220163,11.17236224787154,1261937.0,1447841584.8100002,20251016,11.54,1.0329059999999999,20260612,20260612,1.0329059999999999
000001.SZ,1d,2025-10-17,11.133636555504568,11.211087940238512,11.017459478403651,11.036822324587137,1039666.0,1193518554.5600002,20251017,11.4,1.0329059999999999,20260612,20260612,1.0329059999999999
000001.SZ,1d,2025-10-20,11.04650374767888,11.08522944004585,10.910963824394475,11.056185170770622,952641.0,1081829699.98,20251020,11.42,1.0329059999999999,20260612,20260612,1.0329059999999999
000001.SZ,1d,2025-10-21,11.036822324587137,11.10459228622934,11.027140901495393,11.065866593862365,761165.0,869658079.64,20251021,11.43,1.0329059999999999,20260612,20260612,1.0329059999999999
000001.SZ,1d,2025-10-22,11.036822324587137,11.17236224787154,11.036822324587137,11.152999401688053,833703.0,957661635.9000001,20251022,11.52,1.0329059999999999,20260612,20260612,1.0329059999999999
000001.SZ,1d,2025-10-23,11.152999401688053,11.336946440431173,11.133636555504568,11.25949505569723,1373112.0,1593155218.0,20251023,11.63,1.0329059999999999,20260612,20260612,1.0329059999999999
000001.SZ,1d,2025-10-24,11.230450786422,11.307902171155945,11.182043670963283,11.191725094055027,980475.0,1138026681.09,20251024,11.56,1.0329059999999999,20260612,20260612,1.0329059999999999
000001.SZ,1d,2025-10-27,11.17236224787154,11.24013220951374,11.075548016954109,11.152999401688053,1239485.0,1428199707.19,20251027,11.52,1.0329059999999999,20260612,20260612,1.0329059999999999
000001.SZ,1d,2025-10-28,11.162680824779796,11.211087940238512,11.056185170770622,11.10459228622934,821568.0,943626835.3,20251028,11.47,1.0329059999999999,20260612,20260612,1.0329059999999999
000001.SZ,1d,2025-10-29,11.094910863137594,11.094910863137594,10.998096632220163,11.027140901495391,966214.0,1100783363.08,20251029,11.389999999999999,1.0329059999999999,20260612,20260612,1.0329059999999999
000001.SZ,1d,2025-10-30,11.01745947840365,11.104592286229337,10.998096632220163,11.01745947840365,943770.0,1077182643.3,20251030,11.379999999999999,1.0329059999999999,20260612,20260612,1.0329059999999999
000001.SZ,1d,2025-10-31,11.017459478403651,11.036822324587137,10.940008093669706,10.959370939853192,970193.0,1099179193.2500002,20251031,11.32,1.0329059999999999,20260612,20260612,1.0329059999999999
000001.SZ,1d,2025-11-03,10.978733786036678,11.07554801695411,10.940008093669706,11.065866593862367,952326.0,1084422503.8500001,20251103,11.430000000000001,1.0329059999999999,20260612,20260612,1.0329059999999999
000001.SZ,1d,2025-11-04,11.056185170770622,11.269176478788971,11.036822324587137,11.220769363330255,1503007.0,1737289513.56,20251104,11.59,1.0329059999999999,20260612,20260612,1.0329059999999999
000001.SZ,1d,2025-11-05,11.220769363330255,11.230450786421999,11.133636555504568,11.152999401688053,794926.0,918112474.2900001,20251105,11.52,1.0329059999999999,20260612,20260612,1.0329059999999999
000001.SZ,1d,2025-11-06,11.133636555504568,11.211087940238512,11.10459228622934,11.14331797859631,766585.0,882799461.59,20251106,11.51,1.0329059999999999,20260612,20260612,1.0329059999999999
000001.SZ,1d,2025-11-07,11.152999401688053,11.211087940238512,11.133636555504568,11.182043670963283,734851.0,848177983.52,20251107,11.55,1.0329059999999999,20260612,20260612,1.0329059999999999
000001.SZ,1d,2025-11-10,11.152999401688055,11.269176478788971,11.085229440045852,11.25949505569723,827208.0,957555600.77,20251110,11.63,1.0329059999999999,20260612,20260612,1.0329059999999999
000001.SZ,1d,2025-11-11,11.249813632605486,11.317583594247687,11.20140651714677,11.2982207480642,886509.0,1033284775.65,20251111,11.67,1.0329059999999999,20260612,20260612,1.0329059999999999
000001.SZ,1d,2025-11-12,11.32726501733943,11.414397825165118,11.278857901880714,11.307902171155943,1141325.0,1337963805.19,20251112,11.68,1.0329059999999999,20260612,20260612,1.0329059999999999
000001.SZ,1d,2025-11-13,11.307902171155943,11.346627863522917,11.20140651714677,11.32726501733943,978991.0,1139765204.11,20251113,11.700000000000001,1.0329059999999999,20260612,20260612,1.0329059999999999
000001.SZ,1d,2025-11-14,11.2982207480642,11.462804940623833,11.288539324972458,11.375672132798146,1316995.0,1551867288.2100003,20251114,11.75,1.0329059999999999,20260612,20260612,1.0329059999999999
000001.SZ,1d,2025-11-17,11.375672132798147,11.375672132798147,11.249813632605486,11.298220748064201,995233.0,1161416221.76,20251117,11.670000000000002,1.0329059999999999,20260612,20260612,1.0329059999999999
000001.SZ,1d,2025-11-18,11.278857901880714,11.317583594247687,11.20140651714677,11.220769363330255,670077.0,778887577.9200001,20251118,11.59,1.0329059999999999,20260612,20260612,1.0329059999999999
000001.SZ,1d,2025-11-19,11.211087940238512,11.45312351753209,11.20140651714677,11.424079248256861,1334996.0,1565428546.5700002,20251119,11.8,1.0329059999999999,20260612,20260612,1.0329059999999999
000001.SZ,1d,2025-11-20,11.414397825165118,11.60802628699998,11.365990709706402,11.472486363715575,1637040.0,1948415939.6499999,20251120,11.85,1.0329059999999999,20260612,20260612,1.0329059999999999
000001.SZ,1d,2025-11-21,11.424079248256861,11.501530632990805,11.288539324972458,11.317583594247687,1465359.0,1721871193.26,20251121,11.69,1.0329059999999999,20260612,20260612,1.0329059999999999
000001.SZ,1d,2025-11-24,11.327265017339428,11.356309286614659,11.230450786421999,11.230450786421999,1117119.0,1302444629.5100002,20251124,11.6,1.0329059999999999,20260612,20260612,1.0329059999999999
000001.SZ,1d,2025-11-25,11.24013220951374,11.424079248256861,11.211087940238512,11.424079248256861,1028081.0,1203879796.74,20251125,11.8,1.0329059999999999,20260612,20260612,1.0329059999999999
000001.SZ,1d,2025-11-26,11.433760671348605,11.472486363715575,11.278857901880714,11.317583594247687,821301.0,962935429.85,20251126,11.69,1.0329059999999999,20260612,20260612,1.0329059999999999
000001.SZ,1d,2025-11-27,11.288539324972458,11.336946440431173,11.211087940238512,11.336946440431173,1011847.0,1178308953.13,20251127,11.71,1.0329059999999999,20260612,20260612,1.0329059999999999
000001.SZ,1d,2025-11-28,11.2982207480642,11.307902171155943,11.211087940238512,11.24013220951374,884358.0,1027933463.87,20251128,11.61,1.0329059999999999,20260612,20260612,1.0329059999999999
000001.SZ,1d,2025-12-01,11.230450786421999,11.327265017339428,11.162680824779796,11.317583594247687,1037323.0,1205480322.84,20251201,11.69,1.0329059999999999,20260612,20260612,1.0329059999999999
000001.SZ,1d,2025-12-02,11.307902171155943,11.356309286614659,11.220769363330255,11.269176478788971,768060.0,894720591.59,20251202,11.64,1.0329059999999999,20260612,20260612,1.0329059999999999
000001.SZ,1d,2025-12-03,11.269176478788971,11.32726501733943,11.17236224787154,11.182043670963283,944601.0,1099167226.64,20251203,11.55,1.0329059999999999,20260612,20260612,1.0329059999999999
000001.SZ,1d,2025-12-04,11.182043670963283,11.211087940238512,11.094910863137596,11.123955132412824,886090.0,1019178990.3,20251204,11.49,1.0329059999999999,20260612,20260612,1.0329059999999999
000001.SZ,1d,2025-12-05,11.123955132412824,11.17236224787154,11.036822324587137,11.162680824779798,890766.0,1022334911.54,20251205,11.530000000000001,1.0329059999999999,20260612,20260612,1.0329059999999999
000001.SZ,1d,2025-12-08,11.123955132412824,11.230450786421999,11.11427370932108,11.152999401688053,855899.0,988510035.14,20251208,11.52,1.0329059999999999,20260612,20260612,1.0329059999999999
000001.SZ,1d,2025-12-09,11.152999401688053,11.17236224787154,11.065866593862365,11.065866593862365,733957.0,842732358.15,20251209,11.43,1.0329059999999999,20260612,20260612,1.0329059999999999
000001.SZ,1d,2025-12-10,11.07554801695411,11.094910863137596,10.930326670577964,10.969052362944934,1044065.0,1184087688.0099998,20251210,11.33,1.0329059999999999,20260612,20260612,1.0329059999999999
000001.SZ,1d,2025-12-11,10.988415209128423,11.027140901495393,10.940008093669706,11.007778055311908,925261.0,1049906215.97,20251211,11.370000000000001,1.0329059999999999,20260612,20260612,1.0329059999999999
000001.SZ,1d,2025-12-12,11.007778055311908,11.065866593862367,10.940008093669706,10.988415209128423,1191895.0,1357465371.22,20251212,11.350000000000001,1.0329059999999999,20260612,20260612,1.0329059999999999
000001.SZ,1d,2025-12-15,10.978733786036678,11.17236224787154,10.969052362944934,11.14331797859631,940833.0,1080642231.19,20251215,11.51,1.0329059999999999,20260612,20260612,1.0329059999999999
000001.SZ,1d,2025-12-16,11.123955132412824,11.182043670963282,11.075548016954109,11.114273709321079,647351.0,743389002.32,20251216,11.479999999999999,1.0329059999999999,20260612,20260612,1.0329059999999999
000001.SZ,1d,2025-12-17,11.10459228622934,11.211087940238512,11.056185170770622,11.162680824779796,701495.0,807135164.41,20251217,11.53,1.0329059999999999,20260612,20260612,1.0329059999999999
000001.SZ,1d,2025-12-18,11.14331797859631,11.278857901880714,11.11427370932108,11.269176478788971,790467.0,916247610.5899999,20251218,11.64,1.0329059999999999,20260612,20260612,1.0329059999999999
000001.SZ,1d,2025-12-19,11.25949505569723,11.278857901880714,11.211087940238512,11.249813632605484,649886.0,755106127.4300001,20251219,11.62,1.0329059999999999,20260612,20260612,1.0329059999999999
000001.SZ,1d,2025-12-22,11.24013220951374,11.24013220951374,11.14331797859631,11.152999401688053,742369.0,857197057.46,20251222,11.52,1.0329059999999999,20260612,20260612,1.0329059999999999
000001.SZ,1d,2025-12-23,11.152999401688053,11.230450786421999,11.133636555504568,11.191725094055027,666266.0,770081939.85,20251223,11.56,1.0329059999999999,20260612,20260612,1.0329059999999999
000001.SZ,1d,2025-12-24,11.182043670963283,11.211087940238512,11.123955132412824,11.17236224787154,505244.0,582458734.5200001,20251224,11.540000000000001,1.0329059999999999,20260612,20260612,1.0329059999999999
000001.SZ,1d,2025-12-25,11.17236224787154,11.249813632605484,11.152999401688053,11.191725094055025,547455.0,633772624.98,20251225,11.559999999999999,1.0329059999999999,20260612,20260612,1.0329059999999999
000001.SZ,1d,2025-12-26,11.191725094055025,11.220769363330255,11.162680824779796,11.17236224787154,436340.0,504079280.04999995,20251226,11.54,1.0329059999999999,20260612,20260612,1.0329059999999999
000001.SZ,1d,2025-12-29,11.17236224787154,11.249813632605484,11.133636555504568,11.191725094055027,648295.0,749082977.59,20251229,11.56,1.0329059999999999,20260612,20260612,1.0329059999999999
000001.SZ,1d,2025-12-30,11.162680824779798,11.191725094055027,11.085229440045852,11.11427370932108,582584.0,669409275.27,20251230,11.48,1.0329059999999999,20260612,20260612,1.0329059999999999
000001.SZ,1d,2025-12-31,11.11427370932108,11.123955132412824,11.036822324587137,11.04650374767888,590620.0,675457357.4499999,20251231,11.41,1.0329059999999999,20260612,20260612,1.0329059999999999
000001.SZ,1d,2026-01-05,11.056185170770622,11.14331797859631,11.04650374767888,11.133636555504568,875491.0,1003479224.05,20260105,11.5,1.0329059999999999,20260612,20260612,1.0329059999999999
000001.SZ,1d,2026-01-06,11.133636555504568,11.307902171155943,11.11427370932108,11.2982207480642,1304648.0,1512911583.88,20260106,11.67,1.0329059999999999,20260612,20260612,1.0329059999999999
000001.SZ,1d,2026-01-07,11.288539324972458,11.443442094440346,11.249813632605486,11.269176478788971,966236.0,1131165699.0400002,20260107,11.64,1.0329059999999999,20260612,20260612,1.0329059999999999
000001.SZ,1d,2026-01-08,11.269176478788971,11.278857901880714,11.123955132412824,11.14331797859631,1100085.0,1268647294.7,20260108,11.51,1.0329059999999999,20260612,20260612,1.0329059999999999
000001.SZ,1d,2026-01-09,11.162680824779796,11.162680824779796,11.075548016954109,11.094910863137594,983390.0,1128076547.0800002,20260109,11.459999999999999,1.0329059999999999,20260612,20260612,1.0329059999999999
000001.SZ,1d,2026-01-12,11.08522944004585,11.123955132412824,11.056185170770622,11.11427370932108,855213.0,979700148.21,20260112,11.48,1.0329059999999999,20260612,20260612,1.0329059999999999
000001.SZ,1d,2026-01-13,11.114273709321079,11.17236224787154,11.075548016954109,11.104592286229337,1061541.0,1219755568.52,20260113,11.469999999999999,1.0329059999999999,20260612,20260612,1.0329059999999999
000001.SZ,1d,2026-01-14,11.104592286229337,11.104592286229337,10.988415209128421,10.998096632220163,1274757.0,1454416591.07,20260114,11.36,1.0329059999999999,20260612,20260612,1.0329059999999999
000001.SZ,1d,2026-01-15,10.969052362944934,11.007778055311908,10.940008093669706,10.949689516761449,884960.0,1002514946.7900001,20260115,11.31,1.0329059999999999,20260612,20260612,1.0329059999999999
000001.SZ,1d,2026-01-16,10.978733786036678,10.978733786036678,10.804468170385302,10.833512439660531,1119473.0,1257713579.29,20260116,11.19,1.0329059999999999,20260612,20260612,1.0329059999999999
000001.SZ,1d,2026-01-19,10.794786747293557,10.852875285844016,10.756061054926587,10.765742478018328,804741.0,896712443.28,20260119,11.12,1.0329059999999999,20260612,20260612,1.0329059999999999
000001.SZ,1d,2026-01-20,10.765742478018328,10.843193862752274,10.756061054926587,10.804468170385302,772276.0,861694177.6200001,20260120,11.16,1.0329059999999999,20260612,20260612,1.0329059999999999
000001.SZ,1d,2026-01-21,10.794786747293559,10.823831016568787,10.707653939467871,10.717335362559615,900125.0,1001045287.81,20260121,11.07,1.0329059999999999,20260612,20260612,1.0329059999999999
000001.SZ,1d,2026-01-22,10.717335362559615,10.794786747293559,10.697972516376128,10.717335362559615,788635.0,873985784.71,20260122,11.07,1.0329059999999999,20260612,20260612,1.0329059999999999
000001.SZ,1d,2026-01-23,10.717335362559615,10.7366982087431,10.630202554733927,10.639883977825669,1109994.0,1224886435.95,20260123,10.99,1.0329059999999999,20260612,20260612,1.0329059999999999
000001.SZ,1d,2026-01-26,10.630202554733927,10.707653939467871,10.572114016183468,10.610839708550438,1106247.0,1214803430.6799998,20260126,10.959999999999999,1.0329059999999999,20260612,20260612,1.0329059999999999
000001.SZ,1d,2026-01-27,10.610839708550438,10.67860967019264,10.58179543927521,10.591476862366953,894091.0,981119837.7499999,20260127,10.94,1.0329059999999999,20260612,20260612,1.0329059999999999
000001.SZ,1d,2026-01-28,10.591476862366953,10.639883977825669,10.475299785266037,10.494662631449522,1438766.0,1570012850.06,20260128,10.84,1.0329059999999999,20260612,20260612,1.0329059999999999
000001.SZ,1d,2026-01-29,10.494662631449522,10.630202554733927,10.320397015798147,10.61083970855044,1852994.0,2001845207.9599998,20260129,10.96,1.0329059999999999,20260612,20260612,1.0329059999999999
000001.SZ,1d,2026-01-30,10.591476862366953,10.67860967019264,10.48498120835778,10.48498120835778,1091755.0,1191181198.2500002,20260130,10.83,1.0329059999999999,20260612,20260612,1.0329059999999999
000001.SZ,1d,2026-02-02,10.475299785266037,10.678609670192643,10.455936939082552,10.51402547763301,1223173.0,1337643444.9599998,20260202,10.860000000000001,1.0329059999999999,20260612,20260612,1.0329059999999999
000001.SZ,1d,2026-02-03,10.543069746908238,10.552751169999981,10.426892669807321,10.494662631449522,806628.0,872562155.4100001,20260203,10.84,1.0329059999999999,20260612,20260612,1.0329059999999999
000001.SZ,1d,2026-02-04,10.504344054541265,10.630202554733927,10.494662631449522,10.620521131642183,695415.0,760107689.09,20260204,10.97,1.0329059999999999,20260612,20260612,1.0329059999999999
000001.SZ,1d,2026-02-05,10.630202554733927,10.756061054926588,10.61083970855044,10.736698208743102,1177591.0,1301134141.58,20260205,11.090000000000002,1.0329059999999999,20260612,20260612,1.0329059999999999
000001.SZ,1d,2026-02-06,10.727016785651358,10.785105324201817,10.639883977825669,10.697972516376128,727710.0,803862240.92,20260206,11.05,1.0329059999999999,20260612,20260612,1.0329059999999999
000001.SZ,1d,2026-02-09,10.697972516376128,10.756061054926587,10.659246824009156,10.717335362559615,619717.0,685218214.66,20260209,11.07,1.0329059999999999,20260612,20260612,1.0329059999999999
000001.SZ,1d,2026-02-10,10.717335362559615,10.746379631834843,10.668928247100897,10.70765393946787,600430.0,664140162.34,20260210,11.059999999999999,1.0329059999999999,20260612,20260612,1.0329059999999999
000001.SZ,1d,2026-02-11,10.70765393946787,10.7366982087431,10.668928247100897,10.717335362559615,431041.0,476801864.09,20260211,11.07,1.0329059999999999,20260612,20260612,1.0329059999999999
000001.SZ,1d,2026-02-12,10.717335362559615,10.727016785651358,10.58179543927521,10.610839708550438,681340.0,748338546.8000001,20260212,10.959999999999999,1.0329059999999999,20260612,20260612,1.0329059999999999
000001.SZ,1d,2026-02-13,10.61083970855044,10.639883977825669,10.552751169999981,10.562432593091724,555047.0,607501376.05,20260213,10.91,1.0329059999999999,20260612,20260612,1.0329059999999999
000001.SZ,1d,2026-02-24,10.581795439275211,10.601158285458698,10.533388323816496,10.562432593091724,602512.0,657487700.23,20260224,10.91,1.0329059999999999,20260612,20260612,1.0329059999999999
000001.SZ,1d,2026-02-25,10.562432593091724,10.601158285458697,10.436574092899063,10.514025477633009,1063135.0,1156693737.43,20260225,10.86,1.0329059999999999,20260612,20260612,1.0329059999999999
000001.SZ,1d,2026-02-26,10.51402547763301,10.562432593091724,10.455936939082552,10.523706900724752,712730.0,772947726.7,20260226,10.870000000000001,1.0329059999999999,20260612,20260612,1.0329059999999999
000001.SZ,1d,2026-02-27,10.514025477633009,10.572114016183468,10.494662631449522,10.552751169999981,612228.0,666177345.8000001,20260227,10.9,1.0329059999999999,20260612,20260612,1.0329059999999999
000001.SZ,1d,2026-03-02,10.504344054541265,10.543069746908238,10.426892669807321,10.504344054541265,838874.0,908747811.55,20260302,10.85,1.0329059999999999,20260612,20260612,1.0329059999999999
000001.SZ,1d,2026-03-03,10.504344054541267,10.601158285458698,10.455936939082552,10.533388323816496,1028695.0,1119402076.0000002,20260303,10.88,1.0329059999999999,20260612,20260612,1.0329059999999999
000001.SZ,1d,2026-03-04,10.494662631449522,10.494662631449522,10.33007843888989,10.368804131256862,1089714.0,1167995855.73,20260304,10.709999999999999,1.0329059999999999,20260612,20260612,1.0329059999999999
000001.SZ,1d,2026-03-05,10.378485554348606,10.494662631449524,10.35912270816512,10.465618362174293,712641.0,768553597.53,20260305,10.81,1.0329059999999999,20260612,20260612,1.0329059999999999
000001.SZ,1d,2026-03-06,10.436574092899063,10.494662631449522,10.426892669807321,10.475299785266037,476577.0,514733549.7300001,20260306,10.82,1.0329059999999999,20260612,20260612,1.0329059999999999
000001.SZ,1d,2026-03-09,10.446255515990808,10.475299785266037,10.397848400532093,10.417211246715578,835892.0,900716851.39,20260309,10.76,1.0329059999999999,20260612,20260612,1.0329059999999999
000001.SZ,1d,2026-03-10,10.426892669807321,10.465618362174293,10.38816697744035,10.465618362174293,790112.0,850573535.9300001,20260310,10.81,1.0329059999999999,20260612,20260612,1.0329059999999999
000001.SZ,1d,2026-03-11,10.446255515990806,10.552751169999981,10.426892669807321,10.543069746908238,720535.0,781041008.86,20260311,10.889999999999999,1.0329059999999999,20260612,20260612,1.0329059999999999
000001.SZ,1d,2026-03-12,10.52370690072475,10.610839708550438,10.504344054541265,10.591476862366953,754906.0,824171953.5,20260312,10.94,1.0329059999999999,20260612,20260612,1.0329059999999999
000001.SZ,1d,2026-03-13,10.581795439275211,10.649565400917414,10.523706900724752,10.581795439275211,841939.0,920839355.51,20260313,10.930000000000001,1.0329059999999999,20260612,20260612,1.0329059999999999
000001.SZ,1d,2026-03-16,10.581795439275211,10.620521131642183,10.533388323816496,10.572114016183468,715603.0,782089440.63,20260316,10.92,1.0329059999999999,20260612,20260612,1.0329059999999999
000001.SZ,1d,2026-03-17,10.562432593091724,10.717335362559615,10.552751169999981,10.678609670192643,1076657.0,1187565491.59,20260317,11.030000000000001,1.0329059999999999,20260612,20260612,1.0329059999999999
000001.SZ,1d,2026-03-18,10.688291093284386,10.688291093284386,10.562432593091724,10.61083970855044,791079.0,867711250.46,20260318,10.96,1.0329059999999999,20260612,20260612,1.0329059999999999
000001.SZ,1d,2026-03-19,10.572114016183468,10.620521131642182,10.514025477633009,10.533388323816494,624212.0,681086518.7199999,20260319,10.879999999999999,1.0329059999999999,20260612,20260612,1.0329059999999999
000001.SZ,1d,2026-03-20,10.52370690072475,10.591476862366953,10.417211246715578,10.426892669807321,834083.0,903819004.16,20260320,10.77,1.0329059999999999,20260612,20260612,1.0329059999999999
000001.SZ,1d,2026-03-23,10.339759861981634,10.339759861981634,10.097724284688056,10.11708713087154,1580088.0,1666328347.8000002,20260323,10.45,1.0329059999999999,20260612,20260612,1.0329059999999999
000001.SZ,1d,2026-03-24,10.184857092513743,10.543069746908238,10.184857092513743,10.533388323816494,1622251.0,1744746707.7,20260324,10.879999999999999,1.0329059999999999,20260612,20260612,1.0329059999999999
000001.SZ,1d,2026-03-25,10.54306974690824,10.601158285458698,10.446255515990808,10.591476862366955,744780.0,809739890.44,20260325,10.940000000000001,1.0329059999999999,20260612,20260612,1.0329059999999999
000001.SZ,1d,2026-03-26,10.562432593091724,10.697972516376128,10.552751169999981,10.591476862366953,827664.0,909199430.74,20260326,10.94,1.0329059999999999,20260612,20260612,1.0329059999999999
000001.SZ,1d,2026-03-27,10.562432593091724,10.697972516376128,10.48498120835778,10.668928247100897,884129.0,972821270.1400001,20260327,11.02,1.0329059999999999,20260612,20260612,1.0329059999999999
000001.SZ,1d,2026-03-30,10.630202554733925,10.697972516376128,10.591476862366953,10.639883977825669,632522.0,696208267.35,20260330,10.99,1.0329059999999999,20260612,20260612,1.0329059999999999
000001.SZ,1d,2026-03-31,10.649565400917412,10.823831016568787,10.639883977825669,10.727016785651358,1164565.0,1294675716.1499999,20260331,11.08,1.0329059999999999,20260612,20260612,1.0329059999999999
000001.SZ,1d,2026-04-01,10.7366982087431,10.872238132027505,10.727016785651358,10.794786747293559,918925.0,1025538832.67,20260401,11.15,1.0329059999999999,20260612,20260612,1.0329059999999999
000001.SZ,1d,2026-04-02,10.794786747293559,10.959370939853192,10.775423901110074,10.910963824394477,1148895.0,1292756711.67,20260402,11.270000000000001,1.0329059999999999,20260612,20260612,1.0329059999999999
000001.SZ,1d,2026-04-03,10.920645247486219,10.920645247486219,10.7366982087431,10.765742478018328,757757.0,845283641.29,20260403,11.12,1.0329059999999999,20260612,20260612,1.0329059999999999
000001.SZ,1d,2026-04-07,10.76574247801833,10.785105324201817,10.620521131642183,10.678609670192643,607955.0,671322754.77,20260407,11.030000000000001,1.0329059999999999,20260612,20260612,1.0329059999999999
000001.SZ,1d,2026-04-08,10.756061054926588,10.862556708935761,10.697972516376128,10.862556708935761,812976.0,906308305.45,20260408,11.22,1.0329059999999999,20260612,20260612,1.0329059999999999
000001.SZ,1d,2026-04-09,10.814149593477046,10.862556708935761,10.707653939467871,10.746379631834843,602365.0,669239285.3700001,20260409,11.1,1.0329059999999999,20260612,20260612,1.0329059999999999
000001.SZ,1d,2026-04-10,10.746379631834843,10.775423901110074,10.717335362559615,10.7366982087431,481047.0,534088990.51000005,20260410,11.09,1.0329059999999999,20260612,20260612,1.0329059999999999
000001.SZ,1d,2026-04-13,10.697972516376128,10.7366982087431,10.67860967019264,10.717335362559613,406104.0,449056813.72999996,20260413,11.069999999999999,1.0329059999999999,20260612,20260612,1.0329059999999999
000001.SZ,1d,2026-04-14,10.717335362559615,10.814149593477046,10.717335362559615,10.814149593477046,496151.0,551741632.58,20260414,11.17,1.0329059999999999,20260612,20260612,1.0329059999999999
000001.SZ,1d,2026-04-15,10.804468170385302,10.862556708935761,10.794786747293559,10.852875285844018,503938.0,564031568.33,20260415,11.21,1.0329059999999999,20260612,20260612,1.0329059999999999
000001.SZ,1d,2026-04-16,10.843193862752276,10.872238132027505,10.717335362559615,10.7366982087431,680915.0,758006903.4200001,20260416,11.09,1.0329059999999999,20260612,20260612,1.0329059999999999
000001.SZ,1d,2026-04-17,10.7366982087431,10.756061054926587,10.639883977825669,10.659246824009156,722530.0,797678405.5300001,20260417,11.01,1.0329059999999999,20260612,20260612,1.0329059999999999
000001.SZ,1d,2026-04-20,10.659246824009157,10.717335362559615,10.61083970855044,10.707653939467871,630034.0,695097193.5100001,20260420,11.06,1.0329059999999999,20260612,20260612,1.0329059999999999
000001.SZ,1d,2026-04-21,10.688291093284384,10.804468170385302,10.67860967019264,10.727016785651358,806946.0,896659539.18,20260421,11.08,1.0329059999999999,20260612,20260612,1.0329059999999999
000001.SZ,1d,2026-04-22,10.727016785651358,10.736698208743102,10.601158285458698,10.630202554733927,839054.0,923203009.3500001,20260422,10.98,1.0329059999999999,20260612,20260612,1.0329059999999999
000001.SZ,1d,2026-04-23,10.630202554733927,10.67860967019264,10.58179543927521,10.649565400917412,648067.0,711757543.31,20260423,11.0,1.0329059999999999,20260612,20260612,1.0329059999999999
000001.SZ,1d,2026-04-24,10.630202554733927,10.67860967019264,10.572114016183468,10.649565400917412,582710.0,639781173.32,20260424,11.0,1.0329059999999999,20260612,20260612,1.0329059999999999
000001.SZ,1d,2026-04-27,10.969052362944934,11.20140651714677,10.930326670577964,11.017459478403651,3401276.0,3891707615.21,20260427,11.38,1.0329059999999999,20260612,20260612,1.0329059999999999
000001.SZ,1d,2026-04-28,10.998096632220163,11.094910863137596,10.959370939853192,11.094910863137596,1674259.0,1908333958.72,20260428,11.46,1.0329059999999999,20260612,20260612,1.0329059999999999
000001.SZ,1d,2026-04-29,11.065866593862365,11.17236224787154,11.027140901495393,11.152999401688055,1378423.0,1583294868.98,20260429,11.520000000000001,1.0329059999999999,20260612,20260612,1.0329059999999999
000001.SZ,1d,2026-04-30,11.133636555504568,11.230450786422,11.094910863137596,11.123955132412824,1139242.0,1312827775.76,20260430,11.49,1.0329059999999999,20260612,20260612,1.0329059999999999
000001.SZ,1d,2026-05-06,11.133636555504568,11.133636555504568,10.940008093669706,10.998096632220165,1216388.0,1380730921.13,20260506,11.360000000000001,1.0329059999999999,20260612,20260612,1.0329059999999999
000001.SZ,1d,2026-05-07,11.007778055311908,11.027140901495393,10.940008093669706,11.007778055311908,936958.0,1062755238.5,20260507,11.370000000000001,1.0329059999999999,20260612,20260612,1.0329059999999999
000001.SZ,1d,2026-05-08,10.978733786036678,11.056185170770622,10.940008093669706,10.940008093669706,798820.0,905737835.2099999,20260508,11.3,1.0329059999999999,20260612,20260612,1.0329059999999999
000001.SZ,1d,2026-05-11,10.930326670577964,10.949689516761449,10.804468170385302,10.920645247486219,931865.0,1047435369.38,20260511,11.28,1.0329059999999999,20260612,20260612,1.0329059999999999
000001.SZ,1d,2026-05-12,10.92064524748622,10.998096632220165,10.852875285844018,10.89160097821099,1029038.0,1158241865.9100003,20260512,11.25,1.0329059999999999,20260612,20260612,1.0329059999999999
000001.SZ,1d,2026-05-13,10.89160097821099,10.920645247486219,10.756061054926587,10.785105324201815,1017974.0,1136724107.3999999,20260513,11.139999999999999,1.0329059999999999,20260612,20260612,1.0329059999999999
000001.SZ,1d,2026-05-14,10.785105324201817,10.794786747293559,10.697972516376128,10.697972516376128,794368.0,881960631.2,20260514,11.05,1.0329059999999999,20260612,20260612,1.0329059999999999
000001.SZ,1d,2026-05-15,10.697972516376128,10.756061054926588,10.61083970855044,10.639883977825669,974742.0,1074648532.65,20260515,10.99,1.0329059999999999,20260612,20260612,1.0329059999999999
000001.SZ,1d,2026-05-18,10.61083970855044,10.620521131642183,10.475299785266037,10.514025477633009,856382.0,931697164.0,20260518,10.86,1.0329059999999999,20260612,20260612,1.0329059999999999
000001.SZ,1d,2026-05-19,10.48498120835778,10.572114016183468,10.48498120835778,10.514025477633009,793529.0,862561883.36,20260519,10.86,1.0329059999999999,20260612,20260612,1.0329059999999999
000001.SZ,1d,2026-05-20,10.514025477633009,10.533388323816494,10.417211246715578,10.426892669807321,747632.0,808079588.8699999,20260520,10.77,1.0329059999999999,20260612,20260612,1.0329059999999999
000001.SZ,1d,2026-05-21,10.436574092899063,10.45593693908255,10.349441285073375,10.359122708165119,1110211.0,1194144111.5000002,20260521,10.7,1.0329059999999999,20260612,20260612,1.0329059999999999
000001.SZ,1d,2026-05-22,10.35912270816512,10.38816697744035,10.310715592706405,10.339759861981634,954133.0,1020057083.13,20260522,10.68,1.0329059999999999,20260612,20260612,1.0329059999999999
000001.SZ,1d,2026-05-25,10.339759861981634,10.417211246715578,10.301034169614661,10.339759861981634,663103.0,709614127.77,20260525,10.68,1.0329059999999999,20260612,20260612,1.0329059999999999
000001.SZ,1d,2026-05-26,10.368804131256864,10.48498120835778,10.320397015798147,10.446255515990808,837347.0,900879538.05,20260526,10.790000000000001,1.0329059999999999,20260612,20260612,1.0329059999999999
000001.SZ,1d,2026-05-27,10.417211246715578,10.504344054541267,10.378485554348606,10.417211246715578,839727.0,905710898.2800001,20260527,10.76,1.0329059999999999,20260612,20260612,1.0329059999999999
000001.SZ,1d,2026-05-28,10.41721124671558,10.446255515990808,10.291352746522918,10.320397015798147,900711.0,963695781.21,20260528,10.66,1.0329059999999999,20260612,20260612,1.0329059999999999
000001.SZ,1d,2026-05-29,10.310715592706405,10.581795439275211,10.281671323431176,10.581795439275211,1399368.0,1515692068.28,20260529,10.930000000000001,1.0329059999999999,20260612,20260612,1.0329059999999999
000001.SZ,1d,2026-06-01,10.552751169999981,10.639883977825669,10.465618362174293,10.639883977825669,954596.0,1042306455.8600001,20260601,10.99,1.0329059999999999,20260612,20260612,1.0329059999999999
000001.SZ,1d,2026-06-02,10.630202554733925,10.746379631834843,10.591476862366953,10.727016785651358,885428.0,978159336.86,20260602,11.08,1.0329059999999999,20260612,20260612,1.0329059999999999
000001.SZ,1d,2026-06-03,10.67860967019264,10.707653939467871,10.572114016183468,10.639883977825669,825272.0,906870268.35,20260603,10.99,1.0329059999999999,20260612,20260612,1.0329059999999999
000001.SZ,1d,2026-06-04,10.562432593091724,10.620521131642182,10.426892669807321,10.475299785266037,869271.0,943329311.3900001,20260604,10.82,1.0329059999999999,20260612,20260612,1.0329059999999999
000001.SZ,1d,2026-06-05,10.48498120835778,10.67860967019264,10.48498120835778,10.630202554733927,1003503.0,1102446143.3400002,20260605,10.98,1.0329059999999999,20260612,20260612,1.0329059999999999
000001.SZ,1d,2026-06-08,10.620521131642183,10.746379631834845,10.61083970855044,10.678609670192643,1090926.0,1203946343.4,20260608,11.030000000000001,1.0329059999999999,20260612,20260612,1.0329059999999999
000001.SZ,1d,2026-06-09,10.659246824009157,10.833512439660533,10.61083970855044,10.775423901110074,1149672.0,1277122415.7899997,20260609,11.13,1.0329059999999999,20260612,20260612,1.0329059999999999
000001.SZ,1d,2026-06-10,10.717335362559615,10.988415209128421,10.717335362559615,10.959370939853192,1543176.0,1738056712.03,20260610,11.32,1.0329059999999999,20260612,20260612,1.0329059999999999
000001.SZ,1d,2026-06-11,10.959370939853192,11.027140901495393,10.89160097821099,10.940008093669706,1156222.0,1308133972.1299999,20260611,11.3,1.0329059999999999,20260612,20260612,1.0329059999999999
000001.SZ,1d,2026-06-12,11.0,11.25,10.88,11.24,2032355.0,2263042930.5699997,20260612,11.24,1.0,20260612,20260612,1.0329059999999999
