stock,period,datetime,open,high,low,close,volume,amount,day,raw_close,cum_dr,asof,new_event_day,new_dr
000001.SZ,1d,2016-01-04,9.057104731339988,9.07974749316834,8.475940511079006,8.551416383840174,563497.0,660376153.12,20160104,11.33,1.3249267128905788,20220722,20220722,1.017996
000001.SZ,1d,2016-01-05,8.506130860183472,8.732558478466974,8.415559812870073,8.60424949477299,663269.0,755531353.7200001,20160105,11.4,1.3249267128905788,20220722,20220722,1.017996
000001.SZ,1d,2016-01-06,8.619344669325223,8.725010891190855,8.596701907496874,8.702368129362506,515706.0,591698520.3600001,20160106,11.530000000000001,1.3249267128905788,20220722,20220722,1.017996
000001.SZ,1d,2016-01-07,8.611797082049106,8.611797082049106,8.234417718243273,8.257060480071623,174761.0,194869493.47000003,20160107,10.94,1.3249267128905788,20220722,20220722,1.017996
000001.SZ,1d,2016-01-08,8.460845336526774,8.521226034735706,8.226870130967157,8.392917051041724,747527.0,831334546.23,20160108,11.120000000000001,1.3249267128905788,20220722,20220722,1.017996
000001.SZ,1d,2016-01-11,8.302346003728323,8.362726701937257,8.06082321089259,8.121203909101522,732013.0,800683640.99,20160111,10.76,1.3249267128905788,20220722,20220722,1.017996
000001.SZ,1d,2016-01-12,8.17403702003434,8.234417718243273,8.030632861788124,8.158941845482106,561642.0,605970836.99,20160112,10.81,1.3249267128905788,20220722,20220722,1.017996
000001.SZ,1d,2016-01-13,8.21932254369104,8.257060480071624,8.075918385444824,8.08346597272094,391709.0,424371697.73,20160113,10.71,1.3249267128905788,20220722,20220722,1.017996
000001.SZ,1d,2016-01-14,7.99289492540754,8.15139425820599,7.909871465370257,8.128751496377639,666314.0,708535004.7,20160114,10.77,1.3249267128905788,20220722,20220722,1.017996
000001.SZ,1d,2016-01-15,8.045728036340357,8.15139425820599,7.864585941713557,7.894776290818023,448202.0,474908142.0300001,20160115,10.459999999999999,1.3249267128905788,20220722,20220722,1.017996
000001.SZ,1d,2016-01-18,7.804205243504623,7.9702521635791905,7.774014894400158,7.8570383544374405,421040.0,439917816.17999995,20160118,10.41,1.3249267128905788,20220722,20220722,1.017996
000001.SZ,1d,2016-01-19,7.887228703541906,8.136299083653757,7.8570383544374405,8.08346597272094,501109.0,532074699.5,20160119,10.71,1.3249267128905788,20220722,20220722,1.017996
000001.SZ,1d,2016-01-20,8.075918385444822,8.15139425820599,7.87968111626579,7.955156989026956,603752.0,640968946.8700001,20160120,10.54,1.3249267128905788,20220722,20220722,1.017996
000001.SZ,1d,2016-01-21,7.909871465370257,8.113656321825406,7.78911006895239,7.78911006895239,606145.0,638127876.8299999,20160121,10.32,1.3249267128905788,20220722,20220722,1.017996
000001.SZ,1d,2016-01-22,7.849490767161324,7.887228703541908,7.713634196191224,7.849490767161324,466752.0,482984450.37000006,20160122,10.4,1.3249267128905788,20220722,20220722,1.017996
000001.SZ,1d,2016-01-25,7.849490767161324,7.87968111626579,7.796657656228507,7.826848005332973,376431.0,390734876.74,20160125,10.37,1.3249267128905788,20220722,20220722,1.017996
000001.SZ,1d,2016-01-26,7.78911006895239,7.78911006895239,7.441921054251024,7.44946864152714,647901.0,653561593.37,20160126,9.87,1.3249267128905788,20220722,20220722,1.017996
000001.SZ,1d,2016-01-27,7.49475416518384,7.532492101564424,7.245683785071991,7.457016228803257,569037.0,558510640.86,20160127,9.879999999999999,1.3249267128905788,20220722,20220722,1.017996
000001.SZ,1d,2016-01-28,7.4117307051465575,7.464563816079375,7.283421721452575,7.31361207055704,302540.0,296055319.24,20160128,9.69,1.3249267128905788,20220722,20220722,1.017996
000001.SZ,1d,2016-01-29,7.351350006937625,7.60796797432559,7.31361207055704,7.547587276116658,544435.0,540544459.55,20160129,10.0,1.3249267128905788,20220722,20220722,1.017996
000001.SZ,1d,2016-02-01,7.532492101564424,7.555134863392774,7.351350006937625,7.396635530594325,417732.0,412635642.62999994,20160201,9.8,1.3249267128905788,20220722,20220722,1.017996
000001.SZ,1d,2016-02-02,7.396635530594323,7.570230037945007,7.38154035604209,7.509849339736074,369104.0,367360499.7,20160202,9.95,1.3249267128905788,20220722,20220722,1.017996
000001.SZ,1d,2016-02-03,7.4343734669749075,7.464563816079373,7.373992768765974,7.4343734669749075,274572.0,269997835.61,20160203,9.85,1.3249267128905788,20220722,20220722,1.017996
000001.SZ,1d,2016-02-04,7.464563816079375,7.547587276116658,7.457016228803258,7.509849339736075,373099.0,370586187.52000004,20160204,9.950000000000001,1.3249267128905788,20220722,20220722,1.017996
000001.SZ,1d,2016-02-05,7.517396927012191,7.524944514288308,7.4796589906316076,7.487206577907724,270893.0,269184383.53,20160205,9.92,1.3249267128905788,20220722,20220722,1.017996
000001.SZ,1d,2016-02-15,7.290969308728691,7.4343734669749075,7.283421721452575,7.389087943318208,278499.0,271173372.44,20160215,9.790000000000001,1.3249267128905788,20220722,20220722,1.017996
000001.SZ,1d,2016-02-16,7.426825879698791,7.570230037945007,7.419278292422674,7.555134863392774,428386.0,427507774.18,20160216,10.01,1.3249267128905788,20220722,20220722,1.017996
000001.SZ,1d,2016-02-17,7.570230037945007,7.713634196191224,7.540039688840541,7.660801085258408,585167.0,590538918.7800001,20160217,10.15,1.3249267128905788,20220722,20220722,1.017996
000001.SZ,1d,2016-02-18,7.683443847086757,7.713634196191224,7.615515561601707,7.615515561601707,406178.0,412337569.83000004,20160218,10.09,1.3249267128905788,20220722,20220722,1.017996
000001.SZ,1d,2016-02-19,7.615515561601707,7.653253497982291,7.540039688840541,7.577777625221125,318898.0,320939651.99,20160219,10.040000000000001,1.3249267128905788,20220722,20220722,1.017996
000001.SZ,1d,2016-02-22,7.645705910706175,7.781562481676274,7.592872799773358,7.766467307124041,617739.0,630251514.49,20160222,10.290000000000001,1.3249267128905788,20220722,20220722,1.017996
000001.SZ,1d,2016-02-23,7.766467307124041,7.766467307124041,7.585325212497241,7.638158323430058,425874.0,432315311.35,20160223,10.120000000000001,1.3249267128905788,20220722,20220722,1.017996
000001.SZ,1d,2016-02-24,7.592872799773358,7.660801085258408,7.555134863392774,7.660801085258408,300103.0,302498026.09,20160224,10.15,1.3249267128905788,20220722,20220722,1.017996
000001.SZ,1d,2016-02-25,7.638158323430057,7.645705910706173,7.245683785071991,7.2985168960048075,622072.0,615004743.2700001,20160225,9.67,1.3249267128905788,20220722,20220722,1.017996
000001.SZ,1d,2016-02-26,7.373992768765974,7.419278292422674,7.290969308728691,7.389087943318208,392154.0,382634662.72,20160226,9.790000000000001,1.3249267128905788,20220722,20220722,1.017996
000001.SZ,1d,2016-02-29,7.389087943318207,7.404183117870441,7.109827214101891,7.215493435967525,566896.0,542183971.78,20160229,9.56,1.3249267128905788,20220722,20220722,1.017996
000001.SZ,1d,2016-03-01,7.260778959624224,7.373992768765974,7.230588610519757,7.3211596578331575,377910.0,365149008.02000004,20160301,9.7,1.3249267128905788,20220722,20220722,1.017996
000001.SZ,1d,2016-03-02,7.358897594213741,7.645705910706175,7.336254832385391,7.623063148877825,676613.0,673626229.31,20160302,10.100000000000001,1.3249267128905788,20220722,20220722,1.017996
000001.SZ,1d,2016-03-03,7.6155155616017085,7.6834438470867585,7.577777625221125,7.630610736153941,553089.0,559045201.6200001,20160303,10.110000000000001,1.3249267128905788,20220722,20220722,1.017996
000001.SZ,1d,2016-03-04,7.615515561601707,7.9249666399224905,7.600420387049474,7.849490767161324,1381249.0,1429273062.74,20160304,10.4,1.3249267128905788,20220722,20220722,1.017996
000001.SZ,1d,2016-03-07,7.811752830780741,7.917419052646374,7.774014894400158,7.804205243504623,606352.0,630155599.1600001,20160307,10.34,1.3249267128905788,20220722,20220722,1.017996
000001.SZ,1d,2016-03-08,7.819300418056857,7.819300418056857,7.502301752459957,7.758919719847923,643156.0,650471607.35,20160308,10.28,1.3249267128905788,20220722,20220722,1.017996
000001.SZ,1d,2016-03-09,7.653253497982291,7.713634196191224,7.577777625221125,7.675896259810642,325900.0,330124892.38,20160309,10.170000000000002,1.3249267128905788,20220722,20220722,1.017996
000001.SZ,1d,2016-03-10,7.728729370743458,7.811752830780741,7.645705910706175,7.660801085258408,474020.0,486414240.72,20160310,10.15,1.3249267128905788,20220722,20220722,1.017996
000001.SZ,1d,2016-03-11,7.623063148877825,7.713634196191224,7.577777625221125,7.668348672534524,383736.0,389638934.2,20160311,10.16,1.3249267128905788,20220722,20220722,1.017996
000001.SZ,1d,2016-03-14,7.706086608915108,7.894776290818024,7.706086608915108,7.743824545295691,655158.0,679161304.98,20160314,10.260000000000002,1.3249267128905788,20220722,20220722,1.017996
000001.SZ,1d,2016-03-15,7.758919719847923,7.819300418056857,7.668348672534524,7.78911006895239,417920.0,428786691.82,20160315,10.32,1.3249267128905788,20220722,20220722,1.017996
000001.SZ,1d,2016-03-16,7.751372132571807,7.887228703541906,7.736276958019574,7.8117528307807405,664886.0,690087713.0500001,20160316,10.35,1.3249267128905788,20220722,20220722,1.017996
000001.SZ,1d,2016-03-17,7.819300418056858,7.909871465370257,7.774014894400158,7.864585941713557,610996.0,635181313.4699999,20160317,10.42,1.3249267128905788,20220722,20220722,1.017996
000001.SZ,1d,2016-03-18,7.864585941713557,7.977799750855307,7.849490767161324,7.955156989026958,797215.0,836565552.7900001,20160318,10.540000000000001,1.3249267128905788,20220722,20220722,1.017996
000001.SZ,1d,2016-03-21,7.962704576303074,8.196679781862692,7.962704576303074,8.15139425820599,920432.0,987764461.92,20160321,10.8,1.3249267128905788,20220722,20220722,1.017996
000001.SZ,1d,2016-03-22,8.128751496377639,8.257060480071623,8.068370798168706,8.091013559997055,625482.0,675406611.44,20160322,10.719999999999999,1.3249267128905788,20220722,20220722,1.017996
000001.SZ,1d,2016-03-23,8.083465972720939,8.128751496377639,8.007990099959773,8.075918385444822,430278.0,458963272.7,20160323,10.7,1.3249267128905788,20220722,20220722,1.017996
000001.SZ,1d,2016-03-24,8.007990099959773,8.023085274512008,7.9249666399224905,7.940061814474723,372406.0,393411544.51,20160324,10.52,1.3249267128905788,20220722,20220722,1.017996
000001.SZ,1d,2016-03-25,7.932514227198607,8.000442512683657,7.9249666399224905,7.99289492540754,237070.0,250338489.56000003,20160325,10.59,1.3249267128905788,20220722,20220722,1.017996
000001.SZ,1d,2016-03-28,8.015537687235891,8.03818044906424,7.887228703541908,7.909871465370257,358621.0,378973327.48,20160328,10.48,1.3249267128905788,20220722,20220722,1.017996
000001.SZ,1d,2016-03-29,7.932514227198608,7.940061814474724,7.834395592609091,7.872133528989675,318317.0,332422397.07,20160329,10.430000000000001,1.3249267128905788,20220722,20220722,1.017996
000001.SZ,1d,2016-03-30,7.909871465370257,8.075918385444824,7.9023238780941405,8.075918385444824,539699.0,572627417.13,20160330,10.700000000000001,1.3249267128905788,20220722,20220722,1.017996
000001.SZ,1d,2016-03-31,8.08346597272094,8.113656321825406,8.030632861788124,8.030632861788124,418387.0,447266281.73,20160331,10.64,1.3249267128905788,20220722,20220722,1.017996
000001.SZ,1d,2016-04-01,8.01553768723589,8.068370798168706,7.9249666399224905,8.045728036340357,369341.0,391830399.33,20160401,10.66,1.3249267128905788,20220722,20220722,1.017996
000001.SZ,1d,2016-04-05,8.01553768723589,8.158941845482106,7.9249666399224905,8.075918385444822,592308.0,632378859.33,20160405,10.7,1.3249267128905788,20220722,20220722,1.017996
000001.SZ,1d,2016-04-06,8.06082321089259,8.113656321825406,8.007990099959773,8.091013559997055,435259.0,464962437.13000005,20160406,10.719999999999999,1.3249267128905788,20220722,20220722,1.017996
000001.SZ,1d,2016-04-07,8.091013559997057,8.098561147273173,7.99289492540754,7.99289492540754,377719.0,401949050.57000005,20160407,10.59,1.3249267128905788,20220722,20220722,1.017996
000001.SZ,1d,2016-04-08,7.962704576303074,8.053275623616473,7.9249666399224905,7.977799750855307,376553.0,397998243.93,20160408,10.57,1.3249267128905788,20220722,20220722,1.017996
000001.SZ,1d,2016-04-11,8.000442512683657,8.15139425820599,8.000442512683657,8.091013559997055,786386.0,840486348.21,20160411,10.719999999999999,1.3249267128905788,20220722,20220722,1.017996
000001.SZ,1d,2016-04-12,8.075918385444824,8.08346597272094,8.015537687235891,8.053275623616475,298599.0,318538001.82000005,20160412,10.670000000000002,1.3249267128905788,20220722,20220722,1.017996
000001.SZ,1d,2016-04-13,8.098561147273173,8.279703241899973,8.08346597272094,8.158941845482106,856760.0,929858588.49,20160413,10.81,1.3249267128905788,20220722,20220722,1.017996
000001.SZ,1d,2016-04-14,8.211774956414924,8.226870130967157,8.143846670929873,8.181584607310457,323646.0,350702741.47,20160414,10.840000000000002,1.3249267128905788,20220722,20220722,1.017996
000001.SZ,1d,2016-04-15,8.181584607310457,8.257060480071624,8.15139425820599,8.211774956414924,497224.0,541052858.38,20160415,10.88,1.3249267128905788,20220722,20220722,1.017996
000001.SZ,1d,2016-04-18,8.166489432758224,8.189132194586573,8.098561147273173,8.098561147273173,350654.0,377791436.76,20160418,10.73,1.3249267128905788,20220722,20220722,1.017996
000001.SZ,1d,2016-04-19,8.12875149637764,8.158941845482106,8.08346597272094,8.12875149637764,218239.0,234479844.29,20160419,10.770000000000001,1.3249267128905788,20220722,20220722,1.017996
000001.SZ,1d,2016-04-20,8.128751496377639,8.136299083653757,7.819300418056857,7.940061814474723,606586.0,640149677.08,20160420,10.52,1.3249267128905788,20220722,20220722,1.017996
000001.SZ,1d,2016-04-21,7.940061814474724,8.023085274512008,7.887228703541908,7.932514227198608,558799.0,588731547.4699999,20160421,10.510000000000002,1.3249267128905788,20220722,20220722,1.017996
000001.SZ,1d,2016-04-22,7.894776290818024,8.015537687235891,7.8570383544374405,7.962704576303074,359677.0,379176139.25,20160422,10.55,1.3249267128905788,20220722,20220722,1.017996
000001.SZ,1d,2016-04-25,7.9702521635791905,7.9702521635791905,7.864585941713557,7.9249666399224905,349257.0,366533376.73,20160425,10.5,1.3249267128905788,20220722,20220722,1.017996
000001.SZ,1d,2016-04-26,7.909871465370257,8.000442512683659,7.894776290818024,7.992894925407541,291699.0,306962513.0,20160426,10.590000000000002,1.3249267128905788,20220722,20220722,1.017996
000001.SZ,1d,2016-04-27,7.985347338131423,8.007990099959773,7.940061814474723,7.977799750855307,239553.0,253308584.05,20160427,10.57,1.3249267128905788,20220722,20220722,1.017996
000001.SZ,1d,2016-04-28,7.985347338131423,8.121203909101524,7.955156989026958,8.045728036340357,457460.0,487261220.54,20160428,10.66,1.3249267128905788,20220722,20220722,1.017996
000001.SZ,1d,2016-04-29,8.030632861788124,8.030632861788124,7.962704576303074,7.977799750855307,404977.0,428582155.01,20160429,10.57,1.3249267128905788,20220722,20220722,1.017996
000001.SZ,1d,2016-05-03,7.985347338131423,8.091013559997055,7.940061814474723,8.06082321089259,489102.0,521137502.43000007,20160503,10.68,1.3249267128905788,20220722,20220722,1.017996
000001.SZ,1d,2016-05-04,8.06082321089259,8.113656321825406,8.045728036340357,8.091013559997057,412435.0,441848167.65000004,20160504,10.72,1.3249267128905788,20220722,20220722,1.017996
000001.SZ,1d,2016-05-05,8.068370798168706,8.091013559997057,8.03818044906424,8.091013559997057,239516.0,256002095.85999998,20160505,10.72,1.3249267128905788,20220722,20220722,1.017996
000001.SZ,1d,2016-05-06,8.098561147273173,8.098561147273173,7.940061814474723,7.940061814474723,346545.0,367408584.52,20160506,10.52,1.3249267128905788,20220722,20220722,1.017996
000001.SZ,1d,2016-05-09,7.9249666399224905,7.947609401750841,7.78911006895239,7.8117528307807405,411171.0,428356624.07,20160509,10.35,1.3249267128905788,20220722,20220722,1.017996
000001.SZ,1d,2016-05-10,7.804205243504623,7.826848005332973,7.751372132571807,7.758919719847923,292599.0,301767207.97,20160510,10.28,1.3249267128905788,20220722,20220722,1.017996
000001.SZ,1d,2016-05-11,7.774014894400158,7.879681116265791,7.774014894400158,7.826848005332974,327289.0,339005275.76,20160511,10.370000000000001,1.3249267128905788,20220722,20220722,1.017996
000001.SZ,1d,2016-05-12,7.781562481676274,7.849490767161324,7.736276958019574,7.834395592609091,325885.0,336792700.57,20160512,10.38,1.3249267128905788,20220722,20220722,1.017996
000001.SZ,1d,2016-05-13,7.8117528307807405,7.849490767161324,7.796657656228507,7.8117528307807405,184266.0,191007255.66,20160513,10.35,1.3249267128905788,20220722,20220722,1.017996
000001.SZ,1d,2016-05-16,7.78911006895239,7.819300418056857,7.736276958019574,7.819300418056857,215224.0,221931208.07000002,20160516,10.36,1.3249267128905788,20220722,20220722,1.017996
000001.SZ,1d,2016-05-17,7.819300418056857,7.826848005332974,7.728729370743458,7.774014894400158,250424.0,257859628.95000002,20160517,10.3,1.3249267128905788,20220722,20220722,1.017996
000001.SZ,1d,2016-05-18,7.7664673071240395,7.78911006895239,7.67589625981064,7.774014894400158,534150.0,547076639.38,20160518,10.3,1.3249267128905788,20220722,20220722,1.017996
000001.SZ,1d,2016-05-19,7.751372132571807,7.78911006895239,7.736276958019574,7.736276958019574,170777.0,175591500.42,20160519,10.25,1.3249267128905788,20220722,20220722,1.017996
000001.SZ,1d,2016-05-20,7.728729370743458,7.796657656228507,7.690991434362873,7.774014894400156,206703.0,212277642.00000003,20160520,10.299999999999999,1.3249267128905788,20220722,20220722,1.017996
000001.SZ,1d,2016-05-23,7.796657656228507,7.804205243504623,7.736276958019574,7.758919719847923,323646.0,333300178.49,20160523,10.28,1.3249267128905788,20220722,20220722,1.017996
000001.SZ,1d,2016-05-24,7.751372132571807,7.758919719847923,7.690991434362873,7.706086608915107,259294.0,265042286.91000003,20160524,10.209999999999999,1.3249267128905788,20220722,20220722,1.017996
000001.SZ,1d,2016-05-25,7.736276958019574,7.758919719847923,7.690991434362873,7.7211817834673395,204235.0,209019882.70000002,20160525,10.229999999999999,1.3249267128905788,20220722,20220722,1.017996
000001.SZ,1d,2016-05-26,7.713634196191224,7.751372132571807,7.67589625981064,7.713634196191224,261396.0,266736775.84,20160526,10.22,1.3249267128905788,20220722,20220722,1.017996
000001.SZ,1d,2016-05-27,7.713634196191223,7.7664673071240395,7.690991434362873,7.751372132571807,222818.0,228377555.01999998,20160527,10.27,1.3249267128905788,20220722,20220722,1.017996
000001.SZ,1d,2016-05-30,7.736276958019575,7.758919719847925,7.698539021638991,7.758919719847925,380946.0,390119748.19,20160530,10.280000000000001,1.3249267128905788,20220722,20220722,1.017996
000001.SZ,1d,2016-05-31,7.74382454529569,7.977799750855307,7.74382454529569,7.962704576303072,946467.0,991668174.78,20160531,10.549999999999999,1.3249267128905788,20220722,20220722,1.017996
000001.SZ,1d,2016-06-01,7.932514227198607,7.962704576303072,7.87968111626579,7.909871465370256,556750.0,584161145.13,20160601,10.479999999999999,1.3249267128905788,20220722,20220722,1.017996
000001.SZ,1d,2016-06-02,7.9023238780941405,7.909871465370257,7.864585941713557,7.894776290818023,293036.0,306269383.37,20160602,10.459999999999999,1.3249267128905788,20220722,20220722,1.017996
000001.SZ,1d,2016-06-03,7.9023238780941405,7.940061814474723,7.8570383544374405,7.9249666399224905,423389.0,443039580.98,20160603,10.5,1.3249267128905788,20220722,20220722,1.017996
000001.SZ,1d,2016-06-06,7.932514227198608,7.947609401750841,7.887228703541908,7.932514227198608,338332.0,354998364.13,20160606,10.510000000000002,1.3249267128905788,20220722,20220722,1.017996
000001.SZ,1d,2016-06-07,7.940061814474723,7.947609401750841,7.909871465370257,7.940061814474723,229282.0,240887148.70000002,20160607,10.52,1.3249267128905788,20220722,20220722,1.017996
000001.SZ,1d,2016-06-08,7.955156989026958,7.955156989026958,7.894776290818024,7.9249666399224905,268188.0,281651740.87,20160608,10.5,1.3249267128905788,20220722,20220722,1.017996
000001.SZ,1d,2016-06-13,7.894776290818024,7.9023238780941405,7.796657656228507,7.796657656228507,344816.0,358996277.49999994,20160613,10.33,1.3249267128905788,20220722,20220722,1.017996
000001.SZ,1d,2016-06-14,7.804205243504623,7.8570383544374405,7.78911006895239,7.849490767161324,273637.0,283578296.52,20160614,10.4,1.3249267128905788,20220722,20220722,1.017996
000001.SZ,1d,2016-06-15,7.796657656228507,7.909871465370257,7.78911006895239,7.87968111626579,378172.0,394033686.13,20160615,10.44,1.3249267128905788,20220722,20220722,1.017996
000001.SZ,1d,2016-06-16,7.879680897385755,7.907264377773338,7.8429029235356476,7.879680897385755,386670.0,331192444.67,20160616,8.569999999999999,1.0876074947201568,20220722,20220722,1.017996
000001.SZ,1d,2016-06-17,7.879680897385756,7.916458871235866,7.852097416998176,7.888875390848283,315173.0,270236697.97,20160617,8.58,1.0876074947201568,20220722,20220722,1.017996
000001.SZ,1d,2016-06-20,7.898069884310811,7.907264377773338,7.87048640392323,7.907264377773338,270731.0,232205297.92,20160620,8.6,1.0876074947201568,20220722,20220722,1.017996
000001.SZ,1d,2016-06-21,7.916458871235864,7.953236845085974,7.888875390848283,7.916458871235864,380749.0,327940703.41,20160621,8.61,1.0876074947201568,20220722,20220722,1.017996
000001.SZ,1d,2016-06-22,7.907264377773338,8.02679279278619,7.888875390848283,8.02679279278619,478002.0,413947368.64000005,20160622,8.73,1.0876074947201568,20220722,20220722,1.017996
000001.SZ,1d,2016-06-23,7.971625832011028,7.99920931239861,7.93484785816092,7.962431338548501,335614.0,290490407.0,20160623,8.66,1.0876074947201568,20220722,20220722,1.017996
000001.SZ,1d,2016-06-24,7.9440423516234455,7.999209312398609,7.83370843007312,7.879680897385756,427664.0,367771053.91,20160624,8.57,1.0876074947201568,20220722,20220722,1.017996
000001.SZ,1d,2016-06-27,7.879680897385756,7.944042351623446,7.852097416998176,7.916458871235866,325214.0,280044073.17999995,20160627,8.610000000000001,1.0876074947201568,20220722,20220722,1.017996
000001.SZ,1d,2016-06-28,7.888875390848283,7.944042351623446,7.87048640392323,7.93484785816092,336519.0,289122213.99,20160628,8.63,1.0876074947201568,20220722,20220722,1.017996
000001.SZ,1d,2016-06-29,7.93484785816092,7.990014818936083,7.925653364698393,7.990014818936083,369611.0,319908689.63,20160629,8.690000000000001,1.0876074947201568,20220722,20220722,1.017996
000001.SZ,1d,2016-06-30,7.990014818936081,8.035987286248718,7.962431338548501,7.999209312398609,362204.0,315051854.72999996,20160630,8.7,1.0876074947201568,20220722,20220722,1.017996
000001.SZ,1d,2016-07-01,7.990014818936081,8.02679279278619,7.980820325473554,8.008403805861136,348930.0,303652375.25,20160701,8.709999999999999,1.0876074947201568,20220722,20220722,1.017996
000001.SZ,1d,2016-07-04,7.990014818936081,8.146321207799042,7.971625832011028,8.100348740486409,608257.0,534656909.55,20160704,8.81,1.0876074947201568,20220722,20220722,1.017996
000001.SZ,1d,2016-07-05,8.09115424702388,8.118737727411462,8.063570766636298,8.100348740486407,422037.0,371422814.75,20160705,8.809999999999999,1.0876074947201568,20220722,20220722,1.017996
000001.SZ,1d,2016-07-06,8.09115424702388,8.109543233948935,8.054376273173771,8.081959753561353,322950.0,283827375.8,20160706,8.79,1.0876074947201568,20220722,20220722,1.017996
000001.SZ,1d,2016-07-07,8.081959753561355,8.091154247023882,8.035987286248718,8.072765260098826,312853.0,274337185.84000003,20160707,8.78,1.0876074947201568,20220722,20220722,1.017996
000001.SZ,1d,2016-07-08,8.081959753561355,8.081959753561355,8.02679279278619,8.035987286248718,261342.0,228778674.11,20160708,8.74,1.0876074947201568,20220722,20220722,1.017996
000001.SZ,1d,2016-07-11,8.045181779711244,8.081959753561355,8.035987286248718,8.045181779711244,365372.0,320333760.68,20160711,8.75,1.0876074947201568,20220722,20220722,1.017996
000001.SZ,1d,2016-07-12,8.045181779711244,8.173904688186624,8.035987286248718,8.164710194724098,711832.0,627505578.42,20160712,8.88,1.0876074947201568,20220722,20220722,1.017996
000001.SZ,1d,2016-07-13,8.164710194724096,8.321016583587058,8.146321207799042,8.265849622811896,798288.0,716797025.3100001,20160713,8.99,1.0876074947201568,20220722,20220722,1.017996
000001.SZ,1d,2016-07-14,8.247460635886842,8.275044116274422,8.19229367511168,8.21987715549926,359699.0,321889343.31,20160714,8.94,1.0876074947201568,20220722,20220722,1.017996
000001.SZ,1d,2016-07-15,8.229071648961787,8.275044116274422,8.19229367511168,8.265849622811896,352033.0,315555253.54,20160715,8.99,1.0876074947201568,20220722,20220722,1.017996
000001.SZ,1d,2016-07-18,8.265849622811896,8.34860006397464,8.247460635886842,8.311822090124533,506934.0,457358031.39,20160718,9.040000000000001,1.0876074947201568,20220722,20220722,1.017996
000001.SZ,1d,2016-07-19,8.311822090124533,8.32101658358706,8.229071648961789,8.247460635886842,362787.0,326046531.03999996,20160719,8.97,1.0876074947201568,20220722,20220722,1.017996
000001.SZ,1d,2016-07-20,8.238266142424315,8.265849622811896,8.229071648961789,8.238266142424315,310926.0,278737194.12,20160720,8.96,1.0876074947201568,20220722,20220722,1.017996
000001.SZ,1d,2016-07-21,8.229071648961789,8.284238609736951,8.229071648961789,8.265849622811896,340261.0,305710332.75,20160721,8.99,1.0876074947201568,20220722,20220722,1.017996
000001.SZ,1d,2016-07-22,8.265849622811896,8.265849622811896,8.201488168574206,8.21987715549926,295549.0,264379250.43,20160722,8.94,1.0876074947201568,20220722,20220722,1.017996
000001.SZ,1d,2016-07-25,8.210682662036733,8.256655129349369,8.19229367511168,8.256655129349369,264682.0,236937494.08,20160725,8.98,1.0876074947201568,20220722,20220722,1.017996
000001.SZ,1d,2016-07-26,8.247460635886842,8.385378037824749,8.247460635886842,8.376183544362222,546556.0,494506420.12000006,20160726,9.110000000000001,1.0876074947201568,20220722,20220722,1.017996
000001.SZ,1d,2016-07-27,8.385378037824749,8.431350505137384,8.19229367511168,8.284238609736951,818678.0,741263303.03,20160727,9.01,1.0876074947201568,20220722,20220722,1.017996
000001.SZ,1d,2016-07-28,8.256655129349369,8.376183544362222,8.247460635886842,8.34860006397464,479910.0,434490536.62,20160728,9.08,1.0876074947201568,20220722,20220722,1.017996
000001.SZ,1d,2016-07-29,8.34860006397464,8.495711959375075,8.302627596662004,8.458933985524965,671425.0,614972669.3,20160729,9.2,1.0876074947201568,20220722,20220722,1.017996
000001.SZ,1d,2016-08-01,8.440544998599911,8.587656894000345,8.431350505137384,8.532489933225182,759324.0,702466616.0,20160801,9.28,1.0876074947201568,20220722,20220722,1.017996
000001.SZ,1d,2016-08-02,8.495711959375075,8.514100946300129,8.431350505137384,8.504906452837602,449165.0,413484595.07000005,20160802,9.25,1.0876074947201568,20220722,20220722,1.017996
000001.SZ,1d,2016-08-03,8.468128478987493,8.47732297245002,8.412961518212331,8.440544998599911,424622.0,389817535.11,20160803,9.18,1.0876074947201568,20220722,20220722,1.017996
000001.SZ,1d,2016-08-04,8.431350505137384,8.440544998599911,8.210682662036733,8.265849622811896,1344462.0,1210346973.56,20160804,8.99,1.0876074947201568,20220722,20220722,1.017996
000001.SZ,1d,2016-08-05,8.265849622811896,8.339405570512113,8.229071648961789,8.311822090124533,725948.0,654998092.94,20160805,9.040000000000001,1.0876074947201568,20220722,20220722,1.017996
000001.SZ,1d,2016-08-08,8.311822090124531,8.37618354436222,8.284238609736951,8.37618354436222,398479.0,361191045.29,20160808,9.11,1.0876074947201568,20220722,20220722,1.017996
000001.SZ,1d,2016-08-09,8.357794557437167,8.412961518212331,8.339405570512113,8.412961518212331,415676.0,378720688.32000005,20160809,9.15,1.0876074947201568,20220722,20220722,1.017996
000001.SZ,1d,2016-08-10,8.412961518212331,8.440544998599913,8.385378037824749,8.403767024749804,436655.0,399656990.64000005,20160810,9.14,1.0876074947201568,20220722,20220722,1.017996
000001.SZ,1d,2016-08-11,8.403767024749804,8.596851387462875,8.394572531287277,8.47732297245002,935576.0,866594867.9,20160811,9.22,1.0876074947201568,20220722,20220722,1.017996
000001.SZ,1d,2016-08-12,8.458933985524965,8.76235226978836,8.440544998599911,8.73476878940078,1370021.0,1282336292.04,20160812,9.5,1.0876074947201568,20220722,20220722,1.017996
000001.SZ,1d,2016-08-15,8.780741256713414,9.010603593276594,8.743963282863307,8.900269671726269,1897552.0,1835196865.56,20160815,9.68,1.0876074947201568,20220722,20220722,1.017996
000001.SZ,1d,2016-08-16,8.900269671726269,8.900269671726269,8.697990815550673,8.753157776325835,1099558.0,1050479545.3100001,20160816,9.520000000000001,1.0876074947201568,20220722,20220722,1.017996
000001.SZ,1d,2016-08-17,8.753157776325834,8.826713724026051,8.716379802475727,8.780741256713416,560725.0,534926047.02,20160817,9.55,1.0876074947201568,20220722,20220722,1.017996
000001.SZ,1d,2016-08-18,8.789935750175943,8.817519230563525,8.67040733516309,8.73476878940078,691504.0,658183955.01,20160818,9.5,1.0876074947201568,20220722,20220722,1.017996
000001.SZ,1d,2016-08-19,8.725574295938253,8.753157776325834,8.67040733516309,8.743963282863307,505334.0,478779724.24,20160819,9.51,1.0876074947201568,20220722,20220722,1.017996
000001.SZ,1d,2016-08-22,8.73476878940078,8.743963282863307,8.6060458809254,8.642823854775507,979432.0,922426435.12,20160822,9.399999999999999,1.0876074947201568,20220722,20220722,1.017996
000001.SZ,1d,2016-08-23,8.624434867850455,8.688796322088145,8.615240374387929,8.642823854775509,890656.0,838185900.5899999,20160823,9.4,1.0876074947201568,20220722,20220722,1.017996
000001.SZ,1d,2016-08-24,8.652018348238036,8.670407335163091,8.624434867850455,8.670407335163091,732281.0,688971683.08,20160824,9.430000000000001,1.0876074947201568,20220722,20220722,1.017996
000001.SZ,1d,2016-08-25,8.661212841700562,8.688796322088143,8.587656894000345,8.679601828625616,617389.0,580648481.91,20160825,9.44,1.0876074947201568,20220722,20220722,1.017996
000001.SZ,1d,2016-08-26,8.688796322088145,8.7071853090132,8.642823854775509,8.688796322088145,502233.0,473688076.59,20160826,9.450000000000001,1.0876074947201568,20220722,20220722,1.017996
000001.SZ,1d,2016-08-29,8.652018348238036,8.688796322088145,8.624434867850455,8.661212841700562,565231.0,532295362.01000005,20160829,9.42,1.0876074947201568,20220722,20220722,1.017996
000001.SZ,1d,2016-08-30,8.661212841700562,8.7071853090132,8.652018348238036,8.7071853090132,595081.0,561854066.27,20160830,9.47,1.0876074947201568,20220722,20220722,1.017996
000001.SZ,1d,2016-08-31,8.697990815550671,8.73476878940078,8.67040733516309,8.725574295938253,489746.0,463875762.93,20160831,9.49,1.0876074947201568,20220722,20220722,1.017996
000001.SZ,1d,2016-09-01,8.725574295938253,8.753157776325834,8.661212841700562,8.688796322088143,480131.0,454848634.31,20160901,9.45,1.0876074947201568,20220722,20220722,1.017996
000001.SZ,1d,2016-09-02,8.67040733516309,8.697990815550671,8.661212841700562,8.688796322088143,368796.0,348054367.10999995,20160902,9.45,1.0876074947201568,20220722,20220722,1.017996
000001.SZ,1d,2016-09-05,8.697990815550673,8.697990815550673,8.642823854775509,8.661212841700562,469936.0,443204803.58,20160905,9.42,1.0876074947201568,20220722,20220722,1.017996
000001.SZ,1d,2016-09-06,8.661212841700562,8.67040733516309,8.6060458809254,8.652018348238036,574738.0,539813283.55,20160906,9.41,1.0876074947201568,20220722,20220722,1.017996
000001.SZ,1d,2016-09-07,8.652018348238036,8.661212841700564,8.615240374387929,8.642823854775509,459373.0,431984158.6100001,20160907,9.4,1.0876074947201568,20220722,20220722,1.017996
000001.SZ,1d,2016-09-08,8.633629361312982,8.661212841700562,8.624434867850455,8.642823854775509,295218.0,277503757.8,20160908,9.4,1.0876074947201568,20220722,20220722,1.017996
000001.SZ,1d,2016-09-09,8.642823854775507,8.67040733516309,8.6060458809254,8.624434867850454,327431.0,307527271.24,20160909,9.379999999999999,1.0876074947201568,20220722,20220722,1.017996
000001.SZ,1d,2016-09-12,8.541684426687711,8.569267907075291,8.394572531287277,8.422156011674858,756581.0,697759184.1,20160912,9.16,1.0876074947201568,20220722,20220722,1.017996
000001.SZ,1d,2016-09-13,8.440544998599911,8.468128478987493,8.403767024749804,8.44973949206244,460931.0,423113832.02000004,20160913,9.190000000000001,1.0876074947201568,20220722,20220722,1.017996
000001.SZ,1d,2016-09-14,8.431350505137384,8.440544998599913,8.32101658358706,8.330211077049587,421481.0,384081266.46000004,20160914,9.06,1.0876074947201568,20220722,20220722,1.017996
000001.SZ,1d,2016-09-19,8.32101658358706,8.403767024749804,8.32101658358706,8.385378037824749,354348.0,322575925.94,20160919,9.120000000000001,1.0876074947201568,20220722,20220722,1.017996
000001.SZ,1d,2016-09-20,8.385378037824749,8.385378037824749,8.311822090124533,8.34860006397464,436678.0,396359321.31,20160920,9.08,1.0876074947201568,20220722,20220722,1.017996
000001.SZ,1d,2016-09-21,8.34860006397464,8.366989050899694,8.302627596662004,8.34860006397464,405665.0,367767497.46,20160921,9.08,1.0876074947201568,20220722,20220722,1.017996
000001.SZ,1d,2016-09-22,8.366989050899694,8.440544998599911,8.357794557437167,8.422156011674858,494613.0,451909020.47999996,20160922,9.16,1.0876074947201568,20220722,20220722,1.017996
000001.SZ,1d,2016-09-23,8.422156011674858,8.44973949206244,8.403767024749804,8.412961518212331,288798.0,264699513.1,20160923,9.15,1.0876074947201568,20220722,20220722,1.017996
000001.SZ,1d,2016-09-26,8.394572531287277,8.394572531287277,8.311822090124533,8.311822090124533,439481.0,398771864.85,20160926,9.040000000000001,1.0876074947201568,20220722,20220722,1.017996
000001.SZ,1d,2016-09-27,8.311822090124531,8.339405570512113,8.284238609736951,8.330211077049587,401323.0,362769231.03,20160927,9.06,1.0876074947201568,20220722,20220722,1.017996
000001.SZ,1d,2016-09-28,8.330211077049585,8.330211077049585,8.302627596662004,8.321016583587058,271366.0,245499467.89,20160928,9.049999999999999,1.0876074947201568,20220722,20220722,1.017996
000001.SZ,1d,2016-09-29,8.32101658358706,8.34860006397464,8.32101658358706,8.330211077049587,303664.0,275239667.40999997,20160929,9.06,1.0876074947201568,20220722,20220722,1.017996
000001.SZ,1d,2016-09-30,8.330211077049587,8.366989050899695,8.32101658358706,8.339405570512113,308084.0,279526475.64000005,20160930,9.07,1.0876074947201568,20220722,20220722,1.017996
000001.SZ,1d,2016-10-10,8.366989050899694,8.431350505137384,8.34860006397464,8.385378037824749,611381.0,557122276.5,20161010,9.12,1.0876074947201568,20220722,20220722,1.017996
000001.SZ,1d,2016-10-11,8.394572531287276,8.41296151821233,8.37618354436222,8.41296151821233,363370.0,331886515.46000004,20161011,9.149999999999999,1.0876074947201568,20220722,20220722,1.017996
000001.SZ,1d,2016-10-12,8.403767024749804,8.422156011674858,8.385378037824749,8.394572531287277,270316.0,246995531.01,20161012,9.13,1.0876074947201568,20220722,20220722,1.017996
000001.SZ,1d,2016-10-13,8.34860006397464,8.376183544362222,8.32101658358706,8.339405570512113,632367.0,574142476.2700001,20161013,9.07,1.0876074947201568,20220722,20220722,1.017996
000001.SZ,1d,2016-10-14,8.330211077049587,8.357794557437169,8.311822090124533,8.357794557437169,335411.0,304218676.83,20161014,9.090000000000002,1.0876074947201568,20220722,20220722,1.017996
000001.SZ,1d,2016-10-17,8.34860006397464,8.357794557437167,8.302627596662004,8.321016583587058,359223.0,325582450.32,20161017,9.049999999999999,1.0876074947201568,20220722,20220722,1.017996
000001.SZ,1d,2016-10-18,8.302627596662004,8.357794557437167,8.302627596662004,8.357794557437167,593737.0,537784120.36,20161018,9.09,1.0876074947201568,20220722,20220722,1.017996
000001.SZ,1d,2016-10-19,8.357794557437167,8.376183544362222,8.32101658358706,8.34860006397464,482636.0,438299029.51,20161019,9.08,1.0876074947201568,20220722,20220722,1.017996
000001.SZ,1d,2016-10-20,8.34860006397464,8.357794557437167,8.32101658358706,8.339405570512113,342844.0,310966016.7,20161020,9.07,1.0876074947201568,20220722,20220722,1.017996
000001.SZ,1d,2016-10-21,8.34860006397464,8.394572531287277,8.330211077049587,8.394572531287277,683896.0,621549844.97,20161021,9.13,1.0876074947201568,20220722,20220722,1.017996
000001.SZ,1d,2016-10-24,8.394572531287277,8.550878920150238,8.385378037824749,8.495711959375075,915677.0,844746080.61,20161024,9.24,1.0876074947201568,20220722,20220722,1.017996
000001.SZ,1d,2016-10-25,8.504906452837602,8.514100946300129,8.440544998599911,8.468128478987492,500752.0,461542701.14000005,20161025,9.209999999999999,1.0876074947201568,20220722,20220722,1.017996
000001.SZ,1d,2016-10-26,8.47732297245002,8.47732297245002,8.394572531287277,8.412961518212331,440452.0,403750809.07000005,20161026,9.15,1.0876074947201568,20220722,20220722,1.017996
000001.SZ,1d,2016-10-27,8.422156011674858,8.431350505137386,8.385378037824749,8.422156011674858,324140.0,296216914.82,20161027,9.16,1.0876074947201568,20220722,20220722,1.017996
000001.SZ,1d,2016-10-28,8.422156011674858,8.486517465912547,8.403767024749804,8.431350505137384,541997.0,497615050.8,20161028,9.17,1.0876074947201568,20220722,20220722,1.017996
000001.SZ,1d,2016-10-31,8.412961518212331,8.422156011674858,8.357794557437167,8.412961518212331,493596.0,450148883.09,20161031,9.15,1.0876074947201568,20220722,20220722,1.017996
000001.SZ,1d,2016-11-01,8.403767024749802,8.422156011674858,8.37618354436222,8.403767024749802,525415.0,480117542.32000005,20161101,9.139999999999999,1.0876074947201568,20220722,20220722,1.017996
000001.SZ,1d,2016-11-02,8.403767024749804,8.403767024749804,8.32101658358706,8.339405570512113,633586.0,576083788.2400001,20161102,9.07,1.0876074947201568,20220722,20220722,1.017996
000001.SZ,1d,2016-11-03,8.330211077049587,8.403767024749804,8.32101658358706,8.394572531287277,616871.0,561464947.1899999,20161103,9.13,1.0876074947201568,20220722,20220722,1.017996
000001.SZ,1d,2016-11-04,8.37618354436222,8.431350505137384,8.366989050899694,8.37618354436222,508117.0,463831938.55,20161104,9.11,1.0876074947201568,20220722,20220722,1.017996
000001.SZ,1d,2016-11-07,8.366989050899694,8.385378037824749,8.339405570512113,8.385378037824749,497240.0,452447930.56000006,20161107,9.120000000000001,1.0876074947201568,20220722,20220722,1.017996
000001.SZ,1d,2016-11-08,8.385378037824749,8.412961518212331,8.366989050899694,8.412961518212331,806694.0,736747217.08,20161108,9.15,1.0876074947201568,20220722,20220722,1.017996
000001.SZ,1d,2016-11-09,8.403767024749804,8.403767024749804,8.284238609736951,8.339405570512113,722616.0,656061960.6999999,20161109,9.07,1.0876074947201568,20220722,20220722,1.017996
000001.SZ,1d,2016-11-10,8.366989050899694,8.422156011674858,8.366989050899694,8.403767024749802,631998.0,576898452.74,20161110,9.139999999999999,1.0876074947201568,20220722,20220722,1.017996
000001.SZ,1d,2016-11-11,8.403767024749802,8.440544998599911,8.37618354436222,8.440544998599911,812269.0,742969896.6100001,20161111,9.18,1.0876074947201568,20220722,20220722,1.017996
000001.SZ,1d,2016-11-14,8.422156011674858,8.504906452837602,8.422156011674858,8.47732297245002,975078.0,898058354.0100001,20161114,9.22,1.0876074947201568,20220722,20220722,1.017996
000001.SZ,1d,2016-11-15,8.458933985524965,8.495711959375075,8.440544998599911,8.486517465912547,554342.0,510596178.35,20161115,9.23,1.0876074947201568,20220722,20220722,1.017996
000001.SZ,1d,2016-11-16,8.486517465912547,8.495711959375075,8.458933985524967,8.486517465912547,415842.0,383425739.88,20161116,9.23,1.0876074947201568,20220722,20220722,1.017996
000001.SZ,1d,2016-11-17,8.477322972450018,8.477322972450018,8.440544998599911,8.468128478987492,505324.0,464611128.37,20161117,9.209999999999999,1.0876074947201568,20220722,20220722,1.017996
000001.SZ,1d,2016-11-18,8.468128478987493,8.468128478987493,8.422156011674858,8.440544998599911,517597.0,475289972.51000005,20161118,9.18,1.0876074947201568,20220722,20220722,1.017996
000001.SZ,1d,2016-11-21,8.440544998599911,8.532489933225182,8.431350505137384,8.495711959375075,850243.0,785475676.61,20161121,9.24,1.0876074947201568,20220722,20220722,1.017996
000001.SZ,1d,2016-11-22,8.495711959375075,8.606045880925402,8.486517465912547,8.606045880925402,1180256.0,1097408714.34,20161122,9.360000000000001,1.0876074947201568,20220722,20220722,1.017996
000001.SZ,1d,2016-11-23,8.587656894000345,8.789935750175943,8.587656894000345,8.688796322088143,1752869.0,1660465709.36,20161123,9.45,1.0876074947201568,20220722,20220722,1.017996
000001.SZ,1d,2016-11-24,8.679601828625616,8.753157776325834,8.661212841700562,8.7071853090132,779748.0,738580569.2900001,20161124,9.47,1.0876074947201568,20220722,20220722,1.017996
000001.SZ,1d,2016-11-25,8.716379802475727,8.845102710951107,8.697990815550673,8.845102710951107,1013674.0,968127766.3299999,20161125,9.620000000000001,1.0876074947201568,20220722,20220722,1.017996
000001.SZ,1d,2016-11-28,8.909464165188796,8.992214606351538,8.826713724026051,8.854297204413632,1279689.0,1240686233.53,20161128,9.629999999999999,1.0876074947201568,20220722,20220722,1.017996
000001.SZ,1d,2016-11-29,8.817519230563525,8.918658658651324,8.780741256713416,8.845102710951107,887779.0,854308658.4000001,20161129,9.620000000000001,1.0876074947201568,20220722,20220722,1.017996
000001.SZ,1d,2016-11-30,8.872686191338687,8.937047645576378,8.73476878940078,8.780741256713416,1025963.0,985758449.84,20161130,9.55,1.0876074947201568,20220722,20220722,1.017996
000001.SZ,1d,2016-12-01,8.799130243638471,8.854297204413633,8.780741256713416,8.826713724026053,646004.0,619633746.85,20161201,9.600000000000001,1.0876074947201568,20220722,20220722,1.017996
000001.SZ,1d,2016-12-02,8.826713724026051,8.826713724026051,8.679601828625616,8.780741256713414,829686.0,790044441.9300001,20161202,9.549999999999999,1.0876074947201568,20220722,20220722,1.017996
000001.SZ,1d,2016-12-05,8.73476878940078,8.771546763250889,8.652018348238036,8.697990815550673,764365.0,723222053.6400001,20161205,9.46,1.0876074947201568,20220722,20220722,1.017996
000001.SZ,1d,2016-12-06,8.716379802475727,8.753157776325835,8.688796322088145,8.725574295938253,602902.0,571585177.5,20161206,9.49,1.0876074947201568,20220722,20220722,1.017996
000001.SZ,1d,2016-12-07,8.716379802475727,8.725574295938253,8.652018348238036,8.716379802475727,493404.0,466085503.37,20161207,9.48,1.0876074947201568,20220722,20220722,1.017996
000001.SZ,1d,2016-12-08,8.73476878940078,8.780741256713414,8.67040733516309,8.753157776325834,671452.0,638058504.08,20161208,9.52,1.0876074947201568,20220722,20220722,1.017996
000001.SZ,1d,2016-12-09,8.73476878940078,8.964631125963958,8.716379802475727,8.872686191338687,1514199.0,1460778328.2,20161209,9.65,1.0876074947201568,20220722,20220722,1.017996
000001.SZ,1d,2016-12-12,8.872686191338687,8.983020112889012,8.679601828625616,8.73476878940078,1256874.0,1206662616.99,20161212,9.5,1.0876074947201568,20220722,20220722,1.017996
000001.SZ,1d,2016-12-13,8.716379802475727,8.73476878940078,8.578462400537818,8.661212841700562,645771.0,607769965.5799999,20161213,9.42,1.0876074947201568,20220722,20220722,1.017996
000001.SZ,1d,2016-12-14,8.661212841700562,8.743963282863307,8.642823854775509,8.642823854775509,597705.0,564787516.4599999,20161214,9.4,1.0876074947201568,20220722,20220722,1.017996
000001.SZ,1d,2016-12-15,8.615240374387929,8.652018348238036,8.468128478987493,8.504906452837602,827612.0,767751835.57,20161215,9.25,1.0876074947201568,20220722,20220722,1.017996
000001.SZ,1d,2016-12-16,8.495711959375075,8.541684426687711,8.468128478987493,8.504906452837602,396813.0,366925349.32000005,20161216,9.25,1.0876074947201568,20220722,20220722,1.017996
000001.SZ,1d,2016-12-19,8.47732297245002,8.486517465912547,8.431350505137384,8.458933985524965,494010.0,453899744.36,20161219,9.2,1.0876074947201568,20220722,20220722,1.017996
000001.SZ,1d,2016-12-20,8.458933985524965,8.458933985524965,8.34860006397464,8.37618354436222,636638.0,580118167.69,20161220,9.11,1.0876074947201568,20220722,20220722,1.017996
000001.SZ,1d,2016-12-21,8.385378037824749,8.422156011674858,8.37618354436222,8.422156011674858,369920.0,338201446.46000004,20161221,9.16,1.0876074947201568,20220722,20220722,1.017996
000001.SZ,1d,2016-12-22,8.41296151821233,8.422156011674858,8.37618354436222,8.403767024749802,341341.0,311546856.93,20161222,9.139999999999999,1.0876074947201568,20220722,20220722,1.017996
000001.SZ,1d,2016-12-23,8.403767024749804,8.403767024749804,8.339405570512113,8.34860006397464,382912.0,348140451.36999995,20161223,9.08,1.0876074947201568,20220722,20220722,1.017996
000001.SZ,1d,2016-12-26,8.330211077049585,8.394572531287276,8.293433103199478,8.385378037824749,302058.0,273934287.19,20161226,9.12,1.0876074947201568,20220722,20220722,1.017996
000001.SZ,1d,2016-12-27,8.385378037824749,8.394572531287277,8.339405570512113,8.34860006397464,268841.0,244788273.85999998,20161227,9.08,1.0876074947201568,20220722,20220722,1.017996
000001.SZ,1d,2016-12-28,8.34860006397464,8.376183544362222,8.311822090124533,8.330211077049587,336055.0,304898614.02,20161228,9.06,1.0876074947201568,20220722,20220722,1.017996
000001.SZ,1d,2016-12-29,8.339405570512113,8.357794557437167,8.32101658358706,8.34860006397464,338758.0,307183503.28,20161229,9.08,1.0876074947201568,20220722,20220722,1.017996
000001.SZ,1d,2016-12-30,8.34860006397464,8.366989050899694,8.330211077049587,8.366989050899694,302607.0,274882698.47,20161230,9.1,1.0876074947201568,20220722,20220722,1.017996
000001.SZ,1d,2017-01-03,8.37618354436222,8.440544998599911,8.357794557437167,8.422156011674858,459840.0,420595176.46000004,20170103,9.16,1.0876074947201568,20220722,20220722,1.017996
000001.SZ,1d,2017-01-04,8.412961518212331,8.440544998599911,8.403767024749804,8.422156011674858,449329.0,411503444.03,20170104,9.16,1.0876074947201568,20220722,20220722,1.017996
000001.SZ,1d,2017-01-05,8.431350505137384,8.440544998599911,8.412961518212331,8.431350505137384,344372.0,315769693.5,20170105,9.17,1.0876074947201568,20220722,20220722,1.017996
000001.SZ,1d,2017-01-06,8.431350505137384,8.431350505137384,8.37618354436222,8.394572531287276,358154.0,327176433.93,20170106,9.129999999999999,1.0876074947201568,20220722,20220722,1.017996
000001.SZ,1d,2017-01-09,8.394572531287276,8.431350505137384,8.37618354436222,8.41296151821233,361081.0,329994604.0,20170109,9.149999999999999,1.0876074947201568,20220722,20220722,1.017996
000001.SZ,1d,2017-01-10,8.412961518212331,8.422156011674858,8.403767024749804,8.412961518212331,241053.0,220575131.96,20170110,9.15,1.0876074947201568,20220722,20220722,1.017996
000001.SZ,1d,2017-01-11,8.403767024749804,8.431350505137384,8.394572531287277,8.403767024749804,303430.0,277553207.26000005,20170111,9.14,1.0876074947201568,20220722,20220722,1.017996
000001.SZ,1d,2017-01-12,8.394572531287277,8.431350505137384,8.394572531287277,8.412961518212331,428006.0,391869402.76,20170112,9.15,1.0876074947201568,20220722,20220722,1.017996
000001.SZ,1d,2017-01-13,8.403767024749804,8.44973949206244,8.385378037824749,8.422156011674858,434301.0,397601906.25,20170113,9.16,1.0876074947201568,20220722,20220722,1.017996
000001.SZ,1d,2017-01-16,8.412961518212331,8.422156011674858,8.339405570512113,8.403767024749804,683165.0,623025820.2700001,20170116,9.14,1.0876074947201568,20220722,20220722,1.017996
000001.SZ,1d,2017-01-17,8.385378037824749,8.422156011674858,8.366989050899694,8.412961518212331,545552.0,498179703.17,20170117,9.15,1.0876074947201568,20220722,20220722,1.017996
000001.SZ,1d,2017-01-18,8.403767024749804,8.44973949206244,8.394572531287277,8.431350505137384,574269.0,526426595.69000006,20170118,9.17,1.0876074947201568,20220722,20220722,1.017996
000001.SZ,1d,2017-01-19,8.412961518212331,8.495711959375075,8.412961518212331,8.440544998599911,437712.0,402445639.34,20170119,9.18,1.0876074947201568,20220722,20220722,1.017996
000001.SZ,1d,2017-01-20,8.431350505137384,8.486517465912547,8.431350505137384,8.47732297245002,393328.0,361865155.13000005,20170120,9.22,1.0876074947201568,20220722,20220722,1.017996
000001.SZ,1d,2017-01-23,8.47732297245002,8.51410094630013,8.458933985524967,8.47732297245002,420299.0,388019072.55999994,20170123,9.22,1.0876074947201568,20220722,20220722,1.017996
000001.SZ,1d,2017-01-24,8.486517465912547,8.532489933225184,8.458933985524967,8.523295439762657,470244.0,434787729.13000005,20170124,9.270000000000001,1.0876074947201568,20220722,20220722,1.017996
000001.SZ,1d,2017-01-25,8.523295439762656,8.532489933225182,8.504906452837602,8.514100946300129,304401.0,281976294.07000005,20170125,9.26,1.0876074947201568,20220722,20220722,1.017996
000001.SZ,1d,2017-01-26,8.523295439762656,8.587656894000345,8.514100946300129,8.578462400537818,420712.0,391844286.24,20170126,9.33,1.0876074947201568,20220722,20220722,1.017996
000001.SZ,1d,2017-02-03,8.587656894000345,8.606045880925402,8.486517465912547,8.514100946300129,315472.0,292617943.26000005,20170203,9.26,1.0876074947201568,20220722,20220722,1.017996
000001.SZ,1d,2017-02-06,8.514100946300129,8.569267907075291,8.514100946300129,8.560073413612765,516786.0,480441331.03999996,20170206,9.31,1.0876074947201568,20220722,20220722,1.017996
000001.SZ,1d,2017-02-07,8.560073413612763,8.569267907075291,8.523295439762656,8.550878920150236,396884.0,368755274.2,20170207,9.299999999999999,1.0876074947201568,20220722,20220722,1.017996
000001.SZ,1d,2017-02-08,8.541684426687711,8.550878920150238,8.495711959375075,8.550878920150238,360272.0,333975401.82000005,20170208,9.3,1.0876074947201568,20220722,20220722,1.017996
000001.SZ,1d,2017-02-09,8.550878920150236,8.578462400537818,8.532489933225182,8.560073413612763,342855.0,319201023.28000003,20170209,9.309999999999999,1.0876074947201568,20220722,20220722,1.017996
000001.SZ,1d,2017-02-10,8.569267907075291,8.606045880925402,8.560073413612765,8.578462400537818,482743.0,450701345.31000006,20170210,9.33,1.0876074947201568,20220722,20220722,1.017996
000001.SZ,1d,2017-02-13,8.587656894000345,8.679601828625616,8.578462400537818,8.652018348238036,638364.0,599951024.32,20170213,9.41,1.0876074947201568,20220722,20220722,1.017996
000001.SZ,1d,2017-02-14,8.652018348238036,8.661212841700564,8.615240374387929,8.642823854775509,362404.0,340318431.40000004,20170214,9.4,1.0876074947201568,20220722,20220722,1.017996
000001.SZ,1d,2017-02-15,8.642823854775509,8.771546763250889,8.633629361312982,8.688796322088145,756613.0,716759655.28,20170215,9.450000000000001,1.0876074947201568,20220722,20220722,1.017996
000001.SZ,1d,2017-02-16,8.688796322088143,8.73476878940078,8.661212841700562,8.697990815550671,411161.0,388636225.1999999,20170216,9.459999999999999,1.0876074947201568,20220722,20220722,1.017996
000001.SZ,1d,2017-02-17,8.697990815550673,8.725574295938253,8.615240374387929,8.633629361312982,423774.0,400161795.09,20170217,9.39,1.0876074947201568,20220722,20220722,1.017996
000001.SZ,1d,2017-02-20,8.642823854775509,8.808324737100998,8.642823854775509,8.789935750175943,898755.0,855710805.5000001,20170220,9.56,1.0876074947201568,20220722,20220722,1.017996
000001.SZ,1d,2017-02-21,8.780741256713416,8.845102710951107,8.771546763250889,8.799130243638471,646584.0,618761069.26,20170221,9.57,1.0876074947201568,20220722,20220722,1.017996
000001.SZ,1d,2017-02-22,8.799130243638471,8.799130243638471,8.73476878940078,8.799130243638471,462966.0,441528339.71,20170222,9.57,1.0876074947201568,20220722,20220722,1.017996
000001.SZ,1d,2017-02-23,8.780741256713416,8.799130243638471,8.716379802475727,8.743963282863307,335327.0,319293836.59,20170223,9.51,1.0876074947201568,20220722,20220722,1.017996
000001.SZ,1d,2017-02-24,8.73476878940078,8.771546763250889,8.716379802475727,8.73476878940078,332500.0,316020789.4,20170224,9.5,1.0876074947201568,20220722,20220722,1.017996
000001.SZ,1d,2017-02-27,8.73476878940078,8.73476878940078,8.661212841700562,8.67040733516309,407341.0,384781015.65000004,20170227,9.43,1.0876074947201568,20220722,20220722,1.017996
000001.SZ,1d,2017-02-28,8.67040733516309,8.743963282863307,8.661212841700562,8.716379802475727,369719.0,350366892.5,20170228,9.48,1.0876074947201568,20220722,20220722,1.017996
000001.SZ,1d,2017-03-01,8.725574295938253,8.780741256713416,8.7071853090132,8.725574295938253,346993.0,330157963.40000004,20170301,9.49,1.0876074947201568,20220722,20220722,1.017996
000001.SZ,1d,2017-03-02,8.743963282863307,8.771546763250887,8.661212841700562,8.67040733516309,403628.0,382395883.84000003,20170302,9.43,1.0876074947201568,20220722,20220722,1.017996
000001.SZ,1d,2017-03-03,8.652018348238036,8.67040733516309,8.6060458809254,8.642823854775507,342655.0,321952549.22,20170303,9.399999999999999,1.0876074947201568,20220722,20220722,1.017996
000001.SZ,1d,2017-03-06,8.642823854775509,8.697990815550673,8.633629361312982,8.688796322088145,404511.0,381212304.19000006,20170306,9.450000000000001,1.0876074947201568,20220722,20220722,1.017996
000001.SZ,1d,2017-03-07,8.679601828625616,8.697990815550673,8.642823854775509,8.688796322088145,294672.0,277747415.4200001,20170307,9.450000000000001,1.0876074947201568,20220722,20220722,1.017996
000001.SZ,1d,2017-03-08,8.67040733516309,8.688796322088145,8.642823854775509,8.661212841700562,244438.0,230425150.54000002,20170308,9.42,1.0876074947201568,20220722,20220722,1.017996
000001.SZ,1d,2017-03-09,8.652018348238036,8.67040733516309,8.6060458809254,8.624434867850454,378169.0,354813687.5,20170309,9.379999999999999,1.0876074947201568,20220722,20220722,1.017996
000001.SZ,1d,2017-03-10,8.624434867850454,8.652018348238036,8.6060458809254,8.642823854775507,390182.0,366140052.24,20170310,9.399999999999999,1.0876074947201568,20220722,20220722,1.017996
000001.SZ,1d,2017-03-13,8.633629361312982,8.688796322088145,8.615240374387929,8.679601828625618,545304.0,513148481.04,20170313,9.440000000000001,1.0876074947201568,20220722,20220722,1.017996
000001.SZ,1d,2017-03-14,8.67040733516309,8.697990815550673,8.652018348238036,8.679601828625616,404484.0,381594066.95,20170314,9.44,1.0876074947201568,20220722,20220722,1.017996
000001.SZ,1d,2017-03-15,8.661212841700562,8.716379802475727,8.661212841700562,8.716379802475727,546560.0,515943748.1,20170315,9.48,1.0876074947201568,20220722,20220722,1.017996
000001.SZ,1d,2017-03-16,8.716379802475727,8.762352269788362,8.688796322088145,8.753157776325835,635953.0,603450064.0699999,20170316,9.520000000000001,1.0876074947201568,20220722,20220722,1.017996
000001.SZ,1d,2017-03-17,8.688796322088145,8.697990815550673,8.550878920150238,8.560073413612765,1583647.0,1482736995.3700001,20170317,9.31,1.0876074947201568,20220722,20220722,1.017996
000001.SZ,1d,2017-03-20,8.541684426687711,8.560073413612765,8.47732297245002,8.504906452837602,715021.0,661887015.08,20170320,9.25,1.0876074947201568,20220722,20220722,1.017996
000001.SZ,1d,2017-03-21,8.504906452837604,8.51410094630013,8.458933985524967,8.495711959375075,554648.0,511914333.09000003,20170321,9.24,1.0876074947201568,20220722,20220722,1.017996
000001.SZ,1d,2017-03-22,8.458933985524967,8.47732297245002,8.403767024749804,8.422156011674858,566123.0,519331026.2700001,20170322,9.16,1.0876074947201568,20220722,20220722,1.017996
000001.SZ,1d,2017-03-23,8.422156011674858,8.495711959375075,8.412961518212331,8.458933985524967,433588.0,398986562.09000003,20170323,9.200000000000001,1.0876074947201568,20220722,20220722,1.017996
000001.SZ,1d,2017-03-24,8.458933985524965,8.495711959375075,8.422156011674858,8.449739492062438,710827.0,653533829.8800001,20170324,9.19,1.0876074947201568,20220722,20220722,1.017996
000001.SZ,1d,2017-03-27,8.385378037824749,8.449739492062438,8.34860006397464,8.403767024749804,985012.0,900094460.9200001,20170327,9.14,1.0876074947201568,20220722,20220722,1.017996
000001.SZ,1d,2017-03-28,8.422156011674858,8.431350505137384,8.366989050899694,8.385378037824749,481372.0,439405816.17,20170328,9.12,1.0876074947201568,20220722,20220722,1.017996
000001.SZ,1d,2017-03-29,8.394572531287276,8.412961518212331,8.357794557437167,8.37618354436222,601140.0,548060692.96,20170329,9.11,1.0876074947201568,20220722,20220722,1.017996
000001.SZ,1d,2017-03-30,8.385378037824749,8.385378037824749,8.330211077049587,8.34860006397464,687285.0,623995512.84,20170330,9.08,1.0876074947201568,20220722,20220722,1.017996
000001.SZ,1d,2017-03-31,8.34860006397464,8.440544998599911,8.34860006397464,8.431350505137384,633121.0,578579035.11,20170331,9.17,1.0876074947201568,20220722,20220722,1.017996
000001.SZ,1d,2017-04-05,8.422156011674858,8.47732297245002,8.412961518212331,8.468128478987493,499150.0,458567834.2,20170405,9.21,1.0876074947201568,20220722,20220722,1.017996
000001.SZ,1d,2017-04-06,8.458933985524965,8.47732297245002,8.431350505137384,8.458933985524965,434391.0,399118983.36,20170406,9.2,1.0876074947201568,20220722,20220722,1.017996
000001.SZ,1d,2017-04-07,8.449739492062438,8.47732297245002,8.431350505137384,8.458933985524965,514844.0,473366404.45000005,20170407,9.2,1.0876074947201568,20220722,20220722,1.017996
000001.SZ,1d,2017-04-10,8.458933985524965,8.468128478987492,8.431350505137384,8.440544998599911,401343.0,368682024.90000004,20170410,9.18,1.0876074947201568,20220722,20220722,1.017996
000001.SZ,1d,2017-04-11,8.431350505137384,8.449739492062438,8.357794557437167,8.412961518212331,612437.0,560304072.91,20170411,9.15,1.0876074947201568,20220722,20220722,1.017996
000001.SZ,1d,2017-04-12,8.422156011674858,8.431350505137384,8.366989050899694,8.385378037824749,455336.0,416101249.02,20170412,9.12,1.0876074947201568,20220722,20220722,1.017996
000001.SZ,1d,2017-04-13,8.37618354436222,8.403767024749802,8.366989050899694,8.385378037824749,357442.0,325949861.06,20170413,9.12,1.0876074947201568,20220722,20220722,1.017996
000001.SZ,1d,2017-04-14,8.376183544362222,8.385378037824749,8.330211077049587,8.34860006397464,490500.0,445637458.07,20170414,9.08,1.0876074947201568,20220722,20220722,1.017996
000001.SZ,1d,2017-04-17,8.34860006397464,8.376183544362222,8.32101658358706,8.366989050899695,531892.0,483130499.71999997,20170417,9.100000000000001,1.0876074947201568,20220722,20220722,1.017996
000001.SZ,1d,2017-04-18,8.357794557437167,8.366989050899695,8.32101658358706,8.32101658358706,335376.0,304162860.29,20170418,9.05,1.0876074947201568,20220722,20220722,1.017996
000001.SZ,1d,2017-04-19,8.302627596662006,8.311822090124533,8.183099181649153,8.19229367511168,799668.0,714963673.1400001,20170419,8.91,1.0876074947201568,20220722,20220722,1.017996
000001.SZ,1d,2017-04-20,8.183099181649153,8.219877155499262,8.173904688186624,8.201488168574206,437629.0,390063543.84000003,20170420,8.92,1.0876074947201568,20220722,20220722,1.017996
000001.SZ,1d,2017-04-21,8.201488168574206,8.265849622811896,8.183099181649153,8.247460635886842,325408.0,291126076.24,20170421,8.97,1.0876074947201568,20220722,20220722,1.017996
000001.SZ,1d,2017-04-24,8.247460635886842,8.256655129349369,8.173904688186624,8.210682662036733,394995.0,352926394.67,20170424,8.93,1.0876074947201568,20220722,20220722,1.017996
000001.SZ,1d,2017-04-25,8.210682662036733,8.284238609736951,8.210682662036733,8.275044116274422,377933.0,339230143.96999997,20170425,9.0,1.0876074947201568,20220722,20220722,1.017996
000001.SZ,1d,2017-04-26,8.275044116274422,8.284238609736951,8.238266142424315,8.265849622811896,382147.0,343316092.51000005,20170426,8.99,1.0876074947201568,20220722,20220722,1.017996
000001.SZ,1d,2017-04-27,8.247460635886842,8.256655129349369,8.19229367511168,8.247460635886842,387392.0,346186989.88,20170427,8.97,1.0876074947201568,20220722,20220722,1.017996
000001.SZ,1d,2017-04-28,8.238266142424314,8.265849622811896,8.201488168574206,8.265849622811896,286446.0,256106698.72,20170428,8.99,1.0876074947201568,20220722,20220722,1.017996
000001.SZ,1d,2017-05-02,8.238266142424315,8.238266142424315,8.183099181649153,8.21987715549926,311026.0,277665881.67,20170502,8.94,1.0876074947201568,20220722,20220722,1.017996
000001.SZ,1d,2017-05-03,8.201488168574206,8.210682662036733,8.173904688186624,8.19229367511168,280310.0,249660877.22,20170503,8.91,1.0876074947201568,20220722,20220722,1.017996
000001.SZ,1d,2017-05-04,8.173904688186624,8.173904688186624,8.017598299323664,8.035987286248718,696517.0,613783434.3100001,20170504,8.74,1.0876074947201568,20220722,20220722,1.017996
000001.SZ,1d,2017-05-05,8.035987286248718,8.054376273173771,7.888875390848283,7.93484785816092,623700.0,539541739.86,20170505,8.63,1.0876074947201568,20220722,20220722,1.017996
000001.SZ,1d,2017-05-08,7.907264377773339,7.925653364698393,7.852097416998176,7.879680897385756,460089.0,394424117.19,20170508,8.57,1.0876074947201568,20220722,20220722,1.017996
000001.SZ,1d,2017-05-09,7.87048640392323,7.944042351623446,7.861291910460703,7.944042351623446,324194.0,279119676.49,20170509,8.64,1.0876074947201568,20220722,20220722,1.017996
000001.SZ,1d,2017-05-10,7.93484785816092,8.091154247023882,7.925653364698393,7.971625832011029,573077.0,498675307.83000004,20170510,8.670000000000002,1.0876074947201568,20220722,20220722,1.017996
000001.SZ,1d,2017-05-11,7.953236845085974,8.017598299323662,7.907264377773338,7.999209312398609,503643.0,436444282.31000006,20170511,8.7,1.0876074947201568,20220722,20220722,1.017996
000001.SZ,1d,2017-05-12,7.980820325473554,8.183099181649153,7.944042351623446,8.183099181649153,917968.0,809131900.1400001,20170512,8.9,1.0876074947201568,20220722,20220722,1.017996
000001.SZ,1d,2017-05-15,8.173904688186624,8.229071648961789,8.100348740486409,8.146321207799044,536578.0,476417671.71999997,20170515,8.860000000000001,1.0876074947201568,20220722,20220722,1.017996
000001.SZ,1d,2017-05-16,8.127932220873989,8.137126714336516,8.02679279278619,8.127932220873989,524872.0,461069300.97,20170516,8.84,1.0876074947201568,20220722,20220722,1.017996
000001.SZ,1d,2017-05-17,8.100348740486409,8.100348740486409,8.045181779711244,8.063570766636298,417338.0,365987542.61,20170517,8.77,1.0876074947201568,20220722,20220722,1.017996
000001.SZ,1d,2017-05-18,8.017598299323664,8.0635707666363,8.008403805861137,8.02679279278619,227401.0,198765579.76000002,20170518,8.73,1.0876074947201568,20220722,20220722,1.017996
000001.SZ,1d,2017-05-19,8.035987286248718,8.054376273173771,7.980820325473554,7.990014818936081,294270.0,256396867.64000002,20170519,8.69,1.0876074947201568,20220722,20220722,1.017996
000001.SZ,1d,2017-05-22,7.980820325473554,8.026792792786189,7.916458871235864,7.980820325473554,679120.0,588546725.07,20170522,8.68,1.0876074947201568,20220722,20220722,1.017996
000001.SZ,1d,2017-05-23,7.971625832011028,8.127932220873989,7.944042351623446,8.081959753561355,800040.0,702123772.9800001,20170523,8.790000000000001,1.0876074947201568,20220722,20220722,1.017996
000001.SZ,1d,2017-05-24,8.072765260098826,8.118737727411462,7.980820325473554,8.100348740486409,532376.0,466560635.92,20170524,8.81,1.0876074947201568,20220722,20220722,1.017996
000001.SZ,1d,2017-05-25,8.081959753561353,8.403767024749802,8.072765260098826,8.366989050899694,1621543.0,1462763018.52,20170525,9.1,1.0876074947201568,20220722,20220722,1.017996
000001.SZ,1d,2017-05-26,8.34860006397464,8.394572531287277,8.311822090124533,8.366989050899695,895365.0,813387170.15,20170526,9.100000000000001,1.0876074947201568,20220722,20220722,1.017996
000001.SZ,1d,2017-05-31,8.366989050899694,8.486517465912547,8.330211077049587,8.458933985524967,1033210.0,948741889.7,20170531,9.200000000000001,1.0876074947201568,20220722,20220722,1.017996
000001.SZ,1d,2017-06-01,8.458933985524967,8.486517465912547,8.385378037824749,8.44973949206244,566182.0,519544675.84,20170601,9.190000000000001,1.0876074947201568,20220722,20220722,1.017996
000001.SZ,1d,2017-06-02,8.440544998599911,8.541684426687711,8.403767024749804,8.431350505137384,770757.0,710119498.0999999,20170602,9.17,1.0876074947201568,20220722,20220722,1.017996
000001.SZ,1d,2017-06-05,8.394572531287277,8.431350505137384,8.265849622811896,8.302627596662004,634132.0,573460396.83,20170605,9.03,1.0876074947201568,20220722,20220722,1.017996
000001.SZ,1d,2017-06-06,8.284238609736951,8.330211077049587,8.265849622811896,8.311822090124533,355341.0,320520904.30999994,20170606,9.040000000000001,1.0876074947201568,20220722,20220722,1.017996
000001.SZ,1d,2017-06-07,8.293433103199478,8.412961518212331,8.284238609736951,8.394572531287276,645723.0,587357671.1600001,20170607,9.129999999999999,1.0876074947201568,20220722,20220722,1.017996
000001.SZ,1d,2017-06-08,8.37618354436222,8.412961518212331,8.34860006397464,8.394572531287277,383004.0,348860774.29999995,20170608,9.13,1.0876074947201568,20220722,20220722,1.017996
000001.SZ,1d,2017-06-09,8.412961518212331,8.47732297245002,8.385378037824749,8.412961518212331,685468.0,628281688.31,20170609,9.15,1.0876074947201568,20220722,20220722,1.017996
000001.SZ,1d,2017-06-12,8.412961518212331,8.449739492062438,8.366989050899694,8.37618354436222,504578.0,461493689.83,20170612,9.11,1.0876074947201568,20220722,20220722,1.017996
000001.SZ,1d,2017-06-13,8.376183544362222,8.403767024749804,8.32101658358706,8.385378037824749,448434.0,407876695.89000005,20170613,9.120000000000001,1.0876074947201568,20220722,20220722,1.017996
000001.SZ,1d,2017-06-14,8.385378037824749,8.394572531287277,8.311822090124533,8.34860006397464,375444.0,340596135.74,20170614,9.08,1.0876074947201568,20220722,20220722,1.017996
000001.SZ,1d,2017-06-15,8.34860006397464,8.34860006397464,8.302627596662004,8.311822090124531,337797.0,305610500.17,20170615,9.04,1.0876074947201568,20220722,20220722,1.017996
000001.SZ,1d,2017-06-16,8.311822090124531,8.34860006397464,8.284238609736951,8.293433103199478,285991.0,258559005.29,20170616,9.02,1.0876074947201568,20220722,20220722,1.017996
000001.SZ,1d,2017-06-19,8.302627596662004,8.412961518212331,8.293433103199478,8.394572531287276,489704.0,446000772.99,20170619,9.129999999999999,1.0876074947201568,20220722,20220722,1.017996
000001.SZ,1d,2017-06-20,8.385378037824749,8.422156011674858,8.357794557437167,8.385378037824749,313615.0,286053883.71000004,20170620,9.12,1.0876074947201568,20220722,20220722,1.017996
000001.SZ,1d,2017-06-21,8.431350505137384,8.440544998599911,8.37618354436222,8.41296151821233,496932.0,454488888.04,20170621,9.149999999999999,1.0876074947201568,20220722,20220722,1.017996
000001.SZ,1d,2017-06-22,8.412961518212331,8.642823854775509,8.403767024749804,8.504906452837602,1426958.0,1325210564.6399999,20170622,9.25,1.0876074947201568,20220722,20220722,1.017996
000001.SZ,1d,2017-06-23,8.486517465912547,8.523295439762656,8.422156011674858,8.504906452837602,584004.0,538303574.27,20170623,9.25,1.0876074947201568,20220722,20220722,1.017996
000001.SZ,1d,2017-06-26,8.514100946300129,8.642823854775509,8.514100946300129,8.550878920150236,710769.0,663762850.0400001,20170626,9.299999999999999,1.0876074947201568,20220722,20220722,1.017996
000001.SZ,1d,2017-06-27,8.550878920150236,8.63362936131298,8.523295439762656,8.6060458809254,546016.0,509162008.98,20170627,9.36,1.0876074947201568,20220722,20220722,1.017996
000001.SZ,1d,2017-06-28,8.596851387462873,8.725574295938253,8.578462400537818,8.67040733516309,1168796.0,1102438099.9,20170628,9.43,1.0876074947201568,20220722,20220722,1.017996
000001.SZ,1d,2017-06-29,8.670407335163091,8.688796322088145,8.615240374387929,8.670407335163091,488804.0,459810415.61999995,20170629,9.430000000000001,1.0876074947201568,20220722,20220722,1.017996
000001.SZ,1d,2017-06-30,8.642823854775509,8.67040733516309,8.560073413612765,8.633629361312982,499633.0,468003516.71999997,20170630,9.39,1.0876074947201568,20220722,20220722,1.017996
000001.SZ,1d,2017-07-03,8.642823854775509,8.67040733516309,8.587656894000345,8.642823854775509,388349.0,364465847.32,20170703,9.4,1.0876074947201568,20220722,20220722,1.017996
000001.SZ,1d,2017-07-04,8.642823854775509,8.652018348238036,8.550878920150238,8.587656894000345,488362.0,456577021.24999994,20170704,9.34,1.0876074947201568,20220722,20220722,1.017996
000001.SZ,1d,2017-07-05,8.54168442668771,8.624434867850454,8.523295439762656,8.615240374387927,567720.0,529294114.23999995,20170705,9.37,1.0876074947201568,20220722,20220722,1.017996
000001.SZ,1d,2017-07-06,8.606045880925402,8.652018348238036,8.560073413612765,8.642823854775509,738911.0,691387184.15,20170706,9.4,1.0876074947201568,20220722,20220722,1.017996
000001.SZ,1d,2017-07-07,8.615240374387927,8.716379802475727,8.587656894000345,8.7071853090132,760369.0,717084352.1800001,20170707,9.47,1.0876074947201568,20220722,20220722,1.017996
000001.SZ,1d,2017-07-10,8.688796322088143,8.881880684801214,8.679601828625616,8.817519230563525,1360815.0,1303090005.3600001,20170710,9.59,1.0876074947201568,20220722,20220722,1.017996
000001.SZ,1d,2017-07-11,8.835908217488578,9.617440161803385,8.835908217488578,9.424355799090316,3812086.0,3842010171.29,20170711,10.25,1.0876074947201568,20220722,20220722,1.017996
000001.SZ,1d,2017-07-12,9.442744786015371,9.727774083353712,9.37838333177768,9.50710624025306,2998844.0,3113681338.88,20170712,10.340000000000002,1.0876074947201568,20220722,20220722,1.017996
000001.SZ,1d,2017-07-13,9.470328266402952,10.021997874154579,9.41516130562779,10.021997874154579,2994534.0,3180144566.46,20170713,10.9,1.0876074947201568,20220722,20220722,1.017996
000001.SZ,1d,2017-07-14,9.939247432991836,10.058775848004688,9.801330031053928,10.021997874154579,1722570.0,1864449201.5,20170714,10.9,1.0876074947201568,20220722,20220722,1.017996
000001.SZ,1d,2017-07-17,10.067970341467216,10.417361093043246,9.856496991829092,9.939247432991836,3273123.0,3608692279.05,20170717,10.81,1.0876074947201568,20220722,20220722,1.017996
000001.SZ,1d,2017-07-18,9.884080472216674,10.242665717255232,9.76455205720382,10.159915276092487,2349431.0,2558433986.13,20170718,11.05,1.0876074947201568,20220722,20220722,1.017996
000001.SZ,1d,2017-07-19,10.104748315317323,10.288638184567867,10.003608887229525,10.196693249942596,1933075.0,2131336294.18,20170719,11.090000000000002,1.0876074947201568,20220722,20220722,1.017996
000001.SZ,1d,2017-07-20,10.187498756480068,10.316221664955448,10.031192367617107,10.08635932839227,1537338.0,1695060974.17,20170720,10.97,1.0876074947201568,20220722,20220722,1.017996
000001.SZ,1d,2017-07-21,10.105019396568084,10.216986370491275,9.974391260324358,10.161002883529678,1501020.0,1625416436.89,20170721,10.889999999999999,1.0717446028533244,20220722,20220722,1.017996
000001.SZ,1d,2017-07-24,10.095688815407817,10.319622763254202,10.011713584965424,10.216986370491277,1692664.0,1846886678.93,20170724,10.950000000000001,1.0717446028533244,20220722,20220722,1.017996
000001.SZ,1d,2017-07-25,10.244978113972074,10.515564967619788,10.216986370491277,10.263639276292608,1954768.0,2172114597.09,20170725,11.000000000000002,1.0717446028533244,20220722,20220722,1.017996
000001.SZ,1d,2017-07-26,10.188994627010477,10.431589737177394,9.946399516843561,10.021044166125689,1697412.0,1846282151.7699997,20170726,10.74,1.0717446028533244,20220722,20220722,1.017996
000001.SZ,1d,2017-07-27,10.002383003805157,10.049035909606486,9.825101961760103,9.881085448721699,1194490.0,1273888886.18,20170727,10.59,1.0717446028533244,20220722,20220722,1.017996
000001.SZ,1d,2017-07-28,9.89974661104223,10.086358234247552,9.871754867561433,10.021044166125689,819195.0,877769279.49,20170728,10.74,1.0717446028533244,20220722,20220722,1.017996
000001.SZ,1d,2017-07-31,10.077027653087287,10.095688815407817,9.750457312477977,9.955730098003828,1575864.0,1671814035.24,20170731,10.670000000000002,1.0717446028533244,20220722,20220722,1.017996
000001.SZ,1d,2017-08-01,9.927738354523028,10.338283925574734,9.890416029881965,10.300961600933668,2035709.0,2222887933.96,20170801,11.04,1.0717446028533244,20220722,20220722,1.017996
000001.SZ,1d,2017-08-02,10.310292182093937,10.580879035741651,10.226316951651542,10.403597993696597,2062069.0,2307726682.9399996,20170802,11.15,1.0717446028533244,20220722,20220722,1.017996
000001.SZ,1d,2017-08-03,10.39426741253633,10.468912061818457,10.235647532811807,10.272969857452871,984219.0,1090954131.84,20170803,11.01,1.0717446028533244,20220722,20220722,1.017996
000001.SZ,1d,2017-08-04,10.263639276292606,10.534226129940318,10.198325208170743,10.422259156017127,1353951.0,1511389828.31,20170804,11.17,1.0717446028533244,20220722,20220722,1.017996
000001.SZ,1d,2017-08-07,10.319622763254202,10.422259156017127,10.170333464689946,10.263639276292606,860644.0,946975699.5600001,20170807,11.0,1.0717446028533244,20220722,20220722,1.017996
000001.SZ,1d,2017-08-08,10.263639276292606,10.36627566905553,10.179664045850211,10.310292182093937,689567.0,758872028.53,20170808,11.05,1.0717446028533244,20220722,20220722,1.017996
000001.SZ,1d,2017-08-09,10.22631695165154,10.282300438613136,9.965060679164093,10.011713584965424,1042321.0,1126512107.8200002,20170809,10.73,1.0717446028533244,20220722,20220722,1.017996
000001.SZ,1d,2017-08-10,9.983721841484627,10.095688815407817,9.83443254292037,9.909077192202497,959879.0,1026676005.5000001,20170810,10.620000000000001,1.0717446028533244,20220722,20220722,1.017996
000001.SZ,1d,2017-08-11,9.778449055958774,9.83443254292037,9.321250579105739,9.349242322586537,2440643.0,2501779371.25,20170811,10.02,1.0717446028533244,20220722,20220722,1.017996
000001.SZ,1d,2017-08-14,9.451878715349464,9.563845689272657,9.36790348490707,9.535853945791857,1157664.0,1175479138.54,20170814,10.22,1.0717446028533244,20220722,20220722,1.017996
000001.SZ,1d,2017-08-15,9.554515108112389,9.806440799439573,9.526523364631592,9.619829176234251,1075162.0,1116749994.49,20170815,10.31,1.0717446028533244,20220722,20220722,1.017996
000001.SZ,1d,2017-08-16,9.60116801391372,9.675812663195847,9.470539877669996,9.647820919715048,756806.0,778517621.68,20170816,10.34,1.0717446028533244,20220722,20220722,1.017996
000001.SZ,1d,2017-08-17,9.657151500875317,9.722465568997178,9.60116801391372,9.722465568997178,553642.0,573093949.61,20170817,10.420000000000002,1.0717446028533244,20220722,20220722,1.017996
000001.SZ,1d,2017-08-18,9.666482082035582,9.890416029881967,9.60116801391372,9.74112673131771,616520.0,643188717.2099999,20170818,10.440000000000001,1.0717446028533244,20220722,20220722,1.017996
000001.SZ,1d,2017-08-21,9.731796150157443,9.815771380599838,9.69447382551638,9.759787893638242,399154.0,417653110.84999996,20170821,10.46,1.0717446028533244,20220722,20220722,1.017996
000001.SZ,1d,2017-08-22,9.778449055958774,9.946399516843561,9.675812663195847,9.937068935683296,875681.0,922881865.79,20170822,10.65,1.0717446028533244,20220722,20220722,1.017996
000001.SZ,1d,2017-08-23,9.918407773362762,10.244978113972074,9.881085448721699,10.170333464689946,1319151.0,1430051908.04,20170823,10.9,1.0717446028533244,20220722,20220722,1.017996
000001.SZ,1d,2017-08-24,10.16100288352968,10.36627566905553,10.114349977728349,10.198325208170743,924248.0,1014933651.98,20170824,10.93,1.0717446028533244,20220722,20220722,1.017996
000001.SZ,1d,2017-08-25,10.207655789331008,10.422259156017127,10.170333464689946,10.366275669055533,963940.0,1068994547.06,20170825,11.110000000000001,1.0717446028533244,20220722,20220722,1.017996
000001.SZ,1d,2017-08-28,10.356945087895266,10.767490658946969,10.356945087895266,10.590209616901916,1603938.0,1828380086.0000002,20170828,11.35,1.0717446028533244,20220722,20220722,1.017996
000001.SZ,1d,2017-08-29,10.543556711100585,10.95410228215229,10.524895548780053,10.888788214030427,1357983.0,1569230034.16,20170829,11.67,1.0717446028533244,20220722,20220722,1.017996
000001.SZ,1d,2017-08-30,10.898118795190694,10.916779957511226,10.590209616901916,10.664854266184044,1096674.0,1264128140.6799998,20170830,11.43,1.0717446028533244,20220722,20220722,1.017996
000001.SZ,1d,2017-08-31,10.62753194154298,10.674184847344309,10.403597993696597,10.524895548780055,1151786.0,1297730595.7200003,20170831,11.280000000000001,1.0717446028533244,20220722,20220722,1.017996
000001.SZ,1d,2017-09-01,10.524895548780055,10.62753194154298,10.403597993696597,10.459581480658192,959976.0,1080996319.27,20170901,11.21,1.0717446028533244,20220722,20220722,1.017996
000001.SZ,1d,2017-09-04,10.431589737177394,10.935441119831758,10.422259156017127,10.935441119831758,1352325.0,1551875033.9,20170904,11.72,1.0717446028533244,20220722,20220722,1.017996
000001.SZ,1d,2017-09-05,10.898118795190694,11.14071390535761,10.823474145908566,10.860796470549628,1287518.0,1513759541.19,20170905,11.639999999999999,1.0717446028533244,20220722,20220722,1.017996
000001.SZ,1d,2017-09-06,10.8141435647483,11.084730418396015,10.711507171985374,10.916779957511226,791621.0,925519043.82,20170906,11.700000000000001,1.0717446028533244,20220722,20220722,1.017996
000001.SZ,1d,2017-09-07,10.870127051709897,10.963432863312557,10.62753194154298,10.67418484734431,614187.0,711036421.43,20170907,11.440000000000001,1.0717446028533244,20220722,20220722,1.017996
000001.SZ,1d,2017-09-08,10.692846009664843,10.86079647054963,10.618201360382715,10.72083775314564,481276.0,553644520.36,20170908,11.49,1.0717446028533244,20220722,20220722,1.017996
000001.SZ,1d,2017-09-11,10.76749065894697,10.90744937635096,10.543556711100587,10.618201360382715,699472.0,801825014.63,20170911,11.38,1.0717446028533244,20220722,20220722,1.017996
000001.SZ,1d,2017-09-12,10.618201360382713,10.767490658946969,10.515564967619786,10.767490658946969,846183.0,962032172.14,20170912,11.54,1.0717446028533244,20220722,20220722,1.017996
000001.SZ,1d,2017-09-13,10.72083775314564,10.767490658946969,10.58087903574165,10.664854266184044,668237.0,765028184.64,20170913,11.43,1.0717446028533244,20220722,20220722,1.017996
000001.SZ,1d,2017-09-14,10.664854266184044,10.8141435647483,10.48757322413899,10.562217873421117,883087.0,1005775578.2400001,20170914,11.32,1.0717446028533244,20220722,20220722,1.017996
000001.SZ,1d,2017-09-15,10.53422612994032,10.562217873421117,10.403597993696597,10.53422612994032,646094.0,726061100.4500002,20170915,11.290000000000001,1.0717446028533244,20220722,20220722,1.017996
000001.SZ,1d,2017-09-18,10.496903805299258,10.562217873421117,10.450250899497927,10.496903805299258,607612.0,684223023.19,20170918,11.250000000000002,1.0717446028533244,20220722,20220722,1.017996
000001.SZ,1d,2017-09-19,10.496903805299256,10.58087903574165,10.338283925574734,10.384936831376065,764212.0,853815999.65,20170919,11.13,1.0717446028533244,20220722,20220722,1.017996
000001.SZ,1d,2017-09-20,10.39426741253633,10.608870779222448,10.310292182093937,10.53422612994032,787154.0,884640964.2099999,20170920,11.290000000000001,1.0717446028533244,20220722,20220722,1.017996
000001.SZ,1d,2017-09-21,10.506234386459523,10.739498915466173,10.450250899497927,10.692846009664843,692407.0,788605300.87,20170921,11.46,1.0717446028533244,20220722,20220722,1.017996
000001.SZ,1d,2017-09-22,10.664854266184044,10.748829496626438,10.552887292260852,10.67418484734431,593927.0,677622489.51,20170922,11.440000000000001,1.0717446028533244,20220722,20220722,1.017996
000001.SZ,1d,2017-09-25,10.674184847344309,10.683515428504576,10.431589737177394,10.534226129940318,532391.0,602270302.75,20170925,11.29,1.0717446028533244,20220722,20220722,1.017996
000001.SZ,1d,2017-09-26,10.506234386459523,10.543556711100587,10.226316951651542,10.310292182093937,967460.0,1074228193.8000002,20170926,11.05,1.0717446028533244,20220722,20220722,1.017996
000001.SZ,1d,2017-09-27,10.272969857452871,10.338283925574734,10.170333464689946,10.198325208170743,727188.0,798377280.0500001,20170927,10.93,1.0717446028533244,20220722,20220722,1.017996
000001.SZ,1d,2017-09-28,10.244978113972074,10.244978113972074,10.095688815407817,10.151672302369414,517220.0,563485127.39,20170928,10.88,1.0717446028533244,20220722,20220722,1.017996
000001.SZ,1d,2017-09-29,10.188994627010477,10.412928574856862,10.13301114004888,10.36627566905553,682280.0,753852534.72,20170929,11.11,1.0717446028533244,20220722,20220722,1.017996
000001.SZ,1d,2017-10-09,10.795482402427767,10.86079647054963,10.506234386459521,10.543556711100585,1325227.0,1520609511.5700002,20171009,11.299999999999999,1.0717446028533244,20220722,20220722,1.017996
000001.SZ,1d,2017-10-10,10.571548454581384,10.730168334305906,10.571548454581384,10.702176590825108,747925.0,853665849.11,20171010,11.47,1.0717446028533244,20220722,20220722,1.017996
000001.SZ,1d,2017-10-11,10.711507171985374,10.804812983588034,10.58087903574165,10.758160077786703,658077.0,756203405.4,20171011,11.53,1.0717446028533244,20220722,20220722,1.017996
000001.SZ,1d,2017-10-12,10.76749065894697,10.804812983588034,10.702176590825108,10.776821240107237,578065.0,667148377.69,20171012,11.55,1.0717446028533244,20220722,20220722,1.017996
000001.SZ,1d,2017-10-13,10.786151821267502,10.786151821267502,10.496903805299256,10.599540198062181,737375.0,839662734.96,20171013,11.36,1.0717446028533244,20220722,20220722,1.017996
000001.SZ,1d,2017-10-16,10.599540198062183,10.823474145908566,10.53422612994032,10.814143564748301,1036250.0,1190724204.76,20171016,11.590000000000002,1.0717446028533244,20220722,20220722,1.017996
000001.SZ,1d,2017-10-17,10.842135308229098,10.870127051709897,10.711507171985374,10.739498915466172,506372.0,585333998.33,20171017,11.51,1.0717446028533244,20220722,20220722,1.017996
000001.SZ,1d,2017-10-18,10.758160077786703,10.916779957511226,10.739498915466172,10.907449376350959,871365.0,1011050927.6999999,20171018,11.69,1.0717446028533244,20220722,20220722,1.017996
000001.SZ,1d,2017-10-19,10.86079647054963,10.935441119831758,10.795482402427767,10.851465889389365,722764.0,841546799.4000001,20171019,11.63,1.0717446028533244,20220722,20220722,1.017996
000001.SZ,1d,2017-10-20,10.8141435647483,10.8141435647483,10.646193103863512,10.711507171985374,461808.0,529747048.15999997,20171020,11.48,1.0717446028533244,20220722,20220722,1.017996
000001.SZ,1d,2017-10-23,10.62753194154298,10.636862522703247,10.403597993696597,10.440920318337659,1074465.0,1206888281.81,20171023,11.19,1.0717446028533244,20220722,20220722,1.017996
000001.SZ,1d,2017-10-24,10.450250899497926,10.655523685023777,10.431589737177394,10.62753194154298,618871.0,700896871.75,20171024,11.39,1.0717446028533244,20220722,20220722,1.017996
000001.SZ,1d,2017-10-25,10.599540198062181,10.608870779222446,10.496903805299256,10.515564967619786,418573.0,472708177.86,20171025,11.27,1.0717446028533244,20220722,20220722,1.017996
000001.SZ,1d,2017-10-26,10.496903805299258,10.562217873421117,10.375606250215798,10.431589737177395,928996.0,1041707022.8800001,20171026,11.180000000000001,1.0717446028533244,20220722,20220722,1.017996
000001.SZ,1d,2017-10-27,10.440920318337659,10.786151821267502,10.431589737177394,10.786151821267502,1360086.0,1548543731.64,20171027,11.56,1.0717446028533244,20220722,20220722,1.017996
000001.SZ,1d,2017-10-30,10.776821240107237,10.944771700992025,10.683515428504577,10.786151821267502,1278246.0,1484495472.5400002,20171030,11.56,1.0717446028533244,20220722,20220722,1.017996
000001.SZ,1d,2017-10-31,10.776821240107237,10.804812983588034,10.62753194154298,10.76749065894697,627491.0,721237474.23,20171031,11.540000000000001,1.0717446028533244,20220722,20220722,1.017996
000001.SZ,1d,2017-11-01,10.786151821267502,10.8141435647483,10.562217873421117,10.636862522703247,692617.0,792881042.8199999,20171101,11.4,1.0717446028533244,20220722,20220722,1.017996
000001.SZ,1d,2017-11-02,10.599540198062181,10.804812983588034,10.506234386459521,10.767490658946969,604308.0,689229873.86,20171102,11.54,1.0717446028533244,20220722,20220722,1.017996
000001.SZ,1d,2017-11-03,10.72083775314564,10.898118795190694,10.590209616901916,10.627531941542978,743343.0,852032107.89,20171103,11.389999999999999,1.0717446028533244,20220722,20220722,1.017996
000001.SZ,1d,2017-11-06,10.655523685023777,10.655523685023777,10.347614506734999,10.524895548780053,1029902.0,1157303985.6000001,20171106,11.28,1.0717446028533244,20220722,20220722,1.017996
000001.SZ,1d,2017-11-07,10.515564967619786,11.2806726227616,10.496903805299256,11.122052743037077,2477163.0,2914269160.44,20171107,11.92,1.0717446028533244,20220722,20220722,1.017996
000001.SZ,1d,2017-11-08,11.196697392319205,11.7472016807749,11.131383324197344,11.317994947402664,4262825.0,5199224276.82,20171108,12.129999999999999,1.0717446028533244,20220722,20220722,1.017996
000001.SZ,1d,2017-11-09,11.383309015524526,11.728540518454368,11.336656109723195,11.504606570607985,2295289.0,2839861735.04,20171109,12.33,1.0717446028533244,20220722,20220722,1.017996
000001.SZ,1d,2017-11-10,11.541928895249049,11.709879356133836,11.336656109723195,11.476614827127186,1757552.0,2167126597.89,20171110,12.3,1.0717446028533244,20220722,20220722,1.017996
000001.SZ,1d,2017-11-13,11.523267732928515,12.223061319948465,11.523267732928515,12.036449696743146,2566906.0,3307955288.7400002,20171113,12.9,1.0717446028533244,20220722,20220722,1.017996
000001.SZ,1d,2017-11-14,12.083102602544477,12.372350618512723,11.952474466300753,12.083102602544477,1780302.0,2318092534.3199997,20171114,12.950000000000001,1.0717446028533244,20220722,20220722,1.017996
000001.SZ,1d,2017-11-15,12.036449696743146,12.251053063429264,11.915152141659688,12.036449696743146,1263052.0,1627912725.03,20171115,12.9,1.0717446028533244,20220722,20220722,1.017996
000001.SZ,1d,2017-11-16,12.036449696743146,12.241722482268997,11.821846330057028,12.223061319948465,1200814.0,1550701791.1,20171116,13.1,1.0717446028533244,20220722,20220722,1.017996
000001.SZ,1d,2017-11-17,12.28837538807033,12.558962241718044,12.157747251826606,12.297705969230595,2064149.0,2731215933.7500005,20171117,13.180000000000001,1.0717446028533244,20220722,20220722,1.017996
000001.SZ,1d,2017-11-20,12.251053063429266,13.296078153379057,12.176408414147136,13.296078153379057,2843925.0,3860145472.82,20171120,14.25,1.0717446028533244,20220722,20220722,1.017996
000001.SZ,1d,2017-11-21,13.12812769249427,13.79992953603342,13.072144205532673,13.482689776584376,2495327.0,3609849024.92,20171121,14.45,1.0717446028533244,20220722,20220722,1.017996
000001.SZ,1d,2017-11-22,13.510681520065175,14.219805688245392,13.510681520065175,14.089177552001667,2570231.0,3839501153.96,20171122,15.1,1.0717446028533244,20220722,20220722,1.017996
000001.SZ,1d,2017-11-23,14.135830457802998,14.219805688245392,13.12812769249427,13.389383964981716,2429142.0,3562843399.78,20171123,14.35,1.0717446028533244,20220722,20220722,1.017996
000001.SZ,1d,2017-11-24,13.333400478020122,13.613317912828103,12.857540838846555,13.585326169347304,2630189.0,3732597275.58,20171124,14.56,1.0717446028533244,20220722,20220722,1.017996
000001.SZ,1d,2017-11-27,13.342731059180387,13.342731059180387,12.829549095365756,12.997499556250544,2064085.0,2878491901.4700003,20171127,13.93,1.0717446028533244,20220722,20220722,1.017996
000001.SZ,1d,2017-11-28,12.922854906968416,12.922854906968416,12.502978754756446,12.782896189564427,1766432.0,2396540133.1,20171128,13.700000000000001,1.0717446028533244,20220722,20220722,1.017996
000001.SZ,1d,2017-11-29,12.810887933045224,12.997499556250546,12.568292822878309,12.894863163487619,1564094.0,2148312654.9900002,20171129,13.82,1.0717446028533244,20220722,20220722,1.017996
000001.SZ,1d,2017-11-30,12.782896189564426,12.810887933045224,12.372350618512723,12.484317592435914,1379635.0,1866700884.5900002,20171130,13.379999999999999,1.0717446028533244,20220722,20220722,1.017996
000001.SZ,1d,2017-12-01,12.502978754756446,12.577623404038574,12.092433183704744,12.129755508345806,1784933.0,2354299656.82,20171201,13.0,1.0717446028533244,20220722,20220722,1.017996
000001.SZ,1d,2017-12-04,12.176408414147136,12.474987011275648,12.129755508345806,12.409672943153787,1454023.0,1923315712.98,20171204,13.3,1.0717446028533244,20220722,20220722,1.017996
000001.SZ,1d,2017-12-05,12.269714225749796,12.586953985198841,12.223061319948465,12.409672943153785,1723681.0,2301867653.6200004,20171205,13.299999999999999,1.0717446028533244,20220722,20220722,1.017996
000001.SZ,1d,2017-12-06,12.372350618512725,12.38168119967299,11.933813303980221,12.204400157627935,1619844.0,2104168537.1000001,20171206,13.08,1.0717446028533244,20220722,20220722,1.017996
000001.SZ,1d,2017-12-07,12.176408414147136,12.260383644589531,11.896490979339156,11.971135628621285,1181957.0,1526953344.35,20171207,12.83,1.0717446028533244,20220722,20220722,1.017996
000001.SZ,1d,2017-12-08,12.027119115582881,12.2137307387882,11.896490979339156,12.2137307387882,1351315.0,1751423112.52,20171208,13.09,1.0717446028533244,20220722,20220722,1.017996
000001.SZ,1d,2017-12-11,12.204400157627935,12.661598634480969,12.017788534422616,12.596284566359106,2261952.0,2980735572.46,20171211,13.5,1.0717446028533244,20220722,20220722,1.017996
000001.SZ,1d,2017-12-12,12.502978754756446,12.577623404038574,12.148416670666338,12.148416670666338,1743405.0,2302354901.4999995,20171212,13.02,1.0717446028533244,20220722,20220722,1.017996
000001.SZ,1d,2017-12-13,12.129755508345806,12.316367131551127,12.017788534422616,12.251053063429266,1289248.0,1679022035.87,20171213,13.13,1.0717446028533244,20220722,20220722,1.017996
000001.SZ,1d,2017-12-14,12.269714225749796,12.419003524314054,12.045780277903413,12.129755508345806,1001997.0,1311131917.6599998,20171214,13.0,1.0717446028533244,20220722,20220722,1.017996
000001.SZ,1d,2017-12-15,12.036449696743146,12.064441440223945,11.821846330057028,11.868499235858359,1099952.0,1405372004.0400002,20171215,12.72,1.0717446028533244,20220722,20220722,1.017996
000001.SZ,1d,2017-12-18,11.877829817018625,12.045780277903413,11.79385458657623,11.896490979339156,805464.0,1029422753.2800001,20171218,12.75,1.0717446028533244,20220722,20220722,1.017996
000001.SZ,1d,2017-12-19,11.933813303980221,12.428334105474319,11.88716039817889,12.391011780833255,2397942.0,3138687565.9,20171219,13.280000000000001,1.0717446028533244,20220722,20220722,1.017996
000001.SZ,1d,2017-12-20,12.316367131551127,12.419003524314054,12.251053063429266,12.372350618512725,1106245.0,1463802116.67,20171220,13.260000000000002,1.0717446028533244,20220722,20220722,1.017996
000001.SZ,1d,2017-12-21,12.297705969230595,12.764235027243895,12.279044806910063,12.633606891000172,1485203.0,2005617683.8600001,20171221,13.540000000000001,1.0717446028533244,20220722,20220722,1.017996
000001.SZ,1d,2017-12-22,12.596284566359108,12.717582121442565,12.549631660557777,12.61494572867964,742900.0,1004525768.54,20171222,13.520000000000001,1.0717446028533244,20220722,20220722,1.017996
000001.SZ,1d,2017-12-25,12.614945728679638,12.932185488128683,12.279044806910063,12.363020037352456,1585567.0,2145040658.23,20171225,13.25,1.0717446028533244,20220722,20220722,1.017996
000001.SZ,1d,2017-12-26,12.372350618512723,12.77356560840416,12.30703655039086,12.745573864923363,1123688.0,1510826264.4400003,20171226,13.66,1.0717446028533244,20220722,20220722,1.017996
000001.SZ,1d,2017-12-27,12.670929215641234,12.857540838846555,12.30703655039086,12.40034236199352,1366566.0,1848165006.46,20171227,13.29,1.0717446028533244,20220722,20220722,1.017996
000001.SZ,1d,2017-12-28,12.391011780833255,12.558962241718042,12.148416670666338,12.325697712711392,1553030.0,2052944539.1400003,20171228,13.209999999999999,1.0717446028533244,20220722,20220722,1.017996
000001.SZ,1d,2017-12-29,12.325697712711392,12.530970498237245,12.223061319948465,12.409672943153785,982915.0,1303222040.36,20171229,13.299999999999999,1.0717446028533244,20220722,20220722,1.017996
000001.SZ,1d,2018-01-02,12.456325848955116,12.997499556250544,12.428334105474319,12.782896189564427,2081592.0,2856543822.1800003,20180102,13.700000000000001,1.0717446028533244,20220722,20220722,1.017996
000001.SZ,1d,2018-01-03,12.810887933045224,12.932185488128685,12.316367131551127,12.437664686634585,2962498.0,4006220766.94,20180103,13.330000000000002,1.0717446028533244,20220722,20220722,1.017996
000001.SZ,1d,2018-01-04,12.428334105474319,12.47498701127565,12.251053063429266,12.363020037352456,1854509.0,2454543516.41,20180104,13.25,1.0717446028533244,20220722,20220722,1.017996
000001.SZ,1d,2018-01-05,12.325697712711394,12.456325848955116,12.269714225749796,12.409672943153787,1210312.0,1603289517.9300003,20180105,13.3,1.0717446028533244,20220722,20220722,1.017996
000001.SZ,1d,2018-01-08,12.363020037352456,12.40034236199352,11.999127372102082,12.092433183704742,2158620.0,2806099169.66,20180108,12.959999999999999,1.0717446028533244,20220722,20220722,1.017996
000001.SZ,1d,2018-01-09,12.092433183704742,12.316367131551125,12.055110859063678,12.204400157627935,1344345.0,1754315792.47,20180109,13.08,1.0717446028533244,20220722,20220722,1.017996
000001.SZ,1d,2018-01-10,12.16707783298687,12.586953985198841,12.055110859063678,12.568292822878309,2403277.0,3196055830.9100003,20180110,13.47,1.0717446028533244,20220722,20220722,1.017996
000001.SZ,1d,2018-01-11,12.512309335916713,12.6802597968015,12.381681199672988,12.502978754756446,1443877.0,1937494294.07,20180111,13.4,1.0717446028533244,20220722,20220722,1.017996
000001.SZ,1d,2018-01-12,12.549631660557775,12.764235027243895,12.512309335916713,12.642937472160437,1353991.0,1833435672.07,20180112,13.55,1.0717446028533244,20220722,20220722,1.017996
000001.SZ,1d,2018-01-15,12.605615147519373,13.370722802661184,12.596284566359106,13.249425247577726,3122394.0,4376707088.52,20180115,14.2,1.0717446028533244,20220722,20220722,1.017996
000001.SZ,1d,2018-01-16,13.221433504096929,13.417375708462513,13.081474786692938,13.249425247577726,2444549.0,3479177087.3,20180116,14.2,1.0717446028533244,20220722,20220722,1.017996
000001.SZ,1d,2018-01-17,13.370722802661186,13.809260117193688,13.249425247577728,13.277416991058525,2656294.0,3849312882.21,20180117,14.23,1.0717446028533244,20220722,20220722,1.017996
000001.SZ,1d,2018-01-18,13.436036870783047,13.73461546791156,13.324069896859855,13.73461546791156,2148026.0,3120455742.3500004,20180118,14.72,1.0717446028533244,20220722,20220722,1.017996
000001.SZ,1d,2018-01-19,13.809260117193686,14.117169295482464,13.697293143270494,13.809260117193686,2571146.0,3832857440.2999997,20180119,14.799999999999999,1.0717446028533244,20220722,20220722,1.017996
000001.SZ,1d,2018-01-22,13.622648493988367,13.939888253437411,13.464028614263844,13.473359195424111,2073867.0,3032799070.35,20180122,14.44,1.0717446028533244,20220722,20220722,1.017996
000001.SZ,1d,2018-01-23,13.398714546141983,13.902565928796347,13.370722802661184,13.669301399789697,2388791.0,3492462005.57,20180123,14.65,1.0717446028533244,20220722,20220722,1.017996
000001.SZ,1d,2018-01-24,13.678631980949964,14.070516389681135,13.529342682385707,13.659970818629432,2591292.0,3838734922.63,20180124,14.64,1.0717446028533244,20220722,20220722,1.017996
000001.SZ,1d,2018-01-25,13.482689776584376,13.50135093890491,13.062813624372406,13.249425247577726,2369984.0,3360822344.56,20180125,14.2,1.0717446028533244,20220722,20220722,1.017996
000001.SZ,1d,2018-01-26,13.230764085257194,13.380053383821451,13.081474786692938,13.109466530173735,2032988.0,2885104627.01,20180126,14.049999999999999,1.0717446028533244,20220722,20220722,1.017996
000001.SZ,1d,2018-01-29,13.109466530173735,13.296078153379057,12.689590377961766,12.820218514205491,2090546.0,2911452095.24,20180129,13.74,1.0717446028533244,20220722,20220722,1.017996
000001.SZ,1d,2018-01-30,12.782896189564427,12.913524325808151,12.642937472160437,12.736243283763097,1094739.0,1497708872.6299999,20180130,13.65,1.0717446028533244,20220722,20220722,1.017996
000001.SZ,1d,2018-01-31,12.689590377961768,13.109466530173737,12.624276309839905,13.109466530173737,1747729.0,2423104767.05,20180131,14.05,1.0717446028533244,20220722,20220722,1.017996
000001.SZ,1d,2018-02-01,13.016160718571076,13.342731059180387,12.913524325808151,13.090805367853203,2005614.0,2821583609.2299995,20180201,14.03,1.0717446028533244,20220722,20220722,1.017996
000001.SZ,1d,2018-02-02,12.978838393930014,13.156119435975068,12.717582121442565,13.109466530173737,1176512.0,1637619618.3200002,20180202,14.05,1.0717446028533244,20220722,20220722,1.017996
000001.SZ,1d,2018-02-05,12.876202001167087,13.59465675050757,12.810887933045224,13.575995588187038,2331997.0,3326355314.78,20180205,14.55,1.0717446028533244,20220722,20220722,1.017996
000001.SZ,1d,2018-02-06,13.277416991058525,13.370722802661184,12.997499556250544,13.062813624372406,2582872.0,3641294710.26,20180206,14.0,1.0717446028533244,20220722,20220722,1.017996
000001.SZ,1d,2018-02-07,13.268086409898258,13.342731059180387,11.905821560499422,12.055110859063678,3345716.0,4521586590.190001,20180207,12.92,1.0717446028533244,20220722,20220722,1.017996
000001.SZ,1d,2018-02-08,11.971135628621287,12.05511085906368,11.691218193813306,11.700548774973571,2137815.0,2711464886.05,20180208,12.540000000000001,1.0717446028533244,20220722,20220722,1.017996
000001.SZ,1d,2018-02-09,11.271342041601335,11.271342041601335,10.618201360382715,10.90744937635096,2824949.0,3308553501.5200005,20180209,11.690000000000001,1.0717446028533244,20220722,20220722,1.017996
000001.SZ,1d,2018-02-12,10.991424606793355,11.04740809375495,10.786151821267502,10.935441119831758,1228782.0,1439644312.04,20180212,11.72,1.0717446028533244,20220722,20220722,1.017996
000001.SZ,1d,2018-02-13,11.075399837235747,11.392639596684791,11.04740809375495,11.14071390535761,1298178.0,1562420005.24,20180213,11.94,1.0717446028533244,20220722,20220722,1.017996
000001.SZ,1d,2018-02-14,11.159375067678141,11.224689135800004,10.972763444472822,11.196697392319205,864190.0,1030474410.4399999,20180214,12.0,1.0717446028533244,20220722,20220722,1.017996
000001.SZ,1d,2018-02-22,11.429961921325855,11.691218193813304,11.429961921325855,11.625904125691443,1268406.0,1573562575.57,20180222,12.46,1.0717446028533244,20220722,20220722,1.017996
000001.SZ,1d,2018-02-23,11.737871099614637,11.933813303980221,11.616573544531176,11.765862843095434,1013663.0,1278185721.74,20180223,12.610000000000001,1.0717446028533244,20220722,20220722,1.017996
000001.SZ,1d,2018-02-26,11.91515214165969,11.989796790941817,11.616573544531176,11.784524005415966,1045758.0,1318960463.96,20180226,12.63,1.0717446028533244,20220722,20220722,1.017996
000001.SZ,1d,2018-02-27,11.793854586576229,11.849838073537825,11.37397843436426,11.457953664806654,1285869.0,1590018492.14,20180227,12.28,1.0717446028533244,20220722,20220722,1.017996
000001.SZ,1d,2018-02-28,11.290003203921867,11.37397843436426,11.131383324197344,11.243350298120536,1214145.0,1463313702.75,20180228,12.049999999999999,1.0717446028533244,20220722,20220722,1.017996
000001.SZ,1d,2018-03-01,11.122052743037077,11.336656109723195,11.103391580716545,11.23401971696027,886957.0,1069354491.03,20180301,12.040000000000001,1.0717446028533244,20220722,20220722,1.017996
000001.SZ,1d,2018-03-02,11.122052743037077,11.234019716960269,11.056738674915216,11.150044486517876,663124.0,791736473.27,20180302,11.95,1.0717446028533244,20220722,20220722,1.017996
000001.SZ,1d,2018-03-05,11.131383324197346,11.271342041601335,11.010085769113886,11.066069256075483,754183.0,897244265.05,20180305,11.860000000000001,1.0717446028533244,20220722,20220722,1.017996
000001.SZ,1d,2018-03-06,11.150044486517876,11.299333785082132,10.982094025633087,11.290003203921867,1150162.0,1373438382.66,20180306,12.1,1.0717446028533244,20220722,20220722,1.017996
000001.SZ,1d,2018-03-07,11.336656109723195,11.513937151768252,11.23401971696027,11.243350298120536,1427570.0,1744085270.0400002,20180307,12.05,1.0717446028533244,20220722,20220722,1.017996
000001.SZ,1d,2018-03-08,11.243350298120536,11.336656109723195,11.150044486517876,11.299333785082133,689755.0,832153697.14,20180308,12.110000000000001,1.0717446028533244,20220722,20220722,1.017996
000001.SZ,1d,2018-03-09,11.336656109723195,11.383309015524526,11.178036229998675,11.2806726227616,943876.0,1139043574.6299999,20180309,12.09,1.0717446028533244,20220722,20220722,1.017996
000001.SZ,1d,2018-03-12,11.336656109723195,11.35531727204373,11.150044486517876,11.224689135800006,1268701.0,1526643478.9199998,20180312,12.030000000000001,1.0717446028533244,20220722,20220722,1.017996
000001.SZ,1d,2018-03-13,11.234019716960269,11.401970177845058,11.196697392319205,11.215358554639737,1082267.0,1309543466.56,20180313,12.02,1.0717446028533244,20220722,20220722,1.017996
000001.SZ,1d,2018-03-14,11.178036229998675,11.196697392319205,11.038077512594684,11.122052743037077,635594.0,757090756.4300001,20180314,11.92,1.0717446028533244,20220722,20220722,1.017996
000001.SZ,1d,2018-03-15,11.00075518795362,11.056738674915216,10.879457632870162,10.926110538671493,1155694.0,1356878634.17,20180315,11.71,1.0717446028533244,20220722,20220722,1.017996
000001.SZ,1d,2018-03-16,10.935441119831758,11.056738674915216,10.86079647054963,10.86079647054963,962983.0,1130784170.87,20180316,11.64,1.0717446028533244,20220722,20220722,1.017996
000001.SZ,1d,2018-03-19,10.879457632870162,11.04740809375495,10.832804727068831,11.038077512594684,808538.0,947664744.37,20180319,11.83,1.0717446028533244,20220722,20220722,1.017996
000001.SZ,1d,2018-03-20,10.95410228215229,11.084730418396015,10.935441119831758,11.028746931434418,776150.0,916858475.86,20180320,11.82,1.0717446028533244,20220722,20220722,1.017996
000001.SZ,1d,2018-03-21,11.150044486517876,11.308664366242397,11.056738674915216,11.103391580716545,1445109.0,1736437401.21,20180321,11.9,1.0717446028533244,20220722,20220722,1.017996
000001.SZ,1d,2018-03-22,11.103391580716545,11.168705648838408,10.842135308229098,10.879457632870162,984278.0,1155741055.8700001,20180322,11.66,1.0717446028533244,20220722,20220722,1.017996
000001.SZ,1d,2018-03-23,10.496903805299256,10.590209616901916,10.188994627010477,10.58087903574165,1825690.0,2037734400.0900002,20180323,11.34,1.0717446028533244,20220722,20220722,1.017996
000001.SZ,1d,2018-03-26,10.403597993696595,10.450250899497926,10.13301114004888,10.198325208170743,1383598.0,1519435011.09,20180326,10.93,1.0717446028533244,20220722,20220722,1.017996
000001.SZ,1d,2018-03-27,10.356945087895266,10.422259156017127,10.13301114004888,10.207655789331008,1103933.0,1213989931.1799998,20180327,10.94,1.0717446028533244,20220722,20220722,1.017996
000001.SZ,1d,2018-03-28,10.123680558888617,10.39426741253633,10.06769707192702,10.16100288352968,1099023.0,1201023442.2099998,20180328,10.89,1.0717446028533244,20220722,20220722,1.017996
000001.SZ,1d,2018-03-29,10.188994627010477,10.422259156017127,9.843763124080636,10.310292182093937,1330602.0,1445281829.8600001,20180329,11.05,1.0717446028533244,20220722,20220722,1.017996
000001.SZ,1d,2018-03-30,10.30096160093367,10.310292182093937,10.151672302369414,10.170333464689946,752173.0,823438180.73,20180330,10.9,1.0717446028533244,20220722,20220722,1.017996
000001.SZ,1d,2018-04-02,10.142341721209148,10.25430869513234,9.983721841484627,9.993052422644892,1109316.0,1200911980.3799999,20180402,10.71,1.0717446028533244,20220722,20220722,1.017996
000001.SZ,1d,2018-04-03,9.890416029881965,9.955730098003826,9.80644079943957,9.853093705240902,890745.0,942237800.69,20180403,10.56,1.0717446028533244,20220722,20220722,1.017996
000001.SZ,1d,2018-04-04,9.965060679164093,10.272969857452871,9.890416029881965,10.142341721209146,1602488.0,1737258898.2800002,20180404,10.87,1.0717446028533244,20220722,20220722,1.017996
000001.SZ,1d,2018-04-09,10.077027653087287,10.356945087895266,10.011713584965424,10.282300438613136,1074795.0,1180084371.5900002,20180409,11.02,1.0717446028533244,20220722,20220722,1.017996
000001.SZ,1d,2018-04-10,10.282300438613138,10.692846009664843,10.235647532811807,10.655523685023777,1390950.0,1562265089.74,20180410,11.42,1.0717446028533244,20220722,20220722,1.017996
000001.SZ,1d,2018-04-11,10.62753194154298,11.122052743037079,10.618201360382715,11.038077512594684,2095970.0,2458982163.44,20180411,11.83,1.0717446028533244,20220722,20220722,1.017996
000001.SZ,1d,2018-04-12,11.010085769113886,11.038077512594684,10.655523685023777,10.748829496626437,1173128.0,1364675848.46,20180412,11.52,1.0717446028533244,20220722,20220722,1.017996
000001.SZ,1d,2018-04-13,10.86079647054963,11.00075518795362,10.683515428504577,10.795482402427767,1300255.0,1516155527.17,20180413,11.57,1.0717446028533244,20220722,20220722,1.017996
000001.SZ,1d,2018-04-16,10.702176590825106,10.702176590825106,10.291631019773403,10.356945087895266,1427072.0,1593706086.4,20180416,11.1,1.0717446028533244,20220722,20220722,1.017996
000001.SZ,1d,2018-04-17,10.375606250215796,10.683515428504576,10.36627566905553,10.45958148065819,1301891.0,1468159349.6599998,20180417,11.209999999999999,1.0717446028533244,20220722,20220722,1.017996
000001.SZ,1d,2018-04-18,10.683515428504576,10.832804727068831,10.524895548780053,10.730168334305906,1475845.0,1692722923.5,20180418,11.5,1.0717446028533244,20220722,20220722,1.017996
000001.SZ,1d,2018-04-19,10.748829496626437,10.907449376350959,10.655523685023777,10.702176590825108,849131.0,979593564.5999999,20180419,11.47,1.0717446028533244,20220722,20220722,1.017996
000001.SZ,1d,2018-04-20,10.739498915466173,10.804812983588036,10.450250899497927,10.590209616901918,958690.0,1090801311.42,20180420,11.350000000000001,1.0717446028533244,20220722,20220722,1.017996
000001.SZ,1d,2018-04-23,10.543556711100585,10.832804727068831,10.506234386459521,10.795482402427767,1070289.0,1228544006.32,20180423,11.57,1.0717446028533244,20220722,20220722,1.017996
000001.SZ,1d,2018-04-24,10.851465889389365,11.14071390535761,10.804812983588034,11.066069256075481,1461098.0,1725152198.09,20180424,11.86,1.0717446028533244,20220722,20220722,1.017996
000001.SZ,1d,2018-04-25,10.972763444472823,11.019416350274152,10.851465889389365,10.898118795190696,730286.0,854713248.8800001,20180425,11.680000000000001,1.0717446028533244,20220722,20220722,1.017996
000001.SZ,1d,2018-04-26,10.879457632870162,10.90744937635096,10.552887292260852,10.655523685023777,874235.0,1002483154.12,20180426,11.42,1.0717446028533244,20220722,20220722,1.017996
000001.SZ,1d,2018-04-27,10.72083775314564,10.739498915466173,9.918407773362764,10.123680558888617,2709795.0,2958464277.86,20180427,10.850000000000001,1.0717446028533244,20220722,20220722,1.017996
000001.SZ,1d,2018-05-02,10.235647532811807,10.291631019773405,10.077027653087287,10.151672302369414,1190523.0,1295804420.86,20180502,10.88,1.0717446028533244,20220722,20220722,1.017996
000001.SZ,1d,2018-05-03,10.13301114004888,10.151672302369414,9.862424286401167,10.030374747285956,1281355.0,1372765845.8300002,20180503,10.75,1.0717446028533244,20220722,20220722,1.017996
000001.SZ,1d,2018-05-04,10.011713584965424,10.105019396568084,9.946399516843561,9.965060679164093,710509.0,761302468.67,20180504,10.68,1.0717446028533244,20220722,20220722,1.017996
000001.SZ,1d,2018-05-07,9.983721841484627,10.105019396568084,9.92773835452303,10.086358234247552,974309.0,1046743101.9200001,20180507,10.81,1.0717446028533244,20220722,20220722,1.017996
000001.SZ,1d,2018-05-08,10.105019396568084,10.403597993696597,10.077027653087287,10.272969857452873,1373305.0,1511546681.16,20180508,11.010000000000002,1.0717446028533244,20220722,20220722,1.017996
000001.SZ,1d,2018-05-09,10.244978113972074,10.291631019773405,10.151672302369414,10.235647532811807,627656.0,687036874.44,20180509,10.97,1.0717446028533244,20220722,20220722,1.017996
000001.SZ,1d,2018-05-10,10.291631019773403,10.347614506734999,10.179664045850211,10.272969857452871,552735.0,607349997.23,20180510,11.01,1.0717446028533244,20220722,20220722,1.017996
000001.SZ,1d,2018-05-11,10.30096160093367,10.384936831376065,10.226316951651542,10.272969857452873,772369.0,853271166.64,20180511,11.010000000000002,1.0717446028533244,20220722,20220722,1.017996
000001.SZ,1d,2018-05-14,10.347614506734999,10.478242642978723,10.291631019773403,10.431589737177394,1039297.0,1158064201.07,20180514,11.18,1.0717446028533244,20220722,20220722,1.017996
000001.SZ,1d,2018-05-15,10.431589737177394,10.440920318337659,10.282300438613136,10.375606250215796,669261.0,742590447.6500001,20180515,11.12,1.0717446028533244,20220722,20220722,1.017996
000001.SZ,1d,2018-05-16,10.328953344414467,10.328953344414467,10.16100288352968,10.170333464689946,714362.0,782694669.6899999,20180516,10.9,1.0717446028533244,20220722,20220722,1.017996
000001.SZ,1d,2018-05-17,10.179664045850211,10.207655789331008,10.058366490766753,10.095688815407817,586494.0,635675440.98,20180517,10.819999999999999,1.0717446028533244,20220722,20220722,1.017996
000001.SZ,1d,2018-05-18,10.086358234247552,10.235647532811807,10.039705328446221,10.22631695165154,578384.0,628250184.9200001,20180518,10.959999999999999,1.0717446028533244,20220722,20220722,1.017996
000001.SZ,1d,2018-05-21,10.328953344414467,10.36627566905553,10.198325208170743,10.216986370491275,763533.0,838750577.6500001,20180521,10.95,1.0717446028533244,20220722,20220722,1.017996
000001.SZ,1d,2018-05-22,10.216986370491277,10.244978113972074,10.06769707192702,10.133011140048882,589871.0,639815249.44,20180522,10.860000000000001,1.0717446028533244,20220722,20220722,1.017996
000001.SZ,1d,2018-05-23,10.095688815407817,10.095688815407817,9.909077192202497,9.937068935683296,991016.0,1058587812.32,20180523,10.65,1.0717446028533244,20220722,20220722,1.017996
000001.SZ,1d,2018-05-24,9.946399516843561,9.965060679164093,9.871754867561433,9.89974661104223,688152.0,730678763.88,20180524,10.61,1.0717446028533244,20220722,20220722,1.017996
000001.SZ,1d,2018-05-25,9.899746611042232,9.955730098003826,9.843763124080636,9.881085448721699,593335.0,629735450.6,20180525,10.59,1.0717446028533244,20220722,20220722,1.017996
000001.SZ,1d,2018-05-28,9.871754867561433,9.946399516843561,9.80644079943957,9.881085448721699,569400.0,602590746.57,20180528,10.59,1.0717446028533244,20220722,20220722,1.017996
000001.SZ,1d,2018-05-29,9.871754867561433,9.918407773362762,9.657151500875315,9.685143244356112,889494.0,930386966.6300001,20180529,10.379999999999999,1.0717446028533244,20220722,20220722,1.017996
000001.SZ,1d,2018-05-30,9.60116801391372,9.60116801391372,9.377234066067336,9.405225809548133,1124447.0,1139918753.16,20180530,10.08,1.0717446028533244,20220722,20220722,1.017996
000001.SZ,1d,2018-05-31,9.43321755302893,9.507862202311058,9.349242322586537,9.498531621150793,987360.0,999216332.96,20180531,10.18,1.0717446028533244,20220722,20220722,1.017996
000001.SZ,1d,2018-06-01,9.470539877669996,9.60116801391372,9.395895228387868,9.507862202311058,597211.0,608398867.4599999,20180601,10.19,1.0717446028533244,20220722,20220722,1.017996
000001.SZ,1d,2018-06-04,9.545184526952124,9.619829176234251,9.470539877669996,9.582506851593187,593038.0,608291978.44,20180604,10.27,1.0717446028533244,20220722,20220722,1.017996
000001.SZ,1d,2018-06-05,9.601168013913718,9.610498595073985,9.43321755302893,9.57317627043292,656540.0,670740302.01,20180605,10.26,1.0717446028533244,20220722,20220722,1.017996
000001.SZ,1d,2018-06-06,9.563845689272656,9.57317627043292,9.423886971868665,9.461209296509727,712743.0,724032796.29,20180606,10.139999999999999,1.0717446028533244,20220722,20220722,1.017996
000001.SZ,1d,2018-06-07,9.517192783471325,9.75978789363824,9.498531621150793,9.675812663195847,1262638.0,1306425478.0900002,20180607,10.37,1.0717446028533244,20220722,20220722,1.017996
000001.SZ,1d,2018-06-08,9.638490338554783,9.638490338554783,9.386564647227601,9.442548134189197,1099379.0,1114968856.53,20180608,10.120000000000001,1.0717446028533244,20220722,20220722,1.017996
000001.SZ,1d,2018-06-11,9.386564647227601,9.451878715349464,9.330581160266005,9.367903484907067,721374.0,724687998.61,20180611,10.04,1.0717446028533244,20220722,20220722,1.017996
000001.SZ,1d,2018-06-12,9.358572903746804,9.405225809548135,9.283928254464676,9.386564647227601,913300.0,914001701.46,20180612,10.06,1.0717446028533244,20220722,20220722,1.017996
000001.SZ,1d,2018-06-13,9.36790348490707,9.386564647227601,9.283928254464676,9.283928254464676,530584.0,530483756.71000004,20180613,9.950000000000001,1.0717446028533244,20220722,20220722,1.017996
000001.SZ,1d,2018-06-14,9.283928254464675,9.470539877669996,9.255936510983878,9.395895228387868,866392.0,872487574.2800001,20180614,10.07,1.0717446028533244,20220722,20220722,1.017996
000001.SZ,1d,2018-06-15,9.405225809548133,9.60116801391372,9.386564647227601,9.489201039990528,1248707.0,1273412999.36,20180615,10.17,1.0717446028533244,20220722,20220722,1.017996
000001.SZ,1d,2018-06-19,9.377234066067336,9.470539877669996,9.162630699381218,9.209283605182549,1565874.0,1565756559.87,20180619,9.870000000000001,1.0717446028533244,20220722,20220722,1.017996
000001.SZ,1d,2018-06-20,9.209283605182547,9.283928254464675,9.10664721241962,9.24660592982361,763637.0,752950700.66,20180620,9.91,1.0717446028533244,20220722,20220722,1.017996
000001.SZ,1d,2018-06-21,9.265267092144143,9.367903484907067,9.19995302402228,9.19995302402228,840070.0,836014838.1400001,20180621,9.86,1.0717446028533244,20220722,20220722,1.017996
000001.SZ,1d,2018-06-22,9.143969537060684,9.209283605182547,9.115977793579887,9.190622442862015,657818.0,645752909.26,20180622,9.85,1.0717446028533244,20220722,20220722,1.017996
000001.SZ,1d,2018-06-25,9.24660592982361,9.255936510983878,8.752085128329513,8.826729777611641,1195212.0,1154559080.5,20180625,9.46,1.0717446028533244,20220722,20220722,1.017996
000001.SZ,1d,2018-06-26,8.761415709489778,8.808068615291107,8.481498274681798,8.73342396600898,1124156.0,1042528543.9899999,20180626,9.36,1.0717446028533244,20220722,20220722,1.017996
000001.SZ,1d,2018-06-27,8.686771060207649,8.770746290650044,8.425514787720202,8.481498274681798,1045142.0,958871648.21,20180627,9.09,1.0717446028533244,20220722,20220722,1.017996
000001.SZ,1d,2018-06-28,8.350870138438076,8.472167693521534,8.276225489155948,8.322878394957279,1110764.0,996801234.6999999,20180628,8.920000000000002,1.0717446028533244,20220722,20220722,1.017996
000001.SZ,1d,2018-06-29,8.406853625399672,8.518820599322863,8.36020071959834,8.4814982746818,675299.0,611346088.6899999,20180629,9.090000000000002,1.0717446028533244,20220722,20220722,1.017996
000001.SZ,1d,2018-07-02,8.444175950040735,8.444175950040735,7.977646892027435,8.03363037898903,1315520.0,1158545868.8100002,20180702,8.610000000000001,1.0717446028533244,20220722,20220722,1.017996
000001.SZ,1d,2018-07-03,8.108275028271159,8.117605609431424,7.8843410804247736,8.089613865950627,1274838.0,1096657033.32,20180703,8.67,1.0717446028533244,20220722,20220722,1.017996
000001.SZ,1d,2018-07-04,8.052291541309561,8.164258515232754,8.033630378989029,8.033630378989029,711153.0,617278559.96,20180704,8.61,1.0717446028533244,20220722,20220722,1.017996
000001.SZ,1d,2018-07-05,8.042960960149298,8.145597352912223,7.977646892027435,8.024299797828766,835768.0,722169579.0,20180705,8.600000000000001,1.0717446028533244,20220722,20220722,1.017996
000001.SZ,1d,2018-07-06,8.033630378989029,8.192250258713552,7.8843410804247736,8.08028328479036,988282.0,852071526.9799999,20180706,8.66,1.0717446028533244,20220722,20220722,1.017996
000001.SZ,1d,2018-07-09,8.108275028271159,8.425514787720202,8.098944447110892,8.425514787720202,1409954.0,1255007609.99,20180709,9.03,1.0717446028533244,20220722,20220722,1.017996
000001.SZ,1d,2018-07-10,8.416184206559938,8.416184206559938,8.294886651476478,8.378861881918873,896862.0,803038965.2500001,20180710,8.98,1.0717446028533244,20220722,20220722,1.017996
000001.SZ,1d,2018-07-11,8.17358909639302,8.238903164514882,8.098944447110892,8.192250258713552,851296.0,744765824.8900001,20180711,8.78,1.0717446028533244,20220722,20220722,1.017996
000001.SZ,1d,2018-07-12,8.154317527452983,8.505142816424799,8.135353998319372,8.419806935323546,1140492.0,1008658828.6700001,20180712,8.88,1.054656011499006,20220722,20220722,1.017996
000001.SZ,1d,2018-07-13,8.457733993590768,8.47669752272438,8.362916347922711,8.419806935323546,603378.0,535401175.45,20180713,8.88,1.054656011499006,20220722,20220722,1.017996
000001.SZ,1d,2018-07-16,8.391361641623128,8.438770464457157,8.239653408554235,8.277580466821458,689845.0,603427713.21,20180716,8.729999999999999,1.054656011499006,20220722,20220722,1.017996
000001.SZ,1d,2018-07-17,8.287062231388266,8.296543995955071,8.211208114853818,8.268098702254653,375356.0,326396994.95,20180717,8.72,1.054656011499006,20220722,20220722,1.017996
000001.SZ,1d,2018-07-18,8.296543995955071,8.391361641623128,8.239653408554235,8.24913517312104,525152.0,460697377.12000006,20180718,8.7,1.054656011499006,20220722,20220722,1.017996
000001.SZ,1d,2018-07-19,8.296543995955071,8.353434583355904,8.239653408554235,8.277580466821458,461372.0,403674308.23,20180719,8.729999999999999,1.054656011499006,20220722,20220722,1.017996
000001.SZ,1d,2018-07-20,8.277580466821458,8.72322340146133,8.163799292019789,8.637887520360078,1754277.0,1576843937.1000001,20180720,9.11,1.054656011499006,20220722,20220722,1.017996
000001.SZ,1d,2018-07-23,8.571515168392438,8.960267515631475,8.533588110125216,8.931822221931059,1781688.0,1646028021.04,20180723,9.42,1.054656011499006,20220722,20220722,1.017996
000001.SZ,1d,2018-07-24,8.903376928230642,9.093012219566758,8.846486340829806,8.912858692797448,1425894.0,1348746826.8300002,20180724,9.4,1.054656011499006,20220722,20220722,1.017996
000001.SZ,1d,2018-07-25,8.95078575106467,8.979231044765088,8.846486340829806,8.893895163663837,614122.0,575752176.95,20180725,9.38,1.054656011499006,20220722,20220722,1.017996
000001.SZ,1d,2018-07-26,8.912858692797448,8.988712809331894,8.732705166028138,8.77063222429536,833358.0,778429753.7900001,20180726,9.25,1.054656011499006,20220722,20220722,1.017996
000001.SZ,1d,2018-07-27,8.818041047129388,8.874931634530224,8.70425987232772,8.77063222429536,515126.0,477527419.46,20180727,9.25,1.054656011499006,20220722,20220722,1.017996
000001.SZ,1d,2018-07-30,8.837004576263,8.998194573898699,8.780113988862166,8.903376928230642,706385.0,661767547.55,20180730,9.39,1.054656011499006,20220722,20220722,1.017996
000001.SZ,1d,2018-07-31,8.88441339909703,8.998194573898699,8.77063222429536,8.931822221931059,720150.0,674484650.66,20180731,9.42,1.054656011499006,20220722,20220722,1.017996
000001.SZ,1d,2018-08-01,8.931822221931059,9.007676338465505,8.637887520360078,8.675814578627302,814081.0,759282229.65,20180801,9.149999999999999,1.054656011499006,20220722,20220722,1.017996
000001.SZ,1d,2018-08-02,8.65685104949369,8.675814578627303,8.419806935323546,8.476697522724383,931401.0,839272254.36,20180802,8.940000000000001,1.054656011499006,20220722,20220722,1.017996
000001.SZ,1d,2018-08-03,8.467215758157575,8.628405755793272,8.448252229023963,8.448252229023963,476546.0,428641526.2,20180803,8.91,1.054656011499006,20220722,20220722,1.017996
000001.SZ,1d,2018-08-06,8.476697522724383,8.63788752036008,8.429288699890352,8.476697522724383,554010.0,497906686.27000004,20180806,8.940000000000001,1.054656011499006,20220722,20220722,1.017996
000001.SZ,1d,2018-08-07,8.495661051857994,8.694778107760914,8.419806935323546,8.694778107760914,690423.0,624359656.36,20180807,9.17,1.054656011499006,20220722,20220722,1.017996
000001.SZ,1d,2018-08-08,8.685296343194109,8.685296343194109,8.57151516839244,8.580996932959245,578953.0,527526989.83,20180808,9.05,1.054656011499006,20220722,20220722,1.017996
000001.SZ,1d,2018-08-09,8.571515168392438,8.865449869963419,8.552551639258827,8.808559282562582,806783.0,746469808.0899999,20180809,9.29,1.054656011499006,20220722,20220722,1.017996
000001.SZ,1d,2018-08-10,8.81804104712939,8.837004576263,8.685296343194109,8.751668695161749,424168.0,391366341.57,20180810,9.23,1.054656011499006,20220722,20220722,1.017996
000001.SZ,1d,2018-08-13,8.647369284926885,8.685296343194109,8.438770464457157,8.580996932959245,818491.0,736947790.49,20180813,9.05,1.054656011499006,20220722,20220722,1.017996
000001.SZ,1d,2018-08-14,8.562033403825632,8.571515168392438,8.47669752272438,8.533588110125216,430240.0,386334617.9499999,20180814,9.0,1.054656011499006,20220722,20220722,1.017996
000001.SZ,1d,2018-08-15,8.552551639258827,8.552551639258827,8.296543995955071,8.334471054222293,670442.0,594759517.14,20180815,8.79,1.054656011499006,20220722,20220722,1.017996
000001.SZ,1d,2018-08-16,8.27758046682146,8.429288699890352,8.192244585720207,8.32498928965549,638272.0,559523123.02,20180816,8.780000000000001,1.054656011499006,20220722,20220722,1.017996
000001.SZ,1d,2018-08-17,8.419806935323544,8.47669752272438,8.324989289655488,8.353434583355904,649476.0,576683267.1100001,20180817,8.809999999999999,1.054656011499006,20220722,20220722,1.017996
000001.SZ,1d,2018-08-20,8.438770464457157,8.552551639258828,8.41032517075674,8.533588110125217,681322.0,609934725.59,20180820,9.000000000000002,1.054656011499006,20220722,20220722,1.017996
000001.SZ,1d,2018-08-21,8.552551639258827,8.780113988862166,8.543069874692021,8.751668695161749,1264474.0,1163292795.24,20180821,9.23,1.054656011499006,20220722,20220722,1.017996
000001.SZ,1d,2018-08-22,8.761150459728555,8.855968105396613,8.65685104949369,8.808559282562584,982433.0,909598743.27,20180822,9.290000000000001,1.054656011499006,20220722,20220722,1.017996
000001.SZ,1d,2018-08-23,8.81804104712939,8.931822221931059,8.751668695161749,8.874931634530226,729074.0,680941392.24,20180823,9.360000000000001,1.054656011499006,20220722,20220722,1.017996
000001.SZ,1d,2018-08-24,8.827522811696195,9.747253974676358,8.808559282562584,9.510209860506214,3040408.0,2995071976.8100004,20180824,10.030000000000001,1.054656011499006,20220722,20220722,1.017996
000001.SZ,1d,2018-08-27,9.500728095939408,9.889480443178446,9.453319273105379,9.889480443178446,2218424.0,2251527721.3500004,20180827,10.430000000000001,1.054656011499006,20220722,20220722,1.017996
000001.SZ,1d,2018-08-28,9.804144562077191,9.889480443178444,9.709326916409134,9.756735739243164,1289777.0,1331917860.95,20180828,10.290000000000001,1.054656011499006,20220722,20220722,1.017996
000001.SZ,1d,2018-08-29,9.71880868097594,9.794662797510385,9.623991035307881,9.73777221010955,901883.0,923581546.46,20180829,10.27,1.054656011499006,20220722,20220722,1.017996
000001.SZ,1d,2018-08-30,9.73777221010955,9.813626326643996,9.557618683340241,9.595545741607463,994917.0,1013877514.26,20180830,10.12,1.054656011499006,20220722,20220722,1.017996
000001.SZ,1d,2018-08-31,9.605027506174268,9.78518103294358,9.576582212473852,9.605027506174268,1310865.0,1337898869.57,20180831,10.129999999999999,1.054656011499006,20220722,20220722,1.017996
000001.SZ,1d,2018-09-03,9.567100447907047,9.766217503809969,9.567100447907047,9.661918093575105,711695.0,725303291.73,20180903,10.19,1.054656011499006,20220722,20220722,1.017996
000001.SZ,1d,2018-09-04,9.671399858141912,10.003261617980113,9.548136918773436,9.889480443178444,1296342.0,1339756563.51,20180904,10.43,1.054656011499006,20220722,20220722,1.017996
000001.SZ,1d,2018-09-05,9.766217503809969,9.794662797510385,9.529173389639825,9.529173389639825,1179453.0,1202345697.97,20180905,10.05,1.054656011499006,20220722,20220722,1.017996
000001.SZ,1d,2018-09-06,9.529173389639825,9.614509270741076,9.434355743971766,9.453319273105379,711777.0,713975749.0200001,20180906,9.97,1.054656011499006,20220722,20220722,1.017996
000001.SZ,1d,2018-09-07,9.519691625073017,9.6524363290083,9.415392214838153,9.4912463313726,809035.0,815151722.99,20180907,10.01,1.054656011499006,20220722,20220722,1.017996
000001.SZ,1d,2018-09-10,9.4912463313726,9.548136918773436,9.330056333736902,9.367983392004124,636989.0,631174169.9300001,20180910,9.879999999999999,1.054656011499006,20220722,20220722,1.017996
000001.SZ,1d,2018-09-11,9.386946921137737,9.510209860506214,9.301611040036486,9.396428685704542,712967.0,707337570.1400001,20180911,9.91,1.054656011499006,20220722,20220722,1.017996
000001.SZ,1d,2018-09-12,9.35850162743732,9.453319273105379,9.311092804603291,9.367983392004126,564829.0,558399563.21,20180912,9.88,1.054656011499006,20220722,20220722,1.017996
000001.SZ,1d,2018-09-13,9.567100447907047,9.576582212473852,9.330056333736902,9.443837508538572,999725.0,993389970.35,20180913,9.959999999999999,1.054656011499006,20220722,20220722,1.017996
000001.SZ,1d,2018-09-14,9.462801037672184,9.462801037672184,9.301611040036486,9.330056333736902,619750.0,611422480.21,20180914,9.84,1.054656011499006,20220722,20220722,1.017996
000001.SZ,1d,2018-09-17,9.292129275469678,9.292129275469678,9.178348100668009,9.187829865234814,517082.0,502609643.63,20180917,9.69,1.054656011499006,20220722,20220722,1.017996
000001.SZ,1d,2018-09-18,9.225756923502038,9.595545741607465,9.197311629801622,9.557618683340243,1126807.0,1120867543.02,20180918,10.080000000000002,1.054656011499006,20220722,20220722,1.017996
000001.SZ,1d,2018-09-19,9.510209860506212,9.804144562077191,9.510209860506212,9.709326916409134,1231548.0,1257191505.9599998,20180919,10.24,1.054656011499006,20220722,20220722,1.017996
000001.SZ,1d,2018-09-20,9.73777221010955,9.823108091210804,9.661918093575105,9.699845151842327,620348.0,636742814.2300001,20180920,10.229999999999999,1.054656011499006,20220722,20220722,1.017996
000001.SZ,1d,2018-09-21,9.728290445542745,10.1454880864822,9.6524363290083,10.117042792781783,1624518.0,1707850487.8000002,20180921,10.67,1.054656011499006,20220722,20220722,1.017996
000001.SZ,1d,2018-09-25,9.974816324279695,10.126524557348588,9.936889266012473,10.003261617980113,977014.0,1030715785.16,20180925,10.55,1.054656011499006,20220722,20220722,1.017996
000001.SZ,1d,2018-09-26,10.060152205380948,10.354086906951927,9.974816324279695,10.154969851049005,1490513.0,1600626208.76,20180926,10.709999999999999,1.054656011499006,20220722,20220722,1.017996
000001.SZ,1d,2018-09-27,10.098079263648172,10.278232790417482,10.022225147113726,10.183415144749423,880363.0,942200398.6200001,20180927,10.74,1.054656011499006,20220722,20220722,1.017996
000001.SZ,1d,2018-09-28,10.221342203016647,10.68594866679013,10.221342203016647,10.477349846320402,2110242.0,2331358288.96,20180928,11.049999999999999,1.054656011499006,20220722,20220722,1.017996
000001.SZ,1d,2018-10-08,10.145488086482201,10.230823967583454,9.908443972312057,9.908443972312057,1686358.0,1793455283.0900002,20181008,10.450000000000001,1.054656011499006,20220722,20220722,1.017996
000001.SZ,1d,2018-10-09,9.917925736878862,10.145488086482201,9.851553384911222,10.012743382546919,1064084.0,1117946550.71,20181009,10.56,1.054656011499006,20220722,20220722,1.017996
000001.SZ,1d,2018-10-10,9.993779853413308,10.107561028214977,9.842071620344417,9.908443972312057,995200.0,1045666180.93,20181010,10.450000000000001,1.054656011499006,20220722,20220722,1.017996
000001.SZ,1d,2018-10-11,9.529173389639825,9.633472799874689,9.197311629801622,9.349019862870515,1995143.0,1994186611.8000002,20181011,9.860000000000001,1.054656011499006,20220722,20220722,1.017996
000001.SZ,1d,2018-10-12,9.453319273105379,9.804144562077193,9.35850162743732,9.766217503809969,1516810.0,1532651400.23,20181012,10.3,1.054656011499006,20220722,20220722,1.017996
000001.SZ,1d,2018-10-15,9.851553384911222,9.927407501445668,9.567100447907047,9.586063977040657,1402685.0,1443043059.27,20181015,10.11,1.054656011499006,20220722,20220722,1.017996
000001.SZ,1d,2018-10-16,9.614509270741076,9.993779853413308,9.595545741607465,9.832589855777611,1396921.0,1450020371.45,20181016,10.370000000000001,1.054656011499006,20220722,20220722,1.017996
000001.SZ,1d,2018-10-17,9.955852795146084,10.003261617980113,9.614509270741076,9.794662797510385,1350889.0,1400306336.2199998,20181017,10.33,1.054656011499006,20220722,20220722,1.017996
000001.SZ,1d,2018-10-18,9.756735739243164,9.756735739243164,9.53865515420663,9.567100447907047,1001156.0,1015654821.72,20181018,10.09,1.054656011499006,20220722,20220722,1.017996
000001.SZ,1d,2018-10-19,9.434355743971766,10.221342203016647,9.405910450271348,10.202378673883034,2083667.0,2173571254.6200004,20181019,10.76,1.054656011499006,20220722,20220722,1.017996
000001.SZ,1d,2018-10-22,10.249787496717063,10.86610219355944,10.221342203016647,10.57216749198846,2645543.0,2932714470.7000003,20181022,11.149999999999999,1.054656011499006,20220722,20220722,1.017996
000001.SZ,1d,2018-10-23,10.619576314822492,10.638539843956103,10.173933380182618,10.278232790417482,1602545.0,1759265958.65,20181023,10.84,1.054656011499006,20220722,20220722,1.017996
000001.SZ,1d,2018-10-24,10.335123377818316,10.742839254190965,10.24030573215026,10.467868081753599,1829424.0,2026171911.6200004,20181024,11.040000000000001,1.054656011499006,20220722,20220722,1.017996
000001.SZ,1d,2018-10-25,10.24030573215026,10.704912195923743,10.154969851049007,10.704912195923743,1685011.0,1855823739.15,20181025,11.290000000000001,1.054656011499006,20220722,20220722,1.017996
000001.SZ,1d,2018-10-26,10.704912195923743,10.723875725057354,10.392013965219151,10.60061278568888,1299975.0,1448843512.3,20181026,11.180000000000001,1.054656011499006,20220722,20220722,1.017996
000001.SZ,1d,2018-10-29,10.619576314822492,10.657503373089714,10.069633969947756,10.19289690931623,1591628.0,1725932497.6100001,20181029,10.750000000000002,1.054656011499006,20220722,20220722,1.017996
000001.SZ,1d,2018-10-30,10.221342203016649,10.50579514002082,10.173933380182618,10.335123377818316,1501827.0,1641371787.2,20181030,10.9,1.054656011499006,20220722,20220722,1.017996
000001.SZ,1d,2018-10-31,10.382532200652344,10.42045925891957,10.192896909316229,10.344605142385122,1152683.0,1252156775.98,20181031,10.91,1.054656011499006,20220722,20220722,1.017996
000001.SZ,1d,2018-11-01,10.42045925891957,10.477349846320402,10.202378673883034,10.268751025850676,1542776.0,1679443449.7099998,20181101,10.83,1.054656011499006,20220722,20220722,1.017996
000001.SZ,1d,2018-11-02,10.467868081753599,10.581649256555266,10.268751025850676,10.515276904587626,2212922.0,2439179135.98,20181102,11.09,1.054656011499006,20220722,20220722,1.017996
000001.SZ,1d,2018-11-05,10.382532200652346,10.467868081753599,10.25926926128387,10.354086906951927,1291924.0,1409457171.3,20181105,10.92,1.054656011499006,20220722,20220722,1.017996
000001.SZ,1d,2018-11-06,10.3066780841179,10.363568671518733,10.173933380182618,10.278232790417482,735725.0,795322638.26,20181106,10.84,1.054656011499006,20220722,20220722,1.017996
000001.SZ,1d,2018-11-07,10.268751025850676,10.382532200652344,10.192896909316229,10.249787496717065,785597.0,851487053.87,20181107,10.81,1.054656011499006,20220722,20220722,1.017996
000001.SZ,1d,2018-11-08,10.316159848684705,10.401495729785957,10.25926926128387,10.325641613251511,793976.0,864744243.04,20181108,10.89,1.054656011499006,20220722,20220722,1.017996
000001.SZ,1d,2018-11-09,10.154969851049007,10.173933380182618,9.861035149478028,10.003261617980113,1629269.0,1716198382.75,20181109,10.55,1.054656011499006,20220722,20220722,1.017996
000001.SZ,1d,2018-11-12,9.917925736878862,10.031706911680532,9.842071620344417,10.012743382546919,920333.0,965756504.35,20181112,10.56,1.054656011499006,20220722,20220722,1.017996
000001.SZ,1d,2018-11-13,9.870516914044833,10.098079263648172,9.842071620344417,9.993779853413308,1072497.0,1126736143.27,20181113,10.540000000000001,1.054656011499006,20220722,20220722,1.017996
000001.SZ,1d,2018-11-14,9.9842980888465,10.003261617980113,9.879998678611638,9.89896220774525,774239.0,810357748.16,20181114,10.44,1.054656011499006,20220722,20220722,1.017996
000001.SZ,1d,2018-11-15,9.89896220774525,10.088597499081366,9.879998678611638,10.069633969947754,901461.0,949991801.2,20181115,10.62,1.054656011499006,20220722,20220722,1.017996
000001.SZ,1d,2018-11-16,10.060152205380948,10.164451615615812,9.946371030579279,10.022225147113726,1059592.0,1123173219.43,20181116,10.57,1.054656011499006,20220722,20220722,1.017996
000001.SZ,1d,2018-11-19,10.022225147113726,10.316159848684705,10.022225147113726,10.287714554984287,1360887.0,1466899416.6200001,20181119,10.85,1.054656011499006,20220722,20220722,1.017996
000001.SZ,1d,2018-11-20,10.192896909316229,10.240305732150258,9.974816324279695,10.022225147113726,1033877.0,1099654683.02,20181120,10.57,1.054656011499006,20220722,20220722,1.017996
000001.SZ,1d,2018-11-21,9.955852795146084,10.117042792781783,9.936889266012473,10.06015220538095,666157.0,705638355.22,20181121,10.610000000000001,1.054656011499006,20220722,20220722,1.017996
000001.SZ,1d,2018-11-22,10.117042792781783,10.117042792781783,9.936889266012473,10.003261617980113,500267.0,527103281.19,20181122,10.55,1.054656011499006,20220722,20220722,1.017996
000001.SZ,1d,2018-11-23,9.984298088846502,10.031706911680532,9.775699268376774,9.78518103294358,700358.0,730667665.37,20181123,10.32,1.054656011499006,20220722,20220722,1.017996
000001.SZ,1d,2018-11-26,9.804144562077191,9.917925736878862,9.766217503809969,9.804144562077191,516569.0,535963342.8600001,20181126,10.34,1.054656011499006,20220722,20220722,1.017996
000001.SZ,1d,2018-11-27,9.813626326643996,9.851553384911222,9.633472799874689,9.6524363290083,733448.0,752824120.3000001,20181127,10.18,1.054656011499006,20220722,20220722,1.017996
000001.SZ,1d,2018-11-28,9.642954564441494,9.775699268376774,9.633472799874689,9.747253974676356,537751.0,550820246.7,20181128,10.28,1.054656011499006,20220722,20220722,1.017996
000001.SZ,1d,2018-11-29,9.813626326643996,9.85155338491122,9.661918093575105,9.67139985814191,485284.0,499068827.02,20181129,10.2,1.054656011499006,20220722,20220722,1.017996
000001.SZ,1d,2018-11-30,9.690363387275523,9.823108091210804,9.642954564441494,9.823108091210804,594715.0,610571532.6100001,20181130,10.36,1.054656011499006,20220722,20220722,1.017996
000001.SZ,1d,2018-12-03,10.041188676247337,10.107561028214977,9.927407501445668,10.041188676247337,1064097.0,1126374829.79,20181203,10.59,1.054656011499006,20220722,20220722,1.017996
000001.SZ,1d,2018-12-04,10.022225147113724,10.069633969947754,9.9842980888465,10.041188676247337,534813.0,565743744.88,20181204,10.59,1.054656011499006,20220722,20220722,1.017996
000001.SZ,1d,2018-12-05,9.946371030579279,9.96533455971289,9.861035149478028,9.908443972312057,581545.0,608133290.28,20181205,10.450000000000001,1.054656011499006,20220722,20220722,1.017996
000001.SZ,1d,2018-12-06,9.823108091210804,9.832589855777611,9.699845151842329,9.71880868097594,578866.0,594649682.9899999,20181206,10.25,1.054656011499006,20220722,20220722,1.017996
000001.SZ,1d,2018-12-07,9.766217503809967,9.85155338491122,9.73777221010955,9.747253974676356,340216.0,351101370.35,20181207,10.28,1.054656011499006,20220722,20220722,1.017996
000001.SZ,1d,2018-12-10,9.690363387275523,9.737772210109553,9.60502750617427,9.642954564441494,494818.0,504040653.97,20181210,10.17,1.054656011499006,20220722,20220722,1.017996
000001.SZ,1d,2018-12-11,9.680881622708716,9.728290445542745,9.642954564441494,9.699845151842329,299089.0,305389210.46,20181211,10.23,1.054656011499006,20220722,20220722,1.017996
000001.SZ,1d,2018-12-12,9.766217503809969,9.78518103294358,9.671399858141912,9.709326916409134,366379.0,375402863.91999996,20181212,10.24,1.054656011499006,20220722,20220722,1.017996
000001.SZ,1d,2018-12-13,9.718808680975942,9.936889266012473,9.671399858141912,9.851553384911222,790845.0,819920689.17,20181213,10.39,1.054656011499006,20220722,20220722,1.017996
000001.SZ,1d,2018-12-14,9.804144562077191,9.813626326643996,9.633472799874689,9.642954564441494,526675.0,539263012.14,20181214,10.17,1.054656011499006,20220722,20220722,1.017996
000001.SZ,1d,2018-12-17,9.633472799874689,9.794662797510385,9.576582212473852,9.756735739243162,571274.0,584679512.2099999,20181217,10.29,1.054656011499006,20220722,20220722,1.017996
000001.SZ,1d,2018-12-18,9.67139985814191,9.78518103294358,9.576582212473852,9.595545741607463,537744.0,547157562.7800001,20181218,10.12,1.054656011499006,20220722,20220722,1.017996
000001.SZ,1d,2018-12-19,9.614509270741076,9.6524363290083,9.386946921137737,9.424873979404959,598007.0,600090171.1800001,20181219,9.94,1.054656011499006,20220722,20220722,1.017996
000001.SZ,1d,2018-12-20,9.405910450271348,9.453319273105379,9.130939277833981,9.206793394368427,990284.0,964202861.12,20181220,9.71,1.054656011499006,20220722,20220722,1.017996
000001.SZ,1d,2018-12-21,9.178348100668009,9.19731162980162,8.846486340829806,8.960267515631475,1000616.0,944460332.35,20181221,9.45,1.054656011499006,20220722,20220722,1.017996
000001.SZ,1d,2018-12-24,8.912858692797448,8.960267515631477,8.827522811696195,8.931822221931059,509117.0,477186904.75,20181224,9.42,1.054656011499006,20220722,20220722,1.017996
000001.SZ,1d,2018-12-25,8.808559282562584,8.941303986497866,8.732705166028138,8.855968105396613,586615.0,545235607.8500001,20181225,9.340000000000002,1.054656011499006,20220722,20220722,1.017996
000001.SZ,1d,2018-12-26,8.865449869963419,8.931822221931059,8.789595753428971,8.818041047129388,421140.0,393215140.96999997,20181226,9.299999999999999,1.054656011499006,20220722,20220722,1.017996
000001.SZ,1d,2018-12-27,8.960267515631475,8.998194573898699,8.799077517995777,8.799077517995777,624593.0,586343755.0300001,20181227,9.28,1.054656011499006,20220722,20220722,1.017996
000001.SZ,1d,2018-12-28,8.827522811696195,8.969749280198283,8.827522811696195,8.893895163663837,576604.0,541571004.8000001,20181228,9.38,1.054656011499006,20220722,20220722,1.017996
000001.SZ,1d,2019-01-02,8.903376928230642,8.931822221931059,8.685296343194109,8.713741636894525,539386.0,498695109.65999997,20190102,9.19,1.054656011499006,20220722,20220722,1.017996
000001.SZ,1d,2019-01-03,8.70425987232772,8.846486340829806,8.675814578627303,8.799077517995778,415537.0,384457707.88,20190103,9.280000000000001,1.054656011499006,20220722,20220722,1.017996
000001.SZ,1d,2019-01-04,8.761150459728555,9.311092804603291,8.742186930594944,9.24472045263565,1481159.0,1422149888.16,20190104,9.75,1.054656011499006,20220722,20220722,1.017996
000001.SZ,1d,2019-01-07,9.330056333736904,9.33953809830371,9.130939277833981,9.235238688068844,865687.0,841166430.7,20190107,9.74,1.054656011499006,20220722,20220722,1.017996
000001.SZ,1d,2019-01-08,9.225756923502038,9.235238688068844,9.121457513267176,9.159384571534398,402388.0,389247795.73,20190108,9.66,1.054656011499006,20220722,20220722,1.017996
000001.SZ,1d,2019-01-09,9.235238688068844,9.557618683340243,9.197311629801622,9.42487397940496,1233486.0,1229465116.69,20190109,9.940000000000001,1.054656011499006,20220722,20220722,1.017996
000001.SZ,1d,2019-01-10,9.358501627437319,9.67139985814191,9.349019862870513,9.576582212473852,1071817.0,1079711035.8,20190110,10.1,1.054656011499006,20220722,20220722,1.017996
000001.SZ,1d,2019-01-11,9.58606397704066,9.690363387275523,9.529173389639825,9.671399858141912,696364.0,708001802.1700001,20190111,10.200000000000001,1.054656011499006,20220722,20220722,1.017996
000001.SZ,1d,2019-01-14,9.690363387275523,9.71880868097594,9.548136918773436,9.586063977040657,500443.0,507862882.18000007,20190114,10.11,1.054656011499006,20220722,20220722,1.017996
000001.SZ,1d,2019-01-15,9.586063977040657,9.747253974676356,9.567100447907047,9.709326916409134,542160.0,553027309.58,20190115,10.24,1.054656011499006,20220722,20220722,1.017996
000001.SZ,1d,2019-01-16,9.709326916409134,9.955852795146084,9.699845151842329,9.936889266012473,977699.0,1017495116.1099999,20190116,10.48,1.054656011499006,20220722,20220722,1.017996
000001.SZ,1d,2019-01-17,9.993779853413306,10.022225147113726,9.642954564441494,9.71880868097594,882811.0,910212066.3100001,20190117,10.25,1.054656011499006,20220722,20220722,1.017996
000001.SZ,1d,2019-01-18,9.804144562077191,9.946371030579279,9.747253974676356,9.889480443178444,738793.0,769973637.95,20190118,10.43,1.054656011499006,20220722,20220722,1.017996
000001.SZ,1d,2019-01-21,9.804144562077191,9.927407501445668,9.78518103294358,9.804144562077191,659355.0,684465646.24,20190121,10.34,1.054656011499006,20220722,20220722,1.017996
000001.SZ,1d,2019-01-22,9.804144562077191,9.89896220774525,9.728290445542745,9.747253974676356,424413.0,438991450.35,20190122,10.28,1.054656011499006,20220722,20220722,1.017996
000001.SZ,1d,2019-01-23,9.756735739243164,9.927407501445668,9.756735739243164,9.813626326643998,537876.0,559384396.28,20190123,10.350000000000001,1.054656011499006,20220722,20220722,1.017996
000001.SZ,1d,2019-01-24,9.861035149478028,10.003261617980113,9.832589855777611,9.974816324279697,679240.0,711495718.15,20190124,10.520000000000001,1.054656011499006,20220722,20220722,1.017996
000001.SZ,1d,2019-01-25,10.012743382546919,10.467868081753599,10.003261617980113,10.429941023486375,2108361.0,2299718224.86,20190125,11.0,1.054656011499006,20220722,20220722,1.017996
000001.SZ,1d,2019-01-28,10.467868081753599,10.562685727421655,10.316159848684705,10.37305043608554,1035909.0,1141853833.8300002,20190128,10.940000000000001,1.054656011499006,20220722,20220722,1.017996
000001.SZ,1d,2019-01-29,10.39201396521915,10.496313375454015,10.211860438449841,10.429941023486375,826631.0,904847854.0699999,20190129,11.0,1.054656011499006,20220722,20220722,1.017996
000001.SZ,1d,2019-01-30,10.382532200652344,10.60061278568888,10.297196319551093,10.382532200652344,712001.0,785204571.5500001,20190130,10.95,1.054656011499006,20220722,20220722,1.017996
000001.SZ,1d,2019-01-31,10.410977494352762,10.61957631482249,10.373050436085538,10.524758669154432,831622.0,922602874.5899999,20190131,11.1,1.054656011499006,20220722,20220722,1.017996
000001.SZ,1d,2019-02-01,10.619576314822492,10.66698513765652,10.392013965219151,10.619576314822492,1014270.0,1127216186.16,20190201,11.200000000000001,1.054656011499006,20220722,20220722,1.017996
000001.SZ,1d,2019-02-11,10.50579514002082,10.629058079389297,10.401495729785957,10.629058079389297,801936.0,889951528.7600001,20190211,11.21,1.054656011499006,20220722,20220722,1.017996
000001.SZ,1d,2019-02-12,10.61957631482249,10.723875725057352,10.458386317186791,10.610094550255685,959936.0,1071873084.84,20190212,11.19,1.054656011499006,20220722,20220722,1.017996
000001.SZ,1d,2019-02-13,10.610094550255686,10.818693370725413,10.543722198288044,10.790248077024994,1137365.0,1280182096.94,20190213,11.38,1.054656011499006,20220722,20220722,1.017996
000001.SZ,1d,2019-02-14,10.714393960490547,10.742839254190965,10.610094550255685,10.66698513765652,869185.0,977818097.6200001,20190214,11.25,1.054656011499006,20220722,20220722,1.017996
000001.SZ,1d,2019-02-15,10.648021608522908,10.648021608522908,10.335123377818316,10.382532200652346,1100127.0,1213914428.9,20190215,10.950000000000001,1.054656011499006,20220722,20220722,1.017996
000001.SZ,1d,2019-02-18,10.477349846320404,10.771284547891383,10.467868081753599,10.771284547891383,1255522.0,1408279680.0900002,20190218,11.360000000000001,1.054656011499006,20220722,20220722,1.017996
000001.SZ,1d,2019-02-19,10.771284547891382,11.017810426628335,10.657503373089714,10.68594866679013,1270882.0,1445281382.8999999,20190219,11.27,1.054656011499006,20220722,20220722,1.017996
000001.SZ,1d,2019-02-20,10.742839254190965,10.93247454552708,10.66698513765652,10.818693370725413,832629.0,949430819.5100001,20190220,11.41,1.054656011499006,20220722,20220722,1.017996
000001.SZ,1d,2019-02-21,10.790248077024994,10.951438074660691,10.695430431356936,10.771284547891382,754246.0,860591070.9,20190221,11.36,1.054656011499006,20220722,20220722,1.017996
000001.SZ,1d,2019-02-22,10.761802783324576,10.970401603794304,10.572167491988461,10.941956310093888,1184047.0,1343020336.09,20190222,11.540000000000001,1.054656011499006,20220722,20220722,1.017996
000001.SZ,1d,2019-02-25,11.093664543162781,11.984950412442526,10.970401603794304,11.899614531341273,2824935.0,3415946860.2000003,20190225,12.55,1.054656011499006,20220722,20220722,1.017996
000001.SZ,1d,2019-02-26,11.899614531341273,11.918578060474884,11.52034394866904,11.56775277150307,2017544.0,2485673356.7699995,20190226,12.200000000000001,1.054656011499006,20220722,20220722,1.017996
000001.SZ,1d,2019-02-27,11.605679829770294,12.003913941576137,11.52034394866904,11.757388062839185,1979013.0,2454404411.85,20190227,12.4,1.054656011499006,20220722,20220722,1.017996
000001.SZ,1d,2019-02-28,11.795315121106409,11.956505118742106,11.63412512347071,11.719461004571961,1113099.0,1383110810.74,20190228,12.36,1.054656011499006,20220722,20220722,1.017996
000001.SZ,1d,2019-03-01,11.833242179373633,12.117695116377806,11.56775277150307,12.098731587244195,1712679.0,2137669556.8100002,20190301,12.760000000000002,1.054656011499006,20220722,20220722,1.017996
000001.SZ,1d,2019-03-04,12.04184099984336,12.686600990386154,11.965986883308913,12.316812172280727,2456830.0,3195011702.87,20190304,12.99,1.054656011499006,20220722,20220722,1.017996
000001.SZ,1d,2019-03-05,12.240958055746281,12.6012651092849,12.174585703778641,12.38318452424837,1408422.0,1838251656.51,20190305,13.06,1.054656011499006,20220722,20220722,1.017996
000001.SZ,1d,2019-03-06,12.38318452424837,12.46852040534962,12.174585703778641,12.40214805338198,1245760.0,1614670974.69,20190306,13.08,1.054656011499006,20220722,20220722,1.017996
000001.SZ,1d,2019-03-07,12.38318452424837,12.38318452424837,11.899614531341273,12.079768058110583,1782057.0,2274151007.32,20190307,12.74,1.054656011499006,20220722,20220722,1.017996
000001.SZ,1d,2019-03-08,11.842723943940438,12.041840999843359,11.6151615943371,11.662570417171128,1778162.0,2214572416.75,20190308,12.3,1.054656011499006,20220722,20220722,1.017996
000001.SZ,1d,2019-03-11,11.662570417171128,11.842723943940438,11.425526303000984,11.68153394630474,1157650.0,1416000379.71,20190311,12.32,1.054656011499006,20220722,20220722,1.017996
000001.SZ,1d,2019-03-12,11.842723943940438,11.984950412442526,11.605679829770294,11.719461004571961,1411794.0,1757797250.71,20190312,12.36,1.054656011499006,20220722,20220722,1.017996
000001.SZ,1d,2019-03-13,11.700497475438352,11.899614531341273,11.50138041953543,11.728942769138769,1269427.0,1568387543.68,20190313,12.370000000000001,1.054656011499006,20220722,20220722,1.017996
000001.SZ,1d,2019-03-14,11.691015710871545,11.965986883308913,11.63412512347071,11.785833356539603,1057467.0,1316372926.2,20190314,12.43,1.054656011499006,20220722,20220722,1.017996
000001.SZ,1d,2019-03-15,11.70049747543835,12.022877470709748,11.70049747543835,11.852205708507244,1045406.0,1311323009.34,20190315,12.5,1.054656011499006,20220722,20220722,1.017996
000001.SZ,1d,2019-03-18,11.880651002207662,12.269403349446698,11.68153394630474,12.240958055746281,1486454.0,1882483633.89,20190318,12.91,1.054656011499006,20220722,20220722,1.017996
000001.SZ,1d,2019-03-19,12.250439820313087,12.269403349446698,11.956505118742106,12.12717688094461,957196.0,1221118294.2,20190319,12.79,1.054656011499006,20220722,20220722,1.017996
000001.SZ,1d,2019-03-20,12.02287747070975,12.212512762045865,11.965986883308913,12.08924982267739,929996.0,1185477058.67,20190320,12.750000000000002,1.054656011499006,20220722,20220722,1.017996
000001.SZ,1d,2019-03-21,12.108213351811,12.136658645511417,11.92805982504169,12.032359235276553,860140.0,1092506482.84,20190321,12.69,1.054656011499006,20220722,20220722,1.017996
000001.SZ,1d,2019-03-22,12.032359235276553,12.079768058110583,11.852205708507244,11.937541589608495,713502.0,898629416.83,20190322,12.59,1.054656011499006,20220722,20220722,1.017996
000001.SZ,1d,2019-03-25,11.757388062839185,11.757388062839185,11.472935125835011,11.482416890401817,1179883.0,1445560160.24,20190325,12.11,1.054656011499006,20220722,20220722,1.017996
000001.SZ,1d,2019-03-26,11.596198065203488,11.653088652604321,11.38759924473376,11.472935125835011,935393.0,1136721266.5500002,20190326,12.1,1.054656011499006,20220722,20220722,1.017996
000001.SZ,1d,2019-03-27,11.605679829770294,11.823760414806825,11.548789242369457,11.738424533705572,922826.0,1138302657.13,20190327,12.379999999999999,1.054656011499006,20220722,20220722,1.017996
000001.SZ,1d,2019-03-28,11.672052181737934,11.672052181737934,11.472935125835011,11.586716300636681,732467.0,892530627.33,20190328,12.219999999999999,1.054656011499006,20220722,20220722,1.017996
000001.SZ,1d,2019-03-29,11.624643358903906,12.155622174645028,11.577234536069875,12.155622174645028,1669506.0,2108295393.9300003,20190329,12.82,1.054656011499006,20220722,20220722,1.017996
000001.SZ,1d,2019-04-01,12.165103939211836,12.847790988021853,12.165103939211836,12.496965699050037,1951401.0,2588268668.8700004,20190401,13.18,1.054656011499006,20220722,20220722,1.017996
000001.SZ,1d,2019-04-02,12.591783344718097,12.781418636054212,12.544374521884066,12.667637461252543,1100384.0,1466040987.0900002,20190402,13.360000000000001,1.054656011499006,20220722,20220722,1.017996
000001.SZ,1d,2019-04-03,12.525410992750455,12.752973342353796,12.46852040534962,12.743491577786989,792915.0,1056166231.5300001,20190403,13.44,1.054656011499006,20220722,20220722,1.017996
000001.SZ,1d,2019-04-04,12.734009813220181,13.274470393528112,12.734009813220181,13.141725689592832,2034365.0,2796366353.31,20190404,13.86,1.054656011499006,20220722,20220722,1.017996
000001.SZ,1d,2019-04-08,13.179652747860056,13.682186269900761,13.008980985657551,13.23654333526089,1743176.0,2464536241.4700003,20190408,13.96,1.054656011499006,20220722,20220722,1.017996
000001.SZ,1d,2019-04-09,13.151207454159637,13.255506864394501,13.037426279357968,13.094316866758803,781332.0,1080549202.28,20190409,13.81,1.054656011499006,20220722,20220722,1.017996
000001.SZ,1d,2019-04-10,13.037426279357968,13.160689218726445,12.705564519519765,13.018462750224357,947135.0,1289475602.49,20190410,13.73,1.054656011499006,20220722,20220722,1.017996
000001.SZ,1d,2019-04-11,13.018462750224357,13.23654333526089,12.790900400621018,12.838309223455047,655356.0,897382236.21,20190411,13.540000000000001,1.054656011499006,20220722,20220722,1.017996
000001.SZ,1d,2019-04-12,12.790900400621018,12.885718046289076,12.525410992750455,12.724528048653378,774324.0,1035139673.9499999,20190412,13.420000000000002,1.054656011499006,20220722,20220722,1.017996
000001.SZ,1d,2019-04-15,13.008980985657551,13.359806274629365,12.952090398256717,12.980535691957133,1533890.0,2134708981.63,20190415,13.69,1.054656011499006,20220722,20220722,1.017996
000001.SZ,1d,2019-04-16,12.961572162823522,13.824412738402849,12.847790988021853,13.824412738402849,2379375.0,3379550307.18,20190416,14.58,1.054656011499006,20220722,20220722,1.017996
000001.SZ,1d,2019-04-17,13.672704505333956,13.833894502969654,13.492550978564646,13.606332153366315,1004109.0,1443493493.4099998,20190417,14.35,1.054656011499006,20220722,20220722,1.017996
000001.SZ,1d,2019-04-18,13.558923330532286,13.625295682499926,13.378769803762976,13.59685038879951,507045.0,721908800.5899999,20190418,14.34,1.054656011499006,20220722,20220722,1.017996
000001.SZ,1d,2019-04-19,13.701149799034374,14.033011558872577,13.558923330532288,13.966639206904937,1246036.0,1814875936.7,20190419,14.73,1.054656011499006,20220722,20220722,1.017996
000001.SZ,1d,2019-04-22,13.84337626753646,14.070938617139799,13.35032451006256,13.4166968620302,1322273.0,1899850004.34,20190422,14.15,1.054656011499006,20220722,20220722,1.017996
000001.SZ,1d,2019-04-23,13.369288039196173,13.46410568486423,13.246025099827696,13.340842745495754,940687.0,1326465625.0800002,20190423,14.07,1.054656011499006,20220722,20220722,1.017996
000001.SZ,1d,2019-04-24,13.701149799034372,13.84337626753646,13.426178626597006,13.691668034467567,1949723.0,2811131027.08,20190424,14.44,1.054656011499006,20220722,20220722,1.017996
000001.SZ,1d,2019-04-25,13.634777447066734,13.881303325803684,13.397733332896589,13.397733332896589,1111476.0,1597895217.3200002,20190425,14.13,1.054656011499006,20220722,20220722,1.017996
000001.SZ,1d,2019-04-26,13.350324510062562,13.511514507698259,12.99001745652394,13.075353337625192,1009421.0,1407987365.7900002,20190426,13.790000000000001,1.054656011499006,20220722,20220722,1.017996
000001.SZ,1d,2019-04-29,13.179652747860054,13.587368624232704,13.141725689592832,13.36928803919617,1030695.0,1450714134.04,20190429,14.1,1.054656011499006,20220722,20220722,1.017996
000001.SZ,1d,2019-04-30,13.264988628961307,13.321879216362142,12.885718046289075,13.132243925026026,1116570.0,1542958577.5900002,20190430,13.85,1.054656011499006,20220722,20220722,1.017996
000001.SZ,1d,2019-05-06,12.421111582515593,12.658155696685737,12.051322764410166,12.20303099747906,2108667.0,2742409411.07,20190506,12.870000000000001,1.054656011499006,20220722,20220722,1.017996
000001.SZ,1d,2019-05-07,12.35473923054795,12.411629817948786,12.060804528976972,12.278885114013505,1072658.0,1386247078.7,20190507,12.950000000000001,1.054656011499006,20220722,20220722,1.017996
000001.SZ,1d,2019-05-08,12.060804528976972,12.240958055746281,11.852205708507244,11.9470233541753,975450.0,1236655982.73,20190508,12.6,1.054656011499006,20220722,20220722,1.017996
000001.SZ,1d,2019-05-09,11.871169237640856,11.92805982504169,11.425526303000984,11.529825713235846,1557151.0,1904905488.71,20190509,12.16,1.054656011499006,20220722,20220722,1.017996
000001.SZ,1d,2019-05-10,11.70049747543835,12.089249822677388,11.472935125835011,12.022877470709748,1192399.0,1489975624.98,20190510,12.68,1.054656011499006,20220722,20220722,1.017996
000001.SZ,1d,2019-05-13,11.691015710871545,11.890132766774467,11.596198065203488,11.662570417171128,741917.0,916213719.48,20190513,12.3,1.054656011499006,20220722,20220722,1.017996
000001.SZ,1d,2019-05-14,11.567752771503068,12.089249822677388,11.529825713235846,11.842723943940438,1182598.0,1477008362.9199998,20190514,12.49,1.054656011499006,20220722,20220722,1.017996
000001.SZ,1d,2019-05-15,11.92805982504169,12.430593347082397,11.918578060474884,12.250439820313087,1103988.0,1417050112.5900002,20190515,12.92,1.054656011499006,20220722,20220722,1.017996
000001.SZ,1d,2019-05-16,12.259921584879894,12.316812172280729,12.117695116377806,12.184067468345448,634901.0,816740932.1200001,20190516,12.850000000000001,1.054656011499006,20220722,20220722,1.017996
000001.SZ,1d,2019-05-17,12.250439820313087,12.259921584879892,11.719461004571961,11.795315121106409,965000.0,1208569909.79,20190517,12.44,1.054656011499006,20220722,20220722,1.017996
000001.SZ,1d,2019-05-20,11.709979240005156,11.890132766774466,11.6151615943371,11.738424533705574,786435.0,971222474.19,20190520,12.38,1.054656011499006,20220722,20220722,1.017996
000001.SZ,1d,2019-05-21,11.757388062839183,12.070286293543775,11.719461004571961,11.909096295908077,731210.0,919191240.9100001,20190521,12.559999999999999,1.054656011499006,20220722,20220722,1.017996
000001.SZ,1d,2019-05-22,11.918578060474884,11.918578060474884,11.68153394630474,11.757388062839185,506230.0,628437470.0600001,20190522,12.4,1.054656011499006,20220722,20220722,1.017996
000001.SZ,1d,2019-05-23,11.605679829770294,11.776351591972798,11.510862184102235,11.653088652604323,666855.0,817850530.3199999,20190523,12.290000000000001,1.054656011499006,20220722,20220722,1.017996
000001.SZ,1d,2019-05-24,11.709979240005156,11.804796885673216,11.672052181737934,11.709979240005156,495526.0,613106248.37,20190524,12.35,1.054656011499006,20220722,20220722,1.017996
000001.SZ,1d,2019-05-27,11.577234536069875,11.776351591972798,11.311745128199313,11.728942769138767,1048425.0,1275632724.48,20190527,12.37,1.054656011499006,20220722,20220722,1.017996
000001.SZ,1d,2019-05-28,11.672052181737934,11.899614531341271,11.624643358903905,11.842723943940438,880703.0,1094063186.24,20190528,12.49,1.054656011499006,20220722,20220722,1.017996
000001.SZ,1d,2019-05-29,11.719461004571961,11.937541589608495,11.624643358903905,11.757388062839185,666411.0,827828661.23,20190529,12.4,1.054656011499006,20220722,20220722,1.017996
000001.SZ,1d,2019-05-30,11.68153394630474,11.738424533705572,11.482416890401817,11.586716300636681,646284.0,787801007.39,20190530,12.219999999999999,1.054656011499006,20220722,20220722,1.017996
000001.SZ,1d,2019-05-31,11.529825713235846,11.757388062839183,11.482416890401817,11.548789242369457,686794.0,839375709.99,20190531,12.18,1.054656011499006,20220722,20220722,1.017996
000001.SZ,1d,2019-06-03,11.586716300636683,11.691015710871545,11.20744571796445,11.283299834498896,1512719.0,1816591876.76,20190603,11.9,1.054656011499006,20220722,20220722,1.017996
000001.SZ,1d,2019-06-04,11.273818069932089,11.321226892766118,10.998846897494722,11.235891011664867,974655.0,1147709578.0800002,20190604,11.85,1.054656011499006,20220722,20220722,1.017996
000001.SZ,1d,2019-06-05,11.349672186466536,11.510862184102235,11.302263363632507,11.349672186466536,748892.0,899331716.0500001,20190605,11.97,1.054656011499006,20220722,20220722,1.017996
000001.SZ,1d,2019-06-06,11.349672186466536,11.444489832134595,11.27381806993209,11.302263363632507,433665.0,519425127.17999995,20190606,11.92,1.054656011499006,20220722,20220722,1.017996
000001.SZ,1d,2019-06-10,11.38759924473376,11.823760414806827,11.359153951033342,11.70049747543835,1144668.0,1404223620.41,20190610,12.34,1.054656011499006,20220722,20220722,1.017996
000001.SZ,1d,2019-06-11,11.70049747543835,12.060804528976972,11.662570417171128,11.994432177009331,1251087.0,1574105212.1800003,20190611,12.65,1.054656011499006,20220722,20220722,1.017996
000001.SZ,1d,2019-06-12,11.975468647875719,12.003913941576137,11.795315121106409,11.918578060474884,657310.0,825178004.4200001,20190612,12.57,1.054656011499006,20220722,20220722,1.017996
000001.SZ,1d,2019-06-13,11.890132766774466,12.022877470709748,11.785833356539603,11.937541589608495,530000.0,666277695.76,20190613,12.59,1.054656011499006,20220722,20220722,1.017996
000001.SZ,1d,2019-06-14,11.937541589608497,12.032359235276555,11.804796885673216,11.842723943940438,483191.0,606815214.15,20190614,12.49,1.054656011499006,20220722,20220722,1.017996
000001.SZ,1d,2019-06-17,11.833242179373633,12.127176880944612,11.833242179373633,12.013395706142942,619815.0,786223580.98,20190617,12.67,1.054656011499006,20220722,20220722,1.017996
000001.SZ,1d,2019-06-18,12.013395706142942,12.184067468345447,11.937541589608495,12.136658645511417,483555.0,616237571.71,20190618,12.8,1.054656011499006,20220722,20220722,1.017996
000001.SZ,1d,2019-06-19,12.6012651092849,12.69608275495296,12.335775701414338,12.392666288815175,1143226.0,1504997837.9,20190619,13.07,1.054656011499006,20220722,20220722,1.017996
000001.SZ,1d,2019-06-20,12.487483934483233,13.227061570694085,12.440075111649204,13.084835102191997,1529191.0,2083209238.7299998,20190620,13.8,1.054656011499006,20220722,20220722,1.017996
000001.SZ,1d,2019-06-21,13.046908043924773,13.151207454159637,12.876236281722269,12.933126869123104,1011129.0,1384099587.01,20190621,13.64,1.054656011499006,20220722,20220722,1.017996
000001.SZ,1d,2019-06-24,12.980535691957133,13.113280395892414,12.904681575422686,12.980535691957133,659572.0,904433349.2900001,20190624,13.69,1.054656011499006,20220722,20220722,1.017996
000001.SZ,1d,2019-06-25,13.008980985657551,13.008980985657551,12.392666288815175,12.734009813220181,1469227.0,1954855785.9299998,20190625,13.43,1.054656011499006,20220722,20220722,1.017996
000001.SZ,1d,2019-06-26,12.714843544996606,12.935221390915915,12.638190381198585,12.81065999974413,546504.0,731207282.9,20190626,13.37,1.043662075198861,20220722,20220722,1.017996
000001.SZ,1d,2019-06-27,12.935221390915917,13.270578982532255,12.887313163542153,13.136435945885719,925074.0,1270042461.29,20190627,13.71,1.043662075198861,20220722,20220722,1.017996
000001.SZ,1d,2019-06-28,13.155599236835224,13.21308910968374,13.011874554713934,13.203507464208984,498093.0,682679970.2,20190628,13.78,1.043662075198861,20220722,20220722,1.017996
000001.SZ,1d,2019-07-01,13.423885310128295,13.586773283199088,13.289742273481759,13.347232146330274,960636.0,1347792874.8,20190701,13.930000000000001,1.043662075198861,20220722,20220722,1.017996
000001.SZ,1d,2019-07-02,13.29932391895651,13.644263156047602,13.280160628007005,13.586773283199086,1052744.0,1481211353.19,20190702,14.18,1.043662075198861,20220722,20220722,1.017996
000001.SZ,1d,2019-07-03,13.586773283199088,13.615518219623345,13.289742273481759,13.423885310128295,769078.0,1076744400.79,20190703,14.010000000000002,1.043662075198861,20220722,20220722,1.017996
000001.SZ,1d,2019-07-04,13.423885310128295,13.682589737946612,13.299323918956512,13.404722019178788,621292.0,873624287.32,20190704,13.99,1.043662075198861,20220722,20220722,1.017996
000001.SZ,1d,2019-07-05,13.366395437279778,13.395140373704034,13.117272654936212,13.33765050085552,749196.0,1037357175.72,20190705,13.92,1.043662075198861,20220722,20220722,1.017996
000001.SZ,1d,2019-07-08,13.241834046107996,13.299323918956512,12.887313163542153,13.02145620018869,778413.0,1061095712.61,20190708,13.590000000000002,1.043662075198861,20220722,20220722,1.017996
000001.SZ,1d,2019-07-09,13.059782782087696,13.136435945885717,12.8777315180674,13.021456200188688,494296.0,670391720.57,20190709,13.59,1.043662075198861,20220722,20220722,1.017996
000001.SZ,1d,2019-07-10,13.040619491138191,13.126854300410965,12.925639745441162,12.99271126376443,358220.0,487071876.75000006,20190710,13.56,1.043662075198861,20220722,20220722,1.017996
000001.SZ,1d,2019-07-11,13.107691009461462,13.203507464208986,12.963966327340174,12.973547972814925,484183.0,660588299.89,20190711,13.540000000000001,1.043662075198861,20220722,20220722,1.017996
000001.SZ,1d,2019-07-12,13.03103784566344,13.63468151057285,13.011874554713934,13.529283410350573,1465366.0,2055749881.65,20190712,14.120000000000001,1.043662075198861,20220722,20220722,1.017996
000001.SZ,1d,2019-07-15,13.443048601077798,13.52928341035057,13.2609973370575,13.414303664653541,841282.0,1175798104.87,20190715,14.0,1.043662075198861,20220722,20220722,1.017996
000001.SZ,1d,2019-07-16,13.385558728229284,13.404722019178788,13.136435945885719,13.174762527784727,722780.0,998151578.95,20190716,13.75,1.043662075198861,20220722,20220722,1.017996
000001.SZ,1d,2019-07-17,13.126854300410965,13.232252400633241,13.040619491138191,13.117272654936212,410020.0,561944451.84,20190717,13.69,1.043662075198861,20220722,20220722,1.017996
000001.SZ,1d,2019-07-18,13.078946073037203,13.232252400633243,12.99271126376443,13.098109363986707,422826.0,578067487.97,20190718,13.67,1.043662075198861,20220722,20220722,1.017996
000001.SZ,1d,2019-07-19,13.165180882309976,13.49095682845156,13.10769100946146,13.404722019178788,866390.0,1207316526.53,20190719,13.99,1.043662075198861,20220722,20220722,1.017996
000001.SZ,1d,2019-07-22,13.37597708275453,13.433466955603045,13.18434417325948,13.270578982532253,582283.0,807249426.05,20190722,13.85,1.043662075198861,20220722,20220722,1.017996
000001.SZ,1d,2019-07-23,13.280160628007007,13.289742273481759,13.078946073037203,13.18434417325948,504004.0,692328447.63,20190723,13.76,1.043662075198861,20220722,20220722,1.017996
000001.SZ,1d,2019-07-24,13.289742273481759,13.423885310128295,13.21308910968374,13.299323918956512,570276.0,793387782.2,20190724,13.88,1.043662075198861,20220722,20220722,1.017996
000001.SZ,1d,2019-07-25,13.33765050085552,13.673008092471859,13.270578982532253,13.605936574148592,1087826.0,1534889645.77,20190725,14.2,1.043662075198861,20220722,20220722,1.017996
000001.SZ,1d,2019-07-26,13.586773283199086,13.653844801522354,13.49095682845156,13.63468151057285,635305.0,901074107.51,20190726,14.23,1.043662075198861,20220722,20220722,1.017996
000001.SZ,1d,2019-07-29,13.653844801522354,13.845477711017404,13.586773283199086,13.692171383421364,715576.0,1023261763.08,20190729,14.29,1.043662075198861,20220722,20220722,1.017996
000001.SZ,1d,2019-07-30,13.71133467437087,13.941294165764932,13.692171383421366,13.768824547219385,796634.0,1148582412.5600002,20190730,14.370000000000001,1.043662075198861,20220722,20220722,1.017996
000001.SZ,1d,2019-07-31,13.701753028896118,13.720916319845623,13.49095682845156,13.538865055825324,634723.0,899227865.95,20190731,14.13,1.043662075198861,20220722,20220722,1.017996
000001.SZ,1d,2019-08-01,13.471793537502055,13.596354928673838,13.356813791805026,13.510120119401066,527981.0,742308285.2,20190801,14.1,1.043662075198861,20220722,20220722,1.017996
000001.SZ,1d,2019-08-02,13.193925818734233,13.299323918956512,13.088527718511955,13.165180882309976,969926.0,1333400773.79,20190802,13.74,1.043662075198861,20220722,20220722,1.017996
000001.SZ,1d,2019-08-05,13.03103784566344,13.069364427562448,12.714843544996606,12.791496708794627,893082.0,1201885399.11,20190805,13.35,1.043662075198861,20220722,20220722,1.017996
000001.SZ,1d,2019-08-06,12.551955571925815,12.896894809016905,12.484884053602547,12.810659999744132,882499.0,1166971469.04,20190806,13.370000000000001,1.043662075198861,20220722,20220722,1.017996
000001.SZ,1d,2019-08-07,12.925639745441162,13.06936442756245,12.810659999744132,12.973547972814925,793038.0,1070736943.88,20190807,13.540000000000001,1.043662075198861,20220722,20220722,1.017996
000001.SZ,1d,2019-08-08,13.318487209906015,13.893385938391168,13.270578982532253,13.778406192694137,2330715.0,3313302100.1800003,20190808,14.379999999999999,1.043662075198861,20220722,20220722,1.017996
000001.SZ,1d,2019-08-09,13.94129416576493,14.228743530007506,13.826314420067899,13.912549229340673,2060575.0,3021884306.17,20190809,14.52,1.043662075198861,20220722,20220722,1.017996
000001.SZ,1d,2019-08-12,13.998784038613445,14.487447957825824,13.989202393138692,14.487447957825824,2733425.0,4084497902.64,20190812,15.12,1.043662075198861,20220722,20220722,1.017996
000001.SZ,1d,2019-08-13,14.372468212128794,14.449121375926815,14.123345429785228,14.267070111906516,1293736.0,1925835288.3000002,20190813,14.89,1.043662075198861,20220722,20220722,1.017996
000001.SZ,1d,2019-08-14,14.50661124877533,14.58326441257335,14.180835302633744,14.343723275704537,1360546.0,2038261151.5400002,20190814,14.97,1.043662075198861,20220722,20220722,1.017996
000001.SZ,1d,2019-08-15,14.027528975037702,14.334141630229784,13.989202393138692,14.314978339280279,897376.0,1333117725.96,20190815,14.94,1.043662075198861,20220722,20220722,1.017996
000001.SZ,1d,2019-08-16,14.458703021401568,14.50661124877533,14.161672011684239,14.276651757381268,986902.0,1474900257.6000001,20190816,14.9,1.043662075198861,20220722,20220722,1.017996
000001.SZ,1d,2019-08-19,14.286233402856022,14.314978339280279,13.912549229340673,14.295815048330773,2292956.0,3368207935.07,20190819,14.92,1.043662075198861,20220722,20220722,1.017996
000001.SZ,1d,2019-08-20,14.295815048330773,14.564101121623844,14.152090366209485,14.362886566654042,1921041.0,2872304200.9100003,20190820,14.99,1.043662075198861,20220722,20220722,1.017996
000001.SZ,1d,2019-08-21,14.247906820957011,14.267070111906516,13.778406192694138,13.845477711017406,1990131.0,2902251100.57,20190821,14.450000000000001,1.043662075198861,20220722,20220722,1.017996
000001.SZ,1d,2019-08-22,13.797569483643642,13.845477711017406,13.605936574148593,13.71133467437087,1353071.0,1935208499.0500002,20190822,14.31,1.043662075198861,20220722,20220722,1.017996
000001.SZ,1d,2019-08-23,13.768824547219383,14.123345429785228,13.74966125626988,14.037110620512456,1636867.0,2388239081.28,20190823,14.65,1.043662075198861,20220722,20220722,1.017996
000001.SZ,1d,2019-08-26,13.816732774593147,13.893385938391168,13.55802834677483,13.653844801522354,1415122.0,2018498039.72,20190826,14.25,1.043662075198861,20220722,20220722,1.017996
000001.SZ,1d,2019-08-27,13.759242901744631,13.874222647441663,13.644263156047602,13.71133467437087,1356713.0,1948127123.02,20190827,14.31,1.043662075198861,20220722,20220722,1.017996
000001.SZ,1d,2019-08-28,13.663426446997109,13.682589737946612,13.462211892027304,13.67300809247186,829657.0,1176329095.67,20190828,14.270000000000001,1.043662075198861,20220722,20220722,1.017996
000001.SZ,1d,2019-08-29,13.625099865098097,13.644263156047602,13.49095682845156,13.538865055825324,609034.0,861177482.39,20190829,14.13,1.043662075198861,20220722,20220722,1.017996
000001.SZ,1d,2019-08-30,13.692171383421364,13.787987838168888,13.510120119401066,13.567609992249581,798500.0,1136119659.76,20190830,14.16,1.043662075198861,20220722,20220722,1.017996
000001.SZ,1d,2019-09-02,13.558028346774828,13.893385938391168,13.519701764875819,13.845477711017404,1360201.0,1955673136.8999999,20190902,14.45,1.043662075198861,20220722,20220722,1.017996
000001.SZ,1d,2019-09-03,13.874222647441663,13.90296758386592,13.653844801522354,13.701753028896118,858653.0,1230606485.0300002,20190903,14.3,1.043662075198861,20220722,20220722,1.017996
000001.SZ,1d,2019-09-04,13.720916319845623,13.893385938391168,13.71133467437087,13.835896065542654,973964.0,1404037295.8,20190904,14.440000000000001,1.043662075198861,20220722,20220722,1.017996
000001.SZ,1d,2019-09-05,13.950875811239683,14.228743530007508,13.941294165764932,13.970039102189189,1768051.0,2599478258.9100003,20190905,14.58,1.043662075198861,20220722,20220722,1.017996
000001.SZ,1d,2019-09-06,14.094600493360971,14.190416948108496,14.008365684088199,14.190416948108496,986432.0,1451264912.6499999,20190906,14.81,1.043662075198861,20220722,20220722,1.017996
000001.SZ,1d,2019-09-09,14.353304921179289,14.372468212128794,13.989202393138692,14.075437202411464,1299839.0,1918042303.9099998,20190909,14.69,1.043662075198861,20220722,20220722,1.017996
000001.SZ,1d,2019-09-10,13.989202393138692,14.027528975037704,13.807151129118395,13.941294165764932,796870.0,1155180739.29,20190910,14.55,1.043662075198861,20220722,20220722,1.017996
000001.SZ,1d,2019-09-11,13.989202393138694,14.094600493360971,13.855059356492157,13.950875811239683,818614.0,1192674258.6000001,20190911,14.56,1.043662075198861,20220722,20220722,1.017996
000001.SZ,1d,2019-09-12,14.04669226598721,14.161672011684239,13.922130874815426,14.065855556936715,1150687.0,1682911849.7800002,20190912,14.680000000000001,1.043662075198861,20220722,20220722,1.017996
000001.SZ,1d,2019-09-16,14.08501884788622,14.104182138835723,13.797569483643642,13.845477711017406,929894.0,1349401481.22,20190916,14.450000000000001,1.043662075198861,20220722,20220722,1.017996
000001.SZ,1d,2019-09-17,13.759242901744631,13.845477711017404,13.586773283199086,13.644263156047602,882655.0,1261416554.2900002,20190917,14.24,1.043662075198861,20220722,20220722,1.017996
000001.SZ,1d,2019-09-18,13.644263156047602,13.874222647441663,13.644263156047602,13.807151129118395,820436.0,1179079988.0200002,20190918,14.41,1.043662075198861,20220722,20220722,1.017996
000001.SZ,1d,2019-09-19,13.874222647441663,14.267070111906516,13.874222647441663,14.219161884532753,1884020.0,2777383508.48,20190919,14.84,1.043662075198861,20220722,20220722,1.017996
000001.SZ,1d,2019-09-20,14.32455998475503,14.755734031118896,14.305396693805525,14.698244158270379,2644285.0,4020646521.9500003,20190920,15.34,1.043662075198861,20220722,20220722,1.017996
000001.SZ,1d,2019-09-23,14.698244158270379,14.822805549442162,14.544937830674339,14.73657074016939,1403282.0,2148740448.83,20190923,15.379999999999999,1.043662075198861,20220722,20220722,1.017996
000001.SZ,1d,2019-09-24,14.822805549442162,14.889877067765429,14.544937830674339,14.544937830674339,1129103.0,1726238272.95,20190924,15.18,1.043662075198861,20220722,20220722,1.017996
000001.SZ,1d,2019-09-25,14.564101121623844,15.186908077482759,14.55451947614909,15.091091622735233,1938892.0,3024598930.57,20190925,15.75,1.043662075198861,20220722,20220722,1.017996
000001.SZ,1d,2019-09-26,15.19648972295751,15.368959341503055,15.00485681346246,15.052765040836224,1686592.0,2673096951.2300005,20190926,15.71,1.043662075198861,20220722,20220722,1.017996
000001.SZ,1d,2019-09-27,15.18690807748276,15.330632759604047,15.043183395361472,15.234816304856523,1007706.0,1598567052.2,20190927,15.9,1.043662075198861,20220722,20220722,1.017996
000001.SZ,1d,2019-09-30,15.091091622735233,15.22523465938177,14.918622004189688,14.937785295139193,1046363.0,1645828526.9,20190930,15.59,1.043662075198861,20220722,20220722,1.017996
000001.SZ,1d,2019-10-08,14.947366940613945,15.551010605523356,14.947366940613945,15.522265669099097,1386676.0,2225024598.59,20191008,16.2,1.043662075198861,20220722,20220722,1.017996
000001.SZ,1d,2019-10-09,15.42644921435157,15.828878324291178,15.349796050553552,15.57017389647286,1316693.0,2145061763.15,20191009,16.25,1.043662075198861,20220722,20220722,1.017996
000001.SZ,1d,2019-10-10,15.589337187422364,15.589337187422364,15.321051114129295,15.56059225099811,879746.0,1418751875.7800002,20191010,16.240000000000002,1.043662075198861,20220722,20220722,1.017996
000001.SZ,1d,2019-10-11,15.522265669099097,16.240889079705536,15.522265669099097,16.106746043059,1405422.0,2335030599.2500005,20191011,16.81,1.043662075198861,20220722,20220722,1.017996
000001.SZ,1d,2019-10-14,16.260052370655046,16.863696035564452,16.212144143281282,16.49959350752386,1557637.0,2688929547.26,20191014,17.220000000000002,1.043662075198861,20220722,20220722,1.017996
000001.SZ,1d,2019-10-15,16.528338443948112,16.62415489869564,16.116327688533755,16.461266925624845,881955.0,1503633369.4900002,20191015,17.18,1.043662075198861,20220722,20220722,1.017996
000001.SZ,1d,2019-10-16,16.537920089422865,16.71038970796841,15.934276424513456,16.087582752109494,1267671.0,2146150627.2600002,20191016,16.79,1.043662075198861,20220722,20220722,1.017996
000001.SZ,1d,2019-10-17,16.192980852331775,16.2887973070793,15.857623260715437,16.001347942836723,1126182.0,1887045621.02,20191017,16.7,1.043662075198861,20220722,20220722,1.017996
000001.SZ,1d,2019-10-18,16.09716439758425,16.32712388897831,15.742643515018406,15.819296678816423,1196799.0,1999012671.73,20191018,16.509999999999998,1.043662075198861,20220722,20220722,1.017996
000001.SZ,1d,2019-10-21,15.742643515018406,16.260052370655043,15.742643515018406,16.183399206857022,945952.0,1589276085.98,20191021,16.89,1.043662075198861,20220722,20220722,1.017996
000001.SZ,1d,2019-10-22,16.20256249780653,16.221725788756032,15.359377696028305,15.733061869543654,1883531.0,3072547165.9700003,20191022,16.42,1.043662075198861,20220722,20220722,1.017996
000001.SZ,1d,2019-10-23,15.637245414796128,15.972603006412468,15.551010605523356,15.76180680596791,967534.0,1590781971.78,20191023,16.45,1.043662075198861,20220722,20220722,1.017996
000001.SZ,1d,2019-10-24,15.809715033341673,16.2887973070793,15.75222516049316,16.16423591590752,1109214.0,1861032918.48,20191024,16.87,1.043662075198861,20220722,20220722,1.017996
000001.SZ,1d,2019-10-25,16.078001106634744,16.25047072518029,15.886368197139696,16.173817561382272,691435.0,1161100080.0000002,20191025,16.880000000000003,1.043662075198861,20220722,20220722,1.017996
000001.SZ,1d,2019-10-28,16.269634016129796,16.32712388897831,15.790551742392168,15.963021360937715,1070131.0,1780873358.2599998,20191028,16.66,1.043662075198861,20220722,20220722,1.017996
000001.SZ,1d,2019-10-29,15.99176629736197,16.221725788756032,15.867204906190187,16.20256249780653,788864.0,1322036352.42,20191029,16.91,1.043662075198861,20220722,20220722,1.017996
000001.SZ,1d,2019-10-30,16.09716439758425,16.25047072518029,15.733061869543654,15.74264351501841,854317.0,1420644944.87,20191030,16.430000000000003,1.043662075198861,20220722,20220722,1.017996
000001.SZ,1d,2019-10-31,15.733061869543654,15.780970096917418,15.56059225099811,15.579755541947614,862569.0,1407006434.79,20191031,16.26,1.043662075198861,20220722,20220722,1.017996
000001.SZ,1d,2019-11-01,15.665990351220387,16.2887973070793,15.59891883289712,16.154654270432765,1254655.0,2096068960.5900002,20191101,16.86,1.043662075198861,20220722,20220722,1.017996
000001.SZ,1d,2019-11-04,16.269634016129796,16.528338443948112,16.06841946115999,16.21214414328128,889824.0,1507910818.55,20191104,16.919999999999998,1.043662075198861,20220722,20220722,1.017996
000001.SZ,1d,2019-11-05,16.09716439758425,16.71038970796841,16.087582752109494,16.432521989200588,1172485.0,2010924199.94,20191105,17.15,1.043662075198861,20220722,20220722,1.017996
000001.SZ,1d,2019-11-06,16.346287179927813,16.537920089422865,16.17381756138227,16.250470725180286,863325.0,1470233502.73,20191106,16.959999999999997,1.043662075198861,20220722,20220722,1.017996
000001.SZ,1d,2019-11-07,16.221725788756032,16.355868825402567,16.049256170210487,16.183399206857022,711896.0,1200671649.42,20191107,16.89,1.043662075198861,20220722,20220722,1.017996
000001.SZ,1d,2019-11-08,16.269634016129796,16.307960598028803,15.94385806998821,15.953439715462963,849139.0,1421088326.1499999,20191108,16.650000000000002,1.043662075198861,20220722,20220722,1.017996
000001.SZ,1d,2019-11-11,15.809715033341673,15.838459969765928,15.522265669099097,15.598918832897116,953515.0,1556517253.18,20191111,16.279999999999998,1.043662075198861,20220722,20220722,1.017996
000001.SZ,1d,2019-11-12,15.60850047837187,15.685153642169892,15.483939087200087,15.646827060270882,516266.0,840769286.54,20191112,16.330000000000002,1.043662075198861,20220722,20220722,1.017996
000001.SZ,1d,2019-11-13,15.60850047837187,15.771388451442661,15.38812263245256,15.646827060270878,655120.0,1067975601.16,20191113,16.33,1.043662075198861,20220722,20220722,1.017996
000001.SZ,1d,2019-11-14,15.742643515018406,15.790551742392168,15.57017389647286,15.637245414796128,468899.0,767006342.15,20191114,16.32,1.043662075198861,20220722,20220722,1.017996
000001.SZ,1d,2019-11-15,15.704316933119395,15.857623260715437,15.56059225099811,15.656408705745637,569227.0,933539572.45,20191115,16.340000000000003,1.043662075198861,20220722,20220722,1.017996
000001.SZ,1d,2019-11-18,15.665990351220387,15.857623260715437,15.551010605523356,15.76180680596791,557918.0,915983935.5500001,20191118,16.45,1.043662075198861,20220722,20220722,1.017996
000001.SZ,1d,2019-11-19,15.76180680596791,15.790551742392168,15.627663769321375,15.7234802240689,562120.0,920998203.3399999,20191119,16.41,1.043662075198861,20220722,20220722,1.017996
000001.SZ,1d,2019-11-20,15.618082123846623,15.618082123846623,15.110254913684738,15.186908077482759,1724383.0,2747598383.4000006,20191120,15.85,1.043662075198861,20220722,20220722,1.017996
000001.SZ,1d,2019-11-21,15.091091622735233,15.206071368432266,14.976111877038203,15.196489722957512,772563.0,1218516399.48,20191121,15.860000000000001,1.043662075198861,20220722,20220722,1.017996
000001.SZ,1d,2019-11-22,15.22523465938177,15.253979595806026,14.899458713240184,14.937785295139193,773473.0,1216064537.8300002,20191122,15.59,1.043662075198861,20220722,20220722,1.017996
000001.SZ,1d,2019-11-25,14.985693522512957,15.177326432008009,14.88987706776543,15.138999850108997,783257.0,1233388886.1599998,20191125,15.8,1.043662075198861,20220722,20220722,1.017996
000001.SZ,1d,2019-11-26,15.22523465938177,15.22523465938177,14.841968840391669,14.966530231563452,815297.0,1271594662.99,20191126,15.620000000000001,1.043662075198861,20220722,20220722,1.017996
000001.SZ,1d,2019-11-27,14.985693522512957,14.985693522512957,14.746152385644143,14.822805549442164,476169.0,736584294.07,20191127,15.47,1.043662075198861,20220722,20220722,1.017996
000001.SZ,1d,2019-11-28,14.822805549442162,14.889877067765429,14.794060613017905,14.841968840391669,378016.0,585252046.59,20191128,15.49,1.043662075198861,20220722,20220722,1.017996
000001.SZ,1d,2019-11-29,14.889877067765429,14.899458713240183,14.544937830674339,14.650335930896617,653866.0,1001451096.26,20191129,15.29,1.043662075198861,20220722,20220722,1.017996
000001.SZ,1d,2019-12-02,14.707825803745132,14.784478967543153,14.592846058048103,14.717407449219886,553877.0,849784129.4100001,20191202,15.360000000000001,1.043662075198861,20220722,20220722,1.017996
000001.SZ,1d,2019-12-03,14.65991757637137,14.813223903967412,14.573682767098598,14.803642258492658,455418.0,700293548.85,20191203,15.450000000000001,1.043662075198861,20220722,20220722,1.017996
000001.SZ,1d,2019-12-04,14.69824415827038,14.765315676593648,14.573682767098598,14.669499221846122,524545.0,802110334.25,20191204,15.31,1.043662075198861,20220722,20220722,1.017996
000001.SZ,1d,2019-12-05,14.707825803745134,14.832387194916915,14.65991757637137,14.784478967543155,557084.0,857682575.8100001,20191205,15.430000000000001,1.043662075198861,20220722,20220722,1.017996
000001.SZ,1d,2019-12-06,14.822805549442164,15.062346686310976,14.813223903967412,14.947366940613946,712615.0,1109423061.49,20191206,15.600000000000001,1.043662075198861,20220722,20220722,1.017996
000001.SZ,1d,2019-12-09,14.96653023156345,14.96653023156345,14.707825803745132,14.765315676593648,605992.0,935135952.74,20191209,15.41,1.043662075198861,20220722,20220722,1.017996
000001.SZ,1d,2019-12-10,14.717407449219884,14.736570740169391,14.612009348997606,14.688662512795627,556383.0,851377532.72,20191210,15.33,1.043662075198861,20220722,20220722,1.017996
000001.SZ,1d,2019-12-11,14.736570740169391,15.024020104411967,14.65991757637137,15.00485681346246,871505.0,1351786530.59,20191211,15.66,1.043662075198861,20220722,20220722,1.017996
000001.SZ,1d,2019-12-12,15.004856813462462,15.014438458937216,14.88029542229068,14.947366940613946,478998.0,747519511.1,20191212,15.600000000000001,1.043662075198861,20220722,20220722,1.017996
000001.SZ,1d,2019-12-13,15.186908077482759,15.445612505301078,15.110254913684738,15.445612505301078,1053103.0,1680707282.0600002,20191213,16.12,1.043662075198861,20220722,20220722,1.017996
000001.SZ,1d,2019-12-16,15.445612505301078,15.464775796250583,15.206071368432266,15.455194150775831,787952.0,1262802471.74,20191216,16.130000000000003,1.043662075198861,20220722,20220722,1.017996
000001.SZ,1d,2019-12-17,15.330632759604047,15.934276424513456,15.311469468654542,15.809715033341673,1203104.0,1969891323.5900002,20191217,16.5,1.043662075198861,20220722,20220722,1.017996
000001.SZ,1d,2019-12-18,15.742643515018406,15.963021360937715,15.7234802240689,15.771388451442665,797091.0,1317608543.24,20191218,16.46,1.043662075198861,20220722,20220722,1.017996
000001.SZ,1d,2019-12-19,15.857623260715437,16.039674524735737,15.75222516049316,15.857623260715437,675536.0,1119925969.1100001,20191219,16.55,1.043662075198861,20220722,20220722,1.017996
000001.SZ,1d,2019-12-20,15.857623260715437,15.982184651887218,15.75222516049316,15.895949842614446,644478.0,1067869779.7799999,20191220,16.59,1.043662075198861,20220722,20220722,1.017996
000001.SZ,1d,2019-12-23,15.982184651887222,15.982184651887222,15.493520732674842,15.56059225099811,715792.0,1173372080.8400002,20191223,16.240000000000002,1.043662075198861,20220722,20220722,1.017996
000001.SZ,1d,2019-12-24,15.551010605523356,15.809715033341673,15.551010605523356,15.71389857859415,459128.0,752351618.1899999,20191224,16.400000000000002,1.043662075198861,20220722,20220722,1.017996
000001.SZ,1d,2019-12-25,15.761806805967913,15.86720490619019,15.56059225099811,15.618082123846623,414917.0,679664596.6700001,20191225,16.3,1.043662075198861,20220722,20220722,1.017996
000001.SZ,1d,2019-12-26,15.656408705745633,15.790551742392168,15.637245414796128,15.780970096917414,372033.0,610381757.75,20191226,16.47,1.043662075198861,20220722,20220722,1.017996
000001.SZ,1d,2019-12-27,15.838459969765932,16.221725788756032,15.742643515018406,15.934276424513456,1042574.0,1741473179.3,20191227,16.63,1.043662075198861,20220722,20220722,1.017996
000001.SZ,1d,2019-12-30,15.771388451442665,15.934276424513458,15.426449214351573,15.87678655166494,976970.0,1603152786.5900002,20191230,16.57,1.043662075198861,20220722,20220722,1.017996
000001.SZ,1d,2019-12-31,15.87678655166494,15.934276424513456,15.627663769321375,15.76180680596791,704442.0,1154704348.9199998,20191231,16.45,1.043662075198861,20220722,20220722,1.017996
000001.SZ,1d,2020-01-02,15.953439715462963,16.240889079705536,15.857623260715437,16.16423591590752,1530231.0,2571196482.14,20200102,16.87,1.043662075198861,20220722,20220722,1.017996
000001.SZ,1d,2020-01-03,16.231307434230786,16.58582831679663,16.212144143281282,16.461266925624848,1116194.0,1914495474.63,20200103,17.180000000000003,1.043662075198861,20220722,20220722,1.017996
000001.SZ,1d,2020-01-06,16.298378952554053,16.614573253220886,16.20256249780653,16.355868825402567,862083.0,1477930193.19,20200106,17.07,1.043662075198861,20220722,20220722,1.017996
000001.SZ,1d,2020-01-07,16.41335869825108,16.55708338037237,16.240889079705536,16.432521989200588,728607.0,1247047135.26,20200107,17.15,1.043662075198861,20220722,20220722,1.017996
000001.SZ,1d,2020-01-08,16.2887973070793,16.336705534453063,15.934276424513456,15.963021360937715,847824.0,1423608811.1799998,20200108,16.66,1.043662075198861,20220722,20220722,1.017996
000001.SZ,1d,2020-01-09,16.106746043059005,16.221725788756032,15.838459969765932,16.087582752109498,1031636.0,1725326806.2500002,20200109,16.790000000000003,1.043662075198861,20220722,20220722,1.017996
000001.SZ,1d,2020-01-10,16.087582752109494,16.106746043059,15.828878324291178,15.991766297361973,585548.0,975154818.7800001,20200110,16.69,1.043662075198861,20220722,20220722,1.017996
000001.SZ,1d,2020-01-13,16.049256170210487,16.31754224350356,15.91511313356395,16.279215661604546,872133.0,1468271683.72,20200113,16.99,1.043662075198861,20220722,20220722,1.017996
000001.SZ,1d,2020-01-14,16.27921566160455,16.547501734897622,16.05883781568524,16.05883781568524,1304493.0,2217608852.69,20200114,16.76,1.043662075198861,20220722,20220722,1.017996
000001.SZ,1d,2020-01-15,16.087582752109494,16.154654270432765,15.76180680596791,15.828878324291178,859439.0,1424889228.07,20200115,16.52,1.043662075198861,20220722,20220722,1.017996
000001.SZ,1d,2020-01-16,15.828878324291178,15.87678655166494,15.522265669099097,15.646827060270878,1028104.0,1678888507.83,20200116,16.33,1.043662075198861,20220722,20220722,1.017996
000001.SZ,1d,2020-01-17,15.694735287644646,15.857623260715437,15.665990351220387,15.704316933119395,605436.0,995909007.3499999,20200117,16.39,1.043662075198861,20220722,20220722,1.017996
000001.SZ,1d,2020-01-20,15.742643515018406,15.915113133563954,15.665990351220387,15.761806805967913,746074.0,1226464649.55,20200120,16.450000000000003,1.043662075198861,20220722,20220722,1.017996
000001.SZ,1d,2020-01-21,15.656408705745633,15.656408705745633,15.26356124128078,15.330632759604047,896603.0,1442171431.55,20200121,16.0,1.043662075198861,20220722,20220722,1.017996
000001.SZ,1d,2020-01-22,15.253979595806028,15.483939087200087,15.052765040836224,15.41686756887682,719464.0,1150933398.98,20200122,16.09,1.043662075198861,20220722,20220722,1.017996
000001.SZ,1d,2020-01-23,15.253979595806026,15.253979595806026,14.746152385644143,14.88987706776543,1100592.0,1723394336.66,20200123,15.540000000000001,1.043662075198861,20220722,20220722,1.017996
000001.SZ,1d,2020-02-03,13.404722019178788,14.085018847886218,13.404722019178788,13.404722019178788,2259194.0,3201454164.92,20200203,13.99,1.043662075198861,20220722,20220722,1.017996
000001.SZ,1d,2020-02-04,13.462211892027302,14.046692265987208,13.433466955603045,13.989202393138692,1706172.0,2442932842.71,20200204,14.6,1.043662075198861,20220722,20220722,1.017996
000001.SZ,1d,2020-02-05,13.97962074766394,14.267070111906516,13.720916319845623,14.01794732956295,1491380.0,2177632043.62,20200205,14.63,1.043662075198861,20220722,20220722,1.017996
000001.SZ,1d,2020-02-06,14.190416948108496,14.24790682095701,13.90296758386592,14.152090366209485,1185815.0,1740107625.4199998,20200206,14.77,1.043662075198861,20220722,20220722,1.017996
000001.SZ,1d,2020-02-07,13.989202393138692,14.075437202411464,13.807151129118395,14.008365684088199,924852.0,1345053255.67,20200207,14.620000000000001,1.043662075198861,20220722,20220722,1.017996
000001.SZ,1d,2020-02-10,13.902967583865921,13.922130874815426,13.701753028896118,13.893385938391168,1339495.0,1931983482.1000001,20200210,14.5,1.043662075198861,20220722,20220722,1.017996
000001.SZ,1d,2020-02-11,13.989202393138692,14.31497833928028,13.950875811239683,14.171253657158992,1407507.0,2077194138.9199998,20200211,14.790000000000001,1.043662075198861,20220722,20220722,1.017996
000001.SZ,1d,2020-02-12,14.17125365715899,14.19999859358325,13.989202393138692,14.152090366209485,1070503.0,1573229042.5500002,20200212,14.77,1.043662075198861,20220722,20220722,1.017996
000001.SZ,1d,2020-02-13,14.09460049336097,14.257488466431763,13.998784038613445,14.037110620512454,1013205.0,1491327713.78,20200213,14.649999999999999,1.043662075198861,20220722,20220722,1.017996
000001.SZ,1d,2020-02-14,14.132927075259982,14.50661124877533,14.08501884788622,14.401213148553053,1512434.0,2253906452.48,20200214,15.030000000000001,1.043662075198861,20220722,20220722,1.017996
000001.SZ,1d,2020-02-17,14.410794794027803,14.726989094694638,14.305396693805525,14.726989094694638,1543696.0,2337993586.1200004,20200217,15.37,1.043662075198861,20220722,20220722,1.017996
000001.SZ,1d,2020-02-18,14.688662512795627,14.688662512795627,14.382049857603546,14.564101121623844,973612.0,1478274222.5800002,20200218,15.2,1.043662075198861,20220722,20220722,1.017996
000001.SZ,1d,2020-02-19,14.468284666876318,14.726989094694638,14.449121375926815,14.602427703522855,874106.0,1333730218.9699998,20200219,15.24,1.043662075198861,20220722,20220722,1.017996
000001.SZ,1d,2020-02-20,14.631172639947112,14.96653023156345,14.468284666876318,14.937785295139193,1235444.0,1897923029.0400002,20200220,15.59,1.043662075198861,20220722,20220722,1.017996
000001.SZ,1d,2020-02-21,14.841968840391669,15.062346686310976,14.803642258492658,14.928203649664443,995071.0,1546692930.16,20200221,15.580000000000002,1.043662075198861,20220722,20220722,1.017996
000001.SZ,1d,2020-02-24,14.813223903967412,14.813223903967412,14.516192894250082,14.592846058048103,1191794.0,1820183854.52,20200224,15.23,1.043662075198861,20220722,20220722,1.017996
000001.SZ,1d,2020-02-25,14.372468212128796,14.497029603300577,14.161672011684239,14.410794794027804,1144575.0,1710369786.03,20200225,15.040000000000001,1.043662075198861,20220722,20220722,1.017996
000001.SZ,1d,2020-02-26,14.152090366209487,14.631172639947113,14.08501884788622,14.362886566654042,1176599.0,1769612245.3700001,20200226,14.99,1.043662075198861,20220722,20220722,1.017996
000001.SZ,1d,2020-02-27,14.334141630229784,14.516192894250082,14.267070111906516,14.477866312351074,975270.0,1464605739.4600003,20200227,15.110000000000001,1.043662075198861,20220722,20220722,1.017996
000001.SZ,1d,2020-02-28,14.228743530007508,14.410794794027804,13.855059356492157,13.893385938391168,1300644.0,1906892413.3100002,20200228,14.5,1.043662075198861,20220722,20220722,1.017996
000001.SZ,1d,2020-03-02,13.941294165764932,14.324559984755032,13.855059356492157,14.171253657158992,1116580.0,1647432269.71,20200302,14.790000000000001,1.043662075198861,20220722,20220722,1.017996
000001.SZ,1d,2020-03-03,14.334141630229784,14.362886566654042,14.01794732956295,14.104182138835723,1153584.0,1705816271.89,20200303,14.72,1.043662075198861,20220722,20220722,1.017996
000001.SZ,1d,2020-03-04,14.065855556936713,14.161672011684237,13.90296758386592,14.075437202411464,862595.0,1261123063.8300002,20200304,14.69,1.043662075198861,20220722,20220722,1.017996
000001.SZ,1d,2020-03-05,14.180835302633744,14.985693522512957,14.113763784310477,14.746152385644143,2686602.0,4089493523.03,20200305,15.39,1.043662075198861,20220722,20220722,1.017996
000001.SZ,1d,2020-03-06,14.544937830674339,14.631172639947112,14.3916315030783,14.401213148553051,1228531.0,1858691259.32,20200306,15.03,1.043662075198861,20220722,20220722,1.017996
000001.SZ,1d,2020-03-09,14.09460049336097,14.113763784310477,13.816732774593147,13.845477711017404,1665793.0,2420392130.73,20200309,14.45,1.043662075198861,20220722,20220722,1.017996
000001.SZ,1d,2020-03-10,13.778406192694138,14.228743530007508,13.778406192694138,14.142508720734735,1167864.0,1709084565.32,20200310,14.760000000000002,1.043662075198861,20220722,20220722,1.017996
000001.SZ,1d,2020-03-11,14.152090366209487,14.257488466431765,14.008365684088199,14.075437202411466,814381.0,1201250682.1599998,20200311,14.690000000000001,1.043662075198861,20220722,20220722,1.017996
000001.SZ,1d,2020-03-12,14.037110620512456,14.219161884532754,13.922130874815426,14.065855556936715,986497.0,1447436641.92,20200312,14.680000000000001,1.043662075198861,20220722,20220722,1.017996
000001.SZ,1d,2020-03-13,13.318487209906015,13.970039102189189,13.318487209906015,13.912549229340673,1169765.0,1669009835.48,20200313,14.52,1.043662075198861,20220722,20220722,1.017996
000001.SZ,1d,2020-03-16,13.845477711017404,13.855059356492157,13.174762527784727,13.174762527784727,1406202.0,1975824191.21,20200316,13.75,1.043662075198861,20220722,20220722,1.017996
000001.SZ,1d,2020-03-17,13.174762527784727,13.385558728229284,12.580700508350072,12.848986581643143,1177849.0,1582506075.02,20200317,13.41,1.043662075198861,20220722,20220722,1.017996
000001.SZ,1d,2020-03-18,12.848986581643143,12.983129618289677,12.12078152556195,12.178271398410466,1384784.0,1816836893.63,20200318,12.71,1.043662075198861,20220722,20220722,1.017996
000001.SZ,1d,2020-03-19,12.149526461986207,12.207016334834723,11.411739760430262,11.718352415622343,1891457.0,2313863663.4799995,20200319,12.23,1.043662075198861,20220722,20220722,1.017996
000001.SZ,1d,2020-03-20,11.881240388693136,12.149526461986207,11.7470973520466,11.996220134390166,1578352.0,1967487818.45,20200320,12.52,1.043662075198861,20220722,20220722,1.017996
000001.SZ,1d,2020-03-23,11.497974569703036,11.833332161319372,11.430903051379767,11.641699251824324,1071113.0,1300469494.43,20200323,12.15,1.043662075198861,20220722,20220722,1.017996
000001.SZ,1d,2020-03-24,11.881240388693136,12.149526461986207,11.756678997521353,12.082454943662938,1180200.0,1472909399.72,20200324,12.61,1.043662075198861,20220722,20220722,1.017996
000001.SZ,1d,2020-03-25,12.34115937148126,12.523210635501556,12.168689752935713,12.331577726006506,1136957.0,1467534956.1599998,20200325,12.870000000000001,1.043662075198861,20220722,20220722,1.017996
000001.SZ,1d,2020-03-26,12.245342916733733,12.781915063319873,12.187853043885218,12.513628990026804,1075192.0,1408651057.3400002,20200326,13.06,1.043662075198861,20220722,20220722,1.017996
000001.SZ,1d,2020-03-27,12.695680254047101,12.820241645218886,12.532792280976308,12.599863799299577,653018.0,861618663.0500001,20200327,13.15,1.043662075198861,20220722,20220722,1.017996
000001.SZ,1d,2020-03-30,12.312414435057,12.494465699077297,12.226179625784226,12.398649244329773,661738.0,852956240.25,20200330,12.94,1.043662075198861,20220722,20220722,1.017996
000001.SZ,1d,2020-03-31,12.50404734455205,12.542373926451063,12.245342916733733,12.264506207683239,513370.0,662915471.38,20200331,12.8,1.043662075198861,20220722,20220722,1.017996
000001.SZ,1d,2020-04-01,12.321996080531752,12.580700508350072,12.283669498632742,12.350741016956011,520836.0,676070117.75,20200401,12.89,1.043662075198861,20220722,20220722,1.017996
000001.SZ,1d,2020-04-02,12.216597980309475,12.427394180754032,12.130363171036702,12.427394180754032,518365.0,663197628.3500001,20200402,12.97,1.043662075198861,20220722,20220722,1.017996
000001.SZ,1d,2020-04-03,12.283669498632742,12.350741016956011,12.024965070814424,12.08245494366294,825348.0,1047282400.16,20200403,12.610000000000001,1.043662075198861,20220722,20220722,1.017996
000001.SZ,1d,2020-04-07,12.350741016956011,12.398649244329775,12.27408785315799,12.34115937148126,870313.0,1121200115.4100003,20200407,12.88,1.043662075198861,20220722,20220722,1.017996
000001.SZ,1d,2020-04-08,12.34115937148126,12.379485953380268,12.187853043885218,12.245342916733733,528716.0,676604872.29,20200408,12.780000000000001,1.043662075198861,20220722,20220722,1.017996
000001.SZ,1d,2020-04-09,12.34115937148126,12.350741016956011,12.187853043885218,12.207016334834723,408553.0,522027888.31,20200409,12.74,1.043662075198861,20220722,20220722,1.017996
000001.SZ,1d,2020-04-10,12.226179625784226,12.436975826228784,12.12078152556195,12.254924562208485,666674.0,853689950.23,20200410,12.790000000000001,1.043662075198861,20220722,20220722,1.017996
000001.SZ,1d,2020-04-13,12.139944816511454,12.178271398410466,11.948311907016405,12.063291652713435,446214.0,562008050.35,20200413,12.59,1.043662075198861,20220722,20220722,1.017996
000001.SZ,1d,2020-04-14,12.12078152556195,12.321996080531752,12.04412836176393,12.321996080531752,686086.0,874856562.2800001,20200414,12.86,1.043662075198861,20220722,20220722,1.017996
000001.SZ,1d,2020-04-15,12.321996080531754,12.389067598855021,12.245342916733733,12.331577726006506,656396.0,843649273.39,20200415,12.870000000000001,1.043662075198861,20220722,20220722,1.017996
000001.SZ,1d,2020-04-16,12.254924562208485,12.254924562208485,12.015383425339673,12.14952646198621,789154.0,997623816.4499999,20200416,12.680000000000001,1.043662075198861,20220722,20220722,1.017996
000001.SZ,1d,2020-04-17,12.23576127125898,12.494465699077299,12.12078152556195,12.350741016956011,1331164.0,1713215766.82,20200417,12.89,1.043662075198861,20220722,20220722,1.017996
000001.SZ,1d,2020-04-20,12.321996080531752,12.504047344552049,12.23576127125898,12.446557471703535,818455.0,1058524019.15,20200420,12.99,1.043662075198861,20220722,20220722,1.017996
000001.SZ,1d,2020-04-21,12.743588481420865,13.126854300410965,12.743588481420865,12.887313163542153,2122448.0,2861879086.0899997,20200421,13.450000000000001,1.043662075198861,20220722,20220722,1.017996
000001.SZ,1d,2020-04-22,12.810659999744132,12.858568227117894,12.609445444774328,12.676516963097596,1032803.0,1368222854.7100003,20200422,13.23,1.043662075198861,20220722,20220722,1.017996
000001.SZ,1d,2020-04-23,12.676516963097596,12.753170126895615,12.561537217400565,12.676516963097596,646990.0,855052110.23,20200423,13.229999999999999,1.043662075198861,20220722,20220722,1.017996
000001.SZ,1d,2020-04-24,12.61902709024908,12.724425190471358,12.561537217400565,12.68609860857235,566002.0,747473770.46,20200424,13.24,1.043662075198861,20220722,20220722,1.017996
000001.SZ,1d,2020-04-27,12.743588481420865,13.06936442756245,12.695680254047101,12.935221390915915,936830.0,1263809737.41,20200427,13.5,1.043662075198861,20220722,20220722,1.017996
000001.SZ,1d,2020-04-28,12.887313163542151,12.992711263764429,12.714843544996606,12.954384681865418,771564.0,1038718080.27,20200428,13.52,1.043662075198861,20220722,20220722,1.017996
000001.SZ,1d,2020-04-29,12.91605809996641,13.510120119401067,12.887313163542153,13.433466955603047,1108722.0,1541638203.4799998,20200429,14.020000000000001,1.043662075198861,20220722,20220722,1.017996
000001.SZ,1d,2020-04-30,13.433466955603047,13.720916319845623,13.299323918956512,13.347232146330274,819540.0,1155968238.1299999,20200430,13.930000000000001,1.043662075198861,20220722,20220722,1.017996
000001.SZ,1d,2020-05-06,13.18434417325948,13.308905564431262,13.040619491138191,13.193925818734233,1008998.0,1382727481.73,20200506,13.77,1.043662075198861,20220722,20220722,1.017996
000001.SZ,1d,2020-05-07,13.18434417325948,13.18434417325948,13.03103784566344,13.117272654936212,662749.0,904349531.9899999,20200507,13.69,1.043662075198861,20220722,20220722,1.017996
000001.SZ,1d,2020-05-08,13.18434417325948,13.433466955603045,13.10769100946146,13.366395437279778,934782.0,1297924588.29,20200508,13.95,1.043662075198861,20220722,20220722,1.017996
000001.SZ,1d,2020-05-11,13.33765050085552,13.538865055825324,13.318487209906015,13.414303664653541,612862.0,859156594.2199999,20200511,14.0,1.043662075198861,20220722,20220722,1.017996
000001.SZ,1d,2020-05-12,13.36639543727978,13.462211892027304,13.14601759136047,13.21308910968374,558511.0,772109502.04,20200512,13.790000000000001,1.043662075198861,20220722,20220722,1.017996
000001.SZ,1d,2020-05-13,13.17476252778473,13.203507464208986,12.963966327340174,13.059782782087698,640359.0,871062043.61,20200513,13.63,1.043662075198861,20220722,20220722,1.017996
000001.SZ,1d,2020-05-14,12.983129618289677,13.021456200188688,12.666935317622844,12.743588481420865,944672.0,1259440848.2399998,20200514,13.3,1.043662075198861,20220722,20220722,1.017996
000001.SZ,1d,2020-05-15,12.829823290693637,12.868149872592646,12.590282153824823,12.676516963097596,756794.0,1004313267.9300001,20200515,13.23,1.043662075198861,20220722,20220722,1.017996
000001.SZ,1d,2020-05-18,12.647772026673339,12.781915063319875,12.57111886287532,12.647772026673339,637209.0,843479669.71,20200518,13.200000000000001,1.043662075198861,20220722,20220722,1.017996
000001.SZ,1d,2020-05-19,12.848986581643143,12.887313163542151,12.714843544996606,12.801078354269379,600369.0,801755671.01,20200519,13.36,1.043662075198861,20220722,20220722,1.017996
000001.SZ,1d,2020-05-20,12.820241645218884,13.050201136612944,12.714843544996606,12.944803036390667,690851.0,929928885.9300001,20200520,13.51,1.043662075198861,20220722,20220722,1.017996
000001.SZ,1d,2020-05-21,12.954384681865418,13.002292909239182,12.801078354269379,12.839404936168387,552312.0,742797057.29,20200521,13.399999999999999,1.043662075198861,20220722,20220722,1.017996
000001.SZ,1d,2020-05-22,12.772333417845122,12.781915063319873,12.379485953380268,12.379485953380268,856237.0,1119433491.01,20200522,12.92,1.043662075198861,20220722,20220722,1.017996
000001.SZ,1d,2020-05-25,12.427394180754032,12.436975826228784,12.226179625784226,12.417812535279277,410171.0,528769352.5,20200525,12.959999999999999,1.043662075198861,20220722,20220722,1.017996
000001.SZ,1d,2020-05-26,12.475302408127792,12.523210635501556,12.398649244329773,12.494465699077297,396212.0,515451849.4,20200526,13.04,1.043662075198861,20220722,20220722,1.017996
000001.SZ,1d,2020-05-27,12.50404734455205,12.638190381198587,12.417812535279278,12.456139117178289,482963.0,630305864.0899999,20200527,13.0,1.043662075198861,20220722,20220722,1.017996
000001.SZ,1d,2020-05-28,12.54385350498198,12.845997606500582,12.48537400146225,12.738785183381077,960760.0,1255226999.49,20200528,13.07,1.026000502548,20220722,20220722,1.017996
000001.SZ,1d,2020-05-29,12.680305679861348,12.709545431621212,12.592586424581754,12.670559095941393,457808.0,594502123.85,20200529,13.0,1.026000502548,20220722,20220722,1.017996
000001.SZ,1d,2020-06-01,12.768024935140941,13.050675868819635,12.748531767301031,12.98244978137995,882961.0,1173619006.66,20200601,13.32,1.026000502548,20220722,20220722,1.017996
000001.SZ,1d,2020-06-02,12.953210029620086,13.284593882898553,12.943463445700132,13.206621211538915,883459.0,1194375822.0600002,20200602,13.55,1.026000502548,20220722,20220722,1.017996
000001.SZ,1d,2020-06-03,13.294340466818507,13.528258480897426,13.15788829193914,13.196874627618957,956803.0,1308782294.7,20200603,13.54,1.026000502548,20220722,20220722,1.017996
000001.SZ,1d,2020-06-04,13.187128043699003,13.294340466818507,13.070169036659545,13.226114379378824,583066.0,788707630.29,20200604,13.57,1.026000502548,20220722,20220722,1.017996
000001.SZ,1d,2020-06-05,13.255354131138688,13.274847298978598,13.089662204499454,13.245607547218732,383027.0,517232135.8,20200605,13.59,1.026000502548,20220722,20220722,1.017996
000001.SZ,1d,2020-06-08,13.333326802498327,13.49901872913756,13.235860963298778,13.274847298978598,585972.0,802115792.0600001,20200608,13.62,1.026000502548,20220722,20220722,1.017996
000001.SZ,1d,2020-06-09,13.294340466818507,13.382059722098102,13.187128043699005,13.323580218578375,474300.0,646895834.84,20200609,13.670000000000002,1.026000502548,20220722,20220722,1.017996
000001.SZ,1d,2020-06-10,13.362566554258192,13.362566554258192,13.06042245273959,13.148141708019184,580476.0,781995749.3600001,20200610,13.49,1.026000502548,20220722,20220722,1.017996
000001.SZ,1d,2020-06-11,13.040929284899681,13.050675868819635,12.670559095941393,12.748531767301031,1349040.0,1774199978.6799998,20200611,13.08,1.026000502548,20220722,20220722,1.017996
000001.SZ,1d,2020-06-12,12.573093256741844,12.690052263781304,12.54385350498198,12.660812512021439,1030551.0,1331618728.51,20200612,12.99,1.026000502548,20220722,20220722,1.017996
000001.SZ,1d,2020-06-15,12.52436033714207,12.641319344181529,12.475627417542295,12.495120585382205,660313.0,850767506.4300001,20200615,12.82,1.026000502548,20220722,20220722,1.017996
000001.SZ,1d,2020-06-16,12.573093256741842,12.660812512021439,12.534106921062023,12.563346672821888,718059.0,927043687.82,20200616,12.889999999999999,1.026000502548,20220722,20220722,1.017996
000001.SZ,1d,2020-06-17,12.56334667282189,12.592586424581754,12.436641081862474,12.524360337142069,716468.0,918251153.1899999,20200617,12.85,1.026000502548,20220722,20220722,1.017996
000001.SZ,1d,2020-06-18,12.436641081862474,12.475627417542295,12.27094915522324,12.436641081862474,1119648.0,1419972017.43,20200618,12.76,1.026000502548,20220722,20220722,1.017996
000001.SZ,1d,2020-06-19,12.407401330102608,12.514613753222115,12.29044232306315,12.475627417542293,1539522.0,1954584919.95,20200619,12.799999999999999,1.026000502548,20220722,20220722,1.017996
000001.SZ,1d,2020-06-22,12.417147914022566,12.436641081862476,12.300188906983108,12.319682074823016,1319080.0,1671023278.9900002,20200622,12.64,1.026000502548,20220722,20220722,1.017996
000001.SZ,1d,2020-06-23,12.329428658742971,12.36841499442279,12.202723067783557,12.280695739143196,990807.0,1248046646.7199998,20200623,12.6,1.026000502548,20220722,20220722,1.017996
000001.SZ,1d,2020-06-24,12.319682074823014,12.553600088901932,12.280695739143196,12.475627417542293,1523220.0,1946329095.3100002,20200624,12.799999999999999,1.026000502548,20220722,20220722,1.017996
000001.SZ,1d,2020-06-29,12.592586424581755,12.641319344181529,12.3879081622627,12.475627417542295,1038480.0,1330678288.8300002,20200629,12.8,1.026000502548,20220722,20220722,1.017996
000001.SZ,1d,2020-06-30,12.504867169302159,12.553600088901934,12.397654746182656,12.475627417542295,937940.0,1199181601.42,20200630,12.8,1.026000502548,20220722,20220722,1.017996
000001.SZ,1d,2020-07-01,12.465880833622341,12.816757854740716,12.417147914022566,12.787518102980853,1697390.0,2202800843.9700003,20200701,13.120000000000001,1.026000502548,20220722,20220722,1.017996
000001.SZ,1d,2020-07-02,12.748531767301031,13.148141708019184,12.641319344181529,13.089662204499456,2590501.0,3433511084.46,20200702,13.430000000000001,1.026000502548,20220722,20220722,1.017996
000001.SZ,1d,2020-07-03,13.226114379378824,13.957108173375442,13.216367795458869,13.888882085935757,3768334.0,5280918011.400001,20200703,14.25,1.026000502548,20220722,20220722,1.017996
000001.SZ,1d,2020-07-06,14.23001252313418,15.28264358648931,14.220265939214224,15.28264358648931,4711461.0,7168653356.250001,20200706,15.68,1.026000502548,20220722,20220722,1.017996
000001.SZ,1d,2020-07-07,15.886931789526516,16.20856905888503,14.649115631692242,15.087711908090213,3964427.0,6267919683.040001,20200707,15.48,1.026000502548,20220722,20220722,1.017996
000001.SZ,1d,2020-07-08,14.844047310091339,15.594534271927868,14.844047310091339,15.36061625784895,2631339.0,4095447757.1699996,20200708,15.76,1.026000502548,20220722,20220722,1.017996
000001.SZ,1d,2020-07-09,15.263150418649401,15.263150418649401,14.92201998145098,15.136444827689989,2243994.0,3469517329.73,20200709,15.530000000000001,1.026000502548,20220722,20220722,1.017996
000001.SZ,1d,2020-07-10,14.961006317130797,15.087711908090213,14.385957865853458,14.483423705053006,2158773.0,3254272377.89,20200710,14.86,1.026000502548,20220722,20220722,1.017996
000001.SZ,1d,2020-07-13,14.327478362333729,14.697848551292015,14.132546683934631,14.512663456812874,1937160.0,2871414844.76,20200713,14.89,1.026000502548,20220722,20220722,1.017996
000001.SZ,1d,2020-07-14,14.522410040732828,14.805060974411521,14.181279603534406,14.30798519449382,1953566.0,2891773817.07,20200714,14.680000000000001,1.026000502548,20220722,20220722,1.017996
000001.SZ,1d,2020-07-15,14.40545103369337,14.483423705053008,13.869388918095849,13.908375253775667,2042563.0,2947173149.7200003,20200715,14.27,1.026000502548,20220722,20220722,1.017996
000001.SZ,1d,2020-07-16,13.937615005535532,14.181279603534406,13.762176494976345,13.791416246736208,1930891.0,2771496391.19,20200716,14.15,1.026000502548,20220722,20220722,1.017996
000001.SZ,1d,2020-07-17,13.81090941457612,13.918121837695624,13.596484568337111,13.781669662816254,1291347.0,1821043927.51,20200717,14.14,1.026000502548,20220722,20220722,1.017996
000001.SZ,1d,2020-07-20,13.869388918095849,14.395704449773413,13.742683327136433,14.356718114093594,1979632.0,2872758056.19,20200720,14.73,1.026000502548,20220722,20220722,1.017996
000001.SZ,1d,2020-07-21,14.307985194493819,14.307985194493819,14.03508084473508,14.122800100014675,1252866.0,1815570300.6,20200721,14.49,1.026000502548,20220722,20220722,1.017996
000001.SZ,1d,2020-07-22,14.122800100014675,14.278745442733955,13.908375253775667,14.044827428655037,1312952.0,1895447229.4099998,20200722,14.41,1.026000502548,20220722,20220722,1.017996
000001.SZ,1d,2020-07-23,13.879135502015803,13.927868421615578,13.460032393457741,13.65496407185684,2027526.0,2838535210.7500005,20200723,14.01,1.026000502548,20220722,20220722,1.017996
000001.SZ,1d,2020-07-24,13.61597773617702,13.63547090401693,13.079915620579499,13.15788829193914,1830882.0,2504647111.34,20200724,13.5,1.026000502548,20220722,20220722,1.017996
000001.SZ,1d,2020-07-27,13.323580218578373,13.333326802498327,12.768024935140941,12.904477110020311,1880653.0,2497551472.2799997,20200727,13.24,1.026000502548,20220722,20220722,1.017996
000001.SZ,1d,2020-07-28,13.00194294921986,13.089662204499454,12.845997606500582,13.00194294921986,1217006.0,1618089558.6,20200728,13.34,1.026000502548,20220722,20220722,1.017996
000001.SZ,1d,2020-07-29,13.011689533139815,13.284593882898553,12.875237358260447,13.196874627618959,1519580.0,2043847472.9400003,20200729,13.540000000000001,1.026000502548,20220722,20220722,1.017996
000001.SZ,1d,2020-07-30,13.157888291939141,13.167634875859095,13.031182700979725,13.031182700979725,964068.0,1294444933.22,20200730,13.370000000000001,1.026000502548,20220722,20220722,1.017996
000001.SZ,1d,2020-07-31,12.94346344570013,13.187128043699003,12.914223693940265,13.00194294921986,1165822.0,1559068291.6299999,20200731,13.34,1.026000502548,20220722,20220722,1.017996
000001.SZ,1d,2020-08-03,13.128648540179272,13.274847298978598,13.089662204499454,13.245607547218732,1445096.0,1954607257.49,20200803,13.59,1.026000502548,20220722,20220722,1.017996
000001.SZ,1d,2020-08-04,13.313833634658417,13.791416246736208,13.13839512409923,13.684203823616706,2445663.0,3388510059.2700005,20200804,14.040000000000001,1.026000502548,20220722,20220722,1.017996
000001.SZ,1d,2020-08-05,13.469778977377697,13.499018729137562,13.2748472989786,13.411299473857968,1440203.0,1980352978.3400002,20200805,13.760000000000002,1.026000502548,20220722,20220722,1.017996
000001.SZ,1d,2020-08-06,13.469778977377697,13.606231152257065,13.304087050738463,13.547751648737336,1352511.0,1868047342.49,20200806,13.9,1.026000502548,20220722,20220722,1.017996
000001.SZ,1d,2020-08-07,13.450285809537787,13.547751648737336,13.2748472989786,13.352819970338238,988678.0,1356305781.15,20200807,13.700000000000001,1.026000502548,20220722,20220722,1.017996
000001.SZ,1d,2020-08-10,13.323580218578375,13.664710655776796,13.2748472989786,13.596484568337111,1587710.0,2208568316.4900002,20200810,13.950000000000001,1.026000502548,20220722,20220722,1.017996
000001.SZ,1d,2020-08-11,13.61597773617702,14.288492026653909,13.61597773617702,13.771923078896299,2603308.0,3748036828.23,20200811,14.13,1.026000502548,20220722,20220722,1.017996
000001.SZ,1d,2020-08-12,13.84989575025594,14.132546683934631,13.791416246736208,14.015587676895173,1596812.0,2287731088.15,20200812,14.38,1.026000502548,20220722,20220722,1.017996
000001.SZ,1d,2020-08-13,14.03508084473508,14.093560348254812,13.781669662816254,13.820655998496072,837262.0,1190139725.41,20200813,14.18,1.026000502548,20220722,20220722,1.017996
000001.SZ,1d,2020-08-14,13.742683327136433,14.142293267854585,13.703696991456615,14.103306932174766,1103216.0,1578543607.1,20200814,14.47,1.026000502548,20220722,20220722,1.017996
000001.SZ,1d,2020-08-17,14.230012523134182,14.9610063171308,14.181279603534406,14.805060974411521,3268028.0,4923669137.3,20200817,15.190000000000001,1.026000502548,20220722,20220722,1.017996
000001.SZ,1d,2020-08-18,14.814807558331474,14.912273397531024,14.532156624652782,14.7660746387317,1350261.0,2033477707.99,20200818,15.15,1.026000502548,20220722,20220722,1.017996
000001.SZ,1d,2020-08-19,14.727088303051882,14.9610063171308,14.580889544252557,14.717341719131927,1420928.0,2154215097.0600004,20200819,15.100000000000001,1.026000502548,20220722,20220722,1.017996
000001.SZ,1d,2020-08-20,14.629622463852332,14.756328054811746,14.161786435694497,14.220265939214226,1333802.0,1962605013.7,20200820,14.590000000000002,1.026000502548,20220722,20220722,1.017996
000001.SZ,1d,2020-08-21,14.337224946253684,14.337224946253684,13.957108173375442,14.083813764334858,1234517.0,1787278581.3400002,20200821,14.450000000000001,1.026000502548,20220722,20220722,1.017996
000001.SZ,1d,2020-08-24,14.132546683934631,14.337224946253684,14.044827428655037,14.093560348254812,919449.0,1338031969.4,20200824,14.46,1.026000502548,20220722,20220722,1.017996
000001.SZ,1d,2020-08-25,14.19102618745436,14.317731778413775,14.093560348254812,14.230012523134182,748320.0,1090756854.22,20200825,14.600000000000001,1.026000502548,20220722,20220722,1.017996
000001.SZ,1d,2020-08-26,14.230012523134182,14.239759107054136,13.918121837695624,14.005841092975217,734118.0,1057274169.74,20200826,14.370000000000001,1.026000502548,20220722,20220722,1.017996
000001.SZ,1d,2020-08-27,14.03508084473508,14.09356034825481,13.752429911056389,14.09356034825481,626667.0,895618648.57,20200827,14.459999999999999,1.026000502548,20220722,20220722,1.017996
000001.SZ,1d,2020-08-28,13.898628669855713,14.795314390491564,13.898628669855713,14.746581470891789,2410400.0,3599035694.78,20200828,15.129999999999999,1.026000502548,20220722,20220722,1.017996
000001.SZ,1d,2020-08-31,14.912273397531024,15.28264358648931,14.610129296012422,14.697848551292015,1797130.0,2760350322.28,20200831,15.08,1.026000502548,20220722,20220722,1.017996
000001.SZ,1d,2020-09-01,14.580889544252557,14.844047310091339,14.502916872892918,14.756328054811746,813643.0,1228342741.95,20200901,15.14,1.026000502548,20220722,20220722,1.017996
000001.SZ,1d,2020-09-02,14.62962246385233,15.136444827689987,14.62962246385233,14.931766565370934,1679383.0,2575966637.51,20200902,15.32,1.026000502548,20220722,20220722,1.017996
000001.SZ,1d,2020-09-03,14.931766565370934,14.94151314929089,14.463930537213098,14.522410040732828,1279842.0,1919266726.0100002,20200903,14.9,1.026000502548,20220722,20220722,1.017996
000001.SZ,1d,2020-09-04,14.356718114093594,14.678355383452107,14.23001252313418,14.580889544252555,909890.0,1353550808.28,20200904,14.959999999999999,1.026000502548,20220722,20220722,1.017996
000001.SZ,1d,2020-09-07,14.502916872892918,14.853793894011295,14.454183953293143,14.561396376412647,1031377.0,1551971380.96,20200907,14.94,1.026000502548,20220722,20220722,1.017996
000001.SZ,1d,2020-09-08,14.619875879932376,15.038978988490438,14.619875879932376,15.038978988490438,1407602.0,2154220778.29,20200908,15.43,1.026000502548,20220722,20220722,1.017996
000001.SZ,1d,2020-09-09,14.873287061851206,15.165684579449852,14.74658147089179,14.824554142251431,1013572.0,1554005575.35,20200909,15.21,1.026000502548,20220722,20220722,1.017996
000001.SZ,1d,2020-09-10,14.931766565370934,15.087711908090213,14.814807558331475,14.951259733210845,957092.0,1469402768.28,20200910,15.340000000000002,1.026000502548,20220722,20220722,1.017996
000001.SZ,1d,2020-09-11,14.795314390491564,14.912273397531024,14.444437369373189,14.62962246385233,954236.0,1431844020.44,20200911,15.01,1.026000502548,20220722,20220722,1.017996
000001.SZ,1d,2020-09-14,14.62962246385233,14.912273397531024,14.541903208572737,14.912273397531024,680251.0,1027508108.5500001,20200914,15.3,1.026000502548,20220722,20220722,1.017996
000001.SZ,1d,2020-09-15,14.814807558331475,15.087711908090213,14.7660746387317,14.961006317130797,657133.0,1007999044.1099999,20200915,15.35,1.026000502548,20220722,20220722,1.017996
000001.SZ,1d,2020-09-16,14.931766565370934,15.146191411609943,14.824554142251431,15.048725572410394,722415.0,1114667832.1100001,20200916,15.440000000000001,1.026000502548,20220722,20220722,1.017996
000001.SZ,1d,2020-09-17,15.146191411609943,15.321629922169132,15.009739236730573,15.175431163369806,988216.0,1543414501.54,20200917,15.57,1.026000502548,20220722,20220722,1.017996
000001.SZ,1d,2020-09-18,15.22416408296958,15.682253527207463,15.126698243770031,15.662760359367553,1373193.0,2186759087.8100004,20200918,16.07,1.026000502548,20220722,20220722,1.017996
000001.SZ,1d,2020-09-21,15.594534271927868,15.643267191527643,15.311883338249176,15.4580820970485,896162.0,1418370973.91,20200921,15.860000000000001,1.026000502548,20220722,20220722,1.017996
000001.SZ,1d,2020-09-22,15.272897002569355,15.438588929208588,14.999992652810619,15.175431163369806,867756.0,1354536272.84,20200922,15.57,1.026000502548,20220722,20220722,1.017996
000001.SZ,1d,2020-09-23,15.194924331209716,15.428842345288635,15.116951659850077,15.233910666889535,599200.0,939763265.95,20200923,15.629999999999999,1.026000502548,20220722,20220722,1.017996
000001.SZ,1d,2020-09-24,15.194924331209718,15.214417499049627,14.736834886971836,14.736834886971836,1061011.0,1623376200.8100002,20200924,15.120000000000001,1.026000502548,20220722,20220722,1.017996
000001.SZ,1d,2020-09-25,14.814807558331474,14.922019981450978,14.72708830305188,14.80506097441152,614087.0,933035044.4699999,20200925,15.19,1.026000502548,20220722,20220722,1.017996
000001.SZ,1d,2020-09-28,14.805060974411521,14.980499484970709,14.600382712092467,14.92201998145098,612711.0,932800766.0300001,20200928,15.31,1.026000502548,20220722,20220722,1.017996
000001.SZ,1d,2020-09-29,14.999992652810619,15.019485820650528,14.385957865853458,14.424944201533277,1182374.0,1766848544.72,20200929,14.799999999999999,1.026000502548,20220722,20220722,1.017996
000001.SZ,1d,2020-09-30,14.424944201533279,14.88303364577116,14.424944201533279,14.78556780657161,1217065.0,1838547595.4599998,20200930,15.17,1.026000502548,20220722,20220722,1.017996
000001.SZ,1d,2020-10-09,14.912273397531024,15.155937995529898,14.74658147089179,14.795314390491566,900426.0,1376995906.6,20201009,15.180000000000001,1.026000502548,20220722,20220722,1.017996
000001.SZ,1d,2020-10-12,14.834300726171385,15.643267191527643,14.824554142251431,15.49706843272832,1591347.0,2509002885.3100004,20201012,15.9,1.026000502548,20220722,20220722,1.017996
000001.SZ,1d,2020-10-13,15.49706843272832,15.701746695047373,15.370362841768905,15.653013775447596,908819.0,1453986337.96,20201013,16.06,1.026000502548,20220722,20220722,1.017996
000001.SZ,1d,2020-10-14,15.633520607607688,15.711493278967328,15.39960259352877,15.623774023687734,662562.0,1057937816.08,20201014,16.03,1.026000502548,20220722,20220722,1.017996
000001.SZ,1d,2020-10-15,15.789465950326965,16.491219992563718,15.74073303072719,16.140342971445342,1600062.0,2654379585.66,20201015,16.56,1.026000502548,20220722,20220722,1.017996
000001.SZ,1d,2020-10-16,16.140342971445342,16.92981626896169,16.120849803605434,16.666658503122907,2095614.0,3589229558.5699997,20201016,17.099999999999998,1.026000502548,20220722,20220722,1.017996
000001.SZ,1d,2020-10-19,16.861590181522008,17.6413168951184,16.861590181522008,17.037028692081197,2016106.0,3571336006.25,20201019,17.48,1.026000502548,20220722,20220722,1.017996
000001.SZ,1d,2020-10-20,17.037028692081197,17.153987699120655,16.812857261922233,17.095508195600924,960072.0,1673173355.6499999,20201020,17.54,1.026000502548,20220722,20220722,1.017996
000001.SZ,1d,2020-10-21,17.192974034800475,17.543851055918854,16.890829933281875,17.45613180063926,1244560.0,2204040364.8,20201021,17.91,1.026000502548,20220722,20220722,1.017996
000001.SZ,1d,2020-10-22,17.485371552399123,18.0311802519166,16.861590181522008,17.115001363440836,1890519.0,3342069010.79,20201022,17.560000000000002,1.026000502548,20220722,20220722,1.017996
000001.SZ,1d,2020-10-23,17.085761611680972,18.304084601675335,17.085761611680972,17.670556646878268,1698502.0,3105623948.39,20201023,18.130000000000003,1.026000502548,20220722,20220722,1.017996
000001.SZ,1d,2020-10-26,17.73878273431795,17.826501989597542,17.00778894032133,17.251453538320202,1175599.0,2085800598.85,20201026,17.7,1.026000502548,20220722,20220722,1.017996
000001.SZ,1d,2020-10-27,17.54385105591885,17.54385105591885,17.056521859921105,17.309933041839937,1034865.0,1839243224.79,20201027,17.76,1.026000502548,20220722,20220722,1.017996
000001.SZ,1d,2020-10-28,17.309933041839933,17.4463852167193,16.851843597602052,17.18322745088052,1205824.0,2125604541.75,20201028,17.63,1.026000502548,20220722,20220722,1.017996
000001.SZ,1d,2020-10-29,17.095508195600928,17.475624968479167,16.910323101121783,17.319679625759893,846604.0,1498040947.7,20201029,17.770000000000003,1.026000502548,20220722,20220722,1.017996
000001.SZ,1d,2020-10-30,17.290439874000025,17.894728077037232,17.153987699120655,17.300186457919978,1007804.0,1813064343.1200001,20201030,17.75,1.026000502548,20220722,20220722,1.017996
000001.SZ,1d,2020-11-02,17.20272061872043,17.592583975518625,16.890829933281875,17.183227450880523,968453.0,1702741437.95,20201102,17.630000000000003,1.026000502548,20220722,20220722,1.017996
000001.SZ,1d,2020-11-03,17.261200122240158,17.875234909197317,17.251453538320202,17.504864720239034,957869.0,1727488481.5,20201103,17.96,1.026000502548,20220722,20220722,1.017996
000001.SZ,1d,2020-11-04,17.884981493117277,18.011687084076687,17.504864720239034,17.85574174135741,1247636.0,2275824963.43,20201104,18.32,1.026000502548,20220722,20220722,1.017996
000001.SZ,1d,2020-11-05,17.90447466095718,18.0311802519166,17.095508195600924,17.251453538320202,1429469.0,2558562453.1800003,20201105,17.7,1.026000502548,20220722,20220722,1.017996
000001.SZ,1d,2020-11-06,17.261200122240158,17.300186457919978,16.783617510162365,17.192974034800475,848782.0,1486492208.3700001,20201106,17.64,1.026000502548,20220722,20220722,1.017996
000001.SZ,1d,2020-11-09,17.22221378656034,17.54385105591885,17.095508195600924,17.387905713199572,951424.0,1688807401.7,20201109,17.84,1.026000502548,20220722,20220722,1.017996
000001.SZ,1d,2020-11-10,17.54385105591885,18.0311802519166,17.475624968479167,17.651063479038356,1021063.0,1854142808.8500001,20201110,18.11,1.026000502548,20220722,20220722,1.017996
000001.SZ,1d,2020-11-11,17.738782734317954,17.8362485735175,17.153987699120655,17.358665961439712,940130.0,1677811478.7400002,20201111,17.810000000000002,1.026000502548,20220722,20220722,1.017996
000001.SZ,1d,2020-11-12,17.35866596143971,17.48537155239912,17.00778894032133,17.212467202640383,677258.0,1197284181.1100001,20201112,17.66,1.026000502548,20220722,20220722,1.017996
000001.SZ,1d,2020-11-13,16.97854918856147,17.027282108161245,16.26704856240476,16.74463117448255,1289189.0,2191492021.21,20201113,17.18,1.026000502548,20220722,20220722,1.017996
000001.SZ,1d,2020-11-16,16.647165335283,16.988295772481422,16.47172682472381,16.92981626896169,759857.0,1308190459.6,20201116,17.369999999999997,1.026000502548,20220722,20220722,1.017996
000001.SZ,1d,2020-11-17,16.939562852881647,17.475624968479167,16.812857261922233,17.378159129279616,852931.0,1509511577.97,20201117,17.83,1.026000502548,20220722,20220722,1.017996
000001.SZ,1d,2020-11-18,17.329426209679845,18.0311802519166,17.300186457919978,17.99219391623678,1373401.0,2508632642.49,20201118,18.46,1.026000502548,20220722,20220722,1.017996
000001.SZ,1d,2020-11-19,18.118899507196193,18.499016280074432,17.8362485735175,18.37231068911502,1211741.0,2270476474.58,20201119,18.85,1.026000502548,20220722,20220722,1.017996
000001.SZ,1d,2020-11-20,18.352817521275107,18.508762863994388,18.050673419756507,18.382057273034974,673919.0,1265262915.5900002,20201120,18.86,1.026000502548,20220722,20220722,1.017996
000001.SZ,1d,2020-11-23,18.37231068911502,19.12279765095155,18.323577769515246,19.12279765095155,1165858.0,2252290578.43,20201123,19.62,1.026000502548,20220722,20220722,1.017996
000001.SZ,1d,2020-11-24,19.12279765095155,19.18127715447128,18.684201374553577,18.869386469032722,678543.0,1313496136.53,20201124,19.360000000000003,1.026000502548,20220722,20220722,1.017996
000001.SZ,1d,2020-11-25,18.98634547607218,19.200770322311186,18.56724236751412,18.576988951434075,552585.0,1068352014.21,20201125,19.060000000000002,1.026000502548,20220722,20220722,1.017996
000001.SZ,1d,2020-11-26,18.56724236751412,19.11305106703159,18.54774919967421,19.00583864391209,639658.0,1240074378.13,20201126,19.5,1.026000502548,20220722,20220722,1.017996
000001.SZ,1d,2020-11-27,19.493167839909834,19.493167839909834,18.88887963687263,19.200770322311186,753774.0,1479430635.59,20201127,19.7,1.026000502548,20220722,20220722,1.017996
000001.SZ,1d,2020-11-30,19.395702000710283,20.350867224865866,19.093557899191683,19.239756657991006,1581441.0,3213680470.07,20201130,19.74,1.026000502548,20220722,20220722,1.017996
000001.SZ,1d,2020-12-01,19.20077032231119,19.990243619827538,18.908372804712542,19.54190075950961,1263720.0,2516010782.4900002,20201201,20.05,1.026000502548,20220722,20220722,1.017996
000001.SZ,1d,2020-12-02,19.42494175247015,19.551647343429565,19.025331811752,19.132544234871503,889385.0,1758639187.8400002,20201202,19.63,1.026000502548,20220722,20220722,1.017996
000001.SZ,1d,2020-12-03,19.27874299367083,19.356715665030467,18.684201374553577,19.044824979591912,714452.0,1393085020.58,20201203,19.540000000000003,1.026000502548,20220722,20220722,1.017996
000001.SZ,1d,2020-12-04,18.976598892152225,18.976598892152225,18.489269696154476,18.810906965512988,891348.0,1707639065.1,20201204,19.299999999999997,1.026000502548,20220722,20220722,1.017996
000001.SZ,1d,2020-12-07,18.820653549432944,18.898626220792586,18.206618762475784,18.43079019263475,873807.0,1655173465.4,20201207,18.91,1.026000502548,20220722,20220722,1.017996
000001.SZ,1d,2020-12-08,18.440536776554705,18.54774919967421,18.060420003676462,18.23585851423565,719648.0,1345951734.38,20201208,18.71,1.026000502548,20220722,20220722,1.017996
000001.SZ,1d,2020-12-09,18.31383118559529,18.56724236751412,18.206618762475784,18.23585851423565,677221.0,1277484440.94,20201209,18.71,1.026000502548,20220722,20220722,1.017996
000001.SZ,1d,2020-12-10,18.25535168207556,18.401550440874882,17.982447332316823,18.17737901071592,607867.0,1130916254.15,20201210,18.65,1.026000502548,20220722,20220722,1.017996
000001.SZ,1d,2020-12-11,18.235858514235648,18.323577769515243,17.75827590215786,18.050673419756507,887794.0,1642392314.27,20201211,18.52,1.026000502548,20220722,20220722,1.017996
000001.SZ,1d,2020-12-14,18.12864609111615,18.57698895143407,18.0311802519166,18.401550440874882,835992.0,1575396008.32,20201214,18.88,1.026000502548,20220722,20220722,1.017996
000001.SZ,1d,2020-12-15,18.323577769515246,18.37231068911502,17.690049814718176,18.26509826599552,788858.0,1458268620.75,20201215,18.740000000000002,1.026000502548,20220722,20220722,1.017996
000001.SZ,1d,2020-12-16,18.323577769515246,18.615975287113894,18.109152923276238,18.5282560318343,689070.0,1302133815.28,20201216,19.01,1.026000502548,20220722,20220722,1.017996
000001.SZ,1d,2020-12-17,18.43079019263475,18.586735535354027,18.12864609111615,18.469776528314572,686141.0,1294658299.27,20201217,18.950000000000003,1.026000502548,20220722,20220722,1.017996
000001.SZ,1d,2020-12-18,18.518509447914344,18.615975287113894,17.768022486077815,17.89472807703723,1058756.0,1959764074.98,20201218,18.36,1.026000502548,20220722,20220722,1.017996
000001.SZ,1d,2020-12-21,17.8362485735175,18.16763242679597,17.573090807678717,17.81675540567759,906878.0,1662649810.0500002,20201221,18.28,1.026000502548,20220722,20220722,1.017996
000001.SZ,1d,2020-12-22,17.89472807703723,18.17737901071592,17.42689204887939,17.4463852167193,1028738.0,1873638734.0600002,20201222,17.9,1.026000502548,20220722,20220722,1.017996
000001.SZ,1d,2020-12-23,17.504864720239034,17.612077143358537,17.339172793599797,17.54385105591885,750083.0,1345650736.09,20201223,18.0,1.026000502548,20220722,20220722,1.017996
000001.SZ,1d,2020-12-24,17.690049814718176,18.021433667996643,17.592583975518625,17.797262237837682,632950.0,1155767283.67,20201224,18.26,1.026000502548,20220722,20220722,1.017996
000001.SZ,1d,2020-12-25,17.797262237837682,17.797262237837682,17.348919377519753,17.58283739159867,577077.0,1038128197.3900001,20201225,18.04,1.026000502548,20220722,20220722,1.017996
000001.SZ,1d,2020-12-28,17.56334422375876,18.382057273034974,17.504864720239034,18.37231068911502,1270337.0,2352947321.9700003,20201228,18.85,1.026000502548,20220722,20220722,1.017996
000001.SZ,1d,2020-12-29,18.39180385695493,18.81090696551299,18.226111930315696,18.684201374553574,963092.0,1837947238.25,20201229,19.169999999999998,1.026000502548,20220722,20220722,1.017996
000001.SZ,1d,2020-12-30,18.518509447914344,18.71344112631344,18.245605098155604,18.71344112631344,978498.0,1854082812.28,20201230,19.2,1.026000502548,20220722,20220722,1.017996
000001.SZ,1d,2020-12-31,18.723187710233397,19.083811315271728,18.53800261575425,18.84989330119281,924503.0,1781736285.58,20201231,19.34,1.026000502548,20220722,20220722,1.017996
000001.SZ,1d,2021-01-04,18.615975287113894,18.615975287113894,17.972700748396868,18.12864609111615,1554216.0,2891682312.0499997,20210104,18.6,1.026000502548,20220722,20220722,1.017996
000001.SZ,1d,2021-01-05,17.933714412717052,18.011687084076687,17.348919377519753,17.709542982558087,1821352.0,3284606913.9100003,20210105,18.17,1.026000502548,20220722,20220722,1.017996
000001.SZ,1d,2021-01-06,17.62182372727849,19.064318147431816,17.54385105591885,19.064318147431816,1934945.0,3648521909.1000004,20210106,19.56,1.026000502548,20220722,20220722,1.017996
000001.SZ,1d,2021-01-07,19.025331811752,19.473674672069926,18.74268087807331,19.395702000710287,1584185.0,3111274625.37,20210107,19.900000000000002,1.026000502548,20220722,20220722,1.017996
000001.SZ,1d,2021-01-08,19.395702000710283,19.59063367910938,18.820653549432944,19.346969081110508,1195473.0,2348316363.18,20210108,19.849999999999998,1.026000502548,20220722,20220722,1.017996
000001.SZ,1d,2021-01-11,19.493167839909834,20.11694921078695,19.493167839909834,19.86353802886812,1790457.0,3652546646.82,20210111,20.38,1.026000502548,20220722,20220722,1.017996
000001.SZ,1d,2021-01-12,19.873284612788076,20.467826231905327,19.668606350469023,20.467826231905327,1288166.0,2657687440.67,20210112,21.0,1.026000502548,20220722,20220722,1.017996
000001.SZ,1d,2021-01-13,20.46782623190533,20.477572815825283,19.883031196708036,20.175428714306683,1049120.0,2161849708.0400004,20210113,20.700000000000003,1.026000502548,20220722,20220722,1.017996
000001.SZ,1d,2021-01-14,20.155935546466768,20.360613808785825,19.44443492031006,19.658859766549067,1130156.0,2306404546.81,20210114,20.169999999999998,1.026000502548,20220722,20220722,1.017996
000001.SZ,1d,2021-01-15,20.467826231905327,21.393751704301042,20.292387721346138,20.467826231905327,2480689.0,5311218074.76,20210115,21.0,1.026000502548,20220722,20220722,1.017996
000001.SZ,1d,2021-01-18,20.662757910304425,22.202718169657302,20.662757910304425,22.124745498297663,2157302.0,4792909447.95,20210118,22.7,1.026000502548,20220722,20220722,1.017996
000001.SZ,1d,2021-01-19,21.939560403818522,22.261197673177033,21.491217543500593,21.773868477179285,1242088.0,2790056611.29,20210119,22.34,1.026000502548,20220722,20220722,1.017996
000001.SZ,1d,2021-01-20,21.588683382700143,22.387903264136447,21.55944363094028,21.900574068138702,1280793.0,2889249850.4500003,20210120,22.470000000000002,1.026000502548,20220722,20220722,1.017996
000001.SZ,1d,2021-01-21,21.92981381989857,22.222211337497214,21.588683382700143,21.666656054059782,944779.0,2114252731.64,20210121,22.23,1.026000502548,20220722,20220722,1.017996
000001.SZ,1d,2021-01-22,21.666656054059782,21.666656054059782,20.96490201182303,21.471724375660685,924434.0,2025834761.5400002,20210122,22.03,1.026000502548,20220722,20220722,1.017996
000001.SZ,1d,2021-01-25,21.16958027414208,22.027279659098117,20.88692934046339,21.920067235978607,1028365.0,2269032820.67,20210125,22.49,1.026000502548,20220722,20220722,1.017996
000001.SZ,1d,2021-01-26,21.734882141499465,22.729033701334867,21.734882141499465,21.803108228939152,1126721.0,2558575511.9700003,20210126,22.37,1.026000502548,20220722,20220722,1.017996
000001.SZ,1d,2021-01-27,21.74462872541942,22.87523246013419,21.74462872541942,22.495115687255947,1294153.0,2976800955.73,20210127,23.08,1.026000502548,20220722,20220722,1.017996
000001.SZ,1d,2021-01-28,22.2027181696573,22.592581526455497,21.88108090029879,22.231957921417166,857477.0,1948881146.95,20210128,22.81,1.026000502548,20220722,20220722,1.017996
000001.SZ,1d,2021-01-29,22.23195792141717,22.943458547573876,22.13449208221762,22.504862271175906,1240258.0,2864101419.33,20210129,23.09,1.026000502548,20220722,20220722,1.017996
000001.SZ,1d,2021-02-01,22.41714301589631,24.35671321596734,22.124745498297663,23.927863523489325,1475239.0,3529556986.77,20210201,24.55,1.026000502548,20220722,20220722,1.017996
000001.SZ,1d,2021-02-02,22.787513204854598,23.48926724709135,22.329423760616717,22.69004736565505,2416169.0,5679179941.74,20210202,23.28,1.026000502548,20220722,20220722,1.017996
000001.SZ,1d,2021-02-03,22.88497904405415,24.54189831044648,22.787513204854598,24.31772688028752,1923272.0,4690176486.28,20210203,24.95,1.026000502548,20220722,20220722,1.017996
000001.SZ,1d,2021-02-04,23.56723991845099,24.60037781396621,23.43078774357162,23.976596443089097,1255248.0,3084553750.95,20210204,24.599999999999998,1.026000502548,20220722,20220722,1.017996
000001.SZ,1d,2021-02-05,23.976596443089097,24.668603901405895,23.654959173730585,24.298233712447608,1015576.0,2517804159.63,20210205,24.93,1.026000502548,20220722,20220722,1.017996
000001.SZ,1d,2021-02-08,24.268993960687748,24.268993960687748,23.48926724709135,24.171528121488198,1084265.0,2650948251.3799996,20210208,24.8,1.026000502548,20220722,20220722,1.017996
000001.SZ,1d,2021-02-09,24.161781537568242,24.210514457168017,23.55749333453104,23.95710327524919,942094.0,2302978158.4,20210209,24.580000000000002,1.026000502548,20220722,20220722,1.017996
000001.SZ,1d,2021-02-10,23.976596443089097,24.327473464207475,22.787513204854598,23.216362897332615,1918867.0,4569741959.900001,20210210,23.82,1.026000502548,20220722,20220722,1.017996
000001.SZ,1d,2021-02-18,23.3918014078918,23.927863523489325,22.88497904405415,23.68419892549045,1505231.0,3619387651.7099996,20210218,24.3,1.026000502548,20220722,20220722,1.017996
000001.SZ,1d,2021-02-19,23.352815072211982,23.576986502370946,22.97269829933374,23.24560264909248,922583.0,2197558286.91,20210219,23.85,1.026000502548,20220722,20220722,1.017996
000001.SZ,1d,2021-02-22,23.196869729492704,23.196869729492704,21.69589580581965,21.812854812859108,1956842.0,4445818547.6,20210222,22.380000000000003,1.026000502548,20220722,20220722,1.017996
000001.SZ,1d,2021-02-23,21.812854812859104,22.105252330457752,21.26704611334163,21.374258536461134,1870460.0,4160776611.3100004,20210223,21.93,1.026000502548,20220722,20220722,1.017996
000001.SZ,1d,2021-02-24,21.7056423897396,21.715388973659554,21.0136349314228,21.5984299666201,1428500.0,3144209051.81,20210224,22.16,1.026000502548,20220722,20220722,1.017996
000001.SZ,1d,2021-02-25,21.832347980699016,21.988293323418294,21.130593938462262,21.530203879180412,1593403.0,3524600794.46,20210225,22.09,1.026000502548,20220722,20220722,1.017996
000001.SZ,1d,2021-02-26,21.052621267102623,21.403498288220998,20.67250449422438,20.838196420863618,1124977.0,2424653753.46,20210226,21.380000000000003,1.026000502548,20220722,20220722,1.017996
000001.SZ,1d,2021-03-01,20.994141763582892,21.130593938462262,20.643264742464517,20.906422508303297,1125387.0,2408050906.4,20210301,21.45,1.026000502548,20220722,20220722,1.017996
000001.SZ,1d,2021-03-02,21.072114434942534,21.588683382700143,20.721237413824156,21.101354186702398,1473425.0,3196536981.14,20210302,21.650000000000002,1.026000502548,20220722,20220722,1.017996
000001.SZ,1d,2021-03-03,21.033128099262715,22.49511568725595,20.916169092223253,22.426889599816267,1919635.0,4320024431.320001,20210303,23.01,1.026000502548,20220722,20220722,1.017996
000001.SZ,1d,2021-03-04,22.19297158573735,22.894725627974104,22.076012578697892,22.339170344536672,1213579.0,2799747146.4100003,20210304,22.92,1.026000502548,20220722,20220722,1.017996
000001.SZ,1d,2021-03-05,22.124745498297663,22.3976498480564,21.306032449021448,21.773868477179285,880171.0,1960439115.0400002,20210305,22.34,1.026000502548,20220722,20220722,1.017996
000001.SZ,1d,2021-03-08,21.871334316378835,22.114998914377708,20.935662260063165,21.052621267102623,993774.0,2189190957.56,20210308,21.6,1.026000502548,20220722,20220722,1.017996
000001.SZ,1d,2021-03-09,21.130593938462265,21.364511952541182,20.05846970726722,20.321627473106005,1361895.0,2882931927.56,20210309,20.85,1.026000502548,20220722,20220722,1.017996
000001.SZ,1d,2021-03-10,20.31188088918605,20.380106976625733,19.766072189668574,19.883031196708036,1149417.0,2356185003.94,20210310,20.400000000000002,1.026000502548,20220722,20220722,1.017996
000001.SZ,1d,2021-03-11,20.058469707267218,20.838196420863614,20.03897653942731,20.730983997744108,1048659.0,2213107787.13,20210311,21.27,1.026000502548,20220722,20220722,1.017996
000001.SZ,1d,2021-03-12,20.82844983694366,21.15008710630217,20.662757910304425,20.935662260063165,697201.0,1494219075.5,20210312,21.48,1.026000502548,20220722,20220722,1.017996
000001.SZ,1d,2021-03-15,20.857689588703522,21.55944363094028,20.57503865502483,21.05262126710262,958749.0,2077984893.9499998,20210315,21.599999999999998,1.026000502548,20220722,20220722,1.017996
000001.SZ,1d,2021-03-16,21.05262126710262,21.549697047020324,20.730983997744108,21.11110077062235,939684.0,2038470660.5300002,20210316,21.66,1.026000502548,20220722,20220722,1.017996
000001.SZ,1d,2021-03-17,20.9064225083033,21.003888347502848,20.37036039270578,20.66275791030443,821489.0,1738185857.1,20210317,21.200000000000003,1.026000502548,20220722,20220722,1.017996
000001.SZ,1d,2021-03-18,20.760223749503975,21.179326858062037,20.467826231905327,21.179326858062037,691610.0,1483801548.9800003,20210318,21.73,1.026000502548,20220722,20220722,1.017996
000001.SZ,1d,2021-03-19,20.98439517966294,21.101354186702398,19.85379144494817,19.95125728414772,1525622.0,3159181042.9600005,20210319,20.470000000000002,1.026000502548,20220722,20220722,1.017996
000001.SZ,1d,2021-03-22,20.029229955507358,21.003888347502848,20.009736787667446,21.003888347502848,1451190.0,3087549484.44,20210322,21.55,1.026000502548,20220722,20220722,1.017996
000001.SZ,1d,2021-03-23,21.02338151534276,21.101354186702398,20.428839896225508,20.691997662064292,682903.0,1448043613.41,20210323,21.23,1.026000502548,20220722,20220722,1.017996
000001.SZ,1d,2021-03-24,20.67250449422438,20.740730581664067,19.931764116307807,20.009736787667443,850085.0,1757688572.4800003,20210324,20.529999999999998,1.026000502548,20220722,20220722,1.017996
000001.SZ,1d,2021-03-25,20.05846970726722,20.302134305266094,19.883031196708036,20.22416163390646,492666.0,1017166048.68,20210325,20.750000000000004,1.026000502548,20220722,20220722,1.017996
000001.SZ,1d,2021-03-26,20.31188088918605,20.857689588703526,20.23390821782641,20.604278406784697,822108.0,1733412579.12,20210326,21.14,1.026000502548,20220722,20220722,1.017996
000001.SZ,1d,2021-03-29,20.740730581664064,21.101354186702395,20.662757910304425,20.945408843983117,785667.0,1684397866.28,20210329,21.49,1.026000502548,20220722,20220722,1.017996
000001.SZ,1d,2021-03-30,20.838196420863618,21.374258536461134,20.67250449422438,21.374258536461134,738655.0,1601238499.0600002,20210330,21.93,1.026000502548,20220722,20220722,1.017996
000001.SZ,1d,2021-03-31,21.21831319374186,21.510710711340504,21.052621267102623,21.452231207820777,777028.0,1699922183.9799998,20210331,22.01,1.026000502548,20220722,20220722,1.017996
000001.SZ,1d,2021-04-01,21.520457295260456,21.549697047020324,20.955155427903073,21.228059777661812,544449.0,1183868023.6599998,20210401,21.78,1.026000502548,20220722,20220722,1.017996
000001.SZ,1d,2021-04-02,21.15008710630217,21.179326858062037,20.818703253023703,20.955155427903073,581084.0,1249405387.16,20210402,21.5,1.026000502548,20220722,20220722,1.017996
000001.SZ,1d,2021-04-06,21.003888347502848,21.530203879180412,20.96490201182303,21.130593938462265,401103.0,873387016.62,20210406,21.680000000000003,1.026000502548,20220722,20220722,1.017996
000001.SZ,1d,2021-04-07,21.32552561686136,21.374258536461134,20.769970333423927,21.09160760278244,517605.0,1116774452.27,20210407,21.639999999999997,1.026000502548,20220722,20220722,1.017996
000001.SZ,1d,2021-04-08,20.916169092223253,21.179326858062037,20.789463501263842,21.013634931422803,383030.0,825170840.99,20210408,21.560000000000002,1.026000502548,20220722,20220722,1.017996
000001.SZ,1d,2021-04-09,21.159833690222126,21.169580274142085,20.545798903264966,20.760223749503975,398960.0,849870878.04,20210409,21.3,1.026000502548,20220722,20220722,1.017996
000001.SZ,1d,2021-04-12,20.964902011823025,20.964902011823025,20.107202626866993,20.17542871430668,594743.0,1240067319.93,20210412,20.7,1.026000502548,20220722,20220722,1.017996
000001.SZ,1d,2021-04-13,20.194921882146588,20.350867224865866,20.068216291187174,20.25340138566632,499904.0,1036992692.52,20210413,20.78,1.026000502548,20220722,20220722,1.017996
000001.SZ,1d,2021-04-14,20.263147969586278,20.4093467283856,19.902524364547943,20.146188962546816,537438.0,1113001541.55,20210414,20.67,1.026000502548,20220722,20220722,1.017996
000001.SZ,1d,2021-04-15,20.23390821782641,20.243654801746366,19.571140511269476,19.844044861028216,735865.0,1494016040.7500002,20210415,20.360000000000003,1.026000502548,20220722,20220722,1.017996
000001.SZ,1d,2021-04-16,19.844044861028213,19.912270948467896,19.30798274543069,19.746579021828662,729998.0,1466509057.44,20210416,20.259999999999998,1.026000502548,20220722,20220722,1.017996
000001.SZ,1d,2021-04-19,19.5224075916697,20.701744245984248,19.405448584630243,20.61402499070465,1112283.0,2304021478.31,20210419,21.15,1.026000502548,20220722,20220722,1.017996
000001.SZ,1d,2021-04-20,20.545798903264966,21.393751704301046,20.38985356054569,21.140340522382218,834773.0,1798249024.3,20210420,21.69,1.026000502548,20220722,20220722,1.017996
000001.SZ,1d,2021-04-21,21.734882141499465,22.602328110375453,21.72513555757951,22.426889599816263,1597100.0,3644577541.25,20210421,23.009999999999998,1.026000502548,20220722,20220722,1.017996
000001.SZ,1d,2021-04-22,22.602328110375456,22.641314446055272,22.202718169657302,22.3976498480564,829694.0,1905208911.5900002,20210422,22.98,1.026000502548,20220722,20220722,1.017996
000001.SZ,1d,2021-04-23,22.729033701334867,23.05067097069338,22.485369103335994,22.699793949575003,823230.0,1920413502.35,20210423,23.29,1.026000502548,20220722,20220722,1.017996
000001.SZ,1d,2021-04-26,23.26509581693239,23.61597283805077,22.319677176696764,22.358663512376584,872418.0,2037109597.0100002,20210426,22.94,1.026000502548,20220722,20220722,1.017996
000001.SZ,1d,2021-04-27,22.368410096296536,22.602328110375453,22.28069084101694,22.35866351237658,470431.0,1083043579.27,20210427,22.939999999999998,1.026000502548,20220722,20220722,1.017996
000001.SZ,1d,2021-04-28,22.699793949575007,22.855739292294285,22.202718169657302,22.758273453094734,593838.0,1375141409.72,20210428,23.35,1.026000502548,20220722,20220722,1.017996
000001.SZ,1d,2021-04-29,22.74852686917478,23.10915047421311,22.524355439015814,22.99219146717365,614837.0,1439823965.34,20210429,23.59,1.026000502548,20220722,20220722,1.017996
000001.SZ,1d,2021-04-30,22.758273453094734,22.894725627974104,22.426889599816267,22.699793949575007,561981.0,1308177202.7800002,20210430,23.290000000000003,1.026000502548,20220722,20220722,1.017996
000001.SZ,1d,2021-05-06,22.51460885509586,23.099403890293157,22.51460885509586,22.904472211894056,500295.0,1174181608.06,20210506,23.5,1.026000502548,20220722,20220722,1.017996
000001.SZ,1d,2021-05-07,23.07016413853329,23.68419892549045,22.797259788774554,23.440534327491577,802214.0,1929112374.46,20210507,24.05,1.026000502548,20220722,20220722,1.017996
000001.SZ,1d,2021-05-10,23.3918014078918,23.43078774357162,22.43663618373622,23.25534923301243,661439.0,1566860764.0900002,20210510,23.86,1.026000502548,20220722,20220722,1.017996
000001.SZ,1d,2021-05-11,23.02143121893351,23.14813680989293,22.47562251941604,22.93371196365392,497223.0,1161846399.0600002,20210511,23.529999999999998,1.026000502548,20220722,20220722,1.017996
000001.SZ,1d,2021-05-12,22.699793949575003,23.040924386773426,22.30018400885685,22.95320513149383,533265.0,1245517716.8700001,20210512,23.55,1.026000502548,20220722,20220722,1.017996
000001.SZ,1d,2021-05-13,22.923965379733964,22.99219146717365,22.261197673177033,22.485369103335994,549653.0,1271946298.62,20210513,23.07,1.026000502548,20220722,20220722,1.017996
000001.SZ,1d,2021-05-14,22.730934109760746,23.015807527730956,22.2004801590576,22.90775209332846,563785.0,1300250943.6000001,20210514,23.32,1.017996,20220722,20220722,1.017996
000001.SZ,1d,2021-05-17,22.740757331070064,23.39891315879434,22.544292904883715,23.18280228998935,527565.0,1241605192.3400002,20210517,23.599999999999998,1.017996,20220722,20220722,1.017996
000001.SZ,1d,2021-05-18,23.42838282272229,23.68378657676455,22.986337863803005,23.47749892926888,395415.0,939786731.9499999,20210518,23.900000000000002,1.017996,20220722,20220722,1.017996
000001.SZ,1d,2021-05-19,23.39891315879434,23.70343301938318,23.10421651951481,23.18280228998935,429420.0,1022553739.18,20210519,23.599999999999998,1.017996,20220722,20220722,1.017996
000001.SZ,1d,2021-05-20,22.99616108511232,23.418559601412973,22.858635986781874,23.39891315879434,405788.0,957478853.76,20210520,23.82,1.017996,20220722,20220722,1.017996
000001.SZ,1d,2021-05-21,23.457852486650246,23.66414013414591,22.622878675358255,23.074746855586863,539336.0,1263058114.62,20210521,23.490000000000002,1.017996,20220722,20220722,1.017996
000001.SZ,1d,2021-05-24,23.064923634277545,23.182802289989354,22.780050216307338,23.064923634277545,343936.0,806092207.23,20210524,23.48,1.017996,20220722,20220722,1.017996
000001.SZ,1d,2021-05-25,23.123862962133447,24.292826297942234,23.03545397034959,24.165124420921103,972375.0,2363145902.7,20210525,24.599999999999998,1.017996,20220722,20220722,1.017996
000001.SZ,1d,2021-05-26,24.204417306158376,24.675931929005618,24.06689220782793,24.567876494603127,919264.0,2286540248.86,20210526,25.01,1.017996,20220722,20220722,1.017996
000001.SZ,1d,2021-05-27,24.46964428150995,24.715224814242887,24.086538650446563,24.351765625798137,504091.0,1246712048.75,20210527,24.79,1.017996,20220722,20220722,1.017996
000001.SZ,1d,2021-05-28,24.243710191395646,24.273179855323598,23.732902683311135,24.06689220782793,492401.0,1200523315.7,20210528,24.5,1.017996,20220722,20220722,1.017996
000001.SZ,1d,2021-05-31,23.899897445569533,24.096361871755885,23.487322150578198,23.772195568548405,515351.0,1244209045.99,20210531,24.2,1.017996,20220722,20220722,1.017996
000001.SZ,1d,2021-06-01,23.772195568548405,23.821311675094993,23.084570076896178,23.497145371887516,625018.0,1490476624.5600002,20210601,23.92,1.017996,20220722,20220722,1.017996
000001.SZ,1d,2021-06-02,23.46767570795956,23.497145371887513,22.96669142118437,23.46767570795956,497527.0,1176608126.9900002,20210602,23.89,1.017996,20220722,20220722,1.017996
000001.SZ,1d,2021-06-03,23.300680945701163,23.7132562406925,23.261388060463894,23.34979705224775,400901.0,958876472.45,20210603,23.77,1.017996,20220722,20220722,1.017996
000001.SZ,1d,2021-06-04,23.565907921052737,24.51876038805654,23.379266716175703,24.1061850930652,756739.0,1851425837.6100001,20210604,24.54,1.017996,20220722,20220722,1.017996
000001.SZ,1d,2021-06-07,24.047245765209297,24.047245765209297,23.50696859319683,23.87042778164158,447914.0,1081738832.95,20210607,24.3,1.017996,20220722,20220722,1.017996
000001.SZ,1d,2021-06-08,23.723079462001817,24.13565475699315,23.526615035815464,24.09636187175588,570078.0,1384120301.27,20210608,24.529999999999998,1.017996,20220722,20220722,1.017996
000001.SZ,1d,2021-06-09,23.99812965866271,24.440174617581995,23.752549125929768,24.21424052746769,453832.0,1116771375.46,20210609,24.65,1.017996,20220722,20220722,1.017996
000001.SZ,1d,2021-06-10,24.224063748777013,24.616992601149715,23.72307946200182,23.77219556854841,530215.0,1294972566.6500003,20210610,24.200000000000003,1.017996,20220722,20220722,1.017996
000001.SZ,1d,2021-06-11,23.8802510029509,23.91954388818817,22.711287667142113,22.95686819987505,834665.0,1965393115.4999998,20210611,23.37,1.017996,20220722,20220722,1.017996
000001.SZ,1d,2021-06-15,22.937221757256417,23.015807527730956,22.39694458524395,22.80951988023529,660623.0,1524503477.67,20210615,23.220000000000002,1.017996,20220722,20220722,1.017996
000001.SZ,1d,2021-06-16,22.80951988023529,22.986337863803005,22.60323223273962,22.84881276547256,378208.0,878470834.12,20210616,23.26,1.017996,20220722,20220722,1.017996
000001.SZ,1d,2021-06-17,22.613055454048936,23.271211281773212,22.613055454048936,22.691641224523476,453282.0,1059121804.3299999,20210617,23.099999999999998,1.017996,20220722,20220722,1.017996
000001.SZ,1d,2021-06-18,22.721110888451427,22.868459208091192,21.994192511561934,22.24959626560419,694099.0,1574437729.5800002,20210618,22.650000000000002,1.017996,20220722,20220722,1.017996
000001.SZ,1d,2021-06-21,22.2004801590576,22.269242708222826,21.62091010180787,21.76825842144763,718273.0,1600119859.9500003,20210621,22.16,1.017996,20220722,20220722,1.017996
000001.SZ,1d,2021-06-22,21.984369290252616,22.681818003214158,21.856667413231488,22.563939347502348,757751.0,1720058046.82,20210622,22.97,1.017996,20220722,20220722,1.017996
000001.SZ,1d,2021-06-23,22.446060691790535,22.99616108511232,22.31835881476941,22.730934109760746,447908.0,1035835695.88,20210623,23.14,1.017996,20220722,20220722,1.017996
000001.SZ,1d,2021-06-24,22.622878675358255,22.711287667142113,22.27906592953214,22.67199478190484,390283.0,894502108.5799999,20210624,23.08,1.017996,20220722,20220722,1.017996
000001.SZ,1d,2021-06-25,22.67199478190484,23.18280228998935,22.652348339286206,22.94704497856573,559973.0,1310287389.9,20210625,23.36,1.017996,20220722,20220722,1.017996
000001.SZ,1d,2021-06-28,22.94704497856573,22.976514642493687,22.082601503345792,22.377298142625317,626257.0,1425702202.01,20210628,22.78,1.017996,20220722,20220722,1.017996
000001.SZ,1d,2021-06-29,22.180833716438965,22.387121363934632,21.61108688049855,21.945076405015346,1049749.0,2341926371.42,20210629,22.34,1.017996,20220722,20220722,1.017996
000001.SZ,1d,2021-06-30,21.964722847633983,22.52464646226508,21.954899626324664,22.220126601676238,403435.0,913285187.0999999,20210630,22.62,1.017996,20220722,20220722,1.017996
000001.SZ,1d,2021-07-01,22.40676780655327,23.084570076896178,22.121894388583062,22.789873437616652,664833.0,1530548798.57,20210701,23.2,1.017996,20220722,20220722,1.017996
000001.SZ,1d,2021-07-02,22.318358814769415,22.338005257388048,21.375329569074932,21.42444567562152,1070678.0,2360189793.98,20210702,21.810000000000002,1.017996,20220722,20220722,1.017996
000001.SZ,1d,2021-07-05,21.306567019909707,21.75843520013831,20.717173741350656,21.670026208354454,859341.0,1859394323.75,20210705,22.06,1.017996,20220722,20220722,1.017996
000001.SZ,1d,2021-07-06,21.68967265097309,22.593409011430303,21.463738560858786,22.377298142625317,791957.0,1784792785.5700002,20210706,22.78,1.017996,20220722,20220722,1.017996
000001.SZ,1d,2021-07-07,22.27906592953214,22.64252511797689,22.102247945964425,22.151364052511013,468945.0,1063910095.8299999,20210707,22.55,1.017996,20220722,20220722,1.017996
000001.SZ,1d,2021-07-08,22.377298142625317,22.377298142625317,20.825229175753147,21.129749036341988,1457059.0,3140657439.76,20210708,21.509999999999998,1.017996,20220722,20220722,1.017996
000001.SZ,1d,2021-07-09,20.923461388846324,21.2476276920538,20.64841119218543,20.89399172491837,762365.0,1625461607.71,20210709,21.27,1.017996,20220722,20220722,1.017996
000001.SZ,1d,2021-07-12,21.119925815032673,21.119925815032673,20.520709315164304,20.785936290515878,877901.0,1859059510.48,20210712,21.16,1.017996,20220722,20220722,1.017996
000001.SZ,1d,2021-07-13,20.77611306920656,20.962754274083593,20.17689656933819,20.746643405278604,657614.0,1382029130.1100001,20210713,21.119999999999997,1.017996,20220722,20220722,1.017996
000001.SZ,1d,2021-07-14,20.6287647495668,20.6287647495668,20.049194692317062,20.39300743814318,847951.0,1755810875.16,20210714,20.76,1.017996,20220722,20220722,1.017996
000001.SZ,1d,2021-07-15,20.353714552905906,21.33603668383766,20.265305561122048,21.237804470744482,956003.0,2040266258.5900002,20210715,21.619999999999997,1.017996,20220722,20220722,1.017996
000001.SZ,1d,2021-07-16,21.031516823248815,21.434268896930835,20.923461388846324,20.962754274083593,573003.0,1230180813.02,20210716,21.34,1.017996,20220722,20220722,1.017996
000001.SZ,1d,2021-07-19,20.982400716702227,21.05116326586745,20.412653880761813,20.835052397062466,522136.0,1098434741.86,20210719,21.21,1.017996,20220722,20220722,1.017996
000001.SZ,1d,2021-07-20,20.72699696265997,20.825229175753147,20.10813402017297,20.235835897194093,804034.0,1665315545.53,20210720,20.599999999999998,1.017996,20220722,20220722,1.017996
000001.SZ,1d,2021-07-21,20.21618945457546,20.432300323380446,19.842907044821395,20.088487577554332,753077.0,1535327561.83,20210721,20.45,1.017996,20220722,20220722,1.017996
000001.SZ,1d,2021-07-22,20.088487577554336,20.294775225050007,19.88219993005867,20.019725028389114,868648.0,1773999331.02,20210722,20.380000000000003,1.017996,20220722,20220722,1.017996
000001.SZ,1d,2021-07-23,20.01972502838911,20.01972502838911,19.646442618635046,19.744674831728222,727404.0,1461467511.7900002,20210723,20.1,1.017996,20220722,20220722,1.017996
000001.SZ,1d,2021-07-26,19.607149733397776,19.636619397325727,18.104196873072194,18.467656061516944,1451304.0,2770236696.2900004,20210726,18.8,1.017996,20220722,20220722,1.017996
000001.SZ,1d,2021-07-27,18.536418610682166,18.65429726639398,17.28886950439884,17.446041045347922,1357551.0,2461708369.8399997,20210727,17.76,1.017996,20220722,20220722,1.017996
000001.SZ,1d,2021-07-28,17.53445003713178,17.750560905936762,17.36745527487338,17.436217824038604,1062994.0,1898562591.76,20210728,17.75,1.017996,20220722,20220722,1.017996
000001.SZ,1d,2021-07-29,17.593389364987683,17.917555668195163,17.465687487966555,17.64250547153427,872378.0,1566107824.4,20210729,17.96,1.017996,20220722,20220722,1.017996
000001.SZ,1d,2021-07-30,17.603212586297,17.73091446331813,16.93523353726341,17.377278496182697,950156.0,1679747318.2799997,20210730,17.69,1.017996,20220722,20220722,1.017996
000001.SZ,1d,2021-08-02,17.32816238963611,17.819323455101987,16.876294209407504,17.691621578080856,1159923.0,2056014242.9099998,20210802,18.009999999999998,1.017996,20220722,20220722,1.017996
000001.SZ,1d,2021-08-03,17.671975135462223,17.829146676411302,17.347808832254746,17.57374292236905,896949.0,1609422575.43,20210803,17.89,1.017996,20220722,20220722,1.017996
000001.SZ,1d,2021-08-04,17.721091242008814,17.750560905936762,17.28886950439884,17.49515715189451,729620.0,1300164293.35,20210804,17.810000000000002,1.017996,20220722,20220722,1.017996
000001.SZ,1d,2021-08-05,17.38710171749202,17.73091446331813,17.269223061780206,17.367455274873382,621574.0,1104903004.6999998,20210805,17.680000000000003,1.017996,20220722,20220722,1.017996
000001.SZ,1d,2021-08-06,17.23975339785225,17.583566143678365,17.141521184759075,17.544273258441095,567454.0,1005870948.8,20210806,17.86,1.017996,20220722,20220722,1.017996
000001.SZ,1d,2021-08-09,17.593389364987683,18.90970102043623,17.52462681582246,18.723059815559196,1752798.0,3313803230.96,20210809,19.06,1.017996,20220722,20220722,1.017996
000001.SZ,1d,2021-08-10,18.752529479487155,19.626796176016413,18.56588827461012,19.381215643283475,1301988.0,2535427989.3100004,20210810,19.730000000000004,1.017996,20220722,20220722,1.017996
000001.SZ,1d,2021-08-11,19.636619397325727,20.21618945457546,19.351745979355517,19.45980141375801,1048308.0,2104975144.53,20210811,19.81,1.017996,20220722,20220722,1.017996
000001.SZ,1d,2021-08-12,19.440154971139375,19.94113925791457,19.282983430190296,19.53838718423255,666458.0,1330388046.16,20210812,19.89,1.017996,20220722,20220722,1.017996
000001.SZ,1d,2021-08-13,19.43033174983006,19.567856848160506,19.155281553169168,19.53838718423255,562885.0,1110191399.0,20210813,19.89,1.017996,20220722,20220722,1.017996
000001.SZ,1d,2021-08-16,19.734851610418904,19.842907044821395,19.224044102334393,19.597326512088458,627050.0,1247681171.0,20210816,19.95,1.017996,20220722,20220722,1.017996
000001.SZ,1d,2021-08-17,19.49909429899528,19.862553487440028,19.263336987571662,19.322276315427565,476022.0,947385521.39,20210817,19.669999999999998,1.017996,20220722,20220722,1.017996
000001.SZ,1d,2021-08-18,19.32227631542757,20.825229175753147,19.204397659715756,20.255482339812733,1332732.0,2732213549.09,20210818,20.62,1.017996,20220722,20220722,1.017996
000001.SZ,1d,2021-08-19,20.117957241482287,20.255482339812733,19.66608906125368,19.98043214315184,649976.0,1315320351.8400002,20210819,20.34,1.017996,20220722,20220722,1.017996
000001.SZ,1d,2021-08-20,19.61697295470709,19.715205167800267,18.369423848423768,19.076695782694628,1614628.0,3119152554.9300003,20210820,19.419999999999998,1.017996,20220722,20220722,1.017996
000001.SZ,1d,2021-08-23,19.155281553169168,19.695558725181634,18.772175922105784,18.95881712698282,1191849.0,2315871646.1299996,20210823,19.3,1.017996,20220722,20220722,1.017996
000001.SZ,1d,2021-08-24,19.007933233529407,19.616972954707094,18.87040813519896,19.01775645483872,868953.0,1690760837.07,20210824,19.36,1.017996,20220722,20220722,1.017996
000001.SZ,1d,2021-08-25,19.076695782694628,19.125811889241216,18.615004381156705,18.821292028652373,698084.0,1341330418.51,20210825,19.16,1.017996,20220722,20220722,1.017996
000001.SZ,1d,2021-08-26,18.860584913889642,18.91952424174555,18.084550430453557,18.13366653700015,951619.0,1783725035.2600002,20210826,18.46,1.017996,20220722,20220722,1.017996
000001.SZ,1d,2021-08-27,18.231898750093322,18.54624183199148,17.98631821736038,18.06490398783492,728820.0,1354408976.91,20210827,18.389999999999997,1.017996,20220722,20220722,1.017996
000001.SZ,1d,2021-08-30,17.88808600426721,17.966671774741748,17.23975339785225,17.406748160110652,1252211.0,2221855858.7,20210830,17.720000000000002,1.017996,20220722,20220722,1.017996
000001.SZ,1d,2021-08-31,17.40674816011065,17.613035807606316,17.00399608642863,17.48533393058519,1174868.0,2072006842.05,20210831,17.799999999999997,1.017996,20220722,20220722,1.017996
000001.SZ,1d,2021-09-01,17.17099084868703,17.603212586297,16.709299447149107,17.56391970105973,2316894.0,4046284162.5199995,20210901,17.880000000000003,1.017996,20220722,20220722,1.017996
000001.SZ,1d,2021-09-02,17.68179835677154,18.448009618898308,17.485333930585192,18.074727209144243,2422604.0,4454545280.06,20210902,18.400000000000002,1.017996,20220722,20220722,1.017996
000001.SZ,1d,2021-09-03,18.172959422237415,18.172959422237415,17.387101717492015,17.72109124200881,1394819.0,2523273155.42,20210903,18.04,1.017996,20220722,20220722,1.017996
000001.SZ,1d,2021-09-06,17.613035807606316,18.27119163533059,17.465687487966555,18.12384331569083,1515226.0,2780281080.51,20210906,18.450000000000003,1.017996,20220722,20220722,1.017996
000001.SZ,1d,2021-09-07,18.27119163533059,19.214220881025078,18.025611102597654,18.899877799126916,1622344.0,3067365668.7200003,20210907,19.240000000000002,1.017996,20220722,20220722,1.017996
000001.SZ,1d,2021-09-08,18.899877799126916,19.204397659715756,18.76235270079647,18.890054577817597,1026201.0,1979771479.65,20210908,19.23,1.017996,20220722,20220722,1.017996
000001.SZ,1d,2021-09-09,18.772175922105784,18.811468807343058,18.467656061516944,18.664120487703293,739506.0,1399536020.5,20210909,19.0,1.017996,20220722,20220722,1.017996
000001.SZ,1d,2021-09-10,18.556065053300802,20.402830659452494,18.50694894675421,20.206366233266145,2314945.0,4668361827.72,20210910,20.57,1.017996,20220722,20220722,1.017996
000001.SZ,1d,2021-09-13,20.000078585770474,20.147426905410235,19.45980141375801,19.85273026613071,1297228.0,2606152378.88,20210913,20.209999999999997,1.017996,20220722,20220722,1.017996
000001.SZ,1d,2021-09-14,19.82326060220276,19.911669593986616,18.929347463054864,19.027579676148044,1158173.0,2272080156.85,20210914,19.37,1.017996,20220722,20220722,1.017996
000001.SZ,1d,2021-09-15,18.968640348292137,20.61894152825748,18.850761692580328,19.174927995787804,841618.0,1639298361.44,20210915,19.52,1.017996,20220722,20220722,1.017996
000001.SZ,1d,2021-09-16,18.95881712698282,19.155281553169168,18.39889351235172,18.742706258177833,1176954.0,2234474948.1600003,20210916,19.080000000000002,1.017996,20220722,20220722,1.017996
000001.SZ,1d,2021-09-17,18.565888274610117,18.664120487703293,18.084550430453557,18.20242908616537,1124880.0,2098715196.6000001,20210917,18.53,1.017996,20220722,20220722,1.017996
000001.SZ,1d,2021-09-22,17.554096479750413,17.73091446331813,17.112051520831127,17.662151914152904,1473365.0,2616707242.58,20210922,17.98,1.017996,20220722,20220722,1.017996
000001.SZ,1d,2021-09-23,17.780030569864717,17.996141438669707,17.33798561094543,17.367455274873382,1379838.0,2465683704.6800003,20210923,17.680000000000003,1.017996,20220722,20220722,1.017996
000001.SZ,1d,2021-09-24,17.28886950439884,17.36745527487338,17.033465750356584,17.043288971665902,1265696.0,2209461934.4100003,20210924,17.35,1.017996,20220722,20220722,1.017996
000001.SZ,1d,2021-09-27,16.905763873335452,17.36745527487338,16.75841555369569,17.259399840470888,1140668.0,1979196739.27,20210927,17.57,1.017996,20220722,20220722,1.017996
000001.SZ,1d,2021-09-28,17.16116762737771,17.848793119029935,17.141521184759075,17.652328692843586,1293167.0,2311265535.64,20210928,17.97,1.017996,20220722,20220722,1.017996
000001.SZ,1d,2021-09-29,17.544273258441095,18.114020094381512,17.396924938801334,17.829146676411305,1230122.0,2225416488.1400003,20210929,18.150000000000002,1.017996,20220722,20220722,1.017996
000001.SZ,1d,2021-09-30,17.7702073485554,17.87826278295789,17.396924938801334,17.613035807606316,795611.0,1424675916.8600001,20210930,17.93,1.017996,20220722,20220722,1.017996
000001.SZ,1d,2021-10-08,17.848793119029935,18.556065053300802,17.701444799390174,18.31048452056786,1159201.0,2146983881.5400002,20211008,18.64,1.017996,20220722,20220722,1.017996
000001.SZ,1d,2021-10-11,18.664120487703293,19.391038864592787,18.664120487703293,19.05704934007599,1455338.0,2829310843.75,20211011,19.4,1.017996,20220722,20220722,1.017996
000001.SZ,1d,2021-10-12,18.95881712698282,19.36156920066484,18.860584913889642,19.007933233529403,1031232.0,2004823967.61,20211012,19.349999999999998,1.017996,20220722,20220722,1.017996
000001.SZ,1d,2021-10-13,18.95881712698282,19.558033626851188,18.83111524996169,19.23386732364371,807897.0,1577612469.53,20211013,19.580000000000002,1.017996,20220722,20220722,1.017996
000001.SZ,1d,2021-10-14,19.243690544953026,19.567856848160506,18.556065053300802,18.87040813519896,842990.0,1623970431.3999999,20211014,19.21,1.017996,20220722,20220722,1.017996
000001.SZ,1d,2021-10-15,18.664120487703293,19.54821040554187,18.664120487703293,19.31245309411825,993494.0,1948647236.8100002,20211015,19.66,1.017996,20220722,20220722,1.017996
000001.SZ,1d,2021-10-18,19.106165446622583,19.204397659715756,18.76235270079647,18.948993905673504,729623.0,1408737777.28,20211018,19.290000000000003,1.017996,20220722,20220722,1.017996
000001.SZ,1d,2021-10-19,18.811468807343058,19.332099536736887,18.811468807343058,19.224044102334396,682415.0,1330501301.75,20211019,19.570000000000004,1.017996,20220722,20220722,1.017996
000001.SZ,1d,2021-10-20,19.40086208590211,19.43033174983006,18.850761692580328,18.899877799126916,662956.0,1283356219.4900002,20211020,19.240000000000002,1.017996,20220722,20220722,1.017996
000001.SZ,1d,2021-10-21,19.174927995787804,19.70538194649095,18.90970102043623,19.646442618635046,1621661.0,3198266215.28,20211021,20.0,1.017996,20220722,20220722,1.017996
000001.SZ,1d,2021-10-22,19.803614159584125,20.22601267588478,19.449978192448697,19.685735503872316,1134964.0,2287284921.47,20211022,20.04,1.017996,20220722,20220722,1.017996
000001.SZ,1d,2021-10-25,19.36156920066484,19.842907044821395,19.155281553169168,19.764321274346855,730828.0,1458800089.77,20211025,20.12,1.017996,20220722,20220722,1.017996
000001.SZ,1d,2021-10-26,19.70538194649095,20.088487577554332,19.5089175203046,19.695558725181634,652807.0,1313475882.79,20211026,20.05,1.017996,20220722,20220722,1.017996
000001.SZ,1d,2021-10-27,19.646442618635046,19.81343738089344,19.243690544953026,19.567856848160503,687600.0,1365982833.66,20211027,19.919999999999998,1.017996,20220722,20220722,1.017996
000001.SZ,1d,2021-10-28,19.449978192448697,19.58750329077914,19.027579676148044,19.371392421974157,619011.0,1211946109.14,20211028,19.720000000000002,1.017996,20220722,20220722,1.017996
000001.SZ,1d,2021-10-29,19.282983430190296,19.39103886459279,18.978463569601455,19.155281553169168,539930.0,1052760273.1700001,20211029,19.5,1.017996,20220722,20220722,1.017996
000001.SZ,1d,2021-11-01,18.988286790910774,19.381215643283472,18.67394370901261,19.047226118766677,841490.0,1626762029.8,20211101,19.39,1.017996,20220722,20220722,1.017996
000001.SZ,1d,2021-11-02,19.027579676148044,19.145458331859853,17.671975135462226,17.85861634033926,1997691.0,3691356324.29,20211102,18.180000000000003,1.017996,20220722,20220722,1.017996
000001.SZ,1d,2021-11-03,17.780030569864717,17.917555668195163,17.53445003713178,17.711268020699492,1114972.0,2009325065.9299998,20211103,18.03,1.017996,20220722,20220722,1.017996
000001.SZ,1d,2021-11-04,17.760384127246084,17.780030569864717,17.485333930585192,17.554096479750413,983411.0,1760671898.39,20211104,17.87,1.017996,20220722,20220722,1.017996
000001.SZ,1d,2021-11-05,17.53445003713178,17.68179835677154,17.259399840470888,17.32816238963611,1096040.0,1942415605.07,20211105,17.64,1.017996,20220722,20220722,1.017996
000001.SZ,1d,2021-11-08,17.308515947017476,17.495157151894507,17.053112192975217,17.112051520831123,1376815.0,2406417771.9100003,20211108,17.419999999999998,1.017996,20220722,20220722,1.017996
000001.SZ,1d,2021-11-09,17.17099084868703,17.33798561094543,16.954879979882044,17.220106955233618,1240573.0,2163193119.31,20211109,17.53,1.017996,20220722,20220722,1.017996
000001.SZ,1d,2021-11-10,17.151344406068397,17.16116762737771,16.856647766788868,17.092405078212487,1220851.0,2109735147.17,20211110,17.4,1.017996,20220722,20220722,1.017996
000001.SZ,1d,2021-11-11,17.043288971665902,18.104196873072194,17.01381930773795,18.025611102597654,2084729.0,3752413858.84,20211111,18.35,1.017996,20220722,20220722,1.017996
000001.SZ,1d,2021-11-12,17.98631821736038,18.300661299258543,17.789853791174032,17.947025332123115,957546.0,1753072716.42,20211112,18.27,1.017996,20220722,20220722,1.017996
000001.SZ,1d,2021-11-15,18.02561110259765,18.300661299258543,17.87826278295789,18.104196873072194,655090.0,1203764095.71,20211115,18.43,1.017996,20220722,20220722,1.017996
000001.SZ,1d,2021-11-16,18.035434323906973,18.21225230747469,17.84879311902994,17.897909225576527,601110.0,1099113409.38,20211116,18.220000000000002,1.017996,20220722,20220722,1.017996
000001.SZ,1d,2021-11-17,17.829146676411305,17.976494996051066,17.662151914152904,17.789853791174032,664640.0,1203859180.01,20211117,18.11,1.017996,20220722,20220722,1.017996
000001.SZ,1d,2021-11-18,17.7702073485554,17.79967701248335,17.416571381419967,17.485333930585192,799844.0,1430058311.95,20211118,17.8,1.017996,20220722,20220722,1.017996
000001.SZ,1d,2021-11-19,17.485333930585192,17.91755566819516,17.387101717492015,17.829146676411302,786372.0,1414506380.3700001,20211119,18.15,1.017996,20220722,20220722,1.017996
000001.SZ,1d,2021-11-22,17.711268020699492,17.92737888950448,17.583566143678368,17.79967701248335,738618.0,1337768172.45,20211122,18.12,1.017996,20220722,20220722,1.017996
000001.SZ,1d,2021-11-23,17.789853791174032,18.025611102597654,17.36745527487338,17.563919701059728,1235978.0,2213817590.5600004,20211123,17.88,1.017996,20220722,20220722,1.017996
000001.SZ,1d,2021-11-24,17.455864266657237,17.632682250224953,17.347808832254746,17.554096479750413,741311.0,1316774397.9600003,20211124,17.87,1.017996,20220722,20220722,1.017996
000001.SZ,1d,2021-11-25,17.42639460272928,17.47551070927587,17.31833916832679,17.36745527487338,603533.0,1068221304.51,20211125,17.68,1.017996,20220722,20220722,1.017996
000001.SZ,1d,2021-11-26,17.308515947017476,17.35763205356406,17.2102837339243,17.269223061780202,694500.0,1219937312.76,20211126,17.58,1.017996,20220722,20220722,1.017996
000001.SZ,1d,2021-11-29,17.10222829952181,17.259399840470888,17.053112192975217,17.20046051261498,512595.0,895105981.97,20211129,17.509999999999998,1.017996,20220722,20220722,1.017996
000001.SZ,1d,2021-11-30,17.229930176542936,17.36745527487338,17.043288971665902,17.13169796344976,733616.0,1280384552.25,20211130,17.44,1.017996,20220722,20220722,1.017996
000001.SZ,1d,2021-12-01,17.12187474214044,17.455864266657237,17.06293541428454,17.32816238963611,706925.0,1243666842.2,20211201,17.64,1.017996,20220722,20220722,1.017996
000001.SZ,1d,2021-12-02,17.308515947017476,17.49515715189451,17.06293541428454,17.27904628308952,994798.0,1749164558.4199998,20211202,17.59,1.017996,20220722,20220722,1.017996
000001.SZ,1d,2021-12-03,17.32816238963611,17.387101717492015,17.10222829952181,17.337985610945427,707600.0,1242375057.32,20211203,17.65,1.017996,20220722,20220722,1.017996
000001.SZ,1d,2021-12-06,17.53445003713178,18.231898750093325,17.485333930585192,17.780030569864717,2145625.0,3896385171.79,20211206,18.1,1.017996,20220722,20220722,1.017996
000001.SZ,1d,2021-12-07,17.976494996051066,18.339954184495816,17.829146676411305,18.13366653700015,1616444.0,2979968976.77,20211207,18.46,1.017996,20220722,20220722,1.017996
000001.SZ,1d,2021-12-08,18.123843315690827,18.222075528784003,17.83896989772062,18.143489758309464,980281.0,1798691052.86,20211208,18.47,1.017996,20220722,20220722,1.017996
000001.SZ,1d,2021-12-09,18.1631362009281,18.7230598155592,18.04525754521629,18.369423848423768,1455887.0,2726663443.3,20211209,18.7,1.017996,20220722,20220722,1.017996
000001.SZ,1d,2021-12-10,18.182782643546734,18.369423848423768,17.947025332123115,18.055080766525606,989255.0,1824076523.0400002,20211210,18.38,1.017996,20220722,20220722,1.017996
000001.SZ,1d,2021-12-13,18.143489758309464,18.54624183199148,17.858616340339257,17.947025332123115,1314490.0,2427803721.72,20211213,18.27,1.017996,20220722,20220722,1.017996
000001.SZ,1d,2021-12-14,17.83896989772062,17.848793119029935,17.2102837339243,17.269223061780202,1937209.0,3434156327.9900002,20211214,17.58,1.017996,20220722,20220722,1.017996
000001.SZ,1d,2021-12-15,17.200460512614985,17.34780883225475,17.09240507821249,17.23975339785225,1294627.0,2269821045.32,20211215,17.55,1.017996,20220722,20220722,1.017996
000001.SZ,1d,2021-12-16,17.23975339785225,17.416571381419967,17.151344406068397,17.406748160110652,819480.0,1445483375.0399997,20211216,17.720000000000002,1.017996,20220722,20220722,1.017996
000001.SZ,1d,2021-12-17,17.387101717492015,17.436217824038604,17.259399840470888,17.259399840470888,602370.0,1062875482.9799999,20211217,17.57,1.017996,20220722,20220722,1.017996
000001.SZ,1d,2021-12-20,17.24957661916157,17.337985610945427,17.141521184759075,17.2102837339243,746435.0,1309029268.8100002,20211220,17.52,1.017996,20220722,20220722,1.017996
000001.SZ,1d,2021-12-21,17.180814069996348,17.396924938801334,17.17099084868703,17.27904628308952,893734.0,1572895581.5,20211221,17.59,1.017996,20220722,20220722,1.017996
000001.SZ,1d,2021-12-22,17.308515947017476,17.32816238963611,16.994172865119314,17.08258185690317,976928.0,1701772583.5200002,20211222,17.39,1.017996,20220722,20220722,1.017996
000001.SZ,1d,2021-12-23,17.09240507821249,17.12187474214044,16.905763873335456,17.01381930773795,1059576.0,1831122716.47,20211223,17.32,1.017996,20220722,20220722,1.017996
000001.SZ,1d,2021-12-24,17.02364252904727,17.043288971665902,16.905763873335456,17.003996086428632,488251.0,843109664.7700001,20211224,17.310000000000002,1.017996,20220722,20220722,1.017996
000001.SZ,1d,2021-12-27,17.02364252904727,17.043288971665902,16.856647766788868,16.915587094644774,731119.0,1260455319.19,20211227,17.22,1.017996,20220722,20220722,1.017996
000001.SZ,1d,2021-12-28,16.915587094644774,17.023642529047265,16.787885217623646,16.866470988098186,1126639.0,1934461075.51,20211228,17.169999999999998,1.017996,20220722,20220722,1.017996
000001.SZ,1d,2021-12-29,16.856647766788868,16.856647766788868,16.404779586560263,16.45389569310685,1469374.0,2480534592.86,20211229,16.75,1.017996,20220722,20220722,1.017996
000001.SZ,1d,2021-12-30,16.463718914416166,16.6503601192932,16.424426029178896,16.522658242272072,796664.0,1342374249.46,20211230,16.82,1.017996,20220722,20220722,1.017996
000001.SZ,1d,2021-12-31,16.561951127509342,16.601244012746612,16.110082947280734,16.188668717755274,1750761.0,2899617148.55,20211231,16.479999999999997,1.017996,20220722,20220722,1.017996
000001.SZ,1d,2022-01-04,16.188668717755277,16.365486701322993,15.893972078475752,16.365486701322993,1169259.0,1918887050.94,20220104,16.66,1.017996,20220722,20220722,1.017996
000001.SZ,1d,2022-01-05,16.286900930848454,16.915587094644778,16.257431266920502,16.846824545479553,1961998.0,3344124589.35,20220105,17.150000000000002,1.017996,20220722,20220722,1.017996
000001.SZ,1d,2022-01-06,16.80753166024228,16.964703201191362,16.69947622583979,16.817354881551598,1107885.0,1896535837.6,20220106,17.12,1.017996,20220722,20220722,1.017996
000001.SZ,1d,2022-01-07,16.79770843893296,16.974526422500677,16.75841555369569,16.895940652026137,1126631.0,1937710958.28,20220107,17.2,1.017996,20220722,20220722,1.017996
000001.SZ,1d,2022-01-10,16.98434964381,17.112051520831127,16.728945889767743,16.886117430716823,909774.0,1563414572.47,20220110,17.19,1.017996,20220722,20220722,1.017996
000001.SZ,1d,2022-01-11,16.954879979882044,17.229930176542933,16.837001324170235,17.10222829952181,1581999.0,2752485391.2799997,20220111,17.41,1.017996,20220722,20220722,1.017996
000001.SZ,1d,2022-01-12,17.10222829952181,17.141521184759075,16.601244012746612,16.69947622583979,1502164.0,2561266412.25,20220112,17.0,1.017996,20220722,20220722,1.017996
000001.SZ,1d,2022-01-13,16.61106723405593,16.93523353726341,16.522658242272072,16.679829783221155,909423.0,1550319158.87,20220113,16.98,1.017996,20220722,20220722,1.017996
000001.SZ,1d,2022-01-14,16.69947622583979,16.71912266845842,16.01185073418756,16.041320398115516,2103095.0,3459950804.53,20220114,16.330000000000002,1.017996,20220722,20220722,1.017996
000001.SZ,1d,2022-01-17,16.06096684073415,16.188668717755277,15.835032750619847,15.933264963713023,1143689.0,1855633789.59,20220117,16.220000000000002,1.017996,20220722,20220722,1.017996
000001.SZ,1d,2022-01-18,15.962734627640973,16.24760804561118,15.874325635857117,16.227961602992547,1152974.0,1891094610.09,20220118,16.52,1.017996,20220722,20220722,1.017996
000001.SZ,1d,2022-01-19,16.24760804561118,16.39495636525094,16.070790062043468,16.20831516037391,988392.0,1630973587.2,20220119,16.5,1.017996,20220722,20220722,1.017996
000001.SZ,1d,2022-01-20,16.178845496445962,17.151344406068397,16.129729389899374,17.02364252904727,3031194.0,5195805549.58,20220120,17.330000000000002,1.017996,20220722,20220722,1.017996
000001.SZ,1d,2022-01-21,17.141521184759075,17.249576619161573,16.905763873335456,17.043288971665902,1481683.0,2575115124.6899996,20220121,17.35,1.017996,20220722,20220722,1.017996
000001.SZ,1d,2022-01-24,17.033465750356584,17.072758635593853,16.679829783221155,16.895940652026137,874771.0,1501390339.0100002,20220124,17.2,1.017996,20220722,20220722,1.017996
000001.SZ,1d,2022-01-25,16.778061996314328,16.778061996314328,16.512835020962754,16.552127906200024,1093284.0,1851999025.4199998,20220125,16.849999999999998,1.017996,20220722,20220722,1.017996
000001.SZ,1d,2022-01-26,16.6503601192932,16.79770843893296,16.24760804561118,16.355663480013675,984975.0,1646384984.37,20220126,16.65,1.017996,20220722,20220722,1.017996
000001.SZ,1d,2022-01-27,16.20831516037391,16.24760804561118,15.962734627640973,16.01185073418756,1024643.0,1677261296.33,20220127,16.3,1.017996,20220722,20220722,1.017996
000001.SZ,1d,2022-01-28,16.10025972597142,16.159199053827322,15.54033611134032,15.550159332649638,1675564.0,2695470330.62,20220128,15.83,1.017996,20220722,20220722,1.017996
000001.SZ,1d,2022-02-07,15.73680053752667,16.119906168590056,15.609098660505543,16.10025972597142,1515476.0,2451798485.84,20220207,16.39,1.017996,20220722,20220722,1.017996
000001.SZ,1d,2022-02-08,16.01185073418756,16.670006561911837,15.972557848950293,16.53248146358139,1754695.0,2950309012.49,20220208,16.830000000000002,1.017996,20220722,20220722,1.017996
000001.SZ,1d,2022-02-09,16.62089045536525,16.69947622583979,16.41460280786958,16.561951127509342,1051162.0,1774253636.5000002,20220209,16.86,1.017996,20220722,20220722,1.017996
000001.SZ,1d,2022-02-10,16.473542135725488,16.728945889767743,16.37530992263231,16.689653004530474,784557.0,1326848947.79,20220210,16.990000000000002,1.017996,20220722,20220722,1.017996
000001.SZ,1d,2022-02-11,16.728945889767743,17.033465750356584,16.728945889767743,16.797708438932965,1078139.0,1852167493.23,20220211,17.1,1.017996,20220722,20220722,1.017996
000001.SZ,1d,2022-02-14,16.797708438932965,16.846824545479553,16.218138381683232,16.286900930848454,1150659.0,1917613419.43,20220214,16.580000000000002,1.017996,20220722,20220722,1.017996
000001.SZ,1d,2022-02-15,16.20831516037391,16.37530992263231,15.815386308001212,15.992204291568928,1208264.0,1968985378.1799998,20220215,16.28,1.017996,20220722,20220722,1.017996
000001.SZ,1d,2022-02-16,16.06096684073415,16.237784824301865,15.923441742403705,16.119906168590056,782400.0,1282234150.21,20220216,16.41,1.017996,20220722,20220722,1.017996
000001.SZ,1d,2022-02-17,16.10025972597142,16.257431266920502,16.031497176806198,16.129729389899374,794502.0,1306514349.5900002,20220217,16.42,1.017996,20220722,20220722,1.017996
000001.SZ,1d,2022-02-18,16.031497176806198,16.473542135725484,16.021673955496876,16.473542135725484,802499.0,1330233365.6799998,20220218,16.77,1.017996,20220722,20220722,1.017996
000001.SZ,1d,2022-02-21,16.365486701322993,16.37530992263231,16.031497176806198,16.218138381683232,800995.0,1316023718.12,20220221,16.51,1.017996,20220722,20220722,1.017996
000001.SZ,1d,2022-02-22,16.021673955496876,16.149375832518007,15.874325635857117,15.94308818502234,894957.0,1454156224.87,20220222,16.23,1.017996,20220722,20220722,1.017996
000001.SZ,1d,2022-02-23,16.01185073418756,16.021673955496876,15.756446980145306,15.903795299785067,886742.0,1431289852.14,20220223,16.189999999999998,1.017996,20220722,20220722,1.017996
000001.SZ,1d,2022-02-24,15.844855971929162,15.8645024145478,15.520689668721687,15.628745103124178,1324087.0,2112842553.1000001,20220224,15.91,1.017996,20220722,20220722,1.017996
000001.SZ,1d,2022-02-25,15.70733087359872,15.795739865382577,15.58945221788691,15.618921881814861,726397.0,1157890268.48,20220225,15.9,1.017996,20220722,20220722,1.017996
000001.SZ,1d,2022-02-28,15.618921881814861,15.638568324433498,15.343871685153971,15.4715735621751,723990.0,1137154094.55,20220228,15.750000000000002,1.017996,20220722,20220722,1.017996
000001.SZ,1d,2022-03-01,15.510866447412369,15.66803798836145,15.343871685153971,15.638568324433498,935040.0,1474693965.21,20220301,15.920000000000002,1.017996,20220722,20220722,1.017996
000001.SZ,1d,2022-03-02,15.510866447412369,15.58945221788691,15.38316457039124,15.402811013009876,760761.0,1196321948.91,20220302,15.68,1.017996,20220722,20220722,1.017996
000001.SZ,1d,2022-03-03,15.451927119556464,15.530512890031003,15.353694906463287,15.432280676937829,578285.0,908171588.15,20220303,15.71,1.017996,20220722,20220722,1.017996
000001.SZ,1d,2022-03-04,15.343871685153971,15.353694906463287,15.009882160637176,15.058998267183764,990936.0,1523793664.71,20220304,15.330000000000002,1.017996,20220722,20220722,1.017996
000001.SZ,1d,2022-03-07,14.901826726234681,14.901826726234681,14.400842439459488,14.459781767315393,1113159.0,1655959941.77,20220307,14.72,1.017996,20220722,20220722,1.017996
000001.SZ,1d,2022-03-08,14.361549554222217,14.597306865645837,13.99809036577747,14.057029693633375,1003033.0,1463145930.4,20220308,14.31,1.017996,20220722,20220722,1.017996
000001.SZ,1d,2022-03-09,14.145438685417233,14.19455479196382,12.986298570917766,13.595338292095452,1800760.0,2492042993.23,20220309,13.84,1.017996,20220722,20220722,1.017996
000001.SZ,1d,2022-03-10,13.929327816612247,14.489251431243346,13.840918824828389,14.31243344767563,2249158.0,3269867788.2200003,20220310,14.57,1.017996,20220722,20220722,1.017996
000001.SZ,1d,2022-03-11,14.145438685417233,14.715185521357649,13.899858152684295,14.636599750883109,1493647.0,2187480610.66,20220311,14.9,1.017996,20220722,20220722,1.017996
000001.SZ,1d,2022-03-14,14.371372775531537,14.666069414811062,14.19455479196382,14.23384767720109,1118407.0,1637278471.46,20220314,14.49,1.017996,20220722,20220722,1.017996
000001.SZ,1d,2022-03-15,14.145438685417233,14.145438685417233,13.359580980671831,13.43816675114637,1781409.0,2479769555.05,20220315,13.68,1.017996,20220722,20220722,1.017996
000001.SZ,1d,2022-03-16,13.614984734714085,14.145438685417233,13.271171988887973,14.057029693633375,1531779.0,2141637065.8400002,20220316,14.31,1.017996,20220722,20220722,1.017996
000001.SZ,1d,2022-03-17,14.400842439459488,14.449958546006076,13.988267144468152,14.19455479196382,1730061.0,2506504217.46,20220317,14.450000000000001,1.017996,20220722,20220722,1.017996
000001.SZ,1d,2022-03-18,14.106145800179963,14.587483644336523,13.890034931374977,14.44013532469676,1528807.0,2222158762.02,20220318,14.700000000000001,1.017996,20220722,20220722,1.017996
000001.SZ,1d,2022-03-21,14.243670898510407,14.55801398040857,14.135615464107916,14.332079890294265,1208868.0,1765673892.12,20220321,14.59,1.017996,20220722,20220722,1.017996
000001.SZ,1d,2022-03-22,14.332079890294265,14.95094283278127,14.243670898510407,14.911649947544,1628657.0,2443174055.8500004,20220322,15.18,1.017996,20220722,20220722,1.017996
000001.SZ,1d,2022-03-23,14.842887398378778,14.921473168853316,14.636599750883109,14.734831963976283,1050102.0,1577561341.66,20220323,15.0,1.017996,20220722,20220722,1.017996
000001.SZ,1d,2022-03-24,14.656246193501744,15.039351824565127,14.548190759099251,14.931296390162634,1002360.0,1518870080.3100002,20220324,15.200000000000001,1.017996,20220722,20220722,1.017996
000001.SZ,1d,2022-03-25,14.882180283616046,14.980412496709222,14.55801398040857,14.715185521357649,742933.0,1116354595.1599998,20220325,14.98,1.017996,20220722,20220722,1.017996
000001.SZ,1d,2022-03-28,14.538367537789934,14.783948070522872,14.371372775531537,14.587483644336523,727137.0,1078327302.93,20220328,14.850000000000001,1.017996,20220722,20220722,1.017996
000001.SZ,1d,2022-03-29,14.616953308264472,14.685715857429695,14.341903111603582,14.420488882078123,615643.0,909169631.2400001,20220329,14.68,1.017996,20220722,20220722,1.017996
000001.SZ,1d,2022-03-30,14.597306865645837,15.000058939327856,14.499074652552663,14.941119611471951,1236792.0,1859617040.6399999,20220330,15.209999999999999,1.017996,20220722,20220722,1.017996
000001.SZ,1d,2022-03-31,14.833064177069458,15.294755578607383,14.79377129183219,15.10811437373035,1163747.0,1789209946.79,20220331,15.38,1.017996,20220722,20220722,1.017996
000001.SZ,1d,2022-04-01,15.098291152421034,15.510866447412369,14.931296390162634,15.4715735621751,1484879.0,2319616863.0200005,20220401,15.750000000000002,1.017996,20220722,20220722,1.017996
000001.SZ,1d,2022-04-06,15.363518127772606,16.24760804561118,15.353694906463287,16.10025972597142,2488540.0,4064051491.84,20220406,16.39,1.017996,20220722,20220722,1.017996
000001.SZ,1d,2022-04-07,16.0904365046621,16.365486701322993,15.913618521094385,15.992204291568925,1659065.0,2724002904.78,20220407,16.279999999999998,1.017996,20220722,20220722,1.017996
000001.SZ,1d,2022-04-08,15.97255784895029,16.159199053827322,15.844855971929162,16.110082947280734,1066779.0,1741072072.4800003,20220408,16.4,1.017996,20220722,20220722,1.017996
000001.SZ,1d,2022-04-11,16.06096684073415,16.110082947280738,15.520689668721687,15.766270201454624,1416735.0,2277469055.78,20220411,16.05,1.017996,20220722,20220722,1.017996
000001.SZ,1d,2022-04-12,15.766270201454624,15.972557848950293,15.38316457039124,15.638568324433496,1039261.0,1654820082.5300002,20220412,15.92,1.017996,20220722,20220722,1.017996
000001.SZ,1d,2022-04-13,15.609098660505543,15.795739865382577,15.442103898247145,15.520689668721687,890628.0,1415496125.98,20220413,15.8,1.017996,20220722,20220722,1.017996
000001.SZ,1d,2022-04-14,15.717154094908036,15.962734627640973,15.638568324433496,15.756446980145306,929615.0,1493343952.1499999,20220414,16.04,1.017996,20220722,20220722,1.017996
000001.SZ,1d,2022-04-15,15.618921881814861,16.237784824301865,15.579628996577592,16.129729389899374,1231761.0,2014010094.33,20220415,16.42,1.017996,20220722,20220722,1.017996
000001.SZ,1d,2022-04-18,15.8645024145478,15.913618521094385,15.530512890031003,15.618921881814861,1086888.0,1734236523.8500001,20220418,15.9,1.017996,20220722,20220722,1.017996
000001.SZ,1d,2022-04-19,15.618921881814861,15.687684430980084,15.343871685153971,15.530512890031003,821772.0,1294226951.21,20220419,15.81,1.017996,20220722,20220722,1.017996
000001.SZ,1d,2022-04-20,15.530512890031003,15.766270201454624,15.42245745562851,15.569805775268275,716555.0,1137697846.98,20220420,15.850000000000001,1.017996,20220722,20220722,1.017996
000001.SZ,1d,2022-04-21,15.491220004793734,15.697507652289401,15.42245745562851,15.530512890031003,709891.0,1124663651.04,20220421,15.81,1.017996,20220722,20220722,1.017996
000001.SZ,1d,2022-04-22,15.363518127772606,15.90379529978507,15.127760816348985,15.77609342276394,921274.0,1468452957.95,20220422,16.06,1.017996,20220722,20220722,1.017996
000001.SZ,1d,2022-04-25,15.392987791700559,15.62874510312418,14.5187210951713,14.587483644336523,1664481.0,2527610217.4300003,20220425,14.850000000000001,1.017996,20220722,20220722,1.017996
000001.SZ,1d,2022-04-26,14.616953308264474,14.715185521357649,14.19455479196382,14.469604988624711,988210.0,1456929632.19,20220426,14.73,1.017996,20220722,20220722,1.017996
000001.SZ,1d,2022-04-27,14.715185521357649,15.373341349081922,14.695539078739014,15.373341349081922,1490295.0,2296798759.0,20220427,15.65,1.017996,20220722,20220722,1.017996
000001.SZ,1d,2022-04-28,15.294755578607383,15.648391545742815,15.098291152421034,15.373341349081922,911772.0,1426381925.81,20220428,15.65,1.017996,20220722,20220722,1.017996
000001.SZ,1d,2022-04-29,15.412634234319194,15.46175034086578,14.705362300048332,15.049175045874446,1645013.0,2503476827.84,20220429,15.32,1.017996,20220722,20220722,1.017996
000001.SZ,1d,2022-05-05,14.931296390162634,15.176876922895573,14.882180283616046,15.049175045874446,790196.0,1208735141.83,20220505,15.32,1.017996,20220722,20220722,1.017996
000001.SZ,1d,2022-05-06,14.754478406594918,14.931296390162634,14.646422972192426,14.695539078739014,832432.0,1250995594.77,20220506,14.96,1.017996,20220722,20220722,1.017996
000001.SZ,1d,2022-05-09,14.67589263612038,14.67589263612038,14.20437801327314,14.292787005056995,818621.0,1197104247.0600002,20220509,14.55,1.017996,20220722,20220722,1.017996
000001.SZ,1d,2022-05-10,14.243670898510407,14.341903111603582,13.860565267447024,14.332079890294265,992285.0,1425836927.23,20220510,14.59,1.017996,20220722,20220722,1.017996
000001.SZ,1d,2022-05-11,14.282963783747677,14.577660423027202,14.184731570654503,14.371372775531535,848574.0,1240700426.07,20220511,14.629999999999999,1.017996,20220722,20220722,1.017996
000001.SZ,1d,2022-05-12,14.224024455891772,14.302610226366314,14.07667613625201,14.125792242798598,685064.0,987061607.22,20220512,14.38,1.017996,20220722,20220722,1.017996
000001.SZ,1d,2022-05-13,14.243670898510407,14.400842439459488,14.23384767720109,14.3517263329129,676312.0,985962932.0899999,20220513,14.61,1.017996,20220722,20220722,1.017996
000001.SZ,1d,2022-05-16,14.400842439459488,14.469604988624711,14.096322578870645,14.15526190672655,668228.0,965652298.06,20220516,14.41,1.017996,20220722,20220722,1.017996
000001.SZ,1d,2022-05-17,14.253494119819726,14.459781767315393,14.066852914942693,14.449958546006076,931406.0,1357428406.7499998,20220517,14.71,1.017996,20220722,20220722,1.017996
000001.SZ,1d,2022-05-18,14.58748364433652,14.626776529573792,14.410665660768805,14.489251431243346,778578.0,1150500437.95,20220518,14.75,1.017996,20220722,20220722,1.017996
000001.SZ,1d,2022-05-19,14.292787005056995,14.440135324696758,14.243670898510407,14.361549554222217,590922.0,863214130.52,20220519,14.62,1.017996,20220722,20220722,1.017996
000001.SZ,1d,2022-05-20,14.440135324696758,14.774124849213553,14.410665660768805,14.754478406594918,948598.0,1415164711.31,20220520,15.02,1.017996,20220722,20220722,1.017996
000001.SZ,1d,2022-05-23,14.803594513141507,14.803594513141507,14.499074652552663,14.567837201717886,647726.0,962683728.68,20220523,14.83,1.017996,20220722,20220722,1.017996
000001.SZ,1d,2022-05-24,14.607130086955157,14.607130086955157,14.145438685417233,14.145438685417233,933557.0,1358693535.33,20220524,14.4,1.017996,20220722,20220722,1.017996
000001.SZ,1d,2022-05-25,14.174908349345186,14.23384767720109,14.047206472324058,14.135615464107916,603228.0,866228924.0199999,20220525,14.39,1.017996,20220722,20220722,1.017996
000001.SZ,1d,2022-05-26,14.15526190672655,14.174908349345184,13.821272382209754,13.939151037921564,1011318.0,1435689342.0400002,20220526,14.19,1.017996,20220722,20220722,1.017996
000001.SZ,1d,2022-05-27,14.037383251014738,14.096322578870645,13.860565267447024,13.929327816612247,723067.0,1029702185.9300001,20220527,14.18,1.017996,20220722,20220722,1.017996
000001.SZ,1d,2022-05-30,14.007913587086788,14.027560029705423,13.791802718281803,13.831095603519072,896901.0,1265573047.59,20220530,14.08,1.017996,20220722,20220722,1.017996
000001.SZ,1d,2022-05-31,13.821272382209754,13.929327816612247,13.752509833044531,13.909681373993612,938869.0,1325012047.99,20220531,14.16,1.017996,20220722,20220722,1.017996
000001.SZ,1d,2022-06-01,13.890034931374977,13.890034931374977,13.752509833044531,13.831095603519072,845299.0,1187423732.04,20220601,14.08,1.017996,20220722,20220722,1.017996
000001.SZ,1d,2022-06-02,13.772156275663168,13.781979496972484,13.634631177332722,13.703393726497945,979268.0,1363740797.79,20220602,13.950000000000001,1.017996,20220722,20220722,1.017996
000001.SZ,1d,2022-06-06,13.664100841260673,13.919504595302929,13.398873865909101,13.919504595302929,1710852.0,2370807610.48,20220606,14.17,1.017996,20220722,20220722,1.017996
000001.SZ,1d,2022-06-07,13.772156275663166,13.99809036577747,13.742686611735214,13.909681373993612,1315113.0,1860366715.71,20220607,14.16,1.017996,20220722,20220722,1.017996
000001.SZ,1d,2022-06-08,13.909681373993612,13.919504595302929,13.76233305435385,13.909681373993612,1145521.0,1613524957.8200002,20220608,14.16,1.017996,20220722,20220722,1.017996
000001.SZ,1d,2022-06-09,13.890034931374975,14.204378013273137,13.850742046137706,14.096322578870645,1632901.0,2339986707.88,20220609,14.35,1.017996,20220722,20220722,1.017996
000001.SZ,1d,2022-06-10,14.007913587086788,14.07667613625201,13.88021171006566,14.066852914942693,1346012.0,1914639698.1100001,20220610,14.32,1.017996,20220722,20220722,1.017996
000001.SZ,1d,2022-06-13,13.929327816612249,13.939151037921565,13.634631177332722,13.664100841260673,1547753.0,2163340108.91,20220613,13.91,1.017996,20220722,20220722,1.017996
000001.SZ,1d,2022-06-14,13.467636415074324,13.88021171006566,13.467636415074324,13.870388488756342,1151429.0,1602169897.9900002,20220614,14.120000000000001,1.017996,20220722,20220722,1.017996
000001.SZ,1d,2022-06-15,13.850742046137706,14.842887398378778,13.811449160900438,14.479428209934028,3413544.0,5010292726.77,20220615,14.74,1.017996,20220722,20220722,1.017996
000001.SZ,1d,2022-06-16,14.479428209934028,14.567837201717886,14.165085128035868,14.184731570654503,1332546.0,1939976254.7700002,20220616,14.44,1.017996,20220722,20220722,1.017996
000001.SZ,1d,2022-06-17,14.066852914942693,14.27314056243836,13.948974259230884,14.19455479196382,1053788.0,1513925913.67,20220617,14.450000000000001,1.017996,20220722,20220722,1.017996
000001.SZ,1d,2022-06-20,14.184731570654503,14.184731570654503,14.007913587086787,14.086499357561326,1032167.0,1479529786.97,20220620,14.34,1.017996,20220722,20220722,1.017996
000001.SZ,1d,2022-06-21,14.086499357561326,14.371372775531537,13.978443923158835,14.115969021489281,1321794.0,1905346056.7,20220621,14.370000000000001,1.017996,20220722,20220722,1.017996
000001.SZ,1d,2022-06-22,14.106145800179961,14.106145800179961,13.831095603519072,13.831095603519072,1056046.0,1498415783.73,20220622,14.08,1.017996,20220722,20220722,1.017996
000001.SZ,1d,2022-06-23,13.840918824828389,13.978443923158835,13.811449160900438,13.948974259230884,806028.0,1140899091.6399999,20220623,14.200000000000001,1.017996,20220722,20220722,1.017996
000001.SZ,1d,2022-06-24,13.948974259230882,13.99809036577747,13.860565267447024,13.978443923158833,866041.0,1227798687.09,20220624,14.229999999999999,1.017996,20220722,20220722,1.017996
000001.SZ,1d,2022-06-27,13.988267144468152,14.302610226366314,13.968620701849517,14.23384767720109,1497278.0,2166380438.04,20220627,14.49,1.017996,20220722,20220722,1.017996
000001.SZ,1d,2022-06-28,14.214201234582456,14.410665660768805,14.15526190672655,14.371372775531537,1125110.0,1638673242.41,20220628,14.63,1.017996,20220722,20220722,1.017996
000001.SZ,1d,2022-06-29,14.39101921815017,14.636599750883109,14.292787005056995,14.381195996840853,1266547.0,1865064678.4800003,20220629,14.64,1.017996,20220722,20220722,1.017996
000001.SZ,1d,2022-06-30,14.371372775531537,14.75447840659492,14.292787005056995,14.715185521357649,1548745.0,2304888691.73,20220630,14.98,1.017996,20220722,20220722,1.017996
000001.SZ,1d,2022-07-01,14.734831963976283,14.803594513141507,14.577660423027202,14.656246193501744,779243.0,1164030775.95,20220701,14.92,1.017996,20220722,20220722,1.017996
000001.SZ,1d,2022-07-04,14.685715857429695,14.715185521357649,14.489251431243346,14.675892636120379,834968.0,1241453402.1100001,20220704,14.94,1.017996,20220722,20220722,1.017996
000001.SZ,1d,2022-07-05,14.725008742666967,15.000058939327856,14.55801398040857,14.646422972192426,1115172.0,1674719025.12,20220705,14.91,1.017996,20220722,20220722,1.017996
000001.SZ,1d,2022-07-06,14.567837201717886,14.666069414811062,14.20437801327314,14.27314056243836,1043335.0,1520022514.77,20220706,14.530000000000001,1.017996,20220722,20220722,1.017996
000001.SZ,1d,2022-07-07,14.282963783747679,14.39101921815017,14.125792242798598,14.165085128035868,730161.0,1057696546.69,20220707,14.42,1.017996,20220722,20220722,1.017996
000001.SZ,1d,2022-07-08,14.243670898510409,14.39101921815017,14.115969021489281,14.282963783747679,639698.0,928850348.74,20220708,14.540000000000001,1.017996,20220722,20220722,1.017996
000001.SZ,1d,2022-07-11,14.243670898510407,14.31243344767563,14.106145800179961,14.204378013273137,611692.0,883613754.0500001,20220711,14.459999999999999,1.017996,20220722,20220722,1.017996
000001.SZ,1d,2022-07-12,14.15526190672655,14.469604988624711,14.125792242798598,14.165085128035868,742882.0,1078431989.61,20220712,14.42,1.017996,20220722,20220722,1.017996
000001.SZ,1d,2022-07-13,14.165085128035868,14.214201234582456,13.64445439864204,13.72304016911658,2175996.0,3056913117.8399997,20220713,13.97,1.017996,20220722,20220722,1.017996
000001.SZ,1d,2022-07-14,13.457813193765007,13.467636415074324,13.05506112008299,13.133646890557529,2632121.0,3534578702.13,20220714,13.370000000000001,1.017996,20220722,20220722,1.017996
000001.SZ,1d,2022-07-15,13.24170232496002,13.320288095434561,12.986298570917766,13.0059450135364,1598637.0,2139915274.0300002,20220715,13.24,1.017996,20220722,20220722,1.017996
000001.SZ,1d,2022-07-18,13.015768234845718,13.202409439722752,12.976475349608448,13.153293333176164,1153506.0,1536340973.1999998,20220718,13.39,1.017996,20220722,20220722,1.017996
000001.SZ,1d,2022-07-19,13.104177226629577,13.192586218413433,13.04523789877367,13.182762997104117,755597.0,1008562417.24,20220719,13.420000000000002,1.017996,20220722,20220722,1.017996
000001.SZ,1d,2022-07-20,13.192586218413432,13.231879103650702,13.114000447938892,13.153293333176162,801459.0,1073936299.76,20220720,13.389999999999999,1.017996,20220722,20220722,1.017996
000001.SZ,1d,2022-07-21,13.08453078401094,13.104177226629576,12.760364480803462,12.780010923422097,1970388.0,2588696130.23,20220721,13.01,1.017996,20220722,20220722,1.017996
000001.SZ,1d,2022-07-22,12.840000000000002,12.930000000000001,12.620000000000001,12.81,1376510.0,1755555714.49,20220722,12.81,1.0,20220722,20220722,1.017996
