stock,period,datetime,open,high,low,close,volume,amount,day,raw_close,cum_dr,asof,new_event_day,new_dr
000001.SZ,1d,2016-01-04,9.220096388085182,9.243146629055396,8.628473536516383,8.70530767308376,563497.0,660376153.12,20160104,11.33,1.3015048319350753,20210514,20210514,1.007863
000001.SZ,1d,2016-01-05,8.659207191143334,8.889709600845464,8.567006227262482,8.759091568680924,663269.0,755531353.7200001,20160105,11.4,1.3015048319350753,20210514,20210514,1.007863
000001.SZ,1d,2016-01-06,8.7744583959944,8.882026187188726,8.751408155024187,8.858975946218514,515706.0,591698520.3600001,20160106,11.530000000000001,1.3015048319350753,20210514,20210514,1.007863
000001.SZ,1d,2016-01-07,8.766774982337662,8.766774982337662,8.382604299500779,8.40565454047099,174761.0,194869493.47000003,20160107,10.94,1.3015048319350753,20210514,20210514,1.007863
000001.SZ,1d,2016-01-08,8.613106709202908,8.67457401845681,8.374920885844041,8.54395598629227,747527.0,831334546.23,20160108,11.120000000000001,1.3015048319350753,20210514,20210514,1.007863
000001.SZ,1d,2016-01-11,8.451755022411417,8.513222331665318,8.205885785395813,8.267353094649714,732013.0,800683640.99,20160111,10.76,1.3015048319350753,20210514,20210514,1.007863
000001.SZ,1d,2016-01-12,8.321136990246877,8.382604299500779,8.175152130768863,8.305770162933403,561642.0,605970836.99,20160112,10.81,1.3015048319350753,20210514,20210514,1.007863
000001.SZ,1d,2016-01-13,8.367237472187304,8.405654540470993,8.22125261270929,8.228936026366027,391709.0,424371697.73,20160113,10.71,1.3015048319350753,20210514,20210514,1.007863
000001.SZ,1d,2016-01-14,8.136735062485174,8.298086749276665,8.052217512261059,8.275036508306451,666314.0,708535004.7,20160114,10.77,1.3015048319350753,20210514,20210514,1.007863
000001.SZ,1d,2016-01-15,8.190518958082338,8.298086749276665,8.006117030320633,8.036850684947584,448202.0,474908142.0300001,20160115,10.459999999999999,1.3015048319350753,20210514,20210514,1.007863
000001.SZ,1d,2016-01-18,7.944649721066732,8.11368482151496,7.913916066439782,7.998433616663896,421040.0,439917816.17999995,20160118,10.41,1.3015048319350753,20210514,20210514,1.007863
000001.SZ,1d,2016-01-19,8.029167271290845,8.282719921963189,7.998433616663896,8.228936026366027,501109.0,532074699.5,20160119,10.71,1.3015048319350753,20210514,20210514,1.007863
000001.SZ,1d,2016-01-20,8.221252612709288,8.298086749276663,8.021483857634108,8.098317994201485,603752.0,640968946.8700001,20160120,10.54,1.3015048319350753,20210514,20210514,1.007863
000001.SZ,1d,2016-01-21,8.052217512261059,8.259669680992976,7.929282893753257,7.929282893753257,606145.0,638127876.8299999,20160121,10.32,1.3015048319350753,20210514,20210514,1.007863
000001.SZ,1d,2016-01-22,7.990750203007159,8.029167271290847,7.852448757185881,7.990750203007159,466752.0,482984450.37000006,20160122,10.4,1.3015048319350753,20210514,20210514,1.007863
000001.SZ,1d,2016-01-25,7.990750203007159,8.021483857634108,7.936966307409994,7.967699962036945,376431.0,390734876.74,20160125,10.37,1.3015048319350753,20210514,20210514,1.007863
000001.SZ,1d,2016-01-26,7.929282893753257,7.929282893753257,7.575845865543324,7.583529279200062,647901.0,653561593.37,20160126,9.87,1.3015048319350753,20210514,20210514,1.007863
000001.SZ,1d,2016-01-27,7.629629761140488,7.668046829424177,7.376077110468145,7.591212692856799,569037.0,558510640.86,20160127,9.879999999999999,1.3015048319350753,20210514,20210514,1.007863
000001.SZ,1d,2016-01-28,7.545112210916375,7.598896106513538,7.414494178751834,7.445227833378785,302540.0,296055319.24,20160128,9.69,1.3015048319350753,20210514,20210514,1.007863
000001.SZ,1d,2016-01-29,7.4836449016624735,7.744880965991554,7.445227833378785,7.6834136567376525,544435.0,540544459.55,20160129,10.0,1.3015048319350753,20210514,20210514,1.007863
000001.SZ,1d,2016-02-01,7.668046829424177,7.69109707039439,7.4836449016624735,7.5297453836029,417732.0,412635642.62999994,20160201,9.8,1.3015048319350753,20210514,20210514,1.007863
000001.SZ,1d,2016-02-02,7.529745383602898,7.706463897707865,7.514378556289423,7.644996588453964,369104.0,367360499.7,20160202,9.95,1.3015048319350753,20210514,20210514,1.007863
000001.SZ,1d,2016-02-03,7.568162451886587,7.598896106513537,7.506695142632686,7.568162451886587,274572.0,269997835.61,20160203,9.85,1.3015048319350753,20210514,20210514,1.007863
000001.SZ,1d,2016-02-04,7.598896106513538,7.6834136567376525,7.591212692856801,7.644996588453965,373099.0,370586187.52000004,20160204,9.950000000000001,1.3015048319350753,20210514,20210514,1.007863
000001.SZ,1d,2016-02-05,7.652680002110702,7.660363415767439,7.614262933827013,7.6219463474837506,270893.0,269184383.53,20160205,9.92,1.3015048319350753,20210514,20210514,1.007863
000001.SZ,1d,2016-02-15,7.422177592408572,7.568162451886587,7.414494178751834,7.522061969946162,278499.0,271173372.44,20160215,9.790000000000001,1.3015048319350753,20210514,20210514,1.007863
000001.SZ,1d,2016-02-16,7.5604790382298495,7.706463897707865,7.552795624573112,7.69109707039439,428386.0,427507774.18,20160216,10.01,1.3015048319350753,20210514,20210514,1.007863
000001.SZ,1d,2016-02-17,7.706463897707865,7.852448757185881,7.675730243080914,7.798664861588717,585167.0,590538918.7800001,20160217,10.15,1.3015048319350753,20210514,20210514,1.007863
000001.SZ,1d,2016-02-18,7.8217151025589295,7.852448757185881,7.752564379648291,7.752564379648291,406178.0,412337569.83000004,20160218,10.09,1.3015048319350753,20210514,20210514,1.007863
000001.SZ,1d,2016-02-19,7.752564379648291,7.79098144793198,7.675730243080914,7.714147311364603,318898.0,320939651.99,20160219,10.040000000000001,1.3015048319350753,20210514,20210514,1.007863
000001.SZ,1d,2016-02-22,7.7832980342752425,7.9215994800965195,7.729514138678079,7.906232652783045,617739.0,630251514.49,20160222,10.290000000000001,1.3015048319350753,20210514,20210514,1.007863
000001.SZ,1d,2016-02-23,7.906232652783045,7.906232652783045,7.7218307250213405,7.775614620618505,425874.0,432315311.35,20160223,10.120000000000001,1.3015048319350753,20210514,20210514,1.007863
000001.SZ,1d,2016-02-24,7.729514138678079,7.798664861588717,7.69109707039439,7.798664861588717,300103.0,302498026.09,20160224,10.15,1.3015048319350753,20210514,20210514,1.007863
000001.SZ,1d,2016-02-25,7.775614620618503,7.783298034275241,7.376077110468145,7.42986100606531,622072.0,615004743.2700001,20160225,9.67,1.3015048319350753,20210514,20210514,1.007863
000001.SZ,1d,2016-02-26,7.506695142632686,7.552795624573112,7.422177592408572,7.522061969946162,392154.0,382634662.72,20160226,9.790000000000001,1.3015048319350753,20210514,20210514,1.007863
000001.SZ,1d,2016-02-29,7.522061969946161,7.537428797259637,7.237775664646868,7.345343455841196,566896.0,542183971.78,20160229,9.56,1.3015048319350753,20210514,20210514,1.007863
000001.SZ,1d,2016-03-01,7.391443937781621,7.506695142632686,7.3607102831546705,7.452911247035522,377910.0,365149008.02000004,20160301,9.7,1.3015048319350753,20210514,20210514,1.007863
000001.SZ,1d,2016-03-02,7.491328315319211,7.7832980342752425,7.468278074348999,7.760247793305029,676613.0,673626229.31,20160302,10.100000000000001,1.3015048319350753,20210514,20210514,1.007863
000001.SZ,1d,2016-03-03,7.752564379648292,7.821715102558931,7.714147311364603,7.767931206961767,553089.0,559045201.6200001,20160303,10.110000000000001,1.3015048319350753,20210514,20210514,1.007863
000001.SZ,1d,2016-03-04,7.752564379648291,8.067584339574534,7.737197552334816,7.990750203007159,1381249.0,1429273062.74,20160304,10.4,1.3015048319350753,20210514,20210514,1.007863
000001.SZ,1d,2016-03-07,7.952333134723471,8.059900925917796,7.913916066439782,7.944649721066732,606352.0,630155599.1600001,20160307,10.34,1.3015048319350753,20210514,20210514,1.007863
000001.SZ,1d,2016-03-08,7.9600165483802074,7.9600165483802074,7.637313174797225,7.8985492391263055,643156.0,650471607.35,20160308,10.28,1.3015048319350753,20210514,20210514,1.007863
000001.SZ,1d,2016-03-09,7.79098144793198,7.852448757185881,7.714147311364603,7.814031688902194,325900.0,330124892.38,20160309,10.170000000000002,1.3015048319350753,20210514,20210514,1.007863
000001.SZ,1d,2016-03-10,7.867815584499356,7.952333134723471,7.7832980342752425,7.798664861588717,474020.0,486414240.72,20160310,10.15,1.3015048319350753,20210514,20210514,1.007863
000001.SZ,1d,2016-03-11,7.760247793305029,7.852448757185881,7.714147311364603,7.806348275245455,383736.0,389638934.2,20160311,10.16,1.3015048319350753,20210514,20210514,1.007863
000001.SZ,1d,2016-03-14,7.844765343529144,8.036850684947584,7.844765343529144,7.883182411812832,655158.0,679161304.98,20160314,10.260000000000002,1.3015048319350753,20210514,20210514,1.007863
000001.SZ,1d,2016-03-15,7.8985492391263055,7.9600165483802074,7.806348275245455,7.929282893753257,417920.0,428786691.82,20160315,10.32,1.3015048319350753,20210514,20210514,1.007863
000001.SZ,1d,2016-03-16,7.890865825469568,8.029167271290845,7.875498998156093,7.95233313472347,664886.0,690087713.0500001,20160316,10.35,1.3015048319350753,20210514,20210514,1.007863
000001.SZ,1d,2016-03-17,7.960016548380208,8.052217512261059,7.913916066439782,8.006117030320633,610996.0,635181313.4699999,20160317,10.42,1.3015048319350753,20210514,20210514,1.007863
000001.SZ,1d,2016-03-18,8.006117030320633,8.121368235171698,7.990750203007159,8.098317994201485,797215.0,836565552.7900001,20160318,10.540000000000001,1.3015048319350753,20210514,20210514,1.007863
000001.SZ,1d,2016-03-21,8.106001407858223,8.344187231217091,8.106001407858223,8.298086749276665,920432.0,987764461.92,20160321,10.8,1.3015048319350753,20210514,20210514,1.007863
000001.SZ,1d,2016-03-22,8.275036508306451,8.40565454047099,8.21356919905255,8.236619440022762,625482.0,675406611.44,20160322,10.719999999999999,1.3015048319350753,20210514,20210514,1.007863
000001.SZ,1d,2016-03-23,8.228936026366025,8.275036508306451,8.152101889798649,8.221252612709288,430278.0,458963272.7,20160323,10.7,1.3015048319350753,20210514,20210514,1.007863
000001.SZ,1d,2016-03-24,8.152101889798649,8.167468717112126,8.067584339574534,8.08295116688801,372406.0,393411544.51,20160324,10.52,1.3015048319350753,20210514,20210514,1.007863
000001.SZ,1d,2016-03-25,8.075267753231271,8.144418476141912,8.067584339574534,8.136735062485174,237070.0,250338489.56000003,20160325,10.59,1.3015048319350753,20210514,20210514,1.007863
000001.SZ,1d,2016-03-28,8.159785303455386,8.1828355444256,8.029167271290847,8.052217512261059,358621.0,378973327.48,20160328,10.48,1.3015048319350753,20210514,20210514,1.007863
000001.SZ,1d,2016-03-29,8.075267753231273,8.08295116688801,7.975383375693683,8.013800443977372,318317.0,332422397.07,20160329,10.430000000000001,1.3015048319350753,20210514,20210514,1.007863
000001.SZ,1d,2016-03-30,8.052217512261059,8.22125261270929,8.044534098604322,8.22125261270929,539699.0,572627417.13,20160330,10.700000000000001,1.3015048319350753,20210514,20210514,1.007863
000001.SZ,1d,2016-03-31,8.228936026366027,8.259669680992976,8.175152130768863,8.175152130768863,418387.0,447266281.73,20160331,10.64,1.3015048319350753,20210514,20210514,1.007863
000001.SZ,1d,2016-04-01,8.159785303455386,8.21356919905255,8.067584339574534,8.190518958082338,369341.0,391830399.33,20160401,10.66,1.3015048319350753,20210514,20210514,1.007863
000001.SZ,1d,2016-04-05,8.159785303455386,8.305770162933403,8.067584339574534,8.221252612709288,592308.0,632378859.33,20160405,10.7,1.3015048319350753,20210514,20210514,1.007863
000001.SZ,1d,2016-04-06,8.205885785395813,8.259669680992976,8.152101889798649,8.236619440022762,435259.0,464962437.13000005,20160406,10.719999999999999,1.3015048319350753,20210514,20210514,1.007863
000001.SZ,1d,2016-04-07,8.236619440022764,8.244302853679502,8.136735062485174,8.136735062485174,377719.0,401949050.57000005,20160407,10.59,1.3015048319350753,20210514,20210514,1.007863
000001.SZ,1d,2016-04-08,8.106001407858223,8.198202371739075,8.067584339574534,8.121368235171698,376553.0,397998243.93,20160408,10.57,1.3015048319350753,20210514,20210514,1.007863
000001.SZ,1d,2016-04-11,8.144418476141912,8.298086749276663,8.144418476141912,8.236619440022762,786386.0,840486348.21,20160411,10.719999999999999,1.3015048319350753,20210514,20210514,1.007863
000001.SZ,1d,2016-04-12,8.22125261270929,8.228936026366027,8.159785303455386,8.198202371739075,298599.0,318538001.82000005,20160412,10.670000000000002,1.3015048319350753,20210514,20210514,1.007863
000001.SZ,1d,2016-04-13,8.244302853679502,8.428704781441205,8.228936026366027,8.305770162933403,856760.0,929858588.49,20160413,10.81,1.3015048319350753,20210514,20210514,1.007863
000001.SZ,1d,2016-04-14,8.359554058530566,8.374920885844041,8.290403335619928,8.328820403903617,323646.0,350702741.47,20160414,10.840000000000002,1.3015048319350753,20210514,20210514,1.007863
000001.SZ,1d,2016-04-15,8.328820403903615,8.405654540470993,8.298086749276665,8.359554058530566,497224.0,541052858.38,20160415,10.88,1.3015048319350753,20210514,20210514,1.007863
000001.SZ,1d,2016-04-18,8.31345357659014,8.336503817560352,8.244302853679502,8.244302853679502,350654.0,377791436.76,20160418,10.73,1.3015048319350753,20210514,20210514,1.007863
000001.SZ,1d,2016-04-19,8.275036508306453,8.305770162933403,8.228936026366027,8.275036508306453,218239.0,234479844.29,20160419,10.770000000000001,1.3015048319350753,20210514,20210514,1.007863
000001.SZ,1d,2016-04-20,8.275036508306451,8.282719921963189,7.9600165483802074,8.08295116688801,606586.0,640149677.08,20160420,10.52,1.3015048319350753,20210514,20210514,1.007863
000001.SZ,1d,2016-04-21,8.08295116688801,8.167468717112126,8.029167271290847,8.075267753231273,558799.0,588731547.4699999,20160421,10.510000000000002,1.3015048319350753,20210514,20210514,1.007863
000001.SZ,1d,2016-04-22,8.036850684947584,8.159785303455386,7.998433616663896,8.106001407858223,359677.0,379176139.25,20160422,10.55,1.3015048319350753,20210514,20210514,1.007863
000001.SZ,1d,2016-04-25,8.11368482151496,8.11368482151496,8.006117030320633,8.067584339574534,349257.0,366533376.73,20160425,10.5,1.3015048319350753,20210514,20210514,1.007863
000001.SZ,1d,2016-04-26,8.052217512261059,8.144418476141912,8.036850684947584,8.136735062485174,291699.0,306962513.0,20160426,10.590000000000002,1.3015048319350753,20210514,20210514,1.007863
000001.SZ,1d,2016-04-27,8.129051648828437,8.152101889798649,8.08295116688801,8.121368235171698,239553.0,253308584.05,20160427,10.57,1.3015048319350753,20210514,20210514,1.007863
000001.SZ,1d,2016-04-28,8.129051648828437,8.267353094649716,8.098317994201485,8.190518958082338,457460.0,487261220.54,20160428,10.66,1.3015048319350753,20210514,20210514,1.007863
000001.SZ,1d,2016-04-29,8.175152130768863,8.175152130768863,8.106001407858223,8.121368235171698,404977.0,428582155.01,20160429,10.57,1.3015048319350753,20210514,20210514,1.007863
000001.SZ,1d,2016-05-03,8.129051648828437,8.236619440022762,8.08295116688801,8.205885785395813,489102.0,521137502.43000007,20160503,10.68,1.3015048319350753,20210514,20210514,1.007863
000001.SZ,1d,2016-05-04,8.205885785395813,8.259669680992976,8.190518958082338,8.236619440022764,412435.0,441848167.65000004,20160504,10.72,1.3015048319350753,20210514,20210514,1.007863
000001.SZ,1d,2016-05-05,8.21356919905255,8.236619440022764,8.1828355444256,8.236619440022764,239516.0,256002095.85999998,20160505,10.72,1.3015048319350753,20210514,20210514,1.007863
000001.SZ,1d,2016-05-06,8.244302853679502,8.244302853679502,8.08295116688801,8.08295116688801,346545.0,367408584.52,20160506,10.52,1.3015048319350753,20210514,20210514,1.007863
000001.SZ,1d,2016-05-09,8.067584339574534,8.090634580544748,7.929282893753257,7.95233313472347,411171.0,428356624.07,20160509,10.35,1.3015048319350753,20210514,20210514,1.007863
000001.SZ,1d,2016-05-10,7.944649721066732,7.967699962036945,7.890865825469568,7.8985492391263055,292599.0,301767207.97,20160510,10.28,1.3015048319350753,20210514,20210514,1.007863
000001.SZ,1d,2016-05-11,7.913916066439782,8.02148385763411,7.913916066439782,7.967699962036946,327289.0,339005275.76,20160511,10.370000000000001,1.3015048319350753,20210514,20210514,1.007863
000001.SZ,1d,2016-05-12,7.9215994800965195,7.990750203007159,7.875498998156093,7.975383375693683,325885.0,336792700.57,20160512,10.38,1.3015048319350753,20210514,20210514,1.007863
000001.SZ,1d,2016-05-13,7.95233313472347,7.990750203007159,7.936966307409994,7.95233313472347,184266.0,191007255.66,20160513,10.35,1.3015048319350753,20210514,20210514,1.007863
000001.SZ,1d,2016-05-16,7.929282893753257,7.9600165483802074,7.875498998156093,7.9600165483802074,215224.0,221931208.07000002,20160516,10.36,1.3015048319350753,20210514,20210514,1.007863
000001.SZ,1d,2016-05-17,7.9600165483802074,7.967699962036946,7.867815584499356,7.913916066439782,250424.0,257859628.95000002,20160517,10.3,1.3015048319350753,20210514,20210514,1.007863
000001.SZ,1d,2016-05-18,7.906232652783044,7.929282893753257,7.814031688902192,7.913916066439782,534150.0,547076639.38,20160518,10.3,1.3015048319350753,20210514,20210514,1.007863
000001.SZ,1d,2016-05-19,7.890865825469568,7.929282893753257,7.875498998156093,7.875498998156093,170777.0,175591500.42,20160519,10.25,1.3015048319350753,20210514,20210514,1.007863
000001.SZ,1d,2016-05-20,7.867815584499356,7.936966307409994,7.829398516215667,7.913916066439781,206703.0,212277642.00000003,20160520,10.299999999999999,1.3015048319350753,20210514,20210514,1.007863
000001.SZ,1d,2016-05-23,7.936966307409994,7.944649721066732,7.875498998156093,7.8985492391263055,323646.0,333300178.49,20160523,10.28,1.3015048319350753,20210514,20210514,1.007863
000001.SZ,1d,2016-05-24,7.890865825469568,7.8985492391263055,7.829398516215667,7.844765343529142,259294.0,265042286.91000003,20160524,10.209999999999999,1.3015048319350753,20210514,20210514,1.007863
000001.SZ,1d,2016-05-25,7.875498998156093,7.8985492391263055,7.829398516215667,7.860132170842617,204235.0,209019882.70000002,20160525,10.229999999999999,1.3015048319350753,20210514,20210514,1.007863
000001.SZ,1d,2016-05-26,7.852448757185881,7.890865825469568,7.814031688902192,7.852448757185881,261396.0,266736775.84,20160526,10.22,1.3015048319350753,20210514,20210514,1.007863
000001.SZ,1d,2016-05-27,7.852448757185879,7.906232652783044,7.829398516215667,7.890865825469568,222818.0,228377555.01999998,20160527,10.27,1.3015048319350753,20210514,20210514,1.007863
000001.SZ,1d,2016-05-30,7.875498998156095,7.898549239126307,7.837081929872406,7.898549239126307,380946.0,390119748.19,20160530,10.280000000000001,1.3015048319350753,20210514,20210514,1.007863
000001.SZ,1d,2016-05-31,7.883182411812831,8.121368235171698,7.883182411812831,8.106001407858223,946467.0,991668174.78,20160531,10.549999999999999,1.3015048319350753,20210514,20210514,1.007863
000001.SZ,1d,2016-06-01,8.075267753231271,8.106001407858223,8.021483857634108,8.052217512261059,556750.0,584161145.13,20160601,10.479999999999999,1.3015048319350753,20210514,20210514,1.007863
000001.SZ,1d,2016-06-02,8.044534098604322,8.052217512261059,8.006117030320633,8.036850684947584,293036.0,306269383.37,20160602,10.459999999999999,1.3015048319350753,20210514,20210514,1.007863
000001.SZ,1d,2016-06-03,8.044534098604322,8.08295116688801,7.998433616663896,8.067584339574534,423389.0,443039580.98,20160603,10.5,1.3015048319350753,20210514,20210514,1.007863
000001.SZ,1d,2016-06-06,8.075267753231273,8.090634580544748,8.029167271290847,8.075267753231273,338332.0,354998364.13,20160606,10.510000000000002,1.3015048319350753,20210514,20210514,1.007863
000001.SZ,1d,2016-06-07,8.08295116688801,8.090634580544748,8.052217512261059,8.08295116688801,229282.0,240887148.70000002,20160607,10.52,1.3015048319350753,20210514,20210514,1.007863
000001.SZ,1d,2016-06-08,8.098317994201485,8.098317994201485,8.036850684947584,8.067584339574534,268188.0,281651740.87,20160608,10.5,1.3015048319350753,20210514,20210514,1.007863
000001.SZ,1d,2016-06-13,8.036850684947584,8.044534098604322,7.936966307409994,7.936966307409994,344816.0,358996277.49999994,20160613,10.33,1.3015048319350753,20210514,20210514,1.007863
000001.SZ,1d,2016-06-14,7.944649721066732,7.998433616663896,7.929282893753257,7.990750203007159,273637.0,283578296.52,20160614,10.4,1.3015048319350753,20210514,20210514,1.007863
000001.SZ,1d,2016-06-15,7.936966307409994,8.052217512261059,7.929282893753257,8.021483857634108,378172.0,394033686.13,20160615,10.44,1.3015048319350753,20210514,20210514,1.007863
000001.SZ,1d,2016-06-16,8.021483634815109,8.049563507515746,7.9840438045475945,8.021483634815109,386670.0,331192444.67,20160616,8.569999999999999,1.068380911830849,20210514,20210514,1.007863
000001.SZ,1d,2016-06-17,8.02148363481511,8.058923465082627,7.9934037621144745,8.03084359238199,315173.0,270236697.97,20160617,8.58,1.068380911830849,20210514,20210514,1.007863
000001.SZ,1d,2016-06-20,8.040203549948867,8.049563507515746,8.012123677248232,8.049563507515746,270731.0,232205297.92,20160620,8.6,1.068380911830849,20210514,20210514,1.007863
000001.SZ,1d,2016-06-21,8.058923465082625,8.096363295350141,8.03084359238199,8.058923465082625,380749.0,327940703.41,20160621,8.61,1.068380911830849,20210514,20210514,1.007863
000001.SZ,1d,2016-06-22,8.049563507515746,8.171242955885171,8.03084359238199,8.171242955885171,478002.0,413947368.64000005,20160622,8.73,1.068380911830849,20210514,20210514,1.007863
000001.SZ,1d,2016-06-23,8.115083210483897,8.143163083184534,8.077643380216383,8.10572325291702,335614.0,290490407.0,20160623,8.66,1.068380911830849,20210514,20210514,1.007863
000001.SZ,1d,2016-06-24,8.08700333778326,8.143163083184534,7.9746838469807155,8.02148363481511,427664.0,367771053.91,20160624,8.57,1.068380911830849,20210514,20210514,1.007863
000001.SZ,1d,2016-06-27,8.02148363481511,8.087003337783262,7.9934037621144745,8.058923465082627,325214.0,280044073.17999995,20160627,8.610000000000001,1.068380911830849,20210514,20210514,1.007863
000001.SZ,1d,2016-06-28,8.03084359238199,8.087003337783262,8.012123677248232,8.077643380216383,336519.0,289122213.99,20160628,8.63,1.068380911830849,20210514,20210514,1.007863
000001.SZ,1d,2016-06-29,8.077643380216383,8.133803125617657,8.068283422649506,8.133803125617657,369611.0,319908689.63,20160629,8.690000000000001,1.068380911830849,20210514,20210514,1.007863
000001.SZ,1d,2016-06-30,8.133803125617655,8.180602913452049,8.10572325291702,8.143163083184534,362204.0,315051854.72999996,20160630,8.7,1.068380911830849,20210514,20210514,1.007863
000001.SZ,1d,2016-07-01,8.133803125617655,8.171242955885171,8.124443168050776,8.152523040751412,348930.0,303652375.25,20160701,8.709999999999999,1.068380911830849,20210514,20210514,1.007863
000001.SZ,1d,2016-07-04,8.133803125617655,8.292922404254593,8.115083210483897,8.246122616420202,608257.0,534656909.55,20160704,8.81,1.068380911830849,20210514,20210514,1.007863
000001.SZ,1d,2016-07-05,8.236762658853321,8.264842531553958,8.208682786152686,8.2461226164202,422037.0,371422814.75,20160705,8.809999999999999,1.068380911830849,20210514,20210514,1.007863
000001.SZ,1d,2016-07-06,8.236762658853321,8.255482573987079,8.199322828585807,8.227402701286442,322950.0,283827375.8,20160706,8.79,1.068380911830849,20210514,20210514,1.007863
000001.SZ,1d,2016-07-07,8.227402701286444,8.236762658853323,8.180602913452049,8.218042743719563,312853.0,274337185.84000003,20160707,8.78,1.068380911830849,20210514,20210514,1.007863
000001.SZ,1d,2016-07-08,8.227402701286444,8.227402701286444,8.171242955885171,8.180602913452049,261342.0,228778674.11,20160708,8.74,1.068380911830849,20210514,20210514,1.007863
000001.SZ,1d,2016-07-11,8.189962871018928,8.227402701286444,8.180602913452049,8.189962871018928,365372.0,320333760.68,20160711,8.75,1.068380911830849,20210514,20210514,1.007863
000001.SZ,1d,2016-07-12,8.189962871018928,8.321002276955232,8.180602913452049,8.311642319388353,711832.0,627505578.42,20160712,8.88,1.068380911830849,20210514,20210514,1.007863
000001.SZ,1d,2016-07-13,8.311642319388351,8.470761598025291,8.292922404254593,8.414601852624019,798288.0,716797025.3100001,20160713,8.99,1.068380911830849,20210514,20210514,1.007863
000001.SZ,1d,2016-07-14,8.395881937490262,8.423961810190898,8.339722192088988,8.367802064789624,359699.0,321889343.31,20160714,8.94,1.068380911830849,20210514,20210514,1.007863
000001.SZ,1d,2016-07-15,8.377162022356503,8.423961810190898,8.339722192088988,8.414601852624019,352033.0,315555253.54,20160715,8.99,1.068380911830849,20210514,20210514,1.007863
000001.SZ,1d,2016-07-18,8.414601852624019,8.498841470725928,8.395881937490262,8.461401640458414,506934.0,457358031.39,20160718,9.040000000000001,1.068380911830849,20210514,20210514,1.007863
000001.SZ,1d,2016-07-19,8.461401640458414,8.470761598025293,8.377162022356504,8.395881937490262,362787.0,326046531.03999996,20160719,8.97,1.068380911830849,20210514,20210514,1.007863
000001.SZ,1d,2016-07-20,8.386521979923383,8.414601852624019,8.377162022356504,8.386521979923383,310926.0,278737194.12,20160720,8.96,1.068380911830849,20210514,20210514,1.007863
000001.SZ,1d,2016-07-21,8.377162022356504,8.433321767757777,8.377162022356504,8.414601852624019,340261.0,305710332.75,20160721,8.99,1.068380911830849,20210514,20210514,1.007863
000001.SZ,1d,2016-07-22,8.414601852624019,8.414601852624019,8.349082149655867,8.367802064789624,295549.0,264379250.43,20160722,8.94,1.068380911830849,20210514,20210514,1.007863
000001.SZ,1d,2016-07-25,8.358442107222746,8.40524189505714,8.339722192088988,8.40524189505714,264682.0,236937494.08,20160725,8.98,1.068380911830849,20210514,20210514,1.007863
000001.SZ,1d,2016-07-26,8.395881937490262,8.536281300993444,8.395881937490262,8.526921343426565,546556.0,494506420.12000006,20160726,9.110000000000001,1.068380911830849,20210514,20210514,1.007863
000001.SZ,1d,2016-07-27,8.536281300993444,8.583081088827836,8.339722192088988,8.433321767757777,818678.0,741263303.03,20160727,9.01,1.068380911830849,20210514,20210514,1.007863
000001.SZ,1d,2016-07-28,8.40524189505714,8.526921343426565,8.395881937490262,8.498841470725928,479910.0,434490536.62,20160728,9.08,1.068380911830849,20210514,20210514,1.007863
000001.SZ,1d,2016-07-29,8.498841470725928,8.648600791795989,8.452041682891533,8.611160961528473,671425.0,614972669.3,20160729,9.2,1.068380911830849,20210514,20210514,1.007863
000001.SZ,1d,2016-08-01,8.592441046394715,8.742200367464775,8.583081088827836,8.686040622063503,759324.0,702466616.0,20160801,9.28,1.068380911830849,20210514,20210514,1.007863
000001.SZ,1d,2016-08-02,8.648600791795989,8.667320706929745,8.583081088827836,8.657960749362866,449165.0,413484595.07000005,20160802,9.25,1.068380911830849,20210514,20210514,1.007863
000001.SZ,1d,2016-08-03,8.620520919095352,8.62988087666223,8.56436117369408,8.592441046394715,424622.0,389817535.11,20160803,9.18,1.068380911830849,20210514,20210514,1.007863
000001.SZ,1d,2016-08-04,8.583081088827836,8.592441046394715,8.358442107222746,8.414601852624019,1344462.0,1210346973.56,20160804,8.99,1.068380911830849,20210514,20210514,1.007863
000001.SZ,1d,2016-08-05,8.414601852624019,8.489481513159049,8.377162022356504,8.461401640458414,725948.0,654998092.94,20160805,9.040000000000001,1.068380911830849,20210514,20210514,1.007863
000001.SZ,1d,2016-08-08,8.461401640458412,8.526921343426563,8.433321767757777,8.526921343426563,398479.0,361191045.29,20160808,9.11,1.068380911830849,20210514,20210514,1.007863
000001.SZ,1d,2016-08-09,8.508201428292807,8.56436117369408,8.489481513159049,8.56436117369408,415676.0,378720688.32000005,20160809,9.15,1.068380911830849,20210514,20210514,1.007863
000001.SZ,1d,2016-08-10,8.56436117369408,8.592441046394717,8.536281300993444,8.5550012161272,436655.0,399656990.64000005,20160810,9.14,1.068380911830849,20210514,20210514,1.007863
000001.SZ,1d,2016-08-11,8.5550012161272,8.751560325031656,8.545641258560321,8.62988087666223,935576.0,866594867.9,20160811,9.22,1.068380911830849,20210514,20210514,1.007863
000001.SZ,1d,2016-08-12,8.611160961528473,8.920039561235471,8.592441046394715,8.891959688534836,1370021.0,1282336292.04,20160812,9.5,1.068380911830849,20210514,20210514,1.007863
000001.SZ,1d,2016-08-15,8.93875947636923,9.172758415541198,8.901319646101715,9.060438924738653,1897552.0,1835196865.56,20160815,9.68,1.068380911830849,20210514,20210514,1.007863
000001.SZ,1d,2016-08-16,9.060438924738655,9.060438924738655,8.854519858267322,8.910679603668594,1099558.0,1050479545.3100001,20160816,9.520000000000001,1.068380911830849,20210514,20210514,1.007863
000001.SZ,1d,2016-08-17,8.910679603668592,8.985559264203623,8.873239773401078,8.938759476369231,560725.0,534926047.02,20160817,9.55,1.068380911830849,20210514,20210514,1.007863
000001.SZ,1d,2016-08-18,8.948119433936109,8.976199306636746,8.826439985566685,8.891959688534836,691504.0,658183955.01,20160818,9.5,1.068380911830849,20210514,20210514,1.007863
000001.SZ,1d,2016-08-19,8.882599730967957,8.910679603668592,8.826439985566685,8.901319646101715,505334.0,478779724.24,20160819,9.51,1.068380911830849,20210514,20210514,1.007863
000001.SZ,1d,2016-08-22,8.891959688534836,8.901319646101715,8.760920282598534,8.798360112866048,979432.0,922426435.12,20160822,9.399999999999999,1.068380911830849,20210514,20210514,1.007863
000001.SZ,1d,2016-08-23,8.779640197732292,8.845159900700443,8.770280240165413,8.79836011286605,890656.0,838185900.5899999,20160823,9.4,1.068380911830849,20210514,20210514,1.007863
000001.SZ,1d,2016-08-24,8.807720070432927,8.826439985566687,8.779640197732292,8.826439985566687,732281.0,688971683.08,20160824,9.430000000000001,1.068380911830849,20210514,20210514,1.007863
000001.SZ,1d,2016-08-25,8.817080027999806,8.845159900700441,8.742200367464775,8.835799943133564,617389.0,580648481.91,20160825,9.44,1.068380911830849,20210514,20210514,1.007863
000001.SZ,1d,2016-08-26,8.845159900700443,8.863879815834201,8.79836011286605,8.845159900700443,502233.0,473688076.59,20160826,9.450000000000001,1.068380911830849,20210514,20210514,1.007863
000001.SZ,1d,2016-08-29,8.807720070432927,8.845159900700443,8.779640197732292,8.817080027999806,565231.0,532295362.01000005,20160829,9.42,1.068380911830849,20210514,20210514,1.007863
000001.SZ,1d,2016-08-30,8.817080027999806,8.863879815834201,8.807720070432927,8.863879815834201,595081.0,561854066.27,20160830,9.47,1.068380911830849,20210514,20210514,1.007863
000001.SZ,1d,2016-08-31,8.85451985826732,8.891959688534836,8.826439985566685,8.882599730967957,489746.0,463875762.93,20160831,9.49,1.068380911830849,20210514,20210514,1.007863
000001.SZ,1d,2016-09-01,8.882599730967957,8.910679603668592,8.817080027999806,8.845159900700441,480131.0,454848634.31,20160901,9.45,1.068380911830849,20210514,20210514,1.007863
000001.SZ,1d,2016-09-02,8.826439985566685,8.85451985826732,8.817080027999806,8.845159900700441,368796.0,348054367.10999995,20160902,9.45,1.068380911830849,20210514,20210514,1.007863
000001.SZ,1d,2016-09-05,8.854519858267322,8.854519858267322,8.79836011286605,8.817080027999806,469936.0,443204803.58,20160905,9.42,1.068380911830849,20210514,20210514,1.007863
000001.SZ,1d,2016-09-06,8.817080027999806,8.826439985566685,8.760920282598534,8.807720070432927,574738.0,539813283.55,20160906,9.41,1.068380911830849,20210514,20210514,1.007863
000001.SZ,1d,2016-09-07,8.807720070432927,8.817080027999808,8.770280240165413,8.79836011286605,459373.0,431984158.6100001,20160907,9.4,1.068380911830849,20210514,20210514,1.007863
000001.SZ,1d,2016-09-08,8.78900015529917,8.817080027999806,8.779640197732292,8.79836011286605,295218.0,277503757.8,20160908,9.4,1.068380911830849,20210514,20210514,1.007863
000001.SZ,1d,2016-09-09,8.798360112866048,8.826439985566685,8.760920282598534,8.77964019773229,327431.0,307527271.24,20160909,9.379999999999999,1.068380911830849,20210514,20210514,1.007863
000001.SZ,1d,2016-09-12,8.695400579630382,8.72348045233102,8.545641258560321,8.573721131260958,756581.0,697759184.1,20160912,9.16,1.068380911830849,20210514,20210514,1.007863
000001.SZ,1d,2016-09-13,8.592441046394715,8.620520919095352,8.5550012161272,8.601801003961596,460931.0,423113832.02000004,20160913,9.190000000000001,1.068380911830849,20210514,20210514,1.007863
000001.SZ,1d,2016-09-14,8.583081088827836,8.592441046394717,8.470761598025293,8.48012155559217,421481.0,384081266.46000004,20160914,9.06,1.068380911830849,20210514,20210514,1.007863
000001.SZ,1d,2016-09-19,8.470761598025293,8.5550012161272,8.470761598025293,8.536281300993444,354348.0,322575925.94,20160919,9.120000000000001,1.068380911830849,20210514,20210514,1.007863
000001.SZ,1d,2016-09-20,8.536281300993444,8.536281300993444,8.461401640458414,8.498841470725928,436678.0,396359321.31,20160920,9.08,1.068380911830849,20210514,20210514,1.007863
000001.SZ,1d,2016-09-21,8.498841470725928,8.517561385859684,8.452041682891533,8.498841470725928,405665.0,367767497.46,20160921,9.08,1.068380911830849,20210514,20210514,1.007863
000001.SZ,1d,2016-09-22,8.517561385859684,8.592441046394715,8.508201428292807,8.573721131260958,494613.0,451909020.47999996,20160922,9.16,1.068380911830849,20210514,20210514,1.007863
000001.SZ,1d,2016-09-23,8.573721131260958,8.601801003961596,8.5550012161272,8.56436117369408,288798.0,264699513.1,20160923,9.15,1.068380911830849,20210514,20210514,1.007863
000001.SZ,1d,2016-09-26,8.545641258560321,8.545641258560321,8.461401640458414,8.461401640458414,439481.0,398771864.85,20160926,9.040000000000001,1.068380911830849,20210514,20210514,1.007863
000001.SZ,1d,2016-09-27,8.461401640458412,8.489481513159049,8.433321767757777,8.48012155559217,401323.0,362769231.03,20160927,9.06,1.068380911830849,20210514,20210514,1.007863
000001.SZ,1d,2016-09-28,8.480121555592168,8.480121555592168,8.452041682891533,8.470761598025291,271366.0,245499467.89,20160928,9.049999999999999,1.068380911830849,20210514,20210514,1.007863
000001.SZ,1d,2016-09-29,8.470761598025293,8.498841470725928,8.470761598025293,8.48012155559217,303664.0,275239667.40999997,20160929,9.06,1.068380911830849,20210514,20210514,1.007863
000001.SZ,1d,2016-09-30,8.48012155559217,8.517561385859686,8.470761598025293,8.489481513159049,308084.0,279526475.64000005,20160930,9.07,1.068380911830849,20210514,20210514,1.007863
000001.SZ,1d,2016-10-10,8.517561385859684,8.583081088827836,8.498841470725928,8.536281300993442,611381.0,557122276.5,20161010,9.12,1.068380911830849,20210514,20210514,1.007863
000001.SZ,1d,2016-10-11,8.545641258560321,8.564361173694078,8.526921343426563,8.564361173694078,363370.0,331886515.46000004,20161011,9.149999999999999,1.068380911830849,20210514,20210514,1.007863
000001.SZ,1d,2016-10-12,8.5550012161272,8.573721131260958,8.536281300993444,8.545641258560321,270316.0,246995531.01,20161012,9.13,1.068380911830849,20210514,20210514,1.007863
000001.SZ,1d,2016-10-13,8.498841470725928,8.526921343426565,8.470761598025293,8.489481513159049,632367.0,574142476.2700001,20161013,9.07,1.068380911830849,20210514,20210514,1.007863
000001.SZ,1d,2016-10-14,8.48012155559217,8.508201428292807,8.461401640458414,8.508201428292807,335411.0,304218676.83,20161014,9.090000000000002,1.068380911830849,20210514,20210514,1.007863
000001.SZ,1d,2016-10-17,8.498841470725928,8.508201428292807,8.452041682891533,8.470761598025291,359223.0,325582450.32,20161017,9.049999999999999,1.068380911830849,20210514,20210514,1.007863
000001.SZ,1d,2016-10-18,8.452041682891533,8.508201428292807,8.452041682891533,8.508201428292807,593737.0,537784120.36,20161018,9.09,1.068380911830849,20210514,20210514,1.007863
000001.SZ,1d,2016-10-19,8.508201428292807,8.526921343426565,8.470761598025293,8.498841470725928,482636.0,438299029.51,20161019,9.08,1.068380911830849,20210514,20210514,1.007863
000001.SZ,1d,2016-10-20,8.498841470725928,8.508201428292807,8.470761598025293,8.489481513159049,342844.0,310966016.7,20161020,9.07,1.068380911830849,20210514,20210514,1.007863
000001.SZ,1d,2016-10-21,8.498841470725928,8.545641258560321,8.48012155559217,8.545641258560321,683896.0,621549844.97,20161021,9.13,1.068380911830849,20210514,20210514,1.007863
000001.SZ,1d,2016-10-24,8.545641258560321,8.704760537197261,8.536281300993444,8.648600791795989,915677.0,844746080.61,20161024,9.24,1.068380911830849,20210514,20210514,1.007863
000001.SZ,1d,2016-10-25,8.657960749362866,8.667320706929745,8.592441046394715,8.62052091909535,500752.0,461542701.14000005,20161025,9.209999999999999,1.068380911830849,20210514,20210514,1.007863
000001.SZ,1d,2016-10-26,8.62988087666223,8.62988087666223,8.545641258560321,8.56436117369408,440452.0,403750809.07000005,20161026,9.15,1.068380911830849,20210514,20210514,1.007863
000001.SZ,1d,2016-10-27,8.573721131260958,8.583081088827837,8.536281300993444,8.573721131260958,324140.0,296216914.82,20161027,9.16,1.068380911830849,20210514,20210514,1.007863
000001.SZ,1d,2016-10-28,8.573721131260958,8.63924083422911,8.5550012161272,8.583081088827836,541997.0,497615050.8,20161028,9.17,1.068380911830849,20210514,20210514,1.007863
000001.SZ,1d,2016-10-31,8.56436117369408,8.573721131260958,8.508201428292807,8.56436117369408,493596.0,450148883.09,20161031,9.15,1.068380911830849,20210514,20210514,1.007863
000001.SZ,1d,2016-11-01,8.555001216127199,8.573721131260958,8.526921343426563,8.555001216127199,525415.0,480117542.32000005,20161101,9.139999999999999,1.068380911830849,20210514,20210514,1.007863
000001.SZ,1d,2016-11-02,8.5550012161272,8.5550012161272,8.470761598025293,8.489481513159049,633586.0,576083788.2400001,20161102,9.07,1.068380911830849,20210514,20210514,1.007863
000001.SZ,1d,2016-11-03,8.48012155559217,8.5550012161272,8.470761598025293,8.545641258560321,616871.0,561464947.1899999,20161103,9.13,1.068380911830849,20210514,20210514,1.007863
000001.SZ,1d,2016-11-04,8.526921343426563,8.583081088827836,8.517561385859684,8.526921343426563,508117.0,463831938.55,20161104,9.11,1.068380911830849,20210514,20210514,1.007863
000001.SZ,1d,2016-11-07,8.517561385859684,8.536281300993444,8.489481513159049,8.536281300993444,497240.0,452447930.56000006,20161107,9.120000000000001,1.068380911830849,20210514,20210514,1.007863
000001.SZ,1d,2016-11-08,8.536281300993442,8.56436117369408,8.517561385859684,8.56436117369408,806694.0,736747217.08,20161108,9.15,1.068380911830849,20210514,20210514,1.007863
000001.SZ,1d,2016-11-09,8.5550012161272,8.5550012161272,8.433321767757777,8.489481513159049,722616.0,656061960.6999999,20161109,9.07,1.068380911830849,20210514,20210514,1.007863
000001.SZ,1d,2016-11-10,8.517561385859684,8.573721131260958,8.517561385859684,8.555001216127199,631998.0,576898452.74,20161110,9.139999999999999,1.068380911830849,20210514,20210514,1.007863
000001.SZ,1d,2016-11-11,8.555001216127199,8.592441046394715,8.526921343426563,8.592441046394715,812269.0,742969896.6100001,20161111,9.18,1.068380911830849,20210514,20210514,1.007863
000001.SZ,1d,2016-11-14,8.573721131260958,8.657960749362866,8.573721131260958,8.62988087666223,975078.0,898058354.0100001,20161114,9.22,1.068380911830849,20210514,20210514,1.007863
000001.SZ,1d,2016-11-15,8.611160961528473,8.648600791795989,8.592441046394715,8.63924083422911,554342.0,510596178.35,20161115,9.23,1.068380911830849,20210514,20210514,1.007863
000001.SZ,1d,2016-11-16,8.63924083422911,8.648600791795989,8.611160961528475,8.63924083422911,415842.0,383425739.88,20161116,9.23,1.068380911830849,20210514,20210514,1.007863
000001.SZ,1d,2016-11-17,8.629880876662229,8.629880876662229,8.592441046394715,8.62052091909535,505324.0,464611128.37,20161117,9.209999999999999,1.068380911830849,20210514,20210514,1.007863
000001.SZ,1d,2016-11-18,8.620520919095352,8.620520919095352,8.573721131260958,8.592441046394715,517597.0,475289972.51000005,20161118,9.18,1.068380911830849,20210514,20210514,1.007863
000001.SZ,1d,2016-11-21,8.592441046394715,8.686040622063503,8.583081088827836,8.648600791795989,850243.0,785475676.61,20161121,9.24,1.068380911830849,20210514,20210514,1.007863
000001.SZ,1d,2016-11-22,8.648600791795989,8.760920282598535,8.63924083422911,8.760920282598535,1180256.0,1097408714.34,20161122,9.360000000000001,1.068380911830849,20210514,20210514,1.007863
000001.SZ,1d,2016-11-23,8.742200367464775,8.948119433936109,8.742200367464775,8.845159900700441,1752869.0,1660465709.36,20161123,9.45,1.068380911830849,20210514,20210514,1.007863
000001.SZ,1d,2016-11-24,8.835799943133564,8.910679603668592,8.817080027999806,8.863879815834201,779748.0,738580569.2900001,20161124,9.47,1.068380911830849,20210514,20210514,1.007863
000001.SZ,1d,2016-11-25,8.873239773401078,9.004279179337383,8.854519858267322,9.004279179337383,1013674.0,968127766.3299999,20161125,9.620000000000001,1.068380911830849,20210514,20210514,1.007863
000001.SZ,1d,2016-11-28,9.069798882305532,9.154038500407442,8.985559264203623,9.01363913690426,1279689.0,1240686233.53,20161128,9.629999999999999,1.068380911830849,20210514,20210514,1.007863
000001.SZ,1d,2016-11-29,8.976199306636746,9.079158839872413,8.938759476369231,9.004279179337383,887779.0,854308658.4000001,20161129,9.620000000000001,1.068380911830849,20210514,20210514,1.007863
000001.SZ,1d,2016-11-30,9.032359052038018,9.09787875500617,8.891959688534836,8.938759476369231,1025963.0,985758449.84,20161130,9.55,1.068380911830849,20210514,20210514,1.007863
000001.SZ,1d,2016-12-01,8.957479391502988,9.013639136904262,8.938759476369231,8.985559264203625,646004.0,619633746.85,20161201,9.600000000000001,1.068380911830849,20210514,20210514,1.007863
000001.SZ,1d,2016-12-02,8.985559264203623,8.985559264203623,8.835799943133564,8.93875947636923,829686.0,790044441.9300001,20161202,9.549999999999999,1.068380911830849,20210514,20210514,1.007863
000001.SZ,1d,2016-12-05,8.891959688534836,8.929399518802352,8.807720070432927,8.854519858267322,764365.0,723222053.6400001,20161205,9.46,1.068380911830849,20210514,20210514,1.007863
000001.SZ,1d,2016-12-06,8.873239773401078,8.910679603668594,8.845159900700443,8.882599730967957,602902.0,571585177.5,20161206,9.49,1.068380911830849,20210514,20210514,1.007863
000001.SZ,1d,2016-12-07,8.873239773401078,8.882599730967957,8.807720070432927,8.873239773401078,493404.0,466085503.37,20161207,9.48,1.068380911830849,20210514,20210514,1.007863
000001.SZ,1d,2016-12-08,8.891959688534836,8.93875947636923,8.826439985566685,8.910679603668592,671452.0,638058504.08,20161208,9.52,1.068380911830849,20210514,20210514,1.007863
000001.SZ,1d,2016-12-09,8.891959688534836,9.125958627706806,8.873239773401078,9.032359052038018,1514199.0,1460778328.2,20161209,9.65,1.068380911830849,20210514,20210514,1.007863
000001.SZ,1d,2016-12-12,9.032359052038018,9.144678542840563,8.835799943133564,8.891959688534836,1256874.0,1206662616.99,20161212,9.5,1.068380911830849,20210514,20210514,1.007863
000001.SZ,1d,2016-12-13,8.873239773401078,8.891959688534836,8.732840409897896,8.817080027999806,645771.0,607769965.5799999,20161213,9.42,1.068380911830849,20210514,20210514,1.007863
000001.SZ,1d,2016-12-14,8.817080027999806,8.901319646101715,8.79836011286605,8.79836011286605,597705.0,564787516.4599999,20161214,9.4,1.068380911830849,20210514,20210514,1.007863
000001.SZ,1d,2016-12-15,8.770280240165413,8.807720070432927,8.620520919095352,8.657960749362866,827612.0,767751835.57,20161215,9.25,1.068380911830849,20210514,20210514,1.007863
000001.SZ,1d,2016-12-16,8.648600791795989,8.695400579630382,8.620520919095352,8.657960749362866,396813.0,366925349.32000005,20161216,9.25,1.068380911830849,20210514,20210514,1.007863
000001.SZ,1d,2016-12-19,8.62988087666223,8.63924083422911,8.583081088827836,8.611160961528473,494010.0,453899744.36,20161219,9.2,1.068380911830849,20210514,20210514,1.007863
000001.SZ,1d,2016-12-20,8.611160961528473,8.611160961528473,8.498841470725928,8.526921343426563,636638.0,580118167.69,20161220,9.11,1.068380911830849,20210514,20210514,1.007863
000001.SZ,1d,2016-12-21,8.536281300993442,8.573721131260958,8.526921343426563,8.573721131260958,369920.0,338201446.46000004,20161221,9.16,1.068380911830849,20210514,20210514,1.007863
000001.SZ,1d,2016-12-22,8.564361173694078,8.573721131260958,8.526921343426563,8.555001216127199,341341.0,311546856.93,20161222,9.139999999999999,1.068380911830849,20210514,20210514,1.007863
000001.SZ,1d,2016-12-23,8.5550012161272,8.5550012161272,8.489481513159049,8.498841470725928,382912.0,348140451.36999995,20161223,9.08,1.068380911830849,20210514,20210514,1.007863
000001.SZ,1d,2016-12-26,8.480121555592168,8.545641258560321,8.442681725324654,8.536281300993442,302058.0,273934287.19,20161226,9.12,1.068380911830849,20210514,20210514,1.007863
000001.SZ,1d,2016-12-27,8.536281300993444,8.545641258560321,8.489481513159049,8.498841470725928,268841.0,244788273.85999998,20161227,9.08,1.068380911830849,20210514,20210514,1.007863
000001.SZ,1d,2016-12-28,8.498841470725928,8.526921343426565,8.461401640458414,8.48012155559217,336055.0,304898614.02,20161228,9.06,1.068380911830849,20210514,20210514,1.007863
000001.SZ,1d,2016-12-29,8.489481513159049,8.508201428292807,8.470761598025293,8.498841470725928,338758.0,307183503.28,20161229,9.08,1.068380911830849,20210514,20210514,1.007863
000001.SZ,1d,2016-12-30,8.498841470725928,8.517561385859684,8.48012155559217,8.517561385859684,302607.0,274882698.47,20161230,9.1,1.068380911830849,20210514,20210514,1.007863
000001.SZ,1d,2017-01-03,8.526921343426563,8.592441046394715,8.508201428292807,8.573721131260958,459840.0,420595176.46000004,20170103,9.16,1.068380911830849,20210514,20210514,1.007863
000001.SZ,1d,2017-01-04,8.56436117369408,8.592441046394715,8.5550012161272,8.573721131260958,449329.0,411503444.03,20170104,9.16,1.068380911830849,20210514,20210514,1.007863
000001.SZ,1d,2017-01-05,8.583081088827836,8.592441046394715,8.56436117369408,8.583081088827836,344372.0,315769693.5,20170105,9.17,1.068380911830849,20210514,20210514,1.007863
000001.SZ,1d,2017-01-06,8.583081088827836,8.583081088827836,8.526921343426563,8.545641258560321,358154.0,327176433.93,20170106,9.129999999999999,1.068380911830849,20210514,20210514,1.007863
000001.SZ,1d,2017-01-09,8.545641258560321,8.583081088827836,8.526921343426563,8.564361173694078,361081.0,329994604.0,20170109,9.149999999999999,1.068380911830849,20210514,20210514,1.007863
000001.SZ,1d,2017-01-10,8.56436117369408,8.573721131260958,8.5550012161272,8.56436117369408,241053.0,220575131.96,20170110,9.15,1.068380911830849,20210514,20210514,1.007863
000001.SZ,1d,2017-01-11,8.5550012161272,8.583081088827836,8.545641258560321,8.5550012161272,303430.0,277553207.26000005,20170111,9.14,1.068380911830849,20210514,20210514,1.007863
000001.SZ,1d,2017-01-12,8.545641258560321,8.583081088827836,8.545641258560321,8.56436117369408,428006.0,391869402.76,20170112,9.15,1.068380911830849,20210514,20210514,1.007863
000001.SZ,1d,2017-01-13,8.5550012161272,8.601801003961596,8.536281300993444,8.573721131260958,434301.0,397601906.25,20170113,9.16,1.068380911830849,20210514,20210514,1.007863
000001.SZ,1d,2017-01-16,8.56436117369408,8.573721131260958,8.489481513159049,8.5550012161272,683165.0,623025820.2700001,20170116,9.14,1.068380911830849,20210514,20210514,1.007863
000001.SZ,1d,2017-01-17,8.536281300993442,8.573721131260958,8.517561385859684,8.56436117369408,545552.0,498179703.17,20170117,9.15,1.068380911830849,20210514,20210514,1.007863
000001.SZ,1d,2017-01-18,8.5550012161272,8.601801003961596,8.545641258560321,8.583081088827836,574269.0,526426595.69000006,20170118,9.17,1.068380911830849,20210514,20210514,1.007863
000001.SZ,1d,2017-01-19,8.56436117369408,8.648600791795989,8.56436117369408,8.592441046394715,437712.0,402445639.34,20170119,9.18,1.068380911830849,20210514,20210514,1.007863
000001.SZ,1d,2017-01-20,8.583081088827836,8.63924083422911,8.583081088827836,8.62988087666223,393328.0,361865155.13000005,20170120,9.22,1.068380911830849,20210514,20210514,1.007863
000001.SZ,1d,2017-01-23,8.62988087666223,8.667320706929747,8.611160961528475,8.62988087666223,420299.0,388019072.55999994,20170123,9.22,1.068380911830849,20210514,20210514,1.007863
000001.SZ,1d,2017-01-24,8.63924083422911,8.686040622063505,8.611160961528475,8.676680664496626,470244.0,434787729.13000005,20170124,9.270000000000001,1.068380911830849,20210514,20210514,1.007863
000001.SZ,1d,2017-01-25,8.676680664496624,8.686040622063503,8.657960749362866,8.667320706929745,304401.0,281976294.07000005,20170125,9.26,1.068380911830849,20210514,20210514,1.007863
000001.SZ,1d,2017-01-26,8.676680664496624,8.742200367464775,8.667320706929745,8.732840409897896,420712.0,391844286.24,20170126,9.33,1.068380911830849,20210514,20210514,1.007863
000001.SZ,1d,2017-02-03,8.742200367464775,8.760920282598535,8.63924083422911,8.667320706929745,315472.0,292617943.26000005,20170203,9.26,1.068380911830849,20210514,20210514,1.007863
000001.SZ,1d,2017-02-06,8.667320706929745,8.72348045233102,8.667320706929745,8.71412049476414,516786.0,480441331.03999996,20170206,9.31,1.068380911830849,20210514,20210514,1.007863
000001.SZ,1d,2017-02-07,8.714120494764138,8.72348045233102,8.676680664496624,8.70476053719726,396884.0,368755274.2,20170207,9.299999999999999,1.068380911830849,20210514,20210514,1.007863
000001.SZ,1d,2017-02-08,8.695400579630382,8.704760537197261,8.648600791795989,8.704760537197261,360272.0,333975401.82000005,20170208,9.3,1.068380911830849,20210514,20210514,1.007863
000001.SZ,1d,2017-02-09,8.70476053719726,8.732840409897896,8.686040622063503,8.714120494764138,342855.0,319201023.28000003,20170209,9.309999999999999,1.068380911830849,20210514,20210514,1.007863
000001.SZ,1d,2017-02-10,8.72348045233102,8.760920282598535,8.71412049476414,8.732840409897896,482743.0,450701345.31000006,20170210,9.33,1.068380911830849,20210514,20210514,1.007863
000001.SZ,1d,2017-02-13,8.742200367464775,8.835799943133564,8.732840409897896,8.807720070432927,638364.0,599951024.32,20170213,9.41,1.068380911830849,20210514,20210514,1.007863
000001.SZ,1d,2017-02-14,8.807720070432927,8.817080027999808,8.770280240165413,8.79836011286605,362404.0,340318431.40000004,20170214,9.4,1.068380911830849,20210514,20210514,1.007863
000001.SZ,1d,2017-02-15,8.79836011286605,8.929399518802352,8.78900015529917,8.845159900700443,756613.0,716759655.28,20170215,9.450000000000001,1.068380911830849,20210514,20210514,1.007863
000001.SZ,1d,2017-02-16,8.845159900700441,8.891959688534836,8.817080027999806,8.85451985826732,411161.0,388636225.1999999,20170216,9.459999999999999,1.068380911830849,20210514,20210514,1.007863
000001.SZ,1d,2017-02-17,8.854519858267322,8.882599730967957,8.770280240165413,8.78900015529917,423774.0,400161795.09,20170217,9.39,1.068380911830849,20210514,20210514,1.007863
000001.SZ,1d,2017-02-20,8.79836011286605,8.966839349069867,8.79836011286605,8.948119433936109,898755.0,855710805.5000001,20170220,9.56,1.068380911830849,20210514,20210514,1.007863
000001.SZ,1d,2017-02-21,8.938759476369231,9.004279179337383,8.929399518802352,8.957479391502988,646584.0,618761069.26,20170221,9.57,1.068380911830849,20210514,20210514,1.007863
000001.SZ,1d,2017-02-22,8.957479391502988,8.957479391502988,8.891959688534836,8.957479391502988,462966.0,441528339.71,20170222,9.57,1.068380911830849,20210514,20210514,1.007863
000001.SZ,1d,2017-02-23,8.938759476369231,8.957479391502988,8.873239773401078,8.901319646101715,335327.0,319293836.59,20170223,9.51,1.068380911830849,20210514,20210514,1.007863
000001.SZ,1d,2017-02-24,8.891959688534836,8.929399518802352,8.873239773401078,8.891959688534836,332500.0,316020789.4,20170224,9.5,1.068380911830849,20210514,20210514,1.007863
000001.SZ,1d,2017-02-27,8.891959688534836,8.891959688534836,8.817080027999806,8.826439985566685,407341.0,384781015.65000004,20170227,9.43,1.068380911830849,20210514,20210514,1.007863
000001.SZ,1d,2017-02-28,8.826439985566685,8.901319646101715,8.817080027999806,8.873239773401078,369719.0,350366892.5,20170228,9.48,1.068380911830849,20210514,20210514,1.007863
000001.SZ,1d,2017-03-01,8.882599730967957,8.938759476369231,8.863879815834201,8.882599730967957,346993.0,330157963.40000004,20170301,9.49,1.068380911830849,20210514,20210514,1.007863
000001.SZ,1d,2017-03-02,8.901319646101715,8.92939951880235,8.817080027999806,8.826439985566685,403628.0,382395883.84000003,20170302,9.43,1.068380911830849,20210514,20210514,1.007863
000001.SZ,1d,2017-03-03,8.807720070432927,8.826439985566685,8.760920282598534,8.798360112866048,342655.0,321952549.22,20170303,9.399999999999999,1.068380911830849,20210514,20210514,1.007863
000001.SZ,1d,2017-03-06,8.79836011286605,8.854519858267322,8.78900015529917,8.845159900700443,404511.0,381212304.19000006,20170306,9.450000000000001,1.068380911830849,20210514,20210514,1.007863
000001.SZ,1d,2017-03-07,8.835799943133564,8.854519858267322,8.79836011286605,8.845159900700443,294672.0,277747415.4200001,20170307,9.450000000000001,1.068380911830849,20210514,20210514,1.007863
000001.SZ,1d,2017-03-08,8.826439985566685,8.845159900700443,8.79836011286605,8.817080027999806,244438.0,230425150.54000002,20170308,9.42,1.068380911830849,20210514,20210514,1.007863
000001.SZ,1d,2017-03-09,8.807720070432927,8.826439985566685,8.760920282598534,8.77964019773229,378169.0,354813687.5,20170309,9.379999999999999,1.068380911830849,20210514,20210514,1.007863
000001.SZ,1d,2017-03-10,8.77964019773229,8.807720070432927,8.760920282598534,8.798360112866048,390182.0,366140052.24,20170310,9.399999999999999,1.068380911830849,20210514,20210514,1.007863
000001.SZ,1d,2017-03-13,8.78900015529917,8.845159900700443,8.770280240165413,8.835799943133564,545304.0,513148481.04,20170313,9.440000000000001,1.068380911830849,20210514,20210514,1.007863
000001.SZ,1d,2017-03-14,8.826439985566685,8.854519858267322,8.807720070432927,8.835799943133564,404484.0,381594066.95,20170314,9.44,1.068380911830849,20210514,20210514,1.007863
000001.SZ,1d,2017-03-15,8.817080027999806,8.873239773401078,8.817080027999806,8.873239773401078,546560.0,515943748.1,20170315,9.48,1.068380911830849,20210514,20210514,1.007863
000001.SZ,1d,2017-03-16,8.873239773401078,8.920039561235473,8.845159900700443,8.910679603668594,635953.0,603450064.0699999,20170316,9.520000000000001,1.068380911830849,20210514,20210514,1.007863
000001.SZ,1d,2017-03-17,8.845159900700443,8.854519858267322,8.704760537197261,8.71412049476414,1583647.0,1482736995.3700001,20170317,9.31,1.068380911830849,20210514,20210514,1.007863
000001.SZ,1d,2017-03-20,8.695400579630382,8.71412049476414,8.62988087666223,8.657960749362866,715021.0,661887015.08,20170320,9.25,1.068380911830849,20210514,20210514,1.007863
000001.SZ,1d,2017-03-21,8.657960749362868,8.667320706929747,8.611160961528475,8.648600791795989,554648.0,511914333.09000003,20170321,9.24,1.068380911830849,20210514,20210514,1.007863
000001.SZ,1d,2017-03-22,8.611160961528475,8.62988087666223,8.5550012161272,8.573721131260958,566123.0,519331026.2700001,20170322,9.16,1.068380911830849,20210514,20210514,1.007863
000001.SZ,1d,2017-03-23,8.573721131260958,8.648600791795989,8.56436117369408,8.611160961528475,433588.0,398986562.09000003,20170323,9.200000000000001,1.068380911830849,20210514,20210514,1.007863
000001.SZ,1d,2017-03-24,8.611160961528473,8.648600791795989,8.573721131260958,8.601801003961594,710827.0,653533829.8800001,20170324,9.19,1.068380911830849,20210514,20210514,1.007863
000001.SZ,1d,2017-03-27,8.536281300993442,8.601801003961594,8.498841470725928,8.5550012161272,985012.0,900094460.9200001,20170327,9.14,1.068380911830849,20210514,20210514,1.007863
000001.SZ,1d,2017-03-28,8.573721131260958,8.583081088827836,8.517561385859684,8.536281300993442,481372.0,439405816.17,20170328,9.12,1.068380911830849,20210514,20210514,1.007863
000001.SZ,1d,2017-03-29,8.545641258560321,8.56436117369408,8.508201428292807,8.526921343426563,601140.0,548060692.96,20170329,9.11,1.068380911830849,20210514,20210514,1.007863
000001.SZ,1d,2017-03-30,8.536281300993444,8.536281300993444,8.48012155559217,8.498841470725928,687285.0,623995512.84,20170330,9.08,1.068380911830849,20210514,20210514,1.007863
000001.SZ,1d,2017-03-31,8.498841470725928,8.592441046394715,8.498841470725928,8.583081088827836,633121.0,578579035.11,20170331,9.17,1.068380911830849,20210514,20210514,1.007863
000001.SZ,1d,2017-04-05,8.573721131260958,8.62988087666223,8.56436117369408,8.620520919095352,499150.0,458567834.2,20170405,9.21,1.068380911830849,20210514,20210514,1.007863
000001.SZ,1d,2017-04-06,8.611160961528473,8.62988087666223,8.583081088827836,8.611160961528473,434391.0,399118983.36,20170406,9.2,1.068380911830849,20210514,20210514,1.007863
000001.SZ,1d,2017-04-07,8.601801003961594,8.62988087666223,8.583081088827836,8.611160961528473,514844.0,473366404.45000005,20170407,9.2,1.068380911830849,20210514,20210514,1.007863
000001.SZ,1d,2017-04-10,8.611160961528473,8.62052091909535,8.583081088827836,8.592441046394715,401343.0,368682024.90000004,20170410,9.18,1.068380911830849,20210514,20210514,1.007863
000001.SZ,1d,2017-04-11,8.583081088827836,8.601801003961594,8.508201428292807,8.56436117369408,612437.0,560304072.91,20170411,9.15,1.068380911830849,20210514,20210514,1.007863
000001.SZ,1d,2017-04-12,8.573721131260958,8.583081088827836,8.517561385859684,8.536281300993442,455336.0,416101249.02,20170412,9.12,1.068380911830849,20210514,20210514,1.007863
000001.SZ,1d,2017-04-13,8.526921343426563,8.555001216127199,8.517561385859684,8.536281300993442,357442.0,325949861.06,20170413,9.12,1.068380911830849,20210514,20210514,1.007863
000001.SZ,1d,2017-04-14,8.526921343426565,8.536281300993444,8.48012155559217,8.498841470725928,490500.0,445637458.07,20170414,9.08,1.068380911830849,20210514,20210514,1.007863
000001.SZ,1d,2017-04-17,8.498841470725928,8.526921343426565,8.470761598025293,8.517561385859686,531892.0,483130499.71999997,20170417,9.100000000000001,1.068380911830849,20210514,20210514,1.007863
000001.SZ,1d,2017-04-18,8.508201428292807,8.517561385859686,8.470761598025293,8.470761598025293,335376.0,304162860.29,20170418,9.05,1.068380911830849,20210514,20210514,1.007863
000001.SZ,1d,2017-04-19,8.452041682891535,8.461401640458414,8.33036223452211,8.339722192088988,799668.0,714963673.1400001,20170419,8.91,1.068380911830849,20210514,20210514,1.007863
000001.SZ,1d,2017-04-20,8.33036223452211,8.367802064789625,8.321002276955232,8.349082149655867,437629.0,390063543.84000003,20170420,8.92,1.068380911830849,20210514,20210514,1.007863
000001.SZ,1d,2017-04-21,8.349082149655867,8.414601852624019,8.33036223452211,8.395881937490262,325408.0,291126076.24,20170421,8.97,1.068380911830849,20210514,20210514,1.007863
000001.SZ,1d,2017-04-24,8.395881937490262,8.40524189505714,8.321002276955232,8.358442107222746,394995.0,352926394.67,20170424,8.93,1.068380911830849,20210514,20210514,1.007863
000001.SZ,1d,2017-04-25,8.358442107222746,8.433321767757777,8.358442107222746,8.423961810190898,377933.0,339230143.96999997,20170425,9.0,1.068380911830849,20210514,20210514,1.007863
000001.SZ,1d,2017-04-26,8.423961810190898,8.433321767757777,8.386521979923383,8.414601852624019,382147.0,343316092.51000005,20170426,8.99,1.068380911830849,20210514,20210514,1.007863
000001.SZ,1d,2017-04-27,8.395881937490262,8.40524189505714,8.339722192088988,8.395881937490262,387392.0,346186989.88,20170427,8.97,1.068380911830849,20210514,20210514,1.007863
000001.SZ,1d,2017-04-28,8.386521979923382,8.414601852624019,8.349082149655867,8.414601852624019,286446.0,256106698.72,20170428,8.99,1.068380911830849,20210514,20210514,1.007863
000001.SZ,1d,2017-05-02,8.386521979923383,8.386521979923383,8.33036223452211,8.367802064789624,311026.0,277665881.67,20170502,8.94,1.068380911830849,20210514,20210514,1.007863
000001.SZ,1d,2017-05-03,8.349082149655867,8.358442107222746,8.321002276955232,8.339722192088988,280310.0,249660877.22,20170503,8.91,1.068380911830849,20210514,20210514,1.007863
000001.SZ,1d,2017-05-04,8.321002276955232,8.321002276955232,8.161882998318292,8.180602913452049,696517.0,613783434.3100001,20170504,8.74,1.068380911830849,20210514,20210514,1.007863
000001.SZ,1d,2017-05-05,8.180602913452049,8.199322828585807,8.03084359238199,8.077643380216383,623700.0,539541739.86,20170505,8.63,1.068380911830849,20210514,20210514,1.007863
000001.SZ,1d,2017-05-08,8.049563507515748,8.068283422649506,7.9934037621144745,8.02148363481511,460089.0,394424117.19,20170508,8.57,1.068380911830849,20210514,20210514,1.007863
000001.SZ,1d,2017-05-09,8.012123677248232,8.087003337783262,8.002763719681353,8.087003337783262,324194.0,279119676.49,20170509,8.64,1.068380911830849,20210514,20210514,1.007863
000001.SZ,1d,2017-05-10,8.077643380216383,8.236762658853323,8.068283422649506,8.115083210483899,573077.0,498675307.83000004,20170510,8.670000000000002,1.068380911830849,20210514,20210514,1.007863
000001.SZ,1d,2017-05-11,8.096363295350141,8.16188299831829,8.049563507515746,8.143163083184534,503643.0,436444282.31000006,20170511,8.7,1.068380911830849,20210514,20210514,1.007863
000001.SZ,1d,2017-05-12,8.124443168050776,8.33036223452211,8.087003337783262,8.33036223452211,917968.0,809131900.1400001,20170512,8.9,1.068380911830849,20210514,20210514,1.007863
000001.SZ,1d,2017-05-15,8.321002276955232,8.377162022356504,8.246122616420202,8.292922404254595,536578.0,476417671.71999997,20170515,8.860000000000001,1.068380911830849,20210514,20210514,1.007863
000001.SZ,1d,2017-05-16,8.274202489120837,8.283562446687716,8.171242955885171,8.274202489120837,524872.0,461069300.97,20170516,8.84,1.068380911830849,20210514,20210514,1.007863
000001.SZ,1d,2017-05-17,8.246122616420202,8.246122616420202,8.189962871018928,8.208682786152686,417338.0,365987542.61,20170517,8.77,1.068380911830849,20210514,20210514,1.007863
000001.SZ,1d,2017-05-18,8.161882998318292,8.208682786152687,8.152523040751413,8.171242955885171,227401.0,198765579.76000002,20170518,8.73,1.068380911830849,20210514,20210514,1.007863
000001.SZ,1d,2017-05-19,8.180602913452049,8.199322828585807,8.124443168050776,8.133803125617655,294270.0,256396867.64000002,20170519,8.69,1.068380911830849,20210514,20210514,1.007863
000001.SZ,1d,2017-05-22,8.124443168050776,8.17124295588517,8.058923465082625,8.124443168050776,679120.0,588546725.07,20170522,8.68,1.068380911830849,20210514,20210514,1.007863
000001.SZ,1d,2017-05-23,8.115083210483897,8.274202489120837,8.087003337783262,8.227402701286444,800040.0,702123772.9800001,20170523,8.790000000000001,1.068380911830849,20210514,20210514,1.007863
000001.SZ,1d,2017-05-24,8.218042743719563,8.264842531553958,8.124443168050776,8.246122616420202,532376.0,466560635.92,20170524,8.81,1.068380911830849,20210514,20210514,1.007863
000001.SZ,1d,2017-05-25,8.227402701286442,8.555001216127199,8.218042743719563,8.517561385859684,1621543.0,1462763018.52,20170525,9.1,1.068380911830849,20210514,20210514,1.007863
000001.SZ,1d,2017-05-26,8.498841470725928,8.545641258560321,8.461401640458414,8.517561385859686,895365.0,813387170.15,20170526,9.100000000000001,1.068380911830849,20210514,20210514,1.007863
000001.SZ,1d,2017-05-31,8.517561385859684,8.63924083422911,8.48012155559217,8.611160961528475,1033210.0,948741889.7,20170531,9.200000000000001,1.068380911830849,20210514,20210514,1.007863
000001.SZ,1d,2017-06-01,8.611160961528475,8.63924083422911,8.536281300993444,8.601801003961596,566182.0,519544675.84,20170601,9.190000000000001,1.068380911830849,20210514,20210514,1.007863
000001.SZ,1d,2017-06-02,8.592441046394715,8.695400579630382,8.5550012161272,8.583081088827836,770757.0,710119498.0999999,20170602,9.17,1.068380911830849,20210514,20210514,1.007863
000001.SZ,1d,2017-06-05,8.545641258560321,8.583081088827836,8.414601852624019,8.452041682891533,634132.0,573460396.83,20170605,9.03,1.068380911830849,20210514,20210514,1.007863
000001.SZ,1d,2017-06-06,8.433321767757777,8.48012155559217,8.414601852624019,8.461401640458414,355341.0,320520904.30999994,20170606,9.040000000000001,1.068380911830849,20210514,20210514,1.007863
000001.SZ,1d,2017-06-07,8.442681725324654,8.56436117369408,8.433321767757777,8.545641258560321,645723.0,587357671.1600001,20170607,9.129999999999999,1.068380911830849,20210514,20210514,1.007863
000001.SZ,1d,2017-06-08,8.526921343426563,8.56436117369408,8.498841470725928,8.545641258560321,383004.0,348860774.29999995,20170608,9.13,1.068380911830849,20210514,20210514,1.007863
000001.SZ,1d,2017-06-09,8.56436117369408,8.62988087666223,8.536281300993444,8.56436117369408,685468.0,628281688.31,20170609,9.15,1.068380911830849,20210514,20210514,1.007863
000001.SZ,1d,2017-06-12,8.56436117369408,8.601801003961594,8.517561385859684,8.526921343426563,504578.0,461493689.83,20170612,9.11,1.068380911830849,20210514,20210514,1.007863
000001.SZ,1d,2017-06-13,8.526921343426565,8.5550012161272,8.470761598025293,8.536281300993444,448434.0,407876695.89000005,20170613,9.120000000000001,1.068380911830849,20210514,20210514,1.007863
000001.SZ,1d,2017-06-14,8.536281300993444,8.545641258560321,8.461401640458414,8.498841470725928,375444.0,340596135.74,20170614,9.08,1.068380911830849,20210514,20210514,1.007863
000001.SZ,1d,2017-06-15,8.498841470725928,8.498841470725928,8.452041682891533,8.461401640458412,337797.0,305610500.17,20170615,9.04,1.068380911830849,20210514,20210514,1.007863
000001.SZ,1d,2017-06-16,8.461401640458412,8.498841470725928,8.433321767757777,8.442681725324654,285991.0,258559005.29,20170616,9.02,1.068380911830849,20210514,20210514,1.007863
000001.SZ,1d,2017-06-19,8.452041682891533,8.56436117369408,8.442681725324654,8.545641258560321,489704.0,446000772.99,20170619,9.129999999999999,1.068380911830849,20210514,20210514,1.007863
000001.SZ,1d,2017-06-20,8.536281300993442,8.573721131260958,8.508201428292807,8.536281300993442,313615.0,286053883.71000004,20170620,9.12,1.068380911830849,20210514,20210514,1.007863
000001.SZ,1d,2017-06-21,8.583081088827836,8.592441046394715,8.526921343426563,8.564361173694078,496932.0,454488888.04,20170621,9.149999999999999,1.068380911830849,20210514,20210514,1.007863
000001.SZ,1d,2017-06-22,8.56436117369408,8.79836011286605,8.5550012161272,8.657960749362866,1426958.0,1325210564.6399999,20170622,9.25,1.068380911830849,20210514,20210514,1.007863
000001.SZ,1d,2017-06-23,8.63924083422911,8.676680664496624,8.573721131260958,8.657960749362866,584004.0,538303574.27,20170623,9.25,1.068380911830849,20210514,20210514,1.007863
000001.SZ,1d,2017-06-26,8.667320706929745,8.79836011286605,8.667320706929745,8.70476053719726,710769.0,663762850.0400001,20170626,9.299999999999999,1.068380911830849,20210514,20210514,1.007863
000001.SZ,1d,2017-06-27,8.70476053719726,8.789000155299169,8.676680664496624,8.760920282598534,546016.0,509162008.98,20170627,9.36,1.068380911830849,20210514,20210514,1.007863
000001.SZ,1d,2017-06-28,8.751560325031654,8.882599730967957,8.732840409897896,8.826439985566685,1168796.0,1102438099.9,20170628,9.43,1.068380911830849,20210514,20210514,1.007863
000001.SZ,1d,2017-06-29,8.826439985566687,8.845159900700443,8.770280240165413,8.826439985566687,488804.0,459810415.61999995,20170629,9.430000000000001,1.068380911830849,20210514,20210514,1.007863
000001.SZ,1d,2017-06-30,8.79836011286605,8.826439985566685,8.71412049476414,8.78900015529917,499633.0,468003516.71999997,20170630,9.39,1.068380911830849,20210514,20210514,1.007863
000001.SZ,1d,2017-07-03,8.79836011286605,8.826439985566685,8.742200367464775,8.79836011286605,388349.0,364465847.32,20170703,9.4,1.068380911830849,20210514,20210514,1.007863
000001.SZ,1d,2017-07-04,8.79836011286605,8.807720070432927,8.704760537197261,8.742200367464775,488362.0,456577021.24999994,20170704,9.34,1.068380911830849,20210514,20210514,1.007863
000001.SZ,1d,2017-07-05,8.69540057963038,8.77964019773229,8.676680664496624,8.77028024016541,567720.0,529294114.23999995,20170705,9.37,1.068380911830849,20210514,20210514,1.007863
000001.SZ,1d,2017-07-06,8.760920282598535,8.807720070432927,8.71412049476414,8.79836011286605,738911.0,691387184.15,20170706,9.4,1.068380911830849,20210514,20210514,1.007863
000001.SZ,1d,2017-07-07,8.77028024016541,8.873239773401078,8.742200367464775,8.863879815834201,760369.0,717084352.1800001,20170707,9.47,1.068380911830849,20210514,20210514,1.007863
000001.SZ,1d,2017-07-10,8.845159900700441,9.041719009604897,8.835799943133564,8.976199306636746,1360815.0,1303090005.3600001,20170710,9.59,1.068380911830849,20210514,20210514,1.007863
000001.SZ,1d,2017-07-11,8.994919221770502,9.790515614955197,8.994919221770502,9.593956506050745,3812086.0,3842010171.29,20170711,10.25,1.068380911830849,20210514,20210514,1.007863
000001.SZ,1d,2017-07-12,9.612676421184503,9.902835105757745,9.547156718216351,9.678196124152654,2998844.0,3113681338.88,20170712,10.340000000000002,1.068380911830849,20210514,20210514,1.007863
000001.SZ,1d,2017-07-13,9.640756293885138,10.202353747897865,9.584596548483866,10.202353747897865,2994534.0,3180144566.46,20170713,10.9,1.068380911830849,20210514,20210514,1.007863
000001.SZ,1d,2017-07-14,10.118114129795956,10.23979357816538,9.977714766292774,10.202353747897865,1722570.0,1864449201.5,20170714,10.9,1.068380911830849,20210514,20210514,1.007863
000001.SZ,1d,2017-07-17,10.24915353573226,10.604831923273652,10.033874511694048,10.118114129795956,3273123.0,3608692279.05,20170717,10.81,1.068380911830849,20210514,20210514,1.007863
000001.SZ,1d,2017-07-18,10.061954384394685,10.426992729502956,9.94027493602526,10.342753111401047,2349431.0,2558433986.13,20170718,11.05,1.068380911830849,20210514,20210514,1.007863
000001.SZ,1d,2017-07-19,10.286593365999774,10.473792517337351,10.183633832764107,10.380192941668563,1933075.0,2131336294.18,20170719,11.090000000000002,1.068380911830849,20210514,20210514,1.007863
000001.SZ,1d,2017-07-20,10.370832984101682,10.501872390037986,10.211713705464744,10.267873450866016,1537338.0,1695060974.17,20170720,10.97,1.068380911830849,20210514,20210514,1.007863
000001.SZ,1d,2017-07-21,10.28686932562872,10.400851257214633,10.153890405445154,10.343860291421676,1501020.0,1625416436.89,20170721,10.889999999999999,1.0527984420894823,20210514,20210514,1.007863
000001.SZ,1d,2017-07-24,10.277370831329895,10.505334694501723,10.19188438264046,10.400851257214635,1692664.0,1846886678.93,20170724,10.950000000000001,1.0527984420894823,20210514,20210514,1.007863
000001.SZ,1d,2017-07-25,10.429346740111113,10.704803074777072,10.400851257214635,10.448343728708767,1954768.0,2172114597.09,20170725,11.000000000000002,1.0527984420894823,20210514,20210514,1.007863
000001.SZ,1d,2017-07-26,10.372355774318155,10.619316626087635,10.125394922548676,10.201382876939284,1697412.0,1846282151.7699997,20170726,10.74,1.0527984420894823,20210514,20210514,1.007863
000001.SZ,1d,2017-07-27,10.182385888341631,10.229878359835762,10.001914496663936,10.058905462456893,1194490.0,1273888886.18,20170727,10.59,1.0527984420894823,20210514,20210514,1.007863
000001.SZ,1d,2017-07-28,10.077902451054545,10.267872337031068,10.049406968158067,10.201382876939284,819195.0,877769279.49,20170728,10.74,1.0527984420894823,20210514,20210514,1.007863
000001.SZ,1d,2017-07-31,10.258373842732242,10.277370831329895,9.925926542273327,10.134893416847504,1575864.0,1671814035.24,20170731,10.670000000000002,1.0527984420894823,20210514,20210514,1.007863
000001.SZ,1d,2017-08-01,10.106397933951023,10.524331683099375,10.068403956755718,10.486337705904068,2035709.0,2222887933.96,20170801,11.04,1.0527984420894823,20210514,20210514,1.007863
000001.SZ,1d,2017-08-02,10.495836200202897,10.771292534868856,10.410349751513461,10.590821143191157,2062069.0,2307726682.9399996,20170802,11.15,1.0527984420894823,20210514,20210514,1.007863
000001.SZ,1d,2017-08-03,10.581322648892332,10.65731060328294,10.419848245812288,10.45784222300759,984219.0,1090954131.84,20170803,11.01,1.0527984420894823,20210514,20210514,1.007863
000001.SZ,1d,2017-08-04,10.448343728708766,10.723800063374723,10.381854268616982,10.60981813178881,1353951.0,1511389828.31,20170804,11.17,1.0527984420894823,20210514,20210514,1.007863
000001.SZ,1d,2017-08-07,10.505334694501723,10.60981813178881,10.353358785720504,10.448343728708766,860644.0,946975699.5600001,20170807,11.0,1.0527984420894823,20210514,20210514,1.007863
000001.SZ,1d,2017-08-08,10.448343728708766,10.552827165995852,10.36285728001933,10.495836200202897,689567.0,758872028.53,20170808,11.05,1.0527984420894823,20210514,20210514,1.007863
000001.SZ,1d,2017-08-09,10.41034975151346,10.467340717306417,10.144391911146329,10.19188438264046,1042321.0,1126512107.8200002,20170809,10.73,1.0527984420894823,20210514,20210514,1.007863
000001.SZ,1d,2017-08-10,10.163388899743982,10.277370831329895,10.011412990962762,10.087400945353373,959879.0,1026676005.5000001,20170810,10.620000000000001,1.0527984420894823,20210514,20210514,1.007863
000001.SZ,1d,2017-08-11,9.954422025169805,10.011412990962762,9.488995804527324,9.517491287423802,2440643.0,2501779371.25,20170811,10.02,1.0527984420894823,20210514,20210514,1.007863
000001.SZ,1d,2017-08-14,9.62197472471089,9.735956656296805,9.536488276021455,9.707461173400326,1157664.0,1175479138.54,20170814,10.22,1.0527984420894823,20210514,20210514,1.007863
000001.SZ,1d,2017-08-15,9.726458161997979,9.982917508066285,9.6979626791015,9.79294762208976,1075162.0,1116749994.49,20170815,10.31,1.0527984420894823,20210514,20210514,1.007863
000001.SZ,1d,2017-08-16,9.77395063349211,9.849938587882718,9.640971713308543,9.821443104986239,756806.0,778517621.68,20170816,10.34,1.0527984420894823,20210514,20210514,1.007863
000001.SZ,1d,2017-08-17,9.830941599285067,9.89743105937685,9.77395063349211,9.89743105937685,553642.0,573093949.61,20170817,10.420000000000002,1.0527984420894823,20210514,20210514,1.007863
000001.SZ,1d,2017-08-18,9.840440093583892,10.06840395675572,9.77395063349211,9.916428047974502,616520.0,643188717.2099999,20170818,10.440000000000001,1.0527984420894823,20210514,20210514,1.007863
000001.SZ,1d,2017-08-21,9.906929553675674,9.992416002365111,9.86893557648037,9.935425036572154,399154.0,417653110.84999996,20170821,10.46,1.0527984420894823,20210514,20210514,1.007863
000001.SZ,1d,2017-08-22,9.954422025169805,10.125394922548676,9.849938587882718,10.115896428249851,875681.0,922881865.79,20170822,10.65,1.0527984420894823,20210514,20210514,1.007863
000001.SZ,1d,2017-08-23,10.096899439652196,10.429346740111113,10.058905462456893,10.353358785720504,1319151.0,1430051908.04,20170823,10.9,1.0527984420894823,20210514,20210514,1.007863
000001.SZ,1d,2017-08-24,10.343860291421677,10.552827165995852,10.296367819927546,10.381854268616982,924248.0,1014933651.98,20170824,10.93,1.0527984420894823,20210514,20210514,1.007863
000001.SZ,1d,2017-08-25,10.391352762915808,10.60981813178881,10.353358785720504,10.552827165995854,963940.0,1068994547.06,20170825,11.110000000000001,1.0527984420894823,20210514,20210514,1.007863
000001.SZ,1d,2017-08-28,10.543328671697026,10.961262420845376,10.543328671697026,10.78079102916768,1603938.0,1828380086.0000002,20170828,11.35,1.0527984420894823,20210514,20210514,1.007863
000001.SZ,1d,2017-08-29,10.733298557673548,11.1512323068219,10.714301569075896,11.084742846730117,1357983.0,1569230034.16,20170829,11.67,1.0527984420894823,20210514,20210514,1.007863
000001.SZ,1d,2017-08-30,11.094241341028942,11.113238329626595,10.78079102916768,10.85677898355829,1096674.0,1264128140.6799998,20170830,11.43,1.0527984420894823,20210514,20210514,1.007863
000001.SZ,1d,2017-08-31,10.818785006362985,10.866277477857116,10.590821143191157,10.714301569075898,1151786.0,1297730595.7200003,20170831,11.280000000000001,1.0527984420894823,20210514,20210514,1.007863
000001.SZ,1d,2017-09-01,10.714301569075898,10.818785006362985,10.590821143191157,10.647812108984114,959976.0,1080996319.27,20170901,11.21,1.0527984420894823,20210514,20210514,1.007863
000001.SZ,1d,2017-09-04,10.619316626087635,11.132235318224248,10.60981813178881,11.132235318224248,1352325.0,1551875033.9,20170904,11.72,1.0527984420894823,20210514,20210514,1.007863
000001.SZ,1d,2017-09-05,11.094241341028942,11.341202192798423,11.018253386638333,11.056247363833638,1287518.0,1513759541.19,20170905,11.639999999999999,1.0527984420894823,20210514,20210514,1.007863
000001.SZ,1d,2017-09-06,11.008754892339507,11.284211227005468,10.90427145505242,11.113238329626597,791621.0,925519043.82,20170906,11.700000000000001,1.0527984420894823,20210514,20210514,1.007863
000001.SZ,1d,2017-09-07,11.065745858132464,11.160730801120726,10.818785006362985,10.866277477857118,614187.0,711036421.43,20170907,11.440000000000001,1.0527984420894823,20210514,20210514,1.007863
000001.SZ,1d,2017-09-08,10.885274466454769,11.05624736383364,10.80928651206416,10.913769949351247,481276.0,553644520.36,20170908,11.49,1.0527984420894823,20210514,20210514,1.007863
000001.SZ,1d,2017-09-11,10.961262420845378,11.10373983532777,10.73329855767355,10.80928651206416,699472.0,801825014.63,20170911,11.38,1.0527984420894823,20210514,20210514,1.007863
000001.SZ,1d,2017-09-12,10.809286512064158,10.961262420845376,10.70480307477707,10.961262420845376,846183.0,962032172.14,20170912,11.54,1.0527984420894823,20210514,20210514,1.007863
000001.SZ,1d,2017-09-13,10.913769949351247,10.961262420845376,10.771292534868854,10.85677898355829,668237.0,765028184.64,20170913,11.43,1.0527984420894823,20210514,20210514,1.007863
000001.SZ,1d,2017-09-14,10.85677898355829,11.008754892339507,10.676307591880592,10.752295546271203,883087.0,1005775578.2400001,20170914,11.32,1.0527984420894823,20210514,20210514,1.007863
000001.SZ,1d,2017-09-15,10.723800063374725,10.752295546271203,10.590821143191157,10.723800063374725,646094.0,726061100.4500002,20170915,11.290000000000001,1.0527984420894823,20210514,20210514,1.007863
000001.SZ,1d,2017-09-18,10.68580608617942,10.752295546271203,10.63831361468529,10.68580608617942,607612.0,684223023.19,20170918,11.250000000000002,1.0527984420894823,20210514,20210514,1.007863
000001.SZ,1d,2017-09-19,10.685806086179419,10.771292534868854,10.524331683099375,10.571824154593505,764212.0,853815999.65,20170919,11.13,1.0527984420894823,20210514,20210514,1.007863
000001.SZ,1d,2017-09-20,10.581322648892332,10.799788017765334,10.495836200202897,10.723800063374725,787154.0,884640964.2099999,20170920,11.290000000000001,1.0527984420894823,20210514,20210514,1.007863
000001.SZ,1d,2017-09-21,10.695304580478247,10.9327669379489,10.63831361468529,10.885274466454769,692407.0,788605300.87,20170921,11.46,1.0527984420894823,20210514,20210514,1.007863
000001.SZ,1d,2017-09-22,10.85677898355829,10.942265432247726,10.742797051972376,10.866277477857118,593927.0,677622489.51,20170922,11.440000000000001,1.0527984420894823,20210514,20210514,1.007863
000001.SZ,1d,2017-09-25,10.866277477857116,10.87577597215594,10.619316626087635,10.723800063374723,532391.0,602270302.75,20170925,11.29,1.0527984420894823,20210514,20210514,1.007863
000001.SZ,1d,2017-09-26,10.695304580478247,10.73329855767355,10.410349751513461,10.495836200202897,967460.0,1074228193.8000002,20170926,11.05,1.0527984420894823,20210514,20210514,1.007863
000001.SZ,1d,2017-09-27,10.45784222300759,10.524331683099375,10.353358785720504,10.381854268616982,727188.0,798377280.0500001,20170927,10.93,1.0527984420894823,20210514,20210514,1.007863
000001.SZ,1d,2017-09-28,10.429346740111113,10.429346740111113,10.277370831329895,10.334361797122853,517220.0,563485127.39,20170928,10.88,1.0527984420894823,20210514,20210514,1.007863
000001.SZ,1d,2017-09-29,10.372355774318155,10.600319637489983,10.315364808525198,10.552827165995852,682280.0,753852534.72,20170929,11.11,1.0527984420894823,20210514,20210514,1.007863
000001.SZ,1d,2017-10-09,10.989757903741856,11.05624736383364,10.695304580478245,10.733298557673548,1325227.0,1520609511.5700002,20171009,11.299999999999999,1.0527984420894823,20210514,20210514,1.007863
000001.SZ,1d,2017-10-10,10.761794040570027,10.923268443650073,10.761794040570027,10.894772960753595,747925.0,853665849.11,20171010,11.47,1.0527984420894823,20210514,20210514,1.007863
000001.SZ,1d,2017-10-11,10.90427145505242,10.999256398040682,10.771292534868854,10.951763926546551,658077.0,756203405.4,20171011,11.53,1.0527984420894823,20210514,20210514,1.007863
000001.SZ,1d,2017-10-12,10.961262420845378,10.999256398040682,10.894772960753595,10.970760915144204,578065.0,667148377.69,20171012,11.55,1.0527984420894823,20210514,20210514,1.007863
000001.SZ,1d,2017-10-13,10.98025940944303,10.98025940944303,10.685806086179419,10.790289523466505,737375.0,839662734.96,20171013,11.36,1.0527984420894823,20210514,20210514,1.007863
000001.SZ,1d,2017-10-16,10.790289523466507,11.018253386638335,10.723800063374725,11.008754892339509,1036250.0,1190724204.76,20171016,11.590000000000002,1.0527984420894823,20210514,20210514,1.007863
000001.SZ,1d,2017-10-17,11.037250375235987,11.065745858132464,10.90427145505242,10.932766937948898,506372.0,585333998.33,20171017,11.51,1.0527984420894823,20210514,20210514,1.007863
000001.SZ,1d,2017-10-18,10.951763926546551,11.113238329626595,10.932766937948898,11.103739835327769,871365.0,1011050927.6999999,20171018,11.69,1.0527984420894823,20210514,20210514,1.007863
000001.SZ,1d,2017-10-19,11.05624736383364,11.132235318224248,10.989757903741856,11.046748869534813,722764.0,841546799.4000001,20171019,11.63,1.0527984420894823,20210514,20210514,1.007863
000001.SZ,1d,2017-10-20,11.008754892339507,11.008754892339507,10.837781994960638,10.90427145505242,461808.0,529747048.15999997,20171020,11.48,1.0527984420894823,20210514,20210514,1.007863
000001.SZ,1d,2017-10-23,10.818785006362985,10.828283500661811,10.590821143191157,10.628815120386461,1074465.0,1206888281.81,20171023,11.19,1.0527984420894823,20210514,20210514,1.007863
000001.SZ,1d,2017-10-24,10.638313614685288,10.847280489259463,10.619316626087635,10.818785006362985,618871.0,700896871.75,20171024,11.39,1.0527984420894823,20210514,20210514,1.007863
000001.SZ,1d,2017-10-25,10.790289523466505,10.799788017765332,10.685806086179419,10.70480307477707,418573.0,472708177.86,20171025,11.27,1.0527984420894823,20210514,20210514,1.007863
000001.SZ,1d,2017-10-26,10.68580608617942,10.752295546271203,10.56232566029468,10.619316626087636,928996.0,1041707022.8800001,20171026,11.180000000000001,1.0527984420894823,20210514,20210514,1.007863
000001.SZ,1d,2017-10-27,10.628815120386461,10.98025940944303,10.619316626087635,10.98025940944303,1360086.0,1548543731.64,20171027,11.56,1.0527984420894823,20210514,20210514,1.007863
000001.SZ,1d,2017-10-30,10.970760915144204,11.141733812523075,10.875775972155942,10.98025940944303,1278246.0,1484495472.5400002,20171030,11.56,1.0527984420894823,20210514,20210514,1.007863
000001.SZ,1d,2017-10-31,10.970760915144204,10.999256398040682,10.818785006362985,10.961262420845378,627491.0,721237474.23,20171031,11.540000000000001,1.0527984420894823,20210514,20210514,1.007863
000001.SZ,1d,2017-11-01,10.98025940944303,11.008754892339507,10.752295546271203,10.828283500661811,692617.0,792881042.8199999,20171101,11.4,1.0527984420894823,20210514,20210514,1.007863
000001.SZ,1d,2017-11-02,10.790289523466505,10.999256398040682,10.695304580478245,10.961262420845376,604308.0,689229873.86,20171102,11.54,1.0527984420894823,20210514,20210514,1.007863
000001.SZ,1d,2017-11-03,10.913769949351247,11.094241341028942,10.78079102916768,10.818785006362983,743343.0,852032107.89,20171103,11.389999999999999,1.0527984420894823,20210514,20210514,1.007863
000001.SZ,1d,2017-11-06,10.847280489259463,10.847280489259463,10.533830177398201,10.714301569075896,1029902.0,1157303985.6000001,20171106,11.28,1.0527984420894823,20210514,20210514,1.007863
000001.SZ,1d,2017-11-07,10.70480307477707,11.483679607280814,10.685806086179419,11.32220520420077,2477163.0,2914269160.44,20171107,11.92,1.0527984420894823,20210514,20210514,1.007863
000001.SZ,1d,2017-11-08,11.39819315859138,11.958604322222122,11.331703698499597,11.521673584476119,4262825.0,5199224276.82,20171108,12.129999999999999,1.0527984420894823,20210514,20210514,1.007863
000001.SZ,1d,2017-11-09,11.588163044567905,11.93960733362447,11.540670573073772,11.711643470452643,2295289.0,2839861735.04,20171109,12.33,1.0527984420894823,20210514,20210514,1.007863
000001.SZ,1d,2017-11-10,11.749637447647949,11.92061034502682,11.540670573073772,11.683147987556165,1757552.0,2167126597.89,20171110,12.3,1.0527984420894823,20210514,20210514,1.007863
000001.SZ,1d,2017-11-13,11.730640459050296,12.443027531462256,11.730640459050296,12.253057645485734,2566906.0,3307955288.7400002,20171113,12.9,1.0527984420894823,20210514,20210514,1.007863
000001.SZ,1d,2017-11-14,12.300550116979865,12.595003440243476,12.167571196796299,12.300550116979865,1780302.0,2318092534.3199997,20171114,12.950000000000001,1.0527984420894823,20210514,20210514,1.007863
000001.SZ,1d,2017-11-15,12.253057645485734,12.471523014358734,12.129577219600993,12.253057645485734,1263052.0,1627912725.03,20171115,12.9,1.0527984420894823,20210514,20210514,1.007863
000001.SZ,1d,2017-11-16,12.253057645485734,12.462024520059908,12.034592276612733,12.443027531462256,1200814.0,1550701791.1,20171116,13.1,1.0527984420894823,20210514,20210514,1.007863
000001.SZ,1d,2017-11-17,12.509516991554042,12.78497332622,12.376538071370474,12.519015485852867,2064149.0,2731215933.7500005,20171117,13.180000000000001,1.0527984420894823,20210514,20210514,1.007863
000001.SZ,1d,2017-11-20,12.471523014358736,13.535354375827264,12.395535059968127,13.535354375827264,2843925.0,3860145472.82,20171120,14.25,1.0527984420894823,20210514,20210514,1.007863
000001.SZ,1d,2017-11-21,13.364381478448394,14.048273067963875,13.307390512655436,13.725324261803786,2495327.0,3609849024.92,20171121,14.45,1.0527984420894823,20210514,20210514,1.007863
000001.SZ,1d,2017-11-22,13.753819744700266,14.475705311411053,13.753819744700266,14.342726391227487,2570231.0,3839501153.96,20171122,15.1,1.0527984420894823,20210514,20210514,1.007863
000001.SZ,1d,2017-11-23,14.390218862721618,14.475705311411053,13.364381478448394,13.630339318815524,2429142.0,3562843399.78,20171123,14.35,1.0527984420894823,20210514,20210514,1.007863
000001.SZ,1d,2017-11-24,13.573348353022569,13.858303181987354,13.088925143782436,13.829807699090875,2630189.0,3732597275.58,20171124,14.56,1.0527984420894823,20210514,20210514,1.007863
000001.SZ,1d,2017-11-27,13.582846847321395,13.582846847321395,13.060429660885957,13.231402558264827,2064085.0,2878491901.4700003,20171127,13.93,1.0527984420894823,20210514,20210514,1.007863
000001.SZ,1d,2017-11-28,13.155414603874217,13.155414603874217,12.727982360427042,13.012937189391826,1766432.0,2396540133.1,20171128,13.700000000000001,1.0527984420894823,20210514,20210514,1.007863
000001.SZ,1d,2017-11-29,13.041432672288304,13.23140255826483,12.794471820518824,13.126919120977739,1564094.0,2148312654.9900002,20171129,13.82,1.0527984420894823,20210514,20210514,1.007863
000001.SZ,1d,2017-11-30,13.012937189391826,13.041432672288304,12.595003440243476,12.708985371829387,1379635.0,1866700884.5900002,20171130,13.379999999999999,1.0527984420894823,20210514,20210514,1.007863
000001.SZ,1d,2017-12-01,12.727982360427042,12.80397031481765,12.310048611278692,12.348042588473994,1784933.0,2354299656.82,20171201,13.0,1.0527984420894823,20210514,20210514,1.007863
000001.SZ,1d,2017-12-04,12.395535059968127,12.699486877530562,12.348042588473994,12.63299741743878,1454023.0,1923315712.98,20171204,13.3,1.0527984420894823,20210514,20210514,1.007863
000001.SZ,1d,2017-12-05,12.490520002956387,12.813468809116477,12.443027531462256,12.632997417438778,1723681.0,2301867653.6200004,20171205,13.299999999999999,1.0527984420894823,20210514,20210514,1.007863
000001.SZ,1d,2017-12-06,12.595003440243476,12.604501934542302,12.148574208198648,12.424030542864605,1619844.0,2104168537.1000001,20171206,13.08,1.0527984420894823,20210514,20210514,1.007863
000001.SZ,1d,2017-12-07,12.395535059968127,12.481021508657562,12.110580231003341,12.18656818539395,1181957.0,1526953344.35,20171207,12.83,1.0527984420894823,20210514,20210514,1.007863
000001.SZ,1d,2017-12-08,12.243559151186908,12.43352903716343,12.110580231003341,12.43352903716343,1351315.0,1751423112.52,20171208,13.09,1.0527984420894823,20210514,20210514,1.007863
000001.SZ,1d,2017-12-11,12.424030542864605,12.889456763507086,12.234060656888081,12.822967303415302,2261952.0,2980735572.46,20171211,13.5,1.0527984420894823,20210514,20210514,1.007863
000001.SZ,1d,2017-12-12,12.727982360427042,12.80397031481765,12.367039577071647,12.367039577071647,1743405.0,2302354901.4999995,20171212,13.02,1.0527984420894823,20210514,20210514,1.007863
000001.SZ,1d,2017-12-13,12.348042588473994,12.53801247445052,12.234060656888081,12.471523014358736,1289248.0,1679022035.87,20171213,13.13,1.0527984420894823,20210514,20210514,1.007863
000001.SZ,1d,2017-12-14,12.490520002956387,12.642495911737607,12.262556139784559,12.348042588473994,1001997.0,1311131917.6599998,20171214,13.0,1.0527984420894823,20210514,20210514,1.007863
000001.SZ,1d,2017-12-15,12.253057645485734,12.281553128382212,12.034592276612733,12.082084748106864,1099952.0,1405372004.0400002,20171215,12.72,1.0527984420894823,20210514,20210514,1.007863
000001.SZ,1d,2017-12-18,12.09158324240569,12.262556139784559,12.006096793716255,12.110580231003341,805464.0,1029422753.2800001,20171218,12.75,1.0527984420894823,20210514,20210514,1.007863
000001.SZ,1d,2017-12-19,12.148574208198648,12.651994406036431,12.101081736704515,12.614000428841129,2397942.0,3138687565.9,20171219,13.280000000000001,1.0527984420894823,20210514,20210514,1.007863
000001.SZ,1d,2017-12-20,12.53801247445052,12.642495911737607,12.471523014358736,12.595003440243476,1106245.0,1463802116.67,20171220,13.260000000000002,1.0527984420894823,20210514,20210514,1.007863
000001.SZ,1d,2017-12-21,12.519015485852865,12.993940200794173,12.500018497255214,12.860961280610608,1485203.0,2005617683.8600001,20171221,13.540000000000001,1.0527984420894823,20210514,20210514,1.007863
000001.SZ,1d,2017-12-22,12.822967303415304,12.946447729300044,12.775474831921173,12.841964292012957,742900.0,1004525768.54,20171222,13.520000000000001,1.0527984420894823,20210514,20210514,1.007863
000001.SZ,1d,2017-12-25,12.841964292012955,13.164913098173043,12.500018497255214,12.585504945944649,1585567.0,2145040658.23,20171225,13.25,1.0527984420894823,20210514,20210514,1.007863
000001.SZ,1d,2017-12-26,12.595003440243476,13.003438695093,12.528513980151692,12.974943212196521,1123688.0,1510826264.4400003,20171226,13.66,1.0527984420894823,20210514,20210514,1.007863
000001.SZ,1d,2017-12-27,12.898955257805913,13.088925143782435,12.528513980151692,12.623498923139953,1366566.0,1848165006.46,20171227,13.29,1.0527984420894823,20210514,20210514,1.007863
000001.SZ,1d,2017-12-28,12.614000428841127,12.784973326219998,12.367039577071647,12.547510968749343,1553030.0,2052944539.1400003,20171228,13.209999999999999,1.0527984420894823,20210514,20210514,1.007863
000001.SZ,1d,2017-12-29,12.547510968749343,12.75647784332352,12.443027531462256,12.632997417438778,982915.0,1303222040.36,20171229,13.299999999999999,1.0527984420894823,20210514,20210514,1.007863
000001.SZ,1d,2018-01-02,12.68048988893291,13.231402558264827,12.651994406036431,13.012937189391826,2081592.0,2856543822.1800003,20180102,13.700000000000001,1.0527984420894823,20210514,20210514,1.007863
000001.SZ,1d,2018-01-03,13.041432672288304,13.164913098173045,12.53801247445052,12.66149290033526,2962498.0,4006220766.94,20180103,13.330000000000002,1.0527984420894823,20210514,20210514,1.007863
000001.SZ,1d,2018-01-04,12.651994406036431,12.699486877530564,12.471523014358736,12.585504945944649,1854509.0,2454543516.41,20180104,13.25,1.0527984420894823,20210514,20210514,1.007863
000001.SZ,1d,2018-01-05,12.547510968749345,12.68048988893291,12.490520002956387,12.63299741743878,1210312.0,1603289517.9300003,20180105,13.3,1.0527984420894823,20210514,20210514,1.007863
000001.SZ,1d,2018-01-08,12.585504945944649,12.623498923139953,12.215063668290428,12.31004861127869,2158620.0,2806099169.66,20180108,12.959999999999999,1.0527984420894823,20210514,20210514,1.007863
000001.SZ,1d,2018-01-09,12.31004861127869,12.538012474450518,12.272054634083386,12.424030542864605,1344345.0,1754315792.47,20180109,13.08,1.0527984420894823,20210514,20210514,1.007863
000001.SZ,1d,2018-01-10,12.386036565669299,12.813468809116477,12.272054634083386,12.794471820518824,2403277.0,3196055830.9100003,20180110,13.47,1.0527984420894823,20210514,20210514,1.007863
000001.SZ,1d,2018-01-11,12.737480854725867,12.908453752104737,12.6045019345423,12.727982360427042,1443877.0,1937494294.07,20180111,13.4,1.0527984420894823,20210514,20210514,1.007863
000001.SZ,1d,2018-01-12,12.775474831921171,12.993940200794173,12.737480854725867,12.870459774909435,1353991.0,1833435672.07,20180112,13.55,1.0527984420894823,20210514,20210514,1.007863
000001.SZ,1d,2018-01-15,12.832465797714129,13.611342330217873,12.822967303415302,13.487861904333132,3122394.0,4376707088.52,20180115,14.2,1.0527984420894823,20210514,20210514,1.007863
000001.SZ,1d,2018-01-16,13.459366421436654,13.658834801712002,13.316889006954263,13.487861904333132,2444549.0,3479177087.3,20180116,14.2,1.0527984420894823,20210514,20210514,1.007863
000001.SZ,1d,2018-01-17,13.611342330217875,14.057771562262703,13.487861904333133,13.516357387229611,2656294.0,3849312882.21,20180117,14.23,1.0527984420894823,20210514,20210514,1.007863
000001.SZ,1d,2018-01-18,13.677831790309657,13.981783607872094,13.563849858723744,13.981783607872094,2148026.0,3120455742.3500004,20180118,14.72,1.0527984420894823,20210514,20210514,1.007863
000001.SZ,1d,2018-01-19,14.057771562262701,14.371221874123965,13.943789630676788,14.057771562262701,2571146.0,3832857440.2999997,20180119,14.799999999999999,1.0527984420894823,20210514,20210514,1.007863
000001.SZ,1d,2018-01-22,13.867801676286179,14.190750482446267,13.706327273206135,13.71582576750496,2073867.0,3032799070.35,20180122,14.44,1.0527984420894823,20210514,20210514,1.007863
000001.SZ,1d,2018-01-23,13.639837813114351,14.152756505250965,13.611342330217873,13.91529414778031,2388791.0,3492462005.57,20180123,14.65,1.0527984420894823,20210514,20210514,1.007863
000001.SZ,1d,2018-01-24,13.924792642079137,14.323729402629834,13.772816733297917,13.905795653481483,2591292.0,3838734922.63,20180124,14.64,1.0527984420894823,20210514,20210514,1.007863
000001.SZ,1d,2018-01-25,13.725324261803786,13.74432125040144,13.29789201835661,13.487861904333132,2369984.0,3360822344.56,20180125,14.2,1.0527984420894823,20210514,20210514,1.007863
000001.SZ,1d,2018-01-26,13.46886491573548,13.6208408245167,13.316889006954263,13.34538448985074,2032988.0,2885104627.01,20180126,14.049999999999999,1.0527984420894823,20210514,20210514,1.007863
000001.SZ,1d,2018-01-29,13.34538448985074,13.535354375827264,12.917952246403564,13.05093116658713,2090546.0,2911452095.24,20180129,13.74,1.0527984420894823,20210514,20210514,1.007863
000001.SZ,1d,2018-01-30,13.012937189391826,13.145916109575392,12.870459774909435,12.965444717897695,1094739.0,1497708872.6299999,20180130,13.65,1.0527984420894823,20210514,20210514,1.007863
000001.SZ,1d,2018-01-31,12.917952246403566,13.345384489850742,12.851462786311782,13.345384489850742,1747729.0,2423104767.05,20180131,14.05,1.0527984420894823,20210514,20210514,1.007863
000001.SZ,1d,2018-02-01,13.250399546862479,13.582846847321395,13.145916109575392,13.326387501253087,2005614.0,2821583609.2299995,20180201,14.03,1.0527984420894823,20210514,20210514,1.007863
000001.SZ,1d,2018-02-02,13.212405569667174,13.392876961344873,12.946447729300044,13.345384489850742,1176512.0,1637619618.3200002,20180202,14.05,1.0527984420894823,20210514,20210514,1.007863
000001.SZ,1d,2018-02-05,13.107922132380088,13.839306193389701,13.041432672288304,13.820309204792048,2331997.0,3326355314.78,20180205,14.55,1.0527984420894823,20210514,20210514,1.007863
000001.SZ,1d,2018-02-06,13.516357387229611,13.611342330217873,13.231402558264827,13.29789201835661,2582872.0,3641294710.26,20180206,14.0,1.0527984420894823,20210514,20210514,1.007863
000001.SZ,1d,2018-02-07,13.506858892930785,13.582846847321395,12.120078725302168,12.272054634083386,3345716.0,4521586590.190001,20180207,12.92,1.0527984420894823,20210514,20210514,1.007863
000001.SZ,1d,2018-02-08,12.186568185393952,12.272054634083387,11.901613356429166,11.911111850727993,2137815.0,2711464886.05,20180208,12.540000000000001,1.0527984420894823,20210514,20210514,1.007863
000001.SZ,1d,2018-02-09,11.47418111298199,11.47418111298199,10.80928651206416,11.10373983532777,2824949.0,3308553501.5200005,20180209,11.690000000000001,1.0527984420894823,20210514,20210514,1.007863
000001.SZ,1d,2018-02-12,11.189226284017206,11.246217249810162,10.98025940944303,11.132235318224248,1228782.0,1439644312.04,20180212,11.72,1.0527984420894823,20210514,20210514,1.007863
000001.SZ,1d,2018-02-13,11.27471273270664,11.597661538866728,11.246217249810162,11.341202192798423,1298178.0,1562420005.24,20180213,11.94,1.0527984420894823,20210514,20210514,1.007863
000001.SZ,1d,2018-02-14,11.360199181396075,11.426688641487857,11.170229295419553,11.39819315859138,864190.0,1030474410.4399999,20180214,12.0,1.0527984420894823,20210514,20210514,1.007863
000001.SZ,1d,2018-02-22,11.635655516062034,11.901613356429165,11.635655516062034,11.835123896337384,1268406.0,1573562575.57,20180222,12.46,1.0527984420894823,20210514,20210514,1.007863
000001.SZ,1d,2018-02-23,11.9491058279233,12.148574208198648,11.825625402038558,11.977601310819777,1013663.0,1278185721.74,20180223,12.610000000000001,1.0527984420894823,20210514,20210514,1.007863
000001.SZ,1d,2018-02-26,12.129577219600995,12.205565173991603,11.825625402038558,11.996598299417428,1045758.0,1318960463.96,20180226,12.63,1.0527984420894823,20210514,20210514,1.007863
000001.SZ,1d,2018-02-27,12.006096793716253,12.06308775950921,11.578664550269076,11.664150998958512,1285869.0,1590018492.14,20180227,12.28,1.0527984420894823,20210514,20210514,1.007863
000001.SZ,1d,2018-02-28,11.493178101579641,11.578664550269076,11.331703698499597,11.44568563008551,1214145.0,1463313702.75,20180228,12.049999999999999,1.0527984420894823,20210514,20210514,1.007863
000001.SZ,1d,2018-03-01,11.32220520420077,11.540670573073772,11.303208215603119,11.436187135786685,886957.0,1069354491.03,20180301,12.040000000000001,1.0527984420894823,20210514,20210514,1.007863
000001.SZ,1d,2018-03-02,11.32220520420077,11.436187135786684,11.255715744108988,11.350700687097248,663124.0,791736473.27,20180302,11.95,1.0527984420894823,20210514,20210514,1.007863
000001.SZ,1d,2018-03-05,11.331703698499599,11.47418111298199,11.208223272614857,11.265214238407815,754183.0,897244265.05,20180305,11.860000000000001,1.0527984420894823,20210514,20210514,1.007863
000001.SZ,1d,2018-03-06,11.350700687097248,11.502676595878468,11.179727789718378,11.493178101579641,1150162.0,1373438382.66,20180306,12.1,1.0527984420894823,20210514,20210514,1.007863
000001.SZ,1d,2018-03-07,11.540670573073772,11.721141964751471,11.436187135786685,11.445685630085512,1427570.0,1744085270.0400002,20180307,12.05,1.0527984420894823,20210514,20210514,1.007863
000001.SZ,1d,2018-03-08,11.445685630085512,11.540670573073772,11.35070068709725,11.50267659587847,689755.0,832153697.14,20180308,12.110000000000001,1.0527984420894823,20210514,20210514,1.007863
000001.SZ,1d,2018-03-09,11.540670573073772,11.588163044567905,11.379196169993728,11.483679607280814,943876.0,1139043574.6299999,20180309,12.09,1.0527984420894823,20210514,20210514,1.007863
000001.SZ,1d,2018-03-12,11.540670573073772,11.559667561671427,11.35070068709725,11.426688641487859,1268701.0,1526643478.9199998,20180312,12.030000000000001,1.0527984420894823,20210514,20210514,1.007863
000001.SZ,1d,2018-03-13,11.436187135786684,11.607160033165556,11.39819315859138,11.417190147189032,1082267.0,1309543466.56,20180313,12.02,1.0527984420894823,20210514,20210514,1.007863
000001.SZ,1d,2018-03-14,11.379196169993728,11.39819315859138,11.236718755511335,11.32220520420077,635594.0,757090756.4300001,20180314,11.92,1.0527984420894823,20210514,20210514,1.007863
000001.SZ,1d,2018-03-15,11.198724778316032,11.255715744108988,11.075244352431291,11.122736823925422,1155694.0,1356878634.17,20180315,11.71,1.0527984420894823,20210514,20210514,1.007863
000001.SZ,1d,2018-03-16,11.132235318224248,11.25571574410899,11.05624736383364,11.05624736383364,962983.0,1130784170.87,20180316,11.64,1.0527984420894823,20210514,20210514,1.007863
000001.SZ,1d,2018-03-19,11.075244352431291,11.246217249810162,11.02775188093716,11.236718755511335,808538.0,947664744.37,20180319,11.83,1.0527984420894823,20210514,20210514,1.007863
000001.SZ,1d,2018-03-20,11.1512323068219,11.284211227005468,11.132235318224248,11.22722026121251,776150.0,916858475.86,20180320,11.82,1.0527984420894823,20210514,20210514,1.007863
000001.SZ,1d,2018-03-21,11.350700687097248,11.512175090177292,11.255715744108988,11.303208215603119,1445109.0,1736437401.21,20180321,11.9,1.0527984420894823,20210514,20210514,1.007863
000001.SZ,1d,2018-03-22,11.303208215603119,11.369697675694903,11.037250375235987,11.075244352431291,984278.0,1155741055.8700001,20180322,11.66,1.0527984420894823,20210514,20210514,1.007863
000001.SZ,1d,2018-03-23,10.685806086179419,10.78079102916768,10.372355774318155,10.771292534868854,1825690.0,2037734400.0900002,20180323,11.34,1.0527984420894823,20210514,20210514,1.007863
000001.SZ,1d,2018-03-26,10.590821143191157,10.638313614685288,10.315364808525198,10.381854268616982,1383598.0,1519435011.09,20180326,10.93,1.0527984420894823,20210514,20210514,1.007863
000001.SZ,1d,2018-03-27,10.543328671697026,10.60981813178881,10.315364808525198,10.391352762915808,1103933.0,1213989931.1799998,20180327,10.94,1.0527984420894823,20210514,20210514,1.007863
000001.SZ,1d,2018-03-28,10.305866314226375,10.581322648892332,10.248875348433417,10.343860291421677,1099023.0,1201023442.2099998,20180328,10.89,1.0527984420894823,20210514,20210514,1.007863
000001.SZ,1d,2018-03-29,10.372355774318155,10.60981813178881,10.020911485261589,10.495836200202897,1330602.0,1445281829.8600001,20180329,11.05,1.0527984420894823,20210514,20210514,1.007863
000001.SZ,1d,2018-03-30,10.48633770590407,10.495836200202897,10.334361797122853,10.353358785720504,752173.0,823438180.73,20180330,10.9,1.0527984420894823,20210514,20210514,1.007863
000001.SZ,1d,2018-04-02,10.324863302824026,10.43884523440994,10.163388899743982,10.172887394042807,1109316.0,1200911980.3799999,20180402,10.71,1.0527984420894823,20210514,20210514,1.007863
000001.SZ,1d,2018-04-03,10.068403956755718,10.134893416847502,9.982917508066283,10.030409979560416,890745.0,942237800.69,20180403,10.56,1.0527984420894823,20210514,20210514,1.007863
000001.SZ,1d,2018-04-04,10.144391911146329,10.45784222300759,10.068403956755718,10.324863302824024,1602488.0,1737258898.2800002,20180404,10.87,1.0527984420894823,20210514,20210514,1.007863
000001.SZ,1d,2018-04-09,10.258373842732242,10.543328671697026,10.19188438264046,10.467340717306417,1074795.0,1180084371.5900002,20180409,11.02,1.0527984420894823,20210514,20210514,1.007863
000001.SZ,1d,2018-04-10,10.467340717306419,10.885274466454769,10.419848245812288,10.847280489259463,1390950.0,1562265089.74,20180410,11.42,1.0527984420894823,20210514,20210514,1.007863
000001.SZ,1d,2018-04-11,10.818785006362985,11.322205204200772,10.80928651206416,11.236718755511335,2095970.0,2458982163.44,20180411,11.83,1.0527984420894823,20210514,20210514,1.007863
000001.SZ,1d,2018-04-12,11.208223272614857,11.236718755511335,10.847280489259463,10.942265432247725,1173128.0,1364675848.46,20180412,11.52,1.0527984420894823,20210514,20210514,1.007863
000001.SZ,1d,2018-04-13,11.05624736383364,11.198724778316032,10.875775972155942,10.989757903741856,1300255.0,1516155527.17,20180413,11.57,1.0527984420894823,20210514,20210514,1.007863
000001.SZ,1d,2018-04-16,10.894772960753594,10.894772960753594,10.476839211605244,10.543328671697026,1427072.0,1593706086.4,20180416,11.1,1.0527984420894823,20210514,20210514,1.007863
000001.SZ,1d,2018-04-17,10.562325660294679,10.87577597215594,10.552827165995852,10.647812108984112,1301891.0,1468159349.6599998,20180417,11.209999999999999,1.0527984420894823,20210514,20210514,1.007863
000001.SZ,1d,2018-04-18,10.87577597215594,11.02775188093716,10.714301569075896,10.923268443650073,1475845.0,1692722923.5,20180418,11.5,1.0527984420894823,20210514,20210514,1.007863
000001.SZ,1d,2018-04-19,10.942265432247725,11.103739835327769,10.847280489259463,10.894772960753595,849131.0,979593564.5999999,20180419,11.47,1.0527984420894823,20210514,20210514,1.007863
000001.SZ,1d,2018-04-20,10.9327669379489,10.999256398040684,10.63831361468529,10.780791029167682,958690.0,1090801311.42,20180420,11.350000000000001,1.0527984420894823,20210514,20210514,1.007863
000001.SZ,1d,2018-04-23,10.733298557673548,11.02775188093716,10.695304580478245,10.989757903741856,1070289.0,1228544006.32,20180423,11.57,1.0527984420894823,20210514,20210514,1.007863
000001.SZ,1d,2018-04-24,11.046748869534813,11.341202192798423,10.999256398040682,11.265214238407813,1461098.0,1725152198.09,20180424,11.86,1.0527984420894823,20210514,20210514,1.007863
000001.SZ,1d,2018-04-25,11.170229295419555,11.217721766913684,11.046748869534813,11.094241341028944,730286.0,854713248.8800001,20180425,11.680000000000001,1.0527984420894823,20210514,20210514,1.007863
000001.SZ,1d,2018-04-26,11.075244352431291,11.10373983532777,10.742797051972376,10.847280489259463,874235.0,1002483154.12,20180426,11.42,1.0527984420894823,20210514,20210514,1.007863
000001.SZ,1d,2018-04-27,10.913769949351247,10.9327669379489,10.096899439652198,10.305866314226375,2709795.0,2958464277.86,20180427,10.850000000000001,1.0527984420894823,20210514,20210514,1.007863
000001.SZ,1d,2018-05-02,10.419848245812288,10.476839211605245,10.258373842732242,10.334361797122853,1190523.0,1295804420.86,20180502,10.88,1.0527984420894823,20210514,20210514,1.007863
000001.SZ,1d,2018-05-03,10.315364808525198,10.334361797122853,10.03990847385924,10.210881371238111,1281355.0,1372765845.8300002,20180503,10.75,1.0527984420894823,20210514,20210514,1.007863
000001.SZ,1d,2018-05-04,10.19188438264046,10.28686932562872,10.125394922548676,10.144391911146329,710509.0,761302468.67,20180504,10.68,1.0527984420894823,20210514,20210514,1.007863
000001.SZ,1d,2018-05-07,10.163388899743982,10.28686932562872,10.106397933951024,10.267872337031068,974309.0,1046743101.9200001,20180507,10.81,1.0527984420894823,20210514,20210514,1.007863
000001.SZ,1d,2018-05-08,10.28686932562872,10.590821143191157,10.258373842732242,10.457842223007592,1373305.0,1511546681.16,20180508,11.010000000000002,1.0527984420894823,20210514,20210514,1.007863
000001.SZ,1d,2018-05-09,10.429346740111113,10.476839211605245,10.334361797122853,10.419848245812288,627656.0,687036874.44,20180509,10.97,1.0527984420894823,20210514,20210514,1.007863
000001.SZ,1d,2018-05-10,10.476839211605244,10.533830177398201,10.36285728001933,10.45784222300759,552735.0,607349997.23,20180510,11.01,1.0527984420894823,20210514,20210514,1.007863
000001.SZ,1d,2018-05-11,10.48633770590407,10.571824154593505,10.410349751513461,10.457842223007592,772369.0,853271166.64,20180511,11.010000000000002,1.0527984420894823,20210514,20210514,1.007863
000001.SZ,1d,2018-05-14,10.533830177398201,10.666809097581766,10.476839211605244,10.619316626087635,1039297.0,1158064201.07,20180514,11.18,1.0527984420894823,20210514,20210514,1.007863
000001.SZ,1d,2018-05-15,10.619316626087635,10.628815120386461,10.467340717306417,10.562325660294679,669261.0,742590447.6500001,20180515,11.12,1.0527984420894823,20210514,20210514,1.007863
000001.SZ,1d,2018-05-16,10.514833188800548,10.514833188800548,10.343860291421677,10.353358785720504,714362.0,782694669.6899999,20180516,10.9,1.0527984420894823,20210514,20210514,1.007863
000001.SZ,1d,2018-05-17,10.36285728001933,10.391352762915808,10.239376854134589,10.277370831329893,586494.0,635675440.98,20180517,10.819999999999999,1.0527984420894823,20210514,20210514,1.007863
000001.SZ,1d,2018-05-18,10.267872337031068,10.419848245812288,10.220379865536938,10.41034975151346,578384.0,628250184.9200001,20180518,10.959999999999999,1.0527984420894823,20210514,20210514,1.007863
000001.SZ,1d,2018-05-21,10.514833188800548,10.552827165995852,10.381854268616982,10.400851257214633,763533.0,838750577.6500001,20180521,10.95,1.0527984420894823,20210514,20210514,1.007863
000001.SZ,1d,2018-05-22,10.400851257214635,10.429346740111113,10.248875348433417,10.3153648085252,589871.0,639815249.44,20180522,10.860000000000001,1.0527984420894823,20210514,20210514,1.007863
000001.SZ,1d,2018-05-23,10.277370831329895,10.277370831329895,10.087400945353373,10.115896428249851,991016.0,1058587812.32,20180523,10.65,1.0527984420894823,20210514,20210514,1.007863
000001.SZ,1d,2018-05-24,10.125394922548676,10.144391911146329,10.049406968158067,10.077902451054545,688152.0,730678763.88,20180524,10.61,1.0527984420894823,20210514,20210514,1.007863
000001.SZ,1d,2018-05-25,10.077902451054547,10.134893416847502,10.020911485261589,10.058905462456893,593335.0,629735450.6,20180525,10.59,1.0527984420894823,20210514,20210514,1.007863
000001.SZ,1d,2018-05-28,10.049406968158067,10.125394922548676,9.982917508066283,10.058905462456893,569400.0,602590746.57,20180528,10.59,1.0527984420894823,20210514,20210514,1.007863
000001.SZ,1d,2018-05-29,10.049406968158067,10.096899439652196,9.830941599285065,9.859437082181543,889494.0,930386966.6300001,20180529,10.379999999999999,1.0527984420894823,20210514,20210514,1.007863
000001.SZ,1d,2018-05-30,9.77395063349211,9.77395063349211,9.545986770320281,9.57448225321676,1124447.0,1139918753.16,20180530,10.08,1.0527984420894823,20210514,20210514,1.007863
000001.SZ,1d,2018-05-31,9.602977736113237,9.678965690503846,9.517491287423802,9.669467196205021,987360.0,999216332.96,20180531,10.18,1.0527984420894823,20210514,20210514,1.007863
000001.SZ,1d,2018-06-01,9.640971713308543,9.77395063349211,9.564983758917933,9.678965690503846,597211.0,608398867.4599999,20180601,10.19,1.0527984420894823,20210514,20210514,1.007863
000001.SZ,1d,2018-06-04,9.716959667699152,9.79294762208976,9.640971713308543,9.754953644894456,593038.0,608291978.44,20180604,10.27,1.0527984420894823,20210514,20210514,1.007863
000001.SZ,1d,2018-06-05,9.773950633492108,9.783449127790934,9.602977736113237,9.74545515059563,656540.0,670740302.01,20180605,10.26,1.0527984420894823,20210514,20210514,1.007863
000001.SZ,1d,2018-06-06,9.735956656296803,9.74545515059563,9.59347924181441,9.631473219009715,712743.0,724032796.29,20180606,10.139999999999999,1.0527984420894823,20210514,20210514,1.007863
000001.SZ,1d,2018-06-07,9.688464184802672,9.935425036572152,9.669467196205021,9.849938587882717,1262638.0,1306425478.0900002,20180607,10.37,1.0527984420894823,20210514,20210514,1.007863
000001.SZ,1d,2018-06-08,9.811944610687412,9.811944610687412,9.555485264619108,9.612476230412065,1099379.0,1114968856.53,20180608,10.120000000000001,1.0527984420894823,20210514,20210514,1.007863
000001.SZ,1d,2018-06-11,9.555485264619108,9.62197472471089,9.49849429882615,9.536488276021453,721374.0,724687998.61,20180611,10.04,1.0527984420894823,20210514,20210514,1.007863
000001.SZ,1d,2018-06-12,9.52698978172263,9.574482253216761,9.45100182733202,9.555485264619108,913300.0,914001701.46,20180612,10.06,1.0527984420894823,20210514,20210514,1.007863
000001.SZ,1d,2018-06-13,9.536488276021455,9.555485264619108,9.45100182733202,9.45100182733202,530584.0,530483756.71000004,20180613,9.950000000000001,1.0527984420894823,20210514,20210514,1.007863
000001.SZ,1d,2018-06-14,9.451001827332018,9.640971713308543,9.42250634443554,9.564983758917933,866392.0,872487574.2800001,20180614,10.07,1.0527984420894823,20210514,20210514,1.007863
000001.SZ,1d,2018-06-15,9.57448225321676,9.77395063349211,9.555485264619108,9.659968701906195,1248707.0,1273412999.36,20180615,10.17,1.0527984420894823,20210514,20210514,1.007863
000001.SZ,1d,2018-06-19,9.545986770320281,9.640971713308543,9.32752140144728,9.37501387294141,1565874.0,1565756559.87,20180619,9.870000000000001,1.0527984420894823,20210514,20210514,1.007863
000001.SZ,1d,2018-06-20,9.375013872941409,9.451001827332018,9.270530435654322,9.413007850136715,763637.0,752950700.66,20180620,9.91,1.0527984420894823,20210514,20210514,1.007863
000001.SZ,1d,2018-06-21,9.432004838734366,9.536488276021453,9.365515378642584,9.365515378642584,840070.0,836014838.1400001,20180621,9.86,1.0527984420894823,20210514,20210514,1.007863
000001.SZ,1d,2018-06-22,9.308524412849627,9.375013872941409,9.280028929953149,9.356016884343758,657818.0,645752909.26,20180622,9.85,1.0527984420894823,20210514,20210514,1.007863
000001.SZ,1d,2018-06-25,9.413007850136715,9.422506344435542,8.90958765229893,8.985575606689538,1195212.0,1154559080.5,20180625,9.46,1.0527984420894823,20210514,20210514,1.007863
000001.SZ,1d,2018-06-26,8.919086146597756,8.966578618091885,8.63413131763297,8.890590663701277,1124156.0,1042528543.9899999,20180626,9.36,1.0527984420894823,20210514,20210514,1.007863
000001.SZ,1d,2018-06-27,8.843098192207144,8.92858464089658,8.577140351840013,8.63413131763297,1045142.0,958871648.21,20180627,9.09,1.0527984420894823,20210514,20210514,1.007863
000001.SZ,1d,2018-06-28,8.501152397449406,8.624632823334146,8.425164443058796,8.472656914552928,1110764.0,996801234.6999999,20180628,8.920000000000002,1.0527984420894823,20210514,20210514,1.007863
000001.SZ,1d,2018-06-29,8.558143363242362,8.672125294828275,8.51065089174823,8.634131317632972,675299.0,611346088.6899999,20180629,9.090000000000002,1.0527984420894823,20210514,20210514,1.007863
000001.SZ,1d,2018-07-02,8.596137340437666,8.596137340437666,8.121212625496359,8.178203591289316,1315520.0,1158545868.8100002,20180702,8.610000000000001,1.0527984420894823,20210514,20210514,1.007863
000001.SZ,1d,2018-07-03,8.254191545679923,8.26369003997875,8.026227682508097,8.235194557082272,1274838.0,1096657033.32,20180703,8.67,1.0527984420894823,20210514,20210514,1.007863
000001.SZ,1d,2018-07-04,8.197200579886967,8.31118251147288,8.178203591289314,8.178203591289314,711153.0,617278559.96,20180704,8.61,1.0527984420894823,20210514,20210514,1.007863
000001.SZ,1d,2018-07-05,8.187702085588143,8.29218552287523,8.121212625496359,8.16870509699049,835768.0,722169579.0,20180705,8.600000000000001,1.0527984420894823,20210514,20210514,1.007863
000001.SZ,1d,2018-07-06,8.178203591289314,8.339677994369358,8.026227682508097,8.225696062783445,988282.0,852071526.9799999,20180706,8.66,1.0527984420894823,20210514,20210514,1.007863
000001.SZ,1d,2018-07-09,8.254191545679923,8.577140351840013,8.244693051381098,8.577140351840013,1409954.0,1255007609.99,20180709,9.03,1.0527984420894823,20210514,20210514,1.007863
000001.SZ,1d,2018-07-10,8.567641857541188,8.567641857541188,8.444161431656449,8.529647880345884,896862.0,803038965.2500001,20180710,8.98,1.0527984420894823,20210514,20210514,1.007863
000001.SZ,1d,2018-07-11,8.320681005771707,8.387170465863491,8.244693051381098,8.339677994369358,851296.0,744765824.8900001,20180711,8.78,1.0527984420894823,20210514,20210514,1.007863
000001.SZ,1d,2018-07-12,8.301062625677027,8.658201366549179,8.281757828873127,8.571329780931627,1140492.0,1008658828.6700001,20180712,8.88,1.0360119406156862,20210514,20210514,1.007863
000001.SZ,1d,2018-07-13,8.609939374539428,8.629244171343327,8.513415390519928,8.571329780931627,603378.0,535401175.45,20180713,8.88,1.0360119406156862,20210514,20210514,1.007863
000001.SZ,1d,2018-07-16,8.542372585725778,8.590634577735528,8.387934211294576,8.426543804902376,689845.0,603427713.21,20180716,8.729999999999999,1.0360119406156862,20210514,20210514,1.007863
000001.SZ,1d,2018-07-17,8.436196203304327,8.445848601706277,8.358977016088726,8.416891406500428,375356.0,326396994.95,20180717,8.72,1.0360119406156862,20210514,20210514,1.007863
000001.SZ,1d,2018-07-18,8.445848601706277,8.542372585725778,8.387934211294576,8.397586609696527,525152.0,460697377.12000006,20180718,8.7,1.0360119406156862,20210514,20210514,1.007863
000001.SZ,1d,2018-07-19,8.445848601706277,8.503762992117975,8.387934211294576,8.426543804902376,461372.0,403674308.23,20180719,8.729999999999999,1.0360119406156862,20210514,20210514,1.007863
000001.SZ,1d,2018-07-20,8.426543804902376,8.880206529794028,8.310715024078975,8.793334944176477,1754277.0,1576843937.1000001,20180720,9.11,1.0360119406156862,20210514,20210514,1.007863
000001.SZ,1d,2018-07-23,8.725768155362827,9.121516489842778,8.687158561755028,9.09255929463693,1781688.0,1646028021.04,20180723,9.42,1.0360119406156862,20210514,20210514,1.007863
000001.SZ,1d,2018-07-24,9.06360209943108,9.25665006747008,9.005687709019378,9.073254497833029,1425894.0,1348746826.8300002,20180724,9.4,1.0360119406156862,20210514,20210514,1.007863
000001.SZ,1d,2018-07-25,9.111864091440829,9.14082128664668,9.005687709019378,9.05394970102913,614122.0,575752176.95,20180725,9.38,1.0360119406156862,20210514,20210514,1.007863
000001.SZ,1d,2018-07-26,9.073254497833029,9.15047368504863,8.889858928195979,8.92846852180378,833358.0,778429753.7900001,20180726,9.25,1.0360119406156862,20210514,20210514,1.007863
000001.SZ,1d,2018-07-27,8.976730513813528,9.034644904225228,8.860901732990127,8.92846852180378,515126.0,477527419.46,20180727,9.25,1.0360119406156862,20210514,20210514,1.007863
000001.SZ,1d,2018-07-30,8.99603531061743,9.16012608345058,8.938120920205728,9.06360209943108,706385.0,661767547.55,20180730,9.39,1.0360119406156862,20210514,20210514,1.007863
000001.SZ,1d,2018-07-31,9.044297302627179,9.16012608345058,8.92846852180378,9.09255929463693,720150.0,674484650.66,20180731,9.42,1.0360119406156862,20210514,20210514,1.007863
000001.SZ,1d,2018-08-01,9.09255929463693,9.169778481852529,8.793334944176477,8.831944537784278,814081.0,759282229.65,20180801,9.149999999999999,1.0360119406156862,20210514,20210514,1.007863
000001.SZ,1d,2018-08-02,8.812639740980378,8.83194453778428,8.571329780931627,8.629244171343329,931401.0,839272254.36,20180802,8.940000000000001,1.0360119406156862,20210514,20210514,1.007863
000001.SZ,1d,2018-08-03,8.619591772941376,8.783682545774528,8.600286976137477,8.600286976137477,476546.0,428641526.2,20180803,8.91,1.0360119406156862,20210514,20210514,1.007863
000001.SZ,1d,2018-08-06,8.629244171343329,8.793334944176479,8.580982179333578,8.629244171343329,554010.0,497906686.27000004,20180806,8.940000000000001,1.0360119406156862,20210514,20210514,1.007863
000001.SZ,1d,2018-08-07,8.648548968147228,8.851249334588179,8.571329780931627,8.851249334588179,690423.0,624359656.36,20180807,9.17,1.0360119406156862,20210514,20210514,1.007863
000001.SZ,1d,2018-08-08,8.841596936186228,8.841596936186228,8.725768155362829,8.73542055376478,578953.0,527526989.83,20180808,9.05,1.0360119406156862,20210514,20210514,1.007863
000001.SZ,1d,2018-08-09,8.725768155362827,9.02499250582328,8.706463358558928,8.967078115411578,806783.0,746469808.0899999,20180809,9.29,1.0360119406156862,20210514,20210514,1.007863
000001.SZ,1d,2018-08-10,8.976730513813528,8.99603531061743,8.841596936186228,8.909163724999878,424168.0,391366341.57,20180810,9.23,1.0360119406156862,20210514,20210514,1.007863
000001.SZ,1d,2018-08-13,8.80298734257843,8.841596936186228,8.590634577735528,8.73542055376478,818491.0,736947790.49,20180813,9.05,1.0360119406156862,20210514,20210514,1.007863
000001.SZ,1d,2018-08-14,8.716115756960876,8.725768155362827,8.629244171343327,8.687158561755028,430240.0,386334617.9499999,20180814,9.0,1.0360119406156862,20210514,20210514,1.007863
000001.SZ,1d,2018-08-15,8.706463358558928,8.706463358558928,8.445848601706277,8.484458195314076,670442.0,594759517.14,20180815,8.79,1.0360119406156862,20210514,20210514,1.007863
000001.SZ,1d,2018-08-16,8.426543804902378,8.580982179333578,8.339672219284827,8.474805796912127,638272.0,559523123.02,20180816,8.780000000000001,1.0360119406156862,20210514,20210514,1.007863
000001.SZ,1d,2018-08-17,8.571329780931626,8.629244171343327,8.474805796912127,8.503762992117975,649476.0,576683267.1100001,20180817,8.809999999999999,1.0360119406156862,20210514,20210514,1.007863
000001.SZ,1d,2018-08-20,8.590634577735528,8.70646335855893,8.561677382529679,8.68715856175503,681322.0,609934725.59,20180820,9.000000000000002,1.0360119406156862,20210514,20210514,1.007863
000001.SZ,1d,2018-08-21,8.706463358558928,8.938120920205728,8.696810960156977,8.909163724999878,1264474.0,1163292795.24,20180821,9.23,1.0360119406156862,20210514,20210514,1.007863
000001.SZ,1d,2018-08-22,8.918816123401829,9.01534010742133,8.812639740980378,8.96707811541158,982433.0,909598743.27,20180822,9.290000000000001,1.0360119406156862,20210514,20210514,1.007863
000001.SZ,1d,2018-08-23,8.976730513813528,9.09255929463693,8.909163724999878,9.03464490422523,729074.0,680941392.24,20180823,9.360000000000001,1.0360119406156862,20210514,20210514,1.007863
000001.SZ,1d,2018-08-24,8.986382912215479,9.922665557204633,8.96707811541158,9.681355597155882,3040408.0,2995071976.8100004,20180824,10.030000000000001,1.0360119406156862,20210514,20210514,1.007863
000001.SZ,1d,2018-08-27,9.671703198753931,10.067451533233884,9.62344120674418,10.067451533233884,2218424.0,2251527721.3500004,20180827,10.430000000000001,1.0360119406156862,20210514,20210514,1.007863
000001.SZ,1d,2018-08-28,9.980579947616333,10.067451533233882,9.884055963596833,9.932317955606583,1289777.0,1331917860.95,20180828,10.290000000000001,1.0360119406156862,20210514,20210514,1.007863
000001.SZ,1d,2018-08-29,9.893708361998781,9.970927549214382,9.797184377979281,9.91301315880268,901883.0,923581546.46,20180829,10.27,1.0360119406156862,20210514,20210514,1.007863
000001.SZ,1d,2018-08-30,9.91301315880268,9.990232346018281,9.729617589165631,9.76822718277343,994917.0,1013877514.26,20180830,10.12,1.0360119406156862,20210514,20210514,1.007863
000001.SZ,1d,2018-08-31,9.77787958117538,9.961275150812432,9.74892238596953,9.77787958117538,1310865.0,1337898869.57,20180831,10.129999999999999,1.0360119406156862,20210514,20210514,1.007863
000001.SZ,1d,2018-09-03,9.739269987567582,9.941970354008532,9.739269987567582,9.835793971587082,711695.0,725303291.73,20180903,10.19,1.0360119406156862,20210514,20210514,1.007863
000001.SZ,1d,2018-09-04,9.845446369989032,10.183280314057283,9.71996519076368,10.067451533233882,1296342.0,1339756563.51,20180904,10.43,1.0360119406156862,20210514,20210514,1.007863
000001.SZ,1d,2018-09-05,9.941970354008532,9.970927549214382,9.700660393959781,9.700660393959781,1179453.0,1202345697.97,20180905,10.05,1.0360119406156862,20210514,20210514,1.007863
000001.SZ,1d,2018-09-06,9.700660393959781,9.787531979577333,9.604136409940281,9.62344120674418,711777.0,713975749.0200001,20180906,9.97,1.0360119406156862,20210514,20210514,1.007863
000001.SZ,1d,2018-09-07,9.69100799555783,9.826141573185131,9.58483161313638,9.662050800351981,809035.0,815151722.99,20180907,10.01,1.0360119406156862,20210514,20210514,1.007863
000001.SZ,1d,2018-09-10,9.662050800351981,9.71996519076368,9.49796002751883,9.53656962112663,636989.0,631174169.9300001,20180910,9.879999999999999,1.0360119406156862,20210514,20210514,1.007863
000001.SZ,1d,2018-09-11,9.55587441793053,9.681355597155882,9.469002832312981,9.565526816332481,712967.0,707337570.1400001,20180911,9.91,1.0360119406156862,20210514,20210514,1.007863
000001.SZ,1d,2018-09-12,9.52691722272468,9.62344120674418,9.478655230714931,9.536569621126631,564829.0,558399563.21,20180912,9.88,1.0360119406156862,20210514,20210514,1.007863
000001.SZ,1d,2018-09-13,9.739269987567582,9.74892238596953,9.49796002751883,9.61378880834223,999725.0,993389970.35,20180913,9.959999999999999,1.0360119406156862,20210514,20210514,1.007863
000001.SZ,1d,2018-09-14,9.633093605146131,9.633093605146131,9.469002832312981,9.49796002751883,619750.0,611422480.21,20180914,9.84,1.0360119406156862,20210514,20210514,1.007863
000001.SZ,1d,2018-09-17,9.459350433911029,9.459350433911029,9.34352165308763,9.35317405148958,517082.0,502609643.63,20180917,9.69,1.0360119406156862,20210514,20210514,1.007863
000001.SZ,1d,2018-09-18,9.39178364509738,9.768227182773431,9.36282644989153,9.729617589165633,1126807.0,1120867543.02,20180918,10.080000000000002,1.0360119406156862,20210514,20210514,1.007863
000001.SZ,1d,2018-09-19,9.68135559715588,9.980579947616333,9.68135559715588,9.884055963596833,1231548.0,1257191505.9599998,20180919,10.24,1.0360119406156862,20210514,20210514,1.007863
000001.SZ,1d,2018-09-20,9.91301315880268,9.999884744420232,9.835793971587082,9.87440356519488,620348.0,636742814.2300001,20180920,10.229999999999999,1.0360119406156862,20210514,20210514,1.007863
000001.SZ,1d,2018-09-21,9.903360760400732,10.328066290086532,9.826141573185131,10.299109094880682,1624518.0,1707850487.8000002,20180921,10.67,1.0360119406156862,20210514,20210514,1.007863
000001.SZ,1d,2018-09-25,10.154323118851432,10.308761493282633,10.115713525243633,10.183280314057283,977014.0,1030715785.16,20180925,10.55,1.0360119406156862,20210514,20210514,1.007863
000001.SZ,1d,2018-09-26,10.241194704468983,10.540419054929433,10.154323118851432,10.337718688488483,1490513.0,1600626208.76,20180926,10.709999999999999,1.0360119406156862,20210514,20210514,1.007863
000001.SZ,1d,2018-09-27,10.279804298076783,10.463199867713833,10.202585110861182,10.366675883694333,880363.0,942200398.6200001,20180927,10.74,1.0360119406156862,20210514,20210514,1.007863
000001.SZ,1d,2018-09-28,10.405285477302133,10.878252998997684,10.405285477302133,10.665900234154783,2110242.0,2331358288.96,20180928,11.049999999999999,1.0360119406156862,20210514,20210514,1.007863
000001.SZ,1d,2018-10-08,10.328066290086534,10.414937875704084,10.086756330037783,10.086756330037783,1686358.0,1793455283.0900002,20181008,10.450000000000001,1.0360119406156862,20210514,20210514,1.007863
000001.SZ,1d,2018-10-09,10.096408728439734,10.328066290086534,10.028841939626082,10.192932712459234,1064084.0,1117946550.71,20181009,10.56,1.0360119406156862,20210514,20210514,1.007863
000001.SZ,1d,2018-10-10,10.173627915655333,10.289456696478734,10.019189541224133,10.086756330037783,995200.0,1045666180.93,20181010,10.450000000000001,1.0360119406156862,20210514,20210514,1.007863
000001.SZ,1d,2018-10-11,9.700660393959781,9.806836776381234,9.36282644989153,9.517264824322732,1995143.0,1994186611.8000002,20181011,9.860000000000001,1.0360119406156862,20210514,20210514,1.007863
000001.SZ,1d,2018-10-12,9.62344120674418,9.980579947616333,9.52691722272468,9.941970354008532,1516810.0,1532651400.23,20181012,10.3,1.0360119406156862,20210514,20210514,1.007863
000001.SZ,1d,2018-10-15,10.028841939626082,10.106061126841682,9.739269987567582,9.758574784371481,1402685.0,1443043059.27,20181015,10.11,1.0360119406156862,20210514,20210514,1.007863
000001.SZ,1d,2018-10-16,9.787531979577333,10.173627915655333,9.768227182773431,10.009537142822182,1396921.0,1450020371.45,20181016,10.370000000000001,1.0360119406156862,20210514,20210514,1.007863
000001.SZ,1d,2018-10-17,10.135018322047532,10.183280314057283,9.787531979577333,9.970927549214382,1350889.0,1400306336.2199998,20181017,10.33,1.0360119406156862,20210514,20210514,1.007863
000001.SZ,1d,2018-10-18,9.932317955606583,9.932317955606583,9.710312792361732,9.739269987567582,1001156.0,1015654821.72,20181018,10.09,1.0360119406156862,20210514,20210514,1.007863
000001.SZ,1d,2018-10-19,9.60413640994028,10.405285477302133,9.57517921473443,10.385980680498234,2083667.0,2173571254.6200004,20181019,10.76,1.0360119406156862,20210514,20210514,1.007863
000001.SZ,1d,2018-10-22,10.434242672507983,11.061648568634734,10.405285477302133,10.762424218174283,2645543.0,2932714470.7000003,20181022,11.149999999999999,1.0360119406156862,20210514,20210514,1.007863
000001.SZ,1d,2018-10-23,10.810686210184036,10.829991006987935,10.357023485292384,10.463199867713833,1602545.0,1759265958.65,20181023,10.84,1.0360119406156862,20210514,20210514,1.007863
000001.SZ,1d,2018-10-24,10.521114258125534,10.936167389409386,10.424590274106034,10.656247835752835,1829424.0,2026171911.6200004,20181024,11.040000000000001,1.0360119406156862,20210514,20210514,1.007863
000001.SZ,1d,2018-10-25,10.424590274106034,10.897557795801585,10.337718688488485,10.897557795801585,1685011.0,1855823739.15,20181025,11.290000000000001,1.0360119406156862,20210514,20210514,1.007863
000001.SZ,1d,2018-10-26,10.897557795801585,10.916862592605485,10.579028648537234,10.791381413380137,1299975.0,1448843512.3,20181026,11.180000000000001,1.0360119406156862,20210514,20210514,1.007863
000001.SZ,1d,2018-10-29,10.810686210184036,10.849295803791835,10.250847102870933,10.376328282096285,1591628.0,1725932497.6100001,20181029,10.750000000000002,1.0360119406156862,20210514,20210514,1.007863
000001.SZ,1d,2018-10-30,10.405285477302135,10.694857429360635,10.357023485292384,10.521114258125534,1501827.0,1641371787.2,20181030,10.9,1.0360119406156862,20210514,20210514,1.007863
000001.SZ,1d,2018-10-31,10.569376250135283,10.607985843743084,10.376328282096283,10.530766656527485,1152683.0,1252156775.98,20181031,10.91,1.0360119406156862,20210514,20210514,1.007863
000001.SZ,1d,2018-11-01,10.607985843743084,10.665900234154783,10.385980680498234,10.453547469311884,1542776.0,1679443449.7099998,20181101,10.83,1.0360119406156862,20210514,20210514,1.007863
000001.SZ,1d,2018-11-02,10.656247835752835,10.772076616576234,10.453547469311884,10.704509827762584,2212922.0,2439179135.98,20181102,11.09,1.0360119406156862,20210514,20210514,1.007863
000001.SZ,1d,2018-11-05,10.569376250135285,10.656247835752835,10.443895070909933,10.540419054929433,1291924.0,1409457171.3,20181105,10.92,1.0360119406156862,20210514,20210514,1.007863
000001.SZ,1d,2018-11-06,10.492157062919684,10.550071453331384,10.357023485292384,10.463199867713833,735725.0,795322638.26,20181106,10.84,1.0360119406156862,20210514,20210514,1.007863
000001.SZ,1d,2018-11-07,10.453547469311884,10.569376250135283,10.376328282096283,10.434242672507985,785597.0,851487053.87,20181107,10.81,1.0360119406156862,20210514,20210514,1.007863
000001.SZ,1d,2018-11-08,10.501809461321635,10.588681046939184,10.443895070909933,10.511461859723584,793976.0,864744243.04,20181108,10.89,1.0360119406156862,20210514,20210514,1.007863
000001.SZ,1d,2018-11-09,10.337718688488485,10.357023485292384,10.038494338028032,10.183280314057283,1629269.0,1716198382.75,20181109,10.55,1.0360119406156862,20210514,20210514,1.007863
000001.SZ,1d,2018-11-12,10.096408728439734,10.212237509263133,10.019189541224133,10.192932712459234,920333.0,965756504.35,20181112,10.56,1.0360119406156862,20210514,20210514,1.007863
000001.SZ,1d,2018-11-13,10.048146736429983,10.279804298076783,10.019189541224133,10.173627915655333,1072497.0,1126736143.27,20181113,10.540000000000001,1.0360119406156862,20210514,20210514,1.007863
000001.SZ,1d,2018-11-14,10.163975517253382,10.183280314057283,10.057799134831932,10.07710393163583,774239.0,810357748.16,20181114,10.44,1.0360119406156862,20210514,20210514,1.007863
000001.SZ,1d,2018-11-15,10.07710393163583,10.270151899674833,10.057799134831932,10.250847102870932,901461.0,949991801.2,20181115,10.62,1.0360119406156862,20210514,20210514,1.007863
000001.SZ,1d,2018-11-16,10.241194704468983,10.347371086890433,10.125365923645582,10.202585110861182,1059592.0,1123173219.43,20181116,10.57,1.0360119406156862,20210514,20210514,1.007863
000001.SZ,1d,2018-11-19,10.202585110861182,10.501809461321635,10.202585110861182,10.472852266115783,1360887.0,1466899416.6200001,20181119,10.85,1.0360119406156862,20210514,20210514,1.007863
000001.SZ,1d,2018-11-20,10.376328282096283,10.424590274106032,10.154323118851432,10.202585110861182,1033877.0,1099654683.02,20181120,10.57,1.0360119406156862,20210514,20210514,1.007863
000001.SZ,1d,2018-11-21,10.135018322047532,10.299109094880682,10.115713525243633,10.241194704468985,666157.0,705638355.22,20181121,10.610000000000001,1.0360119406156862,20210514,20210514,1.007863
000001.SZ,1d,2018-11-22,10.299109094880682,10.299109094880682,10.115713525243633,10.183280314057283,500267.0,527103281.19,20181122,10.55,1.0360119406156862,20210514,20210514,1.007863
000001.SZ,1d,2018-11-23,10.163975517253384,10.212237509263133,9.951622752410483,9.961275150812432,700358.0,730667665.37,20181123,10.32,1.0360119406156862,20210514,20210514,1.007863
000001.SZ,1d,2018-11-26,9.980579947616333,10.096408728439734,9.941970354008532,9.980579947616333,516569.0,535963342.8600001,20181126,10.34,1.0360119406156862,20210514,20210514,1.007863
000001.SZ,1d,2018-11-27,9.990232346018281,10.028841939626082,9.806836776381232,9.826141573185131,733448.0,752824120.3000001,20181127,10.18,1.0360119406156862,20210514,20210514,1.007863
000001.SZ,1d,2018-11-28,9.81648917478318,9.951622752410483,9.806836776381232,9.922665557204631,537751.0,550820246.7,20181128,10.28,1.0360119406156862,20210514,20210514,1.007863
000001.SZ,1d,2018-11-29,9.990232346018281,10.028841939626082,9.835793971587082,9.84544636998903,485284.0,499068827.02,20181129,10.2,1.0360119406156862,20210514,20210514,1.007863
000001.SZ,1d,2018-11-30,9.864751166792932,9.999884744420232,9.81648917478318,9.999884744420232,594715.0,610571532.6100001,20181130,10.36,1.0360119406156862,20210514,20210514,1.007863
000001.SZ,1d,2018-12-03,10.221889907665082,10.289456696478734,10.106061126841682,10.221889907665082,1064097.0,1126374829.79,20181203,10.59,1.0360119406156862,20210514,20210514,1.007863
000001.SZ,1d,2018-12-04,10.20258511086118,10.250847102870932,10.163975517253382,10.221889907665082,534813.0,565743744.88,20181204,10.59,1.0360119406156862,20210514,20210514,1.007863
000001.SZ,1d,2018-12-05,10.125365923645582,10.144670720449483,10.038494338028032,10.086756330037783,581545.0,608133290.28,20181205,10.450000000000001,1.0360119406156862,20210514,20210514,1.007863
000001.SZ,1d,2018-12-06,9.999884744420234,10.009537142822182,9.874403565194882,9.893708361998781,578866.0,594649682.9899999,20181206,10.25,1.0360119406156862,20210514,20210514,1.007863
000001.SZ,1d,2018-12-07,9.94197035400853,10.028841939626082,9.91301315880268,9.922665557204631,340216.0,351101370.35,20181207,10.28,1.0360119406156862,20210514,20210514,1.007863
000001.SZ,1d,2018-12-10,9.864751166792932,9.913013158802682,9.777879581175382,9.81648917478318,494818.0,504040653.97,20181210,10.17,1.0360119406156862,20210514,20210514,1.007863
000001.SZ,1d,2018-12-11,9.855098768390981,9.903360760400732,9.81648917478318,9.874403565194882,299089.0,305389210.46,20181211,10.23,1.0360119406156862,20210514,20210514,1.007863
000001.SZ,1d,2018-12-12,9.941970354008532,9.961275150812432,9.845446369989032,9.884055963596833,366379.0,375402863.91999996,20181212,10.24,1.0360119406156862,20210514,20210514,1.007863
000001.SZ,1d,2018-12-13,9.893708361998783,10.115713525243633,9.845446369989032,10.028841939626082,790845.0,819920689.17,20181213,10.39,1.0360119406156862,20210514,20210514,1.007863
000001.SZ,1d,2018-12-14,9.980579947616333,9.990232346018281,9.806836776381232,9.81648917478318,526675.0,539263012.14,20181214,10.17,1.0360119406156862,20210514,20210514,1.007863
000001.SZ,1d,2018-12-17,9.806836776381232,9.970927549214382,9.74892238596953,9.932317955606582,571274.0,584679512.2099999,20181217,10.29,1.0360119406156862,20210514,20210514,1.007863
000001.SZ,1d,2018-12-18,9.84544636998903,9.961275150812432,9.74892238596953,9.76822718277343,537744.0,547157562.7800001,20181218,10.12,1.0360119406156862,20210514,20210514,1.007863
000001.SZ,1d,2018-12-19,9.787531979577333,9.826141573185131,9.55587441793053,9.59448401153833,598007.0,600090171.1800001,20181219,9.94,1.0360119406156862,20210514,20210514,1.007863
000001.SZ,1d,2018-12-20,9.57517921473443,9.62344120674418,9.29525966107788,9.37247884829348,990284.0,964202861.12,20181220,9.71,1.0360119406156862,20210514,20210514,1.007863
000001.SZ,1d,2018-12-21,9.34352165308763,9.362826449891529,9.005687709019378,9.121516489842778,1000616.0,944460332.35,20181221,9.45,1.0360119406156862,20210514,20210514,1.007863
000001.SZ,1d,2018-12-24,9.073254497833029,9.12151648984278,8.986382912215479,9.09255929463693,509117.0,477186904.75,20181224,9.42,1.0360119406156862,20210514,20210514,1.007863
000001.SZ,1d,2018-12-25,8.96707811541158,9.10221169303888,8.889858928195979,9.01534010742133,586615.0,545235607.8500001,20181225,9.340000000000002,1.0360119406156862,20210514,20210514,1.007863
000001.SZ,1d,2018-12-26,9.02499250582328,9.09255929463693,8.947773318607679,8.976730513813528,421140.0,393215140.96999997,20181226,9.299999999999999,1.0360119406156862,20210514,20210514,1.007863
000001.SZ,1d,2018-12-27,9.121516489842778,9.16012608345058,8.957425717009627,8.957425717009627,624593.0,586343755.0300001,20181227,9.28,1.0360119406156862,20210514,20210514,1.007863
000001.SZ,1d,2018-12-28,8.986382912215479,9.13116888824473,8.986382912215479,9.05394970102913,576604.0,541571004.8000001,20181228,9.38,1.0360119406156862,20210514,20210514,1.007863
000001.SZ,1d,2019-01-02,9.06360209943108,9.09255929463693,8.841596936186228,8.870554131392078,539386.0,498695109.65999997,20190102,9.19,1.0360119406156862,20210514,20210514,1.007863
000001.SZ,1d,2019-01-03,8.860901732990127,9.005687709019378,8.83194453778428,8.95742571700963,415537.0,384457707.88,20190103,9.280000000000001,1.0360119406156862,20210514,20210514,1.007863
000001.SZ,1d,2019-01-04,8.918816123401829,9.478655230714931,8.89951132659793,9.41108844190128,1481159.0,1422149888.16,20190104,9.75,1.0360119406156862,20210514,20210514,1.007863
000001.SZ,1d,2019-01-07,9.497960027518833,9.507612425920781,9.29525966107788,9.40143604349933,865687.0,841166430.7,20190107,9.74,1.0360119406156862,20210514,20210514,1.007863
000001.SZ,1d,2019-01-08,9.39178364509738,9.40143604349933,9.285607262675931,9.32421685628373,402388.0,389247795.73,20190108,9.66,1.0360119406156862,20210514,20210514,1.007863
000001.SZ,1d,2019-01-09,9.40143604349933,9.729617589165633,9.36282644989153,9.594484011538333,1233486.0,1229465116.69,20190109,9.940000000000001,1.0360119406156862,20210514,20210514,1.007863
000001.SZ,1d,2019-01-10,9.52691722272468,9.84544636998903,9.51726482432273,9.74892238596953,1071817.0,1079711035.8,20190110,10.1,1.0360119406156862,20210514,20210514,1.007863
000001.SZ,1d,2019-01-11,9.758574784371483,9.864751166792932,9.700660393959781,9.845446369989032,696364.0,708001802.1700001,20190111,10.200000000000001,1.0360119406156862,20210514,20210514,1.007863
000001.SZ,1d,2019-01-14,9.864751166792932,9.893708361998781,9.71996519076368,9.758574784371481,500443.0,507862882.18000007,20190114,10.11,1.0360119406156862,20210514,20210514,1.007863
000001.SZ,1d,2019-01-15,9.758574784371481,9.922665557204631,9.739269987567582,9.884055963596833,542160.0,553027309.58,20190115,10.24,1.0360119406156862,20210514,20210514,1.007863
000001.SZ,1d,2019-01-16,9.884055963596833,10.135018322047532,9.874403565194882,10.115713525243633,977699.0,1017495116.1099999,20190116,10.48,1.0360119406156862,20210514,20210514,1.007863
000001.SZ,1d,2019-01-17,10.17362791565533,10.202585110861182,9.81648917478318,9.893708361998781,882811.0,910212066.3100001,20190117,10.25,1.0360119406156862,20210514,20210514,1.007863
000001.SZ,1d,2019-01-18,9.980579947616333,10.125365923645582,9.922665557204631,10.067451533233882,738793.0,769973637.95,20190118,10.43,1.0360119406156862,20210514,20210514,1.007863
000001.SZ,1d,2019-01-21,9.980579947616333,10.106061126841682,9.961275150812432,9.980579947616333,659355.0,684465646.24,20190121,10.34,1.0360119406156862,20210514,20210514,1.007863
000001.SZ,1d,2019-01-22,9.980579947616333,10.07710393163583,9.903360760400732,9.922665557204631,424413.0,438991450.35,20190122,10.28,1.0360119406156862,20210514,20210514,1.007863
000001.SZ,1d,2019-01-23,9.932317955606583,10.106061126841682,9.932317955606583,9.990232346018283,537876.0,559384396.28,20190123,10.350000000000001,1.0360119406156862,20210514,20210514,1.007863
000001.SZ,1d,2019-01-24,10.038494338028032,10.183280314057283,10.009537142822182,10.154323118851433,679240.0,711495718.15,20190124,10.520000000000001,1.0360119406156862,20210514,20210514,1.007863
000001.SZ,1d,2019-01-25,10.192932712459234,10.656247835752835,10.183280314057283,10.617638242145034,2108361.0,2299718224.86,20190125,11.0,1.0360119406156862,20210514,20210514,1.007863
000001.SZ,1d,2019-01-28,10.656247835752835,10.752771819772335,10.501809461321635,10.559723851733334,1035909.0,1141853833.8300002,20190128,10.940000000000001,1.0360119406156862,20210514,20210514,1.007863
000001.SZ,1d,2019-01-29,10.579028648537234,10.685205030958684,10.395633078900183,10.617638242145034,826631.0,904847854.0699999,20190129,11.0,1.0360119406156862,20210514,20210514,1.007863
000001.SZ,1d,2019-01-30,10.569376250135283,10.791381413380135,10.482504664517734,10.569376250135283,712001.0,785204571.5500001,20190130,10.95,1.0360119406156862,20210514,20210514,1.007863
000001.SZ,1d,2019-01-31,10.598333445341133,10.810686210184034,10.559723851733333,10.714162226164534,831622.0,922602874.5899999,20190131,11.1,1.0360119406156862,20210514,20210514,1.007863
000001.SZ,1d,2019-02-01,10.810686210184036,10.858948202193785,10.579028648537234,10.810686210184036,1014270.0,1127216186.16,20190201,11.200000000000001,1.0360119406156862,20210514,20210514,1.007863
000001.SZ,1d,2019-02-11,10.694857429360635,10.820338608585985,10.588681046939184,10.820338608585985,801936.0,889951528.7600001,20190211,11.21,1.0360119406156862,20210514,20210514,1.007863
000001.SZ,1d,2019-02-12,10.810686210184034,10.916862592605483,10.646595437350884,10.801033811782084,959936.0,1071873084.84,20190212,11.19,1.0360119406156862,20210514,20210514,1.007863
000001.SZ,1d,2019-02-13,10.801033811782085,11.013386576624985,10.733467022968435,10.984429381419137,1137365.0,1280182096.94,20190213,11.38,1.0360119406156862,20210514,20210514,1.007863
000001.SZ,1d,2019-02-14,10.907210194203534,10.936167389409386,10.801033811782084,10.858948202193785,869185.0,977818097.6200001,20190214,11.25,1.0360119406156862,20210514,20210514,1.007863
000001.SZ,1d,2019-02-15,10.839643405389886,10.839643405389886,10.521114258125534,10.569376250135285,1100127.0,1213914428.9,20190215,10.950000000000001,1.0360119406156862,20210514,20210514,1.007863
000001.SZ,1d,2019-02-18,10.665900234154785,10.965124584615236,10.656247835752835,10.965124584615236,1255522.0,1408279680.0900002,20190218,11.360000000000001,1.0360119406156862,20210514,20210514,1.007863
000001.SZ,1d,2019-02-19,10.965124584615234,11.216086943065937,10.849295803791835,10.878252998997684,1270882.0,1445281382.8999999,20190219,11.27,1.0360119406156862,20210514,20210514,1.007863
000001.SZ,1d,2019-02-20,10.936167389409386,11.129215357448384,10.858948202193785,11.013386576624985,832629.0,949430819.5100001,20190220,11.41,1.0360119406156862,20210514,20210514,1.007863
000001.SZ,1d,2019-02-21,10.984429381419135,11.148520154252285,10.887905397399635,10.965124584615234,754246.0,860591070.9,20190221,11.36,1.0360119406156862,20210514,20210514,1.007863
000001.SZ,1d,2019-02-22,10.955472186213285,11.167824951056186,10.762424218174285,11.138867755850336,1184047.0,1343020336.09,20190222,11.540000000000001,1.0360119406156862,20210514,20210514,1.007863
000001.SZ,1d,2019-02-25,11.293306130281538,12.20063158006484,11.167824951056186,12.113759994447289,2824935.0,3415946860.2000003,20190225,12.55,1.0360119406156862,20210514,20210514,1.007863
000001.SZ,1d,2019-02-26,12.113759994447289,12.133064791251188,11.727664058369287,11.775926050379038,2017544.0,2485673356.7699995,20190226,12.200000000000001,1.0360119406156862,20210514,20210514,1.007863
000001.SZ,1d,2019-02-27,11.814535643986838,12.21993637686874,11.727664058369287,11.968974018418038,1979013.0,2454404411.85,20190227,12.4,1.0360119406156862,20210514,20210514,1.007863
000001.SZ,1d,2019-02-28,12.007583612025838,12.171674384858989,11.843492839192688,11.930364424810238,1113099.0,1383110810.74,20190228,12.36,1.0360119406156862,20210514,20210514,1.007863
000001.SZ,1d,2019-03-01,12.046193205633639,12.33576515769214,11.775926050379038,12.316460360888241,1712679.0,2137669556.8100002,20190301,12.760000000000002,1.0360119406156862,20210514,20210514,1.007863
000001.SZ,1d,2019-03-04,12.25854597047654,12.914909061809142,12.181326783260939,12.538465524133091,2456830.0,3195011702.87,20190304,12.99,1.0360119406156862,20210514,20210514,1.007863
000001.SZ,1d,2019-03-05,12.46124633691749,12.82803747619159,12.39367954810384,12.606032312946741,1408422.0,1838251656.51,20190305,13.06,1.0360119406156862,20210514,20210514,1.007863
000001.SZ,1d,2019-03-06,12.606032312946741,12.69290389856429,12.39367954810384,12.62533710975064,1245760.0,1614670974.69,20190306,13.08,1.0360119406156862,20210514,20210514,1.007863
000001.SZ,1d,2019-03-07,12.606032312946741,12.606032312946741,12.113759994447289,12.29715556408434,1782057.0,2274151007.32,20190307,12.74,1.0360119406156862,20210514,20210514,1.007863
000001.SZ,1d,2019-03-08,12.05584560403559,12.258545970476538,11.824188042388787,11.872450034398538,1778162.0,2214572416.75,20190308,12.3,1.0360119406156862,20210514,20210514,1.007863
000001.SZ,1d,2019-03-11,11.872450034398538,12.05584560403559,11.631140074349787,11.891754831202439,1157650.0,1416000379.71,20190311,12.32,1.0360119406156862,20210514,20210514,1.007863
000001.SZ,1d,2019-03-12,12.05584560403559,12.20063158006484,11.814535643986838,11.930364424810238,1411794.0,1757797250.71,20190312,12.36,1.0360119406156862,20210514,20210514,1.007863
000001.SZ,1d,2019-03-13,11.91105962800634,12.113759994447289,11.708359261565388,11.94001682321219,1269427.0,1568387543.68,20190313,12.370000000000001,1.0360119406156862,20210514,20210514,1.007863
000001.SZ,1d,2019-03-14,11.901407229604388,12.181326783260937,11.843492839192688,11.997931213623888,1057467.0,1316372926.2,20190314,12.43,1.0360119406156862,20210514,20210514,1.007863
000001.SZ,1d,2019-03-15,11.911059628006338,12.239241173672639,11.911059628006338,12.065498002437538,1045406.0,1311323009.34,20190315,12.5,1.0360119406156862,20210514,20210514,1.007863
000001.SZ,1d,2019-03-18,12.09445519764339,12.49020353212334,11.891754831202439,12.46124633691749,1486454.0,1882483633.89,20190318,12.91,1.0360119406156862,20210514,20210514,1.007863
000001.SZ,1d,2019-03-19,12.47089873531944,12.49020353212334,12.171674384858989,12.34541755609409,957196.0,1221118294.2,20190319,12.79,1.0360119406156862,20210514,20210514,1.007863
000001.SZ,1d,2019-03-20,12.23924117367264,12.43228914171164,12.181326783260939,12.30680796248629,929996.0,1185477058.67,20190320,12.750000000000002,1.0360119406156862,20210514,20210514,1.007863
000001.SZ,1d,2019-03-21,12.326112759290188,12.35506995449604,12.142717189653139,12.24889357207459,860140.0,1092506482.84,20190321,12.69,1.0360119406156862,20210514,20210514,1.007863
000001.SZ,1d,2019-03-22,12.24889357207459,12.29715556408434,12.065498002437538,12.15236958805509,713502.0,898629416.83,20190322,12.59,1.0360119406156862,20210514,20210514,1.007863
000001.SZ,1d,2019-03-25,11.968974018418038,11.968974018418038,11.679402066359536,11.689054464761487,1179883.0,1445560160.24,20190325,12.11,1.0360119406156862,20210514,20210514,1.007863
000001.SZ,1d,2019-03-26,11.804883245584888,11.862797635996587,11.592530480741987,11.679402066359536,935393.0,1136721266.5500002,20190326,12.1,1.0360119406156862,20210514,20210514,1.007863
000001.SZ,1d,2019-03-27,11.814535643986838,12.036540807231688,11.756621253575137,11.949669221614137,922826.0,1138302657.13,20190327,12.379999999999999,1.0360119406156862,20210514,20210514,1.007863
000001.SZ,1d,2019-03-28,11.882102432800489,11.882102432800489,11.679402066359536,11.795230847182937,732467.0,892530627.33,20190328,12.219999999999999,1.0360119406156862,20210514,20210514,1.007863
000001.SZ,1d,2019-03-29,11.83384044079074,12.37437475129994,11.785578448780988,12.37437475129994,1669506.0,2108295393.9300003,20190329,12.82,1.0360119406156862,20210514,20210514,1.007863
000001.SZ,1d,2019-04-01,12.38402714970189,13.078999834642293,12.38402714970189,12.72186109377014,1951401.0,2588268668.8700004,20190401,13.18,1.0360119406156862,20210514,20210514,1.007863
000001.SZ,1d,2019-04-02,12.818385077789642,13.011433045828642,12.770123085779892,12.895604265005243,1100384.0,1466040987.0900002,20190402,13.360000000000001,1.0360119406156862,20210514,20210514,1.007863
000001.SZ,1d,2019-04-03,12.750818288975992,12.982475850622793,12.69290389856429,12.97282345222084,792915.0,1056166231.5300001,20190403,13.44,1.0360119406156862,20210514,20210514,1.007863
000001.SZ,1d,2019-04-04,12.963171053818892,13.513357762730044,12.963171053818892,13.378224185102741,2034365.0,2796366353.31,20190404,13.86,1.0360119406156862,20210514,20210514,1.007863
000001.SZ,1d,2019-04-08,13.416833778710544,13.928410894013894,13.243090607475443,13.474748169122243,1743176.0,2464536241.4700003,20190408,13.96,1.0360119406156862,20210514,20210514,1.007863
000001.SZ,1d,2019-04-09,13.387876583504692,13.494052965926144,13.272047802681293,13.329962193092992,781332.0,1080549202.28,20190409,13.81,1.0360119406156862,20210514,20210514,1.007863
000001.SZ,1d,2019-04-10,13.272047802681293,13.397528981906644,12.934213858613042,13.252743005877393,947135.0,1289475602.49,20190410,13.73,1.0360119406156862,20210514,20210514,1.007863
000001.SZ,1d,2019-04-11,13.252743005877393,13.474748169122243,13.021085444230591,13.069347436240342,655356.0,897382236.21,20190411,13.540000000000001,1.0360119406156862,20210514,20210514,1.007863
000001.SZ,1d,2019-04-12,13.021085444230591,13.117609428250093,12.750818288975992,12.953518655416943,774324.0,1035139673.9499999,20190412,13.420000000000002,1.0360119406156862,20210514,20210514,1.007863
000001.SZ,1d,2019-04-15,13.243090607475443,13.600229348347593,13.185176217063741,13.214133412269591,1533890.0,2134708981.63,20190415,13.69,1.0360119406156862,20210514,20210514,1.007863
000001.SZ,1d,2019-04-16,13.194828615465692,14.073196870043144,13.078999834642293,14.073196870043144,2379375.0,3379550307.18,20190416,14.58,1.0360119406156862,20210514,20210514,1.007863
000001.SZ,1d,2019-04-17,13.918758495611945,14.082849268445095,13.735362925974893,13.851191706798295,1004109.0,1443493493.4099998,20190417,14.35,1.0360119406156862,20210514,20210514,1.007863
000001.SZ,1d,2019-04-18,13.802929714788544,13.870496503602194,13.619534145151492,13.841539308396344,507045.0,721908800.5899999,20190418,14.34,1.0360119406156862,20210514,20210514,1.007863
000001.SZ,1d,2019-04-19,13.947715690817796,14.285549634886046,13.802929714788545,14.217982846072395,1246036.0,1814875936.7,20190419,14.73,1.0360119406156862,20210514,20210514,1.007863
000001.SZ,1d,2019-04-22,14.092501666847046,14.324159228493846,13.590576949945644,13.658143738759295,1322273.0,1899850004.34,20190422,14.15,1.0360119406156862,20210514,20210514,1.007863
000001.SZ,1d,2019-04-23,13.609881746749545,13.706405730769045,13.484400567524194,13.580924551543694,940687.0,1326465625.0800002,20190423,14.07,1.0360119406156862,20210514,20210514,1.007863
000001.SZ,1d,2019-04-24,13.947715690817795,14.092501666847046,13.667796137161243,13.938063292415844,1949723.0,2811131027.08,20190424,14.44,1.0360119406156862,20210514,20210514,1.007863
000001.SZ,1d,2019-04-25,13.880148902004144,14.131111260454846,13.638838941955393,13.638838941955393,1111476.0,1597895217.3200002,20190425,14.13,1.0360119406156862,20210514,20210514,1.007863
000001.SZ,1d,2019-04-26,13.590576949945644,13.754667722778796,13.223785810671544,13.310657396289093,1009421.0,1407987365.7900002,20190426,13.790000000000001,1.0360119406156862,20210514,20210514,1.007863
000001.SZ,1d,2019-04-29,13.416833778710542,13.831886909994394,13.378224185102741,13.609881746749544,1030695.0,1450714134.04,20190429,14.1,1.0360119406156862,20210514,20210514,1.007863
000001.SZ,1d,2019-04-30,13.503705364328093,13.561619754739795,13.117609428250091,13.368571786700793,1116570.0,1542958577.5900002,20190430,13.85,1.0360119406156862,20210514,20210514,1.007863
000001.SZ,1d,2019-05-06,12.644641906554542,12.885951866603293,12.26819836887849,12.42263674330969,2108667.0,2742409411.07,20190506,12.870000000000001,1.0360119406156862,20210514,20210514,1.007863
000001.SZ,1d,2019-05-07,12.577075117740891,12.63498950815259,12.27785076728044,12.49985593052529,1072658.0,1386247078.7,20190507,12.950000000000001,1.0360119406156862,20210514,20210514,1.007863
000001.SZ,1d,2019-05-08,12.27785076728044,12.46124633691749,12.065498002437538,12.162021986457038,975450.0,1236655982.73,20190508,12.6,1.0360119406156862,20210514,20210514,1.007863
000001.SZ,1d,2019-05-09,12.084802799241439,12.142717189653139,11.631140074349787,11.737316456771238,1557151.0,1904905488.71,20190509,12.16,1.0360119406156862,20210514,20210514,1.007863
000001.SZ,1d,2019-05-10,11.911059628006338,12.306807962486289,11.679402066359536,12.239241173672639,1192399.0,1489975624.98,20190510,12.68,1.0360119406156862,20210514,20210514,1.007863
000001.SZ,1d,2019-05-13,11.901407229604388,12.10410759604534,11.804883245584888,11.872450034398538,741917.0,916213719.48,20190513,12.3,1.0360119406156862,20210514,20210514,1.007863
000001.SZ,1d,2019-05-14,11.775926050379036,12.306807962486289,11.737316456771238,12.05584560403559,1182598.0,1477008362.9199998,20190514,12.49,1.0360119406156862,20210514,20210514,1.007863
000001.SZ,1d,2019-05-15,12.142717189653139,12.65429430495649,12.133064791251188,12.47089873531944,1103988.0,1417050112.5900002,20190515,12.92,1.0360119406156862,20210514,20210514,1.007863
000001.SZ,1d,2019-05-16,12.480551133721391,12.538465524133091,12.33576515769214,12.40333194650579,634901.0,816740932.1200001,20190516,12.850000000000001,1.0360119406156862,20210514,20210514,1.007863
000001.SZ,1d,2019-05-17,12.47089873531944,12.48055113372139,11.930364424810238,12.007583612025838,965000.0,1208569909.79,20190517,12.44,1.0360119406156862,20210514,20210514,1.007863
000001.SZ,1d,2019-05-20,11.920712026408287,12.104107596045338,11.824188042388787,11.949669221614139,786435.0,971222474.19,20190520,12.38,1.0360119406156862,20210514,20210514,1.007863
000001.SZ,1d,2019-05-21,11.968974018418036,12.287503165682388,11.930364424810238,12.123412392849238,731210.0,919191240.9100001,20190521,12.559999999999999,1.0360119406156862,20210514,20210514,1.007863
000001.SZ,1d,2019-05-22,12.133064791251188,12.133064791251188,11.891754831202439,11.968974018418038,506230.0,628437470.0600001,20190522,12.4,1.0360119406156862,20210514,20210514,1.007863
000001.SZ,1d,2019-05-23,11.814535643986838,11.988278815221939,11.718011659967338,11.86279763599659,666855.0,817850530.3199999,20190523,12.290000000000001,1.0360119406156862,20210514,20210514,1.007863
000001.SZ,1d,2019-05-24,11.920712026408287,12.017236010427789,11.882102432800489,11.920712026408287,495526.0,613106248.37,20190524,12.35,1.0360119406156862,20210514,20210514,1.007863
000001.SZ,1d,2019-05-27,11.785578448780987,11.988278815221939,11.515311293526386,11.940016823212188,1048425.0,1275632724.48,20190527,12.37,1.0360119406156862,20210514,20210514,1.007863
000001.SZ,1d,2019-05-28,11.882102432800489,12.113759994447287,11.833840440790738,12.05584560403559,880703.0,1094063186.24,20190528,12.49,1.0360119406156862,20210514,20210514,1.007863
000001.SZ,1d,2019-05-29,11.930364424810238,12.15236958805509,11.833840440790738,11.968974018418038,666411.0,827828661.23,20190529,12.4,1.0360119406156862,20210514,20210514,1.007863
000001.SZ,1d,2019-05-30,11.891754831202439,11.949669221614137,11.689054464761487,11.795230847182937,646284.0,787801007.39,20190530,12.219999999999999,1.0360119406156862,20210514,20210514,1.007863
000001.SZ,1d,2019-05-31,11.737316456771238,11.968974018418036,11.689054464761487,11.756621253575137,686794.0,839375709.99,20190531,12.18,1.0360119406156862,20210514,20210514,1.007863
000001.SZ,1d,2019-06-03,11.795230847182939,11.901407229604388,11.409134911104937,11.486354098320538,1512719.0,1816591876.76,20190603,11.9,1.0360119406156862,20210514,20210514,1.007863
000001.SZ,1d,2019-06-04,11.476701699918586,11.524963691928336,11.196782146262036,11.438092106310787,974655.0,1147709578.0800002,20190604,11.85,1.0360119406156862,20210514,20210514,1.007863
000001.SZ,1d,2019-06-05,11.553920887134188,11.718011659967338,11.505658895124437,11.553920887134188,748892.0,899331716.0500001,20190605,11.97,1.0360119406156862,20210514,20210514,1.007863
000001.SZ,1d,2019-06-06,11.553920887134188,11.650444871153688,11.476701699918587,11.505658895124437,433665.0,519425127.17999995,20190606,11.92,1.0360119406156862,20210514,20210514,1.007863
000001.SZ,1d,2019-06-10,11.592530480741987,12.03654080723169,11.563573285536137,11.911059628006338,1144668.0,1404223620.41,20190610,12.34,1.0360119406156862,20210514,20210514,1.007863
000001.SZ,1d,2019-06-11,11.911059628006338,12.27785076728044,11.872450034398538,12.210283978466789,1251087.0,1574105212.1800003,20190611,12.65,1.0360119406156862,20210514,20210514,1.007863
000001.SZ,1d,2019-06-12,12.190979181662888,12.21993637686874,12.007583612025838,12.133064791251188,657310.0,825178004.4200001,20190612,12.57,1.0360119406156862,20210514,20210514,1.007863
000001.SZ,1d,2019-06-13,12.104107596045338,12.239241173672639,11.997931213623888,12.15236958805509,530000.0,666277695.76,20190613,12.59,1.0360119406156862,20210514,20210514,1.007863
000001.SZ,1d,2019-06-14,12.152369588055091,12.248893572074591,12.017236010427789,12.05584560403559,483191.0,606815214.15,20190614,12.49,1.0360119406156862,20210514,20210514,1.007863
000001.SZ,1d,2019-06-17,12.046193205633639,12.345417556094091,12.046193205633639,12.229588775270688,619815.0,786223580.98,20190617,12.67,1.0360119406156862,20210514,20210514,1.007863
000001.SZ,1d,2019-06-18,12.229588775270688,12.403331946505789,12.15236958805509,12.35506995449604,483555.0,616237571.71,20190618,12.8,1.0360119406156862,20210514,20210514,1.007863
000001.SZ,1d,2019-06-19,12.82803747619159,12.924561460211091,12.55777032093699,12.61568471134869,1143226.0,1504997837.9,20190619,13.07,1.0360119406156862,20210514,20210514,1.007863
000001.SZ,1d,2019-06-20,12.712208695368192,13.465095770720295,12.663946703358441,13.320309794691044,1529191.0,2083209238.7299998,20190620,13.8,1.0360119406156862,20210514,20210514,1.007863
000001.SZ,1d,2019-06-21,13.281700201083241,13.387876583504692,13.107957029848142,13.165871420259842,1011129.0,1384099587.01,20190621,13.64,1.0360119406156862,20210514,20210514,1.007863
000001.SZ,1d,2019-06-24,13.214133412269591,13.349266989896893,13.136914225053992,13.214133412269591,659572.0,904433349.2900001,20190624,13.69,1.0360119406156862,20210514,20210514,1.007863
000001.SZ,1d,2019-06-25,13.243090607475443,13.243090607475443,12.61568471134869,12.963171053818892,1469227.0,1954855785.9299998,20190625,13.43,1.0360119406156862,20210514,20210514,1.007863
000001.SZ,1d,2019-06-26,12.943659869432361,13.168003635066833,12.865627255298632,13.041200637099523,546504.0,731207282.9,20190626,13.37,1.025212353682,20210514,20210514,1.007863
000001.SZ,1d,2019-06-27,13.168003635066835,13.509396321901901,13.119233251233254,13.372839247167875,925074.0,1270042461.29,20190627,13.71,1.025212353682,20210514,20210514,1.007863
000001.SZ,1d,2019-06-28,13.392347400701306,13.450871861301604,13.246036249200563,13.441117784534885,498093.0,682679970.2,20190628,13.78,1.025212353682,20210514,20210514,1.007863
000001.SZ,1d,2019-07-01,13.66546155016936,13.831280855203534,13.528904475435333,13.58742893603563,960636.0,1347792874.8,20190701,13.930000000000001,1.025212353682,20210514,20210514,1.007863
000001.SZ,1d,2019-07-02,13.538658552202048,13.88980531580383,13.519150398668616,13.831280855203532,1052744.0,1481211353.19,20190702,14.18,1.025212353682,20210514,20210514,1.007863
000001.SZ,1d,2019-07-03,13.831280855203534,13.860543085503682,13.528904475435333,13.66546155016936,769078.0,1076744400.79,20190703,14.010000000000002,1.025212353682,20210514,20210514,1.007863
000001.SZ,1d,2019-07-04,13.66546155016936,13.928821622870696,13.53865855220205,13.645953396635926,621292.0,873624287.32,20190704,13.99,1.025212353682,20210514,20210514,1.007863
000001.SZ,1d,2019-07-05,13.606937089569062,13.636199319869208,13.353331093634441,13.577674859268914,749196.0,1037357175.72,20190705,13.92,1.025212353682,20210514,20210514,1.007863
000001.SZ,1d,2019-07-08,13.480134091601752,13.53865855220205,13.119233251233254,13.255790325967281,778413.0,1061095712.61,20190708,13.590000000000002,1.025212353682,20210514,20210514,1.007863
000001.SZ,1d,2019-07-09,13.294806633034144,13.372839247167873,13.109479174466536,13.25579032596728,494296.0,670391720.57,20190709,13.59,1.025212353682,20210514,20210514,1.007863
000001.SZ,1d,2019-07-10,13.27529847950071,13.363085170401158,13.158249558300119,13.226528095667131,358220.0,487071876.75000006,20190710,13.56,1.025212353682,20210514,20210514,1.007863
000001.SZ,1d,2019-07-11,13.343577016867727,13.441117784534887,13.197265865366983,13.2070199421337,484183.0,660588299.89,20190711,13.540000000000001,1.025212353682,20210514,20210514,1.007863
000001.SZ,1d,2019-07-12,13.265544402733996,13.880051239037115,13.246036249200563,13.772756394603238,1465366.0,2055749881.65,20190712,14.120000000000001,1.025212353682,20210514,20210514,1.007863
000001.SZ,1d,2019-07-15,13.68496970370279,13.772756394603237,13.499642245135183,13.655707473402643,841282.0,1175798104.87,20190715,14.0,1.025212353682,20210514,20210514,1.007863
000001.SZ,1d,2019-07-16,13.626445243102495,13.645953396635926,13.372839247167875,13.411855554234737,722780.0,998151578.95,20190716,13.75,1.025212353682,20210514,20210514,1.007863
000001.SZ,1d,2019-07-17,13.363085170401156,13.470380014835033,13.27529847950071,13.353331093634441,410020.0,561944451.84,20190717,13.69,1.025212353682,20210514,20210514,1.007863
000001.SZ,1d,2019-07-18,13.314314786567577,13.470380014835035,13.226528095667131,13.333822940101008,422826.0,578067487.97,20190718,13.67,1.025212353682,20210514,20210514,1.007863
000001.SZ,1d,2019-07-19,13.402101477468022,13.733740087536372,13.343577016867725,13.645953396635926,866390.0,1207316526.53,20190719,13.99,1.025212353682,20210514,20210514,1.007863
000001.SZ,1d,2019-07-22,13.616691166335777,13.675215626936074,13.421609631001454,13.5093963219019,582283.0,807249426.05,20190722,13.85,1.025212353682,20210514,20210514,1.007863
000001.SZ,1d,2019-07-23,13.519150398668618,13.528904475435333,13.314314786567577,13.421609631001454,504004.0,692328447.63,20190723,13.76,1.025212353682,20210514,20210514,1.007863
000001.SZ,1d,2019-07-24,13.528904475435333,13.66546155016936,13.450871861301604,13.53865855220205,570276.0,793387782.2,20190724,13.88,1.025212353682,20210514,20210514,1.007863
000001.SZ,1d,2019-07-25,13.577674859268914,13.919067546103978,13.5093963219019,13.850789008736966,1087826.0,1534889645.77,20190725,14.2,1.025212353682,20210514,20210514,1.007863
000001.SZ,1d,2019-07-26,13.831280855203532,13.899559392570547,13.733740087536372,13.880051239037115,635305.0,901074107.51,20190726,14.23,1.025212353682,20210514,20210514,1.007863
000001.SZ,1d,2019-07-29,13.899559392570547,14.09464092790487,13.831280855203532,13.938575699637411,715576.0,1023261763.08,20190729,14.29,1.025212353682,20210514,20210514,1.007863
000001.SZ,1d,2019-07-30,13.958083853170844,14.192181695572033,13.938575699637413,14.016608313771142,796634.0,1148582412.5600002,20190730,14.370000000000001,1.025212353682,20210514,20210514,1.007863
000001.SZ,1d,2019-07-31,13.948329776404128,13.967837929937561,13.733740087536372,13.782510471369953,634723.0,899227865.95,20190731,14.13,1.025212353682,20210514,20210514,1.007863
000001.SZ,1d,2019-08-01,13.714231934002939,13.841034931970249,13.597183012802345,13.753248241069803,527981.0,742308285.2,20190801,14.1,1.025212353682,20210514,20210514,1.007863
000001.SZ,1d,2019-08-02,13.43136370776817,13.53865855220205,13.324068863334293,13.402101477468022,969926.0,1333400773.79,20190802,13.74,1.025212353682,20210514,20210514,1.007863
000001.SZ,1d,2019-08-05,13.265544402733996,13.304560709800858,12.943659869432361,13.02169248356609,893082.0,1201885399.11,20190805,13.35,1.025212353682,20210514,20210514,1.007863
000001.SZ,1d,2019-08-06,12.777840564398188,13.12898732799997,12.709562027031176,13.041200637099525,882499.0,1166971469.04,20190806,13.370000000000001,1.025212353682,20210514,20210514,1.007863
000001.SZ,1d,2019-08-07,13.158249558300119,13.30456070980086,13.041200637099525,13.2070199421337,793038.0,1070736943.88,20190807,13.540000000000001,1.025212353682,20210514,20210514,1.007863
000001.SZ,1d,2019-08-08,13.55816670573548,14.14341131173845,13.5093963219019,14.026362390537857,2330715.0,3313302100.1800003,20190808,14.379999999999999,1.025212353682,20210514,20210514,1.007863
000001.SZ,1d,2019-08-09,14.192181695572032,14.484803998573517,14.075132774371438,14.162919465271884,2060575.0,3021884306.17,20190809,14.52,1.025212353682,20210514,20210514,1.007863
000001.SZ,1d,2019-08-12,14.250706156172328,14.748164071274854,14.240952079405613,14.748164071274854,2733425.0,4084497902.64,20190812,15.12,1.025212353682,20210514,20210514,1.007863
000001.SZ,1d,2019-08-13,14.63111515007426,14.709147764207989,14.37750915413964,14.523820305640383,1293736.0,1925835288.3000002,20190813,14.89,1.025212353682,20210514,20210514,1.007863
000001.SZ,1d,2019-08-14,14.767672224808287,14.845704838942016,14.436033614739937,14.601852919774112,1360546.0,2038261151.5400002,20190814,14.97,1.025212353682,20210514,20210514,1.007863
000001.SZ,1d,2019-08-15,14.279968386472476,14.592098843007394,14.240952079405613,14.572590689473962,897376.0,1333117725.96,20190815,14.94,1.025212353682,20210514,20210514,1.007863
000001.SZ,1d,2019-08-16,14.718901840974707,14.767672224808287,14.416525461206506,14.533574382407098,986902.0,1474900257.6000001,20190816,14.9,1.025212353682,20210514,20210514,1.007863
000001.SZ,1d,2019-08-19,14.543328459173814,14.572590689473962,14.162919465271884,14.553082535940531,2292956.0,3368207935.07,20190819,14.92,1.025212353682,20210514,20210514,1.007863
000001.SZ,1d,2019-08-20,14.553082535940531,14.826196685408583,14.406771384439788,14.621361073307543,1921041.0,2872304200.9100003,20190820,14.99,1.025212353682,20210514,20210514,1.007863
000001.SZ,1d,2019-08-21,14.50431215210695,14.523820305640383,14.026362390537857,14.094640927904871,1990131.0,2902251100.57,20190821,14.450000000000001,1.025212353682,20210514,20210514,1.007863
000001.SZ,1d,2019-08-22,14.04587054407129,14.094640927904871,13.850789008736967,13.958083853170844,1353071.0,1935208499.0500002,20190822,14.31,1.025212353682,20210514,20210514,1.007863
000001.SZ,1d,2019-08-23,14.01660831377114,14.37750915413964,13.997100160237709,14.289722463239194,1636867.0,2388239081.28,20190823,14.65,1.025212353682,20210514,20210514,1.007863
000001.SZ,1d,2019-08-26,14.065378697604721,14.14341131173845,13.802018624903386,13.899559392570547,1415122.0,2018498039.72,20190826,14.25,1.025212353682,20210514,20210514,1.007863
000001.SZ,1d,2019-08-27,14.006854237004424,14.12390315820502,13.88980531580383,13.958083853170844,1356713.0,1948127123.02,20190827,14.31,1.025212353682,20210514,20210514,1.007863
000001.SZ,1d,2019-08-28,13.909313469337265,13.928821622870696,13.704477857236224,13.91906754610398,829657.0,1176329095.67,20190828,14.270000000000001,1.025212353682,20210514,20210514,1.007863
000001.SZ,1d,2019-08-29,13.870297162270399,13.88980531580383,13.733740087536372,13.782510471369953,609034.0,861177482.39,20190829,14.13,1.025212353682,20210514,20210514,1.007863
000001.SZ,1d,2019-08-30,13.938575699637411,14.036116467304572,13.753248241069803,13.811772701670101,798500.0,1136119659.76,20190830,14.16,1.025212353682,20210514,20210514,1.007863
000001.SZ,1d,2019-09-02,13.802018624903384,14.14341131173845,13.76300231783652,14.09464092790487,1360201.0,1955673136.8999999,20190902,14.45,1.025212353682,20210514,20210514,1.007863
000001.SZ,1d,2019-09-03,14.12390315820502,14.153165388505167,13.899559392570547,13.948329776404128,858653.0,1230606485.0300002,20190903,14.3,1.025212353682,20210514,20210514,1.007863
000001.SZ,1d,2019-09-04,13.967837929937561,14.14341131173845,13.958083853170844,14.084886851138155,973964.0,1404037295.8,20190904,14.440000000000001,1.025212353682,20210514,20210514,1.007863
000001.SZ,1d,2019-09-05,14.201935772338748,14.484803998573518,14.192181695572033,14.221443925872181,1768051.0,2599478258.9100003,20190905,14.58,1.025212353682,20210514,20210514,1.007863
000001.SZ,1d,2019-09-06,14.348246923839492,14.445787691506652,14.260460232939046,14.445787691506652,986432.0,1451264912.6499999,20190906,14.81,1.025212353682,20210514,20210514,1.007863
000001.SZ,1d,2019-09-09,14.611606996540829,14.63111515007426,14.240952079405613,14.328738770306058,1299839.0,1918042303.9099998,20190909,14.69,1.025212353682,20210514,20210514,1.007863
000001.SZ,1d,2019-09-10,14.240952079405613,14.279968386472477,14.055624620838005,14.192181695572033,796870.0,1155180739.29,20190910,14.55,1.025212353682,20210514,20210514,1.007863
000001.SZ,1d,2019-09-11,14.240952079405615,14.348246923839492,14.104395004671588,14.201935772338748,818614.0,1192674258.6000001,20190911,14.56,1.025212353682,20210514,20210514,1.007863
000001.SZ,1d,2019-09-12,14.299476540005912,14.416525461206506,14.1726735420386,14.318984693539344,1150687.0,1682911849.7800002,20190912,14.680000000000001,1.025212353682,20210514,20210514,1.007863
000001.SZ,1d,2019-09-16,14.338492847072775,14.358001000606208,14.04587054407129,14.094640927904871,929894.0,1349401481.22,20190916,14.450000000000001,1.025212353682,20210514,20210514,1.007863
000001.SZ,1d,2019-09-17,14.006854237004424,14.09464092790487,13.831280855203532,13.88980531580383,882655.0,1261416554.2900002,20190917,14.24,1.025212353682,20210514,20210514,1.007863
000001.SZ,1d,2019-09-18,13.88980531580383,14.12390315820502,13.88980531580383,14.055624620838005,820436.0,1179079988.0200002,20190918,14.41,1.025212353682,20210514,20210514,1.007863
000001.SZ,1d,2019-09-19,14.12390315820502,14.523820305640383,14.12390315820502,14.4750499218068,1884020.0,2777383508.48,20190919,14.84,1.025212353682,20210514,20210514,1.007863
000001.SZ,1d,2019-09-20,14.582344766240679,15.021278220742907,14.562836612707246,14.96275376014261,2644285.0,4020646521.9500003,20190920,15.34,1.025212353682,20210514,20210514,1.007863
000001.SZ,1d,2019-09-23,14.96275376014261,15.089556758109918,14.806688531875151,15.001770067209474,1403282.0,2148740448.83,20190923,15.379999999999999,1.025212353682,20210514,20210514,1.007863
000001.SZ,1d,2019-09-24,15.089556758109918,15.157835295476932,14.806688531875151,14.806688531875151,1129103.0,1726238272.95,20190924,15.18,1.025212353682,20210514,20210514,1.007863
000001.SZ,1d,2019-09-25,14.826196685408583,15.460211675245134,14.816442608641866,15.362670907577973,1938892.0,3024598930.57,20190925,15.75,1.025212353682,20210514,20210514,1.007863
000001.SZ,1d,2019-09-26,15.46996575201185,15.645539133812742,15.274884216677528,15.323654600511109,1686592.0,2673096951.2300005,20190926,15.71,1.025212353682,20210514,20210514,1.007863
000001.SZ,1d,2019-09-27,15.460211675245136,15.606522826745877,15.313900523744392,15.508982059078715,1007706.0,1598567052.2,20190927,15.9,1.025212353682,20210514,20210514,1.007863
000001.SZ,1d,2019-09-30,15.362670907577973,15.499227982312,15.187097525777082,15.206605679310513,1046363.0,1645828526.9,20190930,15.59,1.025212353682,20210514,20210514,1.007863
000001.SZ,1d,2019-10-08,15.21635975607723,15.83086659238035,15.21635975607723,15.8016043620802,1386676.0,2225024598.59,20191008,16.2,1.025212353682,20210514,20210514,1.007863
000001.SZ,1d,2019-10-09,15.704063594413038,16.113734818615118,15.626030980279308,15.850374745913781,1316693.0,2145061763.15,20191009,16.25,1.025212353682,20210514,20210514,1.007863
000001.SZ,1d,2019-10-10,15.869882899447214,15.869882899447214,15.59676874997916,15.840620669147068,879746.0,1418751875.7800002,20191010,16.240000000000002,1.025212353682,20210514,20210514,1.007863
000001.SZ,1d,2019-10-11,15.8016043620802,16.53316011958391,15.8016043620802,16.396603044849886,1405422.0,2335030599.2500005,20191011,16.81,1.025212353682,20210514,20210514,1.007863
000001.SZ,1d,2019-10-14,16.552668273117348,17.167175109420466,16.503897889283767,16.796520192285254,1557637.0,2688929547.26,20191014,17.220000000000002,1.025212353682,20210514,20210514,1.007863
000001.SZ,1d,2019-10-15,16.825782422585398,16.92332319025256,16.406357121616605,16.757503885218384,881955.0,1503633369.4900002,20191015,17.18,1.025212353682,20210514,20210514,1.007863
000001.SZ,1d,2019-10-16,16.835536499352113,17.011109881153004,16.221029663048995,16.377094891316453,1267671.0,2146150627.2600002,20191016,16.79,1.025212353682,20210514,20210514,1.007863
000001.SZ,1d,2019-10-17,16.484389735750334,16.581930503417496,16.142997048915266,16.28930820041601,1126182.0,1887045621.02,20191017,16.7,1.025212353682,20210514,20210514,1.007863
000001.SZ,1d,2019-10-18,16.38684896808317,16.62094681048436,16.025948127714674,16.1039807418484,1196799.0,1999012671.73,20191018,16.509999999999998,1.025212353682,20210514,20210514,1.007863
000001.SZ,1d,2019-10-21,16.025948127714674,16.552668273117344,16.025948127714674,16.474635658983615,945952.0,1589276085.98,20191021,16.89,1.025212353682,20210514,20210514,1.007863
000001.SZ,1d,2019-10-22,16.49414381251705,16.51365196605048,15.635785057046027,16.01619405094796,1883531.0,3072547165.9700003,20191022,16.42,1.025212353682,20210514,20210514,1.007863
000001.SZ,1d,2019-10-23,15.918653283280795,16.26004597011586,15.83086659238035,16.045456281248104,967534.0,1590781971.78,20191023,16.45,1.025212353682,20210514,20210514,1.007863
000001.SZ,1d,2019-10-24,16.094226665081685,16.581930503417496,16.03570220448139,16.455127505450186,1109214.0,1861032918.48,20191024,16.87,1.025212353682,20210514,20210514,1.007863
000001.SZ,1d,2019-10-25,16.36734081454974,16.54291419635063,16.172259279215417,16.464881582216904,691435.0,1161100080.0000002,20191025,16.880000000000003,1.025212353682,20210514,20210514,1.007863
000001.SZ,1d,2019-10-28,16.562422349884063,16.62094681048436,16.074718511548255,16.250291893349143,1070131.0,1780873358.2599998,20191028,16.66,1.025212353682,20210514,20210514,1.007863
000001.SZ,1d,2019-10-29,16.27955412364929,16.51365196605048,16.15275112568198,16.49414381251705,788864.0,1322036352.42,20191029,16.91,1.025212353682,20210514,20210514,1.007863
000001.SZ,1d,2019-10-30,16.38684896808317,16.54291419635063,16.01619405094796,16.025948127714674,854317.0,1420644944.87,20191030,16.430000000000003,1.025212353682,20210514,20210514,1.007863
000001.SZ,1d,2019-10-31,16.01619405094796,16.06496443478154,15.840620669147068,15.8601288226805,862569.0,1407006434.79,20191031,16.26,1.025212353682,20210514,20210514,1.007863
000001.SZ,1d,2019-11-01,15.947915513580945,16.581930503417496,15.87963697621393,16.445373428683467,1254655.0,2096068960.5900002,20191101,16.86,1.025212353682,20210514,20210514,1.007863
000001.SZ,1d,2019-11-04,16.562422349884063,16.825782422585398,16.357586737783024,16.503897889283763,889824.0,1507910818.55,20191104,16.919999999999998,1.025212353682,20210514,20210514,1.007863
000001.SZ,1d,2019-11-05,16.38684896808317,17.011109881153004,16.377094891316453,16.728241654918236,1172485.0,2010924199.94,20191105,17.15,1.025212353682,20210514,20210514,1.007863
000001.SZ,1d,2019-11-06,16.640454964017792,16.835536499352113,16.4648815822169,16.542914196350626,863325.0,1470233502.73,20191106,16.959999999999997,1.025212353682,20210514,20210514,1.007863
000001.SZ,1d,2019-11-07,16.51365196605048,16.650209040784507,16.33807858424959,16.474635658983615,711896.0,1200671649.42,20191107,16.89,1.025212353682,20210514,20210514,1.007863
000001.SZ,1d,2019-11-08,16.562422349884063,16.601438656950926,16.230783739815713,16.24053781658243,849139.0,1421088326.1499999,20191108,16.650000000000002,1.025212353682,20210514,20210514,1.007863
000001.SZ,1d,2019-11-11,16.094226665081685,16.123488895381833,15.8016043620802,15.879636976213927,953515.0,1556517253.18,20191111,16.279999999999998,1.025212353682,20210514,20210514,1.007863
000001.SZ,1d,2019-11-12,15.889391052980645,15.967423667114376,15.762588055013335,15.928407360047512,516266.0,840769286.54,20191112,16.330000000000002,1.025212353682,20210514,20210514,1.007863
000001.SZ,1d,2019-11-13,15.889391052980645,16.05521035801482,15.665047287346173,15.92840736004751,655120.0,1067975601.16,20191113,16.33,1.025212353682,20210514,20210514,1.007863
000001.SZ,1d,2019-11-14,16.025948127714674,16.074718511548255,15.850374745913781,15.918653283280795,468899.0,767006342.15,20191114,16.32,1.025212353682,20210514,20210514,1.007863
000001.SZ,1d,2019-11-15,15.986931820647808,16.142997048915266,15.840620669147068,15.93816143681423,569227.0,933539572.45,20191115,16.340000000000003,1.025212353682,20210514,20210514,1.007863
000001.SZ,1d,2019-11-18,15.947915513580945,16.142997048915266,15.83086659238035,16.045456281248104,557918.0,915983935.5500001,20191118,16.45,1.025212353682,20210514,20210514,1.007863
000001.SZ,1d,2019-11-19,16.045456281248104,16.074718511548255,15.908899206514077,16.00643997418124,562120.0,920998203.3399999,20191119,16.41,1.025212353682,20210514,20210514,1.007863
000001.SZ,1d,2019-11-20,15.899145129747364,15.899145129747364,15.382179061111405,15.460211675245134,1724383.0,2747598383.4000006,20191120,15.85,1.025212353682,20210514,20210514,1.007863
000001.SZ,1d,2019-11-21,15.362670907577973,15.479719828778569,15.24562198637738,15.469965752011852,772563.0,1218516399.48,20191121,15.860000000000001,1.025212353682,20210514,20210514,1.007863
000001.SZ,1d,2019-11-22,15.499227982312,15.528490212612148,15.16758937224365,15.206605679310513,773473.0,1216064537.8300002,20191122,15.59,1.025212353682,20210514,20210514,1.007863
000001.SZ,1d,2019-11-25,15.255376063144096,15.45045759847842,15.157835295476934,15.411441291411554,783257.0,1233388886.1599998,20191125,15.8,1.025212353682,20210514,20210514,1.007863
000001.SZ,1d,2019-11-26,15.499227982312,15.499227982312,15.109064911643353,15.235867909610663,815297.0,1271594662.99,20191126,15.620000000000001,1.025212353682,20210514,20210514,1.007863
000001.SZ,1d,2019-11-27,15.255376063144096,15.255376063144096,15.01152414397619,15.08955675810992,476169.0,736584294.07,20191127,15.47,1.025212353682,20210514,20210514,1.007863
000001.SZ,1d,2019-11-28,15.089556758109918,15.157835295476932,15.060294527809772,15.109064911643353,378016.0,585252046.59,20191128,15.49,1.025212353682,20210514,20210514,1.007863
000001.SZ,1d,2019-11-29,15.157835295476932,15.167589372243649,14.806688531875151,14.913983376309028,653866.0,1001451096.26,20191129,15.29,1.025212353682,20210514,20210514,1.007863
000001.SZ,1d,2019-12-02,14.972507836909326,15.050540451043055,14.855458915708732,14.982261913676043,553877.0,849784129.4100001,20191202,15.360000000000001,1.025212353682,20210514,20210514,1.007863
000001.SZ,1d,2019-12-03,14.923737453075745,15.079802681343205,14.835950762175301,15.070048604576488,455418.0,700293548.85,20191203,15.450000000000001,1.025212353682,20210514,20210514,1.007863
000001.SZ,1d,2019-12-04,14.962753760142611,15.031032297509624,14.835950762175301,14.933491529842462,524545.0,802110334.25,20191204,15.31,1.025212353682,20210514,20210514,1.007863
000001.SZ,1d,2019-12-05,14.972507836909328,15.099310834876636,14.923737453075745,15.050540451043057,557084.0,857682575.8100001,20191205,15.430000000000001,1.025212353682,20210514,20210514,1.007863
000001.SZ,1d,2019-12-06,15.08955675810992,15.333408677277825,15.079802681343205,15.216359756077232,712615.0,1109423061.49,20191206,15.600000000000001,1.025212353682,20210514,20210514,1.007863
000001.SZ,1d,2019-12-09,15.235867909610661,15.235867909610661,14.972507836909326,15.031032297509624,605992.0,935135952.74,20191209,15.41,1.025212353682,20210514,20210514,1.007863
000001.SZ,1d,2019-12-10,14.98226191367604,15.001770067209476,14.874967069242164,14.952999683375893,556383.0,851377532.72,20191210,15.33,1.025212353682,20210514,20210514,1.007863
000001.SZ,1d,2019-12-11,15.001770067209476,15.29439237021096,14.923737453075745,15.274884216677528,871505.0,1351786530.59,20191211,15.66,1.025212353682,20210514,20210514,1.007863
000001.SZ,1d,2019-12-12,15.27488421667753,15.284638293444244,15.148081218710217,15.216359756077232,478998.0,747519511.1,20191212,15.600000000000001,1.025212353682,20210514,20210514,1.007863
000001.SZ,1d,2019-12-13,15.460211675245134,15.723571747946472,15.382179061111405,15.723571747946472,1053103.0,1680707282.0600002,20191213,16.12,1.025212353682,20210514,20210514,1.007863
000001.SZ,1d,2019-12-16,15.723571747946472,15.743079901479904,15.479719828778569,15.733325824713189,787952.0,1262802471.74,20191216,16.130000000000003,1.025212353682,20210514,20210514,1.007863
000001.SZ,1d,2019-12-17,15.606522826745877,16.221029663048995,15.587014673212446,16.094226665081685,1203104.0,1969891323.5900002,20191217,16.5,1.025212353682,20210514,20210514,1.007863
000001.SZ,1d,2019-12-18,16.025948127714674,16.250291893349143,16.00643997418124,16.055210358014822,797091.0,1317608543.24,20191218,16.46,1.025212353682,20210514,20210514,1.007863
000001.SZ,1d,2019-12-19,16.142997048915266,16.328324507482876,16.03570220448139,16.142997048915266,675536.0,1119925969.1100001,20191219,16.55,1.025212353682,20210514,20210514,1.007863
000001.SZ,1d,2019-12-20,16.142997048915266,16.269800046882576,16.03570220448139,16.182013355982132,644478.0,1067869779.7799999,20191220,16.59,1.025212353682,20210514,20210514,1.007863
000001.SZ,1d,2019-12-23,16.26980004688258,16.26980004688258,15.772342131780054,15.840620669147068,715792.0,1173372080.8400002,20191223,16.240000000000002,1.025212353682,20210514,20210514,1.007863
000001.SZ,1d,2019-12-24,15.83086659238035,16.094226665081685,15.83086659238035,15.996685897414526,459128.0,752351618.1899999,20191224,16.400000000000002,1.025212353682,20210514,20210514,1.007863
000001.SZ,1d,2019-12-25,16.045456281248107,16.152751125681984,15.840620669147068,15.899145129747364,414917.0,679664596.6700001,20191225,16.3,1.025212353682,20210514,20210514,1.007863
000001.SZ,1d,2019-12-26,15.938161436814227,16.074718511548255,15.918653283280795,16.064964434781537,372033.0,610381757.75,20191226,16.47,1.025212353682,20210514,20210514,1.007863
000001.SZ,1d,2019-12-27,16.123488895381836,16.51365196605048,16.025948127714674,16.221029663048995,1042574.0,1741473179.3,20191227,16.63,1.025212353682,20210514,20210514,1.007863
000001.SZ,1d,2019-12-30,16.055210358014822,16.221029663049,15.70406359441304,16.1625052024487,976970.0,1603152786.5900002,20191230,16.57,1.025212353682,20210514,20210514,1.007863
000001.SZ,1d,2019-12-31,16.1625052024487,16.221029663048995,15.908899206514077,16.045456281248104,704442.0,1154704348.9199998,20191231,16.45,1.025212353682,20210514,20210514,1.007863
000001.SZ,1d,2020-01-02,16.24053781658243,16.53316011958391,16.142997048915266,16.455127505450186,1530231.0,2571196482.14,20200102,16.87,1.025212353682,20210514,20210514,1.007863
000001.SZ,1d,2020-01-03,16.5234060428172,16.884306883185698,16.503897889283767,16.757503885218387,1116194.0,1914495474.63,20200103,17.180000000000003,1.025212353682,20210514,20210514,1.007863
000001.SZ,1d,2020-01-06,16.59168458018421,16.913569113485845,16.49414381251705,16.650209040784507,862083.0,1477930193.19,20200106,17.07,1.025212353682,20210514,20210514,1.007863
000001.SZ,1d,2020-01-07,16.708733501384803,16.855044652885546,16.53316011958391,16.728241654918236,728607.0,1247047135.26,20200107,17.15,1.025212353682,20210514,20210514,1.007863
000001.SZ,1d,2020-01-08,16.581930503417496,16.630700887251077,16.221029663048995,16.250291893349143,847824.0,1423608811.1799998,20200108,16.66,1.025212353682,20210514,20210514,1.007863
000001.SZ,1d,2020-01-09,16.39660304484989,16.51365196605048,16.123488895381836,16.377094891316457,1031636.0,1725326806.2500002,20200109,16.790000000000003,1.025212353682,20210514,20210514,1.007863
000001.SZ,1d,2020-01-10,16.377094891316453,16.396603044849886,16.113734818615118,16.279554123649294,585548.0,975154818.7800001,20200110,16.69,1.025212353682,20210514,20210514,1.007863
000001.SZ,1d,2020-01-13,16.33807858424959,16.611192733717644,16.201521509515562,16.572176426650778,872133.0,1468271683.72,20200113,16.99,1.025212353682,20210514,20210514,1.007863
000001.SZ,1d,2020-01-14,16.57217642665078,16.845290576118835,16.34783266101631,16.34783266101631,1304493.0,2217608852.69,20200114,16.76,1.025212353682,20210514,20210514,1.007863
000001.SZ,1d,2020-01-15,16.377094891316453,16.445373428683467,16.045456281248104,16.113734818615118,859439.0,1424889228.07,20200115,16.52,1.025212353682,20210514,20210514,1.007863
000001.SZ,1d,2020-01-16,16.113734818615118,16.1625052024487,15.8016043620802,15.92840736004751,1028104.0,1678888507.83,20200116,16.33,1.025212353682,20210514,20210514,1.007863
000001.SZ,1d,2020-01-17,15.977177743881095,16.142997048915266,15.947915513580945,15.986931820647808,605436.0,995909007.3499999,20200117,16.39,1.025212353682,20210514,20210514,1.007863
000001.SZ,1d,2020-01-20,16.025948127714674,16.201521509515565,15.947915513580945,16.045456281248107,746074.0,1226464649.55,20200120,16.450000000000003,1.025212353682,20210514,20210514,1.007863
000001.SZ,1d,2020-01-21,15.938161436814227,15.938161436814227,15.538244289378863,15.606522826745877,896603.0,1442171431.55,20200121,16.0,1.025212353682,20210514,20210514,1.007863
000001.SZ,1d,2020-01-22,15.52849021261215,15.762588055013335,15.323654600511109,15.694309517646323,719464.0,1150933398.98,20200122,16.09,1.025212353682,20210514,20210514,1.007863
000001.SZ,1d,2020-01-23,15.528490212612148,15.528490212612148,15.01152414397619,15.157835295476934,1100592.0,1723394336.66,20200123,15.540000000000001,1.025212353682,20210514,20210514,1.007863
000001.SZ,1d,2020-02-03,13.645953396635926,14.338492847072773,13.645953396635926,13.645953396635926,2259194.0,3201454164.92,20200203,13.99,1.025212353682,20210514,20210514,1.007863
000001.SZ,1d,2020-02-04,13.704477857236222,14.29947654000591,13.675215626936074,14.240952079405613,1706172.0,2442932842.71,20200204,14.6,1.025212353682,20210514,20210514,1.007863
000001.SZ,1d,2020-02-05,14.231198002638896,14.523820305640383,13.967837929937561,14.270214309705763,1491380.0,2177632043.62,20200205,14.63,1.025212353682,20210514,20210514,1.007863
000001.SZ,1d,2020-02-06,14.445787691506652,14.504312152106948,14.153165388505167,14.406771384439788,1185815.0,1740107625.4199998,20200206,14.77,1.025212353682,20210514,20210514,1.007863
000001.SZ,1d,2020-02-07,14.240952079405613,14.328738770306058,14.055624620838005,14.260460232939046,924852.0,1345053255.67,20200207,14.620000000000001,1.025212353682,20210514,20210514,1.007863
000001.SZ,1d,2020-02-10,14.153165388505169,14.1726735420386,13.948329776404128,14.14341131173845,1339495.0,1931983482.1000001,20200210,14.5,1.025212353682,20210514,20210514,1.007863
000001.SZ,1d,2020-02-11,14.240952079405613,14.572590689473964,14.201935772338748,14.42627953797322,1407507.0,2077194138.9199998,20200211,14.790000000000001,1.025212353682,20210514,20210514,1.007863
000001.SZ,1d,2020-02-12,14.426279537973219,14.455541768273369,14.240952079405613,14.406771384439788,1070503.0,1573229042.5500002,20200212,14.77,1.025212353682,20210514,20210514,1.007863
000001.SZ,1d,2020-02-13,14.34824692383949,14.514066228873665,14.250706156172328,14.289722463239192,1013205.0,1491327713.78,20200213,14.649999999999999,1.025212353682,20210514,20210514,1.007863
000001.SZ,1d,2020-02-14,14.387263230906358,14.767672224808287,14.338492847072775,14.66037738037441,1512434.0,2253906452.48,20200214,15.030000000000001,1.025212353682,20210514,20210514,1.007863
000001.SZ,1d,2020-02-17,14.670131457141123,14.992015990442757,14.562836612707246,14.992015990442757,1543696.0,2337993586.1200004,20200217,15.37,1.025212353682,20210514,20210514,1.007863
000001.SZ,1d,2020-02-18,14.952999683375893,14.952999683375893,14.640869226840977,14.826196685408583,973612.0,1478274222.5800002,20200218,15.2,1.025212353682,20210514,20210514,1.007863
000001.SZ,1d,2020-02-19,14.72865591774142,14.992015990442757,14.709147764207989,14.865212992475449,874106.0,1333730218.9699998,20200219,15.24,1.025212353682,20210514,20210514,1.007863
000001.SZ,1d,2020-02-20,14.894475222775595,15.235867909610661,14.72865591774142,15.206605679310513,1235444.0,1897923029.0400002,20200220,15.59,1.025212353682,20210514,20210514,1.007863
000001.SZ,1d,2020-02-21,15.109064911643353,15.333408677277825,15.070048604576488,15.1968516025438,995071.0,1546692930.16,20200221,15.580000000000002,1.025212353682,20210514,20210514,1.007863
000001.SZ,1d,2020-02-24,15.079802681343205,15.079802681343205,14.777426301575003,14.855458915708732,1191794.0,1820183854.52,20200224,15.23,1.025212353682,20210514,20210514,1.007863
000001.SZ,1d,2020-02-25,14.631115150074262,14.75791814804157,14.416525461206506,14.670131457141125,1144575.0,1710369786.03,20200225,15.040000000000001,1.025212353682,20210514,20210514,1.007863
000001.SZ,1d,2020-02-26,14.40677138443979,14.894475222775597,14.338492847072775,14.621361073307543,1176599.0,1769612245.3700001,20200226,14.99,1.025212353682,20210514,20210514,1.007863
000001.SZ,1d,2020-02-27,14.592098843007395,14.777426301575003,14.523820305640383,14.738409994508139,975270.0,1464605739.4600003,20200227,15.110000000000001,1.025212353682,20210514,20210514,1.007863
000001.SZ,1d,2020-02-28,14.484803998573518,14.670131457141125,14.104395004671588,14.14341131173845,1300644.0,1906892413.3100002,20200228,14.5,1.025212353682,20210514,20210514,1.007863
000001.SZ,1d,2020-03-02,14.192181695572033,14.58234476624068,14.104395004671588,14.42627953797322,1116580.0,1647432269.71,20200302,14.790000000000001,1.025212353682,20210514,20210514,1.007863
000001.SZ,1d,2020-03-03,14.592098843007395,14.621361073307543,14.270214309705763,14.358001000606208,1153584.0,1705816271.89,20200303,14.72,1.025212353682,20210514,20210514,1.007863
000001.SZ,1d,2020-03-04,14.318984693539342,14.416525461206504,14.153165388505167,14.328738770306058,862595.0,1261123063.8300002,20200304,14.69,1.025212353682,20210514,20210514,1.007863
000001.SZ,1d,2020-03-05,14.436033614739937,15.255376063144096,14.367755077372923,15.01152414397619,2686602.0,4089493523.03,20200305,15.39,1.025212353682,20210514,20210514,1.007863
000001.SZ,1d,2020-03-06,14.806688531875151,14.894475222775595,14.650623303607691,14.660377380374408,1228531.0,1858691259.32,20200306,15.03,1.025212353682,20210514,20210514,1.007863
000001.SZ,1d,2020-03-09,14.34824692383949,14.367755077372923,14.065378697604721,14.09464092790487,1665793.0,2420392130.73,20200309,14.45,1.025212353682,20210514,20210514,1.007863
000001.SZ,1d,2020-03-10,14.026362390537857,14.484803998573518,14.026362390537857,14.397017307673073,1167864.0,1709084565.32,20200310,14.760000000000002,1.025212353682,20210514,20210514,1.007863
000001.SZ,1d,2020-03-11,14.40677138443979,14.514066228873666,14.260460232939046,14.32873877030606,814381.0,1201250682.1599998,20200311,14.690000000000001,1.025212353682,20210514,20210514,1.007863
000001.SZ,1d,2020-03-12,14.289722463239194,14.475049921806802,14.1726735420386,14.318984693539344,986497.0,1447436641.92,20200312,14.680000000000001,1.025212353682,20210514,20210514,1.007863
000001.SZ,1d,2020-03-13,13.55816670573548,14.221443925872181,13.55816670573548,14.162919465271884,1169765.0,1669009835.48,20200313,14.52,1.025212353682,20210514,20210514,1.007863
000001.SZ,1d,2020-03-16,14.09464092790487,14.104395004671588,13.411855554234737,13.411855554234737,1406202.0,1975824191.21,20200316,13.75,1.025212353682,20210514,20210514,1.007863
000001.SZ,1d,2020-03-17,13.411855554234737,13.626445243102495,12.807102794698336,13.080216944166388,1177849.0,1582506075.02,20200317,13.41,1.025212353682,20210514,20210514,1.007863
000001.SZ,1d,2020-03-18,13.080216944166388,13.216774018900415,12.33890710989596,12.397431570496257,1384784.0,1816836893.63,20200318,12.71,1.025212353682,20210514,20210514,1.007863
000001.SZ,1d,2020-03-19,12.368169340196108,12.426693800796405,11.617105429158963,11.92923588569388,1891457.0,2313863663.4799995,20200319,12.23,1.025212353682,20210514,20210514,1.007863
000001.SZ,1d,2020-03-20,12.095055190728056,12.368169340196108,11.958498115994027,12.212104111928648,1578352.0,1967487818.45,20200320,12.52,1.025212353682,20210514,20210514,1.007863
000001.SZ,1d,2020-03-23,11.704892120059409,12.046284806894473,11.636613582692394,11.85120327156015,1071113.0,1300469494.43,20200323,12.15,1.025212353682,20210514,20210514,1.007863
000001.SZ,1d,2020-03-24,12.095055190728056,12.368169340196108,11.968252192760744,12.299890802829093,1180200.0,1472909399.72,20200324,12.61,1.025212353682,20210514,20210514,1.007863
000001.SZ,1d,2020-03-25,12.563250875530432,12.748578334098038,12.38767749372954,12.553496798763716,1136957.0,1467534956.1599998,20200325,12.870000000000001,1.025212353682,20210514,20210514,1.007863
000001.SZ,1d,2020-03-26,12.46571010786327,13.011938406799375,12.407185647262972,12.738824257331324,1075192.0,1408651057.3400002,20200326,13.06,1.025212353682,20210514,20210514,1.007863
000001.SZ,1d,2020-03-27,12.92415171589893,13.05095471386624,12.758332410864755,12.826610948231767,653018.0,861618663.0500001,20200327,13.15,1.025212353682,20210514,20210514,1.007863
000001.SZ,1d,2020-03-30,12.533988645230282,12.719316103797889,12.446201954329837,12.621775336130728,661738.0,852956240.25,20200330,12.94,1.025212353682,20210514,20210514,1.007863
000001.SZ,1d,2020-03-31,12.729070180564607,12.768086487631471,12.46571010786327,12.485218261396703,513370.0,662915471.38,20200331,12.8,1.025212353682,20210514,20210514,1.007863
000001.SZ,1d,2020-04-01,12.543742721996999,12.807102794698336,12.504726414930134,12.573004952297147,520836.0,676070117.75,20200401,12.89,1.025212353682,20210514,20210514,1.007863
000001.SZ,1d,2020-04-02,12.43644787756312,12.651037566430878,12.348661186662675,12.651037566430878,518365.0,663197628.3500001,20200402,12.97,1.025212353682,20210514,20210514,1.007863
000001.SZ,1d,2020-04-03,12.504726414930134,12.573004952297147,12.241366342228797,12.299890802829095,825348.0,1047282400.16,20200403,12.610000000000001,1.025212353682,20210514,20210514,1.007863
000001.SZ,1d,2020-04-07,12.573004952297147,12.62177533613073,12.494972338163418,12.563250875530432,870313.0,1121200115.4100003,20200407,12.88,1.025212353682,20210514,20210514,1.007863
000001.SZ,1d,2020-04-08,12.563250875530432,12.602267182597295,12.407185647262972,12.46571010786327,528716.0,676604872.29,20200408,12.780000000000001,1.025212353682,20210514,20210514,1.007863
000001.SZ,1d,2020-04-09,12.563250875530432,12.573004952297147,12.407185647262972,12.426693800796405,408553.0,522027888.31,20200409,12.74,1.025212353682,20210514,20210514,1.007863
000001.SZ,1d,2020-04-10,12.446201954329837,12.660791643197593,12.33890710989596,12.475464184629987,666674.0,853689950.23,20200410,12.790000000000001,1.025212353682,20210514,20210514,1.007863
000001.SZ,1d,2020-04-13,12.358415263429391,12.397431570496257,12.163333728095068,12.280382649295662,446214.0,562008050.35,20200413,12.59,1.025212353682,20210514,20210514,1.007863
000001.SZ,1d,2020-04-14,12.33890710989596,12.543742721996999,12.26087449576223,12.543742721996999,686086.0,874856562.2800001,20200414,12.86,1.025212353682,20210514,20210514,1.007863
000001.SZ,1d,2020-04-15,12.543742721996999,12.612021259364013,12.46571010786327,12.553496798763716,656396.0,843649273.39,20200415,12.870000000000001,1.025212353682,20210514,20210514,1.007863
000001.SZ,1d,2020-04-16,12.475464184629987,12.475464184629987,12.231612265462083,12.36816934019611,789154.0,997623816.4499999,20200416,12.680000000000001,1.025212353682,20210514,20210514,1.007863
000001.SZ,1d,2020-04-17,12.455956031096553,12.71931610379789,12.33890710989596,12.573004952297147,1331164.0,1713215766.82,20200417,12.89,1.025212353682,20210514,20210514,1.007863
000001.SZ,1d,2020-04-20,12.543742721996999,12.729070180564605,12.455956031096553,12.67054571996431,818455.0,1058524019.15,20200420,12.99,1.025212353682,20210514,20210514,1.007863
000001.SZ,1d,2020-04-21,12.97292209973251,13.363085170401158,12.97292209973251,13.119233251233254,2122448.0,2861879086.0899997,20200421,13.450000000000001,1.025212353682,20210514,20210514,1.007863
000001.SZ,1d,2020-04-22,13.041200637099525,13.089971020933104,12.836365024998484,12.904643562365498,1032803.0,1368222854.7100003,20200422,13.23,1.025212353682,20210514,20210514,1.007863
000001.SZ,1d,2020-04-23,12.904643562365496,12.982676176499226,12.787594641164903,12.904643562365496,646990.0,855052110.23,20200423,13.229999999999999,1.025212353682,20210514,20210514,1.007863
000001.SZ,1d,2020-04-24,12.8461191017652,12.953413946199078,12.787594641164903,12.914397639132213,566002.0,747473770.46,20200424,13.24,1.025212353682,20210514,20210514,1.007863
000001.SZ,1d,2020-04-27,12.97292209973251,13.30456070980086,12.92415171589893,13.168003635066833,936830.0,1263809737.41,20200427,13.5,1.025212353682,20210514,20210514,1.007863
000001.SZ,1d,2020-04-28,13.119233251233252,13.22652809566713,12.943659869432361,13.187511788600265,771564.0,1038718080.27,20200428,13.52,1.025212353682,20210514,20210514,1.007863
000001.SZ,1d,2020-04-29,13.148495481533402,13.753248241069805,13.119233251233254,13.675215626936076,1108722.0,1541638203.4799998,20200429,14.020000000000001,1.025212353682,20210514,20210514,1.007863
000001.SZ,1d,2020-04-30,13.675215626936076,13.967837929937561,13.53865855220205,13.58742893603563,819540.0,1155968238.1299999,20200430,13.930000000000001,1.025212353682,20210514,20210514,1.007863
000001.SZ,1d,2020-05-06,13.421609631001454,13.548412628968764,13.27529847950071,13.43136370776817,1008998.0,1382727481.73,20200506,13.77,1.025212353682,20210514,20210514,1.007863
000001.SZ,1d,2020-05-07,13.421609631001454,13.421609631001454,13.265544402733996,13.353331093634441,662749.0,904349531.9899999,20200507,13.69,1.025212353682,20210514,20210514,1.007863
000001.SZ,1d,2020-05-08,13.421609631001454,13.675215626936074,13.343577016867725,13.606937089569062,934782.0,1297924588.29,20200508,13.95,1.025212353682,20210514,20210514,1.007863
000001.SZ,1d,2020-05-11,13.577674859268914,13.782510471369953,13.55816670573548,13.655707473402643,612862.0,859156594.2199999,20200511,14.0,1.025212353682,20210514,20210514,1.007863
000001.SZ,1d,2020-05-12,13.606937089569062,13.704477857236224,13.382593323934591,13.450871861301604,558511.0,772109502.04,20200512,13.790000000000001,1.025212353682,20210514,20210514,1.007863
000001.SZ,1d,2020-05-13,13.411855554234739,13.441117784534887,13.197265865366983,13.294806633034145,640359.0,871062043.61,20200513,13.63,1.025212353682,20210514,20210514,1.007863
000001.SZ,1d,2020-05-14,13.216774018900415,13.25579032596728,12.894889485598782,12.97292209973251,944672.0,1259440848.2399998,20200514,13.3,1.025212353682,20210514,20210514,1.007863
000001.SZ,1d,2020-05-15,13.060708790632956,13.099725097699821,12.816856871465053,12.904643562365498,756794.0,1004313267.9300001,20200515,13.23,1.025212353682,20210514,20210514,1.007863
000001.SZ,1d,2020-05-18,12.87538133206535,13.011938406799377,12.79734871793162,12.87538133206535,637209.0,843479669.71,20200518,13.200000000000001,1.025212353682,20210514,20210514,1.007863
000001.SZ,1d,2020-05-19,13.080216944166388,13.119233251233252,12.943659869432361,13.031446560332807,600369.0,801755671.01,20200519,13.36,1.025212353682,20210514,20210514,1.007863
000001.SZ,1d,2020-05-20,13.050954713866238,13.285052556267427,12.943659869432361,13.17775771183355,690851.0,929928885.9300001,20200520,13.51,1.025212353682,20210514,20210514,1.007863
000001.SZ,1d,2020-05-21,13.187511788600265,13.236282172433848,13.031446560332807,13.070462867399671,552312.0,742797057.29,20200521,13.399999999999999,1.025212353682,20210514,20210514,1.007863
000001.SZ,1d,2020-05-22,13.002184330032659,13.011938406799375,12.602267182597295,12.602267182597295,856237.0,1119433491.01,20200522,12.92,1.025212353682,20210514,20210514,1.007863
000001.SZ,1d,2020-05-25,12.651037566430878,12.660791643197593,12.446201954329837,12.64128348966416,410171.0,528769352.5,20200525,12.959999999999999,1.025212353682,20210514,20210514,1.007863
000001.SZ,1d,2020-05-26,12.699807950264457,12.748578334098038,12.621775336130728,12.719316103797889,396212.0,515451849.4,20200526,13.04,1.025212353682,20210514,20210514,1.007863
000001.SZ,1d,2020-05-27,12.729070180564607,12.865627255298634,12.641283489664161,12.680299796731026,482963.0,630305864.0899999,20200527,13.0,1.025212353682,20210514,20210514,1.007863
000001.SZ,1d,2020-05-28,12.769592692657636,13.077174179427166,12.710060791992564,12.968032361541203,960760.0,1255226999.49,20200528,13.07,1.007863,20210514,20210514,1.007863
000001.SZ,1d,2020-05-29,12.908500460876132,12.938266411208666,12.819202609878527,12.898578477431954,457808.0,594502123.85,20200529,13.0,1.007863,20210514,20210514,1.007863
000001.SZ,1d,2020-06-01,12.997798311873737,13.285535831754913,12.977954344985381,13.216081947645664,882961.0,1173619006.66,20200601,13.32,1.007863,20210514,20210514,1.007863
000001.SZ,1d,2020-06-02,13.186315997313129,13.523663434415196,13.17639401386895,13.444287566861767,883459.0,1194375822.0600002,20200602,13.55,1.007863,20210514,20210514,1.007863
000001.SZ,1d,2020-06-03,13.533585417859374,13.771713020519655,13.394677649640876,13.434365583417588,956803.0,1308782294.7,20200603,13.54,1.007863,20210514,20210514,1.007863
000001.SZ,1d,2020-06-04,13.42444359997341,13.533585417859374,13.30537979864327,13.464131533750125,583066.0,788707630.29,20200604,13.57,1.007863,20210514,20210514,1.007863
000001.SZ,1d,2020-06-05,13.493897484082659,13.513741450971015,13.325223765531625,13.483975500638481,383027.0,517232135.8,20200605,13.59,1.007863,20210514,20210514,1.007863
000001.SZ,1d,2020-06-08,13.573273351636086,13.74194707018712,13.474053517194303,13.513741450971015,585972.0,802115792.0600001,20200608,13.62,1.007863,20210514,20210514,1.007863
000001.SZ,1d,2020-06-09,13.533585417859374,13.62288326885698,13.424443599973412,13.56335136819191,474300.0,646895834.84,20200609,13.670000000000002,1.007863,20210514,20210514,1.007863
000001.SZ,1d,2020-06-10,13.603039301968623,13.603039301968623,13.295457815199091,13.384755666196696,580476.0,781995749.3600001,20200610,13.49,1.007863,20210514,20210514,1.007863
000001.SZ,1d,2020-06-11,13.275613848310735,13.285535831754913,12.898578477431954,12.977954344985381,1349040.0,1774199978.6799998,20200611,13.08,1.007863,20210514,20210514,1.007863
000001.SZ,1d,2020-06-12,12.79935864299017,12.918422444320312,12.769592692657636,12.888656493987776,1030551.0,1331618728.51,20200612,12.99,1.007863,20210514,20210514,1.007863
000001.SZ,1d,2020-06-15,12.74974872576928,12.868812527099418,12.700138808548386,12.719982775436742,660313.0,850767506.4300001,20200615,12.82,1.007863,20210514,20210514,1.007863
000001.SZ,1d,2020-06-16,12.799358642990168,12.888656493987776,12.759670709213456,12.78943665954599,718059.0,927043687.82,20200616,12.889999999999999,1.007863,20210514,20210514,1.007863
000001.SZ,1d,2020-06-17,12.789436659545991,12.819202609878527,12.660450874771671,12.749748725769278,716468.0,918251153.1899999,20200617,12.85,1.007863,20210514,20210514,1.007863
000001.SZ,1d,2020-06-18,12.660450874771671,12.700138808548386,12.491777156220639,12.660450874771671,1119648.0,1419972017.43,20200618,12.76,1.007863,20210514,20210514,1.007863
000001.SZ,1d,2020-06-19,12.630684924439135,12.739826742325098,12.511621123108995,12.700138808548385,1539522.0,1954584919.95,20200619,12.799999999999999,1.007863,20210514,20210514,1.007863
000001.SZ,1d,2020-06-22,12.640606907883315,12.660450874771673,12.521543106553175,12.54138707344153,1319080.0,1671023278.9900002,20200622,12.64,1.007863,20210514,20210514,1.007863
000001.SZ,1d,2020-06-23,12.551309056885708,12.590996990662422,12.422323272111388,12.501699139664817,990807.0,1248046646.7199998,20200623,12.6,1.007863,20210514,20210514,1.007863
000001.SZ,1d,2020-06-24,12.541387073441529,12.779514676101812,12.501699139664817,12.700138808548385,1523220.0,1946329095.3100002,20200624,12.799999999999999,1.007863,20210514,20210514,1.007863
000001.SZ,1d,2020-06-29,12.819202609878529,12.868812527099418,12.61084095755078,12.700138808548386,1038480.0,1330678288.8300002,20200629,12.8,1.007863,20210514,20210514,1.007863
000001.SZ,1d,2020-06-30,12.72990475888092,12.779514676101813,12.62076294099496,12.700138808548386,937940.0,1199181601.42,20200630,12.8,1.007863,20210514,20210514,1.007863
000001.SZ,1d,2020-07-01,12.690216825104208,13.04740822909463,12.640606907883315,13.017642278762096,1697390.0,2202800843.9700003,20200701,13.120000000000001,1.007863,20210514,20210514,1.007863
000001.SZ,1d,2020-07-02,12.977954344985381,13.384755666196696,12.868812527099418,13.325223765531627,2590501.0,3433511084.46,20200702,13.430000000000001,1.007863,20210514,20210514,1.007863
000001.SZ,1d,2020-07-03,13.464131533750125,14.208280292063506,13.454209550305945,14.138826407954257,3768334.0,5280918011.400001,20200703,14.25,1.007863,20210514,20210514,1.007863
000001.SZ,1d,2020-07-06,14.4860958285005,15.557670040471772,14.476173845056323,15.557670040471772,4711461.0,7168653356.250001,20200706,15.68,1.007863,20210514,20210514,1.007863
000001.SZ,1d,2020-07-07,16.172833014010834,16.500258467668726,14.912741116600175,15.359230371588204,3964427.0,6267919683.040001,20200707,15.48,1.007863,20210514,20210514,1.007863
000001.SZ,1d,2020-07-08,15.111180785483743,15.875173510685482,15.111180785483743,15.637045908025199,2631339.0,4095447757.1699996,20200708,15.76,1.007863,20210514,20210514,1.007863
000001.SZ,1d,2020-07-09,15.537826073583416,15.537826073583416,15.19055665303717,15.408840288809097,2243994.0,3469517329.73,20200709,15.530000000000001,1.007863,20210514,20210514,1.007863
000001.SZ,1d,2020-07-10,15.230244586813884,15.359230371588204,14.644847563607357,14.74406739804914,2158773.0,3254272377.89,20200710,14.86,1.007863,20210514,20210514,1.007863
000001.SZ,1d,2020-07-13,14.585315662942286,14.962351033821067,14.386875994058718,14.773833348381677,1937160.0,2871414844.76,20200713,14.89,1.007863,20210514,20210514,1.007863
000001.SZ,1d,2020-07-14,14.783755331825855,15.071492851707031,14.436485911279611,14.565471696053931,1953566.0,2891773817.07,20200714,14.680000000000001,1.007863,20210514,20210514,1.007863
000001.SZ,1d,2020-07-15,14.664691530495714,14.744067398049141,14.118982441065901,14.158670374842613,2042563.0,2947173149.7200003,20200715,14.27,1.007863,20210514,20210514,1.007863
000001.SZ,1d,2020-07-16,14.18843632517515,14.436485911279611,14.009840623179938,14.039606573512474,1930891.0,2771496391.19,20200716,14.15,1.007863,20210514,20210514,1.007863
000001.SZ,1d,2020-07-17,14.059450540400832,14.168592358286794,13.841166904628905,14.029684590068294,1291347.0,1821043927.51,20200717,14.14,1.007863,20210514,20210514,1.007863
000001.SZ,1d,2020-07-20,14.118982441065901,14.654769547051535,13.98999665629158,14.615081613274821,1979632.0,2872758056.19,20200720,14.73,1.007863,20210514,20210514,1.007863
000001.SZ,1d,2020-07-21,14.56547169605393,14.56547169605393,14.287656159616933,14.37695401061454,1252866.0,1815570300.6,20200721,14.49,1.007863,20210514,20210514,1.007863
000001.SZ,1d,2020-07-22,14.37695401061454,14.535705745721394,14.158670374842613,14.297578143061113,1312952.0,1895447229.4099998,20200722,14.41,1.007863,20210514,20210514,1.007863
000001.SZ,1d,2020-07-23,14.128904424510079,14.178514341730972,13.702259136410406,13.900698805293974,2027526.0,2838535210.7500005,20200723,14.01,1.007863,20210514,20210514,1.007863
000001.SZ,1d,2020-07-24,13.861010871517262,13.880854838405618,13.315301782087447,13.394677649640876,1830882.0,2504647111.34,20200724,13.5,1.007863,20210514,20210514,1.007863
000001.SZ,1d,2020-07-27,13.563351368191908,13.573273351636086,12.997798311873737,13.136706080092237,1880653.0,2497551472.2799997,20200727,13.24,1.007863,20210514,20210514,1.007863
000001.SZ,1d,2020-07-28,13.23592591453402,13.325223765531625,13.077174179427166,13.23592591453402,1217006.0,1618089558.6,20200728,13.34,1.007863,20210514,20210514,1.007863
000001.SZ,1d,2020-07-29,13.2458478979782,13.523663434415196,13.106940129759701,13.43436558341759,1519580.0,2043847472.9400003,20200729,13.540000000000001,1.007863,20210514,20210514,1.007863
000001.SZ,1d,2020-07-30,13.394677649640878,13.404599633085056,13.265691864866557,13.265691864866557,964068.0,1294444933.22,20200730,13.370000000000001,1.007863,20210514,20210514,1.007863
000001.SZ,1d,2020-07-31,13.176394013868949,13.42444359997341,13.146628063536415,13.23592591453402,1165822.0,1559068291.6299999,20200731,13.34,1.007863,20210514,20210514,1.007863
000001.SZ,1d,2020-08-03,13.364911699308339,13.513741450971015,13.325223765531625,13.483975500638481,1445096.0,1954607257.49,20200803,13.59,1.007863,20210514,20210514,1.007863
000001.SZ,1d,2020-08-04,13.55342938474773,14.039606573512474,13.374833682752518,13.930464755626511,2445663.0,3388510059.2700005,20200804,14.040000000000001,1.007863,20210514,20210514,1.007863
000001.SZ,1d,2020-08-05,13.712181119854584,13.741947070187122,13.513741450971017,13.652649219189517,1440203.0,1980352978.3400002,20200805,13.760000000000002,1.007863,20210514,20210514,1.007863
000001.SZ,1d,2020-08-06,13.712181119854584,13.851088888073084,13.543507401303552,13.791556987408013,1352511.0,1868047342.49,20200806,13.9,1.007863,20210514,20210514,1.007863
000001.SZ,1d,2020-08-07,13.692337152966228,13.791556987408013,13.513741450971017,13.593117318524445,988678.0,1356305781.15,20200807,13.700000000000001,1.007863,20210514,20210514,1.007863
000001.SZ,1d,2020-08-10,13.56335136819191,13.910620788738155,13.513741450971017,13.841166904628905,1587710.0,2208568316.4900002,20200810,13.950000000000001,1.007863,20210514,20210514,1.007863
000001.SZ,1d,2020-08-11,13.861010871517262,14.545627729165572,13.861010871517262,14.019762606624116,2603308.0,3748036828.23,20200811,14.13,1.007863,20210514,20210514,1.007863
000001.SZ,1d,2020-08-12,14.099138474177543,14.386875994058718,14.039606573512474,14.267812192728577,1596812.0,2287731088.15,20200812,14.38,1.007863,20210514,20210514,1.007863
000001.SZ,1d,2020-08-13,14.287656159616933,14.347188060282004,14.029684590068294,14.069372523845008,837262.0,1190139725.41,20200813,14.18,1.007863,20210514,20210514,1.007863
000001.SZ,1d,2020-08-14,13.98999665629158,14.396797977502896,13.950308722514867,14.357110043726182,1103216.0,1578543607.1,20200814,14.47,1.007863,20210514,20210514,1.007863
000001.SZ,1d,2020-08-17,14.486095828500503,15.230244586813885,14.436485911279611,15.071492851707031,3268028.0,4923669137.3,20200817,15.190000000000001,1.007863,20210514,20210514,1.007863
000001.SZ,1d,2020-08-18,15.081414835151207,15.180634669592992,14.793677315270033,15.031804917930316,1350261.0,2033477707.99,20200818,15.15,1.007863,20210514,20210514,1.007863
000001.SZ,1d,2020-08-19,14.992116984153602,15.230244586813885,14.843287232490926,14.982195000709424,1420928.0,2154215097.0600004,20200819,15.100000000000001,1.007863,20210514,20210514,1.007863
000001.SZ,1d,2020-08-20,14.89289714971182,15.021882934486138,14.416641944391253,14.476173845056325,1333802.0,1962605013.7,20200820,14.590000000000002,1.007863,20210514,20210514,1.007863
000001.SZ,1d,2020-08-21,14.595237646386465,14.595237646386465,14.208280292063506,14.337266076837826,1234517.0,1787278581.3400002,20200821,14.450000000000001,1.007863,20210514,20210514,1.007863
000001.SZ,1d,2020-08-24,14.386875994058718,14.595237646386465,14.297578143061113,14.347188060282004,919449.0,1338031969.4,20200824,14.46,1.007863,20210514,20210514,1.007863
000001.SZ,1d,2020-08-25,14.446407894723789,14.57539367949811,14.347188060282004,14.486095828500503,748320.0,1090756854.22,20200825,14.600000000000001,1.007863,20210514,20210514,1.007863
000001.SZ,1d,2020-08-26,14.486095828500503,14.496017811944682,14.168592358286794,14.2578902092844,734118.0,1057274169.74,20200826,14.370000000000001,1.007863,20210514,20210514,1.007863
000001.SZ,1d,2020-08-27,14.287656159616931,14.347188060282003,13.999918639735759,14.347188060282003,626667.0,895618648.57,20200827,14.459999999999999,1.007863,20210514,20210514,1.007863
000001.SZ,1d,2020-08-28,14.148748391398435,15.06157086826285,14.148748391398435,15.011960951041958,2410400.0,3599035694.78,20200828,15.129999999999999,1.007863,20210514,20210514,1.007863
000001.SZ,1d,2020-08-31,15.180634669592992,15.557670040471772,14.87305318282346,14.962351033821067,1797130.0,2760350322.28,20200831,15.08,1.007863,20210514,20210514,1.007863
000001.SZ,1d,2020-09-01,14.843287232490926,15.111180785483743,14.7639113649375,15.021882934486138,813643.0,1228342741.95,20200901,15.14,1.007863,20210514,20210514,1.007863
000001.SZ,1d,2020-09-02,14.892897149711818,15.408840288809095,14.892897149711818,15.20047863648135,1679383.0,2575966637.51,20200902,15.32,1.007863,20210514,20210514,1.007863
000001.SZ,1d,2020-09-03,15.20047863648135,15.210400619925528,14.724223431160784,14.783755331825855,1279842.0,1919266726.0100002,20200903,14.9,1.007863,20210514,20210514,1.007863
000001.SZ,1d,2020-09-04,14.615081613274821,14.942507066932711,14.4860958285005,14.843287232490924,909890.0,1353550808.28,20200904,14.959999999999999,1.007863,20210514,20210514,1.007863
000001.SZ,1d,2020-09-07,14.7639113649375,15.121102768927921,14.714301447716606,14.823443265602569,1031377.0,1551971380.96,20200907,14.94,1.007863,20210514,20210514,1.007863
000001.SZ,1d,2020-09-08,14.88297516626764,15.30962045436731,14.88297516626764,15.30962045436731,1407602.0,2154220778.29,20200908,15.43,1.007863,20210514,20210514,1.007863
000001.SZ,1d,2020-09-09,15.14094673581628,15.438606239141631,15.01196095104196,15.091336818595387,1013572.0,1554005575.35,20200909,15.21,1.007863,20210514,20210514,1.007863
000001.SZ,1d,2020-09-10,15.20047863648135,15.359230371588204,15.08141483515121,15.220322603369707,957092.0,1469402768.28,20200910,15.340000000000002,1.007863,20210514,20210514,1.007863
000001.SZ,1d,2020-09-11,15.06157086826285,15.180634669592992,14.704379464272428,14.892897149711818,954236.0,1431844020.44,20200911,15.01,1.007863,20210514,20210514,1.007863
000001.SZ,1d,2020-09-14,14.892897149711818,15.180634669592992,14.80359929871421,15.180634669592992,680251.0,1027508108.5500001,20200914,15.3,1.007863,20210514,20210514,1.007863
000001.SZ,1d,2020-09-15,15.08141483515121,15.359230371588204,15.031804917930316,15.230244586813884,657133.0,1007999044.1099999,20200915,15.35,1.007863,20210514,20210514,1.007863
000001.SZ,1d,2020-09-16,15.20047863648135,15.418762272253275,15.091336818595387,15.31954243781149,722415.0,1114667832.1100001,20200916,15.440000000000001,1.007863,20210514,20210514,1.007863
000001.SZ,1d,2020-09-17,15.418762272253275,15.597357974248487,15.279854504034777,15.448528222585809,988216.0,1543414501.54,20200917,15.57,1.007863,20210514,20210514,1.007863
000001.SZ,1d,2020-09-18,15.4981381398067,15.964471361683087,15.398918305364917,15.94462739479473,1373193.0,2186759087.8100004,20200918,16.07,1.007863,20210514,20210514,1.007863
000001.SZ,1d,2020-09-21,15.875173510685482,15.924783427906375,15.587435990804309,15.736265742466985,896162.0,1418370973.91,20200921,15.860000000000001,1.007863,20210514,20210514,1.007863
000001.SZ,1d,2020-09-22,15.547748057027594,15.716421775578628,15.269932520590599,15.448528222585809,867756.0,1354536272.84,20200922,15.57,1.007863,20210514,20210514,1.007863
000001.SZ,1d,2020-09-23,15.468372189474167,15.706499792134448,15.388996321920738,15.508060123250878,599200.0,939763265.95,20200923,15.629999999999999,1.007863,20210514,20210514,1.007863
000001.SZ,1d,2020-09-24,15.468372189474168,15.488216156362524,15.00203896759778,15.00203896759778,1061011.0,1623376200.8100002,20200924,15.120000000000001,1.007863,20210514,20210514,1.007863
000001.SZ,1d,2020-09-25,15.081414835151207,15.190556653037168,14.9921169841536,15.07149285170703,614087.0,933035044.4699999,20200925,15.19,1.007863,20210514,20210514,1.007863
000001.SZ,1d,2020-09-28,15.071492851707031,15.250088553702241,14.863131199379282,15.19055665303717,612711.0,932800766.0300001,20200928,15.31,1.007863,20210514,20210514,1.007863
000001.SZ,1d,2020-09-29,15.269932520590599,15.289776487478955,14.644847563607357,14.68453549738407,1182374.0,1766848544.72,20200929,14.799999999999999,1.007863,20210514,20210514,1.007863
000001.SZ,1d,2020-09-30,14.684535497384072,15.150868719260458,14.684535497384072,15.051648884818672,1217065.0,1838547595.4599998,20200930,15.17,1.007863,20210514,20210514,1.007863
000001.SZ,1d,2020-10-09,15.180634669592992,15.428684255697453,15.01196095104196,15.061570868262852,900426.0,1376995906.6,20201009,15.180000000000001,1.007863,20210514,20210514,1.007863
000001.SZ,1d,2020-10-12,15.101258802039565,15.924783427906375,15.091336818595387,15.775953676243697,1591347.0,2509002885.3100004,20201012,15.9,1.007863,20210514,20210514,1.007863
000001.SZ,1d,2020-10-13,15.775953676243697,15.984315328571444,15.646967891469377,15.934705411350551,908819.0,1453986337.96,20201013,16.06,1.007863,20210514,20210514,1.007863
000001.SZ,1d,2020-10-14,15.914861444462195,15.994237312015624,15.676733841801914,15.904939461018017,662562.0,1057937816.08,20201014,16.03,1.007863,20210514,20210514,1.007863
000001.SZ,1d,2020-10-15,16.07361317956905,16.787995987549895,16.024003262348156,16.43080458355947,1600062.0,2654379585.66,20201015,16.56,1.007863,20210514,20210514,1.007863
000001.SZ,1d,2020-10-16,16.43080458355947,17.234485242537925,16.410960616671115,16.966591689545105,2095614.0,3589229558.5699997,20201016,17.099999999999998,1.007863,20210514,20210514,1.007863
000001.SZ,1d,2020-10-19,17.165031358428678,17.958790033962952,17.165031358428678,17.343627060423888,2016106.0,3571336006.25,20201019,17.48,1.007863,20210514,20210514,1.007863
000001.SZ,1d,2020-10-20,17.343627060423888,17.46269086175403,17.115421441207786,17.40315896108896,960072.0,1673173355.6499999,20201020,17.54,1.007863,20210514,20210514,1.007863
000001.SZ,1d,2020-10-21,17.502378795530745,17.85957019952117,17.194797308761213,17.770272348523562,1244560.0,2204040364.8,20201021,17.91,1.007863,20210514,20210514,1.007863
000001.SZ,1d,2020-10-22,17.800038298856098,18.355669371730087,17.165031358428678,17.42300292797732,1890519.0,3342069010.79,20201022,17.560000000000002,1.007863,20210514,20210514,1.007863
000001.SZ,1d,2020-10-23,17.393236977644783,18.633484908167084,17.393236977644783,17.988555984295488,1698502.0,3105623948.39,20201023,18.130000000000003,1.007863,20210514,20210514,1.007863
000001.SZ,1d,2020-10-26,18.058009868404735,18.14730771940234,17.313861110091352,17.561910696195813,1175599.0,2085800598.85,20201026,17.7,1.007863,20210514,20210514,1.007863
000001.SZ,1d,2020-10-27,17.859570199521166,17.859570199521166,17.363471027312247,17.621442596860888,1034865.0,1839243224.79,20201027,17.76,1.007863,20210514,20210514,1.007863
000001.SZ,1d,2020-10-28,17.621442596860884,17.760350365079383,17.155109374984498,17.492456812086566,1205824.0,2125604541.75,20201028,17.63,1.007863,20210514,20210514,1.007863
000001.SZ,1d,2020-10-29,17.403158961088963,17.790116315411918,17.21464127564957,17.631364580305068,846604.0,1498040947.7,20201029,17.770000000000003,1.007863,20210514,20210514,1.007863
000001.SZ,1d,2020-10-30,17.60159862997253,18.216761603511593,17.46269086175403,17.611520613416705,1007804.0,1813064343.1200001,20201030,17.75,1.007863,20210514,20210514,1.007863
000001.SZ,1d,2020-11-02,17.512300778974925,17.90918011674206,17.194797308761213,17.49245681208657,968453.0,1702741437.95,20201102,17.630000000000003,1.007863,20210514,20210514,1.007863
000001.SZ,1d,2020-11-03,17.571832679639993,18.196917636623233,17.561910696195813,17.819882265744454,957869.0,1727488481.5,20201103,17.96,1.007863,20210514,20210514,1.007863
000001.SZ,1d,2020-11-04,18.206839620067413,18.33582540484173,17.819882265744454,18.177073669734877,1247636.0,2275824963.43,20201104,18.32,1.007863,20210514,20210514,1.007863
000001.SZ,1d,2020-11-05,18.226683586955765,18.355669371730087,17.40315896108896,17.561910696195813,1429469.0,2558562453.1800003,20201105,17.7,1.007863,20210514,20210514,1.007863
000001.SZ,1d,2020-11-06,17.57183267963999,17.611520613416705,17.085655490875247,17.502378795530745,848782.0,1486492208.3700001,20201106,17.64,1.007863,20210514,20210514,1.007863
000001.SZ,1d,2020-11-09,17.532144745863278,17.859570199521166,17.40315896108896,17.70081846441431,951424.0,1688807401.7,20201109,17.84,1.007863,20210514,20210514,1.007863
000001.SZ,1d,2020-11-10,17.859570199521166,18.355669371730087,17.790116315411918,17.968712017407128,1021063.0,1854142808.8500001,20201110,18.11,1.007863,20210514,20210514,1.007863
000001.SZ,1d,2020-11-11,18.05800986840474,18.15722970284652,17.46269086175403,17.67105251408178,940130.0,1677811478.7400002,20201111,17.810000000000002,1.007863,20210514,20210514,1.007863
000001.SZ,1d,2020-11-12,17.671052514081776,17.800038298856094,17.313861110091352,17.5222227624191,677258.0,1197284181.1100001,20201112,17.66,1.007863,20210514,20210514,1.007863
000001.SZ,1d,2020-11-13,17.28409515975882,17.33370507697971,16.559790368333793,17.045967557098535,1289189.0,2191492021.21,20201113,17.18,1.007863,20210514,20210514,1.007863
000001.SZ,1d,2020-11-16,16.94674772265675,17.294017143202996,16.76815202066154,17.234485242537925,759857.0,1308190459.6,20201116,17.369999999999997,1.007863,20210514,20210514,1.007863
000001.SZ,1d,2020-11-17,17.244407225982105,17.790116315411918,17.115421441207786,17.69089648097013,852931.0,1509511577.97,20201117,17.83,1.007863,20210514,20210514,1.007863
000001.SZ,1d,2020-11-18,17.641286563749244,18.355669371730087,17.611520613416705,18.315981437953376,1373401.0,2508632642.49,20201118,18.46,1.007863,20210514,20210514,1.007863
000001.SZ,1d,2020-11-19,18.444967222727694,18.831924577050653,18.15722970284652,18.702938792276335,1211741.0,2270476474.58,20201119,18.85,1.007863,20210514,20210514,1.007863
000001.SZ,1d,2020-11-20,18.683094825387975,18.84184656049483,18.375513338618443,18.71286077572051,673919.0,1265262915.5900002,20201120,18.86,1.007863,20210514,20210514,1.007863
000001.SZ,1d,2020-11-23,18.702938792276335,19.466931517478073,18.653328875055443,19.466931517478073,1165858.0,2252290578.43,20201123,19.62,1.007863,20210514,20210514,1.007863
000001.SZ,1d,2020-11-24,19.466931517478073,19.526463418143145,19.020442262490043,19.208959947929436,678543.0,1313496136.53,20201124,19.360000000000003,1.007863,20210514,20210514,1.007863
000001.SZ,1d,2020-11-25,19.328023749259575,19.546307385031497,18.9013784611599,18.911300444604084,552585.0,1068352014.21,20201125,19.060000000000002,1.007863,20210514,20210514,1.007863
000001.SZ,1d,2020-11-26,18.9013784611599,19.457009534033894,18.881534494271545,19.34786771614793,639658.0,1240074378.13,20201126,19.5,1.007863,20210514,20210514,1.007863
000001.SZ,1d,2020-11-27,19.843966888356853,19.843966888356853,19.22880391481779,19.546307385031497,753774.0,1479430635.59,20201127,19.7,1.007863,20210514,20210514,1.007863
000001.SZ,1d,2020-11-30,19.744747053915066,20.717101431444554,19.437165567145538,19.585995318808212,1581441.0,3213680470.07,20201130,19.74,1.007863,20210514,20210514,1.007863
000001.SZ,1d,2020-12-01,19.5463073850315,20.349988044009955,19.248647881706148,19.893576805577744,1263720.0,2516010782.4900002,20201201,20.05,1.007863,20210514,20210514,1.007863
000001.SZ,1d,2020-12-02,19.774513004247602,19.90349878902192,19.367711683036287,19.47685350092225,889385.0,1758639187.8400002,20201202,19.63,1.007863,20210514,20210514,1.007863
000001.SZ,1d,2020-12-03,19.625683252584928,19.70505912013836,19.020442262490043,19.387555649924646,714452.0,1393085020.58,20201203,19.540000000000003,1.007863,20210514,20210514,1.007863
000001.SZ,1d,2020-12-04,19.318101765815396,19.318101765815396,18.822002593606474,19.149428047264358,891348.0,1707639065.1,20201204,19.299999999999997,1.007863,20210514,20210514,1.007863
000001.SZ,1d,2020-12-07,19.159350030708538,19.23872589826197,18.5342650737253,18.762470692941402,873807.0,1655173465.4,20201207,18.91,1.007863,20210514,20210514,1.007863
000001.SZ,1d,2020-12-08,18.772392676385582,18.881534494271545,18.385435322062623,18.564031024057837,719648.0,1345951734.38,20201208,18.71,1.007863,20210514,20210514,1.007863
000001.SZ,1d,2020-12-09,18.64340689161126,18.9013784611599,18.5342650737253,18.564031024057837,677221.0,1277484440.94,20201209,18.71,1.007863,20210514,20210514,1.007863
000001.SZ,1d,2020-12-10,18.583874990946192,18.732704742608867,18.306059454509196,18.504499123392762,607867.0,1130916254.15,20201210,18.65,1.007863,20210514,20210514,1.007863
000001.SZ,1d,2020-12-11,18.564031024057833,18.65332887505544,18.07785383529309,18.375513338618443,887794.0,1642392314.27,20201211,18.52,1.007863,20210514,20210514,1.007863
000001.SZ,1d,2020-12-14,18.454889206171874,18.91130044460408,18.355669371730087,18.732704742608867,835992.0,1575396008.32,20201214,18.88,1.007863,20210514,20210514,1.007863
000001.SZ,1d,2020-12-15,18.653328875055443,18.702938792276335,18.008399951183847,18.593796974390372,788858.0,1458268620.75,20201215,18.740000000000002,1.007863,20210514,20210514,1.007863
000001.SZ,1d,2020-12-16,18.653328875055443,18.950988378380796,18.435045239283518,18.86169052738319,689070.0,1302133815.28,20201216,19.01,1.007863,20210514,20210514,1.007863
000001.SZ,1d,2020-12-17,18.762470692941402,18.92122242804826,18.454889206171874,18.80215862671812,686141.0,1294658299.27,20201217,18.950000000000003,1.007863,20210514,20210514,1.007863
000001.SZ,1d,2020-12-18,18.85176854393901,18.950988378380796,18.08777581873727,18.21676160351159,1058756.0,1959764074.98,20201218,18.36,1.007863,20210514,20210514,1.007863
000001.SZ,1d,2020-12-21,18.15722970284652,18.494577139948586,17.889336149853705,18.137385735958166,906878.0,1662649810.0500002,20201221,18.28,1.007863,20210514,20210514,1.007863
000001.SZ,1d,2020-12-22,18.21676160351159,18.504499123392762,17.740506398191023,17.760350365079383,1028738.0,1873638734.0600002,20201222,17.9,1.007863,20210514,20210514,1.007863
000001.SZ,1d,2020-12-23,17.819882265744454,17.929024083630416,17.65120854719342,17.859570199521166,750083.0,1345650736.09,20201223,18.0,1.007863,20210514,20210514,1.007863
000001.SZ,1d,2020-12-24,18.008399951183847,18.34574738828591,17.90918011674206,18.117541769069806,632950.0,1155767283.67,20201224,18.26,1.007863,20210514,20210514,1.007863
000001.SZ,1d,2020-12-25,18.117541769069806,18.117541769069806,17.6611305306376,17.89925813329788,577077.0,1038128197.3900001,20201225,18.04,1.007863,20210514,20210514,1.007863
000001.SZ,1d,2020-12-28,17.879414166409525,18.71286077572051,17.819882265744454,18.702938792276335,1270337.0,2352947321.9700003,20201228,18.85,1.007863,20210514,20210514,1.007863
000001.SZ,1d,2020-12-29,18.72278275916469,19.14942804726436,18.554109040613657,19.02044226249004,963092.0,1837947238.25,20201229,19.169999999999998,1.007863,20210514,20210514,1.007863
000001.SZ,1d,2020-12-30,18.85176854393901,19.05020821282258,18.573953007502013,19.05020821282258,978498.0,1854082812.28,20201230,19.2,1.007863,20210514,20210514,1.007863
000001.SZ,1d,2020-12-31,19.06013019626676,19.427243583701358,18.871612510827365,19.189115981041077,924503.0,1781736285.58,20201231,19.34,1.007863,20210514,20210514,1.007863
000001.SZ,1d,2021-01-04,18.950988378380796,18.950988378380796,18.29613747106502,18.454889206171874,1554216.0,2891682312.0499997,20210104,18.6,1.007863,20210514,20210514,1.007863
000001.SZ,1d,2021-01-05,18.256449537288304,18.33582540484173,17.6611305306376,18.028243918072203,1821352.0,3284606913.9100003,20210105,18.17,1.007863,20210514,20210514,1.007863
000001.SZ,1d,2021-01-06,17.938946067074593,19.407399616813,17.859570199521166,19.407399616813,1934945.0,3648521909.1000004,20210106,19.56,1.007863,20210514,20210514,1.007863
000001.SZ,1d,2021-01-07,19.367711683036287,19.824122921468497,19.079974163155114,19.74474705391507,1584185.0,3111274625.37,20210107,19.900000000000002,1.007863,20210514,20210514,1.007863
000001.SZ,1d,2021-01-08,19.744747053915066,19.943186722798636,19.159350030708538,19.695137136694175,1195473.0,2348316363.18,20210108,19.849999999999998,1.007863,20210514,20210514,1.007863
000001.SZ,1d,2021-01-11,19.843966888356853,20.478973828784273,19.843966888356853,20.221002259235632,1790457.0,3652546646.82,20210111,20.38,1.007863,20210514,20210514,1.007863
000001.SZ,1d,2021-01-12,20.230924242679812,20.836165232774693,20.022562590352063,20.836165232774693,1288166.0,2657687440.67,20210112,21.0,1.007863,20210514,20210514,1.007863
000001.SZ,1d,2021-01-13,20.836165232774697,20.846087216218876,20.240846226123992,20.538505729449344,1049120.0,2161849708.0400004,20210113,20.700000000000003,1.007863,20210514,20210514,1.007863
000001.SZ,1d,2021-01-14,20.518661762560985,20.727023414888734,19.794356971135958,20.012640606907883,1130156.0,2306404546.81,20210114,20.169999999999998,1.007863,20210514,20210514,1.007863
000001.SZ,1d,2021-01-15,20.836165232774693,21.778753659971645,20.657569530779483,20.836165232774693,2480689.0,5311218074.76,20210115,21.0,1.007863,20210514,20210514,1.007863
000001.SZ,1d,2021-01-18,21.034604901658263,22.602278285838455,21.034604901658263,22.522902418285028,2157302.0,4792909447.95,20210118,22.7,1.007863,20210514,20210514,1.007863
000001.SZ,1d,2021-01-19,22.33438473284564,22.661810186503526,21.877973494413432,22.165711014294605,1242088.0,2790056611.29,20210119,22.34,1.007863,20210514,20210514,1.007863
000001.SZ,1d,2021-01-20,21.977193328855215,22.79079597127785,21.94742737852268,22.294696799068927,1280793.0,2889249850.4500003,20210120,22.470000000000002,1.007863,20210514,20210514,1.007863
000001.SZ,1d,2021-01-21,22.324462749401462,22.62212225272681,21.977193328855215,22.056569196408642,944779.0,2114252731.64,20210121,22.23,1.007863,20210514,20210514,1.007863
000001.SZ,1d,2021-01-22,22.056569196408642,22.056569196408642,21.342186388427795,21.858129527525072,924434.0,2025834761.5400002,20210122,22.03,1.007863,20210514,20210514,1.007863
000001.SZ,1d,2021-01-25,21.55054804075554,22.423682583843245,21.262810520874368,22.31454076595728,1028365.0,2269032820.67,20210125,22.49,1.007863,20210514,20210514,1.007863
000001.SZ,1d,2021-01-26,22.12602308051789,23.13806539182409,22.12602308051789,22.19547696462714,1126721.0,2558575511.9700003,20210126,22.37,1.007863,20210514,20210514,1.007863
000001.SZ,1d,2021-01-27,22.13594506396207,23.286895143486763,22.13594506396207,22.899937789163804,1294153.0,2976800955.73,20210127,23.08,1.007863,20210514,20210514,1.007863
000001.SZ,1d,2021-01-28,22.60227828583845,22.99915762360559,22.274852832180567,22.632044236170987,857477.0,1948881146.95,20210128,22.81,1.007863,20210514,20210514,1.007863
000001.SZ,1d,2021-01-29,22.63204423617099,23.356349027596014,22.532824401729208,22.909859772607987,1240258.0,2864101419.33,20210129,23.09,1.007863,20210514,20210514,1.007863
000001.SZ,1d,2021-02-01,22.82056192161038,24.795036627001885,22.522902418285028,24.358469355458038,1475239.0,3529556986.77,20210201,24.55,1.007863,20210514,20210514,1.007863
000001.SZ,1d,2021-02-02,23.19759729248916,23.911980100470007,22.731264070612774,23.098377458047377,2416169.0,5679179941.74,20210202,23.28,1.007863,20210514,20210514,1.007863
000001.SZ,1d,2021-02-03,23.296817126930947,24.983554312441278,23.19759729248916,24.755348693225173,1923272.0,4690176486.28,20210203,24.95,1.007863,20210514,20210514,1.007863
000001.SZ,1d,2021-02-04,23.991355968023434,25.043086213106346,23.852448199804936,24.408079272678926,1255248.0,3084553750.95,20210204,24.599999999999998,1.007863,20210514,20210514,1.007863
000001.SZ,1d,2021-02-05,24.408079272678926,25.112540097215597,24.08065381902104,24.735504726336817,1015576.0,2517804159.63,20210205,24.93,1.007863,20210514,20210514,1.007863
000001.SZ,1d,2021-02-08,24.70573877600428,24.70573877600428,23.911980100470007,24.6065189415625,1084265.0,2650948251.3799996,20210208,24.8,1.007863,20210514,20210514,1.007863
000001.SZ,1d,2021-02-09,24.596596958118322,24.646206875339214,23.981433984579258,24.388235305790573,942094.0,2302978158.4,20210209,24.580000000000002,1.007863,20210514,20210514,1.007863
000001.SZ,1d,2021-02-10,24.408079272678926,24.765270676669353,23.19759729248916,23.63416456403301,1918867.0,4569741959.900001,20210210,23.82,1.007863,20210514,20210514,1.007863
000001.SZ,1d,2021-02-18,23.81276026602822,24.358469355458038,23.296817126930947,24.110419769353577,1505231.0,3619387651.7099996,20210218,24.3,1.007863,20210514,20210514,1.007863
000001.SZ,1d,2021-02-19,23.77307233225151,24.001277951467614,23.38611497792855,23.663930514365546,922583.0,2197558286.91,20210219,23.85,1.007863,20210514,20210514,1.007863
000001.SZ,1d,2021-02-22,23.614320597144655,23.614320597144655,22.086335146741177,22.20539894807132,1956842.0,4445818547.6,20210222,22.380000000000003,1.007863,20210514,20210514,1.007863
000001.SZ,1d,2021-02-23,22.205398948071316,22.50305845139667,21.649767875197327,21.75890969308329,1870460.0,4160776611.3100004,20210223,21.93,1.007863,20210514,20210514,1.007863
000001.SZ,1d,2021-02-24,22.096257130185354,22.10617911362953,21.391796305648686,21.98711531229939,1428500.0,3144209051.81,20210224,22.16,1.007863,20210514,20210514,1.007863
000001.SZ,1d,2021-02-25,22.225242914959672,22.383994650066526,21.51086010697883,21.917661428190144,1593403.0,3524600794.46,20210225,22.09,1.007863,20210514,20210514,1.007863
000001.SZ,1d,2021-02-26,21.4314842394254,21.788675643415825,21.044526885102442,21.213200603653476,1124977.0,2424653753.46,20210226,21.380000000000003,1.007863,20210514,20210514,1.007863
000001.SZ,1d,2021-03-01,21.37195233876033,21.51086010697883,21.014760934769907,21.282654487762724,1125387.0,2408050906.4,20210301,21.45,1.007863,20210514,20210514,1.007863
000001.SZ,1d,2021-03-02,21.451328206313757,21.977193328855215,21.094136802323334,21.481094156646293,1473425.0,3196536981.14,20210302,21.650000000000002,1.007863,20210514,20210514,1.007863
000001.SZ,1d,2021-03-03,21.411640272537046,22.899937789163808,21.292576471206903,22.83048390505456,1919635.0,4320024431.320001,20210303,23.01,1.007863,20210514,20210514,1.007863
000001.SZ,1d,2021-03-04,22.59235630239428,23.306739110375126,22.473292501064137,22.741186054056953,1213579.0,2799747146.4100003,20210304,22.92,1.007863,20210514,20210514,1.007863
000001.SZ,1d,2021-03-05,22.522902418285028,22.800717954722025,21.68945580897404,22.165711014294605,880171.0,1960439115.0400002,20210305,22.34,1.007863,20210514,20210514,1.007863
000001.SZ,1d,2021-03-08,22.26493084873639,22.51298043484085,21.31242043809526,21.4314842394254,993774.0,2189190957.56,20210308,21.6,1.007863,20210514,20210514,1.007863
000001.SZ,1d,2021-03-09,21.510860106978832,21.748987709639113,20.419441928119202,20.68733548111202,1361895.0,2882931927.56,20210309,20.85,1.007863,20210514,20210514,1.007863
000001.SZ,1d,2021-03-10,20.67741349766784,20.74686738177709,20.12178242479385,20.240846226123992,1149417.0,2356185003.94,20210310,20.400000000000002,1.007863,20210514,20210514,1.007863
000001.SZ,1d,2021-03-11,20.4194419281192,21.213200603653473,20.399597961230842,21.104058785767513,1048659.0,2213107787.13,20210311,21.27,1.007863,20210514,20210514,1.007863
000001.SZ,1d,2021-03-12,21.203278620209296,21.530704073867184,21.034604901658263,21.31242043809526,697201.0,1494219075.5,20210312,21.48,1.007863,20210514,20210514,1.007863
000001.SZ,1d,2021-03-15,21.233044570541832,21.94742737852268,20.945307050660656,21.431484239425398,958749.0,2077984893.9499998,20210315,21.599999999999998,1.007863,20210514,20210514,1.007863
000001.SZ,1d,2021-03-16,21.431484239425398,21.9375053950785,21.104058785767513,21.491016140090473,939684.0,2038470660.5300002,20210316,21.66,1.007863,20210514,20210514,1.007863
000001.SZ,1d,2021-03-17,21.282654487762727,21.38187432220451,20.736945398332914,21.034604901658266,821489.0,1738185857.1,20210317,21.200000000000003,1.007863,20210514,20210514,1.007863
000001.SZ,1d,2021-03-18,21.13382473610005,21.56047002419972,20.836165232774693,21.56047002419972,691610.0,1483801548.9800003,20210318,21.73,1.007863,20210514,20210514,1.007863
000001.SZ,1d,2021-03-19,21.362030355316154,21.481094156646293,20.211080275791456,20.31030011023324,1525622.0,3159181042.9600005,20210319,20.470000000000002,1.007863,20210514,20210514,1.007863
000001.SZ,1d,2021-03-22,20.389675977786666,21.38187432220451,20.36983201089831,21.38187432220451,1451190.0,3087549484.44,20210322,21.55,1.007863,20210514,20210514,1.007863
000001.SZ,1d,2021-03-23,21.401718289092866,21.481094156646293,20.79647729899798,21.064370851990798,682903.0,1448043613.41,20210323,21.23,1.007863,20210514,20210514,1.007863
000001.SZ,1d,2021-03-24,21.044526885102442,21.113980769211693,20.29045614334488,20.369832010898307,850085.0,1757688572.4800003,20210324,20.529999999999998,1.007863,20210514,20210514,1.007863
000001.SZ,1d,2021-03-25,20.419441928119202,20.667491514223663,20.240846226123992,20.58811564667024,492666.0,1017166048.68,20210325,20.750000000000004,1.007863,20210514,20210514,1.007863
000001.SZ,1d,2021-03-26,20.67741349766784,21.233044570541836,20.598037630114415,20.975073000993195,822108.0,1733412579.12,20210326,21.14,1.007863,20210514,20210514,1.007863
000001.SZ,1d,2021-03-29,21.11398076921169,21.48109415664629,21.034604901658263,21.322342421539435,785667.0,1684397866.28,20210329,21.49,1.007863,20210514,20210514,1.007863
000001.SZ,1d,2021-03-30,21.213200603653476,21.75890969308329,21.044526885102442,21.75890969308329,738655.0,1601238499.0600002,20210330,21.93,1.007863,20210514,20210514,1.007863
000001.SZ,1d,2021-03-31,21.600157957976435,21.897817461301788,21.4314842394254,21.838285560636717,777028.0,1699922183.9799998,20210331,22.01,1.007863,20210514,20210514,1.007863
000001.SZ,1d,2021-04-01,21.907739444745964,21.9375053950785,21.332264404983615,21.61007994142061,544449.0,1183868023.6599998,20210401,21.78,1.007863,20210514,20210514,1.007863
000001.SZ,1d,2021-04-02,21.530704073867184,21.56047002419972,21.193356636765117,21.332264404983615,581084.0,1249405387.16,20210402,21.5,1.007863,20210514,20210514,1.007863
000001.SZ,1d,2021-04-06,21.38187432220451,21.917661428190144,21.342186388427795,21.510860106978832,401103.0,873387016.62,20210406,21.680000000000003,1.007863,20210514,20210514,1.007863
000001.SZ,1d,2021-04-07,21.709299775862394,21.75890969308329,21.143746719544225,21.47117217320211,517605.0,1116774452.27,20210407,21.639999999999997,1.007863,20210514,20210514,1.007863
000001.SZ,1d,2021-04-08,21.292576471206903,21.56047002419972,21.163590686432585,21.39179630564869,383030.0,825170840.99,20210408,21.560000000000002,1.007863,20210514,20210514,1.007863
000001.SZ,1d,2021-04-09,21.540626057311364,21.550548040755544,20.915541100328124,21.13382473610005,398960.0,849870878.04,20210409,21.3,1.007863,20210514,20210514,1.007863
000001.SZ,1d,2021-04-12,21.34218638842779,21.34218638842779,20.469051845340093,20.53850572944934,594743.0,1240067319.93,20210412,20.7,1.007863,20210514,20210514,1.007863
000001.SZ,1d,2021-04-13,20.558349696337697,20.717101431444554,20.429363911563378,20.61788159700277,499904.0,1036992692.52,20210413,20.78,1.007863,20210514,20210514,1.007863
000001.SZ,1d,2021-04-14,20.62780358044695,20.776633332109625,20.260690193012348,20.50873977911681,537438.0,1113001541.55,20210414,20.67,1.007863,20210514,20210514,1.007863
000001.SZ,1d,2021-04-15,20.598037630114415,20.607959613558595,19.92334275591028,20.20115829234728,735865.0,1494016040.7500002,20210415,20.360000000000003,1.007863,20210514,20210514,1.007863
000001.SZ,1d,2021-04-16,20.201158292347277,20.270612176456524,19.65544920291746,20.10193845790549,729998.0,1466509057.44,20210416,20.259999999999998,1.007863,20210514,20210514,1.007863
000001.SZ,1d,2021-04-19,19.87373283868939,21.074292835434978,19.754669037359246,20.98499498443737,1112283.0,2304021478.31,20210419,21.15,1.007863,20210514,20210514,1.007863
000001.SZ,1d,2021-04-20,20.915541100328124,21.77875365997165,20.75678936522127,21.52078209042301,834773.0,1798249024.3,20210420,21.69,1.007863,20210514,20210514,1.007863
000001.SZ,1d,2021-04-21,22.12602308051789,23.009079607049767,22.11610109707371,22.830483905054557,1597100.0,3644577541.25,20210421,23.009999999999998,1.007863,20210514,20210514,1.007863
000001.SZ,1d,2021-04-22,23.00907960704977,23.048767540826486,22.602278285838455,22.800717954722025,829694.0,1905208911.5900002,20210422,22.98,1.007863,20210514,20210514,1.007863
000001.SZ,1d,2021-04-23,23.13806539182409,23.465490845481977,22.890015805719628,23.108299441491553,823230.0,1920413502.35,20210423,23.29,1.007863,20210514,20210514,1.007863
000001.SZ,1d,2021-04-26,23.683774481253902,24.04096588524433,22.721342087168598,22.76103002094531,872418.0,2037109597.0100002,20210426,22.94,1.007863,20210514,20210514,1.007863
000001.SZ,1d,2021-04-27,22.770952004389486,23.009079607049767,22.681654153391882,22.761030020945306,470431.0,1083043579.27,20210427,22.939999999999998,1.007863,20210514,20210514,1.007863
000001.SZ,1d,2021-04-28,23.108299441491557,23.26705117659841,22.602278285838455,23.167831342156628,593838.0,1375141409.72,20210428,23.35,1.007863,20210514,20210514,1.007863
000001.SZ,1d,2021-04-29,23.157909358712445,23.525022746147048,22.929703739496343,23.405958944816906,614837.0,1439823965.34,20210429,23.59,1.007863,20210514,20210514,1.007863
000001.SZ,1d,2021-04-30,23.167831342156628,23.306739110375126,22.83048390505456,23.108299441491557,561981.0,1308177202.7800002,20210430,23.290000000000003,1.007863,20210514,20210514,1.007863
000001.SZ,1d,2021-05-06,22.919781756052167,23.515100762702872,22.919781756052167,23.316661093819302,500295.0,1174181608.06,20210506,23.5,1.007863,20210514,20210514,1.007863
000001.SZ,1d,2021-05-07,23.485334812370336,24.110419769353577,23.20751927593334,23.862370183249116,802214.0,1929112374.46,20210507,24.05,1.007863,20210514,20210514,1.007863
000001.SZ,1d,2021-05-10,23.81276026602822,23.852448199804936,22.840405888498736,23.673852497809722,661439.0,1566860764.0900002,20210510,23.86,1.007863,20210514,20210514,1.007863
000001.SZ,1d,2021-05-11,23.43572489514944,23.564710679923763,22.880093822275448,23.346427044151834,497223.0,1161846399.0600002,20210511,23.529999999999998,1.007863,20210514,20210514,1.007863
000001.SZ,1d,2021-05-12,23.108299441491553,23.4555688620378,22.701498120280238,23.366271011040194,533265.0,1245517716.8700001,20210512,23.55,1.007863,20210514,20210514,1.007863
000001.SZ,1d,2021-05-13,23.33650506070766,23.405958944816906,22.661810186503526,22.890015805719628,549653.0,1271946298.62,20210513,23.07,1.007863,20210514,20210514,1.007863
000001.SZ,1d,2021-05-14,23.14,23.43,22.6,23.32,563785.0,1300250943.6000001,20210514,23.32,1.0,20210514,20210514,1.007863
