stock,period,datetime,open,high,low,close,volume,amount,day,raw_close,cum_dr,asof,new_event_day,new_dr
000001.SZ,1d,2016-01-04,7.830245874664479,7.84982148935114,7.327805097706841,7.393057146662379,563497.0,660376153.12,20160104,11.33,1.5325189262354029,20250612,20250612,1.031331
000001.SZ,1d,2016-01-05,7.353905917289056,7.549662064155669,7.275603458542411,7.438733580931255,663269.0,755531353.7200001,20160105,11.4,1.5325189262354029,20250612,20250612,1.031331
000001.SZ,1d,2016-01-06,7.451783990722363,7.543136859260115,7.432208376035701,7.523561244573454,515706.0,591698520.3600001,20160106,11.530000000000001,1.5325189262354029,20250612,20250612,1.031331
000001.SZ,1d,2016-01-07,7.445258785826809,7.445258785826809,7.118998541049122,7.138574155735783,174761.0,194869493.47000003,20160107,10.94,1.5325189262354029,20250612,20250612,1.031331
000001.SZ,1d,2016-01-08,7.314754687915735,7.366956327080165,7.112473336153569,7.256027843855751,747527.0,831334546.23,20160108,11.120000000000001,1.5325189262354029,20250612,20250612,1.031331
000001.SZ,1d,2016-01-11,7.177725385109105,7.229927024273535,6.968918828451386,7.021120467615816,732013.0,800683640.99,20160111,10.76,1.5325189262354029,20250612,20250612,1.031331
000001.SZ,1d,2016-01-12,7.066796901884692,7.118998541049122,6.942818008869171,7.053746492093585,561642.0,605970836.99,20160112,10.81,1.5325189262354029,20250612,20250612,1.031331
000001.SZ,1d,2016-01-13,7.105948131258015,7.138574155735784,6.9819692382424945,6.988494443138048,391709.0,424371697.73,20160113,10.71,1.5325189262354029,20250612,20250612,1.031331
000001.SZ,1d,2016-01-14,6.910191984391402,7.047221287198031,6.838414730540312,7.027645672511369,666314.0,708535004.7,20160114,10.77,1.5325189262354029,20250612,20250612,1.031331
000001.SZ,1d,2016-01-15,6.955868418660279,7.047221287198031,6.799263501166989,6.825364320749204,448202.0,474908142.0300001,20160115,10.459999999999999,1.5325189262354029,20250612,20250612,1.031331
000001.SZ,1d,2016-01-18,6.7470618620025595,6.890616369704742,6.7209610424203445,6.792738296271436,421040.0,439917816.17999995,20160118,10.41,1.5325189262354029,20250612,20250612,1.031331
000001.SZ,1d,2016-01-19,6.81883911585365,7.034170877406923,6.792738296271436,6.988494443138048,501109.0,532074699.5,20160119,10.71,1.5325189262354029,20250612,20250612,1.031331
000001.SZ,1d,2016-01-20,6.981969238242493,7.04722128719803,6.812313910958096,6.877565959913634,603752.0,640968946.8700001,20160120,10.54,1.5325189262354029,20250612,20250612,1.031331
000001.SZ,1d,2016-01-21,6.838414730540312,7.014595262720262,6.734011452211452,6.734011452211452,606145.0,638127876.8299999,20160121,10.32,1.5325189262354029,20250612,20250612,1.031331
000001.SZ,1d,2016-01-22,6.786213091375882,6.818839115853651,6.6687594032559145,6.786213091375882,466752.0,482984450.37000006,20160122,10.4,1.5325189262354029,20250612,20250612,1.031331
000001.SZ,1d,2016-01-25,6.786213091375882,6.812313910958096,6.740536657107006,6.76663747668922,376431.0,390734876.74,20160125,10.37,1.5325189262354029,20250612,20250612,1.031331
000001.SZ,1d,2016-01-26,6.734011452211452,6.734011452211452,6.43385202701598,6.440377231911533,647901.0,653561593.37,20160126,9.87,1.5325189262354029,20250612,20250612,1.031331
000001.SZ,1d,2016-01-27,6.479528461284856,6.5121544857626255,6.264196699731583,6.446902436807087,569037.0,558510640.86,20160127,9.879999999999999,1.5325189262354029,20250612,20250612,1.031331
000001.SZ,1d,2016-01-28,6.4077512074337655,6.453427641702642,6.296822724209352,6.322923543791566,302540.0,296055319.24,20160128,9.69,1.5325189262354029,20250612,20250612,1.031331
000001.SZ,1d,2016-01-29,6.3555495682693355,6.577406534718162,6.322923543791566,6.525204895553732,544435.0,540544459.55,20160129,10.0,1.5325189262354029,20250612,20250612,1.031331
000001.SZ,1d,2016-02-01,6.5121544857626255,6.531730100449286,6.3555495682693355,6.394700797642658,417732.0,412635642.62999994,20160201,9.8,1.5325189262354029,20250612,20250612,1.031331
000001.SZ,1d,2016-02-02,6.394700797642657,6.544780510240393,6.38165038785155,6.492578871075963,369104.0,367360499.7,20160202,9.95,1.5325189262354029,20250612,20250612,1.031331
000001.SZ,1d,2016-02-03,6.427326822120426,6.453427641702641,6.375125182955996,6.427326822120426,274572.0,269997835.61,20160203,9.85,1.5325189262354029,20250612,20250612,1.031331
000001.SZ,1d,2016-02-04,6.453427641702642,6.525204895553732,6.446902436807088,6.492578871075964,373099.0,370586187.52000004,20160204,9.950000000000001,1.5325189262354029,20250612,20250612,1.031331
000001.SZ,1d,2016-02-05,6.499104075971518,6.505629280867072,6.466478051493749,6.473003256389302,270893.0,269184383.53,20160205,9.92,1.5325189262354029,20250612,20250612,1.031331
000001.SZ,1d,2016-02-15,6.3033479291049055,6.427326822120426,6.296822724209352,6.388175592747104,278499.0,271173372.44,20160215,9.790000000000001,1.5325189262354029,20250612,20250612,1.031331
000001.SZ,1d,2016-02-16,6.420801617224872,6.544780510240393,6.414276412329319,6.531730100449286,428386.0,427507774.18,20160216,10.01,1.5325189262354029,20250612,20250612,1.031331
000001.SZ,1d,2016-02-17,6.544780510240393,6.6687594032559145,6.518679690658178,6.623082968987038,585167.0,590538918.7800001,20160217,10.15,1.5325189262354029,20250612,20250612,1.031331
000001.SZ,1d,2016-02-18,6.6426585836736995,6.6687594032559145,6.583931739613716,6.583931739613716,406178.0,412337569.83000004,20160218,10.09,1.5325189262354029,20250612,20250612,1.031331
000001.SZ,1d,2016-02-19,6.583931739613716,6.6165577640914846,6.518679690658178,6.551305715135948,318898.0,320939651.99,20160219,10.040000000000001,1.5325189262354029,20250612,20250612,1.031331
000001.SZ,1d,2016-02-22,6.610032559195932,6.727486247315898,6.5643561249270554,6.714435837524791,617739.0,630251514.49,20160222,10.290000000000001,1.5325189262354029,20250612,20250612,1.031331
000001.SZ,1d,2016-02-23,6.714435837524791,6.714435837524791,6.557830920031502,6.603507354300378,425874.0,432315311.35,20160223,10.120000000000001,1.5325189262354029,20250612,20250612,1.031331
000001.SZ,1d,2016-02-24,6.5643561249270554,6.623082968987038,6.531730100449286,6.623082968987038,300103.0,302498026.09,20160224,10.15,1.5325189262354029,20250612,20250612,1.031331
000001.SZ,1d,2016-02-25,6.603507354300376,6.61003255919593,6.264196699731583,6.309873134000459,622072.0,615004743.2700001,20160225,9.67,1.5325189262354029,20250612,20250612,1.031331
000001.SZ,1d,2016-02-26,6.375125182955996,6.414276412329319,6.3033479291049055,6.388175592747104,392154.0,382634662.72,20160226,9.790000000000001,1.5325189262354029,20250612,20250612,1.031331
000001.SZ,1d,2016-02-29,6.388175592747103,6.401226002538212,6.1467430116116155,6.238095880149368,566896.0,542183971.78,20160229,9.56,1.5325189262354029,20250612,20250612,1.031331
000001.SZ,1d,2016-03-01,6.27724710952269,6.375125182955996,6.2511462899404755,6.32944874868712,377910.0,365149008.02000004,20160301,9.7,1.5325189262354029,20250612,20250612,1.031331
000001.SZ,1d,2016-03-02,6.362074773164889,6.610032559195932,6.342499158478228,6.59045694450927,676613.0,673626229.31,20160302,10.100000000000001,1.5325189262354029,20250612,20250612,1.031331
000001.SZ,1d,2016-03-03,6.583931739613717,6.6426585836737,6.551305715135948,6.596982149404824,553089.0,559045201.6200001,20160303,10.110000000000001,1.5325189262354029,20250612,20250612,1.031331
000001.SZ,1d,2016-03-04,6.583931739613716,6.851465140331419,6.570881329822608,6.786213091375882,1381249.0,1429273062.74,20160304,10.4,1.5325189262354029,20250612,20250612,1.031331
000001.SZ,1d,2016-03-07,6.753587066898114,6.844939935435865,6.7209610424203445,6.7470618620025595,606352.0,630155599.1600001,20160307,10.34,1.5325189262354029,20250612,20250612,1.031331
000001.SZ,1d,2016-03-08,6.760112271793666,6.760112271793666,6.48605366618041,6.707910632629236,643156.0,650471607.35,20160308,10.28,1.5325189262354029,20250612,20250612,1.031331
000001.SZ,1d,2016-03-09,6.6165577640914846,6.6687594032559145,6.551305715135948,6.636133378778147,325900.0,330124892.38,20160309,10.170000000000002,1.5325189262354029,20250612,20250612,1.031331
000001.SZ,1d,2016-03-10,6.681809813047022,6.753587066898114,6.610032559195932,6.623082968987038,474020.0,486414240.72,20160310,10.15,1.5325189262354029,20250612,20250612,1.031331
000001.SZ,1d,2016-03-11,6.59045694450927,6.6687594032559145,6.551305715135948,6.629608173882592,383736.0,389638934.2,20160311,10.16,1.5325189262354029,20250612,20250612,1.031331
000001.SZ,1d,2016-03-14,6.662234198360361,6.8253643207492045,6.662234198360361,6.69486022283813,655158.0,679161304.98,20160314,10.260000000000002,1.5325189262354029,20250612,20250612,1.031331
000001.SZ,1d,2016-03-15,6.707910632629236,6.760112271793666,6.629608173882592,6.734011452211452,417920.0,428786691.82,20160315,10.32,1.5325189262354029,20250612,20250612,1.031331
000001.SZ,1d,2016-03-16,6.701385427733682,6.81883911585365,6.688335017942576,6.753587066898112,664886.0,690087713.0500001,20160316,10.35,1.5325189262354029,20250612,20250612,1.031331
000001.SZ,1d,2016-03-17,6.760112271793667,6.838414730540312,6.7209610424203445,6.799263501166989,610996.0,635181313.4699999,20160317,10.42,1.5325189262354029,20250612,20250612,1.031331
000001.SZ,1d,2016-03-18,6.799263501166989,6.897141574600295,6.786213091375882,6.8775659599136345,797215.0,836565552.7900001,20160318,10.540000000000001,1.5325189262354029,20250612,20250612,1.031331
000001.SZ,1d,2016-03-21,6.884091164809188,7.0863725165713545,6.884091164809188,7.047221287198031,920432.0,987764461.92,20160321,10.8,1.5325189262354029,20250612,20250612,1.031331
000001.SZ,1d,2016-03-22,7.027645672511369,7.138574155735783,6.97544403334694,6.9950196480336,625482.0,675406611.44,20160322,10.719999999999999,1.5325189262354029,20250612,20250612,1.031331
000001.SZ,1d,2016-03-23,6.9884944431380465,7.027645672511369,6.92324239418251,6.981969238242493,430278.0,458963272.7,20160323,10.7,1.5325189262354029,20250612,20250612,1.031331
000001.SZ,1d,2016-03-24,6.92324239418251,6.936292803973618,6.851465140331419,6.864515550122526,372406.0,393411544.51,20160324,10.52,1.5325189262354029,20250612,20250612,1.031331
000001.SZ,1d,2016-03-25,6.857990345226972,6.916717189286956,6.851465140331419,6.910191984391402,237070.0,250338489.56000003,20160325,10.59,1.5325189262354029,20250612,20250612,1.031331
000001.SZ,1d,2016-03-28,6.9297675990780645,6.949343213764725,6.818839115853651,6.838414730540312,358621.0,378973327.48,20160328,10.48,1.5325189262354029,20250612,20250612,1.031331
000001.SZ,1d,2016-03-29,6.857990345226973,6.864515550122527,6.7731626815847745,6.805788706062544,318317.0,332422397.07,20160329,10.430000000000001,1.5325189262354029,20250612,20250612,1.031331
000001.SZ,1d,2016-03-30,6.838414730540312,6.9819692382424945,6.831889525644758,6.9819692382424945,539699.0,572627417.13,20160330,10.700000000000001,1.5325189262354029,20250612,20250612,1.031331
000001.SZ,1d,2016-03-31,6.988494443138048,7.014595262720262,6.942818008869171,6.942818008869171,418387.0,447266281.73,20160331,10.64,1.5325189262354029,20250612,20250612,1.031331
000001.SZ,1d,2016-04-01,6.929767599078064,6.97544403334694,6.851465140331419,6.955868418660279,369341.0,391830399.33,20160401,10.66,1.5325189262354029,20250612,20250612,1.031331
000001.SZ,1d,2016-04-05,6.929767599078064,7.053746492093585,6.851465140331419,6.981969238242493,592308.0,632378859.33,20160405,10.7,1.5325189262354029,20250612,20250612,1.031331
000001.SZ,1d,2016-04-06,6.968918828451386,7.014595262720262,6.92324239418251,6.9950196480336,435259.0,464962437.13000005,20160406,10.719999999999999,1.5325189262354029,20250612,20250612,1.031331
000001.SZ,1d,2016-04-07,6.995019648033601,7.001544852929155,6.910191984391402,6.910191984391402,377719.0,401949050.57000005,20160407,10.59,1.5325189262354029,20250612,20250612,1.031331
000001.SZ,1d,2016-04-08,6.884091164809188,6.962393623555832,6.851465140331419,6.897141574600295,376553.0,397998243.93,20160408,10.57,1.5325189262354029,20250612,20250612,1.031331
000001.SZ,1d,2016-04-11,6.916717189286956,7.04722128719803,6.916717189286956,6.9950196480336,786386.0,840486348.21,20160411,10.719999999999999,1.5325189262354029,20250612,20250612,1.031331
000001.SZ,1d,2016-04-12,6.9819692382424945,6.988494443138048,6.9297675990780645,6.962393623555833,298599.0,318538001.82000005,20160412,10.670000000000002,1.5325189262354029,20250612,20250612,1.031331
000001.SZ,1d,2016-04-13,7.001544852929155,7.158149770422445,6.988494443138048,7.053746492093585,856760.0,929858588.49,20160413,10.81,1.5325189262354029,20250612,20250612,1.031331
000001.SZ,1d,2016-04-14,7.099422926362461,7.112473336153569,7.040696082302477,7.073322106780247,323646.0,350702741.47,20160414,10.840000000000002,1.5325189262354029,20250612,20250612,1.031331
000001.SZ,1d,2016-04-15,7.073322106780246,7.138574155735784,7.047221287198031,7.099422926362461,497224.0,541052858.38,20160415,10.88,1.5325189262354029,20250612,20250612,1.031331
000001.SZ,1d,2016-04-18,7.060271696989139,7.079847311675799,7.001544852929155,7.001544852929155,350654.0,377791436.76,20160418,10.73,1.5325189262354029,20250612,20250612,1.031331
000001.SZ,1d,2016-04-19,7.027645672511371,7.053746492093585,6.988494443138048,7.027645672511371,218239.0,234479844.29,20160419,10.770000000000001,1.5325189262354029,20250612,20250612,1.031331
000001.SZ,1d,2016-04-20,7.027645672511369,7.034170877406923,6.760112271793666,6.864515550122526,606586.0,640149677.08,20160420,10.52,1.5325189262354029,20250612,20250612,1.031331
000001.SZ,1d,2016-04-21,6.864515550122527,6.936292803973618,6.818839115853651,6.857990345226973,558799.0,588731547.4699999,20160421,10.510000000000002,1.5325189262354029,20250612,20250612,1.031331
000001.SZ,1d,2016-04-22,6.8253643207492045,6.9297675990780645,6.792738296271436,6.884091164809188,359677.0,379176139.25,20160422,10.55,1.5325189262354029,20250612,20250612,1.031331
000001.SZ,1d,2016-04-25,6.890616369704742,6.890616369704742,6.799263501166989,6.851465140331419,349257.0,366533376.73,20160425,10.5,1.5325189262354029,20250612,20250612,1.031331
000001.SZ,1d,2016-04-26,6.838414730540312,6.916717189286957,6.8253643207492045,6.910191984391403,291699.0,306962513.0,20160426,10.590000000000002,1.5325189262354029,20250612,20250612,1.031331
000001.SZ,1d,2016-04-27,6.903666779495849,6.92324239418251,6.864515550122526,6.897141574600295,239553.0,253308584.05,20160427,10.57,1.5325189262354029,20250612,20250612,1.031331
000001.SZ,1d,2016-04-28,6.903666779495849,7.021120467615817,6.8775659599136345,6.955868418660279,457460.0,487261220.54,20160428,10.66,1.5325189262354029,20250612,20250612,1.031331
000001.SZ,1d,2016-04-29,6.942818008869171,6.942818008869171,6.884091164809188,6.897141574600295,404977.0,428582155.01,20160429,10.57,1.5325189262354029,20250612,20250612,1.031331
000001.SZ,1d,2016-05-03,6.903666779495849,6.9950196480336,6.864515550122526,6.968918828451386,489102.0,521137502.43000007,20160503,10.68,1.5325189262354029,20250612,20250612,1.031331
000001.SZ,1d,2016-05-04,6.968918828451386,7.014595262720262,6.955868418660279,6.995019648033601,412435.0,441848167.65000004,20160504,10.72,1.5325189262354029,20250612,20250612,1.031331
000001.SZ,1d,2016-05-05,6.97544403334694,6.995019648033601,6.949343213764725,6.995019648033601,239516.0,256002095.85999998,20160505,10.72,1.5325189262354029,20250612,20250612,1.031331
000001.SZ,1d,2016-05-06,7.001544852929155,7.001544852929155,6.864515550122526,6.864515550122526,346545.0,367408584.52,20160506,10.52,1.5325189262354029,20250612,20250612,1.031331
000001.SZ,1d,2016-05-09,6.851465140331419,6.871040755018081,6.734011452211452,6.753587066898112,411171.0,428356624.07,20160509,10.35,1.5325189262354029,20250612,20250612,1.031331
000001.SZ,1d,2016-05-10,6.7470618620025595,6.76663747668922,6.701385427733682,6.707910632629236,292599.0,301767207.97,20160510,10.28,1.5325189262354029,20250612,20250612,1.031331
000001.SZ,1d,2016-05-11,6.7209610424203445,6.812313910958097,6.7209610424203445,6.766637476689221,327289.0,339005275.76,20160511,10.370000000000001,1.5325189262354029,20250612,20250612,1.031331
000001.SZ,1d,2016-05-12,6.727486247315898,6.786213091375882,6.688335017942576,6.7731626815847745,325885.0,336792700.57,20160512,10.38,1.5325189262354029,20250612,20250612,1.031331
000001.SZ,1d,2016-05-13,6.753587066898112,6.786213091375882,6.740536657107006,6.753587066898112,184266.0,191007255.66,20160513,10.35,1.5325189262354029,20250612,20250612,1.031331
000001.SZ,1d,2016-05-16,6.734011452211452,6.760112271793666,6.688335017942576,6.760112271793666,215224.0,221931208.07000002,20160516,10.36,1.5325189262354029,20250612,20250612,1.031331
000001.SZ,1d,2016-05-17,6.760112271793666,6.766637476689221,6.681809813047022,6.7209610424203445,250424.0,257859628.95000002,20160517,10.3,1.5325189262354029,20250612,20250612,1.031331
000001.SZ,1d,2016-05-18,6.71443583752479,6.734011452211452,6.636133378778146,6.7209610424203445,534150.0,547076639.38,20160518,10.3,1.5325189262354029,20250612,20250612,1.031331
000001.SZ,1d,2016-05-19,6.701385427733682,6.734011452211452,6.688335017942576,6.688335017942576,170777.0,175591500.42,20160519,10.25,1.5325189262354029,20250612,20250612,1.031331
000001.SZ,1d,2016-05-20,6.681809813047022,6.740536657107006,6.649183788569253,6.720961042420344,206703.0,212277642.00000003,20160520,10.299999999999999,1.5325189262354029,20250612,20250612,1.031331
000001.SZ,1d,2016-05-23,6.740536657107006,6.7470618620025595,6.688335017942576,6.707910632629236,323646.0,333300178.49,20160523,10.28,1.5325189262354029,20250612,20250612,1.031331
000001.SZ,1d,2016-05-24,6.701385427733682,6.707910632629236,6.649183788569253,6.66223419836036,259294.0,265042286.91000003,20160524,10.209999999999999,1.5325189262354029,20250612,20250612,1.031331
000001.SZ,1d,2016-05-25,6.688335017942576,6.707910632629236,6.649183788569253,6.675284608151467,204235.0,209019882.70000002,20160525,10.229999999999999,1.5325189262354029,20250612,20250612,1.031331
000001.SZ,1d,2016-05-26,6.6687594032559145,6.701385427733682,6.636133378778146,6.6687594032559145,261396.0,266736775.84,20160526,10.22,1.5325189262354029,20250612,20250612,1.031331
000001.SZ,1d,2016-05-27,6.668759403255914,6.71443583752479,6.649183788569253,6.701385427733682,222818.0,228377555.01999998,20160527,10.27,1.5325189262354029,20250612,20250612,1.031331
000001.SZ,1d,2016-05-30,6.688335017942577,6.707910632629238,6.655708993464808,6.707910632629238,380946.0,390119748.19,20160530,10.280000000000001,1.5325189262354029,20250612,20250612,1.031331
000001.SZ,1d,2016-05-31,6.6948602228381295,6.897141574600295,6.6948602228381295,6.8840911648091865,946467.0,991668174.78,20160531,10.549999999999999,1.5325189262354029,20250612,20250612,1.031331
000001.SZ,1d,2016-06-01,6.857990345226972,6.8840911648091865,6.812313910958096,6.83841473054031,556750.0,584161145.13,20160601,10.479999999999999,1.5325189262354029,20250612,20250612,1.031331
000001.SZ,1d,2016-06-02,6.831889525644758,6.838414730540312,6.799263501166989,6.825364320749204,293036.0,306269383.37,20160602,10.459999999999999,1.5325189262354029,20250612,20250612,1.031331
000001.SZ,1d,2016-06-03,6.831889525644758,6.864515550122526,6.792738296271436,6.851465140331419,423389.0,443039580.98,20160603,10.5,1.5325189262354029,20250612,20250612,1.031331
000001.SZ,1d,2016-06-06,6.857990345226973,6.871040755018081,6.818839115853651,6.857990345226973,338332.0,354998364.13,20160606,10.510000000000002,1.5325189262354029,20250612,20250612,1.031331
000001.SZ,1d,2016-06-07,6.864515550122526,6.871040755018081,6.838414730540312,6.864515550122526,229282.0,240887148.70000002,20160607,10.52,1.5325189262354029,20250612,20250612,1.031331
000001.SZ,1d,2016-06-08,6.8775659599136345,6.8775659599136345,6.8253643207492045,6.851465140331419,268188.0,281651740.87,20160608,10.5,1.5325189262354029,20250612,20250612,1.031331
000001.SZ,1d,2016-06-13,6.8253643207492045,6.831889525644758,6.740536657107006,6.740536657107006,344816.0,358996277.49999994,20160613,10.33,1.5325189262354029,20250612,20250612,1.031331
000001.SZ,1d,2016-06-14,6.7470618620025595,6.792738296271436,6.734011452211452,6.786213091375882,273637.0,283578296.52,20160614,10.4,1.5325189262354029,20250612,20250612,1.031331
000001.SZ,1d,2016-06-15,6.740536657107006,6.838414730540312,6.734011452211452,6.812313910958096,378172.0,394033686.13,20160615,10.44,1.5325189262354029,20250612,20250612,1.031331
000001.SZ,1d,2016-06-16,6.8123137217271506,6.836160794265286,6.780517625009638,6.8123137217271506,386670.0,331192444.67,20160616,8.569999999999999,1.2580160500634159,20250612,20250612,1.031331
000001.SZ,1d,2016-06-17,6.812313721727152,6.844109818444665,6.788466649189018,6.82026274590653,315173.0,270236697.97,20160617,8.58,1.2580160500634159,20250612,20250612,1.031331
000001.SZ,1d,2016-06-20,6.828211770085908,6.836160794265286,6.804364697547774,6.836160794265286,270731.0,232205297.92,20160620,8.6,1.2580160500634159,20250612,20250612,1.031331
000001.SZ,1d,2016-06-21,6.8441098184446645,6.875905915162178,6.82026274590653,6.8441098184446645,380749.0,327940703.41,20160621,8.61,1.2580160500634159,20250612,20250612,1.031331
000001.SZ,1d,2016-06-22,6.836160794265286,6.939498108597204,6.82026274590653,6.939498108597204,478002.0,413947368.64000005,20160622,8.73,1.2580160500634159,20250612,20250612,1.031331
000001.SZ,1d,2016-06-23,6.8918039635209345,6.91565103605907,6.8600078668034215,6.883854939341556,335614.0,290490407.0,20160623,8.66,1.2580160500634159,20250612,20250612,1.031331
000001.SZ,1d,2016-06-24,6.867956890982798,6.915651036059068,6.77256860083026,6.812313721727152,427664.0,367771053.91,20160624,8.57,1.2580160500634159,20250612,20250612,1.031331
000001.SZ,1d,2016-06-27,6.812313721727152,6.8679568909828,6.788466649189018,6.844109818444665,325214.0,280044073.17999995,20160627,8.610000000000001,1.2580160500634159,20250612,20250612,1.031331
000001.SZ,1d,2016-06-28,6.82026274590653,6.8679568909828,6.804364697547774,6.8600078668034215,336519.0,289122213.99,20160628,8.63,1.2580160500634159,20250612,20250612,1.031331
000001.SZ,1d,2016-06-29,6.8600078668034215,6.9077020118796915,6.852058842624044,6.9077020118796915,369611.0,319908689.63,20160629,8.690000000000001,1.2580160500634159,20250612,20250612,1.031331
000001.SZ,1d,2016-06-30,6.907702011879691,6.947447132776582,6.883854939341556,6.915651036059068,362204.0,315051854.72999996,20160630,8.7,1.2580160500634159,20250612,20250612,1.031331
000001.SZ,1d,2016-07-01,6.907702011879691,6.939498108597204,6.899752987700312,6.923600060238447,348930.0,303652375.25,20160701,8.709999999999999,1.2580160500634159,20250612,20250612,1.031331
000001.SZ,1d,2016-07-04,6.907702011879691,7.04283542292912,6.8918039635209345,7.00309030203223,608257.0,534656909.55,20160704,8.81,1.2580160500634159,20250612,20250612,1.031331
000001.SZ,1d,2016-07-05,6.99514127785285,7.018988350390986,6.971294205314717,7.003090302032229,422037.0,371422814.75,20160705,8.809999999999999,1.2580160500634159,20250612,20250612,1.031331
000001.SZ,1d,2016-07-06,6.99514127785285,7.011039326211608,6.963345181135338,6.987192253673473,322950.0,283827375.8,20160706,8.79,1.2580160500634159,20250612,20250612,1.031331
000001.SZ,1d,2016-07-07,6.987192253673474,6.995141277852852,6.947447132776582,6.979243229494094,312853.0,274337185.84000003,20160707,8.78,1.2580160500634159,20250612,20250612,1.031331
000001.SZ,1d,2016-07-08,6.987192253673474,6.987192253673474,6.939498108597204,6.947447132776582,261342.0,228778674.11,20160708,8.74,1.2580160500634159,20250612,20250612,1.031331
000001.SZ,1d,2016-07-11,6.95539615695596,6.987192253673474,6.947447132776582,6.95539615695596,365372.0,320333760.68,20160711,8.75,1.2580160500634159,20250612,20250612,1.031331
000001.SZ,1d,2016-07-12,6.95539615695596,7.066682495467256,6.947447132776582,7.058733471287878,711832.0,627505578.42,20160712,8.88,1.2580160500634159,20250612,20250612,1.031331
000001.SZ,1d,2016-07-13,7.058733471287876,7.193866882337306,7.04283542292912,7.146172737261038,798288.0,716797025.3100001,20160713,8.99,1.2580160500634159,20250612,20250612,1.031331
000001.SZ,1d,2016-07-14,7.130274688902282,7.1541217614404164,7.082580543826012,7.106427616364146,359699.0,321889343.31,20160714,8.94,1.2580160500634159,20250612,20250612,1.031331
000001.SZ,1d,2016-07-15,7.114376640543524,7.1541217614404164,7.082580543826012,7.146172737261038,352033.0,315555253.54,20160715,8.99,1.2580160500634159,20250612,20250612,1.031331
000001.SZ,1d,2016-07-18,7.146172737261038,7.217713954875442,7.130274688902282,7.1859178581579295,506934.0,457358031.39,20160718,9.040000000000001,1.2580160500634159,20250612,20250612,1.031331
000001.SZ,1d,2016-07-19,7.1859178581579295,7.193866882337308,7.114376640543526,7.130274688902282,362787.0,326046531.03999996,20160719,8.97,1.2580160500634159,20250612,20250612,1.031331
000001.SZ,1d,2016-07-20,7.122325664722903,7.146172737261038,7.114376640543526,7.122325664722903,310926.0,278737194.12,20160720,8.96,1.2580160500634159,20250612,20250612,1.031331
000001.SZ,1d,2016-07-21,7.114376640543526,7.162070785619796,7.114376640543526,7.146172737261038,340261.0,305710332.75,20160721,8.99,1.2580160500634159,20250612,20250612,1.031331
000001.SZ,1d,2016-07-22,7.146172737261038,7.146172737261038,7.09052956800539,7.106427616364146,295549.0,264379250.43,20160722,8.94,1.2580160500634159,20250612,20250612,1.031331
000001.SZ,1d,2016-07-25,7.098478592184768,7.13822371308166,7.082580543826012,7.13822371308166,264682.0,236937494.08,20160725,8.98,1.2580160500634159,20250612,20250612,1.031331
000001.SZ,1d,2016-07-26,7.130274688902282,7.249510051592956,7.130274688902282,7.241561027413578,546556.0,494506420.12000006,20160726,9.110000000000001,1.2580160500634159,20250612,20250612,1.031331
000001.SZ,1d,2016-07-27,7.249510051592956,7.289255172489846,7.082580543826012,7.162070785619794,818678.0,741263303.03,20160727,9.01,1.2580160500634159,20250612,20250612,1.031331
000001.SZ,1d,2016-07-28,7.13822371308166,7.241561027413578,7.130274688902282,7.217713954875442,479910.0,434490536.62,20160728,9.08,1.2580160500634159,20250612,20250612,1.031331
000001.SZ,1d,2016-07-29,7.217713954875442,7.344898341745494,7.17796883397855,7.313102245027981,671425.0,614972669.3,20160729,9.2,1.2580160500634159,20250612,20250612,1.031331
000001.SZ,1d,2016-08-01,7.297204196669224,7.424388583539276,7.289255172489846,7.376694438463006,759324.0,702466616.0,20160801,9.28,1.2580160500634159,20250612,20250612,1.031331
000001.SZ,1d,2016-08-02,7.344898341745494,7.36079639010425,7.289255172489846,7.352847365924872,449165.0,413484595.07000005,20160802,9.25,1.2580160500634159,20250612,20250612,1.031331
000001.SZ,1d,2016-08-03,7.32105126920736,7.329000293386738,7.27335712413109,7.297204196669224,424622.0,389817535.11,20160803,9.18,1.2580160500634159,20250612,20250612,1.031331
000001.SZ,1d,2016-08-04,7.289255172489846,7.297204196669224,7.098478592184768,7.146172737261038,1344462.0,1210346973.56,20160804,8.99,1.2580160500634159,20250612,20250612,1.031331
000001.SZ,1d,2016-08-05,7.146172737261038,7.209764930696064,7.114376640543526,7.1859178581579295,725948.0,654998092.94,20160805,9.040000000000001,1.2580160500634159,20250612,20250612,1.031331
000001.SZ,1d,2016-08-08,7.185917858157929,7.241561027413576,7.162070785619794,7.241561027413576,398479.0,361191045.29,20160808,9.11,1.2580160500634159,20250612,20250612,1.031331
000001.SZ,1d,2016-08-09,7.22566297905482,7.27335712413109,7.209764930696064,7.27335712413109,415676.0,378720688.32000005,20160809,9.15,1.2580160500634159,20250612,20250612,1.031331
000001.SZ,1d,2016-08-10,7.27335712413109,7.297204196669226,7.249510051592956,7.265408099951712,436655.0,399656990.64000005,20160810,9.14,1.2580160500634159,20250612,20250612,1.031331
000001.SZ,1d,2016-08-11,7.265408099951712,7.432337607718655,7.257459075772334,7.329000293386738,935576.0,866594867.9,20160811,9.22,1.2580160500634159,20250612,20250612,1.031331
000001.SZ,1d,2016-08-12,7.313102245027981,7.575420042947463,7.297204196669224,7.551572970409328,1370021.0,1282336292.04,20160812,9.5,1.2580160500634159,20250612,20250612,1.031331
000001.SZ,1d,2016-08-15,7.591318091306219,7.790043695790675,7.559521994588706,7.694655405638136,1897552.0,1835196865.56,20160815,9.68,1.2580160500634159,20250612,20250612,1.031331
000001.SZ,1d,2016-08-16,7.694655405638137,7.694655405638137,7.519776873691816,7.567471018768086,1099558.0,1050479545.3100001,20160816,9.520000000000001,1.2580160500634159,20250612,20250612,1.031331
000001.SZ,1d,2016-08-17,7.567471018768084,7.63106321220311,7.535674922050572,7.59131809130622,560725.0,534926047.02,20160817,9.55,1.2580160500634159,20250612,20250612,1.031331
000001.SZ,1d,2016-08-18,7.599267115485598,7.623114188023732,7.495929801153681,7.551572970409328,691504.0,658183955.01,20160818,9.5,1.2580160500634159,20250612,20250612,1.031331
000001.SZ,1d,2016-08-19,7.54362394622995,7.567471018768084,7.495929801153681,7.559521994588706,505334.0,478779724.24,20160819,9.51,1.2580160500634159,20250612,20250612,1.031331
000001.SZ,1d,2016-08-22,7.551572970409328,7.559521994588706,7.440286631898032,7.472082728615544,979432.0,922426435.12,20160822,9.399999999999999,1.2580160500634159,20250612,20250612,1.031331
000001.SZ,1d,2016-08-23,7.45618468025679,7.5118278495124375,7.4482356560774114,7.472082728615546,890656.0,838185900.5899999,20160823,9.4,1.2580160500634159,20250612,20250612,1.031331
000001.SZ,1d,2016-08-24,7.4800317527949245,7.4959298011536815,7.45618468025679,7.4959298011536815,732281.0,688971683.08,20160824,9.430000000000001,1.2580160500634159,20250612,20250612,1.031331
000001.SZ,1d,2016-08-25,7.487980776974302,7.511827849512437,7.424388583539276,7.503878825333058,617389.0,580648481.91,20160825,9.44,1.2580160500634159,20250612,20250612,1.031331
000001.SZ,1d,2016-08-26,7.5118278495124375,7.527725897871194,7.472082728615546,7.5118278495124375,502233.0,473688076.59,20160826,9.450000000000001,1.2580160500634159,20250612,20250612,1.031331
000001.SZ,1d,2016-08-29,7.4800317527949245,7.5118278495124375,7.45618468025679,7.487980776974302,565231.0,532295362.01000005,20160829,9.42,1.2580160500634159,20250612,20250612,1.031331
000001.SZ,1d,2016-08-30,7.487980776974302,7.527725897871194,7.4800317527949245,7.527725897871194,595081.0,561854066.27,20160830,9.47,1.2580160500634159,20250612,20250612,1.031331
000001.SZ,1d,2016-08-31,7.519776873691814,7.551572970409328,7.495929801153681,7.54362394622995,489746.0,463875762.93,20160831,9.49,1.2580160500634159,20250612,20250612,1.031331
000001.SZ,1d,2016-09-01,7.54362394622995,7.567471018768084,7.487980776974302,7.511827849512437,480131.0,454848634.31,20160901,9.45,1.2580160500634159,20250612,20250612,1.031331
000001.SZ,1d,2016-09-02,7.495929801153681,7.519776873691814,7.487980776974302,7.511827849512437,368796.0,348054367.10999995,20160902,9.45,1.2580160500634159,20250612,20250612,1.031331
000001.SZ,1d,2016-09-05,7.519776873691816,7.519776873691816,7.472082728615546,7.487980776974302,469936.0,443204803.58,20160905,9.42,1.2580160500634159,20250612,20250612,1.031331
000001.SZ,1d,2016-09-06,7.487980776974302,7.495929801153681,7.440286631898032,7.4800317527949245,574738.0,539813283.55,20160906,9.41,1.2580160500634159,20250612,20250612,1.031331
000001.SZ,1d,2016-09-07,7.4800317527949245,7.487980776974304,7.4482356560774114,7.472082728615546,459373.0,431984158.6100001,20160907,9.4,1.2580160500634159,20250612,20250612,1.031331
000001.SZ,1d,2016-09-08,7.4641337044361675,7.487980776974302,7.45618468025679,7.472082728615546,295218.0,277503757.8,20160908,9.4,1.2580160500634159,20250612,20250612,1.031331
000001.SZ,1d,2016-09-09,7.472082728615544,7.495929801153681,7.440286631898032,7.456184680256788,327431.0,307527271.24,20160909,9.379999999999999,1.2580160500634159,20250612,20250612,1.031331
000001.SZ,1d,2016-09-12,7.384643462642386,7.40849053518052,7.257459075772334,7.281306148310468,756581.0,697759184.1,20160912,9.16,1.2580160500634159,20250612,20250612,1.031331
000001.SZ,1d,2016-09-13,7.297204196669224,7.32105126920736,7.265408099951712,7.305153220848604,460931.0,423113832.02000004,20160913,9.190000000000001,1.2580160500634159,20250612,20250612,1.031331
000001.SZ,1d,2016-09-14,7.289255172489846,7.297204196669226,7.193866882337308,7.201815906516686,421481.0,384081266.46000004,20160914,9.06,1.2580160500634159,20250612,20250612,1.031331
000001.SZ,1d,2016-09-19,7.193866882337308,7.265408099951712,7.193866882337308,7.249510051592956,354348.0,322575925.94,20160919,9.120000000000001,1.2580160500634159,20250612,20250612,1.031331
000001.SZ,1d,2016-09-20,7.249510051592956,7.249510051592956,7.1859178581579295,7.217713954875442,436678.0,396359321.31,20160920,9.08,1.2580160500634159,20250612,20250612,1.031331
000001.SZ,1d,2016-09-21,7.217713954875442,7.233612003234199,7.17796883397855,7.217713954875442,405665.0,367767497.46,20160921,9.08,1.2580160500634159,20250612,20250612,1.031331
000001.SZ,1d,2016-09-22,7.233612003234199,7.297204196669224,7.22566297905482,7.281306148310468,494613.0,451909020.47999996,20160922,9.16,1.2580160500634159,20250612,20250612,1.031331
000001.SZ,1d,2016-09-23,7.281306148310468,7.305153220848604,7.265408099951712,7.27335712413109,288798.0,264699513.1,20160923,9.15,1.2580160500634159,20250612,20250612,1.031331
000001.SZ,1d,2016-09-26,7.257459075772334,7.257459075772334,7.1859178581579295,7.1859178581579295,439481.0,398771864.85,20160926,9.040000000000001,1.2580160500634159,20250612,20250612,1.031331
000001.SZ,1d,2016-09-27,7.185917858157929,7.209764930696064,7.162070785619794,7.201815906516686,401323.0,362769231.03,20160927,9.06,1.2580160500634159,20250612,20250612,1.031331
000001.SZ,1d,2016-09-28,7.201815906516685,7.201815906516685,7.17796883397855,7.193866882337306,271366.0,245499467.89,20160928,9.049999999999999,1.2580160500634159,20250612,20250612,1.031331
000001.SZ,1d,2016-09-29,7.193866882337308,7.217713954875442,7.193866882337308,7.201815906516686,303664.0,275239667.40999997,20160929,9.06,1.2580160500634159,20250612,20250612,1.031331
000001.SZ,1d,2016-09-30,7.201815906516686,7.2336120032341995,7.193866882337308,7.209764930696064,308084.0,279526475.64000005,20160930,9.07,1.2580160500634159,20250612,20250612,1.031331
000001.SZ,1d,2016-10-10,7.233612003234199,7.289255172489846,7.217713954875442,7.249510051592955,611381.0,557122276.5,20161010,9.12,1.2580160500634159,20250612,20250612,1.031331
000001.SZ,1d,2016-10-11,7.257459075772332,7.273357124131088,7.241561027413576,7.273357124131088,363370.0,331886515.46000004,20161011,9.149999999999999,1.2580160500634159,20250612,20250612,1.031331
000001.SZ,1d,2016-10-12,7.265408099951712,7.281306148310468,7.249510051592956,7.257459075772334,270316.0,246995531.01,20161012,9.13,1.2580160500634159,20250612,20250612,1.031331
000001.SZ,1d,2016-10-13,7.217713954875442,7.241561027413578,7.193866882337308,7.209764930696064,632367.0,574142476.2700001,20161013,9.07,1.2580160500634159,20250612,20250612,1.031331
000001.SZ,1d,2016-10-14,7.201815906516686,7.225662979054822,7.1859178581579295,7.225662979054822,335411.0,304218676.83,20161014,9.090000000000002,1.2580160500634159,20250612,20250612,1.031331
000001.SZ,1d,2016-10-17,7.217713954875442,7.22566297905482,7.17796883397855,7.193866882337306,359223.0,325582450.32,20161017,9.049999999999999,1.2580160500634159,20250612,20250612,1.031331
000001.SZ,1d,2016-10-18,7.17796883397855,7.22566297905482,7.17796883397855,7.22566297905482,593737.0,537784120.36,20161018,9.09,1.2580160500634159,20250612,20250612,1.031331
000001.SZ,1d,2016-10-19,7.22566297905482,7.241561027413578,7.193866882337308,7.217713954875442,482636.0,438299029.51,20161019,9.08,1.2580160500634159,20250612,20250612,1.031331
000001.SZ,1d,2016-10-20,7.217713954875442,7.22566297905482,7.193866882337308,7.209764930696064,342844.0,310966016.7,20161020,9.07,1.2580160500634159,20250612,20250612,1.031331
000001.SZ,1d,2016-10-21,7.217713954875442,7.257459075772334,7.201815906516686,7.257459075772334,683896.0,621549844.97,20161021,9.13,1.2580160500634159,20250612,20250612,1.031331
000001.SZ,1d,2016-10-24,7.257459075772334,7.392592486821764,7.249510051592956,7.344898341745494,915677.0,844746080.61,20161024,9.24,1.2580160500634159,20250612,20250612,1.031331
000001.SZ,1d,2016-10-25,7.352847365924872,7.36079639010425,7.297204196669224,7.321051269207358,500752.0,461542701.14000005,20161025,9.209999999999999,1.2580160500634159,20250612,20250612,1.031331
000001.SZ,1d,2016-10-26,7.329000293386738,7.329000293386738,7.257459075772334,7.27335712413109,440452.0,403750809.07000005,20161026,9.15,1.2580160500634159,20250612,20250612,1.031331
000001.SZ,1d,2016-10-27,7.281306148310468,7.289255172489847,7.249510051592956,7.281306148310468,324140.0,296216914.82,20161027,9.16,1.2580160500634159,20250612,20250612,1.031331
000001.SZ,1d,2016-10-28,7.281306148310468,7.336949317566116,7.265408099951712,7.289255172489846,541997.0,497615050.8,20161028,9.17,1.2580160500634159,20250612,20250612,1.031331
000001.SZ,1d,2016-10-31,7.27335712413109,7.281306148310468,7.22566297905482,7.27335712413109,493596.0,450148883.09,20161031,9.15,1.2580160500634159,20250612,20250612,1.031331
000001.SZ,1d,2016-11-01,7.265408099951711,7.281306148310468,7.241561027413576,7.265408099951711,525415.0,480117542.32000005,20161101,9.139999999999999,1.2580160500634159,20250612,20250612,1.031331
000001.SZ,1d,2016-11-02,7.265408099951712,7.265408099951712,7.193866882337308,7.209764930696064,633586.0,576083788.2400001,20161102,9.07,1.2580160500634159,20250612,20250612,1.031331
000001.SZ,1d,2016-11-03,7.201815906516686,7.265408099951712,7.193866882337308,7.257459075772334,616871.0,561464947.1899999,20161103,9.13,1.2580160500634159,20250612,20250612,1.031331
000001.SZ,1d,2016-11-04,7.241561027413576,7.289255172489846,7.233612003234199,7.241561027413576,508117.0,463831938.55,20161104,9.11,1.2580160500634159,20250612,20250612,1.031331
000001.SZ,1d,2016-11-07,7.233612003234199,7.249510051592956,7.209764930696064,7.249510051592956,497240.0,452447930.56000006,20161107,9.120000000000001,1.2580160500634159,20250612,20250612,1.031331
000001.SZ,1d,2016-11-08,7.249510051592955,7.27335712413109,7.233612003234199,7.27335712413109,806694.0,736747217.08,20161108,9.15,1.2580160500634159,20250612,20250612,1.031331
000001.SZ,1d,2016-11-09,7.265408099951712,7.265408099951712,7.162070785619794,7.209764930696064,722616.0,656061960.6999999,20161109,9.07,1.2580160500634159,20250612,20250612,1.031331
000001.SZ,1d,2016-11-10,7.233612003234199,7.281306148310468,7.233612003234199,7.265408099951711,631998.0,576898452.74,20161110,9.139999999999999,1.2580160500634159,20250612,20250612,1.031331
000001.SZ,1d,2016-11-11,7.265408099951711,7.297204196669224,7.241561027413576,7.297204196669224,812269.0,742969896.6100001,20161111,9.18,1.2580160500634159,20250612,20250612,1.031331
000001.SZ,1d,2016-11-14,7.281306148310468,7.352847365924872,7.281306148310468,7.329000293386738,975078.0,898058354.0100001,20161114,9.22,1.2580160500634159,20250612,20250612,1.031331
000001.SZ,1d,2016-11-15,7.313102245027981,7.344898341745494,7.297204196669224,7.336949317566116,554342.0,510596178.35,20161115,9.23,1.2580160500634159,20250612,20250612,1.031331
000001.SZ,1d,2016-11-16,7.336949317566116,7.344898341745494,7.313102245027982,7.336949317566116,415842.0,383425739.88,20161116,9.23,1.2580160500634159,20250612,20250612,1.031331
000001.SZ,1d,2016-11-17,7.329000293386737,7.329000293386737,7.297204196669224,7.321051269207358,505324.0,464611128.37,20161117,9.209999999999999,1.2580160500634159,20250612,20250612,1.031331
000001.SZ,1d,2016-11-18,7.32105126920736,7.32105126920736,7.281306148310468,7.297204196669224,517597.0,475289972.51000005,20161118,9.18,1.2580160500634159,20250612,20250612,1.031331
000001.SZ,1d,2016-11-21,7.297204196669224,7.376694438463006,7.289255172489846,7.344898341745494,850243.0,785475676.61,20161121,9.24,1.2580160500634159,20250612,20250612,1.031331
000001.SZ,1d,2016-11-22,7.344898341745494,7.440286631898034,7.336949317566116,7.440286631898034,1180256.0,1097408714.34,20161122,9.360000000000001,1.2580160500634159,20250612,20250612,1.031331
000001.SZ,1d,2016-11-23,7.424388583539276,7.599267115485598,7.424388583539276,7.511827849512437,1752869.0,1660465709.36,20161123,9.45,1.2580160500634159,20250612,20250612,1.031331
000001.SZ,1d,2016-11-24,7.503878825333058,7.567471018768084,7.487980776974302,7.527725897871194,779748.0,738580569.2900001,20161124,9.47,1.2580160500634159,20250612,20250612,1.031331
000001.SZ,1d,2016-11-25,7.535674922050572,7.646961260561868,7.519776873691816,7.646961260561868,1013674.0,968127766.3299999,20161125,9.620000000000001,1.2580160500634159,20250612,20250612,1.031331
000001.SZ,1d,2016-11-28,7.702604429817514,7.774145647431919,7.63106321220311,7.654910284741244,1279689.0,1240686233.53,20161128,9.629999999999999,1.2580160500634159,20250612,20250612,1.031331
000001.SZ,1d,2016-11-29,7.623114188023732,7.710553453996893,7.59131809130622,7.646961260561868,887779.0,854308658.4000001,20161129,9.620000000000001,1.2580160500634159,20250612,20250612,1.031331
000001.SZ,1d,2016-11-30,7.670808333100002,7.7264515023556495,7.551572970409328,7.59131809130622,1025963.0,985758449.84,20161130,9.55,1.2580160500634159,20250612,20250612,1.031331
000001.SZ,1d,2016-12-01,7.607216139664976,7.654910284741246,7.59131809130622,7.631063212203111,646004.0,619633746.85,20161201,9.600000000000001,1.2580160500634159,20250612,20250612,1.031331
000001.SZ,1d,2016-12-02,7.63106321220311,7.63106321220311,7.503878825333058,7.591318091306219,829686.0,790044441.9300001,20161202,9.549999999999999,1.2580160500634159,20250612,20250612,1.031331
000001.SZ,1d,2016-12-05,7.551572970409328,7.583369067126842,7.4800317527949245,7.519776873691816,764365.0,723222053.6400001,20161205,9.46,1.2580160500634159,20250612,20250612,1.031331
000001.SZ,1d,2016-12-06,7.535674922050572,7.567471018768086,7.5118278495124375,7.54362394622995,602902.0,571585177.5,20161206,9.49,1.2580160500634159,20250612,20250612,1.031331
000001.SZ,1d,2016-12-07,7.535674922050572,7.54362394622995,7.4800317527949245,7.535674922050572,493404.0,466085503.37,20161207,9.48,1.2580160500634159,20250612,20250612,1.031331
000001.SZ,1d,2016-12-08,7.551572970409328,7.591318091306219,7.495929801153681,7.567471018768084,671452.0,638058504.08,20161208,9.52,1.2580160500634159,20250612,20250612,1.031331
000001.SZ,1d,2016-12-09,7.551572970409328,7.750298574893784,7.535674922050572,7.670808333100002,1514199.0,1460778328.2,20161209,9.65,1.2580160500634159,20250612,20250612,1.031331
000001.SZ,1d,2016-12-12,7.670808333100002,7.76619662325254,7.503878825333058,7.551572970409328,1256874.0,1206662616.99,20161212,9.5,1.2580160500634159,20250612,20250612,1.031331
000001.SZ,1d,2016-12-13,7.535674922050572,7.551572970409328,7.416439559359898,7.487980776974302,645771.0,607769965.5799999,20161213,9.42,1.2580160500634159,20250612,20250612,1.031331
000001.SZ,1d,2016-12-14,7.487980776974302,7.559521994588706,7.472082728615546,7.472082728615546,597705.0,564787516.4599999,20161214,9.4,1.2580160500634159,20250612,20250612,1.031331
000001.SZ,1d,2016-12-15,7.4482356560774114,7.4800317527949245,7.32105126920736,7.352847365924872,827612.0,767751835.57,20161215,9.25,1.2580160500634159,20250612,20250612,1.031331
000001.SZ,1d,2016-12-16,7.344898341745494,7.384643462642386,7.32105126920736,7.352847365924872,396813.0,366925349.32000005,20161216,9.25,1.2580160500634159,20250612,20250612,1.031331
000001.SZ,1d,2016-12-19,7.329000293386738,7.336949317566116,7.289255172489846,7.313102245027981,494010.0,453899744.36,20161219,9.2,1.2580160500634159,20250612,20250612,1.031331
000001.SZ,1d,2016-12-20,7.313102245027981,7.313102245027981,7.217713954875442,7.241561027413576,636638.0,580118167.69,20161220,9.11,1.2580160500634159,20250612,20250612,1.031331
000001.SZ,1d,2016-12-21,7.249510051592955,7.281306148310468,7.241561027413576,7.281306148310468,369920.0,338201446.46000004,20161221,9.16,1.2580160500634159,20250612,20250612,1.031331
000001.SZ,1d,2016-12-22,7.273357124131088,7.281306148310468,7.241561027413576,7.265408099951711,341341.0,311546856.93,20161222,9.139999999999999,1.2580160500634159,20250612,20250612,1.031331
000001.SZ,1d,2016-12-23,7.265408099951712,7.265408099951712,7.209764930696064,7.217713954875442,382912.0,348140451.36999995,20161223,9.08,1.2580160500634159,20250612,20250612,1.031331
000001.SZ,1d,2016-12-26,7.201815906516685,7.257459075772332,7.1700198097991725,7.249510051592955,302058.0,273934287.19,20161226,9.12,1.2580160500634159,20250612,20250612,1.031331
000001.SZ,1d,2016-12-27,7.249510051592956,7.257459075772334,7.209764930696064,7.217713954875442,268841.0,244788273.85999998,20161227,9.08,1.2580160500634159,20250612,20250612,1.031331
000001.SZ,1d,2016-12-28,7.217713954875442,7.241561027413578,7.1859178581579295,7.201815906516686,336055.0,304898614.02,20161228,9.06,1.2580160500634159,20250612,20250612,1.031331
000001.SZ,1d,2016-12-29,7.209764930696064,7.22566297905482,7.193866882337308,7.217713954875442,338758.0,307183503.28,20161229,9.08,1.2580160500634159,20250612,20250612,1.031331
000001.SZ,1d,2016-12-30,7.217713954875442,7.233612003234199,7.201815906516686,7.233612003234199,302607.0,274882698.47,20161230,9.1,1.2580160500634159,20250612,20250612,1.031331
000001.SZ,1d,2017-01-03,7.241561027413576,7.297204196669224,7.22566297905482,7.281306148310468,459840.0,420595176.46000004,20170103,9.16,1.2580160500634159,20250612,20250612,1.031331
000001.SZ,1d,2017-01-04,7.27335712413109,7.297204196669224,7.265408099951712,7.281306148310468,449329.0,411503444.03,20170104,9.16,1.2580160500634159,20250612,20250612,1.031331
000001.SZ,1d,2017-01-05,7.289255172489846,7.297204196669224,7.27335712413109,7.289255172489846,344372.0,315769693.5,20170105,9.17,1.2580160500634159,20250612,20250612,1.031331
000001.SZ,1d,2017-01-06,7.289255172489846,7.289255172489846,7.241561027413576,7.257459075772332,358154.0,327176433.93,20170106,9.129999999999999,1.2580160500634159,20250612,20250612,1.031331
000001.SZ,1d,2017-01-09,7.257459075772332,7.289255172489846,7.241561027413576,7.273357124131088,361081.0,329994604.0,20170109,9.149999999999999,1.2580160500634159,20250612,20250612,1.031331
000001.SZ,1d,2017-01-10,7.27335712413109,7.281306148310468,7.265408099951712,7.27335712413109,241053.0,220575131.96,20170110,9.15,1.2580160500634159,20250612,20250612,1.031331
000001.SZ,1d,2017-01-11,7.265408099951712,7.289255172489846,7.257459075772334,7.265408099951712,303430.0,277553207.26000005,20170111,9.14,1.2580160500634159,20250612,20250612,1.031331
000001.SZ,1d,2017-01-12,7.257459075772334,7.289255172489846,7.257459075772334,7.27335712413109,428006.0,391869402.76,20170112,9.15,1.2580160500634159,20250612,20250612,1.031331
000001.SZ,1d,2017-01-13,7.265408099951712,7.305153220848604,7.249510051592956,7.281306148310468,434301.0,397601906.25,20170113,9.16,1.2580160500634159,20250612,20250612,1.031331
000001.SZ,1d,2017-01-16,7.27335712413109,7.281306148310468,7.209764930696064,7.265408099951712,683165.0,623025820.2700001,20170116,9.14,1.2580160500634159,20250612,20250612,1.031331
000001.SZ,1d,2017-01-17,7.249510051592955,7.281306148310468,7.233612003234199,7.27335712413109,545552.0,498179703.17,20170117,9.15,1.2580160500634159,20250612,20250612,1.031331
000001.SZ,1d,2017-01-18,7.265408099951712,7.305153220848604,7.257459075772334,7.289255172489846,574269.0,526426595.69000006,20170118,9.17,1.2580160500634159,20250612,20250612,1.031331
000001.SZ,1d,2017-01-19,7.27335712413109,7.344898341745494,7.27335712413109,7.297204196669224,437712.0,402445639.34,20170119,9.18,1.2580160500634159,20250612,20250612,1.031331
000001.SZ,1d,2017-01-20,7.289255172489846,7.336949317566116,7.289255172489846,7.329000293386738,393328.0,361865155.13000005,20170120,9.22,1.2580160500634159,20250612,20250612,1.031331
000001.SZ,1d,2017-01-23,7.329000293386738,7.360796390104252,7.313102245027982,7.329000293386738,420299.0,388019072.55999994,20170123,9.22,1.2580160500634159,20250612,20250612,1.031331
000001.SZ,1d,2017-01-24,7.336949317566116,7.376694438463008,7.313102245027982,7.368745414283629,470244.0,434787729.13000005,20170124,9.270000000000001,1.2580160500634159,20250612,20250612,1.031331
000001.SZ,1d,2017-01-25,7.368745414283628,7.376694438463006,7.352847365924872,7.36079639010425,304401.0,281976294.07000005,20170125,9.26,1.2580160500634159,20250612,20250612,1.031331
000001.SZ,1d,2017-01-26,7.368745414283628,7.424388583539276,7.36079639010425,7.416439559359898,420712.0,391844286.24,20170126,9.33,1.2580160500634159,20250612,20250612,1.031331
000001.SZ,1d,2017-02-03,7.424388583539276,7.440286631898034,7.336949317566116,7.36079639010425,315472.0,292617943.26000005,20170203,9.26,1.2580160500634159,20250612,20250612,1.031331
000001.SZ,1d,2017-02-06,7.36079639010425,7.40849053518052,7.36079639010425,7.400541511001142,516786.0,480441331.03999996,20170206,9.31,1.2580160500634159,20250612,20250612,1.031331
000001.SZ,1d,2017-02-07,7.4005415110011405,7.40849053518052,7.368745414283628,7.392592486821762,396884.0,368755274.2,20170207,9.299999999999999,1.2580160500634159,20250612,20250612,1.031331
000001.SZ,1d,2017-02-08,7.384643462642386,7.392592486821764,7.344898341745494,7.392592486821764,360272.0,333975401.82000005,20170208,9.3,1.2580160500634159,20250612,20250612,1.031331
000001.SZ,1d,2017-02-09,7.392592486821762,7.416439559359898,7.376694438463006,7.4005415110011405,342855.0,319201023.28000003,20170209,9.309999999999999,1.2580160500634159,20250612,20250612,1.031331
000001.SZ,1d,2017-02-10,7.40849053518052,7.440286631898034,7.400541511001142,7.416439559359898,482743.0,450701345.31000006,20170210,9.33,1.2580160500634159,20250612,20250612,1.031331
000001.SZ,1d,2017-02-13,7.424388583539276,7.503878825333058,7.416439559359898,7.4800317527949245,638364.0,599951024.32,20170213,9.41,1.2580160500634159,20250612,20250612,1.031331
000001.SZ,1d,2017-02-14,7.4800317527949245,7.487980776974304,7.4482356560774114,7.472082728615546,362404.0,340318431.40000004,20170214,9.4,1.2580160500634159,20250612,20250612,1.031331
000001.SZ,1d,2017-02-15,7.472082728615546,7.583369067126842,7.4641337044361675,7.5118278495124375,756613.0,716759655.28,20170215,9.450000000000001,1.2580160500634159,20250612,20250612,1.031331
000001.SZ,1d,2017-02-16,7.511827849512437,7.551572970409328,7.487980776974302,7.519776873691814,411161.0,388636225.1999999,20170216,9.459999999999999,1.2580160500634159,20250612,20250612,1.031331
000001.SZ,1d,2017-02-17,7.519776873691816,7.54362394622995,7.4482356560774114,7.4641337044361675,423774.0,400161795.09,20170217,9.39,1.2580160500634159,20250612,20250612,1.031331
000001.SZ,1d,2017-02-20,7.472082728615546,7.615165163844354,7.472082728615546,7.599267115485598,898755.0,855710805.5000001,20170220,9.56,1.2580160500634159,20250612,20250612,1.031331
000001.SZ,1d,2017-02-21,7.59131809130622,7.646961260561868,7.583369067126842,7.607216139664976,646584.0,618761069.26,20170221,9.57,1.2580160500634159,20250612,20250612,1.031331
000001.SZ,1d,2017-02-22,7.607216139664976,7.607216139664976,7.551572970409328,7.607216139664976,462966.0,441528339.71,20170222,9.57,1.2580160500634159,20250612,20250612,1.031331
000001.SZ,1d,2017-02-23,7.59131809130622,7.607216139664976,7.535674922050572,7.559521994588706,335327.0,319293836.59,20170223,9.51,1.2580160500634159,20250612,20250612,1.031331
000001.SZ,1d,2017-02-24,7.551572970409328,7.583369067126842,7.535674922050572,7.551572970409328,332500.0,316020789.4,20170224,9.5,1.2580160500634159,20250612,20250612,1.031331
000001.SZ,1d,2017-02-27,7.551572970409328,7.551572970409328,7.487980776974302,7.495929801153681,407341.0,384781015.65000004,20170227,9.43,1.2580160500634159,20250612,20250612,1.031331
000001.SZ,1d,2017-02-28,7.495929801153681,7.559521994588706,7.487980776974302,7.535674922050572,369719.0,350366892.5,20170228,9.48,1.2580160500634159,20250612,20250612,1.031331
000001.SZ,1d,2017-03-01,7.54362394622995,7.59131809130622,7.527725897871194,7.54362394622995,346993.0,330157963.40000004,20170301,9.49,1.2580160500634159,20250612,20250612,1.031331
000001.SZ,1d,2017-03-02,7.559521994588706,7.58336906712684,7.487980776974302,7.495929801153681,403628.0,382395883.84000003,20170302,9.43,1.2580160500634159,20250612,20250612,1.031331
000001.SZ,1d,2017-03-03,7.4800317527949245,7.495929801153681,7.440286631898032,7.472082728615544,342655.0,321952549.22,20170303,9.399999999999999,1.2580160500634159,20250612,20250612,1.031331
000001.SZ,1d,2017-03-06,7.472082728615546,7.519776873691816,7.4641337044361675,7.5118278495124375,404511.0,381212304.19000006,20170306,9.450000000000001,1.2580160500634159,20250612,20250612,1.031331
000001.SZ,1d,2017-03-07,7.503878825333058,7.519776873691816,7.472082728615546,7.5118278495124375,294672.0,277747415.4200001,20170307,9.450000000000001,1.2580160500634159,20250612,20250612,1.031331
000001.SZ,1d,2017-03-08,7.495929801153681,7.5118278495124375,7.472082728615546,7.487980776974302,244438.0,230425150.54000002,20170308,9.42,1.2580160500634159,20250612,20250612,1.031331
000001.SZ,1d,2017-03-09,7.4800317527949245,7.495929801153681,7.440286631898032,7.456184680256788,378169.0,354813687.5,20170309,9.379999999999999,1.2580160500634159,20250612,20250612,1.031331
000001.SZ,1d,2017-03-10,7.456184680256788,7.4800317527949245,7.440286631898032,7.472082728615544,390182.0,366140052.24,20170310,9.399999999999999,1.2580160500634159,20250612,20250612,1.031331
000001.SZ,1d,2017-03-13,7.4641337044361675,7.5118278495124375,7.4482356560774114,7.50387882533306,545304.0,513148481.04,20170313,9.440000000000001,1.2580160500634159,20250612,20250612,1.031331
000001.SZ,1d,2017-03-14,7.495929801153681,7.519776873691816,7.4800317527949245,7.503878825333058,404484.0,381594066.95,20170314,9.44,1.2580160500634159,20250612,20250612,1.031331
000001.SZ,1d,2017-03-15,7.487980776974302,7.535674922050572,7.487980776974302,7.535674922050572,546560.0,515943748.1,20170315,9.48,1.2580160500634159,20250612,20250612,1.031331
000001.SZ,1d,2017-03-16,7.535674922050572,7.575420042947464,7.5118278495124375,7.567471018768086,635953.0,603450064.0699999,20170316,9.520000000000001,1.2580160500634159,20250612,20250612,1.031331
000001.SZ,1d,2017-03-17,7.5118278495124375,7.519776873691816,7.392592486821764,7.400541511001142,1583647.0,1482736995.3700001,20170317,9.31,1.2580160500634159,20250612,20250612,1.031331
000001.SZ,1d,2017-03-20,7.384643462642386,7.400541511001142,7.329000293386738,7.352847365924872,715021.0,661887015.08,20170320,9.25,1.2580160500634159,20250612,20250612,1.031331
000001.SZ,1d,2017-03-21,7.352847365924873,7.360796390104252,7.313102245027982,7.344898341745494,554648.0,511914333.09000003,20170321,9.24,1.2580160500634159,20250612,20250612,1.031331
000001.SZ,1d,2017-03-22,7.313102245027982,7.329000293386738,7.265408099951712,7.281306148310468,566123.0,519331026.2700001,20170322,9.16,1.2580160500634159,20250612,20250612,1.031331
000001.SZ,1d,2017-03-23,7.281306148310468,7.344898341745494,7.27335712413109,7.313102245027982,433588.0,398986562.09000003,20170323,9.200000000000001,1.2580160500634159,20250612,20250612,1.031331
000001.SZ,1d,2017-03-24,7.313102245027981,7.344898341745494,7.281306148310468,7.305153220848602,710827.0,653533829.8800001,20170324,9.19,1.2580160500634159,20250612,20250612,1.031331
000001.SZ,1d,2017-03-27,7.249510051592955,7.305153220848602,7.217713954875442,7.265408099951712,985012.0,900094460.9200001,20170327,9.14,1.2580160500634159,20250612,20250612,1.031331
000001.SZ,1d,2017-03-28,7.281306148310468,7.289255172489846,7.233612003234199,7.249510051592955,481372.0,439405816.17,20170328,9.12,1.2580160500634159,20250612,20250612,1.031331
000001.SZ,1d,2017-03-29,7.257459075772332,7.27335712413109,7.22566297905482,7.241561027413576,601140.0,548060692.96,20170329,9.11,1.2580160500634159,20250612,20250612,1.031331
000001.SZ,1d,2017-03-30,7.249510051592956,7.249510051592956,7.201815906516686,7.217713954875442,687285.0,623995512.84,20170330,9.08,1.2580160500634159,20250612,20250612,1.031331
000001.SZ,1d,2017-03-31,7.217713954875442,7.297204196669224,7.217713954875442,7.289255172489846,633121.0,578579035.11,20170331,9.17,1.2580160500634159,20250612,20250612,1.031331
000001.SZ,1d,2017-04-05,7.281306148310468,7.329000293386738,7.27335712413109,7.32105126920736,499150.0,458567834.2,20170405,9.21,1.2580160500634159,20250612,20250612,1.031331
000001.SZ,1d,2017-04-06,7.313102245027981,7.329000293386738,7.289255172489846,7.313102245027981,434391.0,399118983.36,20170406,9.2,1.2580160500634159,20250612,20250612,1.031331
000001.SZ,1d,2017-04-07,7.305153220848602,7.329000293386738,7.289255172489846,7.313102245027981,514844.0,473366404.45000005,20170407,9.2,1.2580160500634159,20250612,20250612,1.031331
000001.SZ,1d,2017-04-10,7.313102245027981,7.321051269207358,7.289255172489846,7.297204196669224,401343.0,368682024.90000004,20170410,9.18,1.2580160500634159,20250612,20250612,1.031331
000001.SZ,1d,2017-04-11,7.289255172489846,7.305153220848602,7.22566297905482,7.27335712413109,612437.0,560304072.91,20170411,9.15,1.2580160500634159,20250612,20250612,1.031331
000001.SZ,1d,2017-04-12,7.281306148310468,7.289255172489846,7.233612003234199,7.249510051592955,455336.0,416101249.02,20170412,9.12,1.2580160500634159,20250612,20250612,1.031331
000001.SZ,1d,2017-04-13,7.241561027413576,7.265408099951711,7.233612003234199,7.249510051592955,357442.0,325949861.06,20170413,9.12,1.2580160500634159,20250612,20250612,1.031331
000001.SZ,1d,2017-04-14,7.241561027413578,7.249510051592956,7.201815906516686,7.217713954875442,490500.0,445637458.07,20170414,9.08,1.2580160500634159,20250612,20250612,1.031331
000001.SZ,1d,2017-04-17,7.217713954875442,7.241561027413578,7.193866882337308,7.2336120032341995,531892.0,483130499.71999997,20170417,9.100000000000001,1.2580160500634159,20250612,20250612,1.031331
000001.SZ,1d,2017-04-18,7.22566297905482,7.2336120032341995,7.193866882337308,7.193866882337308,335376.0,304162860.29,20170418,9.05,1.2580160500634159,20250612,20250612,1.031331
000001.SZ,1d,2017-04-19,7.177968833978552,7.1859178581579295,7.074631519646634,7.082580543826012,799668.0,714963673.1400001,20170419,8.91,1.2580160500634159,20250612,20250612,1.031331
000001.SZ,1d,2017-04-20,7.074631519646634,7.106427616364147,7.066682495467256,7.09052956800539,437629.0,390063543.84000003,20170420,8.92,1.2580160500634159,20250612,20250612,1.031331
000001.SZ,1d,2017-04-21,7.09052956800539,7.146172737261038,7.074631519646634,7.130274688902282,325408.0,291126076.24,20170421,8.97,1.2580160500634159,20250612,20250612,1.031331
000001.SZ,1d,2017-04-24,7.130274688902282,7.13822371308166,7.066682495467256,7.098478592184768,394995.0,352926394.67,20170424,8.93,1.2580160500634159,20250612,20250612,1.031331
000001.SZ,1d,2017-04-25,7.098478592184768,7.162070785619794,7.098478592184768,7.1541217614404164,377933.0,339230143.96999997,20170425,9.0,1.2580160500634159,20250612,20250612,1.031331
000001.SZ,1d,2017-04-26,7.1541217614404164,7.162070785619796,7.122325664722903,7.146172737261038,382147.0,343316092.51000005,20170426,8.99,1.2580160500634159,20250612,20250612,1.031331
000001.SZ,1d,2017-04-27,7.130274688902282,7.13822371308166,7.082580543826012,7.130274688902282,387392.0,346186989.88,20170427,8.97,1.2580160500634159,20250612,20250612,1.031331
000001.SZ,1d,2017-04-28,7.1223256647229025,7.146172737261038,7.09052956800539,7.146172737261038,286446.0,256106698.72,20170428,8.99,1.2580160500634159,20250612,20250612,1.031331
000001.SZ,1d,2017-05-02,7.122325664722903,7.122325664722903,7.074631519646634,7.106427616364146,311026.0,277665881.67,20170502,8.94,1.2580160500634159,20250612,20250612,1.031331
000001.SZ,1d,2017-05-03,7.09052956800539,7.098478592184768,7.066682495467256,7.082580543826012,280310.0,249660877.22,20170503,8.91,1.2580160500634159,20250612,20250612,1.031331
000001.SZ,1d,2017-05-04,7.066682495467256,7.066682495467256,6.931549084417826,6.947447132776582,696517.0,613783434.3100001,20170504,8.74,1.2580160500634159,20250612,20250612,1.031331
000001.SZ,1d,2017-05-05,6.947447132776582,6.963345181135338,6.82026274590653,6.8600078668034215,623700.0,539541739.86,20170505,8.63,1.2580160500634159,20250612,20250612,1.031331
000001.SZ,1d,2017-05-08,6.836160794265288,6.852058842624044,6.788466649189018,6.812313721727152,460089.0,394424117.19,20170508,8.57,1.2580160500634159,20250612,20250612,1.031331
000001.SZ,1d,2017-05-09,6.804364697547774,6.8679568909828,6.796415673368396,6.8679568909828,324194.0,279119676.49,20170509,8.64,1.2580160500634159,20250612,20250612,1.031331
000001.SZ,1d,2017-05-10,6.8600078668034215,6.995141277852852,6.852058842624044,6.891803963520935,573077.0,498675307.83000004,20170510,8.670000000000002,1.2580160500634159,20250612,20250612,1.031331
000001.SZ,1d,2017-05-11,6.875905915162178,6.931549084417824,6.836160794265286,6.915651036059068,503643.0,436444282.31000006,20170511,8.7,1.2580160500634159,20250612,20250612,1.031331
000001.SZ,1d,2017-05-12,6.899752987700312,7.074631519646634,6.8679568909828,7.074631519646634,917968.0,809131900.1400001,20170512,8.9,1.2580160500634159,20250612,20250612,1.031331
000001.SZ,1d,2017-05-15,7.066682495467256,7.114376640543526,7.00309030203223,7.042835422929122,536578.0,476417671.71999997,20170515,8.860000000000001,1.2580160500634159,20250612,20250612,1.031331
000001.SZ,1d,2017-05-16,7.026937374570364,7.034886398749742,6.939498108597204,7.026937374570364,524872.0,461069300.97,20170516,8.84,1.2580160500634159,20250612,20250612,1.031331
000001.SZ,1d,2017-05-17,7.00309030203223,7.00309030203223,6.95539615695596,6.971294205314717,417338.0,365987542.61,20170517,8.77,1.2580160500634159,20250612,20250612,1.031331
000001.SZ,1d,2017-05-18,6.931549084417826,6.9712942053147176,6.9236000602384475,6.939498108597204,227401.0,198765579.76000002,20170518,8.73,1.2580160500634159,20250612,20250612,1.031331
000001.SZ,1d,2017-05-19,6.947447132776582,6.963345181135338,6.899752987700312,6.907702011879691,294270.0,256396867.64000002,20170519,8.69,1.2580160500634159,20250612,20250612,1.031331
000001.SZ,1d,2017-05-22,6.899752987700312,6.939498108597203,6.8441098184446645,6.899752987700312,679120.0,588546725.07,20170522,8.68,1.2580160500634159,20250612,20250612,1.031331
000001.SZ,1d,2017-05-23,6.8918039635209345,7.026937374570364,6.8679568909828,6.987192253673474,800040.0,702123772.9800001,20170523,8.790000000000001,1.2580160500634159,20250612,20250612,1.031331
000001.SZ,1d,2017-05-24,6.979243229494094,7.018988350390986,6.899752987700312,7.00309030203223,532376.0,466560635.92,20170524,8.81,1.2580160500634159,20250612,20250612,1.031331
000001.SZ,1d,2017-05-25,6.987192253673473,7.265408099951711,6.979243229494094,7.233612003234199,1621543.0,1462763018.52,20170525,9.1,1.2580160500634159,20250612,20250612,1.031331
000001.SZ,1d,2017-05-26,7.217713954875442,7.257459075772334,7.1859178581579295,7.2336120032341995,895365.0,813387170.15,20170526,9.100000000000001,1.2580160500634159,20250612,20250612,1.031331
000001.SZ,1d,2017-05-31,7.233612003234199,7.336949317566116,7.201815906516686,7.313102245027982,1033210.0,948741889.7,20170531,9.200000000000001,1.2580160500634159,20250612,20250612,1.031331
000001.SZ,1d,2017-06-01,7.313102245027982,7.336949317566116,7.249510051592956,7.305153220848604,566182.0,519544675.84,20170601,9.190000000000001,1.2580160500634159,20250612,20250612,1.031331
000001.SZ,1d,2017-06-02,7.297204196669224,7.384643462642386,7.265408099951712,7.289255172489846,770757.0,710119498.0999999,20170602,9.17,1.2580160500634159,20250612,20250612,1.031331
000001.SZ,1d,2017-06-05,7.257459075772334,7.289255172489846,7.146172737261038,7.17796883397855,634132.0,573460396.83,20170605,9.03,1.2580160500634159,20250612,20250612,1.031331
000001.SZ,1d,2017-06-06,7.162070785619794,7.201815906516686,7.146172737261038,7.1859178581579295,355341.0,320520904.30999994,20170606,9.040000000000001,1.2580160500634159,20250612,20250612,1.031331
000001.SZ,1d,2017-06-07,7.1700198097991725,7.27335712413109,7.162070785619794,7.257459075772332,645723.0,587357671.1600001,20170607,9.129999999999999,1.2580160500634159,20250612,20250612,1.031331
000001.SZ,1d,2017-06-08,7.241561027413576,7.27335712413109,7.217713954875442,7.257459075772334,383004.0,348860774.29999995,20170608,9.13,1.2580160500634159,20250612,20250612,1.031331
000001.SZ,1d,2017-06-09,7.27335712413109,7.329000293386738,7.249510051592956,7.27335712413109,685468.0,628281688.31,20170609,9.15,1.2580160500634159,20250612,20250612,1.031331
000001.SZ,1d,2017-06-12,7.27335712413109,7.305153220848602,7.233612003234199,7.241561027413576,504578.0,461493689.83,20170612,9.11,1.2580160500634159,20250612,20250612,1.031331
000001.SZ,1d,2017-06-13,7.241561027413578,7.265408099951712,7.193866882337308,7.249510051592956,448434.0,407876695.89000005,20170613,9.120000000000001,1.2580160500634159,20250612,20250612,1.031331
000001.SZ,1d,2017-06-14,7.249510051592956,7.257459075772334,7.1859178581579295,7.217713954875442,375444.0,340596135.74,20170614,9.08,1.2580160500634159,20250612,20250612,1.031331
000001.SZ,1d,2017-06-15,7.217713954875442,7.217713954875442,7.17796883397855,7.185917858157929,337797.0,305610500.17,20170615,9.04,1.2580160500634159,20250612,20250612,1.031331
000001.SZ,1d,2017-06-16,7.185917858157929,7.217713954875442,7.162070785619794,7.1700198097991725,285991.0,258559005.29,20170616,9.02,1.2580160500634159,20250612,20250612,1.031331
000001.SZ,1d,2017-06-19,7.17796883397855,7.27335712413109,7.1700198097991725,7.257459075772332,489704.0,446000772.99,20170619,9.129999999999999,1.2580160500634159,20250612,20250612,1.031331
000001.SZ,1d,2017-06-20,7.249510051592955,7.281306148310468,7.22566297905482,7.249510051592955,313615.0,286053883.71000004,20170620,9.12,1.2580160500634159,20250612,20250612,1.031331
000001.SZ,1d,2017-06-21,7.289255172489846,7.297204196669224,7.241561027413576,7.273357124131088,496932.0,454488888.04,20170621,9.149999999999999,1.2580160500634159,20250612,20250612,1.031331
000001.SZ,1d,2017-06-22,7.27335712413109,7.472082728615546,7.265408099951712,7.352847365924872,1426958.0,1325210564.6399999,20170622,9.25,1.2580160500634159,20250612,20250612,1.031331
000001.SZ,1d,2017-06-23,7.336949317566116,7.368745414283628,7.281306148310468,7.352847365924872,584004.0,538303574.27,20170623,9.25,1.2580160500634159,20250612,20250612,1.031331
000001.SZ,1d,2017-06-26,7.36079639010425,7.472082728615546,7.36079639010425,7.392592486821762,710769.0,663762850.0400001,20170626,9.299999999999999,1.2580160500634159,20250612,20250612,1.031331
000001.SZ,1d,2017-06-27,7.392592486821762,7.464133704436167,7.368745414283628,7.440286631898032,546016.0,509162008.98,20170627,9.36,1.2580160500634159,20250612,20250612,1.031331
000001.SZ,1d,2017-06-28,7.4323376077186545,7.54362394622995,7.416439559359898,7.495929801153681,1168796.0,1102438099.9,20170628,9.43,1.2580160500634159,20250612,20250612,1.031331
000001.SZ,1d,2017-06-29,7.4959298011536815,7.5118278495124375,7.4482356560774114,7.4959298011536815,488804.0,459810415.61999995,20170629,9.430000000000001,1.2580160500634159,20250612,20250612,1.031331
000001.SZ,1d,2017-06-30,7.472082728615546,7.495929801153681,7.400541511001142,7.4641337044361675,499633.0,468003516.71999997,20170630,9.39,1.2580160500634159,20250612,20250612,1.031331
000001.SZ,1d,2017-07-03,7.472082728615546,7.495929801153681,7.424388583539276,7.472082728615546,388349.0,364465847.32,20170703,9.4,1.2580160500634159,20250612,20250612,1.031331
000001.SZ,1d,2017-07-04,7.472082728615546,7.4800317527949245,7.392592486821764,7.424388583539276,488362.0,456577021.24999994,20170704,9.34,1.2580160500634159,20250612,20250612,1.031331
000001.SZ,1d,2017-07-05,7.3846434626423845,7.456184680256788,7.368745414283628,7.448235656077411,567720.0,529294114.23999995,20170705,9.37,1.2580160500634159,20250612,20250612,1.031331
000001.SZ,1d,2017-07-06,7.440286631898034,7.4800317527949245,7.400541511001142,7.472082728615546,738911.0,691387184.15,20170706,9.4,1.2580160500634159,20250612,20250612,1.031331
000001.SZ,1d,2017-07-07,7.448235656077411,7.535674922050572,7.424388583539276,7.527725897871194,760369.0,717084352.1800001,20170707,9.47,1.2580160500634159,20250612,20250612,1.031331
000001.SZ,1d,2017-07-10,7.511827849512437,7.67875735727938,7.503878825333058,7.623114188023732,1360815.0,1303090005.3600001,20170710,9.59,1.2580160500634159,20250612,20250612,1.031331
000001.SZ,1d,2017-07-11,7.639012236382488,8.314679291629638,7.639012236382488,8.147749783862697,3812086.0,3842010171.29,20170711,10.25,1.2580160500634159,20250612,20250612,1.031331
000001.SZ,1d,2017-07-12,8.163647832221454,8.41006758178218,8.108004662965806,8.219291001477101,2998844.0,3113681338.88,20170712,10.340000000000002,1.2580160500634159,20250612,20250612,1.031331
000001.SZ,1d,2017-07-13,8.187494904759587,8.664436355522282,8.139800759683318,8.664436355522282,2994534.0,3180144566.46,20170713,10.9,1.2580160500634159,20250612,20250612,1.031331
000001.SZ,1d,2017-07-14,8.592895137907878,8.696232452239794,8.473659775217204,8.664436355522282,1722570.0,1864449201.5,20170714,10.9,1.2580160500634159,20250612,20250612,1.031331
000001.SZ,1d,2017-07-17,8.704181476419175,9.006244395235546,8.521353920293475,8.592895137907878,3273123.0,3608692279.05,20170717,10.81,1.2580160500634159,20250612,20250612,1.031331
000001.SZ,1d,2017-07-18,8.54520099283161,8.85521293582736,8.441863678499692,8.783671718212956,2349431.0,2558433986.13,20170718,11.05,1.2580160500634159,20250612,20250612,1.031331
000001.SZ,1d,2017-07-19,8.735977573136687,8.894958056724251,8.648538307163525,8.81546781493047,1933075.0,2131336294.18,20170719,11.090000000000002,1.2580160500634159,20250612,20250612,1.031331
000001.SZ,1d,2017-07-20,8.80751879075109,8.918805129262386,8.67238537970166,8.72007952477793,1537338.0,1695060974.17,20170720,10.97,1.2580160500634159,20250612,20250612,1.031331
000001.SZ,1d,2017-07-21,8.73621193421657,8.833012066451657,8.62327844660897,8.784612000334112,1501020.0,1625416436.89,20170721,10.889999999999999,1.239667728020977,20250612,20250612,1.031331
000001.SZ,1d,2017-07-24,8.728145256530313,8.921745521000487,8.655545157353998,8.833012066451658,1692664.0,1846886678.93,20170724,10.950000000000001,1.239667728020977,20250612,20250612,1.031331
000001.SZ,1d,2017-07-25,8.857212099510429,9.091145752411888,8.833012066451658,8.873345454882944,1954768.0,2172114597.09,20170725,11.000000000000002,1.239667728020977,20250612,20250612,1.031331
000001.SZ,1d,2017-07-26,8.808812033392885,9.018545653235572,8.599078413550197,8.663611835040255,1697412.0,1846282151.7699997,20170726,10.74,1.239667728020977,20250612,20250612,1.031331
000001.SZ,1d,2017-07-27,8.64747847966774,8.687811868099027,8.494211603628854,8.542611669746396,1194490.0,1273888886.18,20170727,10.59,1.239667728020977,20250612,20250612,1.031331
000001.SZ,1d,2017-07-28,8.558745025118911,8.720078578844056,8.53454499206014,8.663611835040255,819195.0,877769279.49,20170728,10.74,1.239667728020977,20250612,20250612,1.031331
000001.SZ,1d,2017-07-31,8.7120119011578,8.728145256530313,8.429678182138797,8.607145091236456,1575864.0,1671814035.24,20170731,10.670000000000002,1.239667728020977,20250612,20250612,1.031331
000001.SZ,1d,2017-08-01,8.582945058177682,8.937878876373,8.550678347432655,8.905612165627971,2035709.0,2222887933.96,20170801,11.04,1.239667728020977,20250612,20250612,1.031331
000001.SZ,1d,2017-08-02,8.91367884331423,9.14761249621569,8.841078744137915,8.994345620176802,2062069.0,2307726682.9399996,20170802,11.15,1.239667728020977,20250612,20250612,1.031331
000001.SZ,1d,2017-08-03,8.986278942490545,9.050812363980603,8.849145421824172,8.8814121325692,984219.0,1090954131.84,20170803,11.01,1.239667728020977,20250612,20250612,1.031331
000001.SZ,1d,2017-08-04,8.873345454882942,9.107279107784402,8.816878711079143,9.010478975549315,1353951.0,1511389828.31,20170804,11.17,1.239667728020977,20250612,20250612,1.031331
000001.SZ,1d,2017-08-07,8.921745521000487,9.010478975549315,8.792678678020371,8.873345454882942,860644.0,946975699.5600001,20170807,11.0,1.239667728020977,20250612,20250612,1.031331
000001.SZ,1d,2017-08-08,8.873345454882942,8.962078909431773,8.800745355706628,8.91367884331423,689567.0,758872028.53,20170808,11.05,1.239667728020977,20250612,20250612,1.031331
000001.SZ,1d,2017-08-09,8.841078744137914,8.889478810255458,8.615211768922713,8.655545157353998,1042321.0,1126512107.8200002,20170809,10.73,1.239667728020977,20250612,20250612,1.031331
000001.SZ,1d,2017-08-10,8.631345124295228,8.728145256530313,8.502278281315112,8.56681170280517,959879.0,1026676005.5000001,20170810,10.620000000000001,1.239667728020977,20250612,20250612,1.031331
000001.SZ,1d,2017-08-11,8.453878215197568,8.502278281315112,8.058611008570963,8.082811041629736,2440643.0,2501779371.25,20170811,10.02,1.239667728020977,20250612,20250612,1.031331
000001.SZ,1d,2017-08-14,8.171544496178566,8.268344628413653,8.098944397002251,8.24414459535488,1157664.0,1175479138.54,20170814,10.22,1.239667728020977,20250612,20250612,1.031331
000001.SZ,1d,2017-08-15,8.260277950727394,8.47807824825634,8.236077917668624,8.316744694531195,1075162.0,1116749994.49,20170815,10.31,1.239667728020977,20250612,20250612,1.031331
000001.SZ,1d,2017-08-16,8.300611339158682,8.36514476064874,8.18767785155108,8.340944727589966,756806.0,778517621.68,20170816,10.34,1.239667728020977,20250612,20250612,1.031331
000001.SZ,1d,2017-08-17,8.349011405276224,8.405478149080025,8.300611339158682,8.405478149080025,553642.0,573093949.61,20170817,10.420000000000002,1.239667728020977,20250612,20250612,1.031331
000001.SZ,1d,2017-08-18,8.357078082962483,8.550678347432655,8.300611339158682,8.421611504452539,616520.0,643188717.2099999,20170818,10.440000000000001,1.239667728020977,20250612,20250612,1.031331
000001.SZ,1d,2017-08-21,8.413544826766282,8.486144925942597,8.381278116021253,8.437744859825054,399154.0,417653110.84999996,20170821,10.46,1.239667728020977,20250612,20250612,1.031331
000001.SZ,1d,2017-08-22,8.453878215197568,8.599078413550197,8.36514476064874,8.59101173586394,875681.0,922881865.79,20170822,10.65,1.239667728020977,20250612,20250612,1.031331
000001.SZ,1d,2017-08-23,8.574878380491425,8.857212099510429,8.542611669746396,8.792678678020371,1319151.0,1430051908.04,20170823,10.9,1.239667728020977,20250612,20250612,1.031331
000001.SZ,1d,2017-08-24,8.784612000334114,8.962078909431773,8.744278611902827,8.816878711079143,924248.0,1014933651.98,20170824,10.93,1.239667728020977,20250612,20250612,1.031331
000001.SZ,1d,2017-08-25,8.8249453887654,9.010478975549315,8.792678678020371,8.962078909431773,963940.0,1068994547.06,20170825,11.110000000000001,1.239667728020977,20250612,20250612,1.031331
000001.SZ,1d,2017-08-28,8.954012231745516,9.308946049940833,8.954012231745516,9.155679173901946,1603938.0,1828380086.0000002,20170828,11.35,1.239667728020977,20250612,20250612,1.031331
000001.SZ,1d,2017-08-29,9.115345785470659,9.470279603665977,9.099212430098145,9.413812859862176,1357983.0,1569230034.16,20170829,11.67,1.239667728020977,20250612,20250612,1.031331
000001.SZ,1d,2017-08-30,9.421879537548433,9.438012892920948,9.155679173901946,9.220212595392002,1096674.0,1264128140.6799998,20170830,11.43,1.239667728020977,20250612,20250612,1.031331
000001.SZ,1d,2017-08-31,9.187945884646975,9.228279273078261,8.994345620176802,9.099212430098147,1151786.0,1297730595.7200003,20170831,11.280000000000001,1.239667728020977,20250612,20250612,1.031331
000001.SZ,1d,2017-09-01,9.099212430098147,9.187945884646975,8.994345620176802,9.042745686294346,959976.0,1080996319.27,20170901,11.21,1.239667728020977,20250612,20250612,1.031331
000001.SZ,1d,2017-09-04,9.018545653235572,9.454146248293464,9.010478975549315,9.454146248293464,1352325.0,1551875033.9,20170904,11.72,1.239667728020977,20250612,20250612,1.031331
000001.SZ,1d,2017-09-05,9.421879537548433,9.631613157391122,9.357346116058377,9.389612826803404,1287518.0,1513759541.19,20170905,11.639999999999999,1.239667728020977,20250612,20250612,1.031331
000001.SZ,1d,2017-09-06,9.349279438372118,9.58321309127358,9.26054598382329,9.43801289292095,791621.0,925519043.82,20170906,11.700000000000001,1.239667728020977,20250612,20250612,1.031331
000001.SZ,1d,2017-09-07,9.397679504489663,9.478346281352234,9.187945884646975,9.228279273078261,614187.0,711036421.43,20170907,11.440000000000001,1.239667728020977,20250612,20250612,1.031331
000001.SZ,1d,2017-09-08,9.244412628450776,9.389612826803406,9.179879206960718,9.268612661509547,481276.0,553644520.36,20170908,11.49,1.239667728020977,20250612,20250612,1.031331
000001.SZ,1d,2017-09-11,9.308946049940834,9.429946215234692,9.11534578547066,9.179879206960718,699472.0,801825014.63,20170911,11.38,1.239667728020977,20250612,20250612,1.031331
000001.SZ,1d,2017-09-12,9.179879206960717,9.308946049940833,9.091145752411888,9.308946049940833,846183.0,962032172.14,20170912,11.54,1.239667728020977,20250612,20250612,1.031331
000001.SZ,1d,2017-09-13,9.268612661509547,9.308946049940833,9.147612496215688,9.220212595392002,668237.0,765028184.64,20170913,11.43,1.239667728020977,20250612,20250612,1.031331
000001.SZ,1d,2017-09-14,9.220212595392002,9.349279438372118,9.066945719353116,9.131479140843174,883087.0,1005775578.2400001,20170914,11.32,1.239667728020977,20250612,20250612,1.031331
000001.SZ,1d,2017-09-15,9.107279107784404,9.131479140843174,8.994345620176802,9.107279107784404,646094.0,726061100.4500002,20170915,11.290000000000001,1.239667728020977,20250612,20250612,1.031331
000001.SZ,1d,2017-09-18,9.075012397039375,9.131479140843174,9.034679008608089,9.075012397039375,607612.0,684223023.19,20170918,11.250000000000002,1.239667728020977,20250612,20250612,1.031331
000001.SZ,1d,2017-09-19,9.075012397039373,9.147612496215688,8.937878876373,8.978212264804288,764212.0,853815999.65,20170919,11.13,1.239667728020977,20250612,20250612,1.031331
000001.SZ,1d,2017-09-20,8.986278942490545,9.171812529274462,8.91367884331423,9.107279107784404,787154.0,884640964.2099999,20170920,11.290000000000001,1.239667728020977,20250612,20250612,1.031331
000001.SZ,1d,2017-09-21,9.083079074725632,9.284746016882062,9.034679008608089,9.244412628450776,692407.0,788605300.87,20170921,11.46,1.239667728020977,20250612,20250612,1.031331
000001.SZ,1d,2017-09-22,9.220212595392002,9.292812694568319,9.123412463156917,9.228279273078261,593927.0,677622489.51,20170922,11.440000000000001,1.239667728020977,20250612,20250612,1.031331
000001.SZ,1d,2017-09-25,9.228279273078261,9.236345950764518,9.018545653235572,9.107279107784402,532391.0,602270302.75,20170925,11.29,1.239667728020977,20250612,20250612,1.031331
000001.SZ,1d,2017-09-26,9.083079074725632,9.11534578547066,8.841078744137915,8.91367884331423,967460.0,1074228193.8000002,20170926,11.05,1.239667728020977,20250612,20250612,1.031331
000001.SZ,1d,2017-09-27,8.8814121325692,8.937878876373,8.792678678020371,8.816878711079143,727188.0,798377280.0500001,20170927,10.93,1.239667728020977,20250612,20250612,1.031331
000001.SZ,1d,2017-09-28,8.857212099510429,8.857212099510429,8.728145256530313,8.776545322647857,517220.0,563485127.39,20170928,10.88,1.239667728020977,20250612,20250612,1.031331
000001.SZ,1d,2017-09-29,8.808812033392885,9.002412297863058,8.760411967275342,8.962078909431773,682280.0,753852534.72,20170929,11.11,1.239667728020977,20250612,20250612,1.031331
000001.SZ,1d,2017-10-09,9.333146082999605,9.389612826803406,9.08307907472563,9.115345785470659,1325227.0,1520609511.5700002,20171009,11.299999999999999,1.239667728020977,20250612,20250612,1.031331
000001.SZ,1d,2017-10-10,9.139545818529431,9.276679339195804,9.139545818529431,9.252479306137033,747925.0,853665849.11,20171010,11.47,1.239667728020977,20250612,20250612,1.031331
000001.SZ,1d,2017-10-11,9.26054598382329,9.341212760685861,9.147612496215688,9.300879372254576,658077.0,756203405.4,20171011,11.53,1.239667728020977,20250612,20250612,1.031331
000001.SZ,1d,2017-10-12,9.308946049940834,9.341212760685861,9.252479306137033,9.317012727627091,578065.0,667148377.69,20171012,11.55,1.239667728020977,20250612,20250612,1.031331
000001.SZ,1d,2017-10-13,9.325079405313348,9.325079405313348,9.075012397039373,9.163745851588203,737375.0,839662734.96,20171013,11.36,1.239667728020977,20250612,20250612,1.031331
000001.SZ,1d,2017-10-16,9.163745851588203,9.357346116058377,9.107279107784404,9.34927943837212,1036250.0,1190724204.76,20171016,11.590000000000002,1.239667728020977,20250612,20250612,1.031331
000001.SZ,1d,2017-10-17,9.373479471430892,9.397679504489663,9.26054598382329,9.28474601688206,506372.0,585333998.33,20171017,11.51,1.239667728020977,20250612,20250612,1.031331
000001.SZ,1d,2017-10-18,9.300879372254576,9.438012892920948,9.28474601688206,9.429946215234692,871365.0,1011050927.6999999,20171018,11.69,1.239667728020977,20250612,20250612,1.031331
000001.SZ,1d,2017-10-19,9.389612826803406,9.454146248293464,9.333146082999605,9.381546149117149,722764.0,841546799.4000001,20171019,11.63,1.239667728020977,20250612,20250612,1.031331
000001.SZ,1d,2017-10-20,9.349279438372118,9.349279438372118,9.204079240019489,9.26054598382329,461808.0,529747048.15999997,20171020,11.48,1.239667728020977,20250612,20250612,1.031331
000001.SZ,1d,2017-10-23,9.187945884646975,9.196012562333232,8.994345620176802,9.02661233092183,1074465.0,1206888281.81,20171023,11.19,1.239667728020977,20250612,20250612,1.031331
000001.SZ,1d,2017-10-24,9.034679008608087,9.212145917705746,9.018545653235572,9.187945884646975,618871.0,700896871.75,20171024,11.39,1.239667728020977,20250612,20250612,1.031331
000001.SZ,1d,2017-10-25,9.163745851588203,9.17181252927446,9.075012397039373,9.091145752411888,418573.0,472708177.86,20171025,11.27,1.239667728020977,20250612,20250612,1.031331
000001.SZ,1d,2017-10-26,9.075012397039375,9.131479140843174,8.970145587118031,9.018545653235574,928996.0,1041707022.8800001,20171026,11.180000000000001,1.239667728020977,20250612,20250612,1.031331
000001.SZ,1d,2017-10-27,9.02661233092183,9.325079405313348,9.018545653235572,9.325079405313348,1360086.0,1548543731.64,20171027,11.56,1.239667728020977,20250612,20250612,1.031331
000001.SZ,1d,2017-10-30,9.317012727627091,9.46221292597972,9.23634595076452,9.325079405313348,1278246.0,1484495472.5400002,20171030,11.56,1.239667728020977,20250612,20250612,1.031331
000001.SZ,1d,2017-10-31,9.317012727627091,9.341212760685861,9.187945884646975,9.308946049940834,627491.0,721237474.23,20171031,11.540000000000001,1.239667728020977,20250612,20250612,1.031331
000001.SZ,1d,2017-11-01,9.325079405313348,9.349279438372118,9.131479140843174,9.196012562333232,692617.0,792881042.8199999,20171101,11.4,1.239667728020977,20250612,20250612,1.031331
000001.SZ,1d,2017-11-02,9.163745851588203,9.341212760685861,9.08307907472563,9.308946049940833,604308.0,689229873.86,20171102,11.54,1.239667728020977,20250612,20250612,1.031331
000001.SZ,1d,2017-11-03,9.268612661509547,9.421879537548433,9.155679173901946,9.187945884646973,743343.0,852032107.89,20171103,11.389999999999999,1.239667728020977,20250612,20250612,1.031331
000001.SZ,1d,2017-11-06,9.212145917705746,9.212145917705746,8.945945554059257,9.099212430098145,1029902.0,1157303985.6000001,20171106,11.28,1.239667728020977,20250612,20250612,1.031331
000001.SZ,1d,2017-11-07,9.091145752411888,9.75261332268498,9.075012397039373,9.615479802018607,2477163.0,2914269160.44,20171107,11.92,1.239667728020977,20250612,20250612,1.031331
000001.SZ,1d,2017-11-08,9.680013223508665,10.15594720699784,9.623546479704864,9.784880033430008,4262825.0,5199224276.82,20171108,12.129999999999999,1.239667728020977,20250612,20250612,1.031331
000001.SZ,1d,2017-11-09,9.841346777233811,10.139813851625327,9.801013388802524,9.946213587155153,2295289.0,2839861735.04,20171109,12.33,1.239667728020977,20250612,20250612,1.031331
000001.SZ,1d,2017-11-10,9.978480297900184,10.123680496252813,9.801013388802524,9.922013554096383,1757552.0,2167126597.89,20171110,12.3,1.239667728020977,20250612,20250612,1.031331
000001.SZ,1d,2017-11-13,9.962346942527667,10.567347768996958,9.962346942527667,10.406014215271815,2566906.0,3307955288.7400002,20171113,12.9,1.239667728020977,20250612,20250612,1.031331
000001.SZ,1d,2017-11-14,10.446347603703101,10.696414611977074,10.3334141160955,10.446347603703101,1780302.0,2318092534.3199997,20171114,12.950000000000001,1.239667728020977,20250612,20250612,1.031331
000001.SZ,1d,2017-11-15,10.406014215271815,10.59154780205573,10.30114740535047,10.406014215271815,1263052.0,1627912725.03,20171115,12.9,1.239667728020977,20250612,20250612,1.031331
000001.SZ,1d,2017-11-16,10.406014215271815,10.583481124369474,10.220480628487898,10.567347768996958,1200814.0,1550701791.1,20171116,13.1,1.239667728020977,20250612,20250612,1.031331
000001.SZ,1d,2017-11-17,10.623814512800761,10.85774816570222,10.510881025193159,10.631881190487018,2064149.0,2731215933.7500005,20171117,13.180000000000001,1.239667728020977,20250612,20250612,1.031331
000001.SZ,1d,2017-11-20,10.591547802055732,11.49501570291654,10.527014380565674,11.49501570291654,2843925.0,3860145472.82,20171120,14.25,1.239667728020977,20250612,20250612,1.031331
000001.SZ,1d,2017-11-21,11.34981550456391,11.93061629797443,11.301415438446366,11.656349256641684,2495327.0,3609849024.92,20171121,14.45,1.239667728020977,20250612,20250612,1.031331
000001.SZ,1d,2017-11-22,11.680549289700457,12.293616793856005,11.680549289700457,12.180683306248403,2570231.0,3839501153.96,20171122,15.1,1.239667728020977,20250612,20250612,1.031331
000001.SZ,1d,2017-11-23,12.22101669467969,12.293616793856005,11.34981550456391,11.575682479779111,2429142.0,3562843399.78,20171123,14.35,1.239667728020977,20250612,20250612,1.031331
000001.SZ,1d,2017-11-24,11.527282413661569,11.769282744249287,11.11588185166245,11.745082711190515,2630189.0,3732597275.58,20171124,14.56,1.239667728020977,20250612,20250612,1.031331
000001.SZ,1d,2017-11-27,11.535349091347827,11.535349091347827,11.091681818603679,11.236882016956308,2064085.0,2878491901.4700003,20171127,13.93,1.239667728020977,20250612,20250612,1.031331
000001.SZ,1d,2017-11-28,11.17234859546625,11.17234859546625,10.809348099584676,11.051348430172393,1766432.0,2396540133.1,20171128,13.700000000000001,1.239667728020977,20250612,20250612,1.031331
000001.SZ,1d,2017-11-29,11.075548463231165,11.23688201695631,10.865814843388478,11.14814856240748,1564094.0,2148312654.9900002,20171129,13.82,1.239667728020977,20250612,20250612,1.031331
000001.SZ,1d,2017-11-30,11.051348430172393,11.075548463231165,10.696414611977074,10.793214744212161,1379635.0,1866700884.5900002,20171130,13.379999999999999,1.239667728020977,20250612,20250612,1.031331
000001.SZ,1d,2017-12-01,10.809348099584676,10.873881521074734,10.45441428138936,10.486680992134387,1784933.0,2354299656.82,20171201,13.0,1.239667728020977,20250612,20250612,1.031331
000001.SZ,1d,2017-12-04,10.527014380565674,10.785148066525904,10.486680992134387,10.728681322722105,1454023.0,1923315712.98,20171204,13.3,1.239667728020977,20250612,20250612,1.031331
000001.SZ,1d,2017-12-05,10.607681157428246,10.881948198760991,10.567347768996958,10.728681322722103,1723681.0,2301867653.6200004,20171205,13.299999999999999,1.239667728020977,20250612,20250612,1.031331
000001.SZ,1d,2017-12-06,10.696414611977076,10.704481289663333,10.317280760722987,10.551214413624445,1619844.0,2104168537.1000001,20171206,13.08,1.239667728020977,20250612,20250612,1.031331
000001.SZ,1d,2017-12-07,10.527014380565674,10.59961447974199,10.285014049977956,10.349547471468014,1181957.0,1526953344.35,20171207,12.83,1.239667728020977,20250612,20250612,1.031331
000001.SZ,1d,2017-12-08,10.397947537585559,10.559281091310702,10.285014049977956,10.559281091310702,1351315.0,1751423112.52,20171208,13.09,1.239667728020977,20250612,20250612,1.031331
000001.SZ,1d,2017-12-11,10.551214413624445,10.946481620251049,10.389880859899302,10.890014876447248,2261952.0,2980735572.46,20171211,13.5,1.239667728020977,20250612,20250612,1.031331
000001.SZ,1d,2017-12-12,10.809348099584676,10.873881521074734,10.5028143475069,10.5028143475069,1743405.0,2302354901.4999995,20171212,13.02,1.239667728020977,20250612,20250612,1.031331
000001.SZ,1d,2017-12-13,10.486680992134387,10.648014545859532,10.389880859899302,10.591547802055732,1289248.0,1679022035.87,20171213,13.13,1.239667728020977,20250612,20250612,1.031331
000001.SZ,1d,2017-12-14,10.607681157428246,10.736748000408362,10.414080892958072,10.486680992134387,1001997.0,1311131917.6599998,20171214,13.0,1.239667728020977,20250612,20250612,1.031331
000001.SZ,1d,2017-12-15,10.406014215271815,10.430214248330586,10.220480628487898,10.260814016919186,1099952.0,1405372004.0400002,20171215,12.72,1.239667728020977,20250612,20250612,1.031331
000001.SZ,1d,2017-12-18,10.268880694605443,10.414080892958072,10.196280595429128,10.285014049977956,805464.0,1029422753.2800001,20171218,12.75,1.239667728020977,20250612,20250612,1.031331
000001.SZ,1d,2017-12-19,10.317280760722987,10.744814678094619,10.2769473722917,10.71254796734959,2397942.0,3138687565.9,20171219,13.280000000000001,1.239667728020977,20250612,20250612,1.031331
000001.SZ,1d,2017-12-20,10.648014545859532,10.736748000408362,10.591547802055732,10.696414611977076,1106245.0,1463802116.67,20171220,13.260000000000002,1.239667728020977,20250612,20250612,1.031331
000001.SZ,1d,2017-12-21,10.631881190487016,11.035215074799877,10.615747835114503,10.922281587192279,1485203.0,2005617683.8600001,20171221,13.540000000000001,1.239667728020977,20250612,20250612,1.031331
000001.SZ,1d,2017-12-22,10.89001487644725,10.994881686368593,10.849681488015962,10.906148231819763,742900.0,1004525768.54,20171222,13.520000000000001,1.239667728020977,20250612,20250612,1.031331
000001.SZ,1d,2017-12-25,10.906148231819762,11.180415273152509,10.615747835114503,10.688347934290817,1585567.0,2145040658.23,20171225,13.25,1.239667728020977,20250612,20250612,1.031331
000001.SZ,1d,2017-12-26,10.696414611977074,11.043281752486134,10.639947868173275,11.019081719427364,1123688.0,1510826264.4400003,20171226,13.66,1.239667728020977,20250612,20250612,1.031331
000001.SZ,1d,2017-12-27,10.954548297937306,11.11588185166245,10.639947868173275,10.720614645035846,1366566.0,1848165006.46,20171227,13.29,1.239667728020977,20250612,20250612,1.031331
000001.SZ,1d,2017-12-28,10.71254796734959,10.857748165702219,10.5028143475069,10.656081223545788,1553030.0,2052944539.1400003,20171228,13.209999999999999,1.239667728020977,20250612,20250612,1.031331
000001.SZ,1d,2017-12-29,10.656081223545788,10.833548132643447,10.567347768996958,10.728681322722103,982915.0,1303222040.36,20171229,13.299999999999999,1.239667728020977,20250612,20250612,1.031331
000001.SZ,1d,2018-01-02,10.769014711153389,11.236882016956308,10.744814678094619,11.051348430172393,2081592.0,2856543822.1800003,20180102,13.700000000000001,1.239667728020977,20250612,20250612,1.031331
000001.SZ,1d,2018-01-03,11.075548463231165,11.180415273152509,10.648014545859532,10.752881355780877,2962498.0,4006220766.94,20180103,13.330000000000002,1.239667728020977,20250612,20250612,1.031331
000001.SZ,1d,2018-01-04,10.744814678094619,10.785148066525904,10.591547802055732,10.688347934290817,1854509.0,2454543516.41,20180104,13.25,1.239667728020977,20250612,20250612,1.031331
000001.SZ,1d,2018-01-05,10.65608122354579,10.769014711153389,10.607681157428246,10.728681322722105,1210312.0,1603289517.9300003,20180105,13.3,1.239667728020977,20250612,20250612,1.031331
000001.SZ,1d,2018-01-08,10.688347934290817,10.720614645035846,10.373747504526786,10.454414281389358,2158620.0,2806099169.66,20180108,12.959999999999999,1.239667728020977,20250612,20250612,1.031331
000001.SZ,1d,2018-01-09,10.454414281389358,10.648014545859532,10.422147570644329,10.551214413624445,1344345.0,1754315792.47,20180109,13.08,1.239667728020977,20250612,20250612,1.031331
000001.SZ,1d,2018-01-10,10.518947702879416,10.881948198760991,10.422147570644329,10.865814843388478,2403277.0,3196055830.9100003,20180110,13.47,1.239667728020977,20250612,20250612,1.031331
000001.SZ,1d,2018-01-11,10.817414777270933,10.962614975623563,10.704481289663331,10.809348099584676,1443877.0,1937494294.07,20180111,13.4,1.239667728020977,20250612,20250612,1.031331
000001.SZ,1d,2018-01-12,10.849681488015962,11.035215074799877,10.817414777270933,10.930348264878536,1353991.0,1833435672.07,20180112,13.55,1.239667728020977,20250612,20250612,1.031331
000001.SZ,1d,2018-01-15,10.898081554133505,11.559549124406598,10.890014876447248,11.454682314485254,3122394.0,4376707088.52,20180115,14.2,1.239667728020977,20250612,20250612,1.031331
000001.SZ,1d,2018-01-16,11.430482281426482,11.599882512837883,11.309482116132623,11.454682314485254,2444549.0,3479177087.3,20180116,14.2,1.239667728020977,20250612,20250612,1.031331
000001.SZ,1d,2018-01-17,11.5595491244066,11.938682975660688,11.454682314485254,11.478882347544026,2656294.0,3849312882.21,20180117,14.23,1.239667728020977,20250612,20250612,1.031331
000001.SZ,1d,2018-01-18,11.616015868210399,11.87414955417063,11.519215735975312,11.87414955417063,2148026.0,3120455742.3500004,20180118,14.72,1.239667728020977,20250612,20250612,1.031331
000001.SZ,1d,2018-01-19,11.938682975660686,12.204883339307175,11.8418828434256,11.938682975660686,2571146.0,3832857440.2999997,20180119,14.799999999999999,1.239667728020977,20250612,20250612,1.031331
000001.SZ,1d,2018-01-22,11.777349421935542,12.051616463268287,11.640215901269169,11.648282578955426,2073867.0,3032799070.35,20180122,14.44,1.239667728020977,20250612,20250612,1.031331
000001.SZ,1d,2018-01-23,11.583749157465368,12.01934975252326,11.559549124406598,11.81768281036683,2388791.0,3492462005.57,20180123,14.65,1.239667728020977,20250612,20250612,1.031331
000001.SZ,1d,2018-01-24,11.825749488053086,12.16454995087589,11.69668264507297,11.809616132680572,2591292.0,3838734922.63,20180124,14.64,1.239667728020977,20250612,20250612,1.031331
000001.SZ,1d,2018-01-25,11.656349256641684,11.6724826120142,11.293348760760109,11.454682314485254,2369984.0,3360822344.56,20180125,14.2,1.239667728020977,20250612,20250612,1.031331
000001.SZ,1d,2018-01-26,11.438548959112739,11.567615802092854,11.309482116132623,11.333682149191395,2032988.0,2885104627.01,20180126,14.049999999999999,1.239667728020977,20250612,20250612,1.031331
000001.SZ,1d,2018-01-29,11.333682149191395,11.49501570291654,10.97068165330982,11.083615140917422,2090546.0,2911452095.24,20180129,13.74,1.239667728020977,20250612,20250612,1.031331
000001.SZ,1d,2018-01-30,11.051348430172393,11.164281917779993,10.930348264878536,11.011015041741107,1094739.0,1497708872.6299999,20180130,13.65,1.239667728020977,20250612,20250612,1.031331
000001.SZ,1d,2018-01-31,10.970681653309821,11.333682149191397,10.91421490950602,11.333682149191397,1747729.0,2423104767.05,20180131,14.05,1.239667728020977,20250612,20250612,1.031331
000001.SZ,1d,2018-02-01,11.253015372328823,11.535349091347827,11.164281917779993,11.317548793818881,2005614.0,2821583609.2299995,20180201,14.03,1.239667728020977,20250612,20250612,1.031331
000001.SZ,1d,2018-02-02,11.220748661583794,11.374015537622682,10.994881686368593,11.333682149191397,1176512.0,1637619618.3200002,20180202,14.05,1.239667728020977,20250612,20250612,1.031331
000001.SZ,1d,2018-02-05,11.132015207034966,11.753149388876771,11.075548463231165,11.737016033504258,2331997.0,3326355314.78,20180205,14.55,1.239667728020977,20250612,20250612,1.031331
000001.SZ,1d,2018-02-06,11.478882347544026,11.559549124406598,11.236882016956308,11.293348760760109,2582872.0,3641294710.26,20180206,14.0,1.239667728020977,20250612,20250612,1.031331
000001.SZ,1d,2018-02-07,11.470815669857767,11.535349091347827,10.293080727664213,10.422147570644329,3345716.0,4521586590.190001,20180207,12.92,1.239667728020977,20250612,20250612,1.031331
000001.SZ,1d,2018-02-08,10.349547471468016,10.42214757064433,10.107547140880298,10.115613818566557,2137815.0,2711464886.05,20180208,12.540000000000001,1.239667728020977,20250612,20250612,1.031331
000001.SZ,1d,2018-02-09,9.744546644998723,9.744546644998723,9.179879206960718,9.429946215234692,2824949.0,3308553501.5200005,20180209,11.690000000000001,1.239667728020977,20250612,20250612,1.031331
000001.SZ,1d,2018-02-12,9.502546314411008,9.550946380528549,9.325079405313348,9.454146248293464,1228782.0,1439644312.04,20180212,11.72,1.239667728020977,20250612,20250612,1.031331
000001.SZ,1d,2018-02-13,9.575146413587321,9.849413454920066,9.550946380528549,9.631613157391122,1298178.0,1562420005.24,20180213,11.94,1.239667728020977,20250612,20250612,1.031331
000001.SZ,1d,2018-02-14,9.647746512763636,9.704213256567437,9.486412959038491,9.680013223508665,864190.0,1030474410.4399999,20180214,12.0,1.239667728020977,20250612,20250612,1.031331
000001.SZ,1d,2018-02-22,9.881680165665095,10.107547140880298,9.881680165665095,10.051080397076499,1268406.0,1573562575.57,20180222,12.46,1.239667728020977,20250612,20250612,1.031331
000001.SZ,1d,2018-02-23,10.147880529311585,10.317280760722987,10.043013719390242,10.172080562370356,1013663.0,1278185721.74,20180223,12.610000000000001,1.239667728020977,20250612,20250612,1.031331
000001.SZ,1d,2018-02-26,10.301147405350472,10.36568082684053,10.043013719390242,10.188213917742871,1045758.0,1318960463.96,20180226,12.63,1.239667728020977,20250612,20250612,1.031331
000001.SZ,1d,2018-02-27,10.196280595429126,10.24468066154667,9.833280099547553,9.905880198723867,1285869.0,1590018492.14,20180227,12.28,1.239667728020977,20250612,20250612,1.031331
000001.SZ,1d,2018-02-28,9.760680000371236,9.833280099547553,9.623546479704864,9.72034661193995,1214145.0,1463313702.75,20180228,12.049999999999999,1.239667728020977,20250612,20250612,1.031331
000001.SZ,1d,2018-03-01,9.615479802018607,9.801013388802524,9.599346446646093,9.712279934253695,886957.0,1069354491.03,20180301,12.040000000000001,1.239667728020977,20250612,20250612,1.031331
000001.SZ,1d,2018-03-02,9.615479802018607,9.712279934253694,9.559013058214806,9.639679835077379,663124.0,791736473.27,20180302,11.95,1.239667728020977,20250612,20250612,1.031331
000001.SZ,1d,2018-03-05,9.623546479704865,9.744546644998723,9.518679669783522,9.567079735901064,754183.0,897244265.05,20180305,11.860000000000001,1.239667728020977,20250612,20250612,1.031331
000001.SZ,1d,2018-03-06,9.639679835077379,9.768746678057495,9.49447963672475,9.760680000371236,1150162.0,1373438382.66,20180306,12.1,1.239667728020977,20250612,20250612,1.031331
000001.SZ,1d,2018-03-07,9.801013388802524,9.954280264841412,9.712279934253695,9.720346611939952,1427570.0,1744085270.0400002,20180307,12.05,1.239667728020977,20250612,20250612,1.031331
000001.SZ,1d,2018-03-08,9.720346611939952,9.801013388802524,9.63967983507738,9.768746678057495,689755.0,832153697.14,20180308,12.110000000000001,1.239667728020977,20250612,20250612,1.031331
000001.SZ,1d,2018-03-09,9.801013388802524,9.841346777233811,9.663879868136151,9.75261332268498,943876.0,1139043574.6299999,20180309,12.09,1.239667728020977,20250612,20250612,1.031331
000001.SZ,1d,2018-03-12,9.801013388802524,9.817146744175039,9.63967983507738,9.704213256567437,1268701.0,1526643478.9199998,20180312,12.030000000000001,1.239667728020977,20250612,20250612,1.031331
000001.SZ,1d,2018-03-13,9.712279934253694,9.857480132606325,9.680013223508665,9.69614657888118,1082267.0,1309543466.56,20180313,12.02,1.239667728020977,20250612,20250612,1.031331
000001.SZ,1d,2018-03-14,9.663879868136151,9.680013223508665,9.542879702842292,9.615479802018607,635594.0,757090756.4300001,20180314,11.92,1.239667728020977,20250612,20250612,1.031331
000001.SZ,1d,2018-03-15,9.510612992097265,9.559013058214806,9.40574618217592,9.446079570607207,1155694.0,1356878634.17,20180315,11.71,1.239667728020977,20250612,20250612,1.031331
000001.SZ,1d,2018-03-16,9.454146248293464,9.559013058214807,9.389612826803406,9.389612826803406,962983.0,1130784170.87,20180316,11.64,1.239667728020977,20250612,20250612,1.031331
000001.SZ,1d,2018-03-19,9.40574618217592,9.550946380528549,9.365412793744634,9.542879702842292,808538.0,947664744.37,20180319,11.83,1.239667728020977,20250612,20250612,1.031331
000001.SZ,1d,2018-03-20,9.470279603665977,9.58321309127358,9.454146248293464,9.534813025156035,776150.0,916858475.86,20180320,11.82,1.239667728020977,20250612,20250612,1.031331
000001.SZ,1d,2018-03-21,9.639679835077379,9.776813355743752,9.559013058214806,9.599346446646093,1445109.0,1736437401.21,20180321,11.9,1.239667728020977,20250612,20250612,1.031331
000001.SZ,1d,2018-03-22,9.599346446646093,9.655813190449894,9.373479471430892,9.40574618217592,984278.0,1155741055.8700001,20180322,11.66,1.239667728020977,20250612,20250612,1.031331
000001.SZ,1d,2018-03-23,9.075012397039373,9.155679173901946,8.808812033392885,9.147612496215688,1825690.0,2037734400.0900002,20180323,11.34,1.239667728020977,20250612,20250612,1.031331
000001.SZ,1d,2018-03-26,8.9943456201768,9.034679008608087,8.760411967275342,8.816878711079143,1383598.0,1519435011.09,20180326,10.93,1.239667728020977,20250612,20250612,1.031331
000001.SZ,1d,2018-03-27,8.954012231745516,9.010478975549315,8.760411967275342,8.8249453887654,1103933.0,1213989931.1799998,20180327,10.94,1.239667728020977,20250612,20250612,1.031331
000001.SZ,1d,2018-03-28,8.752345289589085,8.986278942490545,8.703945223471543,8.784612000334114,1099023.0,1201023442.2099998,20180328,10.89,1.239667728020977,20250612,20250612,1.031331
000001.SZ,1d,2018-03-29,8.808812033392885,9.010478975549315,8.510344959001369,8.91367884331423,1330602.0,1445281829.8600001,20180329,11.05,1.239667728020977,20250612,20250612,1.031331
000001.SZ,1d,2018-03-30,8.905612165627973,8.91367884331423,8.776545322647857,8.792678678020371,752173.0,823438180.73,20180330,10.9,1.239667728020977,20250612,20250612,1.031331
000001.SZ,1d,2018-04-02,8.7684786449616,8.865278777196686,8.631345124295228,8.639411801981485,1109316.0,1200911980.3799999,20180402,10.71,1.239667728020977,20250612,20250612,1.031331
000001.SZ,1d,2018-04-03,8.550678347432655,8.607145091236454,8.478078248256338,8.518411636687626,890745.0,942237800.69,20180403,10.56,1.239667728020977,20250612,20250612,1.031331
000001.SZ,1d,2018-04-04,8.615211768922713,8.8814121325692,8.550678347432655,8.768478644961599,1602488.0,1737258898.2800002,20180404,10.87,1.239667728020977,20250612,20250612,1.031331
000001.SZ,1d,2018-04-09,8.7120119011578,8.954012231745516,8.655545157353998,8.889478810255458,1074795.0,1180084371.5900002,20180409,11.02,1.239667728020977,20250612,20250612,1.031331
000001.SZ,1d,2018-04-10,8.889478810255458,9.244412628450776,8.849145421824172,9.212145917705746,1390950.0,1562265089.74,20180410,11.42,1.239667728020977,20250612,20250612,1.031331
000001.SZ,1d,2018-04-11,9.187945884646975,9.615479802018609,9.179879206960718,9.542879702842292,2095970.0,2458982163.44,20180411,11.83,1.239667728020977,20250612,20250612,1.031331
000001.SZ,1d,2018-04-12,9.518679669783522,9.542879702842292,9.212145917705746,9.292812694568319,1173128.0,1364675848.46,20180412,11.52,1.239667728020977,20250612,20250612,1.031331
000001.SZ,1d,2018-04-13,9.389612826803406,9.510612992097265,9.23634595076452,9.333146082999605,1300255.0,1516155527.17,20180413,11.57,1.239667728020977,20250612,20250612,1.031331
000001.SZ,1d,2018-04-16,9.252479306137031,9.252479306137031,8.897545487941715,8.954012231745516,1427072.0,1593706086.4,20180416,11.1,1.239667728020977,20250612,20250612,1.031331
000001.SZ,1d,2018-04-17,8.97014558711803,9.236345950764518,8.962078909431773,9.042745686294344,1301891.0,1468159349.6599998,20180417,11.209999999999999,1.239667728020977,20250612,20250612,1.031331
000001.SZ,1d,2018-04-18,9.236345950764518,9.365412793744634,9.099212430098145,9.276679339195804,1475845.0,1692722923.5,20180418,11.5,1.239667728020977,20250612,20250612,1.031331
000001.SZ,1d,2018-04-19,9.292812694568319,9.429946215234692,9.212145917705746,9.252479306137033,849131.0,979593564.5999999,20180419,11.47,1.239667728020977,20250612,20250612,1.031331
000001.SZ,1d,2018-04-20,9.284746016882062,9.341212760685863,9.034679008608089,9.155679173901946,958690.0,1090801311.42,20180420,11.350000000000001,1.239667728020977,20250612,20250612,1.031331
000001.SZ,1d,2018-04-23,9.115345785470659,9.365412793744634,9.08307907472563,9.333146082999605,1070289.0,1228544006.32,20180423,11.57,1.239667728020977,20250612,20250612,1.031331
000001.SZ,1d,2018-04-24,9.381546149117149,9.631613157391122,9.341212760685861,9.567079735901064,1461098.0,1725152198.09,20180424,11.86,1.239667728020977,20250612,20250612,1.031331
000001.SZ,1d,2018-04-25,9.486412959038493,9.526746347469778,9.381546149117149,9.421879537548435,730286.0,854713248.8800001,20180425,11.680000000000001,1.239667728020977,20250612,20250612,1.031331
000001.SZ,1d,2018-04-26,9.40574618217592,9.429946215234692,9.123412463156917,9.212145917705746,874235.0,1002483154.12,20180426,11.42,1.239667728020977,20250612,20250612,1.031331
000001.SZ,1d,2018-04-27,9.268612661509547,9.284746016882062,8.574878380491427,8.752345289589085,2709795.0,2958464277.86,20180427,10.850000000000001,1.239667728020977,20250612,20250612,1.031331
000001.SZ,1d,2018-05-02,8.849145421824172,8.897545487941716,8.7120119011578,8.776545322647857,1190523.0,1295804420.86,20180502,10.88,1.239667728020977,20250612,20250612,1.031331
000001.SZ,1d,2018-05-03,8.760411967275342,8.776545322647857,8.526478314373882,8.671678512726512,1281355.0,1372765845.8300002,20180503,10.75,1.239667728020977,20250612,20250612,1.031331
000001.SZ,1d,2018-05-04,8.655545157353998,8.73621193421657,8.599078413550197,8.615211768922713,710509.0,761302468.67,20180504,10.68,1.239667728020977,20250612,20250612,1.031331
000001.SZ,1d,2018-05-07,8.631345124295228,8.73621193421657,8.582945058177684,8.720078578844056,974309.0,1046743101.9200001,20180507,10.81,1.239667728020977,20250612,20250612,1.031331
000001.SZ,1d,2018-05-08,8.73621193421657,8.994345620176802,8.7120119011578,8.881412132569201,1373305.0,1511546681.16,20180508,11.010000000000002,1.239667728020977,20250612,20250612,1.031331
000001.SZ,1d,2018-05-09,8.857212099510429,8.897545487941716,8.776545322647857,8.849145421824172,627656.0,687036874.44,20180509,10.97,1.239667728020977,20250612,20250612,1.031331
000001.SZ,1d,2018-05-10,8.897545487941715,8.945945554059257,8.800745355706628,8.8814121325692,552735.0,607349997.23,20180510,11.01,1.239667728020977,20250612,20250612,1.031331
000001.SZ,1d,2018-05-11,8.905612165627973,8.978212264804288,8.841078744137915,8.881412132569201,772369.0,853271166.64,20180511,11.010000000000002,1.239667728020977,20250612,20250612,1.031331
000001.SZ,1d,2018-05-14,8.945945554059257,9.058879041666858,8.897545487941715,9.018545653235572,1039297.0,1158064201.07,20180514,11.18,1.239667728020977,20250612,20250612,1.031331
000001.SZ,1d,2018-05-15,9.018545653235572,9.02661233092183,8.889478810255458,8.97014558711803,669261.0,742590447.6500001,20180515,11.12,1.239667728020977,20250612,20250612,1.031331
000001.SZ,1d,2018-05-16,8.929812198686744,8.929812198686744,8.784612000334114,8.792678678020371,714362.0,782694669.6899999,20180516,10.9,1.239667728020977,20250612,20250612,1.031331
000001.SZ,1d,2018-05-17,8.800745355706628,8.8249453887654,8.695878545785284,8.728145256530311,586494.0,635675440.98,20180517,10.819999999999999,1.239667728020977,20250612,20250612,1.031331
000001.SZ,1d,2018-05-18,8.720078578844056,8.849145421824172,8.679745190412769,8.841078744137914,578384.0,628250184.9200001,20180518,10.959999999999999,1.239667728020977,20250612,20250612,1.031331
000001.SZ,1d,2018-05-21,8.929812198686744,8.962078909431773,8.816878711079143,8.833012066451657,763533.0,838750577.6500001,20180521,10.95,1.239667728020977,20250612,20250612,1.031331
000001.SZ,1d,2018-05-22,8.833012066451658,8.857212099510429,8.703945223471543,8.760411967275344,589871.0,639815249.44,20180522,10.860000000000001,1.239667728020977,20250612,20250612,1.031331
000001.SZ,1d,2018-05-23,8.728145256530313,8.728145256530313,8.56681170280517,8.59101173586394,991016.0,1058587812.32,20180523,10.65,1.239667728020977,20250612,20250612,1.031331
000001.SZ,1d,2018-05-24,8.599078413550197,8.615211768922713,8.53454499206014,8.558745025118911,688152.0,730678763.88,20180524,10.61,1.239667728020977,20250612,20250612,1.031331
000001.SZ,1d,2018-05-25,8.558745025118913,8.607145091236454,8.510344959001369,8.542611669746396,593335.0,629735450.6,20180525,10.59,1.239667728020977,20250612,20250612,1.031331
000001.SZ,1d,2018-05-28,8.53454499206014,8.599078413550197,8.478078248256338,8.542611669746396,569400.0,602590746.57,20180528,10.59,1.239667728020977,20250612,20250612,1.031331
000001.SZ,1d,2018-05-29,8.53454499206014,8.574878380491425,8.349011405276224,8.373211438334994,889494.0,930386966.6300001,20180529,10.379999999999999,1.239667728020977,20250612,20250612,1.031331
000001.SZ,1d,2018-05-30,8.300611339158682,8.300611339158682,8.107011074688508,8.131211107747278,1124447.0,1139918753.16,20180530,10.08,1.239667728020977,20250612,20250612,1.031331
000001.SZ,1d,2018-05-31,8.15541114080605,8.219944562296108,8.082811041629736,8.211877884609851,987360.0,999216332.96,20180531,10.18,1.239667728020977,20250612,20250612,1.031331
000001.SZ,1d,2018-06-01,8.18767785155108,8.300611339158682,8.123144430061021,8.219944562296108,597211.0,608398867.4599999,20180601,10.19,1.239667728020977,20250612,20250612,1.031331
000001.SZ,1d,2018-06-04,8.252211273041137,8.316744694531195,8.18767785155108,8.284477983786166,593038.0,608291978.44,20180604,10.27,1.239667728020977,20250612,20250612,1.031331
000001.SZ,1d,2018-06-05,8.30061133915868,8.308678016844937,8.15541114080605,8.27641130609991,656540.0,670740302.01,20180605,10.26,1.239667728020977,20250612,20250612,1.031331
000001.SZ,1d,2018-06-06,8.26834462841365,8.27641130609991,8.147344463119794,8.17961117386482,712743.0,724032796.29,20180606,10.139999999999999,1.239667728020977,20250612,20250612,1.031331
000001.SZ,1d,2018-06-07,8.228011239982365,8.437744859825052,8.211877884609851,8.365144760648738,1262638.0,1306425478.0900002,20180607,10.37,1.239667728020977,20250612,20250612,1.031331
000001.SZ,1d,2018-06-08,8.332878049903709,8.332878049903709,8.115077752374765,8.163477818492309,1099379.0,1114968856.53,20180608,10.120000000000001,1.239667728020977,20250612,20250612,1.031331
000001.SZ,1d,2018-06-11,8.115077752374765,8.171544496178566,8.06667768625722,8.09894439700225,721374.0,724687998.61,20180611,10.04,1.239667728020977,20250612,20250612,1.031331
000001.SZ,1d,2018-06-12,8.090877719315994,8.13121110774728,8.026344297825936,8.115077752374765,913300.0,914001701.46,20180612,10.06,1.239667728020977,20250612,20250612,1.031331
000001.SZ,1d,2018-06-13,8.098944397002251,8.115077752374765,8.026344297825936,8.026344297825936,530584.0,530483756.71000004,20180613,9.950000000000001,1.239667728020977,20250612,20250612,1.031331
000001.SZ,1d,2018-06-14,8.026344297825935,8.18767785155108,8.002144264767162,8.123144430061021,866392.0,872487574.2800001,20180614,10.07,1.239667728020977,20250612,20250612,1.031331
000001.SZ,1d,2018-06-15,8.131211107747278,8.300611339158682,8.115077752374765,8.203811206923593,1248707.0,1273412999.36,20180615,10.17,1.239667728020977,20250612,20250612,1.031331
000001.SZ,1d,2018-06-19,8.107011074688508,8.18767785155108,7.921477487904591,7.9618108763358775,1565874.0,1565756559.87,20180619,9.870000000000001,1.239667728020977,20250612,20250612,1.031331
000001.SZ,1d,2018-06-20,7.961810876335877,8.026344297825935,7.873077421787047,7.994077587080906,763637.0,752950700.66,20180620,9.91,1.239667728020977,20250612,20250612,1.031331
000001.SZ,1d,2018-06-21,8.010210942453421,8.09894439700225,7.95374419864962,7.95374419864962,840070.0,836014838.1400001,20180621,9.86,1.239667728020977,20250612,20250612,1.031331
000001.SZ,1d,2018-06-22,7.9053441325320755,7.961810876335877,7.881144099473304,7.945677520963362,657818.0,645752909.26,20180622,9.85,1.239667728020977,20250612,20250612,1.031331
000001.SZ,1d,2018-06-25,7.994077587080906,8.002144264767164,7.566543669709274,7.631077091199332,1195212.0,1154559080.5,20180625,9.46,1.239667728020977,20250612,20250612,1.031331
000001.SZ,1d,2018-06-26,7.574610347395531,7.614943735826816,7.332610016807814,7.550410314336759,1124156.0,1042528543.9899999,20180626,9.36,1.239667728020977,20250612,20250612,1.031331
000001.SZ,1d,2018-06-27,7.510076925905472,7.582677025081787,7.28420995069027,7.332610016807814,1045142.0,958871648.21,20180627,9.09,1.239667728020977,20250612,20250612,1.031331
000001.SZ,1d,2018-06-28,7.219676529200213,7.324543339121558,7.155143107710156,7.195476496141443,1110764.0,996801234.6999999,20180628,8.920000000000002,1.239667728020977,20250612,20250612,1.031331
000001.SZ,1d,2018-06-29,7.2680765953177575,7.3648767275528435,7.227743206886471,7.332610016807815,675299.0,611346088.6899999,20180629,9.090000000000002,1.239667728020977,20250612,20250612,1.031331
000001.SZ,1d,2018-07-02,7.300343306062786,7.300343306062786,6.8970094217499245,6.945409487867468,1315520.0,1158545868.8100002,20180702,8.610000000000001,1.239667728020977,20250612,20250612,1.031331
000001.SZ,1d,2018-07-03,7.009942909357525,7.018009587043782,6.816342644887351,6.9938095539850105,1274838.0,1096657033.32,20180703,8.67,1.239667728020977,20250612,20250612,1.031331
000001.SZ,1d,2018-07-04,6.961542843239981,7.058342975475068,6.945409487867467,6.945409487867467,711153.0,617278559.96,20180704,8.61,1.239667728020977,20250612,20250612,1.031331
000001.SZ,1d,2018-07-05,6.953476165553726,7.042209620102554,6.8970094217499245,6.937342810181211,835768.0,722169579.0,20180705,8.600000000000001,1.239667728020977,20250612,20250612,1.031331
000001.SZ,1d,2018-07-06,6.945409487867467,7.08254300853384,6.816342644887351,6.985742876298754,988282.0,852071526.9799999,20180706,8.66,1.239667728020977,20250612,20250612,1.031331
000001.SZ,1d,2018-07-09,7.009942909357525,7.28420995069027,7.001876231671267,7.28420995069027,1409954.0,1255007609.99,20180709,9.03,1.239667728020977,20250612,20250612,1.031331
000001.SZ,1d,2018-07-10,7.276143273004014,7.276143273004014,7.17127646308267,7.2438765622589845,896862.0,803038965.2500001,20180710,8.98,1.239667728020977,20250612,20250612,1.031331
000001.SZ,1d,2018-07-11,7.066409653161325,7.122876396965126,7.001876231671267,7.08254300853384,851296.0,744765824.8900001,20180711,8.78,1.239667728020977,20250612,20250612,1.031331
000001.SZ,1d,2018-07-12,7.049748575734577,7.35305171213246,7.033353811604962,7.279275273549192,1140492.0,1008658828.6700001,20180712,8.88,1.2199016614012916,20250612,20250612,1.031331
000001.SZ,1d,2018-07-13,7.312064801808422,7.3284595659380365,7.2300909811603455,7.279275273549192,603378.0,535401175.45,20180713,8.88,1.2199016614012916,20250612,20250612,1.031331
000001.SZ,1d,2018-07-16,7.2546831273547685,7.295670037678807,7.1235250143178455,7.156314542577076,689845.0,603427713.21,20180716,8.729999999999999,1.2199016614012916,20250612,20250612,1.031331
000001.SZ,1d,2018-07-17,7.164511924641884,7.172709306706692,7.098932868123423,7.148117160512269,375356.0,326396994.95,20180717,8.72,1.2199016614012916,20250612,20250612,1.031331
000001.SZ,1d,2018-07-18,7.172709306706692,7.2546831273547685,7.1235250143178455,7.131722396382653,525152.0,460697377.12000006,20180718,8.7,1.2199016614012916,20250612,20250612,1.031331
000001.SZ,1d,2018-07-19,7.172709306706692,7.221893599095536,7.1235250143178455,7.156314542577076,461372.0,403674308.23,20180719,8.729999999999999,1.2199016614012916,20250612,20250612,1.031331
000001.SZ,1d,2018-07-20,7.156314542577076,7.541591499623036,7.057945957799384,7.467815061039767,1754277.0,1576843937.1000001,20180720,9.11,1.2199016614012916,20250612,20250612,1.031331
000001.SZ,1d,2018-07-23,7.410433386586113,7.746526051243227,7.377643858326883,7.721933905048804,1781688.0,1646028021.04,20180723,9.42,1.2199016614012916,20250612,20250612,1.031331
000001.SZ,1d,2018-07-24,7.697341758854382,7.861289400150534,7.648157466465536,7.705539140919189,1425894.0,1348746826.8300002,20180724,9.4,1.2199016614012916,20250612,20250612,1.031331
000001.SZ,1d,2018-07-25,7.738328669178419,7.762920815372843,7.648157466465536,7.689144376789574,614122.0,575752176.95,20180725,9.38,1.2199016614012916,20250612,20250612,1.031331
000001.SZ,1d,2018-07-26,7.705539140919189,7.771118197437651,7.549788881687844,7.582578409947074,833358.0,778429753.7900001,20180726,9.25,1.2199016614012916,20250612,20250612,1.031331
000001.SZ,1d,2018-07-27,7.623565320271112,7.672749612659958,7.52519673549342,7.582578409947074,515126.0,477527419.46,20180727,9.25,1.2199016614012916,20250612,20250612,1.031331
000001.SZ,1d,2018-07-30,7.639960084400728,7.779315579502458,7.590775792011882,7.697341758854382,706385.0,661767547.55,20180730,9.39,1.2199016614012916,20250612,20250612,1.031331
000001.SZ,1d,2018-07-31,7.680946994724765,7.779315579502458,7.582578409947074,7.721933905048804,720150.0,674484650.66,20180731,9.42,1.2199016614012916,20250612,20250612,1.031331
000001.SZ,1d,2018-08-01,7.721933905048804,7.787512961567265,7.467815061039767,7.500604589298996,814081.0,759282229.65,20180801,9.149999999999999,1.2199016614012916,20250612,20250612,1.031331
000001.SZ,1d,2018-08-02,7.484209825169383,7.500604589298998,7.279275273549192,7.328459565938038,931401.0,839272254.36,20180802,8.940000000000001,1.2199016614012916,20250612,20250612,1.031331
000001.SZ,1d,2018-08-03,7.320262183873229,7.4596176789749595,7.303867419743614,7.303867419743614,476546.0,428641526.2,20180803,8.91,1.2199016614012916,20250612,20250612,1.031331
000001.SZ,1d,2018-08-06,7.328459565938038,7.467815061039768,7.287472655614,7.328459565938038,554010.0,497906686.27000004,20180806,8.940000000000001,1.2199016614012916,20250612,20250612,1.031331
000001.SZ,1d,2018-08-07,7.344854330067653,7.516999353428613,7.279275273549192,7.516999353428613,690423.0,624359656.36,20180807,9.17,1.2199016614012916,20250612,20250612,1.031331
000001.SZ,1d,2018-08-08,7.5088019713638054,7.5088019713638054,7.4104333865861145,7.418630768650922,578953.0,527526989.83,20180808,9.05,1.2199016614012916,20250612,20250612,1.031331
000001.SZ,1d,2018-08-09,7.410433386586113,7.664552230595151,7.394038622456498,7.615367938206304,806783.0,746469808.0899999,20180809,9.29,1.2199016614012916,20250612,20250612,1.031331
000001.SZ,1d,2018-08-10,7.623565320271113,7.639960084400728,7.5088019713638054,7.56618364581746,424168.0,391366341.57,20180810,9.23,1.2199016614012916,20250612,20250612,1.031331
000001.SZ,1d,2018-08-13,7.476012443104576,7.5088019713638054,7.295670037678807,7.418630768650922,818491.0,736947790.49,20180813,9.05,1.2199016614012916,20250612,20250612,1.031331
000001.SZ,1d,2018-08-14,7.402236004521305,7.410433386586113,7.3284595659380365,7.377643858326883,430240.0,386334617.9499999,20180814,9.0,1.2199016614012916,20250612,20250612,1.031331
000001.SZ,1d,2018-08-15,7.394038622456498,7.394038622456498,7.172709306706692,7.205498834965922,670442.0,594759517.14,20180815,8.79,1.2199016614012916,20250612,20250612,1.031331
000001.SZ,1d,2018-08-16,7.156314542577077,7.287472655614,7.082538103993808,7.197301452901116,638272.0,559523123.02,20180816,8.780000000000001,1.2199016614012916,20250612,20250612,1.031331
000001.SZ,1d,2018-08-17,7.279275273549191,7.3284595659380365,7.197301452901114,7.221893599095536,649476.0,576683267.1100001,20180817,8.809999999999999,1.2199016614012916,20250612,20250612,1.031331
000001.SZ,1d,2018-08-20,7.295670037678807,7.3940386224565,7.271077891484384,7.377643858326884,681322.0,609934725.59,20180820,9.000000000000002,1.2199016614012916,20250612,20250612,1.031331
000001.SZ,1d,2018-08-21,7.394038622456498,7.590775792011882,7.385841240391691,7.56618364581746,1264474.0,1163292795.24,20180821,9.23,1.2199016614012916,20250612,20250612,1.031331
000001.SZ,1d,2018-08-22,7.574381027882267,7.656354848530344,7.484209825169383,7.6153679382063055,982433.0,909598743.27,20180822,9.290000000000001,1.2199016614012916,20250612,20250612,1.031331
000001.SZ,1d,2018-08-23,7.623565320271113,7.721933905048804,7.56618364581746,7.67274961265996,729074.0,680941392.24,20180823,9.360000000000001,1.2199016614012916,20250612,20250612,1.031331
000001.SZ,1d,2018-08-24,7.63176270233592,8.426908762622263,7.6153679382063055,8.221974211002072,3040408.0,2995071976.8100004,20180824,10.030000000000001,1.2199016614012916,20250612,20250612,1.031331
000001.SZ,1d,2018-08-27,8.213776828937265,8.549869493594377,8.172789918613226,8.549869493594377,2218424.0,2251527721.3500004,20180827,10.430000000000001,1.2199016614012916,20250612,20250612,1.031331
000001.SZ,1d,2018-08-28,8.476093055011107,8.549869493594377,8.394119234363032,8.43510614468707,1289777.0,1331917860.95,20180828,10.290000000000001,1.2199016614012916,20250612,20250612,1.031331
000001.SZ,1d,2018-08-29,8.40231661642784,8.4678956729463,8.320342795779762,8.418711380557454,901883.0,923581546.46,20180829,10.27,1.2199016614012916,20250612,20250612,1.031331
000001.SZ,1d,2018-08-30,8.418711380557454,8.484290437075915,8.262961121326109,8.295750649585338,994917.0,1013877514.26,20180830,10.12,1.2199016614012916,20250612,20250612,1.031331
000001.SZ,1d,2018-08-31,8.303948031650146,8.459698290881493,8.279355885455724,8.303948031650146,1310865.0,1337898869.57,20180831,10.129999999999999,1.2199016614012916,20250612,20250612,1.031331
000001.SZ,1d,2018-09-03,8.271158503390916,8.443303526751878,8.271158503390916,8.353132324038993,711695.0,725303291.73,20180903,10.19,1.2199016614012916,20250612,20250612,1.031331
000001.SZ,1d,2018-09-04,8.361329706103803,8.648238078372069,8.254763739261302,8.549869493594377,1296342.0,1339756563.51,20180904,10.43,1.2199016614012916,20250612,20250612,1.031331
000001.SZ,1d,2018-09-05,8.443303526751878,8.4678956729463,8.238368975131687,8.238368975131687,1179453.0,1202345697.97,20180905,10.05,1.2199016614012916,20250612,20250612,1.031331
000001.SZ,1d,2018-09-06,8.238368975131687,8.312145413714955,8.15639515448361,8.172789918613226,711777.0,713975749.0200001,20180906,9.97,1.2199016614012916,20250612,20250612,1.031331
000001.SZ,1d,2018-09-07,8.230171593066878,8.344934941974186,8.140000390353993,8.205579446872456,809035.0,815151722.99,20180907,10.01,1.2199016614012916,20250612,20250612,1.031331
000001.SZ,1d,2018-09-10,8.205579446872456,8.254763739261302,8.066223951770725,8.099013480029955,636989.0,631174169.9300001,20180910,9.879999999999999,1.2199016614012916,20250612,20250612,1.031331
000001.SZ,1d,2018-09-11,8.115408244159571,8.221974211002072,8.041631805576303,8.123605626224379,712967.0,707337570.1400001,20180911,9.91,1.2199016614012916,20250612,20250612,1.031331
000001.SZ,1d,2018-09-12,8.090816097965149,8.172789918613226,8.04982918764111,8.099013480029956,564829.0,558399563.21,20180912,9.88,1.2199016614012916,20250612,20250612,1.031331
000001.SZ,1d,2018-09-13,8.271158503390916,8.279355885455724,8.066223951770725,8.164592536548417,999725.0,993389970.35,20180913,9.959999999999999,1.2199016614012916,20250612,20250612,1.031331
000001.SZ,1d,2018-09-14,8.180987300678034,8.180987300678034,8.041631805576303,8.066223951770725,619750.0,611422480.21,20180914,9.84,1.2199016614012916,20250612,20250612,1.031331
000001.SZ,1d,2018-09-17,8.033434423511494,8.033434423511494,7.935065838733803,7.9432632207986105,517082.0,502609643.63,20180917,9.69,1.2199016614012916,20250612,20250612,1.031331
000001.SZ,1d,2018-09-18,7.976052749057842,8.29575064958534,7.95146060286342,8.26296112132611,1126807.0,1120867543.02,20180918,10.080000000000002,1.2199016614012916,20250612,20250612,1.031331
000001.SZ,1d,2018-09-19,8.22197421100207,8.476093055011107,8.22197421100207,8.394119234363032,1231548.0,1257191505.9599998,20180919,10.24,1.2199016614012916,20250612,20250612,1.031331
000001.SZ,1d,2018-09-20,8.418711380557454,8.492487819140722,8.353132324038993,8.385921852298223,620348.0,636742814.2300001,20180920,10.229999999999999,1.2199016614012916,20250612,20250612,1.031331
000001.SZ,1d,2018-09-21,8.410513998492647,8.771198809344183,8.344934941974186,8.74660666314976,1624518.0,1707850487.8000002,20180921,10.67,1.2199016614012916,20250612,20250612,1.031331
000001.SZ,1d,2018-09-25,8.623645932177645,8.754804045214568,8.590856403918416,8.648238078372069,977014.0,1030715785.16,20180925,10.55,1.2199016614012916,20250612,20250612,1.031331
000001.SZ,1d,2018-09-26,8.697422370760913,8.951541214769952,8.623645932177645,8.77939619140899,1490513.0,1600626208.76,20180926,10.709999999999999,1.2199016614012916,20250612,20250612,1.031331
000001.SZ,1d,2018-09-27,8.730211899020146,8.88596215825149,8.664632842501684,8.803988337603414,880363.0,942200398.6200001,20180927,10.74,1.2199016614012916,20250612,20250612,1.031331
000001.SZ,1d,2018-09-28,8.836777865862643,9.238449587038218,8.836777865862643,9.05810718161245,2110242.0,2331358288.96,20180928,11.049999999999999,1.2199016614012916,20250612,20250612,1.031331
000001.SZ,1d,2018-10-08,8.771198809344185,8.844975247927453,8.566264257723994,8.566264257723994,1686358.0,1793455283.0900002,20181008,10.450000000000001,1.2199016614012916,20250612,20250612,1.031331
000001.SZ,1d,2018-10-09,8.574461639788801,8.771198809344185,8.517079965335146,8.656435460436876,1064084.0,1117946550.71,20181009,10.56,1.2199016614012916,20250612,20250612,1.031331
000001.SZ,1d,2018-10-10,8.640040696307262,8.738409281084953,8.508882583270339,8.566264257723994,995200.0,1045666180.93,20181010,10.450000000000001,1.2199016614012916,20250612,20250612,1.031331
000001.SZ,1d,2018-10-11,8.238368975131687,8.328540177844571,7.95146060286342,8.082618715900342,1995143.0,1994186611.8000002,20181011,9.860000000000001,1.2199016614012916,20250612,20250612,1.031331
000001.SZ,1d,2018-10-12,8.172789918613226,8.476093055011109,8.090816097965149,8.443303526751878,1516810.0,1532651400.23,20181012,10.3,1.2199016614012916,20250612,20250612,1.031331
000001.SZ,1d,2018-10-15,8.517079965335146,8.582659021853608,8.271158503390916,8.287553267520531,1402685.0,1443043059.27,20181015,10.11,1.2199016614012916,20250612,20250612,1.031331
000001.SZ,1d,2018-10-16,8.312145413714955,8.640040696307262,8.29575064958534,8.500685201205531,1396921.0,1450020371.45,20181016,10.370000000000001,1.2199016614012916,20250612,20250612,1.031331
000001.SZ,1d,2018-10-17,8.60725116804803,8.648238078372069,8.312145413714955,8.4678956729463,1350889.0,1400306336.2199998,20181017,10.33,1.2199016614012916,20250612,20250612,1.031331
000001.SZ,1d,2018-10-18,8.43510614468707,8.43510614468707,8.246566357196494,8.271158503390916,1001156.0,1015654821.72,20181018,10.09,1.2199016614012916,20250612,20250612,1.031331
000001.SZ,1d,2018-10-19,8.15639515448361,8.836777865862643,8.131803008289186,8.820383101733029,2083667.0,2173571254.6200004,20181019,10.76,1.2199016614012916,20250612,20250612,1.031331
000001.SZ,1d,2018-10-22,8.861370012057066,9.394199846269563,8.836777865862643,9.140081002260526,2645543.0,2932714470.7000003,20181022,11.149999999999999,1.2199016614012916,20250612,20250612,1.031331
000001.SZ,1d,2018-10-23,9.181067912584567,9.197462676714181,8.795790955538607,8.88596215825149,1602545.0,1759265958.65,20181023,10.84,1.2199016614012916,20250612,20250612,1.031331
000001.SZ,1d,2018-10-24,8.935146450640337,9.287633879427066,8.85317262999226,9.049909799547644,1829424.0,2026171911.6200004,20181024,11.040000000000001,1.2199016614012916,20250612,20250612,1.031331
000001.SZ,1d,2018-10-25,8.85317262999226,9.254844351167835,8.779396191408992,9.254844351167835,1685011.0,1855823739.15,20181025,11.290000000000001,1.2199016614012916,20250612,20250612,1.031331
000001.SZ,1d,2018-10-26,9.254844351167835,9.27123911529745,8.984330743029183,9.164673148454952,1299975.0,1448843512.3,20181026,11.180000000000001,1.2199016614012916,20250612,20250612,1.031331
000001.SZ,1d,2018-10-29,9.181067912584567,9.213857440843796,8.705619752825722,8.812185719668223,1591628.0,1725932497.6100001,20181029,10.750000000000002,1.2199016614012916,20250612,20250612,1.031331
000001.SZ,1d,2018-10-30,8.836777865862645,9.082699327806873,8.795790955538607,8.935146450640337,1501827.0,1641371787.2,20181030,10.9,1.2199016614012916,20250612,20250612,1.031331
000001.SZ,1d,2018-10-31,8.976133360964374,9.008922889223605,8.812185719668221,8.943343832705144,1152683.0,1252156775.98,20181031,10.91,1.2199016614012916,20250612,20250612,1.031331
000001.SZ,1d,2018-11-01,9.008922889223605,9.05810718161245,8.820383101733029,8.877764776186682,1542776.0,1679443449.7099998,20181101,10.83,1.2199016614012916,20250612,20250612,1.031331
000001.SZ,1d,2018-11-02,9.049909799547644,9.148278384325335,8.877764776186682,9.090896709871682,2212922.0,2439179135.98,20181102,11.09,1.2199016614012916,20250612,20250612,1.031331
000001.SZ,1d,2018-11-05,8.976133360964376,9.049909799547644,8.869567394121875,8.951541214769952,1291924.0,1409457171.3,20181105,10.92,1.2199016614012916,20250612,20250612,1.031331
000001.SZ,1d,2018-11-06,8.910554304445913,8.95973859683476,8.795790955538607,8.88596215825149,735725.0,795322638.26,20181106,10.84,1.2199016614012916,20250612,20250612,1.031331
000001.SZ,1d,2018-11-07,8.877764776186682,8.976133360964374,8.812185719668221,8.861370012057067,785597.0,851487053.87,20181107,10.81,1.2199016614012916,20250612,20250612,1.031331
000001.SZ,1d,2018-11-08,8.918751686510722,8.99252812509399,8.869567394121875,8.92694906857553,793976.0,864744243.04,20181108,10.89,1.2199016614012916,20250612,20250612,1.031331
000001.SZ,1d,2018-11-09,8.779396191408992,8.795790955538607,8.525277347399953,8.648238078372069,1629269.0,1716198382.75,20181109,10.55,1.2199016614012916,20250612,20250612,1.031331
000001.SZ,1d,2018-11-12,8.574461639788801,8.672830224566491,8.508882583270339,8.656435460436876,920333.0,965756504.35,20181112,10.56,1.2199016614012916,20250612,20250612,1.031331
000001.SZ,1d,2018-11-13,8.533474729464762,8.730211899020146,8.508882583270339,8.640040696307262,1072497.0,1126736143.27,20181113,10.540000000000001,1.2199016614012916,20250612,20250612,1.031331
000001.SZ,1d,2018-11-14,8.631843314242452,8.648238078372069,8.54167211152957,8.558066875659184,774239.0,810357748.16,20181114,10.44,1.2199016614012916,20250612,20250612,1.031331
000001.SZ,1d,2018-11-15,8.558066875659184,8.722014516955337,8.54167211152957,8.705619752825722,901461.0,949991801.2,20181115,10.62,1.2199016614012916,20250612,20250612,1.031331
000001.SZ,1d,2018-11-16,8.697422370760913,8.7875935734738,8.599053785983223,8.664632842501684,1059592.0,1123173219.43,20181116,10.57,1.2199016614012916,20250612,20250612,1.031331
000001.SZ,1d,2018-11-19,8.664632842501684,8.918751686510722,8.664632842501684,8.894159540316299,1360887.0,1466899416.6200001,20181119,10.85,1.2199016614012916,20250612,20250612,1.031331
000001.SZ,1d,2018-11-20,8.812185719668221,8.853172629992258,8.623645932177645,8.664632842501684,1033877.0,1099654683.02,20181120,10.57,1.2199016614012916,20250612,20250612,1.031331
000001.SZ,1d,2018-11-21,8.60725116804803,8.74660666314976,8.590856403918416,8.697422370760915,666157.0,705638355.22,20181121,10.610000000000001,1.2199016614012916,20250612,20250612,1.031331
000001.SZ,1d,2018-11-22,8.74660666314976,8.74660666314976,8.590856403918416,8.648238078372069,500267.0,527103281.19,20181122,10.55,1.2199016614012916,20250612,20250612,1.031331
000001.SZ,1d,2018-11-23,8.631843314242454,8.672830224566491,8.451500908816685,8.459698290881493,700358.0,730667665.37,20181123,10.32,1.2199016614012916,20250612,20250612,1.031331
000001.SZ,1d,2018-11-26,8.476093055011107,8.574461639788801,8.443303526751878,8.476093055011107,516569.0,535963342.8600001,20181126,10.34,1.2199016614012916,20250612,20250612,1.031331
000001.SZ,1d,2018-11-27,8.484290437075915,8.517079965335146,8.32854017784457,8.344934941974186,733448.0,752824120.3000001,20181127,10.18,1.2199016614012916,20250612,20250612,1.031331
000001.SZ,1d,2018-11-28,8.336737559909379,8.451500908816685,8.32854017784457,8.426908762622261,537751.0,550820246.7,20181128,10.28,1.2199016614012916,20250612,20250612,1.031331
000001.SZ,1d,2018-11-29,8.484290437075915,8.517079965335146,8.353132324038993,8.3613297061038,485284.0,499068827.02,20181129,10.2,1.2199016614012916,20250612,20250612,1.031331
000001.SZ,1d,2018-11-30,8.377724470233417,8.492487819140722,8.336737559909379,8.492487819140722,594715.0,610571532.6100001,20181130,10.36,1.2199016614012916,20250612,20250612,1.031331
000001.SZ,1d,2018-12-03,8.681027606631298,8.738409281084953,8.582659021853608,8.681027606631298,1064097.0,1126374829.79,20181203,10.59,1.2199016614012916,20250612,20250612,1.031331
000001.SZ,1d,2018-12-04,8.664632842501682,8.705619752825722,8.631843314242452,8.681027606631298,534813.0,565743744.88,20181204,10.59,1.2199016614012916,20250612,20250612,1.031331
000001.SZ,1d,2018-12-05,8.599053785983223,8.615448550112838,8.525277347399953,8.566264257723994,581545.0,608133290.28,20181205,10.450000000000001,1.2199016614012916,20250612,20250612,1.031331
000001.SZ,1d,2018-12-06,8.492487819140724,8.500685201205531,8.385921852298225,8.40231661642784,578866.0,594649682.9899999,20181206,10.25,1.2199016614012916,20250612,20250612,1.031331
000001.SZ,1d,2018-12-07,8.443303526751876,8.517079965335146,8.418711380557454,8.426908762622261,340216.0,351101370.35,20181207,10.28,1.2199016614012916,20250612,20250612,1.031331
000001.SZ,1d,2018-12-10,8.377724470233417,8.418711380557456,8.303948031650147,8.336737559909379,494818.0,504040653.97,20181210,10.17,1.2199016614012916,20250612,20250612,1.031331
000001.SZ,1d,2018-12-11,8.369527088168608,8.410513998492647,8.336737559909379,8.385921852298225,299089.0,305389210.46,20181211,10.23,1.2199016614012916,20250612,20250612,1.031331
000001.SZ,1d,2018-12-12,8.443303526751878,8.459698290881493,8.361329706103803,8.394119234363032,366379.0,375402863.91999996,20181212,10.24,1.2199016614012916,20250612,20250612,1.031331
000001.SZ,1d,2018-12-13,8.402316616427841,8.590856403918416,8.361329706103803,8.517079965335146,790845.0,819920689.17,20181213,10.39,1.2199016614012916,20250612,20250612,1.031331
000001.SZ,1d,2018-12-14,8.476093055011107,8.484290437075915,8.32854017784457,8.336737559909379,526675.0,539263012.14,20181214,10.17,1.2199016614012916,20250612,20250612,1.031331
000001.SZ,1d,2018-12-17,8.32854017784457,8.4678956729463,8.279355885455724,8.435106144687069,571274.0,584679512.2099999,20181217,10.29,1.2199016614012916,20250612,20250612,1.031331
000001.SZ,1d,2018-12-18,8.3613297061038,8.459698290881493,8.279355885455724,8.295750649585338,537744.0,547157562.7800001,20181218,10.12,1.2199016614012916,20250612,20250612,1.031331
000001.SZ,1d,2018-12-19,8.312145413714955,8.344934941974186,8.115408244159571,8.148197772418802,598007.0,600090171.1800001,20181219,9.94,1.2199016614012916,20250612,20250612,1.031331
000001.SZ,1d,2018-12-20,8.131803008289186,8.172789918613226,7.894078928409765,7.959657984928227,990284.0,964202861.12,20181220,9.71,1.2199016614012916,20250612,20250612,1.031331
000001.SZ,1d,2018-12-21,7.935065838733803,7.951460602863418,7.648157466465536,7.746526051243227,1000616.0,944460332.35,20181221,9.45,1.2199016614012916,20250612,20250612,1.031331
000001.SZ,1d,2018-12-24,7.705539140919189,7.746526051243228,7.63176270233592,7.721933905048804,509117.0,477186904.75,20181224,9.42,1.2199016614012916,20250612,20250612,1.031331
000001.SZ,1d,2018-12-25,7.6153679382063055,7.730131287113613,7.549788881687844,7.656354848530344,586615.0,545235607.8500001,20181225,9.340000000000002,1.2199016614012916,20250612,20250612,1.031331
000001.SZ,1d,2018-12-26,7.664552230595151,7.721933905048804,7.598973174076689,7.623565320271112,421140.0,393215140.96999997,20181226,9.299999999999999,1.2199016614012916,20250612,20250612,1.031331
000001.SZ,1d,2018-12-27,7.746526051243227,7.779315579502458,7.607170556141496,7.607170556141496,624593.0,586343755.0300001,20181227,9.28,1.2199016614012916,20250612,20250612,1.031331
000001.SZ,1d,2018-12-28,7.63176270233592,7.754723433308036,7.63176270233592,7.689144376789574,576604.0,541571004.8000001,20181228,9.38,1.2199016614012916,20250612,20250612,1.031331
000001.SZ,1d,2019-01-02,7.697341758854382,7.721933905048804,7.5088019713638054,7.533394117558228,539386.0,498695109.65999997,20190102,9.19,1.2199016614012916,20250612,20250612,1.031331
000001.SZ,1d,2019-01-03,7.52519673549342,7.648157466465536,7.500604589298998,7.607170556141498,415537.0,384457707.88,20190103,9.280000000000001,1.2199016614012916,20250612,20250612,1.031331
000001.SZ,1d,2019-01-04,7.574381027882267,8.04982918764111,7.557986263752652,7.992447513187456,1481159.0,1422149888.16,20190104,9.75,1.2199016614012916,20250612,20250612,1.031331
000001.SZ,1d,2019-01-07,8.066223951770727,8.074421333835534,7.894078928409765,7.984250131122649,865687.0,841166430.7,20190107,9.74,1.2199016614012916,20250612,20250612,1.031331
000001.SZ,1d,2019-01-08,7.976052749057842,7.984250131122649,7.885881546344958,7.9186710746041875,402388.0,389247795.73,20190108,9.66,1.2199016614012916,20250612,20250612,1.031331
000001.SZ,1d,2019-01-09,7.984250131122649,8.26296112132611,7.95146060286342,8.148197772418802,1233486.0,1229465116.69,20190109,9.940000000000001,1.2199016614012916,20250612,20250612,1.031331
000001.SZ,1d,2019-01-10,8.090816097965147,8.3613297061038,8.08261871590034,8.279355885455724,1071817.0,1079711035.8,20190110,10.1,1.2199016614012916,20250612,20250612,1.031331
000001.SZ,1d,2019-01-11,8.287553267520533,8.377724470233417,8.238368975131687,8.361329706103803,696364.0,708001802.1700001,20190111,10.200000000000001,1.2199016614012916,20250612,20250612,1.031331
000001.SZ,1d,2019-01-14,8.377724470233417,8.40231661642784,8.254763739261302,8.287553267520531,500443.0,507862882.18000007,20190114,10.11,1.2199016614012916,20250612,20250612,1.031331
000001.SZ,1d,2019-01-15,8.287553267520531,8.426908762622261,8.271158503390916,8.394119234363032,542160.0,553027309.58,20190115,10.24,1.2199016614012916,20250612,20250612,1.031331
000001.SZ,1d,2019-01-16,8.394119234363032,8.60725116804803,8.385921852298225,8.590856403918416,977699.0,1017495116.1099999,20190116,10.48,1.2199016614012916,20250612,20250612,1.031331
000001.SZ,1d,2019-01-17,8.64004069630726,8.664632842501684,8.336737559909379,8.40231661642784,882811.0,910212066.3100001,20190117,10.25,1.2199016614012916,20250612,20250612,1.031331
000001.SZ,1d,2019-01-18,8.476093055011107,8.599053785983223,8.426908762622261,8.549869493594377,738793.0,769973637.95,20190118,10.43,1.2199016614012916,20250612,20250612,1.031331
000001.SZ,1d,2019-01-21,8.476093055011107,8.582659021853608,8.459698290881493,8.476093055011107,659355.0,684465646.24,20190121,10.34,1.2199016614012916,20250612,20250612,1.031331
000001.SZ,1d,2019-01-22,8.476093055011107,8.558066875659184,8.410513998492647,8.426908762622261,424413.0,438991450.35,20190122,10.28,1.2199016614012916,20250612,20250612,1.031331
000001.SZ,1d,2019-01-23,8.43510614468707,8.582659021853608,8.43510614468707,8.484290437075916,537876.0,559384396.28,20190123,10.350000000000001,1.2199016614012916,20250612,20250612,1.031331
000001.SZ,1d,2019-01-24,8.525277347399953,8.648238078372069,8.500685201205531,8.623645932177647,679240.0,711495718.15,20190124,10.520000000000001,1.2199016614012916,20250612,20250612,1.031331
000001.SZ,1d,2019-01-25,8.656435460436876,9.049909799547644,8.648238078372069,9.017120271288412,2108361.0,2299718224.86,20190125,11.0,1.2199016614012916,20250612,20250612,1.031331
000001.SZ,1d,2019-01-28,9.049909799547644,9.13188362019572,8.918751686510722,8.967935978899568,1035909.0,1141853833.8300002,20190128,10.940000000000001,1.2199016614012916,20250612,20250612,1.031331
000001.SZ,1d,2019-01-29,8.984330743029181,9.074501945742066,8.828580483797836,9.017120271288412,826631.0,904847854.0699999,20190129,11.0,1.2199016614012916,20250612,20250612,1.031331
000001.SZ,1d,2019-01-30,8.976133360964374,9.16467314845495,8.902356922381106,8.976133360964374,712001.0,785204571.5500001,20190130,10.95,1.2199016614012916,20250612,20250612,1.031331
000001.SZ,1d,2019-01-31,9.000725507158796,9.181067912584565,8.967935978899567,9.09909409193649,831622.0,922602874.5899999,20190131,11.1,1.2199016614012916,20250612,20250612,1.031331
000001.SZ,1d,2019-02-01,9.181067912584567,9.222054822908603,8.984330743029183,9.181067912584567,1014270.0,1127216186.16,20190201,11.200000000000001,1.2199016614012916,20250612,20250612,1.031331
000001.SZ,1d,2019-02-11,9.082699327806873,9.189265294649374,8.99252812509399,9.189265294649374,801936.0,889951528.7600001,20190211,11.21,1.2199016614012916,20250612,20250612,1.031331
000001.SZ,1d,2019-02-12,9.181067912584565,9.27123911529745,9.041712417482834,9.172870530519758,959936.0,1071873084.84,20190212,11.19,1.2199016614012916,20250612,20250612,1.031331
000001.SZ,1d,2019-02-13,9.17287053051976,9.353212935945526,9.115488856066106,9.328620789751104,1137365.0,1280182096.94,20190213,11.38,1.2199016614012916,20250612,20250612,1.031331
000001.SZ,1d,2019-02-14,9.263041733232642,9.287633879427066,9.172870530519758,9.222054822908603,869185.0,977818097.6200001,20190214,11.25,1.2199016614012916,20250612,20250612,1.031331
000001.SZ,1d,2019-02-15,9.205660058778989,9.205660058778989,8.935146450640337,8.976133360964376,1100127.0,1213914428.9,20190215,10.950000000000001,1.2199016614012916,20250612,20250612,1.031331
000001.SZ,1d,2019-02-18,9.058107181612451,9.31222602562149,9.049909799547644,9.31222602562149,1255522.0,1408279680.0900002,20190218,11.360000000000001,1.2199016614012916,20250612,20250612,1.031331
000001.SZ,1d,2019-02-19,9.312226025621488,9.525357959306488,9.213857440843796,9.238449587038218,1270882.0,1445281382.8999999,20190219,11.27,1.2199016614012916,20250612,20250612,1.031331
000001.SZ,1d,2019-02-20,9.287633879427066,9.451581520723218,9.222054822908603,9.353212935945526,832629.0,949430819.5100001,20190220,11.41,1.2199016614012916,20250612,20250612,1.031331
000001.SZ,1d,2019-02-21,9.328620789751103,9.467976284852833,9.246646969103026,9.312226025621488,754246.0,860591070.9,20190221,11.36,1.2199016614012916,20250612,20250612,1.031331
000001.SZ,1d,2019-02-22,9.30402864355668,9.48437104898245,9.140081002260528,9.459778902788026,1184047.0,1343020336.09,20190222,11.540000000000001,1.2199016614012916,20250612,20250612,1.031331
000001.SZ,1d,2019-02-25,9.590937015824949,10.361490929916867,9.48437104898245,10.287714491333599,2824935.0,3415946860.2000003,20190225,12.55,1.2199016614012916,20250612,20250612,1.031331
000001.SZ,1d,2019-02-26,10.287714491333599,10.304109255463214,9.959819208741292,10.00080611906533,2017544.0,2485673356.7699995,20190226,12.200000000000001,1.2199016614012916,20250612,20250612,1.031331
000001.SZ,1d,2019-02-27,10.033595647324562,10.377885694046482,9.959819208741292,10.164753760361483,1979013.0,2454404411.85,20190227,12.4,1.2199016614012916,20250612,20250612,1.031331
000001.SZ,1d,2019-02-28,10.197543288620713,10.336898783722443,10.058187793518984,10.131964232102252,1113099.0,1383110810.74,20190228,12.36,1.2199016614012916,20250612,20250612,1.031331
000001.SZ,1d,2019-03-01,10.230332816879946,10.476254278824175,10.00080611906533,10.45985951469456,1712679.0,2137669556.8100002,20190301,12.760000000000002,1.2199016614012916,20250612,20250612,1.031331
000001.SZ,1d,2019-03-04,10.410675222305713,10.968097202712633,10.345096165787252,10.648399302185135,2456830.0,3195011702.87,20190304,12.99,1.2199016614012916,20250612,20250612,1.031331
000001.SZ,1d,2019-03-05,10.582820245666673,10.894320764129363,10.52543857121302,10.705780976638788,1408422.0,1838251656.51,20190305,13.06,1.2199016614012916,20250612,20250612,1.031331
000001.SZ,1d,2019-03-06,10.705780976638788,10.779557415222056,10.52543857121302,10.722175740768403,1245760.0,1614670974.69,20190306,13.08,1.2199016614012916,20250612,20250612,1.031331
000001.SZ,1d,2019-03-07,10.705780976638788,10.705780976638788,10.287714491333599,10.443464750564944,1782057.0,2274151007.32,20190307,12.74,1.2199016614012916,20250612,20250612,1.031331
000001.SZ,1d,2019-03-08,10.238530198944753,10.410675222305713,10.04179302938937,10.082779939713408,1778162.0,2214572416.75,20190308,12.3,1.2199016614012916,20250612,20250612,1.031331
000001.SZ,1d,2019-03-11,10.082779939713408,10.238530198944753,9.877845388093217,10.099174703843023,1157650.0,1416000379.71,20190311,12.32,1.2199016614012916,20250612,20250612,1.031331
000001.SZ,1d,2019-03-12,10.238530198944753,10.361490929916867,10.033595647324562,10.131964232102252,1411794.0,1757797250.71,20190312,12.36,1.2199016614012916,20250612,20250612,1.031331
000001.SZ,1d,2019-03-13,10.11556946797264,10.287714491333599,9.943424444611678,10.140161614167061,1269427.0,1568387543.68,20190313,12.370000000000001,1.2199016614012916,20250612,20250612,1.031331
000001.SZ,1d,2019-03-14,10.10737208590783,10.34509616578725,10.058187793518984,10.189345906555905,1057467.0,1316372926.2,20190314,12.43,1.2199016614012916,20250612,20250612,1.031331
000001.SZ,1d,2019-03-15,10.115569467972637,10.394280458176098,10.115569467972637,10.24672758100956,1045406.0,1311323009.34,20190315,12.5,1.2199016614012916,20250612,20250612,1.031331
000001.SZ,1d,2019-03-18,10.271319727203984,10.607412391861097,10.099174703843023,10.582820245666673,1486454.0,1882483633.89,20190318,12.91,1.2199016614012916,20250612,20250612,1.031331
000001.SZ,1d,2019-03-19,10.591017627731482,10.607412391861097,10.336898783722443,10.48445166088898,957196.0,1221118294.2,20190319,12.79,1.2199016614012916,20250612,20250612,1.031331
000001.SZ,1d,2019-03-20,10.394280458176098,10.55822809947225,10.345096165787252,10.451662132629753,929996.0,1185477058.67,20190320,12.750000000000002,1.2199016614012916,20250612,20250612,1.031331
000001.SZ,1d,2019-03-21,10.468056896759366,10.49264904295379,10.312306637528021,10.402477840240905,860140.0,1092506482.84,20190321,12.69,1.2199016614012916,20250612,20250612,1.031331
000001.SZ,1d,2019-03-22,10.402477840240905,10.443464750564944,10.24672758100956,10.320504019592828,713502.0,898629416.83,20190322,12.59,1.2199016614012916,20250612,20250612,1.031331
000001.SZ,1d,2019-03-25,10.164753760361483,10.164753760361483,9.918832298417254,9.927029680482061,1179883.0,1445560160.24,20190325,12.11,1.2199016614012916,20250612,20250612,1.031331
000001.SZ,1d,2019-03-26,10.025398265259753,10.074582557648599,9.845055859833986,9.918832298417254,935393.0,1136721266.5500002,20190326,12.1,1.2199016614012916,20250612,20250612,1.031331
000001.SZ,1d,2019-03-27,10.033595647324562,10.222135434815137,9.984411354935714,10.148358996231867,922826.0,1138302657.13,20190327,12.379999999999999,1.2199016614012916,20250612,20250612,1.031331
000001.SZ,1d,2019-03-28,10.090977321778215,10.090977321778215,9.918832298417254,10.017200883194946,732467.0,892530627.33,20190328,12.219999999999999,1.2199016614012916,20250612,20250612,1.031331
000001.SZ,1d,2019-03-29,10.049990411454177,10.509043807083405,10.009003501130138,10.509043807083405,1669506.0,2108295393.9300003,20190329,12.82,1.2199016614012916,20250612,20250612,1.031331
000001.SZ,1d,2019-04-01,10.517241189148212,11.107452697814363,10.517241189148212,10.80414956141648,1951401.0,2588268668.8700004,20190401,13.18,1.2199016614012916,20250612,20250612,1.031331
000001.SZ,1d,2019-04-02,10.886123382064557,11.05007102336071,10.845136471740519,10.951702438583018,1100384.0,1466040987.0900002,20190402,13.360000000000001,1.2199016614012916,20250612,20250612,1.031331
000001.SZ,1d,2019-04-03,10.828741707610904,11.025478877166288,10.779557415222056,11.017281495101479,792915.0,1056166231.5300001,20190403,13.44,1.2199016614012916,20250612,20250612,1.031331
000001.SZ,1d,2019-04-04,11.009084113036671,11.476334890730707,11.009084113036671,11.3615715418234,2034365.0,2796366353.31,20190404,13.86,1.2199016614012916,20250612,20250612,1.031331
000001.SZ,1d,2019-04-08,11.394361070082631,11.828822319517435,11.246808192916093,11.443545362471477,1743176.0,2464536241.4700003,20190408,13.96,1.2199016614012916,20250612,20250612,1.031331
000001.SZ,1d,2019-04-09,11.369768923888207,11.459940126601092,11.271400339110516,11.320584631499361,781332.0,1080549202.28,20190409,13.81,1.2199016614012916,20250612,20250612,1.031331
000001.SZ,1d,2019-04-10,11.271400339110516,11.377966305953017,10.98449196684225,11.2550055749809,947135.0,1289475602.49,20190410,13.73,1.2199016614012916,20250612,20250612,1.031331
000001.SZ,1d,2019-04-11,11.2550055749809,11.443545362471477,11.058268405425517,11.099255315749556,655356.0,897382236.21,20190411,13.540000000000001,1.2199016614012916,20250612,20250612,1.031331
000001.SZ,1d,2019-04-12,11.058268405425517,11.140242226073594,10.828741707610904,11.000886730971866,774324.0,1035139673.9499999,20190412,13.420000000000002,1.2199016614012916,20250612,20250612,1.031331
000001.SZ,1d,2019-04-15,11.246808192916093,11.550111329313976,11.197623900527248,11.22221604672167,1533890.0,2134708981.63,20190415,13.69,1.2199016614012916,20250612,20250612,1.031331
000001.SZ,1d,2019-04-16,11.205821282592055,11.951783050489551,11.107452697814363,11.951783050489551,2379375.0,3379550307.18,20190416,14.58,1.2199016614012916,20250612,20250612,1.031331
000001.SZ,1d,2019-04-17,11.820624937452628,11.959980432554358,11.664874678221283,11.763243262998975,1004109.0,1443493493.4099998,20190417,14.35,1.2199016614012916,20250612,20250612,1.031331
000001.SZ,1d,2019-04-18,11.722256352674936,11.77963802712859,11.566506093443591,11.755045880934167,507045.0,721908800.5899999,20190418,14.34,1.2199016614012916,20250612,20250612,1.031331
000001.SZ,1d,2019-04-19,11.845217083647052,12.13212545591532,11.722256352674936,12.074743781461665,1246036.0,1814875936.7,20190419,14.73,1.2199016614012916,20250612,20250612,1.031331
000001.SZ,1d,2019-04-22,11.968177814619166,12.16491498417455,11.541913947249169,11.599295621702822,1322273.0,1899850004.34,20190422,14.15,1.2199016614012916,20250612,20250612,1.031331
000001.SZ,1d,2019-04-23,11.558308711378785,11.64028253202686,11.451742744536284,11.533716565184362,940687.0,1326465625.0800002,20190423,14.07,1.2199016614012916,20250612,20250612,1.031331
000001.SZ,1d,2019-04-24,11.84521708364705,11.968177814619166,11.60749300376763,11.837019701582243,1949723.0,2811131027.08,20190424,14.44,1.2199016614012916,20250612,20250612,1.031331
000001.SZ,1d,2019-04-25,11.787835409193399,12.000967342878397,11.582900857573208,11.582900857573208,1111476.0,1597895217.3200002,20190425,14.13,1.2199016614012916,20250612,20250612,1.031331
000001.SZ,1d,2019-04-26,11.541913947249169,11.6812694423509,11.230413428786479,11.304189867369747,1009421.0,1407987365.7900002,20190426,13.790000000000001,1.2199016614012916,20250612,20250612,1.031331
000001.SZ,1d,2019-04-29,11.39436107008263,11.74684849886936,11.3615715418234,11.558308711378784,1030695.0,1450714134.04,20190429,14.1,1.2199016614012916,20250612,20250612,1.031331
000001.SZ,1d,2019-04-30,11.4681375086659,11.517321801054745,11.140242226073592,11.353374159758593,1116570.0,1542958577.5900002,20190430,13.85,1.2199016614012916,20250612,20250612,1.031331
000001.SZ,1d,2019-05-06,10.73857050489802,10.94350505651821,10.418872604370522,10.550030717407443,2108667.0,2742409411.07,20190506,12.870000000000001,1.2199016614012916,20250612,20250612,1.031331
000001.SZ,1d,2019-05-07,10.681188830444366,10.73037312283321,10.42706998643533,10.615609773925906,1072658.0,1386247078.7,20190507,12.950000000000001,1.2199016614012916,20250612,20250612,1.031331
000001.SZ,1d,2019-05-08,10.42706998643533,10.582820245666673,10.24672758100956,10.328701401657636,975450.0,1236655982.73,20190508,12.6,1.2199016614012916,20250612,20250612,1.031331
000001.SZ,1d,2019-05-09,10.263122345139177,10.312306637528021,9.877845388093217,9.9680165908061,1557151.0,1904905488.71,20190509,12.16,1.2199016614012916,20250612,20250612,1.031331
000001.SZ,1d,2019-05-10,10.115569467972637,10.451662132629751,9.918832298417254,10.394280458176098,1192399.0,1489975624.98,20190510,12.68,1.2199016614012916,20250612,20250612,1.031331
000001.SZ,1d,2019-05-13,10.10737208590783,10.279517109268792,10.025398265259753,10.082779939713408,741917.0,916213719.48,20190513,12.3,1.2199016614012916,20250612,20250612,1.031331
000001.SZ,1d,2019-05-14,10.000806119065329,10.451662132629751,9.9680165908061,10.238530198944753,1182598.0,1477008362.9199998,20190514,12.49,1.2199016614012916,20250612,20250612,1.031331
000001.SZ,1d,2019-05-15,10.312306637528021,10.746767886962825,10.304109255463214,10.591017627731482,1103988.0,1417050112.5900002,20190515,12.92,1.2199016614012916,20250612,20250612,1.031331
000001.SZ,1d,2019-05-16,10.59921500979629,10.648399302185137,10.476254278824175,10.533635953277829,634901.0,816740932.1200001,20190516,12.850000000000001,1.2199016614012916,20250612,20250612,1.031331
000001.SZ,1d,2019-05-17,10.591017627731482,10.59921500979629,10.131964232102252,10.197543288620713,965000.0,1208569909.79,20190517,12.44,1.2199016614012916,20250612,20250612,1.031331
000001.SZ,1d,2019-05-20,10.123766850037445,10.27951710926879,10.04179302938937,10.148358996231869,786435.0,971222474.19,20190520,12.38,1.2199016614012916,20250612,20250612,1.031331
000001.SZ,1d,2019-05-21,10.164753760361481,10.435267368500135,10.131964232102252,10.295911873398405,731210.0,919191240.9100001,20190521,12.559999999999999,1.2199016614012916,20250612,20250612,1.031331
000001.SZ,1d,2019-05-22,10.304109255463214,10.304109255463214,10.099174703843023,10.164753760361483,506230.0,628437470.0600001,20190522,12.4,1.2199016614012916,20250612,20250612,1.031331
000001.SZ,1d,2019-05-23,10.033595647324562,10.181148524491098,9.951621826676485,10.0745825576486,666855.0,817850530.3199999,20190523,12.290000000000001,1.2199016614012916,20250612,20250612,1.031331
000001.SZ,1d,2019-05-24,10.123766850037445,10.205740670685522,10.090977321778215,10.123766850037445,495526.0,613106248.37,20190524,12.35,1.2199016614012916,20250612,20250612,1.031331
000001.SZ,1d,2019-05-27,10.009003501130138,10.181148524491098,9.779476803315523,10.14016161416706,1048425.0,1275632724.48,20190527,12.37,1.2199016614012916,20250612,20250612,1.031331
000001.SZ,1d,2019-05-28,10.090977321778215,10.287714491333597,10.049990411454177,10.238530198944753,880703.0,1094063186.24,20190528,12.49,1.2199016614012916,20250612,20250612,1.031331
000001.SZ,1d,2019-05-29,10.131964232102252,10.320504019592828,10.049990411454177,10.164753760361483,666411.0,827828661.23,20190529,12.4,1.2199016614012916,20250612,20250612,1.031331
000001.SZ,1d,2019-05-30,10.099174703843023,10.148358996231867,9.927029680482061,10.017200883194946,646284.0,787801007.39,20190530,12.219999999999999,1.2199016614012916,20250612,20250612,1.031331
000001.SZ,1d,2019-05-31,9.9680165908061,10.164753760361481,9.927029680482061,9.984411354935714,686794.0,839375709.99,20190531,12.18,1.2199016614012916,20250612,20250612,1.031331
000001.SZ,1d,2019-06-03,10.017200883194946,10.10737208590783,9.68930560060264,9.754884657121101,1512719.0,1816591876.76,20190603,11.9,1.2199016614012916,20250612,20250612,1.031331
000001.SZ,1d,2019-06-04,9.746687275056292,9.78767418538033,9.508963195176872,9.713897746797063,974655.0,1147709578.0800002,20190604,11.85,1.2199016614012916,20250612,20250612,1.031331
000001.SZ,1d,2019-06-05,9.812266331574754,9.951621826676485,9.771279421250716,9.812266331574754,748892.0,899331716.0500001,20190605,11.97,1.2199016614012916,20250612,20250612,1.031331
000001.SZ,1d,2019-06-06,9.812266331574754,9.894240152222832,9.746687275056294,9.771279421250716,433665.0,519425127.17999995,20190606,11.92,1.2199016614012916,20250612,20250612,1.031331
000001.SZ,1d,2019-06-10,9.845055859833986,10.222135434815137,9.820463713639562,10.115569467972637,1144668.0,1404223620.41,20190610,12.34,1.2199016614012916,20250612,20250612,1.031331
000001.SZ,1d,2019-06-11,10.115569467972637,10.42706998643533,10.082779939713408,10.369688311981674,1251087.0,1574105212.1800003,20190611,12.65,1.2199016614012916,20250612,20250612,1.031331
000001.SZ,1d,2019-06-12,10.353293547852058,10.377885694046482,10.197543288620713,10.304109255463214,657310.0,825178004.4200001,20190612,12.57,1.2199016614012916,20250612,20250612,1.031331
000001.SZ,1d,2019-06-13,10.27951710926879,10.394280458176098,10.189345906555905,10.320504019592828,530000.0,666277695.76,20190613,12.59,1.2199016614012916,20250612,20250612,1.031331
000001.SZ,1d,2019-06-14,10.32050401959283,10.402477840240905,10.205740670685522,10.238530198944753,483191.0,606815214.15,20190614,12.49,1.2199016614012916,20250612,20250612,1.031331
000001.SZ,1d,2019-06-17,10.230332816879946,10.484451660888983,10.230332816879946,10.386083076111289,619815.0,786223580.98,20190617,12.67,1.2199016614012916,20250612,20250612,1.031331
000001.SZ,1d,2019-06-18,10.386083076111289,10.533635953277827,10.320504019592828,10.49264904295379,483555.0,616237571.71,20190618,12.8,1.2199016614012916,20250612,20250612,1.031331
000001.SZ,1d,2019-06-19,10.894320764129363,10.976294584777442,10.66479406631475,10.713978358703596,1143226.0,1504997837.9,20190619,13.07,1.2199016614012916,20250612,20250612,1.031331
000001.SZ,1d,2019-06-20,10.795952179351673,11.43534798040667,10.754965269027634,11.312387249434554,1529191.0,2083209238.7299998,20190620,13.8,1.2199016614012916,20250612,20250612,1.031331
000001.SZ,1d,2019-06-21,11.279597721175323,11.369768923888207,11.132044844008785,11.181229136397633,1011129.0,1384099587.01,20190621,13.64,1.2199016614012916,20250612,20250612,1.031331
000001.SZ,1d,2019-06-24,11.22221604672167,11.336979395628976,11.156636990203209,11.22221604672167,659572.0,904433349.2900001,20190624,13.69,1.2199016614012916,20250612,20250612,1.031331
000001.SZ,1d,2019-06-25,11.246808192916093,11.246808192916093,10.713978358703596,11.009084113036671,1469227.0,1954855785.9299998,20190625,13.43,1.2199016614012916,20250612,20250612,1.031331
000001.SZ,1d,2019-06-26,10.992514072483747,11.18303993809575,10.92624420618392,11.07535140535853,546504.0,731207282.9,20190626,13.37,1.2071851727911098,20250612,20250612,1.031331
000001.SZ,1d,2019-06-27,11.183039938095751,11.472970603157492,11.141621271658359,11.356998337132795,925074.0,1270042461.29,20190627,13.71,1.2071851727911098,20250612,20250612,1.031331
000001.SZ,1d,2019-06-28,11.373565803707752,11.423268203432622,11.249309804395576,11.414984470145143,498093.0,682679970.2,20190628,13.78,1.2071851727911098,20250612,20250612,1.031331
000001.SZ,1d,2019-07-01,11.605510335757145,11.746333801644278,11.489538069732449,11.539240469457319,960636.0,1347792874.8,20190701,13.930000000000001,1.2071851727911098,20250612,20250612,1.031331
000001.SZ,1d,2019-07-02,11.497821803019926,11.796036201369146,11.48125433644497,11.746333801644276,1052744.0,1481211353.19,20190702,14.18,1.2071851727911098,20250612,20250612,1.031331
000001.SZ,1d,2019-07-03,11.746333801644278,11.771185001506712,11.489538069732449,11.605510335757145,769078.0,1076744400.79,20190703,14.010000000000002,1.2071851727911098,20250612,20250612,1.031331
000001.SZ,1d,2019-07-04,11.605510335757145,11.829171134519061,11.497821803019926,11.588942869182189,621292.0,873624287.32,20190704,13.99,1.2071851727911098,20250612,20250612,1.031331
000001.SZ,1d,2019-07-05,11.555807936032274,11.580659135894708,11.340430870557837,11.53095673616984,749196.0,1037357175.72,20190705,13.92,1.2071851727911098,20250612,20250612,1.031331
000001.SZ,1d,2019-07-08,11.448119403295056,11.497821803019926,11.141621271658359,11.257593537683055,778413.0,1061095712.61,20190708,13.590000000000002,1.2071851727911098,20250612,20250612,1.031331
000001.SZ,1d,2019-07-09,11.290728470832967,11.356998337132794,11.13333753837088,11.257593537683055,494296.0,670391720.57,20190709,13.59,1.2071851727911098,20250612,20250612,1.031331
000001.SZ,1d,2019-07-10,11.27416100425801,11.348714603845318,11.174756204808272,11.23274233782062,358220.0,487071876.75000006,20190710,13.56,1.2071851727911098,20250612,20250612,1.031331
000001.SZ,1d,2019-07-11,11.332147137270361,11.414984470145145,11.207891137958185,11.216174871245665,484183.0,660588299.89,20190711,13.540000000000001,1.2071851727911098,20250612,20250612,1.031331
000001.SZ,1d,2019-07-12,11.265877270970533,11.787752468081669,11.249309804395576,11.696631401919408,1465366.0,2055749881.65,20190712,14.120000000000001,1.2071851727911098,20250612,20250612,1.031331
000001.SZ,1d,2019-07-15,11.6220778023321,11.696631401919406,11.464686869870013,11.597226602469666,841282.0,1175798104.87,20190715,14.0,1.2071851727911098,20250612,20250612,1.031331
000001.SZ,1d,2019-07-16,11.572375402607232,11.588942869182189,11.356998337132795,11.390133270282709,722780.0,998151578.95,20190716,13.75,1.2071851727911098,20250612,20250612,1.031331
000001.SZ,1d,2019-07-17,11.348714603845316,11.439835670007577,11.27416100425801,11.340430870557837,410020.0,561944451.84,20190717,13.69,1.2071851727911098,20250612,20250612,1.031331
000001.SZ,1d,2019-07-18,11.307295937407925,11.439835670007579,11.23274233782062,11.323863403982882,422826.0,578067487.97,20190718,13.67,1.2071851727911098,20250612,20250612,1.031331
000001.SZ,1d,2019-07-19,11.38184953699523,11.663496468769493,11.33214713727036,11.588942869182189,866390.0,1207316526.53,20190719,13.99,1.2071851727911098,20250612,20250612,1.031331
000001.SZ,1d,2019-07-22,11.564091669319753,11.613794069044623,11.398417003570186,11.47297060315749,582283.0,807249426.05,20190722,13.85,1.2071851727911098,20250612,20250612,1.031331
000001.SZ,1d,2019-07-23,11.481254336444971,11.489538069732449,11.307295937407925,11.398417003570186,504004.0,692328447.63,20190723,13.76,1.2071851727911098,20250612,20250612,1.031331
000001.SZ,1d,2019-07-24,11.489538069732449,11.605510335757145,11.423268203432622,11.497821803019926,570276.0,793387782.2,20190724,13.88,1.2071851727911098,20250612,20250612,1.031331
000001.SZ,1d,2019-07-25,11.53095673616984,11.82088740123158,11.47297060315749,11.762901268219233,1087826.0,1534889645.77,20190725,14.2,1.2071851727911098,20250612,20250612,1.031331
000001.SZ,1d,2019-07-26,11.746333801644276,11.804319934656625,11.663496468769493,11.787752468081669,635305.0,901074107.51,20190726,14.23,1.2071851727911098,20250612,20250612,1.031331
000001.SZ,1d,2019-07-29,11.804319934656625,11.96999460040619,11.746333801644276,11.837454867806537,715576.0,1023261763.08,20190729,14.29,1.2071851727911098,20250612,20250612,1.031331
000001.SZ,1d,2019-07-30,11.854022334381495,12.052831933280975,11.837454867806539,11.903724734106365,796634.0,1148582412.5600002,20190730,14.370000000000001,1.2071851727911098,20250612,20250612,1.031331
000001.SZ,1d,2019-07-31,11.845738601094016,11.862306067668973,11.663496468769493,11.704915135206885,634723.0,899227865.95,20190731,14.13,1.2071851727911098,20250612,20250612,1.031331
000001.SZ,1d,2019-08-01,11.646929002194536,11.754617534931754,11.547524202744796,11.68006393534445,527981.0,742308285.2,20190801,14.1,1.2071851727911098,20250612,20250612,1.031331
000001.SZ,1d,2019-08-02,11.406700736857664,11.497821803019926,11.315579670695403,11.38184953699523,969926.0,1333400773.79,20190802,13.74,1.2071851727911098,20250612,20250612,1.031331
000001.SZ,1d,2019-08-05,11.265877270970533,11.299012204120446,10.992514072483747,11.058783938783574,893082.0,1201885399.11,20190805,13.35,1.2071851727911098,20250612,20250612,1.031331
000001.SZ,1d,2019-08-06,10.851690606596618,11.149905004945838,10.793704473584269,11.075351405358532,882499.0,1166971469.04,20190806,13.370000000000001,1.2071851727911098,20250612,20250612,1.031331
000001.SZ,1d,2019-08-07,11.174756204808272,11.299012204120446,11.075351405358532,11.216174871245665,793038.0,1070736943.88,20190807,13.540000000000001,1.2071851727911098,20250612,20250612,1.031331
000001.SZ,1d,2019-08-08,11.514389269594883,12.011413266843583,11.47297060315749,11.912008467393843,2330715.0,3313302100.1800003,20190808,14.379999999999999,1.2071851727911098,20250612,20250612,1.031331
000001.SZ,1d,2019-08-09,12.052831933280974,12.301343931905324,11.953427133831234,12.02798073341854,2060575.0,3021884306.17,20190809,14.52,1.2071851727911098,20250612,20250612,1.031331
000001.SZ,1d,2019-08-12,12.102534333005844,12.52500473066724,12.094250599718366,12.52500473066724,2733425.0,4084497902.64,20190812,15.12,1.2071851727911098,20250612,20250612,1.031331
000001.SZ,1d,2019-08-13,12.4255999312175,12.491869797517326,12.210222865743063,12.334478865055239,1293736.0,1925835288.3000002,20190813,14.89,1.2071851727911098,20250612,20250612,1.031331
000001.SZ,1d,2019-08-14,12.541572197242196,12.607842063542023,12.259925265467933,12.400748731355066,1360546.0,2038261151.5400002,20190814,14.97,1.2071851727911098,20250612,20250612,1.031331
000001.SZ,1d,2019-08-15,12.12738553286828,12.392464998067586,12.094250599718366,12.37589753149263,897376.0,1333117725.96,20190815,14.94,1.2071851727911098,20250612,20250612,1.031331
000001.SZ,1d,2019-08-16,12.500153530804806,12.541572197242196,12.243357798892978,12.342762598342716,986902.0,1474900257.6000001,20190816,14.9,1.2071851727911098,20250612,20250612,1.031331
000001.SZ,1d,2019-08-19,12.351046331630195,12.37589753149263,12.02798073341854,12.359330064917673,2292956.0,3368207935.07,20190819,14.92,1.2071851727911098,20250612,20250612,1.031331
000001.SZ,1d,2019-08-20,12.359330064917673,12.591274596967066,12.235074065605497,12.417316197930022,1921041.0,2872304200.9100003,20190820,14.99,1.2071851727911098,20250612,20250612,1.031331
000001.SZ,1d,2019-08-21,12.317911398480282,12.334478865055239,11.912008467393843,11.969994600406192,1990131.0,2902251100.57,20190821,14.450000000000001,1.2071851727911098,20250612,20250612,1.031331
000001.SZ,1d,2019-08-22,11.9285759339688,11.969994600406192,11.762901268219235,11.854022334381495,1353071.0,1935208499.0500002,20190822,14.31,1.2071851727911098,20250612,20250612,1.031331
000001.SZ,1d,2019-08-23,11.903724734106364,12.210222865743063,11.887157267531407,12.135669266155759,1636867.0,2388239081.28,20190823,14.65,1.2071851727911098,20250612,20250612,1.031331
000001.SZ,1d,2019-08-26,11.945143400543756,12.011413266843583,11.721482601781842,11.804319934656625,1415122.0,2018498039.72,20190826,14.25,1.2071851727911098,20250612,20250612,1.031331
000001.SZ,1d,2019-08-27,11.895441000818886,11.994845800268626,11.796036201369146,11.854022334381495,1356713.0,1948127123.02,20190827,14.31,1.2071851727911098,20250612,20250612,1.031331
000001.SZ,1d,2019-08-28,11.812603667944105,11.829171134519061,11.638645268907059,11.820887401231582,829657.0,1176329095.67,20190828,14.270000000000001,1.2071851727911098,20250612,20250612,1.031331
000001.SZ,1d,2019-08-29,11.77946873479419,11.796036201369146,11.663496468769493,11.704915135206885,609034.0,861177482.39,20190829,14.13,1.2071851727911098,20250612,20250612,1.031331
000001.SZ,1d,2019-08-30,11.837454867806537,11.92029220068132,11.68006393534445,11.72976633506932,798500.0,1136119659.76,20190830,14.16,1.2071851727911098,20250612,20250612,1.031331
000001.SZ,1d,2019-09-02,11.72148260178184,12.011413266843583,11.688347668631927,11.96999460040619,1360201.0,1955673136.8999999,20190902,14.45,1.2071851727911098,20250612,20250612,1.031331
000001.SZ,1d,2019-09-03,11.994845800268626,12.01969700013106,11.804319934656625,11.845738601094016,858653.0,1230606485.0300002,20190903,14.3,1.2071851727911098,20250612,20250612,1.031331
000001.SZ,1d,2019-09-04,11.862306067668973,12.011413266843583,11.854022334381495,11.961710867118715,973964.0,1404037295.8,20190904,14.440000000000001,1.2071851727911098,20250612,20250612,1.031331
000001.SZ,1d,2019-09-05,12.061115666568453,12.301343931905325,12.052831933280975,12.07768313314341,1768051.0,2599478258.9100003,20190905,14.58,1.2071851727911098,20250612,20250612,1.031331
000001.SZ,1d,2019-09-06,12.185371665880629,12.268208998755412,12.110818066293325,12.268208998755412,986432.0,1451264912.6499999,20190906,14.81,1.2071851727911098,20250612,20250612,1.031331
000001.SZ,1d,2019-09-09,12.409032464642543,12.4255999312175,12.094250599718366,12.16880419930567,1299839.0,1918042303.9099998,20190909,14.69,1.2071851727911098,20250612,20250612,1.031331
000001.SZ,1d,2019-09-10,12.094250599718366,12.12738553286828,11.936859667256279,12.052831933280975,796870.0,1155180739.29,20190910,14.55,1.2071851727911098,20250612,20250612,1.031331
000001.SZ,1d,2019-09-11,12.094250599718368,12.185371665880629,11.97827833369367,12.061115666568453,818614.0,1192674258.6000001,20190911,14.56,1.2071851727911098,20250612,20250612,1.031331
000001.SZ,1d,2019-09-12,12.143952999443238,12.243357798892978,12.036264466706019,12.160520466018195,1150687.0,1682911849.7800002,20190912,14.680000000000001,1.2071851727911098,20250612,20250612,1.031331
000001.SZ,1d,2019-09-16,12.177087932593151,12.193655399168106,11.9285759339688,11.969994600406192,929894.0,1349401481.22,20190916,14.450000000000001,1.2071851727911098,20250612,20250612,1.031331
000001.SZ,1d,2019-09-17,11.895441000818886,11.96999460040619,11.746333801644276,11.796036201369146,882655.0,1261416554.2900002,20190917,14.24,1.2071851727911098,20250612,20250612,1.031331
000001.SZ,1d,2019-09-18,11.796036201369146,11.994845800268626,11.796036201369146,11.936859667256279,820436.0,1179079988.0200002,20190918,14.41,1.2071851727911098,20250612,20250612,1.031331
000001.SZ,1d,2019-09-19,11.994845800268626,12.334478865055239,11.994845800268626,12.293060198617846,1884020.0,2777383508.48,20190919,14.84,1.2071851727911098,20250612,20250612,1.031331
000001.SZ,1d,2019-09-20,12.384181264780107,12.756949262716633,12.36761379820515,12.707246862991763,2644285.0,4020646521.9500003,20190920,15.34,1.2071851727911098,20250612,20250612,1.031331
000001.SZ,1d,2019-09-23,12.707246862991763,12.81493539572898,12.57470713039211,12.740381796141676,1403282.0,2148740448.83,20190923,15.379999999999999,1.2071851727911098,20250612,20250612,1.031331
000001.SZ,1d,2019-09-24,12.81493539572898,12.87292152874133,12.57470713039211,12.57470713039211,1129103.0,1726238272.95,20190924,15.18,1.2071851727911098,20250612,20250612,1.031331
000001.SZ,1d,2019-09-25,12.591274596967066,13.129717260653157,12.582990863679587,13.046879927778376,1938892.0,3024598930.57,20190925,15.75,1.2071851727911098,20250612,20250612,1.031331
000001.SZ,1d,2019-09-26,13.138000993940636,13.287108193115246,12.97232632819107,13.013744994628462,1686592.0,2673096951.2300005,20190926,15.71,1.2071851727911098,20250612,20250612,1.031331
000001.SZ,1d,2019-09-27,13.129717260653159,13.253973259965333,13.005461261340985,13.17113592709055,1007706.0,1598567052.2,20190927,15.9,1.2071851727911098,20250612,20250612,1.031331
000001.SZ,1d,2019-09-30,13.046879927778376,13.162852193803072,12.897772728603766,12.91434019517872,1046363.0,1645828526.9,20190930,15.59,1.2071851727911098,20250612,20250612,1.031331
000001.SZ,1d,2019-10-08,12.9226239284662,13.444499125577336,12.9226239284662,13.4196479257149,1386676.0,2225024598.59,20191008,16.2,1.2071851727911098,20250612,20250612,1.031331
000001.SZ,1d,2019-10-09,13.336810592840115,13.684727390914206,13.27054072654029,13.46106659215229,1316693.0,2145061763.15,20191009,16.25,1.2071851727911098,20250612,20250612,1.031331
000001.SZ,1d,2019-10-10,13.477634058727247,13.477634058727247,13.245689526677856,13.452782858864815,879746.0,1418751875.7800002,20191010,16.240000000000002,1.2071851727911098,20250612,20250612,1.031331
000001.SZ,1d,2019-10-11,13.4196479257149,14.040927922275774,13.4196479257149,13.924955656251077,1405422.0,2335030599.2500005,20191011,16.81,1.2071851727911098,20250612,20250612,1.031331
000001.SZ,1d,2019-10-14,14.057495388850734,14.579370585961868,14.016076722413342,14.264588721037692,1557637.0,2688929547.26,20191014,17.220000000000002,1.2071851727911098,20250612,20250612,1.031331
000001.SZ,1d,2019-10-15,14.289439920900124,14.372277253774909,13.933239389538556,14.231453787887776,881955.0,1503633369.4900002,20191015,17.18,1.2071851727911098,20250612,20250612,1.031331
000001.SZ,1d,2019-10-16,14.297723654187601,14.446830853362211,13.775848457076467,13.90838818967612,1267671.0,2146150627.2600002,20191016,16.79,1.2071851727911098,20250612,20250612,1.031331
000001.SZ,1d,2019-10-17,13.999509255838385,14.082346588713166,13.709578590776642,13.833834590088816,1126182.0,1887045621.02,20191017,16.7,1.2071851727911098,20250612,20250612,1.031331
000001.SZ,1d,2019-10-18,13.9166719229636,14.11548152186308,13.6101737913269,13.676443657626727,1196799.0,1999012671.73,20191018,16.509999999999998,1.2071851727911098,20250612,20250612,1.031331
000001.SZ,1d,2019-10-21,13.6101737913269,14.05749538885073,13.6101737913269,13.991225522550906,945952.0,1589276085.98,20191021,16.89,1.2071851727911098,20250612,20250612,1.031331
000001.SZ,1d,2019-10-22,14.007792989125862,14.024360455700817,13.278824459827769,13.601890058039425,1883531.0,3072547165.9700003,20191022,16.42,1.2071851727911098,20250612,20250612,1.031331
000001.SZ,1d,2019-10-23,13.51905272516464,13.808983390226382,13.444499125577336,13.626741257901857,967534.0,1590781971.78,20191023,16.45,1.2071851727911098,20250612,20250612,1.031331
000001.SZ,1d,2019-10-24,13.66815992433925,14.082346588713166,13.618457524614382,13.974658055975949,1109214.0,1861032918.48,20191024,16.87,1.2071851727911098,20250612,20250612,1.031331
000001.SZ,1d,2019-10-25,13.900104456388643,14.049211655563253,13.734429790639078,13.982941789263428,691435.0,1161100080.0000002,20191025,16.880000000000003,1.2071851727911098,20250612,20250612,1.031331
000001.SZ,1d,2019-10-28,14.06577912213821,14.11548152186308,13.651592457764293,13.800699656938903,1070131.0,1780873358.2599998,20191028,16.66,1.2071851727911098,20250612,20250612,1.031331
000001.SZ,1d,2019-10-29,13.825550856801335,14.024360455700817,13.717862324064118,14.007792989125862,788864.0,1322036352.42,20191029,16.91,1.2071851727911098,20250612,20250612,1.031331
000001.SZ,1d,2019-10-30,13.9166719229636,14.049211655563253,13.601890058039425,13.610173791326904,854317.0,1420644944.87,20191030,16.430000000000003,1.2071851727911098,20250612,20250612,1.031331
000001.SZ,1d,2019-10-31,13.601890058039425,13.643308724476817,13.452782858864815,13.469350325439772,862569.0,1407006434.79,20191031,16.26,1.2071851727911098,20250612,20250612,1.031331
000001.SZ,1d,2019-11-01,13.543903925027076,14.082346588713166,13.485917792014728,13.96637432268847,1254655.0,2096068960.5900002,20191101,16.86,1.2071851727911098,20250612,20250612,1.031331
000001.SZ,1d,2019-11-04,14.06577912213821,14.289439920900124,13.891820723101164,14.016076722413338,889824.0,1507910818.55,20191104,16.919999999999998,1.2071851727911098,20250612,20250612,1.031331
000001.SZ,1d,2019-11-05,13.9166719229636,14.446830853362211,13.90838818967612,14.20660258802534,1172485.0,2010924199.94,20191105,17.15,1.2071851727911098,20250612,20250612,1.031331
000001.SZ,1d,2019-11-06,14.132048988438035,14.297723654187601,13.982941789263425,14.049211655563251,863325.0,1470233502.73,20191106,16.959999999999997,1.2071851727911098,20250612,20250612,1.031331
000001.SZ,1d,2019-11-07,14.024360455700817,14.140332721725516,13.875253256526207,13.991225522550906,711896.0,1200671649.42,20191107,16.89,1.2071851727911098,20250612,20250612,1.031331
000001.SZ,1d,2019-11-08,14.06577912213821,14.098914055288123,13.784132190363946,13.792415923651426,849139.0,1421088326.1499999,20191108,16.650000000000002,1.2071851727911098,20250612,20250612,1.031331
000001.SZ,1d,2019-11-11,13.66815992433925,13.693011124201682,13.4196479257149,13.485917792014725,953515.0,1556517253.18,20191111,16.279999999999998,1.2071851727911098,20250612,20250612,1.031331
000001.SZ,1d,2019-11-12,13.494201525302204,13.560471391602032,13.386512992564986,13.527336458452119,516266.0,840769286.54,20191112,16.330000000000002,1.2071851727911098,20250612,20250612,1.031331
000001.SZ,1d,2019-11-13,13.494201525302204,13.635024991189335,13.303675659690201,13.527336458452117,655120.0,1067975601.16,20191113,16.33,1.2071851727911098,20250612,20250612,1.031331
000001.SZ,1d,2019-11-14,13.6101737913269,13.651592457764293,13.46106659215229,13.51905272516464,468899.0,767006342.15,20191114,16.32,1.2071851727911098,20250612,20250612,1.031331
000001.SZ,1d,2019-11-15,13.577038858176989,13.709578590776642,13.452782858864815,13.5356201917396,569227.0,933539572.45,20191115,16.340000000000003,1.2071851727911098,20250612,20250612,1.031331
000001.SZ,1d,2019-11-18,13.543903925027076,13.709578590776642,13.444499125577336,13.626741257901857,557918.0,915983935.5500001,20191118,16.45,1.2071851727911098,20250612,20250612,1.031331
000001.SZ,1d,2019-11-19,13.626741257901857,13.651592457764293,13.51076899187716,13.593606324751946,562120.0,920998203.3399999,20191119,16.41,1.2071851727911098,20250612,20250612,1.031331
000001.SZ,1d,2019-11-20,13.502485258589683,13.502485258589683,13.06344739435333,13.129717260653157,1724383.0,2747598383.4000006,20191120,15.85,1.2071851727911098,20250612,20250612,1.031331
000001.SZ,1d,2019-11-21,13.046879927778376,13.146284727228116,12.947475128328636,13.138000993940638,772563.0,1218516399.48,20191121,15.860000000000001,1.2071851727911098,20250612,20250612,1.031331
000001.SZ,1d,2019-11-22,13.162852193803072,13.187703393665506,12.881205262028809,12.91434019517872,773473.0,1216064537.8300002,20191122,15.59,1.2071851727911098,20250612,20250612,1.031331
000001.SZ,1d,2019-11-25,12.955758861616113,13.121433527365681,12.87292152874133,13.088298594215766,783257.0,1233388886.1599998,20191125,15.8,1.2071851727911098,20250612,20250612,1.031331
000001.SZ,1d,2019-11-26,13.162852193803072,13.162852193803072,12.831502862303939,12.939191395041156,815297.0,1271594662.99,20191126,15.620000000000001,1.2071851727911098,20250612,20250612,1.031331
000001.SZ,1d,2019-11-27,12.955758861616113,12.955758861616113,12.748665529429156,12.814935395728982,476169.0,736584294.07,20191127,15.47,1.2071851727911098,20250612,20250612,1.031331
000001.SZ,1d,2019-11-28,12.81493539572898,12.87292152874133,12.790084195866546,12.831502862303939,378016.0,585252046.59,20191128,15.49,1.2071851727911098,20250612,20250612,1.031331
000001.SZ,1d,2019-11-29,12.87292152874133,12.881205262028807,12.57470713039211,12.66582819655437,653866.0,1001451096.26,20191129,15.29,1.2071851727911098,20250612,20250612,1.031331
000001.SZ,1d,2019-12-02,12.71553059627924,12.781800462579067,12.616125796829502,12.723814329566721,553877.0,849784129.4100001,20191202,15.360000000000001,1.2071851727911098,20250612,20250612,1.031331
000001.SZ,1d,2019-12-03,12.67411192984185,12.806651662441503,12.599558330254546,12.798367929154026,455418.0,700293548.85,20191203,15.450000000000001,1.2071851727911098,20250612,20250612,1.031331
000001.SZ,1d,2019-12-04,12.707246862991765,12.765232996004112,12.599558330254546,12.682395663129329,524545.0,802110334.25,20191204,15.31,1.2071851727911098,20250612,20250612,1.031331
000001.SZ,1d,2019-12-05,12.715530596279242,12.82321912901646,12.67411192984185,12.781800462579069,557084.0,857682575.8100001,20191205,15.430000000000001,1.2071851727911098,20250612,20250612,1.031331
000001.SZ,1d,2019-12-06,12.814935395728982,13.02202872791594,12.806651662441503,12.922623928466201,712615.0,1109423061.49,20191206,15.600000000000001,1.2071851727911098,20250612,20250612,1.031331
000001.SZ,1d,2019-12-09,12.939191395041156,12.939191395041156,12.71553059627924,12.765232996004112,605992.0,935135952.74,20191209,15.41,1.2071851727911098,20250612,20250612,1.031331
000001.SZ,1d,2019-12-10,12.72381432956672,12.740381796141676,12.632693263404459,12.698963129704286,556383.0,851377532.72,20191210,15.33,1.2071851727911098,20250612,20250612,1.031331
000001.SZ,1d,2019-12-11,12.740381796141676,12.988893794766028,12.67411192984185,12.97232632819107,871505.0,1351786530.59,20191211,15.66,1.2071851727911098,20250612,20250612,1.031331
000001.SZ,1d,2019-12-12,12.972326328191071,12.980610061478549,12.864637795453852,12.922623928466201,478998.0,747519511.1,20191212,15.600000000000001,1.2071851727911098,20250612,20250612,1.031331
000001.SZ,1d,2019-12-13,13.129717260653157,13.353378059415073,13.06344739435333,13.353378059415073,1053103.0,1680707282.0600002,20191213,16.12,1.2071851727911098,20250612,20250612,1.031331
000001.SZ,1d,2019-12-16,13.353378059415073,13.36994552599003,13.146284727228116,13.361661792702554,787952.0,1262802471.74,20191216,16.130000000000003,1.2071851727911098,20250612,20250612,1.031331
000001.SZ,1d,2019-12-17,13.253973259965333,13.775848457076467,13.237405793390376,13.66815992433925,1203104.0,1969891323.5900002,20191217,16.5,1.2071851727911098,20250612,20250612,1.031331
000001.SZ,1d,2019-12-18,13.6101737913269,13.800699656938903,13.593606324751946,13.635024991189336,797091.0,1317608543.24,20191218,16.46,1.2071851727911098,20250612,20250612,1.031331
000001.SZ,1d,2019-12-19,13.709578590776642,13.866969523238732,13.618457524614382,13.709578590776642,675536.0,1119925969.1100001,20191219,16.55,1.2071851727911098,20250612,20250612,1.031331
000001.SZ,1d,2019-12-20,13.709578590776642,13.81726712351386,13.618457524614382,13.742713523926554,644478.0,1067869779.7799999,20191220,16.59,1.2071851727911098,20250612,20250612,1.031331
000001.SZ,1d,2019-12-23,13.817267123513862,13.817267123513862,13.394796725852466,13.452782858864815,715792.0,1173372080.8400002,20191223,16.240000000000002,1.2071851727911098,20250612,20250612,1.031331
000001.SZ,1d,2019-12-24,13.444499125577336,13.66815992433925,13.444499125577336,13.585322591464468,459128.0,752351618.1899999,20191224,16.400000000000002,1.2071851727911098,20250612,20250612,1.031331
000001.SZ,1d,2019-12-25,13.62674125790186,13.717862324064122,13.452782858864815,13.502485258589683,414917.0,679664596.6700001,20191225,16.3,1.2071851727911098,20250612,20250612,1.031331
000001.SZ,1d,2019-12-26,13.535620191739596,13.651592457764293,13.51905272516464,13.643308724476814,372033.0,610381757.75,20191226,16.47,1.2071851727911098,20250612,20250612,1.031331
000001.SZ,1d,2019-12-27,13.693011124201686,14.024360455700817,13.6101737913269,13.775848457076467,1042574.0,1741473179.3,20191227,16.63,1.2071851727911098,20250612,20250612,1.031331
000001.SZ,1d,2019-12-30,13.635024991189336,13.77584845707647,13.336810592840118,13.726146057351599,976970.0,1603152786.5900002,20191230,16.57,1.2071851727911098,20250612,20250612,1.031331
000001.SZ,1d,2019-12-31,13.726146057351599,13.775848457076467,13.51076899187716,13.626741257901857,704442.0,1154704348.9199998,20191231,16.45,1.2071851727911098,20250612,20250612,1.031331
000001.SZ,1d,2020-01-02,13.792415923651426,14.040927922275774,13.709578590776642,13.974658055975949,1530231.0,2571196482.14,20200102,16.87,1.2071851727911098,20250612,20250612,1.031331
000001.SZ,1d,2020-01-03,14.032644188988298,14.339142320624996,14.016076722413342,14.231453787887778,1116194.0,1914495474.63,20200103,17.180000000000003,1.2071851727911098,20250612,20250612,1.031331
000001.SZ,1d,2020-01-06,14.090630322000646,14.36399352048743,14.007792989125862,14.140332721725516,862083.0,1477930193.19,20200106,17.07,1.2071851727911098,20250612,20250612,1.031331
000001.SZ,1d,2020-01-07,14.190035121450384,14.314291120762558,14.040927922275774,14.20660258802534,728607.0,1247047135.26,20200107,17.15,1.2071851727911098,20250612,20250612,1.031331
000001.SZ,1d,2020-01-08,14.082346588713166,14.123765255150559,13.775848457076467,13.800699656938903,847824.0,1423608811.1799998,20200108,16.66,1.2071851727911098,20250612,20250612,1.031331
000001.SZ,1d,2020-01-09,13.92495565625108,14.024360455700817,13.693011124201686,13.908388189676124,1031636.0,1725326806.2500002,20200109,16.790000000000003,1.2071851727911098,20250612,20250612,1.031331
000001.SZ,1d,2020-01-10,13.90838818967612,13.924955656251077,13.684727390914206,13.825550856801339,585548.0,975154818.7800001,20200110,16.69,1.2071851727911098,20250612,20250612,1.031331
000001.SZ,1d,2020-01-13,13.875253256526207,14.107197788575602,13.75928099050151,14.074062855425687,872133.0,1468271683.72,20200113,16.99,1.2071851727911098,20250612,20250612,1.031331
000001.SZ,1d,2020-01-14,14.074062855425689,14.306007387475084,13.883536989813688,13.883536989813688,1304493.0,2217608852.69,20200114,16.76,1.2071851727911098,20250612,20250612,1.031331
000001.SZ,1d,2020-01-15,13.90838818967612,13.96637432268847,13.626741257901857,13.684727390914206,859439.0,1424889228.07,20200115,16.52,1.2071851727911098,20250612,20250612,1.031331
000001.SZ,1d,2020-01-16,13.684727390914206,13.726146057351599,13.4196479257149,13.527336458452117,1028104.0,1678888507.83,20200116,16.33,1.2071851727911098,20250612,20250612,1.031331
000001.SZ,1d,2020-01-17,13.568755124889512,13.709578590776642,13.543903925027076,13.577038858176989,605436.0,995909007.3499999,20200117,16.39,1.2071851727911098,20250612,20250612,1.031331
000001.SZ,1d,2020-01-20,13.6101737913269,13.759280990501514,13.543903925027076,13.62674125790186,746074.0,1226464649.55,20200120,16.450000000000003,1.2071851727911098,20250612,20250612,1.031331
000001.SZ,1d,2020-01-21,13.535620191739596,13.535620191739596,13.195987126952984,13.253973259965333,896603.0,1442171431.55,20200121,16.0,1.2071851727911098,20250612,20250612,1.031331
000001.SZ,1d,2020-01-22,13.187703393665508,13.386512992564986,13.013744994628462,13.328526859552637,719464.0,1150933398.98,20200122,16.09,1.2071851727911098,20250612,20250612,1.031331
000001.SZ,1d,2020-01-23,13.187703393665506,13.187703393665506,12.748665529429156,12.87292152874133,1100592.0,1723394336.66,20200123,15.540000000000001,1.2071851727911098,20250612,20250612,1.031331
000001.SZ,1d,2020-02-03,11.588942869182189,12.17708793259315,11.588942869182189,11.588942869182189,2259194.0,3201454164.92,20200203,13.99,1.2071851727911098,20250612,20250612,1.031331
000001.SZ,1d,2020-02-04,11.638645268907057,12.143952999443236,11.613794069044623,12.094250599718366,1706172.0,2442932842.71,20200204,14.6,1.2071851727911098,20250612,20250612,1.031331
000001.SZ,1d,2020-02-05,12.085966866430889,12.334478865055239,11.862306067668973,12.119101799580802,1491380.0,2177632043.62,20200205,14.63,1.2071851727911098,20250612,20250612,1.031331
000001.SZ,1d,2020-02-06,12.268208998755412,12.31791139848028,12.01969700013106,12.235074065605497,1185815.0,1740107625.4199998,20200206,14.77,1.2071851727911098,20250612,20250612,1.031331
000001.SZ,1d,2020-02-07,12.094250599718366,12.16880419930567,11.936859667256279,12.110818066293325,924852.0,1345053255.67,20200207,14.620000000000001,1.2071851727911098,20250612,20250612,1.031331
000001.SZ,1d,2020-02-10,12.019697000131062,12.036264466706019,11.845738601094016,12.011413266843583,1339495.0,1931983482.1000001,20200210,14.5,1.2071851727911098,20250612,20250612,1.031331
000001.SZ,1d,2020-02-11,12.094250599718366,12.375897531492631,12.061115666568453,12.251641532180455,1407507.0,2077194138.9199998,20200211,14.790000000000001,1.2071851727911098,20250612,20250612,1.031331
000001.SZ,1d,2020-02-12,12.251641532180454,12.27649273204289,12.094250599718366,12.235074065605497,1070503.0,1573229042.5500002,20200212,14.77,1.2071851727911098,20250612,20250612,1.031331
000001.SZ,1d,2020-02-13,12.185371665880627,12.32619513176776,12.102534333005844,12.135669266155757,1013205.0,1491327713.78,20200213,14.649999999999999,1.2071851727911098,20250612,20250612,1.031331
000001.SZ,1d,2020-02-14,12.218506599030542,12.541572197242196,12.177087932593151,12.450451131079936,1512434.0,2253906452.48,20200214,15.030000000000001,1.2071851727911098,20250612,20250612,1.031331
000001.SZ,1d,2020-02-17,12.458734864367413,12.732098062854197,12.36761379820515,12.732098062854197,1543696.0,2337993586.1200004,20200217,15.37,1.2071851727911098,20250612,20250612,1.031331
000001.SZ,1d,2020-02-18,12.698963129704286,12.698963129704286,12.433883664504977,12.591274596967066,973612.0,1478274222.5800002,20200218,15.2,1.2071851727911098,20250612,20250612,1.031331
000001.SZ,1d,2020-02-19,12.508437264092283,12.732098062854197,12.491869797517326,12.62440953011698,874106.0,1333730218.9699998,20200219,15.24,1.2071851727911098,20250612,20250612,1.031331
000001.SZ,1d,2020-02-20,12.649260729979414,12.939191395041156,12.508437264092283,12.91434019517872,1235444.0,1897923029.0400002,20200220,15.59,1.2071851727911098,20250612,20250612,1.031331
000001.SZ,1d,2020-02-21,12.831502862303939,13.02202872791594,12.798367929154026,12.906056461891245,995071.0,1546692930.16,20200221,15.580000000000002,1.2071851727911098,20250612,20250612,1.031331
000001.SZ,1d,2020-02-24,12.806651662441503,12.806651662441503,12.549855930529676,12.616125796829502,1191794.0,1820183854.52,20200224,15.23,1.2071851727911098,20250612,20250612,1.031331
000001.SZ,1d,2020-02-25,12.425599931217501,12.533288463954719,12.243357798892978,12.458734864367413,1144575.0,1710369786.03,20200225,15.040000000000001,1.2071851727911098,20250612,20250612,1.031331
000001.SZ,1d,2020-02-26,12.235074065605499,12.649260729979416,12.177087932593151,12.417316197930022,1176599.0,1769612245.3700001,20200226,14.99,1.2071851727911098,20250612,20250612,1.031331
000001.SZ,1d,2020-02-27,12.392464998067586,12.549855930529676,12.334478865055239,12.516720997379762,975270.0,1464605739.4600003,20200227,15.110000000000001,1.2071851727911098,20250612,20250612,1.031331
000001.SZ,1d,2020-02-28,12.301343931905325,12.458734864367413,11.97827833369367,12.011413266843583,1300644.0,1906892413.3100002,20200228,14.5,1.2071851727911098,20250612,20250612,1.031331
000001.SZ,1d,2020-03-02,12.052831933280975,12.384181264780109,11.97827833369367,12.251641532180455,1116580.0,1647432269.71,20200302,14.790000000000001,1.2071851727911098,20250612,20250612,1.031331
000001.SZ,1d,2020-03-03,12.392464998067586,12.417316197930022,12.119101799580802,12.193655399168106,1153584.0,1705816271.89,20200303,14.72,1.2071851727911098,20250612,20250612,1.031331
000001.SZ,1d,2020-03-04,12.160520466018193,12.243357798892976,12.01969700013106,12.16880419930567,862595.0,1261123063.8300002,20200304,14.69,1.2071851727911098,20250612,20250612,1.031331
000001.SZ,1d,2020-03-05,12.259925265467933,12.955758861616113,12.201939132455585,12.748665529429156,2686602.0,4089493523.03,20200305,15.39,1.2071851727911098,20250612,20250612,1.031331
000001.SZ,1d,2020-03-06,12.57470713039211,12.649260729979414,12.442167397792456,12.450451131079934,1228531.0,1858691259.32,20200306,15.03,1.2071851727911098,20250612,20250612,1.031331
000001.SZ,1d,2020-03-09,12.185371665880627,12.201939132455585,11.945143400543756,11.96999460040619,1665793.0,2420392130.73,20200309,14.45,1.2071851727911098,20250612,20250612,1.031331
000001.SZ,1d,2020-03-10,11.912008467393843,12.301343931905325,11.912008467393843,12.226790332318021,1167864.0,1709084565.32,20200310,14.760000000000002,1.2071851727911098,20250612,20250612,1.031331
000001.SZ,1d,2020-03-11,12.235074065605499,12.32619513176776,12.110818066293325,12.168804199305672,814381.0,1201250682.1599998,20200311,14.690000000000001,1.2071851727911098,20250612,20250612,1.031331
000001.SZ,1d,2020-03-12,12.135669266155759,12.293060198617848,12.036264466706019,12.160520466018195,986497.0,1447436641.92,20200312,14.680000000000001,1.2071851727911098,20250612,20250612,1.031331
000001.SZ,1d,2020-03-13,11.514389269594883,12.07768313314341,11.514389269594883,12.02798073341854,1169765.0,1669009835.48,20200313,14.52,1.2071851727911098,20250612,20250612,1.031331
000001.SZ,1d,2020-03-16,11.96999460040619,11.97827833369367,11.390133270282709,11.390133270282709,1406202.0,1975824191.21,20200316,13.75,1.2071851727911098,20250612,20250612,1.031331
000001.SZ,1d,2020-03-17,11.390133270282709,11.572375402607232,10.876541806459052,11.108486338508445,1177849.0,1582506075.02,20200317,13.41,1.2071851727911098,20250612,20250612,1.031331
000001.SZ,1d,2020-03-18,11.108486338508445,11.224458604533142,10.478922608660092,10.528625008384962,1384784.0,1816836893.63,20200318,12.71,1.2071851727911098,20250612,20250612,1.031331
000001.SZ,1d,2020-03-19,10.503773808522526,10.553476208247396,9.865926345386695,10.131005810586002,1891457.0,2313863663.4799995,20200319,12.23,1.2071851727911098,20250612,20250612,1.031331
000001.SZ,1d,2020-03-20,10.271829276473133,10.503773808522526,10.155857010448436,10.371234075922873,1578352.0,1967487818.45,20200320,12.52,1.2071851727911098,20250612,20250612,1.031331
000001.SZ,1d,2020-03-23,9.940479944974,10.230410610035742,9.882493811961652,10.064735944286175,1071113.0,1300469494.43,20200323,12.15,1.2071851727911098,20250612,20250612,1.031331
000001.SZ,1d,2020-03-24,10.271829276473133,10.503773808522526,10.164140743735915,10.445787675510177,1180200.0,1472909399.72,20200324,12.61,1.2071851727911098,20250612,20250612,1.031331
000001.SZ,1d,2020-03-25,10.669448474272095,10.826839406734182,10.520341275097485,10.661164740984615,1136957.0,1467534956.1599998,20200325,12.870000000000001,1.2071851727911098,20250612,20250612,1.031331
000001.SZ,1d,2020-03-26,10.586611141397311,11.050500205496096,10.536908741672441,10.818555673446703,1075192.0,1408651057.3400002,20200326,13.06,1.2071851727911098,20250612,20250612,1.031331
000001.SZ,1d,2020-03-27,10.975946605908792,11.083635138646011,10.83512314002166,10.893109273034009,653018.0,861618663.0500001,20200327,13.15,1.2071851727911098,20250612,20250612,1.031331
000001.SZ,1d,2020-03-30,10.644597274409659,10.801988206871746,10.570043674822353,10.719150873996963,661738.0,852956240.25,20200330,12.94,1.2071851727911098,20250612,20250612,1.031331
000001.SZ,1d,2020-03-31,10.810271940159225,10.843406873309139,10.586611141397311,10.603178607972268,513370.0,662915471.38,20200331,12.8,1.2071851727911098,20250612,20250612,1.031331
000001.SZ,1d,2020-04-01,10.652881007697136,10.876541806459052,10.619746074547223,10.677732207559572,520836.0,676070117.75,20200401,12.89,1.2071851727911098,20250612,20250612,1.031331
000001.SZ,1d,2020-04-02,10.561759941534875,10.744002073859399,10.48720634194757,10.744002073859399,518365.0,663197628.3500001,20200402,12.97,1.2071851727911098,20250612,20250612,1.031331
000001.SZ,1d,2020-04-03,10.619746074547223,10.677732207559572,10.396085275785309,10.445787675510179,825348.0,1047282400.16,20200403,12.610000000000001,1.2071851727911098,20250612,20250612,1.031331
000001.SZ,1d,2020-04-07,10.677732207559572,10.719150873996965,10.611462341259745,10.669448474272095,870313.0,1121200115.4100003,20200407,12.88,1.2071851727911098,20250612,20250612,1.031331
000001.SZ,1d,2020-04-08,10.669448474272095,10.702583407422006,10.536908741672441,10.586611141397311,528716.0,676604872.29,20200408,12.780000000000001,1.2071851727911098,20250612,20250612,1.031331
000001.SZ,1d,2020-04-09,10.669448474272095,10.677732207559572,10.536908741672441,10.553476208247396,408553.0,522027888.31,20200409,12.74,1.2071851727911098,20250612,20250612,1.031331
000001.SZ,1d,2020-04-10,10.570043674822353,10.752285807146876,10.478922608660092,10.594894874684789,666674.0,853689950.23,20200410,12.790000000000001,1.2071851727911098,20250612,20250612,1.031331
000001.SZ,1d,2020-04-13,10.495490075235049,10.528625008384962,10.329815409485482,10.429220208935222,446214.0,562008050.35,20200413,12.59,1.2071851727911098,20250612,20250612,1.031331
000001.SZ,1d,2020-04-14,10.478922608660092,10.652881007697136,10.412652742360265,10.652881007697136,686086.0,874856562.2800001,20200414,12.86,1.2071851727911098,20250612,20250612,1.031331
000001.SZ,1d,2020-04-15,10.652881007697138,10.710867140709485,10.586611141397311,10.661164740984615,656396.0,843649273.39,20200415,12.870000000000001,1.2071851727911098,20250612,20250612,1.031331
000001.SZ,1d,2020-04-16,10.594894874684789,10.594894874684789,10.387801542497831,10.503773808522528,789154.0,997623816.4499999,20200416,12.680000000000001,1.2071851727911098,20250612,20250612,1.031331
000001.SZ,1d,2020-04-17,10.578327408109832,10.801988206871748,10.478922608660092,10.677732207559572,1331164.0,1713215766.82,20200417,12.89,1.2071851727911098,20250612,20250612,1.031331
000001.SZ,1d,2020-04-20,10.652881007697136,10.810271940159224,10.578327408109832,10.760569540434355,818455.0,1058524019.15,20200420,12.99,1.2071851727911098,20250612,20250612,1.031331
000001.SZ,1d,2020-04-21,11.017365272346185,11.348714603845318,11.017365272346185,11.141621271658359,2122448.0,2861879086.0899997,20200421,13.450000000000001,1.2071851727911098,20250612,20250612,1.031331
000001.SZ,1d,2020-04-22,11.075351405358532,11.116770071795923,10.901393006321486,10.959379139333835,1032803.0,1368222854.7100003,20200422,13.23,1.2071851727911098,20250612,20250612,1.031331
000001.SZ,1d,2020-04-23,10.959379139333834,11.02564900563366,10.859974339884094,10.959379139333834,646990.0,855052110.23,20200423,13.229999999999999,1.2071851727911098,20250612,20250612,1.031331
000001.SZ,1d,2020-04-24,10.909676739608965,11.000797805771226,10.859974339884094,10.967662872621313,566002.0,747473770.46,20200424,13.24,1.2071851727911098,20250612,20250612,1.031331
000001.SZ,1d,2020-04-27,11.017365272346185,11.299012204120446,10.975946605908792,11.18303993809575,936830.0,1263809737.41,20200427,13.5,1.2071851727911098,20250612,20250612,1.031331
000001.SZ,1d,2020-04-28,11.141621271658357,11.23274233782062,10.992514072483747,11.199607404670706,771564.0,1038718080.27,20200428,13.52,1.2071851727911098,20250612,20250612,1.031331
000001.SZ,1d,2020-04-29,11.166472471520793,11.680063935344451,11.141621271658359,11.613794069044625,1108722.0,1541638203.4799998,20200429,14.020000000000001,1.2071851727911098,20250612,20250612,1.031331
000001.SZ,1d,2020-04-30,11.613794069044625,11.862306067668973,11.497821803019926,11.539240469457319,819540.0,1155968238.1299999,20200430,13.930000000000001,1.2071851727911098,20250612,20250612,1.031331
000001.SZ,1d,2020-05-06,11.398417003570186,11.506105536307404,11.27416100425801,11.406700736857664,1008998.0,1382727481.73,20200506,13.77,1.2071851727911098,20250612,20250612,1.031331
000001.SZ,1d,2020-05-07,11.398417003570186,11.398417003570186,11.265877270970533,11.340430870557837,662749.0,904349531.9899999,20200507,13.69,1.2071851727911098,20250612,20250612,1.031331
000001.SZ,1d,2020-05-08,11.398417003570186,11.613794069044623,11.33214713727036,11.555807936032274,934782.0,1297924588.29,20200508,13.95,1.2071851727911098,20250612,20250612,1.031331
000001.SZ,1d,2020-05-11,11.53095673616984,11.704915135206885,11.514389269594883,11.597226602469666,612862.0,859156594.2199999,20200511,14.0,1.2071851727911098,20250612,20250612,1.031331
000001.SZ,1d,2020-05-12,11.555807936032275,11.638645268907059,11.365282070420273,11.423268203432622,558511.0,772109502.04,20200512,13.790000000000001,1.2071851727911098,20250612,20250612,1.031331
000001.SZ,1d,2020-05-13,11.390133270282709,11.414984470145145,11.207891137958185,11.290728470832969,640359.0,871062043.61,20200513,13.63,1.2071851727911098,20250612,20250612,1.031331
000001.SZ,1d,2020-05-14,11.224458604533142,11.257593537683055,10.951095406046356,11.017365272346185,944672.0,1259440848.2399998,20200514,13.3,1.2071851727911098,20250612,20250612,1.031331
000001.SZ,1d,2020-05-15,11.091918871933489,11.125053805083402,10.88482553974653,10.959379139333835,756794.0,1004313267.9300001,20200515,13.23,1.2071851727911098,20250612,20250612,1.031331
000001.SZ,1d,2020-05-18,10.934527939471401,11.050500205496098,10.868258073171575,10.934527939471401,637209.0,843479669.71,20200518,13.200000000000001,1.2071851727911098,20250612,20250612,1.031331
000001.SZ,1d,2020-05-19,11.108486338508445,11.141621271658357,10.992514072483747,11.067067672071053,600369.0,801755671.01,20200519,13.36,1.2071851727911098,20250612,20250612,1.031331
000001.SZ,1d,2020-05-20,11.08363513864601,11.28244473754549,10.992514072483747,11.191323671383229,690851.0,929928885.9300001,20200520,13.51,1.2071851727911098,20250612,20250612,1.031331
000001.SZ,1d,2020-05-21,11.199607404670706,11.241026071108099,11.067067672071053,11.100202605220964,552312.0,742797057.29,20200521,13.399999999999999,1.2071851727911098,20250612,20250612,1.031331
000001.SZ,1d,2020-05-22,11.042216472208619,11.050500205496096,10.702583407422006,10.702583407422006,856237.0,1119433491.01,20200522,12.92,1.2071851727911098,20250612,20250612,1.031331
000001.SZ,1d,2020-05-25,10.744002073859399,10.752285807146876,10.570043674822353,10.73571834057192,410171.0,528769352.5,20200525,12.959999999999999,1.2071851727911098,20250612,20250612,1.031331
000001.SZ,1d,2020-05-26,10.78542074029679,10.826839406734182,10.719150873996963,10.801988206871746,396212.0,515451849.4,20200526,13.04,1.2071851727911098,20250612,20250612,1.031331
000001.SZ,1d,2020-05-27,10.810271940159225,10.926244206183922,10.735718340571921,10.768853273721833,482963.0,630305864.0899999,20200527,13.0,1.2071851727911098,20250612,20250612,1.031331
000001.SZ,1d,2020-05-28,10.844686030835922,11.105902244476878,10.794128054002186,11.013212620281701,960760.0,1255226999.49,20200528,13.07,1.186756348999434,20250612,20250612,1.031331
000001.SZ,1d,2020-05-29,10.962654643447966,10.987933631864832,10.886817678197366,10.954228313975678,457808.0,594502123.85,20200529,13.0,1.186756348999434,20250612,20250612,1.031331
000001.SZ,1d,2020-06-01,11.038491608698568,11.282855163394949,11.021638949753989,11.223870857088926,882961.0,1173619006.66,20200601,13.32,1.186756348999434,20250612,20250612,1.031331
000001.SZ,1d,2020-06-02,11.19859186867206,11.485087070729884,11.19016553919977,11.417676434951572,883459.0,1194375822.0600002,20200602,13.55,1.186756348999434,20250612,20250612,1.031331
000001.SZ,1d,2020-06-03,11.493513400202172,11.69574530753711,11.375544787590126,11.409250105479282,956803.0,1308782294.7,20200603,13.54,1.186756348999434,20250612,20250612,1.031331
000001.SZ,1d,2020-06-04,11.400823776006993,11.493513400202172,11.299707822339526,11.434529093896149,583066.0,788707630.29,20200604,13.57,1.186756348999434,20250612,20250612,1.031331
000001.SZ,1d,2020-06-05,11.459808082313016,11.476660741257593,11.316560481284103,11.451381752840728,383027.0,517232135.8,20200605,13.59,1.186756348999434,20250612,20250612,1.031331
000001.SZ,1d,2020-06-08,11.527218718091328,11.67046631912024,11.442955423368439,11.476660741257593,585972.0,802115792.0600001,20200608,13.62,1.186756348999434,20250612,20250612,1.031331
000001.SZ,1d,2020-06-09,11.493513400202172,11.569350365452774,11.400823776006995,11.51879238861904,474300.0,646895834.84,20200609,13.670000000000002,1.186756348999434,20250612,20250612,1.031331
000001.SZ,1d,2020-06-10,11.552497706508197,11.552497706508197,11.291281492867236,11.367118458117838,580476.0,781995749.3600001,20200610,13.49,1.186756348999434,20250612,20250612,1.031331
000001.SZ,1d,2020-06-11,11.27442883392266,11.282855163394949,10.954228313975678,11.021638949753989,1349040.0,1774199978.6799998,20200611,13.08,1.186756348999434,20250612,20250612,1.031331
000001.SZ,1d,2020-06-12,10.869965019252788,10.971080972920257,10.844686030835922,10.945801984503388,1030551.0,1331618728.51,20200612,12.99,1.186756348999434,20250612,20250612,1.031331
000001.SZ,1d,2020-06-15,10.827833371891344,10.928949325558811,10.785701724529899,10.802554383474476,660313.0,850767506.4300001,20200615,12.82,1.186756348999434,20250612,20250612,1.031331
000001.SZ,1d,2020-06-16,10.869965019252787,10.945801984503388,10.83625970136363,10.861538689780497,718059.0,927043687.82,20200616,12.889999999999999,1.186756348999434,20250612,20250612,1.031331
000001.SZ,1d,2020-06-17,10.861538689780499,10.886817678197366,10.75199640664074,10.827833371891343,716468.0,918251153.1899999,20200617,12.85,1.186756348999434,20250612,20250612,1.031331
000001.SZ,1d,2020-06-18,10.75199640664074,10.785701724529899,10.608748805611828,10.75199640664074,1119648.0,1419972017.43,20200618,12.76,1.186756348999434,20250612,20250612,1.031331
000001.SZ,1d,2020-06-19,10.726717418223874,10.819407042419053,10.625601464556407,10.785701724529897,1539522.0,1954584919.95,20200619,12.799999999999999,1.186756348999434,20250612,20250612,1.031331
000001.SZ,1d,2020-06-22,10.735143747696164,10.751996406640743,10.634027794028697,10.650880452973274,1319080.0,1671023278.9900002,20200622,12.64,1.186756348999434,20250612,20250612,1.031331
000001.SZ,1d,2020-06-23,10.659306782445563,10.693012100334718,10.549764499305805,10.617175135084118,990807.0,1248046646.7199998,20200623,12.6,1.186756348999434,20250612,20250612,1.031331
000001.SZ,1d,2020-06-24,10.650880452973272,10.85311236030821,10.617175135084118,10.785701724529897,1523220.0,1946329095.3100002,20200624,12.799999999999999,1.186756348999434,20250612,20250612,1.031331
000001.SZ,1d,2020-06-29,10.886817678197367,10.928949325558811,10.709864759279297,10.785701724529899,1038480.0,1330678288.8300002,20200629,12.8,1.186756348999434,20250612,20250612,1.031331
000001.SZ,1d,2020-06-30,10.810980712946765,10.85311236030821,10.718291088751586,10.785701724529899,937940.0,1199181601.42,20200630,12.8,1.186756348999434,20250612,20250612,1.031331
000001.SZ,1d,2020-07-01,10.77727539505761,11.080623256060012,10.735143747696164,11.055344267643147,1697390.0,2202800843.9700003,20200701,13.120000000000001,1.186756348999434,20250612,20250612,1.031331
000001.SZ,1d,2020-07-02,11.021638949753989,11.367118458117838,10.928949325558811,11.316560481284105,2590501.0,3433511084.46,20200702,13.430000000000001,1.186756348999434,20250612,20250612,1.031331
000001.SZ,1d,2020-07-03,11.434529093896149,12.066503804317824,11.426102764423861,12.007519498011801,3768334.0,5280918011.400001,20200703,14.25,1.186756348999434,20250612,20250612,1.031331
000001.SZ,1d,2020-07-06,12.302441029541914,13.212484612549124,12.294014700069626,13.212484612549124,4711461.0,7168653356.250001,20200706,15.68,1.186756348999434,20250612,20250612,1.031331
000001.SZ,1d,2020-07-07,13.734917039831043,14.01298591241658,12.664773196850343,13.043958023103345,3964427.0,6267919683.040001,20200707,15.48,1.186756348999434,20250612,20250612,1.031331
000001.SZ,1d,2020-07-08,12.83329978629612,13.482127155662372,12.83329978629612,13.279895248327437,2631339.0,4095447757.1699996,20200708,15.76,1.186756348999434,20250612,20250612,1.031331
000001.SZ,1d,2020-07-09,13.195631953604547,13.195631953604547,12.900710422074432,13.08608967046479,2243994.0,3469517329.73,20200709,15.530000000000001,1.186756348999434,20250612,20250612,1.031331
000001.SZ,1d,2020-07-10,12.934415739963589,13.043958023103345,12.437262301098539,12.521525595821428,2158773.0,3254272377.89,20200710,14.86,1.186756348999434,20250612,20250612,1.031331
000001.SZ,1d,2020-07-13,12.386704324264803,12.706904844211786,12.218177734819024,12.546804584238295,1937160.0,2871414844.76,20200713,14.89,1.186756348999434,20250612,20250612,1.031331
000001.SZ,1d,2020-07-14,12.555230913710584,12.799594468406966,12.26030938218047,12.369851665320228,1953566.0,2891773817.07,20200714,14.680000000000001,1.186756348999434,20250612,20250612,1.031331
000001.SZ,1d,2020-07-15,12.454114960043118,12.521525595821428,11.990666839067222,12.024372156956378,2042563.0,2947173149.7200003,20200715,14.27,1.186756348999434,20250612,20250612,1.031331
000001.SZ,1d,2020-07-16,12.049651145373245,12.26030938218047,11.897977214872045,11.923256203288911,1930891.0,2771496391.19,20200716,14.15,1.186756348999434,20250612,20250612,1.031331
000001.SZ,1d,2020-07-17,11.94010886223349,12.032798486428668,11.754729613843132,11.914829873816622,1291347.0,1821043927.51,20200717,14.14,1.186756348999434,20250612,20250612,1.031331
000001.SZ,1d,2020-07-20,11.990666839067222,12.445688630570826,11.881124555927466,12.411983312681672,1979632.0,2872758056.19,20200720,14.73,1.186756348999434,20250612,20250612,1.031331
000001.SZ,1d,2020-07-21,12.369851665320226,12.369851665320226,12.133914440096135,12.209751405346736,1252866.0,1815570300.6,20200721,14.49,1.186756348999434,20250612,20250612,1.031331
000001.SZ,1d,2020-07-22,12.209751405346736,12.34457267690336,12.024372156956378,12.142340769568424,1312952.0,1895447229.4099998,20200722,14.41,1.186756348999434,20250612,20250612,1.031331
000001.SZ,1d,2020-07-23,11.999093168539511,12.041224815900957,11.636761001231084,11.805287590676864,2027526.0,2838535210.7500005,20200723,14.01,1.186756348999434,20250612,20250612,1.031331
000001.SZ,1d,2020-07-24,11.77158227278771,11.788434931732287,11.308134151811814,11.375544787590126,1830882.0,2504647111.34,20200724,13.5,1.186756348999434,20250612,20250612,1.031331
000001.SZ,1d,2020-07-27,11.518792388619039,11.527218718091328,11.038491608698568,11.156460221310613,1880653.0,2497551472.2799997,20200727,13.24,1.186756348999434,20250612,20250612,1.031331
000001.SZ,1d,2020-07-28,11.240723516033503,11.316560481284103,11.105902244476878,11.240723516033503,1217006.0,1618089558.6,20200728,13.34,1.186756348999434,20250612,20250612,1.031331
000001.SZ,1d,2020-07-29,11.249149845505793,11.485087070729884,11.131181232893747,11.409250105479282,1519580.0,2043847472.9400003,20200729,13.540000000000001,1.186756348999434,20250612,20250612,1.031331
000001.SZ,1d,2020-07-30,11.375544787590128,11.383971117062417,11.26600250445037,11.26600250445037,964068.0,1294444933.22,20200730,13.370000000000001,1.186756348999434,20250612,20250612,1.031331
000001.SZ,1d,2020-07-31,11.190165539199768,11.400823776006993,11.164886550782901,11.240723516033503,1165822.0,1559068291.6299999,20200731,13.34,1.186756348999434,20250612,20250612,1.031331
000001.SZ,1d,2020-08-03,11.35026579917326,11.476660741257593,11.316560481284103,11.451381752840728,1445096.0,1954607257.49,20200803,13.59,1.186756348999434,20250612,20250612,1.031331
000001.SZ,1d,2020-08-04,11.510366059146751,11.923256203288911,11.358692128645549,11.830566579093732,2445663.0,3388510059.2700005,20200804,14.040000000000001,1.186756348999434,20250612,20250612,1.031331
000001.SZ,1d,2020-08-05,11.645187330703374,11.670466319120242,11.476660741257595,11.59462935386964,1440203.0,1980352978.3400002,20200805,13.760000000000002,1.186756348999434,20250612,20250612,1.031331
000001.SZ,1d,2020-08-06,11.645187330703374,11.76315594331542,11.501939729674461,11.712597966481686,1352511.0,1868047342.49,20200806,13.9,1.186756348999434,20250612,20250612,1.031331
000001.SZ,1d,2020-08-07,11.628334671758797,11.712597966481686,11.476660741257595,11.544071377035907,988678.0,1356305781.15,20200807,13.700000000000001,1.186756348999434,20250612,20250612,1.031331
000001.SZ,1d,2020-08-10,11.51879238861904,11.813713920149155,11.476660741257595,11.754729613843132,1587710.0,2208568316.4900002,20200810,13.950000000000001,1.186756348999434,20250612,20250612,1.031331
000001.SZ,1d,2020-08-11,11.77158227278771,12.352999006375649,11.77158227278771,11.906403544344332,2603308.0,3748036828.23,20200811,14.13,1.186756348999434,20250612,20250612,1.031331
000001.SZ,1d,2020-08-12,11.973814180122645,12.218177734819024,11.923256203288911,12.117061781151557,1596812.0,2287731088.15,20200812,14.38,1.186756348999434,20250612,20250612,1.031331
000001.SZ,1d,2020-08-13,12.133914440096135,12.18447241692987,11.914829873816622,11.948535191705776,837262.0,1190139725.41,20200813,14.18,1.186756348999434,20250612,20250612,1.031331
000001.SZ,1d,2020-08-14,11.881124555927466,12.226604064291314,11.84741923803831,12.192898746402157,1103216.0,1578543607.1,20200814,14.47,1.186756348999434,20250612,20250612,1.031331
000001.SZ,1d,2020-08-17,12.302441029541916,12.934415739963589,12.26030938218047,12.799594468406966,3268028.0,4923669137.3,20200817,15.190000000000001,1.186756348999434,20250612,20250612,1.031331
000001.SZ,1d,2020-08-18,12.808020797879253,12.892284092602145,12.563657243182874,12.76588915051781,1350261.0,2033477707.99,20200818,15.15,1.186756348999434,20250612,20250612,1.031331
000001.SZ,1d,2020-08-19,12.732183832628653,12.934415739963589,12.605788890544318,12.723757503156365,1420928.0,2154215097.0600004,20200819,15.100000000000001,1.186756348999434,20250612,20250612,1.031331
000001.SZ,1d,2020-08-20,12.647920537905764,12.75746282104552,12.243456723235893,12.294014700069626,1333802.0,1962605013.7,20200820,14.590000000000002,1.186756348999434,20250612,20250612,1.031331
000001.SZ,1d,2020-08-21,12.395130653737095,12.395130653737095,12.066503804317824,12.17604608745758,1234517.0,1787278581.3400002,20200821,14.450000000000001,1.186756348999434,20250612,20250612,1.031331
000001.SZ,1d,2020-08-24,12.218177734819024,12.395130653737095,12.142340769568424,12.18447241692987,919449.0,1338031969.4,20200824,14.46,1.186756348999434,20250612,20250612,1.031331
000001.SZ,1d,2020-08-25,12.26873571165276,12.378277994792516,12.18447241692987,12.302441029541916,748320.0,1090756854.22,20200825,14.600000000000001,1.186756348999434,20250612,20250612,1.031331
000001.SZ,1d,2020-08-26,12.302441029541916,12.310867359014205,12.032798486428668,12.10863545167927,734118.0,1057274169.74,20200826,14.370000000000001,1.186756348999434,20250612,20250612,1.031331
000001.SZ,1d,2020-08-27,12.133914440096135,12.184472416929868,11.889550885399753,12.184472416929868,626667.0,895618648.57,20200827,14.459999999999999,1.186756348999434,20250612,20250612,1.031331
000001.SZ,1d,2020-08-28,12.015945827484089,12.791168138934676,12.015945827484089,12.74903649157323,2410400.0,3599035694.78,20200828,15.129999999999999,1.186756348999434,20250612,20250612,1.031331
000001.SZ,1d,2020-08-31,12.892284092602145,13.212484612549124,12.631067878961185,12.706904844211786,1797130.0,2760350322.28,20200831,15.08,1.186756348999434,20250612,20250612,1.031331
000001.SZ,1d,2020-09-01,12.605788890544318,12.83329978629612,12.538378254766007,12.75746282104552,813643.0,1228342741.95,20200901,15.14,1.186756348999434,20250612,20250612,1.031331
000001.SZ,1d,2020-09-02,12.647920537905762,13.086089670464789,12.647920537905762,12.909136751546722,1679383.0,2575966637.51,20200902,15.32,1.186756348999434,20250612,20250612,1.031331
000001.SZ,1d,2020-09-03,12.909136751546722,12.91756308101901,12.50467293687685,12.555230913710584,1279842.0,1919266726.0100002,20200903,14.9,1.186756348999434,20250612,20250612,1.031331
000001.SZ,1d,2020-09-04,12.411983312681672,12.690052185267207,12.302441029541914,12.605788890544318,909890.0,1353550808.28,20200904,14.959999999999999,1.186756348999434,20250612,20250612,1.031331
000001.SZ,1d,2020-09-07,12.538378254766007,12.84172611576841,12.496246607404562,12.588936231599739,1031377.0,1551971380.96,20200907,14.94,1.186756348999434,20250612,20250612,1.031331
000001.SZ,1d,2020-09-08,12.639494208433474,13.0018263757419,12.639494208433474,13.0018263757419,1407602.0,2154220778.29,20200908,15.43,1.186756348999434,20250612,20250612,1.031331
000001.SZ,1d,2020-09-09,12.858578774712988,13.111368658881657,12.74903649157323,12.816447127351543,1013572.0,1554005575.35,20200909,15.21,1.186756348999434,20250612,20250612,1.031331
000001.SZ,1d,2020-09-10,12.909136751546722,13.043958023103345,12.808020797879255,12.925989410491301,957092.0,1469402768.28,20200910,15.340000000000002,1.186756348999434,20250612,20250612,1.031331
000001.SZ,1d,2020-09-11,12.791168138934676,12.892284092602145,12.487820277932272,12.647920537905762,954236.0,1431844020.44,20200911,15.01,1.186756348999434,20250612,20250612,1.031331
000001.SZ,1d,2020-09-14,12.647920537905762,12.892284092602145,12.572083572655162,12.892284092602145,680251.0,1027508108.5500001,20200914,15.3,1.186756348999434,20250612,20250612,1.031331
000001.SZ,1d,2020-09-15,12.808020797879255,13.043958023103345,12.76588915051781,12.934415739963589,657133.0,1007999044.1099999,20200915,15.35,1.186756348999434,20250612,20250612,1.031331
000001.SZ,1d,2020-09-16,12.909136751546722,13.09451599993708,12.816447127351543,13.01025270521419,722415.0,1114667832.1100001,20200916,15.440000000000001,1.186756348999434,20250612,20250612,1.031331
000001.SZ,1d,2020-09-17,13.09451599993708,13.24618993043828,12.976547387325033,13.119794988353947,988216.0,1543414501.54,20200917,15.57,1.186756348999434,20250612,20250612,1.031331
000001.SZ,1d,2020-09-18,13.16192663571539,13.557964120912972,13.077663340992501,13.541111461968395,1373193.0,2186759087.8100004,20200918,16.07,1.186756348999434,20250612,20250612,1.031331
000001.SZ,1d,2020-09-21,13.482127155662372,13.524258803023818,13.237763600965993,13.364158543050328,896162.0,1418370973.91,20200921,15.860000000000001,1.186756348999434,20250612,20250612,1.031331
000001.SZ,1d,2020-09-22,13.204058283076835,13.347305884105749,12.968121057852745,13.119794988353947,867756.0,1354536272.84,20200922,15.57,1.186756348999434,20250612,20250612,1.031331
000001.SZ,1d,2020-09-23,13.136647647298524,13.33887955463346,13.069237011520212,13.170352965187679,599200.0,939763265.95,20200923,15.629999999999999,1.186756348999434,20250612,20250612,1.031331
000001.SZ,1d,2020-09-24,13.136647647298526,13.153500306243103,12.740610162100943,12.740610162100943,1061011.0,1623376200.8100002,20200924,15.120000000000001,1.186756348999434,20250612,20250612,1.031331
000001.SZ,1d,2020-09-25,12.808020797879253,12.90071042207443,12.732183832628651,12.799594468406964,614087.0,933035044.4699999,20200925,15.19,1.186756348999434,20250612,20250612,1.031331
000001.SZ,1d,2020-09-28,12.799594468406966,12.951268398908168,12.622641549488897,12.900710422074432,612711.0,932800766.0300001,20200928,15.31,1.186756348999434,20250612,20250612,1.031331
000001.SZ,1d,2020-09-29,12.968121057852745,12.984973716797322,12.437262301098539,12.470967618987693,1182374.0,1766848544.72,20200929,14.799999999999999,1.186756348999434,20250612,20250612,1.031331
000001.SZ,1d,2020-09-30,12.470967618987695,12.867005104185278,12.470967618987695,12.782741809462387,1217065.0,1838547595.4599998,20200930,15.17,1.186756348999434,20250612,20250612,1.031331
000001.SZ,1d,2020-10-09,12.892284092602145,13.102942329409368,12.74903649157323,12.791168138934676,900426.0,1376995906.6,20201009,15.180000000000001,1.186756348999434,20250612,20250612,1.031331
000001.SZ,1d,2020-10-12,12.824873456823832,13.524258803023818,12.816447127351543,13.397863860939482,1591347.0,2509002885.3100004,20201012,15.9,1.186756348999434,20250612,20250612,1.031331
000001.SZ,1d,2020-10-13,13.397863860939482,13.574816779857551,13.288321577799724,13.532685132496105,908819.0,1453986337.96,20201013,16.06,1.186756348999434,20250612,20250612,1.031331
000001.SZ,1d,2020-10-14,13.515832473551527,13.58324310932984,13.313600566216593,13.50740614407924,662562.0,1057937816.08,20201014,16.03,1.186756348999434,20250612,20250612,1.031331
000001.SZ,1d,2020-10-15,13.650653745108151,14.257349467112958,13.608522097746706,13.954001606110554,1600062.0,2654379585.66,20201015,16.56,1.186756348999434,20250612,20250612,1.031331
000001.SZ,1d,2020-10-16,13.954001606110554,14.63653429336596,13.937148947165976,14.409023397614158,2095614.0,3589229558.5699997,20201016,17.099999999999998,1.186756348999434,20250612,20250612,1.031331
000001.SZ,1d,2020-10-19,14.57754998705994,15.25165634484306,14.57754998705994,14.729223917561141,2016106.0,3571336006.25,20201019,17.48,1.186756348999434,20250612,20250612,1.031331
000001.SZ,1d,2020-10-20,14.729223917561141,14.83033987122861,14.535418339698495,14.779781894394874,960072.0,1673173355.6499999,20201020,17.54,1.186756348999434,20250612,20250612,1.031331
000001.SZ,1d,2020-10-21,14.864045189117766,15.167393050120172,14.602828975476807,15.091556084869568,1244560.0,2204040364.8,20201021,17.91,1.186756348999434,20250612,20250612,1.031331
000001.SZ,1d,2020-10-22,15.116835073286436,15.588709523734618,14.57754998705994,14.796634553339455,1890519.0,3342069010.79,20201022,17.560000000000002,1.186756348999434,20250612,20250612,1.031331
000001.SZ,1d,2020-10-23,14.771355564922587,15.82464674895871,14.771355564922587,15.276935333259928,1698502.0,3105623948.39,20201023,18.130000000000003,1.186756348999434,20250612,20250612,1.031331
000001.SZ,1d,2020-10-26,15.335919639565947,15.411756604816548,14.703944929144274,14.9146031659515,1175599.0,2085800598.85,20201026,17.7,1.186756348999434,20250612,20250612,1.031331
000001.SZ,1d,2020-10-27,15.167393050120168,15.167393050120168,14.74607657650572,14.965161142785234,1034865.0,1839243224.79,20201027,17.76,1.186756348999434,20250612,20250612,1.031331
000001.SZ,1d,2020-10-28,14.965161142785231,15.083129755397277,14.56912365758765,14.855618859645475,1205824.0,2125604541.75,20201028,17.63,1.186756348999434,20250612,20250612,1.031331
000001.SZ,1d,2020-10-29,14.779781894394878,15.108408743814145,14.619681634421386,14.973587472257524,846604.0,1498040947.7,20201029,17.770000000000003,1.186756348999434,20250612,20250612,1.031331
000001.SZ,1d,2020-10-30,14.948308483840657,15.470740911122574,14.83033987122861,14.956734813312943,1007804.0,1813064343.1200001,20201030,17.75,1.186756348999434,20250612,20250612,1.031331
000001.SZ,1d,2020-11-02,14.872471518590055,15.209524697481614,14.602828975476807,14.855618859645478,968453.0,1702741437.95,20201102,17.630000000000003,1.186756348999434,20250612,20250612,1.031331
000001.SZ,1d,2020-11-03,14.923029495423789,15.453888252177993,14.9146031659515,15.133687732231014,957869.0,1727488481.5,20201103,17.96,1.186756348999434,20250612,20250612,1.031331
000001.SZ,1d,2020-11-04,15.462314581650284,15.57185686479004,15.133687732231014,15.437035593233416,1247636.0,2275824963.43,20201104,18.32,1.186756348999434,20250612,20250612,1.031331
000001.SZ,1d,2020-11-05,15.479167240594858,15.588709523734618,14.779781894394874,14.9146031659515,1429469.0,2558562453.1800003,20201105,17.7,1.186756348999434,20250612,20250612,1.031331
000001.SZ,1d,2020-11-06,14.923029495423785,14.956734813312943,14.510139351281627,14.864045189117766,848782.0,1486492208.3700001,20201106,17.64,1.186756348999434,20250612,20250612,1.031331
000001.SZ,1d,2020-11-09,14.88932417753463,15.167393050120168,14.779781894394874,15.032571778563545,951424.0,1688807401.7,20201109,17.84,1.186756348999434,20250612,20250612,1.031331
000001.SZ,1d,2020-11-10,15.167393050120168,15.588709523734618,15.108408743814145,15.260082674315347,1021063.0,1854142808.8500001,20201110,18.11,1.186756348999434,20250612,20250612,1.031331
000001.SZ,1d,2020-11-11,15.335919639565951,15.420182934288839,14.83033987122861,15.00729279014668,940130.0,1677811478.7400002,20201111,17.810000000000002,1.186756348999434,20250612,20250612,1.031331
000001.SZ,1d,2020-11-12,15.007292790146677,15.116835073286433,14.703944929144274,14.880897848062343,677258.0,1197284181.1100001,20201112,17.66,1.186756348999434,20250612,20250612,1.031331
000001.SZ,1d,2020-11-13,14.67866594072741,14.720797588088855,14.063543889250314,14.476434033392472,1289189.0,2191492021.21,20201113,17.18,1.186756348999434,20250612,20250612,1.031331
000001.SZ,1d,2020-11-16,14.39217073866958,14.687092270199697,14.240496808168379,14.63653429336596,759857.0,1308190459.6,20201116,17.369999999999997,1.186756348999434,20250612,20250612,1.031331
000001.SZ,1d,2020-11-17,14.644960622838251,15.108408743814145,14.535418339698495,15.024145449091254,852931.0,1509511577.97,20201117,17.83,1.186756348999434,20250612,20250612,1.031331
000001.SZ,1d,2020-11-18,14.982013801729812,15.588709523734618,14.956734813312943,15.555004205845462,1373401.0,2508632642.49,20201118,18.46,1.186756348999434,20250612,20250612,1.031331
000001.SZ,1d,2020-11-19,15.664546488985218,15.993173338404489,15.420182934288839,15.883631055264733,1211741.0,2270476474.58,20201119,18.85,1.186756348999434,20250612,20250612,1.031331
000001.SZ,1d,2020-11-20,15.866778396320152,16.001599667876775,15.605562182679195,15.89205738473702,673919.0,1265262915.5900002,20201120,18.86,1.186756348999434,20250612,20250612,1.031331
000001.SZ,1d,2020-11-23,15.883631055264733,16.532458424630985,15.841499407903287,16.532458424630985,1165858.0,2252290578.43,20201123,19.62,1.186756348999434,20250612,20250612,1.031331
000001.SZ,1d,2020-11-24,16.532458424630985,16.58301640146472,16.153273598377982,16.313373858351472,678543.0,1313496136.53,20201124,19.360000000000003,1.186756348999434,20250612,20250612,1.031331
000001.SZ,1d,2020-11-25,16.41448981201894,16.599869060409294,16.052157644710512,16.0605839741828,552585.0,1068352014.21,20201125,19.060000000000002,1.186756348999434,20250612,20250612,1.031331
000001.SZ,1d,2020-11-26,16.052157644710512,16.524032095158695,16.035304985765936,16.431342470963514,639658.0,1240074378.13,20201126,19.5,1.186756348999434,20250612,20250612,1.031331
000001.SZ,1d,2020-11-27,16.852658944577964,16.852658944577964,16.330226517296047,16.599869060409294,753774.0,1479430635.59,20201127,19.7,1.186756348999434,20250612,20250612,1.031331
000001.SZ,1d,2020-11-30,16.768395649855073,17.594175938139394,16.507179436214116,16.63357437829845,1581441.0,3213680470.07,20201130,19.74,1.186756348999434,20250612,20250612,1.031331
000001.SZ,1d,2020-12-01,16.599869060409297,17.282401747664704,16.347079176240626,16.89479059193941,1263720.0,2516010782.4900002,20201201,20.05,1.186756348999434,20250612,20250612,1.031331
000001.SZ,1d,2020-12-02,16.79367463827194,16.903216921411698,16.448195129908093,16.54088475410327,889385.0,1758639187.8400002,20201202,19.63,1.186756348999434,20250612,20250612,1.031331
000001.SZ,1d,2020-12-03,16.66727969618761,16.734690331965922,16.153273598377982,16.465047788852676,714452.0,1393085020.58,20201203,19.540000000000003,1.186756348999434,20250612,20250612,1.031331
000001.SZ,1d,2020-12-04,16.40606348254665,16.40606348254665,15.9847470089322,16.262815881517735,891348.0,1707639065.1,20201204,19.299999999999997,1.186756348999434,20250612,20250612,1.031331
000001.SZ,1d,2020-12-07,16.271242210990025,16.338652846768337,15.740383454235818,15.934189032098466,873807.0,1655173465.4,20201207,18.91,1.186756348999434,20250612,20250612,1.031331
000001.SZ,1d,2020-12-08,15.942615361570756,16.035304985765936,15.613988512151485,15.765662442652687,719648.0,1345951734.38,20201208,18.71,1.186756348999434,20250612,20250612,1.031331
000001.SZ,1d,2020-12-09,15.833073078430997,16.052157644710512,15.740383454235818,15.765662442652687,677221.0,1277484440.94,20201209,18.71,1.186756348999434,20250612,20250612,1.031331
000001.SZ,1d,2020-12-10,15.782515101597264,15.908910043681598,15.546577876373172,15.715104465818952,607867.0,1130916254.15,20201210,18.65,1.186756348999434,20250612,20250612,1.031331
000001.SZ,1d,2020-12-11,15.765662442652683,15.841499407903285,15.352772298510525,15.605562182679195,887794.0,1642392314.27,20201211,18.52,1.186756348999434,20250612,20250612,1.031331
000001.SZ,1d,2020-12-14,15.67297281845751,16.0605839741828,15.588709523734618,15.908910043681598,835992.0,1575396008.32,20201214,18.88,1.186756348999434,20250612,20250612,1.031331
000001.SZ,1d,2020-12-15,15.841499407903287,15.883631055264733,15.293787992204505,15.790941431069555,788858.0,1458268620.75,20201215,18.740000000000002,1.186756348999434,20250612,20250612,1.031331
000001.SZ,1d,2020-12-16,15.841499407903287,16.09428929207196,15.65612015951293,16.018452326821357,689070.0,1302133815.28,20201216,19.01,1.186756348999434,20250612,20250612,1.031331
000001.SZ,1d,2020-12-17,15.934189032098466,16.06901030365509,15.67297281845751,15.967894349987624,686141.0,1294658299.27,20201217,18.950000000000003,1.186756348999434,20250612,20250612,1.031331
000001.SZ,1d,2020-12-18,16.010025997349068,16.09428929207196,15.361198627982816,15.470740911122572,1058756.0,1959764074.98,20201218,18.36,1.186756348999434,20250612,20250612,1.031331
000001.SZ,1d,2020-12-21,15.420182934288839,15.706678136346664,15.192672038537037,15.403330275344262,906878.0,1662649810.0500002,20201221,18.28,1.186756348999434,20250612,20250612,1.031331
000001.SZ,1d,2020-12-22,15.470740911122572,15.715104465818952,15.0662770964527,15.083129755397277,1028738.0,1873638734.0600002,20201222,17.9,1.186756348999434,20250612,20250612,1.031331
000001.SZ,1d,2020-12-23,15.133687732231014,15.226377356426191,14.9904401312021,15.167393050120168,750083.0,1345650736.09,20201223,18.0,1.186756348999434,20250612,20250612,1.031331
000001.SZ,1d,2020-12-24,15.293787992204505,15.58028319426233,15.209524697481614,15.386477616399683,632950.0,1155767283.67,20201224,18.26,1.186756348999434,20250612,20250612,1.031331
000001.SZ,1d,2020-12-25,15.386477616399683,15.386477616399683,14.998866460674389,15.201098368009324,577077.0,1038128197.3900001,20201225,18.04,1.186756348999434,20250612,20250612,1.031331
000001.SZ,1d,2020-12-28,15.184245709064745,15.89205738473702,15.133687732231014,15.883631055264733,1270337.0,2352947321.9700003,20201228,18.85,1.186756348999434,20250612,20250612,1.031331
000001.SZ,1d,2020-12-29,15.900483714209312,16.26281588151774,15.757236113180397,16.15327359837798,963092.0,1837947238.25,20201229,19.169999999999998,1.186756348999434,20250612,20250612,1.031331
000001.SZ,1d,2020-12-30,16.010025997349068,16.178552586794847,15.774088772124975,16.178552586794847,978498.0,1854082812.28,20201230,19.2,1.186756348999434,20250612,20250612,1.031331
000001.SZ,1d,2020-12-31,16.186978916267137,16.498753106741827,16.026878656293643,16.296521199406893,924503.0,1781736285.58,20201231,19.34,1.186756348999434,20250612,20250612,1.031331
000001.SZ,1d,2021-01-04,16.09428929207196,16.09428929207196,15.538151546900885,15.67297281845751,1554216.0,2891682312.0499997,20210104,18.6,1.186756348999434,20250612,20250612,1.031331
000001.SZ,1d,2021-01-05,15.50444622901173,15.57185686479004,14.998866460674389,15.310640651149082,1821352.0,3284606913.9100003,20210105,18.17,1.186756348999434,20250612,20250612,1.031331
000001.SZ,1d,2021-01-06,15.234803685898479,16.481900447797248,15.167393050120168,16.481900447797248,1934945.0,3648521909.1000004,20210106,19.56,1.186756348999434,20250612,20250612,1.031331
000001.SZ,1d,2021-01-07,16.448195129908093,16.83580628563339,16.203831575211712,16.768395649855076,1584185.0,3111274625.37,20210107,19.900000000000002,1.186756348999434,20250612,20250612,1.031331
000001.SZ,1d,2021-01-08,16.768395649855073,16.936922239300852,16.271242210990025,16.72626400249363,1195473.0,2348316363.18,20210108,19.849999999999998,1.186756348999434,20250612,20250612,1.031331
000001.SZ,1d,2021-01-11,16.852658944577964,17.39194403080446,16.852658944577964,17.172859464524947,1790457.0,3652546646.82,20210111,20.38,1.186756348999434,20250612,20250612,1.031331
000001.SZ,1d,2021-01-12,17.181285793997237,17.695291891806864,17.004332875079168,17.695291891806864,1288166.0,2657687440.67,20210112,21.0,1.186756348999434,20250612,20250612,1.031331
000001.SZ,1d,2021-01-13,17.695291891806868,17.703718221279154,17.189712123469526,17.442502007638197,1049120.0,2161849708.0400004,20210113,20.700000000000003,1.186756348999434,20250612,20250612,1.031331
000001.SZ,1d,2021-01-14,17.425649348693614,17.602602267611687,16.81052729721652,16.995906545606875,1130156.0,2306404546.81,20210114,20.169999999999998,1.186756348999434,20250612,20250612,1.031331
000001.SZ,1d,2021-01-15,17.695291891806864,18.495793191674316,17.54361796130566,17.695291891806864,2480689.0,5311218074.76,20210115,21.0,1.186756348999434,20250612,20250612,1.031331
000001.SZ,1d,2021-01-18,17.863818481252643,19.195178537874302,17.863818481252643,19.12776790209599,2157302.0,4792909447.95,20210118,22.7,1.186756348999434,20250612,20250612,1.031331
000001.SZ,1d,2021-01-19,18.9676676421225,19.245736514708035,18.580056486397208,18.824420041093585,1242088.0,2790056611.29,20210119,22.34,1.186756348999434,20250612,20250612,1.031331
000001.SZ,1d,2021-01-20,18.6643197811201,19.355278797847795,18.63904079270323,18.933962324233345,1280793.0,2889249850.4500003,20210120,22.470000000000002,1.186756348999434,20250612,20250612,1.031331
000001.SZ,1d,2021-01-21,18.959241312650214,19.21203119681888,18.6643197811201,18.731730416898408,944779.0,2114252731.64,20210121,22.23,1.186756348999434,20250612,20250612,1.031331
000001.SZ,1d,2021-01-22,18.731730416898408,18.731730416898408,18.125034694893603,18.56320382745263,924434.0,2025834761.5400002,20210122,22.03,1.186756348999434,20250612,20250612,1.031331
000001.SZ,1d,2021-01-25,18.30198761381167,19.0435046073731,18.05762405911529,18.95081498317792,1028365.0,2269032820.67,20210125,22.49,1.186756348999434,20250612,20250612,1.031331
000001.SZ,1d,2021-01-26,18.79071472320443,19.650200329377906,18.79071472320443,18.849699029510454,1126721.0,2558575511.9700003,20210126,22.37,1.186756348999434,20250612,20250612,1.031331
000001.SZ,1d,2021-01-27,18.79914105267672,19.77659527146224,18.79914105267672,19.44796842204297,1294153.0,2976800955.73,20210127,23.08,1.186756348999434,20250612,20250612,1.031331
000001.SZ,1d,2021-01-28,19.195178537874302,19.53223171676586,18.917109665288766,19.220457526291167,857477.0,1948881146.95,20210128,22.81,1.186756348999434,20250612,20250612,1.031331
000001.SZ,1d,2021-01-29,19.22045752629117,19.835579577768264,19.13619423156828,19.456394751515262,1240258.0,2864101419.33,20210129,23.09,1.186756348999434,20250612,20250612,1.031331
000001.SZ,1d,2021-02-01,19.38055778626466,21.057397351250167,19.12776790209599,20.686638854469454,1475239.0,3529556986.77,20210201,24.55,1.186756348999434,20250612,20250612,1.031331
000001.SZ,1d,2021-02-02,19.70075830621164,20.307454028216448,19.304720821014058,19.61649501148875,2416169.0,5679179941.74,20210202,23.28,1.186756348999434,20250612,20250612,1.031331
000001.SZ,1d,2021-02-03,19.78502160093453,21.217497611223656,19.70075830621164,21.023692033361012,1923272.0,4690176486.28,20210203,24.95,1.186756348999434,20250612,20250612,1.031331
000001.SZ,1d,2021-02-04,20.37486466399476,21.26805558805739,20.256896051382714,20.728770501830894,1255248.0,3084553750.95,20210204,24.599999999999998,1.186756348999434,20250612,20250612,1.031331
000001.SZ,1d,2021-02-05,20.728770501830894,21.327039894363413,20.450701629245362,21.006839374416433,1015576.0,2517804159.63,20210205,24.93,1.186756348999434,20250612,20250612,1.031331
000001.SZ,1d,2021-02-08,20.98156038599957,20.98156038599957,20.307454028216448,20.897297091276677,1084265.0,2650948251.3799996,20210208,24.8,1.186756348999434,20250612,20250612,1.031331
000001.SZ,1d,2021-02-09,20.88887076180439,20.931002409165835,20.36643833452247,20.711917842886322,942094.0,2302978158.4,20210209,24.580000000000002,1.186756348999434,20250612,20250612,1.031331
000001.SZ,1d,2021-02-10,20.728770501830894,21.0321183628333,19.70075830621164,20.071516802992356,1918867.0,4569741959.900001,20210210,23.82,1.186756348999434,20250612,20250612,1.031331
000001.SZ,1d,2021-02-18,20.22319073349356,20.686638854469454,19.78502160093453,20.475980617662227,1505231.0,3619387651.7099996,20210218,24.3,1.186756348999434,20250612,20250612,1.031331
000001.SZ,1d,2021-02-19,20.189485415604402,20.38329099346705,19.860858566185133,20.096795791409225,922583.0,2197558286.91,20210219,23.85,1.186756348999434,20250612,20250612,1.031331
000001.SZ,1d,2021-02-22,20.05466414404778,20.05466414404778,18.757009405315276,18.858125358982743,1956842.0,4445818547.6,20210222,22.380000000000003,1.186756348999434,20250612,20250612,1.031331
000001.SZ,1d,2021-02-23,18.858125358982743,19.11091524315141,18.38625090853456,18.478940532729737,1870460.0,4160776611.3100004,20210223,21.93,1.186756348999434,20250612,20250612,1.031331
000001.SZ,1d,2021-02-24,18.765435734787562,18.773862064259852,18.167166342255044,18.672746110592385,1428500.0,3144209051.81,20210224,22.16,1.186756348999434,20250612,20250612,1.031331
000001.SZ,1d,2021-02-25,18.87497801792732,19.009799289483944,18.268282295922514,18.613761804286362,1593403.0,3524600794.46,20210225,22.09,1.186756348999434,20250612,20250612,1.031331
000001.SZ,1d,2021-02-26,18.2008716601442,18.504219521146606,17.872244810724933,18.015492411753847,1124977.0,2424653753.46,20210226,21.380000000000003,1.186756348999434,20250612,20250612,1.031331
000001.SZ,1d,2021-03-01,18.15031368331047,18.268282295922514,17.846965822308064,18.074476718059866,1125387.0,2408050906.4,20210301,21.45,1.186756348999434,20250612,20250612,1.031331
000001.SZ,1d,2021-03-02,18.21772431908878,18.6643197811201,17.914376458086377,18.24300330750565,1473425.0,3196536981.14,20210302,21.650000000000002,1.186756348999434,20250612,20250612,1.031331
000001.SZ,1d,2021-03-03,18.184019001199626,19.447968422042972,18.082903047532156,19.38898411573695,1919635.0,4320024431.320001,20210303,23.01,1.186756348999434,20250612,20250612,1.031331
000001.SZ,1d,2021-03-04,19.186752208402016,19.79344793040682,19.085636254734546,19.313147150486348,1213579.0,2799747146.4100003,20210304,22.92,1.186756348999434,20250612,20250612,1.031331
000001.SZ,1d,2021-03-05,19.12776790209599,19.36370512732008,18.419956226423714,18.824420041093585,880171.0,1960439115.0400002,20210305,22.34,1.186756348999434,20250612,20250612,1.031331
000001.SZ,1d,2021-03-08,18.908683335816477,19.119341572623703,18.099755706476735,18.2008716601442,993774.0,2189190957.56,20210308,21.6,1.186756348999434,20250612,20250612,1.031331
000001.SZ,1d,2021-03-09,18.268282295922518,18.47051420325745,17.341386053970727,17.56889694972253,1361895.0,2882931927.56,20210309,20.85,1.186756348999434,20250612,20250612,1.031331
000001.SZ,1d,2021-03-10,17.56047062025024,17.619454926556262,17.088596169802056,17.189712123469526,1149417.0,2356185003.94,20210310,20.400000000000002,1.186756348999434,20250612,20250612,1.031331
000001.SZ,1d,2021-03-11,17.341386053970723,18.015492411753844,17.324533395026148,17.922802787558666,1048659.0,2213107787.13,20210311,21.27,1.186756348999434,20250612,20250612,1.031331
000001.SZ,1d,2021-03-12,18.007066082281558,18.285134954867093,17.863818481252643,18.099755706476735,697201.0,1494219075.5,20210312,21.48,1.186756348999434,20250612,20250612,1.031331
000001.SZ,1d,2021-03-15,18.032345070698423,18.63904079270323,17.78798151600204,18.2008716601442,958749.0,2077984893.9499998,20210315,21.599999999999998,1.186756348999434,20250612,20250612,1.031331
000001.SZ,1d,2021-03-16,18.2008716601442,18.63061446323094,17.922802787558666,18.251429636977935,939684.0,2038470660.5300002,20210316,21.66,1.186756348999434,20250612,20250612,1.031331
000001.SZ,1d,2021-03-17,18.07447671805987,18.158740012782758,17.611028597083976,17.863818481252647,821489.0,1738185857.1,20210317,21.200000000000003,1.186756348999434,20250612,20250612,1.031331
000001.SZ,1d,2021-03-18,17.948081775975535,18.310413943283958,17.695291891806864,18.310413943283958,691610.0,1483801548.9800003,20210318,21.73,1.186756348999434,20250612,20250612,1.031331
000001.SZ,1d,2021-03-19,18.14188735383818,18.24300330750565,17.164433135052658,17.24869642977555,1525622.0,3159181042.9600005,20210319,20.470000000000002,1.186756348999434,20250612,20250612,1.031331
000001.SZ,1d,2021-03-22,17.316107065553858,18.158740012782758,17.299254406609283,18.158740012782758,1451190.0,3087549484.44,20210322,21.55,1.186756348999434,20250612,20250612,1.031331
000001.SZ,1d,2021-03-23,18.175592671727337,18.24300330750565,17.66158657391771,17.88909746966951,682903.0,1448043613.41,20210323,21.23,1.186756348999434,20250612,20250612,1.031331
000001.SZ,1d,2021-03-24,17.872244810724933,17.931229117030956,17.23184377083097,17.29925440660928,850085.0,1757688572.4800003,20210324,20.529999999999998,1.186756348999434,20250612,20250612,1.031331
000001.SZ,1d,2021-03-25,17.341386053970727,17.552044290777953,17.189712123469526,17.48463365499964,492666.0,1017166048.68,20210325,20.750000000000004,1.186756348999434,20250612,20250612,1.031331
000001.SZ,1d,2021-03-26,17.56047062025024,18.032345070698426,17.49305998447193,17.81326050441891,822108.0,1733412579.12,20210326,21.14,1.186756348999434,20250612,20250612,1.031331
000001.SZ,1d,2021-03-29,17.931229117030952,18.243003307505646,17.863818481252643,18.10818203594902,785667.0,1684397866.28,20210329,21.49,1.186756348999434,20250612,20250612,1.031331
000001.SZ,1d,2021-03-30,18.015492411753847,18.478940532729737,17.872244810724933,18.478940532729737,738655.0,1601238499.0600002,20210330,21.93,1.186756348999434,20250612,20250612,1.031331
000001.SZ,1d,2021-03-31,18.344119261173116,18.596909145341783,18.2008716601442,18.546351168508053,777028.0,1699922183.9799998,20210331,22.01,1.186756348999434,20250612,20250612,1.031331
000001.SZ,1d,2021-04-01,18.605335474814073,18.63061446323094,18.116608365421314,18.352545590645406,544449.0,1183868023.6599998,20210401,21.78,1.186756348999434,20250612,20250612,1.031331
000001.SZ,1d,2021-04-02,18.285134954867093,18.310413943283958,17.998639752809265,18.116608365421314,581084.0,1249405387.16,20210402,21.5,1.186756348999434,20250612,20250612,1.031331
000001.SZ,1d,2021-04-06,18.158740012782758,18.613761804286362,18.125034694893603,18.268282295922518,401103.0,873387016.62,20210406,21.680000000000003,1.186756348999434,20250612,20250612,1.031331
000001.SZ,1d,2021-04-07,18.436808885368293,18.478940532729737,17.95650810544782,18.234576978033356,517605.0,1116774452.27,20210407,21.639999999999997,1.186756348999434,20250612,20250612,1.031331
000001.SZ,1d,2021-04-08,18.082903047532156,18.310413943283958,17.9733607643924,18.167166342255047,383030.0,825170840.99,20210408,21.560000000000002,1.186756348999434,20250612,20250612,1.031331
000001.SZ,1d,2021-04-09,18.293561284339383,18.301987613811672,17.762702527585176,17.948081775975535,398960.0,849870878.04,20210409,21.3,1.186756348999434,20250612,20250612,1.031331
000001.SZ,1d,2021-04-12,18.1250346948936,18.1250346948936,17.38351770133217,17.442502007638193,594743.0,1240067319.93,20210412,20.7,1.186756348999434,20250612,20250612,1.031331
000001.SZ,1d,2021-04-13,17.459354666582772,17.594175938139394,17.349812383443016,17.509912643416506,499904.0,1036992692.52,20210413,20.78,1.186756348999434,20250612,20250612,1.031331
000001.SZ,1d,2021-04-14,17.518338972888795,17.64473391497313,17.206564782414105,17.41722301922133,537438.0,1113001541.55,20210414,20.67,1.186756348999434,20250612,20250612,1.031331
000001.SZ,1d,2021-04-15,17.49305998447193,17.50148631394422,16.92006958035628,17.156006805580372,735865.0,1494016040.7500002,20210415,20.360000000000003,1.186756348999434,20250612,20250612,1.031331
000001.SZ,1d,2021-04-16,17.15600680558037,17.21499111188639,16.692558684604474,17.071743510857477,729998.0,1466509057.44,20210416,20.259999999999998,1.186756348999434,20250612,20250612,1.031331
000001.SZ,1d,2021-04-19,16.877937932994833,17.8975237991418,16.776821979327366,17.821686833891196,1112283.0,2304021478.31,20210419,21.15,1.186756348999434,20250612,20250612,1.031331
000001.SZ,1d,2021-04-20,17.762702527585176,18.49579319167432,17.62788125602855,18.276708625394804,834773.0,1798249024.3,20210420,21.69,1.186756348999434,20250612,20250612,1.031331
000001.SZ,1d,2021-04-21,18.79071472320443,19.54065804623815,18.78228839373214,19.388984115736946,1597100.0,3644577541.25,20210421,23.009999999999998,1.186756348999434,20250612,20250612,1.031331
000001.SZ,1d,2021-04-22,19.54065804623815,19.574363364127308,19.195178537874302,19.36370512732008,829694.0,1905208911.5900002,20210422,22.98,1.186756348999434,20250612,20250612,1.031331
000001.SZ,1d,2021-04-23,19.650200329377906,19.92826920196344,19.439542092570683,19.62492134096104,823230.0,1920413502.35,20210423,23.29,1.186756348999434,20250612,20250612,1.031331
000001.SZ,1d,2021-04-26,20.113648450353804,20.416996311356208,19.296294491541772,19.329999809430927,872418.0,2037109597.0100002,20210426,22.94,1.186756348999434,20250612,20250612,1.031331
000001.SZ,1d,2021-04-27,19.338426138903213,19.54065804623815,19.262589173652614,19.329999809430923,470431.0,1083043579.27,20210427,22.939999999999998,1.186756348999434,20250612,20250612,1.031331
000001.SZ,1d,2021-04-28,19.62492134096104,19.759742612517666,19.195178537874302,19.675479317794775,593838.0,1375141409.72,20210428,23.35,1.186756348999434,20250612,20250612,1.031331
000001.SZ,1d,2021-04-29,19.667052988322485,19.97882717879718,19.473247410459837,19.87771122512971,614837.0,1439823965.34,20210429,23.59,1.186756348999434,20250612,20250612,1.031331
000001.SZ,1d,2021-04-30,19.675479317794775,19.79344793040682,19.38898411573695,19.62492134096104,561981.0,1308177202.7800002,20210430,23.290000000000003,1.186756348999434,20250612,20250612,1.031331
000001.SZ,1d,2021-05-06,19.46482108098755,19.970400849324893,19.46482108098755,19.80187425987911,500295.0,1174181608.06,20210506,23.5,1.186756348999434,20250612,20250612,1.031331
000001.SZ,1d,2021-05-07,19.945121860908024,20.475980617662227,19.70918463568393,20.265322380855004,802214.0,1929112374.46,20210507,24.05,1.186756348999434,20250612,20250612,1.031331
000001.SZ,1d,2021-05-10,20.22319073349356,20.256896051382714,19.39741044520924,20.10522212088151,661439.0,1566860764.0900002,20210510,23.86,1.186756348999434,20250612,20250612,1.031331
000001.SZ,1d,2021-05-11,19.902990213546573,20.012532496686333,19.431115763098394,19.827153248295975,497223.0,1161846399.0600002,20210511,23.529999999999998,1.186756348999434,20250612,20250612,1.031331
000001.SZ,1d,2021-05-12,19.62492134096104,19.919842872491156,19.27944183259719,19.844005907240554,533265.0,1245517716.8700001,20210512,23.55,1.186756348999434,20250612,20250612,1.031331
000001.SZ,1d,2021-05-13,19.818726918823685,19.87771122512971,19.245736514708035,19.439542092570683,549653.0,1271946298.62,20210513,23.07,1.186756348999434,20250612,20250612,1.031331
000001.SZ,1d,2021-05-14,19.651843311951072,19.89812829727803,19.193243684100874,19.804709854567804,563785.0,1300250943.6000001,20210514,23.32,1.1774976847046017,20250612,20250612,1.031331
000001.SZ,1d,2021-05-17,19.660335897652,20.229339139614282,19.49048418363341,20.04250225419383,527565.0,1241605192.3400002,20210517,23.599999999999998,1.1774976847046017,20250612,20250612,1.031331
000001.SZ,1d,2021-05-18,20.254816896717074,20.475624124941245,19.872650540175243,20.29727982522172,395415.0,939786731.9499999,20210518,23.900000000000002,1.1774976847046017,20250612,20250612,1.031331
000001.SZ,1d,2021-05-19,20.229339139614282,20.4926092963431,19.974561568586395,20.04250225419383,429420.0,1022553739.18,20210519,23.599999999999998,1.1774976847046017,20250612,20250612,1.031331
000001.SZ,1d,2021-05-20,19.88114312587617,20.246324311016142,19.762246926063156,20.229339139614282,405788.0,957478853.76,20210520,23.82,1.1774976847046017,20250612,20250612,1.031331
000001.SZ,1d,2021-05-21,20.280294653819862,20.45863895353938,19.55842486924085,19.949083811483607,539336.0,1263058114.62,20210521,23.490000000000002,1.1774976847046017,20250612,20250612,1.031331
000001.SZ,1d,2021-05-24,19.94059122578268,20.042502254193835,19.69430624045572,19.94059122578268,343936.0,806092207.23,20210524,23.48,1.1774976847046017,20250612,20250612,1.031331
000001.SZ,1d,2021-05-25,19.991546739988255,21.00216443839888,19.915113468679888,20.89176082428679,972375.0,2363145902.7,20210525,24.599999999999998,1.1774976847046017,20250612,20250612,1.031331
000001.SZ,1d,2021-05-26,20.92573116709051,21.333375280735133,20.806834967277496,21.239956838024906,919264.0,2286540248.86,20210526,25.01,1.1774976847046017,20250612,20250612,1.031331
000001.SZ,1d,2021-05-27,21.15503098101561,21.36734562353885,20.823820138679356,21.053119952604455,504091.0,1246712048.75,20210527,24.79,1.1774976847046017,20250612,20250612,1.031331
000001.SZ,1d,2021-05-28,20.959701509894227,20.98517926699702,20.51808705344589,20.806834967277496,492401.0,1200523315.7,20210528,24.5,1.1774976847046017,20250612,20250612,1.031331
000001.SZ,1d,2021-05-31,20.662461010361696,20.832312724380287,20.30577241092265,20.55205739624961,515351.0,1244209045.99,20210531,24.2,1.1774976847046017,20250612,20250612,1.031331
000001.SZ,1d,2021-06-01,20.55205739624961,20.594520324754257,19.957576397184535,20.31426499662358,625018.0,1490476624.5600002,20210601,23.92,1.1774976847046017,20250612,20250612,1.031331
000001.SZ,1d,2021-06-02,20.28878723952079,20.314264996623578,19.85566536877338,20.28878723952079,497527.0,1176608126.9900002,20210602,23.89,1.1774976847046017,20250612,20250612,1.031331
000001.SZ,1d,2021-06-03,20.144413282604987,20.501101882044033,20.11044293980127,20.186876211109634,400901.0,958876472.45,20210603,23.77,1.1774976847046017,20250612,20250612,1.031331
000001.SZ,1d,2021-06-04,20.37371309653009,21.197493909520258,20.212353968212426,20.840805310081215,756739.0,1851425837.6100001,20210604,24.54,1.1774976847046017,20250612,20250612,1.031331
000001.SZ,1d,2021-06-07,20.789849795875636,20.789849795875636,20.32275758232451,20.636983253258904,447914.0,1081738832.95,20210607,24.3,1.1774976847046017,20250612,20250612,1.031331
000001.SZ,1d,2021-06-08,20.50959446774496,20.866283067184003,20.33974275372637,20.832312724380284,570078.0,1384120301.27,20210608,24.529999999999998,1.1774976847046017,20250612,20250612,1.031331
000001.SZ,1d,2021-06-09,20.747386867370988,21.12955322391282,20.53507222484775,20.93422375279144,453832.0,1116771375.46,20210609,24.65,1.1774976847046017,20250612,20250612,1.031331
000001.SZ,1d,2021-06-10,20.94271633849237,21.282419766529554,20.50959446774496,20.552057396249612,530215.0,1294972566.6500003,20210610,24.200000000000003,1.1774976847046017,20250612,20250612,1.031331
000001.SZ,1d,2021-06-11,20.645475838959836,20.679446181763552,19.634858140549213,19.847172783072452,834665.0,1965393115.4999998,20210611,23.37,1.1774976847046017,20250612,20250612,1.031331
000001.SZ,1d,2021-06-15,19.830187611670596,19.89812829727803,19.363095398119466,19.719783997558512,660623.0,1524503477.67,20210615,23.220000000000002,1.1774976847046017,20250612,20250612,1.031331
000001.SZ,1d,2021-06-16,19.719783997558512,19.872650540175243,19.54143969783899,19.753754340362228,378208.0,878470834.12,20210616,23.26,1.1774976847046017,20250612,20250612,1.031331
000001.SZ,1d,2021-06-17,19.549932283539917,20.1189355255022,19.549932283539917,19.617872969147353,453282.0,1059121804.3299999,20210617,23.099999999999998,1.1774976847046017,20250612,20250612,1.031331
000001.SZ,1d,2021-06-18,19.64335072625014,19.770739511764088,19.01489938438135,19.235706612605522,694099.0,1574437729.5800002,20210618,22.650000000000002,1.1774976847046017,20250612,20250612,1.031331
000001.SZ,1d,2021-06-21,19.193243684100874,19.252691784007382,18.69218112774603,18.819569913259972,718273.0,1600119859.9500003,20210621,22.16,1.1774976847046017,20250612,20250612,1.031331
000001.SZ,1d,2021-06-22,19.006406798680423,19.609380383446425,18.89600318456834,19.50746935503527,757751.0,1720058046.82,20210622,22.97,1.1774976847046017,20250612,20250612,1.031331
000001.SZ,1d,2021-06-23,19.40555832662411,19.88114312587617,19.295154712512026,19.651843311951072,447908.0,1035835695.88,20210623,23.14,1.1774976847046017,20250612,20250612,1.031331
000001.SZ,1d,2021-06-24,19.55842486924085,19.634858140549213,19.26118436970831,19.600887797745493,390283.0,894502108.5799999,20210624,23.08,1.1774976847046017,20250612,20250612,1.031331
000001.SZ,1d,2021-06-25,19.600887797745493,20.04250225419383,19.583902626343633,19.838680197371524,559973.0,1310287389.9,20210625,23.36,1.1774976847046017,20250612,20250612,1.031331
000001.SZ,1d,2021-06-28,19.838680197371524,19.86415795447431,19.09133265568972,19.346110226717606,626257.0,1425702202.01,20210628,22.78,1.1774976847046017,20250612,20250612,1.031331
000001.SZ,1d,2021-06-29,19.176258512699015,19.354602812418534,18.683688542045097,18.972436455876704,1049749.0,2341926371.42,20210629,22.34,1.1774976847046017,20250612,20250612,1.031331
000001.SZ,1d,2021-06-30,18.989421627278567,19.47349901223155,18.980929041577635,19.210228855502734,403435.0,913285187.0999999,20210630,22.62,1.1774976847046017,20250612,20250612,1.031331
000001.SZ,1d,2021-07-01,19.371587983820394,19.957576397184535,19.125302998493435,19.70279882615665,664833.0,1530548798.57,20210701,23.2,1.1774976847046017,20250612,20250612,1.031331
000001.SZ,1d,2021-07-02,19.29515471251203,19.31213988391389,18.47986648522279,18.522329413727437,1070678.0,2360189793.98,20210702,21.810000000000002,1.1774976847046017,20250612,20250612,1.031331
000001.SZ,1d,2021-07-05,18.42041838531628,18.81107732755904,17.910863243260504,18.734644056250676,859341.0,1859394323.75,20210705,22.06,1.1774976847046017,20250612,20250612,1.031331
000001.SZ,1d,2021-07-06,18.751629227652536,19.532947112138057,18.556299756531157,19.346110226717606,791957.0,1784792785.5700002,20210706,22.78,1.1774976847046017,20250612,20250612,1.031331
000001.SZ,1d,2021-07-07,19.26118436970831,19.575410040642705,19.10831782709158,19.150780755596227,468945.0,1063910095.8299999,20210707,22.55,1.1774976847046017,20250612,20250612,1.031331
000001.SZ,1d,2021-07-08,19.346110226717606,19.346110226717606,18.00428168597073,18.267551842699547,1457059.0,3140657439.76,20210708,21.509999999999998,1.1774976847046017,20250612,20250612,1.031331
000001.SZ,1d,2021-07-09,18.089207542980027,18.369462871110702,17.851415143353996,18.06372978587724,762365.0,1625461607.71,20210709,21.27,1.1774976847046017,20250612,20250612,1.031331
000001.SZ,1d,2021-07-12,18.25905925699862,18.25905925699862,17.741011529241913,17.970311343167012,877901.0,1859059510.48,20210712,21.16,1.1774976847046017,20250612,20250612,1.031331
000001.SZ,1d,2021-07-13,17.961818757466084,18.123177885783747,17.443771029709378,17.936341000363292,657614.0,1382029130.1100001,20210713,21.119999999999997,1.1774976847046017,20250612,20250612,1.031331
000001.SZ,1d,2021-07-14,17.83442997195214,17.83442997195214,17.333367415597294,17.63060791512983,847951.0,1755810875.16,20210714,20.76,1.1774976847046017,20250612,20250612,1.031331
000001.SZ,1d,2021-07-15,17.59663757232611,18.44589614241907,17.520204301017746,18.36097028540977,956003.0,2040266258.5900002,20210715,21.619999999999997,1.1774976847046017,20250612,20250612,1.031331
000001.SZ,1d,2021-07-16,18.18262598569025,18.530821999428365,18.089207542980027,18.123177885783747,573003.0,1230180813.02,20210716,21.34,1.1774976847046017,20250612,20250612,1.031331
000001.SZ,1d,2021-07-19,18.140163057185603,18.19961115709211,17.64759308653169,18.012774271671663,522136.0,1098434741.86,20210719,21.21,1.1774976847046017,20250612,20250612,1.031331
000001.SZ,1d,2021-07-20,17.919355828961432,18.00428168597073,17.38432292980287,17.494726543914954,804034.0,1665315545.53,20210720,20.599999999999998,1.1774976847046017,20250612,20250612,1.031331
000001.SZ,1d,2021-07-21,17.477741372513094,17.66457825793355,17.15502311587777,17.36733775840101,753077.0,1535327561.83,20210721,20.45,1.1774976847046017,20250612,20250612,1.031331
000001.SZ,1d,2021-07-22,17.367337758401014,17.545682058120537,17.18899345868149,17.307889658494506,868648.0,1773999331.02,20210722,20.380000000000003,1.1774976847046017,20250612,20250612,1.031331
000001.SZ,1d,2021-07-23,17.307889658494503,17.307889658494503,16.98517140185918,17.07009725886848,727404.0,1461467511.7900002,20210723,20.1,1.1774976847046017,20250612,20250612,1.031331
000001.SZ,1d,2021-07-26,16.951201059055464,16.97667881615825,15.651835446813234,15.96606111774763,1451304.0,2770236696.2900004,20210726,18.8,1.1774976847046017,20250612,20250612,1.031331
000001.SZ,1d,2021-07-27,16.025509217654136,16.127420246065295,14.94695083363608,15.082832204850954,1357551.0,2461708369.8399997,20210727,17.76,1.1774976847046017,20250612,20250612,1.031331
000001.SZ,1d,2021-07-28,15.15926547615932,15.346102361579769,15.014891519243514,15.074339619150022,1062994.0,1898562591.76,20210728,17.75,1.1774976847046017,20250612,20250612,1.031331
000001.SZ,1d,2021-07-29,15.210220990364895,15.490476318495574,15.099817376252812,15.252683918869545,872378.0,1566107824.4,20210729,17.96,1.1774976847046017,20250612,20250612,1.031331
000001.SZ,1d,2021-07-30,15.218713576065827,15.32911719017791,14.641217748402616,15.023384104944446,950156.0,1679747318.2799997,20210730,17.69,1.1774976847046017,20250612,20250612,1.031331
000001.SZ,1d,2021-08-02,14.980921176439798,15.405550461486277,14.590262234197036,15.29514684737419,1159923.0,2056014242.9099998,20210802,18.009999999999998,1.1774976847046017,20250612,20250612,1.031331
000001.SZ,1d,2021-08-03,15.278161675972331,15.414043047187205,14.997906347841656,15.193235818963037,896949.0,1609422575.43,20210803,17.89,1.1774976847046017,20250612,20250612,1.031331
000001.SZ,1d,2021-08-04,15.320624604476983,15.346102361579769,14.94695083363608,15.125295133355602,729620.0,1300164293.35,20210804,17.810000000000002,1.1774976847046017,20250612,20250612,1.031331
000001.SZ,1d,2021-08-05,15.031876690645378,15.32911719017791,14.92996566223422,15.014891519243518,621574.0,1104903004.6999998,20210805,17.680000000000003,1.1774976847046017,20250612,20250612,1.031331
000001.SZ,1d,2021-08-06,14.90448790513143,15.201728404663966,14.819562048122135,15.167758061860248,567454.0,1005870948.8,20210806,17.86,1.1774976847046017,20250612,20250612,1.031331
000001.SZ,1d,2021-08-09,15.210220990364895,16.348227474289462,15.15077289045839,16.1868683459718,1752798.0,3313803230.96,20210809,19.06,1.1774976847046017,20250612,20250612,1.031331
000001.SZ,1d,2021-08-10,16.21234610307459,16.968186230457324,16.050986974756928,16.755871587934084,1301988.0,2535427989.3100004,20210810,19.730000000000004,1.1774976847046017,20250612,20250612,1.031331
000001.SZ,1d,2021-08-11,16.97667881615825,17.477741372513094,16.730393830831293,16.823812273541517,1048308.0,2104975144.53,20210811,19.81,1.1774976847046017,20250612,20250612,1.031331
000001.SZ,1d,2021-08-12,16.806827102139657,17.239948972887067,16.670945730924785,16.891752959148956,666458.0,1330388046.16,20210812,19.89,1.1774976847046017,20250612,20250612,1.031331
000001.SZ,1d,2021-08-13,16.79833451643873,16.917230716251744,16.5605421168127,16.891752959148956,562885.0,1110191399.0,20210813,19.89,1.1774976847046017,20250612,20250612,1.031331
000001.SZ,1d,2021-08-16,17.061604673167547,17.15502311587777,16.61999021671921,16.942708473354532,627050.0,1247681171.0,20210816,19.95,1.1774976847046017,20250612,20250612,1.031331
000001.SZ,1d,2021-08-17,16.857782616345236,17.17200828727963,16.653960559522925,16.7049160737285,476022.0,947385521.39,20210817,19.669999999999998,1.1774976847046017,20250612,20250612,1.031331
000001.SZ,1d,2021-08-18,16.704916073728505,18.00428168597073,16.60300504531735,17.511711715316817,1332732.0,2732213549.09,20210818,20.62,1.1774976847046017,20250612,20250612,1.031331
000001.SZ,1d,2021-08-19,17.392815515503802,17.511711715316817,17.00215657326104,17.273919315690787,649976.0,1315320351.8400002,20210819,20.34,1.1774976847046017,20250612,20250612,1.031331
000001.SZ,1d,2021-08-20,16.959693644756392,17.044619501765688,15.881135260738333,16.492601431205262,1614628.0,3119152554.9300003,20210820,19.419999999999998,1.1774976847046017,20250612,20250612,1.031331
000001.SZ,1d,2021-08-23,16.5605421168127,17.027634330363828,16.229331274476447,16.39069040279411,1191849.0,2315871646.1299996,20210823,19.3,1.1774976847046017,20250612,20250612,1.031331
000001.SZ,1d,2021-08-24,16.433153331298758,16.959693644756392,16.314257131485743,16.441645916999686,868953.0,1690760837.07,20210824,19.36,1.1774976847046017,20250612,20250612,1.031331
000001.SZ,1d,2021-08-25,16.492601431205262,16.53506435970991,16.093449903261572,16.271794202981095,698084.0,1341330418.51,20210825,19.16,1.1774976847046017,20250612,20250612,1.031331
000001.SZ,1d,2021-08-26,16.30576454578481,16.35672005999039,15.634850275411376,15.677313203916023,951619.0,1783725035.2600002,20210826,18.46,1.1774976847046017,20250612,20250612,1.031331
000001.SZ,1d,2021-08-27,15.76223906092532,16.034001803355064,15.549924418402078,15.617865104009514,728820.0,1354408976.91,20210827,18.389999999999997,1.1774976847046017,20250612,20250612,1.031331
000001.SZ,1d,2021-08-30,15.464998561392784,15.53293924700022,14.90448790513143,15.048861862047236,1252211.0,2221855858.7,20210830,17.720000000000002,1.1774976847046017,20250612,20250612,1.031331
000001.SZ,1d,2021-08-31,15.048861862047232,15.227206161766755,14.70066584830912,15.116802547654668,1174868.0,2072006842.05,20210831,17.799999999999997,1.1774976847046017,20250612,20250612,1.031331
000001.SZ,1d,2021-09-01,14.845039805224925,15.218713576065827,14.445888277281234,15.18474323326211,2316894.0,4046284162.5199995,20210901,17.880000000000003,1.1774976847046017,20250612,20250612,1.031331
000001.SZ,1d,2021-09-02,15.286654261673263,15.949075946345772,15.116802547654672,15.626357689710447,2422604.0,4454545280.06,20210902,18.400000000000002,1.1774976847046017,20250612,20250612,1.031331
000001.SZ,1d,2021-09-03,15.711283546719741,15.711283546719741,15.031876690645374,15.32062460447698,1394819.0,2523273155.42,20210903,18.04,1.1774976847046017,20250612,20250612,1.031331
000001.SZ,1d,2021-09-06,15.227206161766755,15.796209403729039,15.099817376252812,15.668820618215097,1515226.0,2780281080.51,20210906,18.450000000000003,1.1774976847046017,20250612,20250612,1.031331
000001.SZ,1d,2021-09-07,15.796209403729039,16.61149763101828,15.5838947612058,16.339734888588534,1622344.0,3067365668.7200003,20210907,19.240000000000002,1.1774976847046017,20250612,20250612,1.031331
000001.SZ,1d,2021-09-08,16.339734888588534,16.60300504531735,16.22083868877552,16.331242302887603,1026201.0,1979771479.65,20210908,19.23,1.1774976847046017,20250612,20250612,1.031331
000001.SZ,1d,2021-09-09,16.229331274476447,16.263301617280167,15.96606111774763,16.13591283176622,739506.0,1399536020.5,20210909,19.0,1.1774976847046017,20250612,20250612,1.031331
000001.SZ,1d,2021-09-10,16.042494389055996,17.639100500830757,16.000031460551348,17.469248786812166,2314945.0,4668361827.72,20210910,20.57,1.1774976847046017,20250612,20250612,1.031331
000001.SZ,1d,2021-09-13,17.290904487092646,17.418293272606586,16.823812273541517,17.1635157015787,1297228.0,2606152378.88,20210913,20.209999999999997,1.1774976847046017,20250612,20250612,1.031331
000001.SZ,1d,2021-09-14,17.13803794447591,17.21447121578428,16.36521264569132,16.450138502700618,1158173.0,2272080156.85,20210914,19.37,1.1774976847046017,20250612,20250612,1.031331
000001.SZ,1d,2021-09-15,16.399182988495042,17.825937386251212,16.297271960083883,16.57752728821456,841618.0,1639298361.44,20210915,19.52,1.1774976847046017,20250612,20250612,1.031331
000001.SZ,1d,2021-09-16,16.39069040279411,16.5605421168127,15.906613017841122,16.20385351737366,1176954.0,2234474948.1600003,20210916,19.080000000000002,1.1774976847046017,20250612,20250612,1.031331
000001.SZ,1d,2021-09-17,16.050986974756924,16.13591283176622,15.634850275411376,15.736761303822531,1124880.0,2098715196.6000001,20210917,18.53,1.1774976847046017,20250612,20250612,1.031331
000001.SZ,1d,2021-09-22,15.17625064756118,15.32911719017791,14.794084291019347,15.269669090271403,1473365.0,2616707242.58,20210922,17.98,1.1774976847046017,20250612,20250612,1.031331
000001.SZ,1d,2021-09-23,15.371580118682559,15.558417004103012,14.989413762140728,15.014891519243518,1379838.0,2465683704.6800003,20210923,17.680000000000003,1.1774976847046017,20250612,20250612,1.031331
000001.SZ,1d,2021-09-24,14.94695083363608,15.014891519243514,14.72614360541191,14.73463619111284,1265696.0,2209461934.4100003,20210924,17.35,1.1774976847046017,20250612,20250612,1.031331
000001.SZ,1d,2021-09-27,14.615739991299822,15.014891519243514,14.48835120578588,14.92147307653329,1140668.0,1979196739.27,20210927,17.57,1.1774976847046017,20250612,20250612,1.031331
000001.SZ,1d,2021-09-28,14.836547219523993,15.431028218589065,14.819562048122135,15.261176504570473,1293167.0,2311265535.64,20210928,17.97,1.1774976847046017,20250612,20250612,1.031331
000001.SZ,1d,2021-09-29,15.167758061860248,15.660328032514165,15.040369276346304,15.414043047187208,1230122.0,2225416488.1400003,20210929,18.150000000000002,1.1774976847046017,20250612,20250612,1.031331
000001.SZ,1d,2021-09-30,15.363087532981629,15.456505975691854,15.040369276346304,15.227206161766755,795611.0,1424675916.8600001,20210930,17.93,1.1774976847046017,20250612,20250612,1.031331
000001.SZ,1d,2021-10-08,15.431028218589065,16.042494389055996,15.303639433075121,15.830179746532757,1159201.0,2146983881.5400002,20211008,18.64,1.1774976847046017,20250612,20250612,1.031331
000001.SZ,1d,2021-10-11,16.13591283176622,16.76436417363501,16.13591283176622,16.475616259803402,1455338.0,2829310843.75,20211011,19.4,1.1774976847046017,20250612,20250612,1.031331
000001.SZ,1d,2021-10-12,16.39069040279411,16.738886416532225,16.30576454578481,16.433153331298755,1031232.0,2004823967.61,20211012,19.349999999999998,1.1774976847046017,20250612,20250612,1.031331
000001.SZ,1d,2021-10-13,16.39069040279411,16.908738130550812,16.280286788682027,16.628482802420137,807897.0,1577612469.53,20211013,19.580000000000002,1.1774976847046017,20250612,20250612,1.031331
000001.SZ,1d,2021-10-14,16.636975388121066,16.917230716251744,16.042494389055996,16.314257131485743,842990.0,1623970431.3999999,20211014,19.21,1.1774976847046017,20250612,20250612,1.031331
000001.SZ,1d,2021-10-15,16.13591283176622,16.900245544849884,16.13591283176622,16.696423488027573,993494.0,1948647236.8100002,20211015,19.66,1.1774976847046017,20250612,20250612,1.031331
000001.SZ,1d,2021-10-18,16.518079188308054,16.60300504531735,16.22083868877552,16.382197817093182,729623.0,1408737777.28,20211018,19.290000000000003,1.1774976847046017,20250612,20250612,1.031331
000001.SZ,1d,2021-10-19,16.263301617280167,16.713408659429437,16.263301617280167,16.619990216719213,682415.0,1330501301.75,20211019,19.570000000000004,1.1774976847046017,20250612,20250612,1.031331
000001.SZ,1d,2021-10-20,16.77285675933594,16.79833451643873,16.297271960083883,16.339734888588534,662956.0,1283356219.4900002,20211020,19.240000000000002,1.1774976847046017,20250612,20250612,1.031331
000001.SZ,1d,2021-10-21,16.57752728821456,17.036126916064756,16.348227474289462,16.98517140185918,1621661.0,3198266215.28,20211021,20.0,1.1774976847046017,20250612,20250612,1.031331
000001.SZ,1d,2021-10-22,17.121052773074055,17.486233958214026,16.81531968784059,17.0191417446629,1134964.0,2287284921.47,20211022,20.04,1.1774976847046017,20250612,20250612,1.031331
000001.SZ,1d,2021-10-25,16.738886416532225,17.15502311587777,16.5605421168127,17.087082430270335,730828.0,1458800089.77,20211025,20.12,1.1774976847046017,20250612,20250612,1.031331
000001.SZ,1d,2021-10-26,17.036126916064756,17.36733775840101,16.866275202046165,17.027634330363828,652807.0,1313475882.79,20211026,20.05,1.1774976847046017,20250612,20250612,1.031331
000001.SZ,1d,2021-10-27,16.98517140185918,17.129545358774983,16.636975388121066,16.91723071625174,687600.0,1365982833.66,20211027,19.919999999999998,1.1774976847046017,20250612,20250612,1.031331
000001.SZ,1d,2021-10-28,16.81531968784059,16.934215887653604,16.450138502700618,16.747379002233153,619011.0,1211946109.14,20211028,19.720000000000002,1.1774976847046017,20250612,20250612,1.031331
000001.SZ,1d,2021-10-29,16.670945730924785,16.764364173635013,16.40767557419597,16.5605421168127,539930.0,1052760273.1700001,20211029,19.5,1.1774976847046017,20250612,20250612,1.031331
000001.SZ,1d,2021-11-01,16.4161681598969,16.75587158793408,16.14440541746715,16.467123674102474,841490.0,1626762029.8,20211101,19.39,1.1774976847046017,20250612,20250612,1.031331
000001.SZ,1d,2021-11-02,16.450138502700618,16.552049531111773,15.278161675972335,15.439520804289998,1997691.0,3691356324.29,20211102,18.180000000000003,1.1774976847046017,20250612,20250612,1.031331
000001.SZ,1d,2021-11-03,15.371580118682559,15.490476318495574,15.15926547615932,15.312132018776053,1114972.0,2009325065.9299998,20211103,18.03,1.1774976847046017,20250612,20250612,1.031331
000001.SZ,1d,2021-11-04,15.3545949472807,15.371580118682559,15.116802547654672,15.17625064756118,983411.0,1760671898.39,20211104,17.87,1.1774976847046017,20250612,20250612,1.031331
000001.SZ,1d,2021-11-05,15.15926547615932,15.286654261673263,14.92147307653329,14.980921176439798,1096040.0,1942415605.07,20211105,17.64,1.1774976847046017,20250612,20250612,1.031331
000001.SZ,1d,2021-11-08,14.963936005037938,15.1252951333556,14.743128776813768,14.794084291019345,1376815.0,2406417771.9100003,20211108,17.419999999999998,1.1774976847046017,20250612,20250612,1.031331
000001.SZ,1d,2021-11-09,14.845039805224925,14.989413762140728,14.658202919804474,14.887502733729573,1240573.0,2163193119.31,20211109,17.53,1.1774976847046017,20250612,20250612,1.031331
000001.SZ,1d,2021-11-10,14.828054633823065,14.836547219523993,14.573277062795176,14.777099119617485,1220851.0,2109735147.17,20211110,17.4,1.1774976847046017,20250612,20250612,1.031331
000001.SZ,1d,2021-11-11,14.73463619111284,15.651835446813234,14.70915843401005,15.5838947612058,2084729.0,3752413858.84,20211111,18.35,1.1774976847046017,20250612,20250612,1.031331
000001.SZ,1d,2021-11-12,15.549924418402078,15.821687160831825,15.380072704383487,15.51595407559836,957546.0,1753072716.42,20211112,18.27,1.1774976847046017,20250612,20250612,1.031331
000001.SZ,1d,2021-11-15,15.583894761205796,15.821687160831825,15.456505975691854,15.651835446813234,655090.0,1203764095.71,20211115,18.43,1.1774976847046017,20250612,20250612,1.031331
000001.SZ,1d,2021-11-16,15.59238734690673,15.745253889523463,15.431028218589066,15.473491147093716,601110.0,1099113409.38,20211116,18.220000000000002,1.1774976847046017,20250612,20250612,1.031331
000001.SZ,1d,2021-11-17,15.414043047187208,15.54143183270115,15.269669090271403,15.380072704383487,664640.0,1203859180.01,20211117,18.11,1.1774976847046017,20250612,20250612,1.031331
000001.SZ,1d,2021-11-18,15.363087532981629,15.388565290084419,15.057354447748164,15.116802547654672,799844.0,1430058311.95,20211118,17.8,1.1774976847046017,20250612,20250612,1.031331
000001.SZ,1d,2021-11-19,15.116802547654672,15.49047631849557,15.031876690645374,15.414043047187205,786372.0,1414506380.3700001,20211119,18.15,1.1774976847046017,20250612,20250612,1.031331
000001.SZ,1d,2021-11-22,15.312132018776053,15.498968904196506,15.20172840466397,15.388565290084419,738618.0,1337768172.45,20211122,18.12,1.1774976847046017,20250612,20250612,1.031331
000001.SZ,1d,2021-11-23,15.380072704383487,15.5838947612058,15.014891519243514,15.184743233262106,1235978.0,2213817590.5600004,20211123,17.88,1.1774976847046017,20250612,20250612,1.031331
000001.SZ,1d,2021-11-24,15.091324790551882,15.244191333168613,14.997906347841656,15.17625064756118,741311.0,1316774397.9600003,20211124,17.87,1.1774976847046017,20250612,20250612,1.031331
000001.SZ,1d,2021-11-25,15.065847033449092,15.10830996195374,14.972428590738867,15.014891519243514,603533.0,1068221304.51,20211125,17.68,1.1774976847046017,20250612,20250612,1.031331
000001.SZ,1d,2021-11-26,14.963936005037938,15.006398933542584,14.879010148028641,14.929965662234219,694500.0,1219937312.76,20211126,17.58,1.1774976847046017,20250612,20250612,1.031331
000001.SZ,1d,2021-11-29,14.785591705318417,14.92147307653329,14.743128776813768,14.870517562327711,512595.0,895105981.97,20211129,17.509999999999998,1.1774976847046017,20250612,20250612,1.031331
000001.SZ,1d,2021-11-30,14.895995319430504,15.014891519243514,14.73463619111284,14.811069462421207,733616.0,1280384552.25,20211130,17.44,1.1774976847046017,20250612,20250612,1.031331
000001.SZ,1d,2021-12-01,14.802576876720275,15.091324790551882,14.7516213625147,14.980921176439798,706925.0,1243666842.2,20211201,17.64,1.1774976847046017,20250612,20250612,1.031331
000001.SZ,1d,2021-12-02,14.963936005037938,15.125295133355602,14.7516213625147,14.938458247935149,994798.0,1749164558.4199998,20211202,17.59,1.1774976847046017,20250612,20250612,1.031331
000001.SZ,1d,2021-12-03,14.980921176439798,15.031876690645374,14.785591705318417,14.989413762140725,707600.0,1242375057.32,20211203,17.65,1.1774976847046017,20250612,20250612,1.031331
000001.SZ,1d,2021-12-06,15.15926547615932,15.762239060925321,15.116802547654672,15.371580118682559,2145625.0,3896385171.79,20211206,18.1,1.1774976847046017,20250612,20250612,1.031331
000001.SZ,1d,2021-12-07,15.54143183270115,15.855657503635546,15.414043047187208,15.677313203916023,1616444.0,2979968976.77,20211207,18.46,1.1774976847046017,20250612,20250612,1.031331
000001.SZ,1d,2021-12-08,15.668820618215094,15.753746475224391,15.422535632888136,15.685805789616952,980281.0,1798691052.86,20211208,18.47,1.1774976847046017,20250612,20250612,1.031331
000001.SZ,1d,2021-12-09,15.702790961018813,16.1868683459718,15.600879932607658,15.881135260738333,1455887.0,2726663443.3,20211209,18.7,1.1774976847046017,20250612,20250612,1.031331
000001.SZ,1d,2021-12-10,15.71977613242067,15.881135260738333,15.51595407559836,15.609372518308586,989255.0,1824076523.0400002,20211210,18.38,1.1774976847046017,20250612,20250612,1.031331
000001.SZ,1d,2021-12-13,15.685805789616952,16.034001803355064,15.439520804289995,15.51595407559836,1314490.0,2427803721.72,20211213,18.27,1.1774976847046017,20250612,20250612,1.031331
000001.SZ,1d,2021-12-14,15.422535632888136,15.431028218589065,14.879010148028641,14.929965662234219,1937209.0,3434156327.9900002,20211214,17.58,1.1774976847046017,20250612,20250612,1.031331
000001.SZ,1d,2021-12-15,14.870517562327715,14.99790634784166,14.777099119617489,14.90448790513143,1294627.0,2269821045.32,20211215,17.55,1.1774976847046017,20250612,20250612,1.031331
000001.SZ,1d,2021-12-16,14.90448790513143,15.057354447748164,14.828054633823065,15.048861862047236,819480.0,1445483375.0399997,20211216,17.720000000000002,1.1774976847046017,20250612,20250612,1.031331
000001.SZ,1d,2021-12-17,15.031876690645374,15.074339619150022,14.92147307653329,14.92147307653329,602370.0,1062875482.9799999,20211217,17.57,1.1774976847046017,20250612,20250612,1.031331
000001.SZ,1d,2021-12-20,14.912980490832359,14.989413762140725,14.819562048122135,14.879010148028641,746435.0,1309029268.8100002,20211220,17.52,1.1774976847046017,20250612,20250612,1.031331
000001.SZ,1d,2021-12-21,14.853532390925855,15.040369276346304,14.845039805224925,14.938458247935149,893734.0,1572895581.5,20211221,17.59,1.1774976847046017,20250612,20250612,1.031331
000001.SZ,1d,2021-12-22,14.963936005037938,14.980921176439798,14.692173262608192,14.768606533916557,976928.0,1701772583.5200002,20211222,17.39,1.1774976847046017,20250612,20250612,1.031331
000001.SZ,1d,2021-12-23,14.777099119617489,14.802576876720275,14.615739991299826,14.70915843401005,1059576.0,1831122716.47,20211223,17.32,1.1774976847046017,20250612,20250612,1.031331
000001.SZ,1d,2021-12-24,14.717651019710981,14.73463619111284,14.615739991299826,14.700665848309123,488251.0,843109664.7700001,20211224,17.310000000000002,1.1774976847046017,20250612,20250612,1.031331
000001.SZ,1d,2021-12-27,14.717651019710981,14.73463619111284,14.573277062795176,14.624232577000754,731119.0,1260455319.19,20211227,17.22,1.1774976847046017,20250612,20250612,1.031331
000001.SZ,1d,2021-12-28,14.624232577000754,14.717651019710978,14.51382896288867,14.581769648496104,1126639.0,1934461075.51,20211228,17.169999999999998,1.1774976847046017,20250612,20250612,1.031331
000001.SZ,1d,2021-12-29,14.573277062795176,14.573277062795176,14.182618120552416,14.225081049057064,1469374.0,2480534592.86,20211229,16.75,1.1774976847046017,20250612,20250612,1.031331
000001.SZ,1d,2021-12-30,14.233573634757992,14.394932763075655,14.199603291954274,14.284529148963571,796664.0,1342374249.46,20211230,16.82,1.1774976847046017,20250612,20250612,1.031331
000001.SZ,1d,2021-12-31,14.31849949176729,14.352469834571007,13.927840549524527,13.995781235131963,1750761.0,2899617148.55,20211231,16.479999999999997,1.1774976847046017,20250612,20250612,1.031331
000001.SZ,1d,2022-01-04,13.995781235131965,14.148647777748698,13.741003664104078,14.148647777748698,1169259.0,1918887050.94,20220104,16.66,1.1774976847046017,20250612,20250612,1.031331
000001.SZ,1d,2022-01-05,14.080707092141262,14.624232577000756,14.055229335038472,14.56478447709425,1961998.0,3344124589.35,20220105,17.150000000000002,1.1774976847046017,20250612,20250612,1.031331
000001.SZ,1d,2022-01-06,14.530814134290528,14.666695505505402,14.437395691580303,14.53930671999146,1107885.0,1896535837.6,20220106,17.12,1.1774976847046017,20250612,20250612,1.031331
000001.SZ,1d,2022-01-07,14.522321548589597,14.67518809120633,14.48835120578588,14.607247405598894,1126631.0,1937710958.28,20220107,17.2,1.1774976847046017,20250612,20250612,1.031331
000001.SZ,1d,2022-01-10,14.683680676907263,14.794084291019347,14.462873448683093,14.598754819897966,909774.0,1563414572.47,20220110,17.19,1.1774976847046017,20250612,20250612,1.031331
000001.SZ,1d,2022-01-11,14.658202919804474,14.8959953194305,14.556291891393318,14.785591705318417,1581999.0,2752485391.2799997,20220111,17.41,1.1774976847046017,20250612,20250612,1.031331
000001.SZ,1d,2022-01-12,14.785591705318417,14.819562048122135,14.352469834571007,14.437395691580303,1502164.0,2561266412.25,20220112,17.0,1.1774976847046017,20250612,20250612,1.031331
000001.SZ,1d,2022-01-13,14.360962420271937,14.641217748402616,14.284529148963571,14.420410520178445,909423.0,1550319158.87,20220113,16.98,1.1774976847046017,20250612,20250612,1.031331
000001.SZ,1d,2022-01-14,14.437395691580303,14.454380862982163,13.842914692515233,13.868392449618023,2103095.0,3459950804.53,20220114,16.330000000000002,1.1774976847046017,20250612,20250612,1.031331
000001.SZ,1d,2022-01-17,13.885377621019881,13.995781235131965,13.6900481498985,13.774974006907797,1143689.0,1855633789.59,20220117,16.220000000000002,1.1774976847046017,20250612,20250612,1.031331
000001.SZ,1d,2022-01-18,13.800451764010583,14.046736749337542,13.724018492702218,14.029751577935683,1152974.0,1891094610.09,20220118,16.52,1.1774976847046017,20250612,20250612,1.031331
000001.SZ,1d,2022-01-19,14.046736749337542,14.174125534851484,13.893870206720809,14.012766406533824,988392.0,1630973587.2,20220119,16.5,1.1774976847046017,20250612,20250612,1.031331
000001.SZ,1d,2022-01-20,13.987288649431036,14.828054633823065,13.944825720926389,14.717651019710981,3031194.0,5195805549.58,20220120,17.330000000000002,1.1774976847046017,20250612,20250612,1.031331
000001.SZ,1d,2022-01-21,14.819562048122135,14.912980490832362,14.615739991299826,14.73463619111284,1481683.0,2575115124.6899996,20220121,17.35,1.1774976847046017,20250612,20250612,1.031331
000001.SZ,1d,2022-01-24,14.72614360541191,14.760113948215627,14.420410520178445,14.607247405598894,874771.0,1501390339.0100002,20220124,17.2,1.1774976847046017,20250612,20250612,1.031331
000001.SZ,1d,2022-01-25,14.505336377187739,14.505336377187739,14.27603656326264,14.310006906066358,1093284.0,1851999025.4199998,20220125,16.849999999999998,1.1774976847046017,20250612,20250612,1.031331
000001.SZ,1d,2022-01-26,14.394932763075655,14.522321548589597,14.046736749337542,14.140155192047766,984975.0,1646384984.37,20220126,16.65,1.1774976847046017,20250612,20250612,1.031331
000001.SZ,1d,2022-01-27,14.012766406533824,14.046736749337542,13.800451764010583,13.842914692515233,1024643.0,1677261296.33,20220127,16.3,1.1774976847046017,20250612,20250612,1.031331
000001.SZ,1d,2022-01-28,13.919347963823599,13.970303478029175,13.435270578870611,13.443763164571541,1675564.0,2695470330.62,20220128,15.83,1.1774976847046017,20250612,20250612,1.031331
000001.SZ,1d,2022-02-07,13.605122292889202,13.936333135225457,13.494718678777119,13.919347963823599,1515476.0,2451798485.84,20220207,16.39,1.1774976847046017,20250612,20250612,1.031331
000001.SZ,1d,2022-02-08,13.842914692515233,14.411917934477517,13.808944349711515,14.293021734664501,1754695.0,2950309012.49,20220208,16.830000000000002,1.1774976847046017,20250612,20250612,1.031331
000001.SZ,1d,2022-02-09,14.369455005972869,14.437395691580303,14.191110706253346,14.31849949176729,1051162.0,1774253636.5000002,20220209,16.86,1.1774976847046017,20250612,20250612,1.031331
000001.SZ,1d,2022-02-10,14.242066220458925,14.462873448683093,14.157140363449628,14.428903105879375,784557.0,1326848947.79,20220210,16.990000000000002,1.1774976847046017,20250612,20250612,1.031331
000001.SZ,1d,2022-02-11,14.462873448683093,14.72614360541191,14.462873448683093,14.5223215485896,1078139.0,1852167493.23,20220211,17.1,1.1774976847046017,20250612,20250612,1.031331
000001.SZ,1d,2022-02-14,14.5223215485896,14.56478447709425,14.021258992234754,14.080707092141262,1150659.0,1917613419.43,20220214,16.580000000000002,1.1774976847046017,20250612,20250612,1.031331
000001.SZ,1d,2022-02-15,14.012766406533824,14.157140363449628,13.673062978496642,13.825929521113373,1208264.0,1968985378.1799998,20220215,16.28,1.1774976847046017,20250612,20250612,1.031331
000001.SZ,1d,2022-02-16,13.885377621019881,14.038244163636614,13.766481421206866,13.936333135225457,782400.0,1282234150.21,20220216,16.41,1.1774976847046017,20250612,20250612,1.031331
000001.SZ,1d,2022-02-17,13.919347963823599,14.055229335038472,13.859899863917091,13.944825720926389,794502.0,1306514349.5900002,20220217,16.42,1.1774976847046017,20250612,20250612,1.031331
000001.SZ,1d,2022-02-18,13.859899863917091,14.242066220458922,13.851407278216161,14.242066220458922,802499.0,1330233365.6799998,20220218,16.77,1.1774976847046017,20250612,20250612,1.031331
000001.SZ,1d,2022-02-21,14.148647777748698,14.157140363449628,13.859899863917091,14.021258992234754,800995.0,1316023718.12,20220221,16.51,1.1774976847046017,20250612,20250612,1.031331
000001.SZ,1d,2022-02-22,13.851407278216161,13.961810892328247,13.724018492702218,13.783466592608725,894957.0,1454156224.87,20220222,16.23,1.1774976847046017,20250612,20250612,1.031331
000001.SZ,1d,2022-02-23,13.842914692515233,13.851407278216161,13.622107464291062,13.749496249805004,886742.0,1431289852.14,20220223,16.189999999999998,1.1774976847046017,20250612,20250612,1.031331
000001.SZ,1d,2022-02-24,13.698540735599428,13.71552590700129,13.418285407468753,13.511703850178979,1324087.0,2112842553.1000001,20220224,15.91,1.1774976847046017,20250612,20250612,1.031331
000001.SZ,1d,2022-02-25,13.579644535786414,13.656077807094782,13.47773350737526,13.503211264478049,726397.0,1157890268.48,20220225,15.9,1.1774976847046017,20250612,20250612,1.031331
000001.SZ,1d,2022-02-28,13.503211264478049,13.520196435879908,13.265418864852021,13.375822478964107,723990.0,1137154094.55,20220228,15.750000000000002,1.1774976847046017,20250612,20250612,1.031331
000001.SZ,1d,2022-03-01,13.409792821767823,13.545674192982696,13.265418864852021,13.520196435879908,935040.0,1474693965.21,20220301,15.920000000000002,1.1774976847046017,20250612,20250612,1.031331
000001.SZ,1d,2022-03-02,13.409792821767823,13.47773350737526,13.299389207655738,13.316374379057597,760761.0,1196321948.91,20220302,15.68,1.1774976847046017,20250612,20250612,1.031331
000001.SZ,1d,2022-03-03,13.358837307562245,13.426777993169683,13.27391145055295,13.341852136160387,578285.0,908171588.15,20220303,15.71,1.1774976847046017,20250612,20250612,1.031331
000001.SZ,1d,2022-03-04,13.265418864852021,13.27391145055295,12.976670951020415,13.019133879525063,990936.0,1523793664.71,20220304,15.330000000000002,1.1774976847046017,20250612,20250612,1.031331
000001.SZ,1d,2022-03-07,12.883252508310187,12.883252508310187,12.45013063756278,12.501086151768357,1113159.0,1655959941.77,20220307,14.72,1.1774976847046017,20250612,20250612,1.031331
000001.SZ,1d,2022-03-08,12.41616029475906,12.61998235158137,12.101934623824667,12.152890138030244,1003033.0,1463145930.4,20220308,14.31,1.1774976847046017,20250612,20250612,1.031331
000001.SZ,1d,2022-03-09,12.22932340933861,12.271786337843258,11.227198296628918,11.753738610086552,1800760.0,2492042993.23,20220309,13.84,1.1774976847046017,20250612,20250612,1.031331
000001.SZ,1d,2022-03-10,12.042486523918159,12.526563908871145,11.966053252609793,12.373697366254413,2249158.0,3269867788.2200003,20220310,14.57,1.1774976847046017,20250612,20250612,1.031331
000001.SZ,1d,2022-03-11,12.22932340933861,12.721893379992526,12.017008766815371,12.65395269438509,1493647.0,2187480610.66,20220311,14.9,1.1774976847046017,20250612,20250612,1.031331
000001.SZ,1d,2022-03-14,12.424652880459991,12.67943045148788,12.271786337843258,12.305756680646976,1118407.0,1637278471.46,20220314,14.49,1.1774976847046017,20250612,20250612,1.031331
000001.SZ,1d,2022-03-15,12.22932340933861,12.22932340933861,11.549916553264243,11.617857238871679,1781409.0,2479769555.05,20220315,13.68,1.1774976847046017,20250612,20250612,1.031331
000001.SZ,1d,2022-03-16,11.770723781488412,12.22932340933861,11.473483281955875,12.152890138030244,1531779.0,2141637065.8400002,20220316,14.31,1.1774976847046017,20250612,20250612,1.031331
000001.SZ,1d,2022-03-17,12.45013063756278,12.492593566067429,12.093442038123737,12.271786337843258,1730061.0,2506504217.46,20220317,14.450000000000001,1.1774976847046017,20250612,20250612,1.031331
000001.SZ,1d,2022-03-18,12.195353066534892,12.611489765880442,12.008516181114441,12.484100980366499,1528807.0,2222158762.02,20220318,14.700000000000001,1.1774976847046017,20250612,20250612,1.031331
000001.SZ,1d,2022-03-21,12.314249266347906,12.586012008777653,12.22083082363768,12.390682537656271,1208868.0,1765673892.12,20220321,14.59,1.1774976847046017,20250612,20250612,1.031331
000001.SZ,1d,2022-03-22,12.390682537656271,12.925715436814837,12.314249266347906,12.891745094011117,1628657.0,2443174055.8500004,20220322,15.18,1.1774976847046017,20250612,20250612,1.031331
000001.SZ,1d,2022-03-23,12.832296994104611,12.900237679712047,12.65395269438509,12.738878551394386,1050102.0,1577561341.66,20220323,15.0,1.1774976847046017,20250612,20250612,1.031331
000001.SZ,1d,2022-03-24,12.670937865786948,13.002148708123203,12.577519423076723,12.908730265412977,1002360.0,1518870080.3100002,20220324,15.200000000000001,1.1774976847046017,20250612,20250612,1.031331
000001.SZ,1d,2022-03-25,12.86626733690833,12.951193193917625,12.586012008777653,12.721893379992526,742933.0,1116354595.1599998,20220325,14.98,1.1774976847046017,20250612,20250612,1.031331
000001.SZ,1d,2022-03-28,12.569026837375795,12.781341479899034,12.424652880459991,12.611489765880442,727137.0,1078327302.93,20220328,14.850000000000001,1.1774976847046017,20250612,20250612,1.031331
000001.SZ,1d,2022-03-29,12.636967522983229,12.696415622889736,12.399175123357201,12.467115808964639,615643.0,909169631.2400001,20220329,14.68,1.1774976847046017,20250612,20250612,1.031331
000001.SZ,1d,2022-03-30,12.61998235158137,12.968178365319483,12.535056494572075,12.917222851113905,1236792.0,1859617040.6399999,20220330,15.209999999999999,1.1774976847046017,20250612,20250612,1.031331
000001.SZ,1d,2022-03-31,12.823804408403682,13.222955936347372,12.789834065599964,13.06159680802971,1163747.0,1789209946.79,20220331,15.38,1.1774976847046017,20250612,20250612,1.031331
000001.SZ,1d,2022-04-01,13.05310422232878,13.409792821767823,12.908730265412977,13.375822478964107,1484879.0,2319616863.0200005,20220401,15.750000000000002,1.1774976847046017,20250612,20250612,1.031331
000001.SZ,1d,2022-04-06,13.28240403625388,14.046736749337542,13.27391145055295,13.919347963823599,2488540.0,4064051491.84,20220406,16.39,1.1774976847046017,20250612,20250612,1.031331
000001.SZ,1d,2022-04-07,13.910855378122667,14.148647777748698,13.757988835505936,13.825929521113371,1659065.0,2724002904.78,20220407,16.279999999999998,1.1774976847046017,20250612,20250612,1.031331
000001.SZ,1d,2022-04-08,13.808944349711512,13.970303478029175,13.698540735599428,13.927840549524527,1066779.0,1741072072.4800003,20220408,16.4,1.1774976847046017,20250612,20250612,1.031331
000001.SZ,1d,2022-04-11,13.885377621019881,13.92784054952453,13.418285407468753,13.630600049991992,1416735.0,2277469055.78,20220411,16.05,1.1774976847046017,20250612,20250612,1.031331
000001.SZ,1d,2022-04-12,13.630600049991992,13.808944349711515,13.299389207655738,13.520196435879907,1039261.0,1654820082.5300002,20220412,15.92,1.1774976847046017,20250612,20250612,1.031331
000001.SZ,1d,2022-04-13,13.494718678777119,13.656077807094782,13.350344721861317,13.418285407468753,890628.0,1415496125.98,20220413,15.8,1.1774976847046017,20250612,20250612,1.031331
000001.SZ,1d,2022-04-14,13.588137121487344,13.800451764010583,13.520196435879907,13.622107464291062,929615.0,1493343952.1499999,20220414,16.04,1.1774976847046017,20250612,20250612,1.031331
000001.SZ,1d,2022-04-15,13.503211264478049,14.038244163636614,13.46924092167433,13.944825720926389,1231761.0,2014010094.33,20220415,16.42,1.1774976847046017,20250612,20250612,1.031331
000001.SZ,1d,2022-04-18,13.71552590700129,13.757988835505936,13.426777993169683,13.503211264478049,1086888.0,1734236523.8500001,20220418,15.9,1.1774976847046017,20250612,20250612,1.031331
000001.SZ,1d,2022-04-19,13.503211264478049,13.562659364384556,13.265418864852021,13.426777993169683,821772.0,1294226951.21,20220419,15.81,1.1774976847046017,20250612,20250612,1.031331
000001.SZ,1d,2022-04-20,13.426777993169683,13.630600049991992,13.333359550459457,13.4607483359734,716555.0,1137697846.98,20220420,15.850000000000001,1.1774976847046017,20250612,20250612,1.031331
000001.SZ,1d,2022-04-21,13.392807650365965,13.571151950085486,13.333359550459457,13.426777993169683,709891.0,1124663651.04,20220421,15.81,1.1774976847046017,20250612,20250612,1.031331
000001.SZ,1d,2022-04-22,13.28240403625388,13.749496249805008,13.078581979431569,13.63909263569292,921274.0,1468452957.95,20220422,16.06,1.1774976847046017,20250612,20250612,1.031331
000001.SZ,1d,2022-04-25,13.30788179335667,13.51170385017898,12.552041665973935,12.611489765880442,1664481.0,2527610217.4300003,20220425,14.850000000000001,1.1774976847046017,20250612,20250612,1.031331
000001.SZ,1d,2022-04-26,12.63696752298323,12.721893379992526,12.271786337843258,12.509578737469287,988210.0,1456929632.19,20220426,14.73,1.1774976847046017,20250612,20250612,1.031331
000001.SZ,1d,2022-04-27,12.721893379992526,13.29089662195481,12.704908208590668,13.29089662195481,1490295.0,2296798759.0,20220427,15.65,1.1774976847046017,20250612,20250612,1.031331
000001.SZ,1d,2022-04-28,13.222955936347372,13.528689021580838,13.05310422232878,13.29089662195481,911772.0,1426381925.81,20220428,15.65,1.1774976847046017,20250612,20250612,1.031331
000001.SZ,1d,2022-04-29,13.324866964758527,13.367329893263175,12.713400794291598,13.010641293824133,1645013.0,2503476827.84,20220429,15.32,1.1774976847046017,20250612,20250612,1.031331
000001.SZ,1d,2022-05-05,12.908730265412977,13.121044907936218,12.86626733690833,13.010641293824133,790196.0,1208735141.83,20220505,15.32,1.1774976847046017,20250612,20250612,1.031331
000001.SZ,1d,2022-05-06,12.755863722796244,12.908730265412977,12.662445280086018,12.704908208590668,832432.0,1250995594.77,20220506,14.96,1.1774976847046017,20250612,20250612,1.031331
000001.SZ,1d,2022-05-09,12.687923037188808,12.687923037188808,12.280278923544188,12.356712194852554,818621.0,1197104247.0600002,20220509,14.55,1.1774976847046017,20250612,20250612,1.031331
000001.SZ,1d,2022-05-10,12.314249266347906,12.399175123357201,11.983038424011651,12.390682537656271,992285.0,1425836927.23,20220510,14.59,1.1774976847046017,20250612,20250612,1.031331
000001.SZ,1d,2022-05-11,12.348219609151624,12.602997180179512,12.263293752142328,12.42465288045999,848574.0,1240700426.07,20220511,14.629999999999999,1.1774976847046017,20250612,20250612,1.031331
000001.SZ,1d,2022-05-12,12.297264094946048,12.365204780553483,12.169875309432102,12.212338237936752,685064.0,987061607.22,20220512,14.38,1.1774976847046017,20250612,20250612,1.031331
000001.SZ,1d,2022-05-13,12.314249266347906,12.45013063756278,12.305756680646976,12.407667709058131,676312.0,985962932.0899999,20220513,14.61,1.1774976847046017,20250612,20250612,1.031331
000001.SZ,1d,2022-05-16,12.45013063756278,12.509578737469287,12.186860480833962,12.23781599503954,668228.0,965652298.06,20220516,14.41,1.1774976847046017,20250612,20250612,1.031331
000001.SZ,1d,2022-05-17,12.322741852048836,12.501086151768357,12.161382723731174,12.492593566067429,931406.0,1357428406.7499998,20220517,14.71,1.1774976847046017,20250612,20250612,1.031331
000001.SZ,1d,2022-05-18,12.61148976588044,12.64546010868416,12.458623223263709,12.526563908871145,778578.0,1150500437.95,20220518,14.75,1.1774976847046017,20250612,20250612,1.031331
000001.SZ,1d,2022-05-19,12.356712194852554,12.484100980366497,12.314249266347906,12.41616029475906,590922.0,863214130.52,20220519,14.62,1.1774976847046017,20250612,20250612,1.031331
000001.SZ,1d,2022-05-20,12.484100980366497,12.772848894198104,12.458623223263709,12.755863722796244,948598.0,1415164711.31,20220520,15.02,1.1774976847046017,20250612,20250612,1.031331
000001.SZ,1d,2022-05-23,12.798326651300894,12.798326651300894,12.535056494572075,12.594504594478583,647726.0,962683728.68,20220523,14.83,1.1774976847046017,20250612,20250612,1.031331
000001.SZ,1d,2022-05-24,12.628474937282302,12.628474937282302,12.22932340933861,12.22932340933861,933557.0,1358693535.33,20220524,14.4,1.1774976847046017,20250612,20250612,1.031331
000001.SZ,1d,2022-05-25,12.2548011664414,12.305756680646976,12.144397552329314,12.22083082363768,603228.0,866228924.0199999,20220525,14.39,1.1774976847046017,20250612,20250612,1.031331
000001.SZ,1d,2022-05-26,12.23781599503954,12.254801166441398,11.949068081207933,12.050979109619089,1011318.0,1435689342.0400002,20220526,14.19,1.1774976847046017,20250612,20250612,1.031331
000001.SZ,1d,2022-05-27,12.135904966628384,12.186860480833962,11.983038424011651,12.042486523918159,723067.0,1029702185.9300001,20220527,14.18,1.1774976847046017,20250612,20250612,1.031331
000001.SZ,1d,2022-05-30,12.110427209525596,12.127412380927456,11.923590324105145,11.957560666908863,896901.0,1265573047.59,20220530,14.08,1.1774976847046017,20250612,20250612,1.031331
000001.SZ,1d,2022-05-31,11.949068081207933,12.042486523918159,11.889619981301426,12.025501352516299,938869.0,1325012047.99,20220531,14.16,1.1774976847046017,20250612,20250612,1.031331
000001.SZ,1d,2022-06-01,12.008516181114441,12.008516181114441,11.889619981301426,11.957560666908863,845299.0,1187423732.04,20220601,14.08,1.1774976847046017,20250612,20250612,1.031331
000001.SZ,1d,2022-06-02,11.906605152703287,11.915097738404215,11.787708952890272,11.84715705279678,979268.0,1363740797.79,20220602,13.950000000000001,1.1774976847046017,20250612,20250612,1.031331
000001.SZ,1d,2022-06-06,11.81318670999306,12.033993938217229,11.58388689606796,12.033993938217229,1710852.0,2370807610.48,20220606,14.17,1.1774976847046017,20250612,20250612,1.031331
000001.SZ,1d,2022-06-07,11.906605152703285,12.101934623824667,11.881127395600497,12.025501352516299,1315113.0,1860366715.71,20220607,14.16,1.1774976847046017,20250612,20250612,1.031331
000001.SZ,1d,2022-06-08,12.025501352516299,12.033993938217229,11.898112567002356,12.025501352516299,1145521.0,1613524957.8200002,20220608,14.16,1.1774976847046017,20250612,20250612,1.031331
000001.SZ,1d,2022-06-09,12.00851618111444,12.280278923544186,11.974545838310721,12.186860480833962,1632901.0,2339986707.88,20220609,14.35,1.1774976847046017,20250612,20250612,1.031331
000001.SZ,1d,2022-06-10,12.110427209525596,12.169875309432102,12.000023595413511,12.161382723731174,1346012.0,1914639698.1100001,20220610,14.32,1.1774976847046017,20250612,20250612,1.031331
000001.SZ,1d,2022-06-13,12.04248652391816,12.050979109619089,11.787708952890272,11.81318670999306,1547753.0,2163340108.91,20220613,13.91,1.1774976847046017,20250612,20250612,1.031331
000001.SZ,1d,2022-06-14,11.643334995974469,12.000023595413511,11.643334995974469,11.991531009712583,1151429.0,1602169897.9900002,20220614,14.120000000000001,1.1774976847046017,20250612,20250612,1.031331
000001.SZ,1d,2022-06-15,11.974545838310721,12.832296994104611,11.940575495507003,12.518071323170217,3413544.0,5010292726.77,20220615,14.74,1.1774976847046017,20250612,20250612,1.031331
000001.SZ,1d,2022-06-16,12.518071323170217,12.594504594478583,12.246308580740468,12.263293752142328,1332546.0,1939976254.7700002,20220616,14.44,1.1774976847046017,20250612,20250612,1.031331
000001.SZ,1d,2022-06-17,12.161382723731174,12.339727023450695,12.059471695320019,12.271786337843258,1053788.0,1513925913.67,20220617,14.450000000000001,1.1774976847046017,20250612,20250612,1.031331
000001.SZ,1d,2022-06-20,12.263293752142328,12.263293752142328,12.110427209525595,12.178367895133032,1032167.0,1479529786.97,20220620,14.34,1.1774976847046017,20250612,20250612,1.031331
000001.SZ,1d,2022-06-21,12.178367895133032,12.424652880459991,12.084949452422807,12.203845652235822,1321794.0,1905346056.7,20220621,14.370000000000001,1.1774976847046017,20250612,20250612,1.031331
000001.SZ,1d,2022-06-22,12.19535306653489,12.19535306653489,11.957560666908863,11.957560666908863,1056046.0,1498415783.73,20220622,14.08,1.1774976847046017,20250612,20250612,1.031331
000001.SZ,1d,2022-06-23,11.966053252609793,12.084949452422807,11.940575495507003,12.059471695320019,806028.0,1140899091.6399999,20220623,14.200000000000001,1.1774976847046017,20250612,20250612,1.031331
000001.SZ,1d,2022-06-24,12.059471695320017,12.101934623824667,11.983038424011651,12.084949452422805,866041.0,1227798687.09,20220624,14.229999999999999,1.1774976847046017,20250612,20250612,1.031331
000001.SZ,1d,2022-06-27,12.093442038123737,12.365204780553483,12.076456866721879,12.305756680646976,1497278.0,2166380438.04,20220627,14.49,1.1774976847046017,20250612,20250612,1.031331
000001.SZ,1d,2022-06-28,12.288771509245118,12.458623223263709,12.23781599503954,12.424652880459991,1125110.0,1638673242.41,20220628,14.63,1.1774976847046017,20250612,20250612,1.031331
000001.SZ,1d,2022-06-29,12.44163805186185,12.65395269438509,12.356712194852554,12.433145466160921,1266547.0,1865064678.4800003,20220629,14.64,1.1774976847046017,20250612,20250612,1.031331
000001.SZ,1d,2022-06-30,12.424652880459991,12.755863722796246,12.356712194852554,12.721893379992526,1548745.0,2304888691.73,20220630,14.98,1.1774976847046017,20250612,20250612,1.031331
000001.SZ,1d,2022-07-01,12.738878551394386,12.798326651300894,12.602997180179512,12.670937865786948,779243.0,1164030775.95,20220701,14.92,1.1774976847046017,20250612,20250612,1.031331
000001.SZ,1d,2022-07-04,12.696415622889736,12.721893379992526,12.526563908871145,12.687923037188808,834968.0,1241453402.1100001,20220704,14.94,1.1774976847046017,20250612,20250612,1.031331
000001.SZ,1d,2022-07-05,12.730385965693456,12.968178365319483,12.586012008777653,12.662445280086018,1115172.0,1674719025.12,20220705,14.91,1.1774976847046017,20250612,20250612,1.031331
000001.SZ,1d,2022-07-06,12.594504594478583,12.67943045148788,12.280278923544188,12.339727023450695,1043335.0,1520022514.77,20220706,14.530000000000001,1.1774976847046017,20250612,20250612,1.031331
000001.SZ,1d,2022-07-07,12.348219609151625,12.44163805186185,12.212338237936752,12.246308580740468,730161.0,1057696546.69,20220707,14.42,1.1774976847046017,20250612,20250612,1.031331
000001.SZ,1d,2022-07-08,12.314249266347908,12.44163805186185,12.203845652235822,12.348219609151625,639698.0,928850348.74,20220708,14.540000000000001,1.1774976847046017,20250612,20250612,1.031331
000001.SZ,1d,2022-07-11,12.314249266347906,12.373697366254413,12.19535306653489,12.280278923544186,611692.0,883613754.0500001,20220711,14.459999999999999,1.1774976847046017,20250612,20250612,1.031331
000001.SZ,1d,2022-07-12,12.23781599503954,12.509578737469287,12.212338237936752,12.246308580740468,742882.0,1078431989.61,20220712,14.42,1.1774976847046017,20250612,20250612,1.031331
000001.SZ,1d,2022-07-13,12.246308580740468,12.288771509245118,11.796201538591202,11.864142224198638,2175996.0,3056913117.8399997,20220713,13.97,1.1774976847046017,20250612,20250612,1.031331
000001.SZ,1d,2022-07-14,11.634842410273539,11.643334995974469,11.286646396535426,11.354587082142864,2632121.0,3534578702.13,20220714,13.370000000000001,1.1774976847046017,20250612,20250612,1.031331
000001.SZ,1d,2022-07-15,11.448005524853087,11.515946210460525,11.227198296628918,11.244183468030778,1598637.0,2139915274.0300002,20220715,13.24,1.1774976847046017,20250612,20250612,1.031331
000001.SZ,1d,2022-07-18,11.252676053731706,11.41403518204937,11.21870571092799,11.371572253544722,1153506.0,1536340973.1999998,20220718,13.39,1.1774976847046017,20250612,20250612,1.031331
000001.SZ,1d,2022-07-19,11.329109325040074,11.405542596348441,11.278153810834496,11.397050010647511,755597.0,1008562417.24,20220719,13.420000000000002,1.1774976847046017,20250612,20250612,1.031331
000001.SZ,1d,2022-07-20,11.40554259634844,11.439512939152158,11.337601910741002,11.37157225354472,801459.0,1073936299.76,20220720,13.389999999999999,1.1774976847046017,20250612,20250612,1.031331
000001.SZ,1d,2022-07-21,11.312124153638214,11.329109325040074,11.031868825507537,11.048853996909397,1970388.0,2588696130.23,20220721,13.01,1.1774976847046017,20250612,20250612,1.031331
000001.SZ,1d,2022-07-22,11.100717062793318,11.17852582725215,10.910517860782841,11.074780807973706,1376510.0,1755555714.49,20220722,12.81,1.156682034806229,20250612,20250612,1.031331
000001.SZ,1d,2022-07-25,11.066135389700504,11.10936248106652,10.953744952148858,11.08342622624691,763956.0,976071707.3000001,20220725,12.82,1.156682034806229,20250612,20250612,1.031331
000001.SZ,1d,2022-07-26,11.022908298334485,11.161234990705742,10.988326625241672,11.161234990705742,1024049.0,1314310442.31,20220726,12.91,1.156682034806229,20250612,20250612,1.031331
000001.SZ,1d,2022-07-27,11.10936248106652,11.135298735886131,11.005617461788079,11.0574899714273,923914.0,1182889760.7399998,20220727,12.790000000000001,1.156682034806229,20250612,20250612,1.031331
000001.SZ,1d,2022-07-28,11.074780807973706,11.161234990705744,11.048844553154098,11.135298735886131,750347.0,964903657.6600001,20220728,12.88,1.156682034806229,20250612,20250612,1.031331
000001.SZ,1d,2022-07-29,11.135298735886131,11.152589572432538,10.93645411560245,10.96239037042206,831497.0,1059518584.7199999,20220729,12.68,1.156682034806229,20250612,20250612,1.031331
000001.SZ,1d,2022-08-01,10.945099533875654,10.945099533875654,10.720318658772362,10.73760949531877,1025733.0,1277987010.0,20220801,12.42,1.156682034806229,20250612,20250612,1.031331
000001.SZ,1d,2022-08-02,10.564701129854697,10.66844614913314,10.322629418205,10.599282802947513,1373009.0,1664397666.12,20220802,12.26,1.156682034806229,20250612,20250612,1.031331
000001.SZ,1d,2022-08-03,10.538764875035088,10.607928221220716,10.383147346117426,10.400438182663832,746137.0,905653324.71,20220803,12.03,1.156682034806229,20250612,20250612,1.031331
000001.SZ,1d,2022-08-04,10.460956110576257,10.521474038488682,10.391792764390628,10.512828620215478,602676.0,729351710.0200001,20220804,12.16,1.156682034806229,20250612,20250612,1.031331
000001.SZ,1d,2022-08-05,10.486892365395867,10.659800730859937,10.357211091297815,10.64250989431353,765298.0,930836354.1000001,20220805,12.31,1.156682034806229,20250612,20250612,1.031331
000001.SZ,1d,2022-08-08,10.59063738467431,10.685736985679547,10.512828620215478,10.54741029330829,552000.0,674950920.8,20220808,12.2,1.156682034806229,20250612,20250612,1.031331
000001.SZ,1d,2022-08-09,10.556055711581497,10.564701129854699,10.443665274029849,10.478246947122663,558448.0,677098632.5500001,20220809,12.12,1.156682034806229,20250612,20250612,1.031331
000001.SZ,1d,2022-08-10,10.478246947122663,10.581991966401105,10.391792764390628,10.42637443748344,683023.0,825806007.7700001,20220810,12.059999999999999,1.156682034806229,20250612,20250612,1.031331
000001.SZ,1d,2022-08-11,10.443665274029849,10.71167324049916,10.409083600937036,10.677091567406345,1399304.0,1710719478.1100001,20220811,12.350000000000001,1.156682034806229,20250612,20250612,1.031331
000001.SZ,1d,2022-08-12,10.599282802947513,10.728964077045568,10.547410293308292,10.703027822225955,820504.0,1010612433.4000001,20220812,12.38,1.156682034806229,20250612,20250612,1.031331
000001.SZ,1d,2022-08-15,10.625219057767122,10.685736985679547,10.452310692303053,10.46960152884946,1172010.0,1425087455.23,20220815,12.11,1.156682034806229,20250612,20250612,1.031331
000001.SZ,1d,2022-08-16,10.46960152884946,10.54741029330829,10.460956110576257,10.486892365395866,631224.0,765907218.72,20220816,12.129999999999999,1.156682034806229,20250612,20250612,1.031331
000001.SZ,1d,2022-08-17,10.504183201942274,10.73760949531877,10.435019855756646,10.720318658772362,1348507.0,1656961619.3600001,20220817,12.4,1.156682034806229,20250612,20250612,1.031331
000001.SZ,1d,2022-08-18,10.789482004957991,10.841354514597212,10.512828620215478,10.59063738467431,1269701.0,1560630567.7,20220818,12.25,1.156682034806229,20250612,20250612,1.031331
000001.SZ,1d,2022-08-19,10.607928221220716,11.022908298334485,10.573346548127903,10.867290769416822,2106417.0,2653471090.1000004,20220819,12.57,1.156682034806229,20250612,20250612,1.031331
000001.SZ,1d,2022-08-22,10.875936187690025,10.96239037042206,10.728964077045566,10.806772841504397,1138077.0,1423361878.69,20220822,12.5,1.156682034806229,20250612,20250612,1.031331
000001.SZ,1d,2022-08-23,10.76354575013838,10.798127423231195,10.616573639493922,10.668446149133143,921463.0,1137300431.45,20220823,12.340000000000002,1.156682034806229,20250612,20250612,1.031331
000001.SZ,1d,2022-08-24,10.659800730859937,10.841354514597212,10.659800730859937,10.720318658772362,1295375.0,1613309589.13,20220824,12.4,1.156682034806229,20250612,20250612,1.031331
000001.SZ,1d,2022-08-25,10.720318658772362,10.945099533875654,10.633864476040328,10.910517860782841,1064011.0,1329230362.3200002,20220825,12.620000000000001,1.156682034806229,20250612,20250612,1.031331
000001.SZ,1d,2022-08-26,10.962390370422062,11.022908298334485,10.772191168411585,10.901872442509637,927634.0,1168951099.46,20220826,12.610000000000001,1.156682034806229,20250612,20250612,1.031331
000001.SZ,1d,2022-08-29,10.806772841504397,10.858645351143618,10.64250989431353,10.73760949531877,924491.0,1145189174.15,20220829,12.42,1.156682034806229,20250612,20250612,1.031331
000001.SZ,1d,2022-08-30,10.746254913591974,10.841354514597212,10.616573639493922,10.789482004957991,799712.0,991447627.25,20220830,12.48,1.156682034806229,20250612,20250612,1.031331
000001.SZ,1d,2022-08-31,10.703027822225954,11.048844553154096,10.685736985679547,11.022908298334485,1653042.0,2091408314.7800002,20220831,12.75,1.156682034806229,20250612,20250612,1.031331
000001.SZ,1d,2022-09-01,10.93645411560245,11.0574899714273,10.875936187690025,10.901872442509635,861982.0,1092666276.97,20220901,12.61,1.156682034806229,20250612,20250612,1.031331
000001.SZ,1d,2022-09-02,10.91051786078284,10.971035788695264,10.746254913591972,10.815418259777601,786363.0,983433862.85,20220902,12.51,1.156682034806229,20250612,20250612,1.031331
000001.SZ,1d,2022-09-05,10.772191168411585,10.893227024236433,10.694382403952753,10.867290769416822,632040.0,788451088.8000001,20220905,12.57,1.156682034806229,20250612,20250612,1.031331
000001.SZ,1d,2022-09-06,10.875936187690025,10.945099533875654,10.746254913591972,10.806772841504397,731295.0,914692183.62,20220906,12.5,1.156682034806229,20250612,20250612,1.031331
000001.SZ,1d,2022-09-07,10.73760949531877,10.73760949531877,10.616573639493922,10.659800730859939,979813.0,1208329758.8600001,20220907,12.330000000000002,1.156682034806229,20250612,20250612,1.031331
000001.SZ,1d,2022-09-08,10.651155312586734,10.754900331865178,10.633864476040328,10.685736985679549,621117.0,768913483.55,20220908,12.360000000000001,1.156682034806229,20250612,20250612,1.031331
000001.SZ,1d,2022-09-09,10.720318658772362,11.014262880061281,10.685736985679547,10.996972043514873,1951297.0,2469131334.35,20220909,12.719999999999999,1.156682034806229,20250612,20250612,1.031331
000001.SZ,1d,2022-09-13,11.135298735886131,11.25633459171098,10.945099533875654,11.195816663798555,1722690.0,2223707380.1400003,20220913,12.95,1.156682034806229,20250612,20250612,1.031331
000001.SZ,1d,2022-09-14,11.022908298334487,11.126653317612929,10.979681206968468,11.005617461788079,858036.0,1095054828.69,20220914,12.73,1.156682034806229,20250612,20250612,1.031331
000001.SZ,1d,2022-09-15,11.066135389700502,11.325497937896609,11.040199134880892,11.239043755164573,1841018.0,2393239453.41,20220915,13.0,1.156682034806229,20250612,20250612,1.031331
000001.SZ,1d,2022-09-16,11.169880408978946,11.195816663798556,10.858645351143618,10.858645351143618,1357448.0,1719252822.13,20220916,12.56,1.156682034806229,20250612,20250612,1.031331
000001.SZ,1d,2022-09-19,10.841354514597212,10.953744952148858,10.789482004957991,10.867290769416822,632121.0,793491306.11,20220919,12.57,1.156682034806229,20250612,20250612,1.031331
000001.SZ,1d,2022-09-20,10.901872442509635,10.919163279056043,10.651155312586734,10.66844614913314,889989.0,1102212203.6399999,20220920,12.34,1.156682034806229,20250612,20250612,1.031331
000001.SZ,1d,2022-09-21,10.64250989431353,10.789482004957991,10.547410293308292,10.746254913591974,684197.0,845477181.51,20220921,12.430000000000001,1.156682034806229,20250612,20250612,1.031331
000001.SZ,1d,2022-09-22,10.659800730859937,10.685736985679547,10.59063738467431,10.625219057767122,586133.0,720058210.3199999,20220922,12.29,1.156682034806229,20250612,20250612,1.031331
000001.SZ,1d,2022-09-23,10.581991966401105,10.746254913591972,10.573346548127903,10.625219057767124,586441.0,722703127.6800001,20220923,12.290000000000001,1.156682034806229,20250612,20250612,1.031331
000001.SZ,1d,2022-09-26,10.512828620215478,10.61657363949392,10.365856509571017,10.374501927844221,903729.0,1094060839.05,20220926,12.0,1.156682034806229,20250612,20250612,1.031331
000001.SZ,1d,2022-09-27,10.374501927844221,10.512828620215478,10.210238980653354,10.504183201942274,789622.0,946732993.84,20220927,12.15,1.156682034806229,20250612,20250612,1.031331
000001.SZ,1d,2022-09-28,10.452310692303053,10.59063738467431,10.305338581658594,10.46960152884946,780926.0,946211766.9,20220928,12.11,1.156682034806229,20250612,20250612,1.031331
000001.SZ,1d,2022-09-29,10.59063738467431,10.616573639493922,10.218884398926559,10.253466072019371,917718.0,1100405198.17,20220929,11.86,1.156682034806229,20250612,20250612,1.031331
000001.SZ,1d,2022-09-30,10.262111490292575,10.339920254751409,10.22752981719976,10.236175235472965,537230.0,638906947.7700001,20220930,11.84,1.156682034806229,20250612,20250612,1.031331
000001.SZ,1d,2022-10-10,10.115139379648117,10.175657307560542,9.907649341091233,9.916294759364435,966080.0,1119089730.68,20221010,11.47,1.156682034806229,20250612,20250612,1.031331
000001.SZ,1d,2022-10-11,9.97681268727686,10.011394360369673,9.864422249725214,9.92494017763764,415253.0,476749226.5,20221011,11.48,1.156682034806229,20250612,20250612,1.031331
000001.SZ,1d,2022-10-12,9.899003922818027,10.045976033462487,9.812549740085993,10.028685196916081,559572.0,641776508.91,20221012,11.6,1.156682034806229,20250612,20250612,1.031331
000001.SZ,1d,2022-10-13,9.95087643245725,9.97681268727686,9.777968066993179,9.803904321812789,852616.0,970021739.4,20221013,11.34,1.156682034806229,20250612,20250612,1.031331
000001.SZ,1d,2022-10-14,9.899003922818029,10.054621451735692,9.85577683145201,9.968167269003658,1096062.0,1265486550.33,20221014,11.530000000000001,1.156682034806229,20250612,20250612,1.031331
000001.SZ,1d,2022-10-17,9.873067667998418,9.959521850730452,9.803904321812789,9.92494017763764,1024823.0,1171523550.16,20221017,11.48,1.156682034806229,20250612,20250612,1.031331
000001.SZ,1d,2022-10-18,9.985458105550064,10.063266870008896,9.907649341091233,9.92494017763764,946837.0,1091646643.7200003,20221018,11.48,1.156682034806229,20250612,20250612,1.031331
000001.SZ,1d,2022-10-19,9.873067667998418,9.933585595910841,9.752031812173568,9.76067723044677,923990.0,1049700767.19,20221019,11.29,1.156682034806229,20250612,20250612,1.031331
000001.SZ,1d,2022-10-20,9.708804720807551,9.777968066993179,9.648286792895126,9.682868465987939,781923.0,876967150.6100001,20221020,11.2,1.156682034806229,20250612,20250612,1.031331
000001.SZ,1d,2022-10-21,9.691513884261145,9.726095557353958,9.570478028436295,9.587768864982701,785574.0,876648490.6099999,20221021,11.09,1.156682034806229,20250612,20250612,1.031331
000001.SZ,1d,2022-10-24,9.587768864982701,9.596414283255905,9.172788787868932,9.181434206142136,1383391.0,1496043940.1299999,20221024,10.62,1.156682034806229,20250612,20250612,1.031331
000001.SZ,1d,2022-10-25,9.250597552327763,9.345697153333003,9.16414336959573,9.207370460961746,1316979.0,1406437766.06,20221025,10.65,1.156682034806229,20250612,20250612,1.031331
000001.SZ,1d,2022-10-26,9.198725042688542,9.276533807147374,9.172788787868932,9.21601587923495,1143830.0,1220733277.8500001,20221026,10.66,1.156682034806229,20250612,20250612,1.031331
000001.SZ,1d,2022-10-27,9.250597552327763,9.311115480240188,9.21601587923495,9.233306715781357,957383.0,1024868047.2099999,20221027,10.68,1.156682034806229,20250612,20250612,1.031331
000001.SZ,1d,2022-10-28,9.19007962441534,9.250597552327763,8.999880422404862,9.008525840678066,1057947.0,1114999302.1100001,20221028,10.42,1.156682034806229,20250612,20250612,1.031331
000001.SZ,1d,2022-10-31,8.930717076219233,9.034462095497677,8.835617475213995,8.939362494492437,983096.0,1016230012.22,20221031,10.34,1.156682034806229,20250612,20250612,1.031331
000001.SZ,1d,2022-11-01,8.97394416758525,9.233306715781357,8.956653331038844,9.224661297508154,1381234.0,1459758367.3200002,20221101,10.67,1.156682034806229,20250612,20250612,1.031331
000001.SZ,1d,2022-11-02,9.172788787868933,9.233306715781357,9.060398350317287,9.19007962441534,1302988.0,1377816220.13,20221102,10.63,1.156682034806229,20250612,20250612,1.031331
000001.SZ,1d,2022-11-03,9.112270859956508,9.138207114776119,8.973944167585252,9.025816677224475,983536.0,1028904286.0400001,20221103,10.440000000000001,1.156682034806229,20250612,20250612,1.031331
000001.SZ,1d,2022-11-04,8.991235004131658,9.380278826425817,8.982589585858456,9.354342571606207,1776112.0,1903720943.5199997,20221104,10.82,1.156682034806229,20250612,20250612,1.031331
000001.SZ,1d,2022-11-07,9.345697153333003,9.432151336065038,9.276533807147375,9.406215081245428,988082.0,1070554832.9,20221107,10.88,1.156682034806229,20250612,20250612,1.031331
000001.SZ,1d,2022-11-08,9.41486049951863,9.440796754338242,9.319760898513392,9.380278826425817,583222.0,632835804.82,20221108,10.85,1.156682034806229,20250612,20250612,1.031331
000001.SZ,1d,2022-11-09,9.371633408152613,9.579123446709497,9.354342571606207,9.414860499518632,832107.0,911153622.45,20221109,10.89,1.156682034806229,20250612,20250612,1.031331
000001.SZ,1d,2022-11-10,9.328406316786594,9.423505917791834,9.24195213405456,9.397569662972224,552021.0,596916589.27,20221110,10.87,1.156682034806229,20250612,20250612,1.031331
000001.SZ,1d,2022-11-11,9.622350538075514,10.080557706555302,9.518605518797074,9.88171308627162,2545071.0,2878557391.61,20221111,11.43,1.156682034806229,20250612,20250612,1.031331
000001.SZ,1d,2022-11-14,10.115139379648117,10.616573639493922,10.115139379648117,10.331274836478205,3872084.0,4637823413.97,20221114,11.950000000000001,1.156682034806229,20250612,20250612,1.031331
000001.SZ,1d,2022-11-15,10.253466072019371,10.530119456761884,10.22752981719976,10.383147346117426,1573901.0,1891249648.0500002,20221115,12.01,1.156682034806229,20250612,20250612,1.031331
000001.SZ,1d,2022-11-16,10.348565673024611,10.41772901921024,10.192948144106948,10.218884398926559,1278693.0,1519133931.8500001,20221116,11.82,1.156682034806229,20250612,20250612,1.031331
000001.SZ,1d,2022-11-17,10.210238980653354,10.236175235472965,10.011394360369673,10.106493961374913,1091047.0,1273790880.66,20221117,11.69,1.156682034806229,20250612,20250612,1.031331
000001.SZ,1d,2022-11-18,10.14972105274093,10.184302725833746,10.00274894209647,10.020039778642877,868093.0,1011078679.59,20221118,11.59,1.156682034806229,20250612,20250612,1.031331
000001.SZ,1d,2022-11-21,9.92494017763764,9.942231014184046,9.700159302534347,9.907649341091233,1047737.0,1189388618.26,20221121,11.46,1.156682034806229,20250612,20250612,1.031331
000001.SZ,1d,2022-11-22,9.907649341091231,10.313983999931796,9.890358504544825,10.218884398926559,1491324.0,1748727406.58,20221122,11.82,1.156682034806229,20250612,20250612,1.031331
000001.SZ,1d,2022-11-23,10.184302725833746,10.41772901921024,10.132430216194523,10.218884398926559,1247657.0,1483352651.7299998,20221123,11.82,1.156682034806229,20250612,20250612,1.031331
000001.SZ,1d,2022-11-24,10.305338581658594,10.365856509571017,10.106493961374913,10.17565730756054,796719.0,941002372.9200001,20221124,11.77,1.156682034806229,20250612,20250612,1.031331
000001.SZ,1d,2022-11-25,10.192948144106946,10.573346548127903,10.17565730756054,10.521474038488682,1760728.0,2130171604.6399999,20221125,12.17,1.156682034806229,20250612,20250612,1.031331
000001.SZ,1d,2022-11-28,10.288047745112186,10.305338581658594,10.106493961374913,10.210238980653353,1331563.0,1568351120.1700003,20221128,11.809999999999999,1.156682034806229,20250612,20250612,1.031331
000001.SZ,1d,2022-11-29,10.512828620215478,11.23039833689137,10.486892365395867,11.23039833689137,4749277.0,6026006641.970001,20221129,12.99,1.156682034806229,20250612,20250612,1.031331
000001.SZ,1d,2022-11-30,11.152589572432538,11.532987976453493,11.08342622624691,11.264980009984185,3209628.0,4206404173.0800004,20221130,13.030000000000001,1.156682034806229,20250612,20250612,1.031331
000001.SZ,1d,2022-12-01,11.567569649546307,11.809641361196006,11.299561683076998,11.325497937896609,2002689.0,2658203027.2,20221201,13.1,1.156682034806229,20250612,20250612,1.031331
000001.SZ,1d,2022-12-02,11.360079610989422,11.368725029262626,10.971035788695264,11.152589572432538,1404203.0,1803658762.25,20221202,12.9,1.156682034806229,20250612,20250612,1.031331
000001.SZ,1d,2022-12-05,11.316852519623405,11.731832596737174,11.247689173437777,11.69725092364436,2287627.0,3057231972.57,20221205,13.53,1.156682034806229,20250612,20250612,1.031331
000001.SZ,1d,2022-12-06,11.532987976453493,11.809641361196006,11.455179211994661,11.610796740912324,1252579.0,1680593515.5000002,20221206,13.43,1.156682034806229,20250612,20250612,1.031331
000001.SZ,1d,2022-12-07,11.52434255818029,11.558924231273105,11.264980009984185,11.368725029262626,1377377.0,1815667663.45,20221207,13.15,1.156682034806229,20250612,20250612,1.031331
000001.SZ,1d,2022-12-08,11.368725029262626,11.688605505371157,11.342788774443017,11.5502788129999,1065723.0,1422047904.5,20221208,13.360000000000001,1.156682034806229,20250612,20250612,1.031331
000001.SZ,1d,2022-12-09,11.584860486092714,11.887450125654837,11.541633394726697,11.844223034288818,1615832.0,2197501648.81,20221209,13.7,1.156682034806229,20250612,20250612,1.031331
000001.SZ,1d,2022-12-12,11.740478015010376,11.740478015010376,11.290916264803794,11.334143356169813,1392584.0,1848277966.6,20221212,13.110000000000001,1.156682034806229,20250612,20250612,1.031331
000001.SZ,1d,2022-12-13,11.368725029262626,11.5502788129999,11.360079610989423,11.446533793721457,902285.0,1194285343.0900002,20221213,13.24,1.156682034806229,20250612,20250612,1.031331
000001.SZ,1d,2022-12-14,11.437888375448255,11.584860486092714,11.3082071013502,11.437888375448255,974061.0,1287867945.07,20221214,13.23,1.156682034806229,20250612,20250612,1.031331
000001.SZ,1d,2022-12-15,11.360079610989422,11.481115466814272,11.187171245525352,11.325497937896609,835349.0,1094434005.98,20221215,13.1,1.156682034806229,20250612,20250612,1.031331
000001.SZ,1d,2022-12-16,11.25633459171098,11.584860486092714,11.25633459171098,11.532987976453493,924252.0,1225269166.25,20221216,13.34,1.156682034806229,20250612,20250612,1.031331
000001.SZ,1d,2022-12-19,11.52434255818029,11.645378414005139,11.195816663798556,11.273625428257388,1030866.0,1355435567.1599998,20221219,13.040000000000001,1.156682034806229,20250612,20250612,1.031331
000001.SZ,1d,2022-12-20,11.213107500344963,11.3082071013502,10.953744952148858,11.03155371660769,896212.0,1150630681.38,20221220,12.76,1.156682034806229,20250612,20250612,1.031331
000001.SZ,1d,2022-12-21,11.10936248106652,11.23039833689137,11.014262880061281,11.143944154159335,614590.0,791782473.2900001,20221221,12.89,1.156682034806229,20250612,20250612,1.031331
000001.SZ,1d,2022-12-22,11.239043755164573,11.368725029262626,11.152589572432538,11.195816663798556,672394.0,876159828.48,20221222,12.950000000000001,1.156682034806229,20250612,20250612,1.031331
000001.SZ,1d,2022-12-23,11.10936248106652,11.290916264803794,11.066135389700504,11.221752918618167,564426.0,730705958.53,20221223,12.98,1.156682034806229,20250612,20250612,1.031331
000001.SZ,1d,2022-12-26,11.23039833689137,11.273625428257388,10.988326625241672,11.040199134880893,797120.0,1021903962.65,20221226,12.770000000000001,1.156682034806229,20250612,20250612,1.031331
000001.SZ,1d,2022-12-27,11.126653317612929,11.42924295717505,11.126653317612929,11.334143356169813,886004.0,1160090119.01,20221227,13.110000000000001,1.156682034806229,20250612,20250612,1.031331
000001.SZ,1d,2022-12-28,11.37737044753583,11.567569649546307,11.239043755164573,11.360079610989423,791192.0,1042402080.41,20221228,13.14,1.156682034806229,20250612,20250612,1.031331
000001.SZ,1d,2022-12-29,11.299561683076998,11.351434192716217,11.10936248106652,11.264980009984184,666890.0,865144967.1,20221229,13.03,1.156682034806229,20250612,20250612,1.031331
000001.SZ,1d,2022-12-30,11.273625428257388,11.481115466814273,11.20446208207176,11.37737044753583,818036.0,1074756753.75,20221230,13.16,1.156682034806229,20250612,20250612,1.031331
000001.SZ,1d,2023-01-03,11.411952120628644,11.973904308386873,11.282270846530592,11.904740962201245,2194128.0,2971546989.04,20230103,13.770000000000001,1.156682034806229,20250612,20250612,1.031331
000001.SZ,1d,2023-01-04,11.852868452562024,12.466693149959474,11.783705106376395,12.380238967227438,2189683.0,3110729449.03,20230104,14.32,1.156682034806229,20250612,20250612,1.031331
000001.SZ,1d,2023-01-05,12.449402313413065,12.743346534701985,12.423466058593457,12.518565659598694,1665425.0,2417272355.99,20230105,14.48,1.156682034806229,20250612,20250612,1.031331
000001.SZ,1d,2023-01-06,12.535856496145101,12.726055698155578,12.518565659598694,12.639601515423545,1195745.0,1747915169.2600002,20230106,14.620000000000001,1.156682034806229,20250612,20250612,1.031331
000001.SZ,1d,2023-01-09,12.751991952975189,12.864382390526833,12.553147332691507,12.795219044341206,1057659.0,1561368487.3,20230109,14.799999999999999,1.156682034806229,20250612,20250612,1.031331
000001.SZ,1d,2023-01-10,12.760637371248393,12.873027808800039,12.440756895139863,12.483983986505882,1269423.0,1851093716.76,20230110,14.440000000000001,1.156682034806229,20250612,20250612,1.031331
000001.SZ,1d,2023-01-11,12.492629404779084,12.777928207794801,12.440756895139863,12.682828606789561,830566.0,1217450811.64,20230111,14.67,1.156682034806229,20250612,20250612,1.031331
000001.SZ,1d,2023-01-12,12.769282789521597,12.769282789521597,12.561792750964713,12.682828606789561,625695.0,914367699.65,20230112,14.670000000000002,1.156682034806229,20250612,20250612,1.031331
000001.SZ,1d,2023-01-13,12.682828606789561,12.92490031843926,12.57908358751112,12.92490031843926,949086.0,1407181074.2900002,20230113,14.950000000000001,1.156682034806229,20250612,20250612,1.031331
000001.SZ,1d,2023-01-16,12.924900318439258,13.210199121454975,12.838446135707224,13.037290755990904,1560040.0,2356399992.83,20230116,15.08,1.156682034806229,20250612,20250612,1.031331
000001.SZ,1d,2023-01-17,13.080517847356921,13.12374493872294,12.769282789521595,12.942191154985665,935835.0,1396151514.52,20230117,14.969999999999999,1.156682034806229,20250612,20250612,1.031331
000001.SZ,1d,2023-01-18,12.924900318439258,13.12374493872294,12.890318645346445,13.063227010810515,718434.0,1083362997.53,20230118,15.11,1.156682034806229,20250612,20250612,1.031331
000001.SZ,1d,2023-01-19,13.080517847356923,13.184262866635367,12.855736972253633,13.04593617426411,641875.0,963744633.47,20230119,15.090000000000002,1.156682034806229,20250612,20250612,1.031331
000001.SZ,1d,2023-01-20,13.106454102176533,13.17561744836216,12.968127409805277,13.080517847356923,608590.0,920144805.73,20230120,15.13,1.156682034806229,20250612,20250612,1.031331
000001.SZ,1d,2023-01-30,13.486852506197488,13.607888362022337,12.873027808800039,13.09780868390333,1374318.0,2096867649.37,20230130,15.15,1.156682034806229,20250612,20250612,1.031331
000001.SZ,1d,2023-01-31,13.17561744836216,13.409043741738657,12.933545736712464,12.959481991532073,1030498.0,1568639326.21,20230131,14.99,1.156682034806229,20250612,20250612,1.031331
000001.SZ,1d,2023-02-01,12.994063664624887,13.037290755990904,12.544501914418305,12.70876486160917,1653421.0,2426471972.5199995,20230201,14.7,1.156682034806229,20250612,20250612,1.031331
000001.SZ,1d,2023-02-02,12.743346534701985,12.7779282077948,12.33701187586142,12.622310678877136,1577900.0,2280744883.13,20230202,14.6,1.156682034806229,20250612,20250612,1.031331
000001.SZ,1d,2023-02-03,12.492629404779082,12.57908358751112,12.241912274856181,12.380238967227438,1246383.0,1782105890.79,20230203,14.32,1.156682034806229,20250612,20250612,1.031331
000001.SZ,1d,2023-02-06,12.19003976521696,12.21597602003657,11.982549726660075,12.103585582484925,1317610.0,1838428709.03,20230206,14.0,1.156682034806229,20250612,20250612,1.031331
000001.SZ,1d,2023-02-07,12.155458092124146,12.380238967227438,12.129521837304537,12.2851393662222,869460.0,1235297762.5400002,20230207,14.21,1.156682034806229,20250612,20250612,1.031331
000001.SZ,1d,2023-02-08,12.31107562104181,12.380238967227438,12.129521837304537,12.13816725557774,657893.0,928708933.8500001,20230208,14.040000000000001,1.156682034806229,20250612,20250612,1.031331
000001.SZ,1d,2023-02-09,12.112231000758129,12.362948130681032,12.069003909392112,12.215976020036571,830350.0,1174361963.28,20230209,14.13,1.156682034806229,20250612,20250612,1.031331
000001.SZ,1d,2023-02-10,12.19003976521696,12.207330601763367,11.982549726660075,12.086294745938517,847284.0,1184283386.2,20230210,13.979999999999999,1.156682034806229,20250612,20250612,1.031331
000001.SZ,1d,2023-02-13,12.051713072845704,12.051713072845704,11.757768851556785,11.947968053567262,1800054.0,2473405202.92,20230213,13.82,1.156682034806229,20250612,20250612,1.031331
000001.SZ,1d,2023-02-14,11.973904308386873,12.086294745938519,11.930677217020856,12.069003909392112,909937.0,1263892077.72,20230214,13.96,1.156682034806229,20250612,20250612,1.031331
000001.SZ,1d,2023-02-15,12.060358491118908,12.069003909392112,11.775059688103193,11.81828677946921,1250244.0,1713566672.72,20230215,13.670000000000002,1.156682034806229,20250612,20250612,1.031331
000001.SZ,1d,2023-02-16,11.826932197742412,12.025776818026094,11.671314668824749,11.757768851556785,1279123.0,1757431083.85,20230216,13.6,1.156682034806229,20250612,20250612,1.031331
000001.SZ,1d,2023-02-17,11.783705106376393,11.861513870835225,11.610796740912324,11.610796740912324,918364.0,1246777397.11,20230217,13.43,1.156682034806229,20250612,20250612,1.031331
000001.SZ,1d,2023-02-20,11.671314668824749,12.233266856582977,11.662669250551545,12.233266856582977,2116191.0,2945969773.39,20230220,14.15,1.156682034806229,20250612,20250612,1.031331
000001.SZ,1d,2023-02-21,12.155458092124146,12.276493947948994,12.034422236299298,12.19003976521696,990495.0,1393153377.3000002,20230221,14.1,1.156682034806229,20250612,20250612,1.031331
000001.SZ,1d,2023-02-22,12.103585582484925,12.207330601763367,12.051713072845704,12.120876419031331,638922.0,895742534.3100001,20230222,14.02,1.156682034806229,20250612,20250612,1.031331
000001.SZ,1d,2023-02-23,12.103585582484925,12.380238967227438,12.086294745938519,12.146812673850944,824491.0,1165539851.19,20230223,14.05,1.156682034806229,20250612,20250612,1.031331
000001.SZ,1d,2023-02-24,12.120876419031333,12.129521837304537,11.930677217020856,11.982549726660077,729989.0,1012652971.88,20230224,13.860000000000001,1.156682034806229,20250612,20250612,1.031331
000001.SZ,1d,2023-02-27,11.887450125654837,11.999840563206481,11.826932197742412,11.835577616015616,621462.0,854854040.5400001,20230227,13.69,1.156682034806229,20250612,20250612,1.031331
000001.SZ,1d,2023-02-28,11.887450125654837,11.973904308386873,11.766414269829987,11.913386380474448,607936.0,833316018.4499999,20230228,13.78,1.156682034806229,20250612,20250612,1.031331
000001.SZ,1d,2023-03-01,11.930677217020856,12.267848529675792,11.878804707381633,12.250557693129386,1223452.0,1719710647.06,20230301,14.17,1.156682034806229,20250612,20250612,1.031331
000001.SZ,1d,2023-03-02,12.215976020036571,12.483983986505882,12.155458092124146,12.311075621041809,1015877.0,1447565979.98,20230302,14.24,1.156682034806229,20250612,20250612,1.031331
000001.SZ,1d,2023-03-03,12.406175222047048,12.423466058593457,12.224621438309775,12.354302712407828,690954.0,985552120.63,20230303,14.290000000000001,1.156682034806229,20250612,20250612,1.031331
000001.SZ,1d,2023-03-06,12.362948130681032,12.362948130681032,11.861513870835227,11.973904308386873,1455824.0,2023954547.2,20230306,13.850000000000001,1.156682034806229,20250612,20250612,1.031331
000001.SZ,1d,2023-03-07,11.973904308386873,12.19003976521696,11.800995942922802,11.835577616015616,1279266.0,1773654737.03,20230307,13.69,1.156682034806229,20250612,20250612,1.031331
000001.SZ,1d,2023-03-08,11.783705106376395,11.7923505246496,11.584860486092714,11.697250923644361,1096898.0,1479838980.07,20230308,13.530000000000001,1.156682034806229,20250612,20250612,1.031331
000001.SZ,1d,2023-03-09,11.705896341917564,11.740478015010376,11.35143419271622,11.411952120628644,1736065.0,2305765842.21,20230309,13.200000000000001,1.156682034806229,20250612,20250612,1.031331
000001.SZ,1d,2023-03-10,11.239043755164573,11.472470048541068,11.239043755164573,11.360079610989423,856996.0,1128558359.5,20230310,13.14,1.156682034806229,20250612,20250612,1.031331
000001.SZ,1d,2023-03-13,11.342788774443015,11.489760885087474,11.239043755164573,11.282270846530592,1000635.0,1309490079.38,20230313,13.05,1.156682034806229,20250612,20250612,1.031331
000001.SZ,1d,2023-03-14,11.23039833689137,11.239043755164573,11.005617461788079,11.126653317612929,1149076.0,1474124198.8600001,20230314,12.870000000000001,1.156682034806229,20250612,20250612,1.031331
000001.SZ,1d,2023-03-15,11.28227084653059,11.394661284082236,11.187171245525352,11.28227084653059,979364.0,1278262225.47,20230315,13.049999999999999,1.156682034806229,20250612,20250612,1.031331
000001.SZ,1d,2023-03-16,11.143944154159335,11.264980009984185,11.066135389700504,11.08342622624691,916792.0,1182054433.62,20230316,12.82,1.156682034806229,20250612,20250612,1.031331
000001.SZ,1d,2023-03-17,11.23039833689137,11.273625428257388,10.93645411560245,11.022908298334485,1556814.0,2000832407.83,20230317,12.75,1.156682034806229,20250612,20250612,1.031331
000001.SZ,1d,2023-03-20,11.03155371660769,11.10936248106652,10.849999932870416,10.867290769416822,1188816.0,1505893658.68,20230320,12.57,1.156682034806229,20250612,20250612,1.031331
000001.SZ,1d,2023-03-21,10.93645411560245,11.048844553154096,10.806772841504397,10.979681206968467,840743.0,1060914056.37,20230321,12.7,1.156682034806229,20250612,20250612,1.031331
000001.SZ,1d,2023-03-22,11.022908298334485,11.135298735886131,10.988326625241672,11.0574899714273,876691.0,1121080753.38,20230322,12.790000000000001,1.156682034806229,20250612,20250612,1.031331
000001.SZ,1d,2023-03-23,10.979681206968468,11.152589572432538,10.919163279056043,11.152589572432538,804306.0,1029380497.2700001,20230323,12.9,1.156682034806229,20250612,20250612,1.031331
000001.SZ,1d,2023-03-24,11.10936248106652,11.118007899339723,11.03155371660769,11.08342622624691,621519.0,796319541.9700001,20230324,12.82,1.156682034806229,20250612,20250612,1.031331
000001.SZ,1d,2023-03-27,11.066135389700504,11.074780807973706,10.772191168411585,10.893227024236433,1008422.0,1266945056.0299997,20230327,12.600000000000001,1.156682034806229,20250612,20250612,1.031331
000001.SZ,1d,2023-03-28,10.945099533875654,11.005617461788079,10.849999932870416,10.927808697329247,673868.0,851797868.5600001,20230328,12.64,1.156682034806229,20250612,20250612,1.031331
000001.SZ,1d,2023-03-29,11.005617461788079,11.014262880061281,10.806772841504397,10.832709096324008,596064.0,750687550.55,20230329,12.53,1.156682034806229,20250612,20250612,1.031331
000001.SZ,1d,2023-03-30,10.849999932870416,10.988326625241672,10.728964077045566,10.96239037042206,824546.0,1035422932.0100001,20230330,12.68,1.156682034806229,20250612,20250612,1.031331
000001.SZ,1d,2023-03-31,10.971035788695264,11.040199134880892,10.815418259777601,10.832709096324008,865492.0,1092263436.9,20230331,12.53,1.156682034806229,20250612,20250612,1.031331
000001.SZ,1d,2023-04-03,10.849999932870416,10.971035788695266,10.772191168411585,10.953744952148858,740429.0,934285179.24,20230403,12.670000000000002,1.156682034806229,20250612,20250612,1.031331
000001.SZ,1d,2023-04-04,10.927808697329247,10.996972043514875,10.884581605963229,10.93645411560245,647457.0,817726526.95,20230404,12.65,1.156682034806229,20250612,20250612,1.031331
000001.SZ,1d,2023-04-06,10.893227024236433,10.901872442509635,10.806772841504397,10.875936187690025,563321.0,706480659.58,20230406,12.58,1.156682034806229,20250612,20250612,1.031331
000001.SZ,1d,2023-04-07,10.867290769416822,10.971035788695264,10.806772841504397,10.91051786078284,607925.0,767354796.52,20230407,12.62,1.156682034806229,20250612,20250612,1.031331
000001.SZ,1d,2023-04-10,10.927808697329247,10.979681206968467,10.875936187690025,10.96239037042206,640182.0,809943147.62,20230410,12.68,1.156682034806229,20250612,20250612,1.031331
000001.SZ,1d,2023-04-11,10.979681206968467,10.996972043514873,10.824063678050804,10.84135451459721,777780.0,978302907.7900001,20230411,12.54,1.156682034806229,20250612,20250612,1.031331
000001.SZ,1d,2023-04-12,10.875936187690026,10.88458160596323,10.76354575013838,10.789482004957991,909957.0,1136997696.1399999,20230412,12.48,1.156682034806229,20250612,20250612,1.031331
000001.SZ,1d,2023-04-13,10.728964077045566,10.953744952148858,10.633864476040328,10.858645351143618,1131591.0,1413919037.13,20230413,12.56,1.156682034806229,20250612,20250612,1.031331
000001.SZ,1d,2023-04-14,10.893227024236433,11.152589572432538,10.875936187690025,10.971035788695264,1297995.0,1653539530.91,20230414,12.69,1.156682034806229,20250612,20250612,1.031331
000001.SZ,1d,2023-04-17,10.945099533875654,11.187171245525352,10.893227024236433,11.178525827252148,1304213.0,1669357649.18,20230417,12.93,1.156682034806229,20250612,20250612,1.031331
000001.SZ,1d,2023-04-18,11.178525827252148,11.411952120628644,11.143944154159335,11.239043755164573,1538936.0,2009934874.5900002,20230418,13.0,1.156682034806229,20250612,20250612,1.031331
000001.SZ,1d,2023-04-19,11.25633459171098,11.299561683076998,11.092071644520113,11.10936248106652,1014378.0,1309536001.8000002,20230419,12.85,1.156682034806229,20250612,20250612,1.031331
000001.SZ,1d,2023-04-20,11.152589572432538,11.152589572432538,10.910517860782841,11.022908298334487,811788.0,1033330703.7800001,20230420,12.750000000000002,1.156682034806229,20250612,20250612,1.031331
000001.SZ,1d,2023-04-21,10.979681206968468,11.092071644520113,10.789482004957991,10.806772841504397,918668.0,1160509766.03,20230421,12.5,1.156682034806229,20250612,20250612,1.031331
000001.SZ,1d,2023-04-24,10.789482004957991,10.806772841504399,10.400438182663834,10.460956110576257,1467672.0,1798133966.9200003,20230424,12.100000000000001,1.156682034806229,20250612,20250612,1.031331
000001.SZ,1d,2023-04-25,10.495537783669072,10.694382403952753,10.478246947122665,10.616573639493922,1301901.0,1595320169.74,20230425,12.280000000000001,1.156682034806229,20250612,20250612,1.031331
000001.SZ,1d,2023-04-26,10.59063738467431,10.59063738467431,10.365856509571017,10.478246947122665,991260.0,1197555724.16,20230426,12.120000000000001,1.156682034806229,20250612,20250612,1.031331
000001.SZ,1d,2023-04-27,10.426374437483442,10.677091567406345,10.374501927844221,10.599282802947513,1004093.0,1222755932.3700001,20230427,12.26,1.156682034806229,20250612,20250612,1.031331
000001.SZ,1d,2023-04-28,10.599282802947513,11.048844553154098,10.564701129854699,10.849999932870416,1445254.0,1816868032.9800003,20230428,12.55,1.156682034806229,20250612,20250612,1.031331
000001.SZ,1d,2023-05-04,10.720318658772362,11.092071644520113,10.538764875035088,11.005617461788079,1478264.0,1863146144.1599998,20230504,12.73,1.156682034806229,20250612,20250612,1.031331
000001.SZ,1d,2023-05-05,11.048844553154096,11.334143356169811,11.022908298334485,11.161234990705742,1762189.0,2283981032.07,20230505,12.91,1.156682034806229,20250612,20250612,1.031331
000001.SZ,1d,2023-05-08,11.187171245525352,11.662669250551545,11.100717062793317,11.515697139907086,2630719.0,3478891629.3500004,20230508,13.32,1.156682034806229,20250612,20250612,1.031331
000001.SZ,1d,2023-05-09,11.584860486092714,11.757768851556785,11.35143419271622,11.37737044753583,2422534.0,3238716470.9700003,20230509,13.16,1.156682034806229,20250612,20250612,1.031331
000001.SZ,1d,2023-05-10,11.386015865809034,11.463824630267865,11.066135389700504,11.100717062793317,1237053.0,1600189994.17,20230510,12.84,1.156682034806229,20250612,20250612,1.031331
000001.SZ,1d,2023-05-11,11.195816663798556,11.342788774443017,11.066135389700504,11.10936248106652,903758.0,1166479364.8899999,20230511,12.850000000000001,1.156682034806229,20250612,20250612,1.031331
000001.SZ,1d,2023-05-12,11.08342622624691,11.126653317612927,10.901872442509635,10.91051786078284,885604.0,1124579090.5400002,20230512,12.62,1.156682034806229,20250612,20250612,1.031331
000001.SZ,1d,2023-05-15,10.962390370422062,11.10936248106652,10.76354575013838,11.092071644520114,928326.0,1173804243.15,20230515,12.830000000000002,1.156682034806229,20250612,20250612,1.031331
000001.SZ,1d,2023-05-16,11.066135389700504,11.169880408978946,10.867290769416822,10.910517860782841,998302.0,1267712090.05,20230516,12.620000000000001,1.156682034806229,20250612,20250612,1.031331
000001.SZ,1d,2023-05-17,10.875936187690025,10.927808697329246,10.754900331865176,10.798127423231193,754621.0,945315193.07,20230517,12.49,1.156682034806229,20250612,20250612,1.031331
000001.SZ,1d,2023-05-18,10.867290769416822,10.927808697329247,10.746254913591972,10.798127423231193,687187.0,861347534.3199999,20230518,12.49,1.156682034806229,20250612,20250612,1.031331
000001.SZ,1d,2023-05-19,10.746254913591972,10.754900331865176,10.651155312586734,10.66844614913314,688414.0,851165593.52,20230519,12.34,1.156682034806229,20250612,20250612,1.031331
000001.SZ,1d,2023-05-22,10.64250989431353,10.76354575013838,10.64250989431353,10.703027822225955,549328.0,679754868.04,20230522,12.38,1.156682034806229,20250612,20250612,1.031331
000001.SZ,1d,2023-05-23,10.703027822225955,10.728964077045566,10.556055711581497,10.556055711581497,694364.0,852871175.23,20230523,12.21,1.156682034806229,20250612,20250612,1.031331
000001.SZ,1d,2023-05-24,10.54741029330829,10.556055711581495,10.383147346117426,10.383147346117426,824251.0,996600577.63,20230524,12.01,1.156682034806229,20250612,20250612,1.031331
000001.SZ,1d,2023-05-25,10.365856509571017,10.374501927844221,10.210238980653354,10.313983999931796,882744.0,1050002541.88,20230525,11.93,1.156682034806229,20250612,20250612,1.031331
000001.SZ,1d,2023-05-26,10.313983999931796,10.486892365395866,10.236175235472965,10.460956110576257,511429.0,613772897.17,20230526,12.1,1.156682034806229,20250612,20250612,1.031331
000001.SZ,1d,2023-05-29,10.469601528849461,10.486892365395867,10.331274836478205,10.357211091297815,566074.0,680275577.83,20230529,11.98,1.156682034806229,20250612,20250612,1.031331
000001.SZ,1d,2023-05-30,10.357211091297815,10.365856509571017,10.201593562380152,10.262111490292577,763997.0,906316373.6100001,20230530,11.870000000000001,1.156682034806229,20250612,20250612,1.031331
000001.SZ,1d,2023-05-31,10.218884398926559,10.236175235472965,10.011394360369673,10.028685196916081,1179587.0,1376758356.6800003,20230531,11.6,1.156682034806229,20250612,20250612,1.031331
000001.SZ,1d,2023-06-01,10.028685196916081,10.097848543101708,9.942231014184046,10.020039778642877,743023.0,861646489.19,20230601,11.59,1.156682034806229,20250612,20250612,1.031331
000001.SZ,1d,2023-06-02,10.097848543101708,10.348565673024611,10.063266870008896,10.313983999931796,1221843.0,1446502669.25,20230602,11.93,1.156682034806229,20250612,20250612,1.031331
000001.SZ,1d,2023-06-05,10.27075690856578,10.374501927844221,10.218884398926559,10.29669316338539,521846.0,620531416.4200001,20230605,11.91,1.156682034806229,20250612,20250612,1.031331
000001.SZ,1d,2023-06-06,10.29669316338539,10.452310692303053,10.218884398926559,10.236175235472965,833273.0,997039311.52,20230606,11.84,1.156682034806229,20250612,20250612,1.031331
000001.SZ,1d,2023-06-07,10.279402326838984,10.435019855756646,10.27075690856578,10.322629418205002,643698.0,770386878.4700001,20230607,11.940000000000001,1.156682034806229,20250612,20250612,1.031331
000001.SZ,1d,2023-06-08,10.339920254751407,10.54741029330829,10.253466072019371,10.478246947122663,869397.0,1048266235.89,20230608,12.12,1.156682034806229,20250612,20250612,1.031331
000001.SZ,1d,2023-06-09,10.426374437483442,10.452310692303053,10.244820653746169,10.270756908565778,1315285.0,1566929273.97,20230609,11.879999999999999,1.156682034806229,20250612,20250612,1.031331
000001.SZ,1d,2023-06-12,10.218884398926559,10.288047745112186,10.167011889287338,10.192948144106946,758747.0,896015708.76,20230612,11.79,1.156682034806229,20250612,20250612,1.031331
000001.SZ,1d,2023-06-13,10.167011889287338,10.236175235472965,10.106493961374913,10.17565730756054,849988.0,1000183566.9200002,20230613,11.77,1.156682034806229,20250612,20250612,1.031331
000001.SZ,1d,2023-06-14,10.228793734124215,10.388203506604073,10.149088847884286,10.15794494635539,1069200.0,1237376775.64,20230614,11.47,1.1291654030981304,20250612,20250612,1.031331
000001.SZ,1d,2023-06-15,10.175657143297595,10.299642521893041,10.087096158586563,10.281930324950835,925301.0,1064567231.22,20230615,11.610000000000001,1.1291654030981304,20250612,20250612,1.031331
000001.SZ,1d,2023-06-16,10.281930324950833,10.335066915777453,10.246505931066421,10.299642521893041,842034.0,978869317.2900001,20230616,11.63,1.1291654030981304,20250612,20250612,1.031331
000001.SZ,1d,2023-06-19,10.299642521893041,10.299642521893041,10.10480835552877,10.140232749413181,953997.0,1096351096.7099998,20230619,11.45,1.1291654030981304,20250612,20250612,1.031331
000001.SZ,1d,2023-06-20,10.131376650942078,10.149088847884284,10.051671764702151,10.060527863173254,544551.0,620374307.69,20230620,11.36,1.1291654030981304,20250612,20250612,1.031331
000001.SZ,1d,2023-06-21,10.060527863173254,10.166801044826492,10.042815666231048,10.051671764702151,616583.0,703681563.97,20230621,11.35,1.1291654030981304,20250612,20250612,1.031331
000001.SZ,1d,2023-06-26,10.007391272346636,10.007391272346636,9.874549795280087,9.901118090693396,676577.0,757975991.51,20230626,11.18,1.1291654030981304,20250612,20250612,1.031331
000001.SZ,1d,2023-06-27,9.918830287635602,10.025103469288842,9.892261992222293,9.989679075404428,461702.0,519520687.33000004,20230627,11.28,1.1291654030981304,20250612,20250612,1.031331
000001.SZ,1d,2023-06-28,9.98967907540443,10.033959567759945,9.93654248457781,10.007391272346636,365396.0,412039353.92999995,20230628,11.3,1.1291654030981304,20250612,20250612,1.031331
000001.SZ,1d,2023-06-29,9.998535173875531,9.998535173875531,9.892261992222293,9.901118090693396,485906.0,544534825.51,20230629,11.18,1.1291654030981304,20250612,20250612,1.031331
000001.SZ,1d,2023-06-30,9.901118090693396,10.016247370817739,9.874549795280087,9.945398583048913,519053.0,583494654.79,20230630,11.23,1.1291654030981304,20250612,20250612,1.031331
000001.SZ,1d,2023-07-03,9.954254681520016,10.21108153718201,9.945398583048913,10.175657143297595,885091.0,1009887428.65,20230703,11.49,1.1291654030981304,20250612,20250612,1.031331
000001.SZ,1d,2023-07-04,10.149088847884286,10.175657143297595,10.025103469288842,10.095952257057666,616301.0,701885269.78,20230704,11.4,1.1291654030981304,20250612,20250612,1.031331
000001.SZ,1d,2023-07-05,10.060527863173254,10.095952257057666,10.007391272346636,10.042815666231048,423482.0,479726282.46999997,20230705,11.34,1.1291654030981304,20250612,20250612,1.031331
000001.SZ,1d,2023-07-06,10.007391272346636,10.042815666231048,9.927686386106707,9.954254681520016,597096.0,672396816.4000001,20230706,11.24,1.1291654030981304,20250612,20250612,1.031331
000001.SZ,1d,2023-07-07,9.918830287635602,9.980822976933325,9.901118090693396,9.918830287635602,484441.0,543212455.87,20230707,11.2,1.1291654030981304,20250612,20250612,1.031331
000001.SZ,1d,2023-07-10,9.96311077999112,9.989679075404428,9.892261992222293,9.918830287635602,495882.0,556581581.65,20230710,11.2,1.1291654030981304,20250612,20250612,1.031331
000001.SZ,1d,2023-07-11,9.936542484577808,9.971966878462222,9.9099741891645,9.927686386106705,570809.0,640131787.1,20230711,11.209999999999999,1.1291654030981304,20250612,20250612,1.031331
000001.SZ,1d,2023-07-12,9.945398583048913,10.060527863173254,9.93654248457781,9.954254681520016,736084.0,830230820.88,20230712,11.24,1.1291654030981304,20250612,20250612,1.031331
000001.SZ,1d,2023-07-13,10.025103469288842,10.157944946355387,9.980822976933325,10.122520552470975,1124230.0,1281848378.9100003,20230713,11.43,1.1291654030981304,20250612,20250612,1.031331
000001.SZ,1d,2023-07-14,10.122520552470975,10.228793734124215,10.095952257057666,10.149088847884286,719147.0,825295738.24,20230714,11.46,1.1291654030981304,20250612,20250612,1.031331
000001.SZ,1d,2023-07-17,10.10480835552877,10.10480835552877,9.971966878462222,10.016247370817739,608343.0,687262893.86,20230717,11.31,1.1291654030981304,20250612,20250612,1.031331
000001.SZ,1d,2023-07-18,9.998535173875533,10.025103469288842,9.93654248457781,9.96311077999112,471966.0,531299772.68,20230718,11.25,1.1291654030981304,20250612,20250612,1.031331
000001.SZ,1d,2023-07-19,9.945398583048913,10.025103469288842,9.945398583048913,10.016247370817739,382196.0,430771279.03000003,20230719,11.31,1.1291654030981304,20250612,20250612,1.031331
000001.SZ,1d,2023-07-20,10.033959567759945,10.13137665094208,9.998535173875533,10.025103469288842,554070.0,629696111.29,20230720,11.32,1.1291654030981304,20250612,20250612,1.031331
000001.SZ,1d,2023-07-21,10.016247370817737,10.087096158586563,9.989679075404428,10.042815666231048,377103.0,427375950.49,20230721,11.34,1.1291654030981304,20250612,20250612,1.031331
000001.SZ,1d,2023-07-24,10.033959567759945,10.033959567759945,9.954254681520016,9.971966878462222,426852.0,480713395.70000005,20230724,11.26,1.1291654030981304,20250612,20250612,1.031331
000001.SZ,1d,2023-07-25,10.140232749413181,10.388203506604071,10.131376650942078,10.379347408132968,2032958.0,2358815159.63,20230725,11.719999999999999,1.1291654030981304,20250612,20250612,1.031331
000001.SZ,1d,2023-07-26,10.317354718835247,10.397059605075176,10.237649832595318,10.335066915777453,751663.0,875260135.14,20230726,11.67,1.1291654030981304,20250612,20250612,1.031331
000001.SZ,1d,2023-07-27,10.343923014248556,10.512188885199519,10.317354718835247,10.40591570354628,1115196.0,1314228293.8400002,20230727,11.75,1.1291654030981304,20250612,20250612,1.031331
000001.SZ,1d,2023-07-28,10.35277911271966,10.893001119456956,10.335066915777453,10.857576725572542,2347013.0,2839828236.6200004,20230728,12.26,1.1291654030981304,20250612,20250612,1.031331
000001.SZ,1d,2023-07-31,10.893001119456956,11.07012308887902,10.831008430159233,10.910713316399162,1854952.0,2288940410.58,20230731,12.32,1.1291654030981304,20250612,20250612,1.031331
000001.SZ,1d,2023-08-01,10.857576725572544,10.95499380875468,10.742447445448203,10.769015740861512,957735.0,1169570704.83,20230801,12.16,1.1291654030981304,20250612,20250612,1.031331
000001.SZ,1d,2023-08-02,10.68045475615048,10.839864528630336,10.565325476026137,10.65388646073717,1115900.0,1343864165.36,20230802,12.03,1.1291654030981304,20250612,20250612,1.031331
000001.SZ,1d,2023-08-03,10.618462066852757,10.95499380875468,10.583037672968345,10.919569414870267,1175848.0,1433255493.11,20230803,12.330000000000002,1.1291654030981304,20250612,20250612,1.031331
000001.SZ,1d,2023-08-04,10.999274301110196,11.096691384292331,10.813296233217027,10.893001119456956,1303131.0,1611435431.36,20230804,12.3,1.1291654030981304,20250612,20250612,1.031331
000001.SZ,1d,2023-08-07,10.813296233217027,10.848720627101441,10.7335913469771,10.769015740861512,646913.0,786506452.16,20230807,12.16,1.1291654030981304,20250612,20250612,1.031331
000001.SZ,1d,2023-08-08,10.733591346977098,10.813296233217027,10.62731816532386,10.715879150034892,725705.0,877489187.97,20230808,12.1,1.1291654030981304,20250612,20250612,1.031331
000001.SZ,1d,2023-08-09,10.68045475615048,10.804440134745924,10.671598657679377,10.777871839332615,577608.0,702060796.64,20230809,12.17,1.1291654030981304,20250612,20250612,1.031331
000001.SZ,1d,2023-08-10,10.76015964239041,10.813296233217027,10.68045475615048,10.769015740861512,475595.0,577123919.6800001,20230810,12.16,1.1291654030981304,20250612,20250612,1.031331
000001.SZ,1d,2023-08-11,10.777871839332615,10.866432824043647,10.529901082141725,10.529901082141725,943539.0,1132867239.31,20230811,11.89,1.1291654030981304,20250612,20250612,1.031331
000001.SZ,1d,2023-08-14,10.414771802017382,10.432483998959588,10.264218128008627,10.335066915777453,975920.0,1139185249.4600003,20230814,11.67,1.1291654030981304,20250612,20250612,1.031331
000001.SZ,1d,2023-08-15,10.35277911271966,10.450196195901794,10.27307422647973,10.388203506604073,712813.0,834163039.6,20230815,11.73,1.1291654030981304,20250612,20250612,1.031331
000001.SZ,1d,2023-08-16,10.335066915777453,10.494476688257311,10.281930324950833,10.388203506604071,572904.0,671706045.36,20230816,11.729999999999999,1.1291654030981304,20250612,20250612,1.031331
000001.SZ,1d,2023-08-17,10.335066915777455,10.361635211190764,10.149088847884286,10.246505931066421,965058.0,1116292661.67,20230817,11.57,1.1291654030981304,20250612,20250612,1.031331
000001.SZ,1d,2023-08-18,10.255362029537524,10.397059605075176,10.211081537182007,10.237649832595316,659819.0,767047286.8900001,20230818,11.559999999999999,1.1291654030981304,20250612,20250612,1.031331
000001.SZ,1d,2023-08-21,10.237649832595318,10.255362029537524,10.025103469288842,10.025103469288842,701498.0,799641423.7600001,20230821,11.32,1.1291654030981304,20250612,20250612,1.031331
000001.SZ,1d,2023-08-22,10.07824006011546,10.140232749413183,10.016247370817739,10.069383961644357,606808.0,689991238.06,20230822,11.370000000000001,1.1291654030981304,20250612,20250612,1.031331
000001.SZ,1d,2023-08-23,10.051671764702151,10.113664453999872,9.954254681520016,9.96311077999112,691810.0,783102827.23,20230823,11.25,1.1291654030981304,20250612,20250612,1.031331
000001.SZ,1d,2023-08-24,9.998535173875533,10.025103469288842,9.785988810569055,9.856837598337881,1291271.0,1439197083.69,20230824,11.13,1.1291654030981304,20250612,20250612,1.031331
000001.SZ,1d,2023-08-25,9.83026930292457,10.033959567759945,9.812557105982364,9.945398583048913,845350.0,946760250.6,20230825,11.23,1.1291654030981304,20250612,20250612,1.031331
000001.SZ,1d,2023-08-28,10.485620589786208,10.565325476026137,10.175657143297595,10.202225438710904,1997610.0,2336205800.5600004,20230828,11.52,1.1291654030981304,20250612,20250612,1.031331
000001.SZ,1d,2023-08-29,10.15794494635539,10.175657143297595,9.856837598337881,10.016247370817739,1964961.0,2217588610.12,20230829,11.31,1.1291654030981304,20250612,20250612,1.031331
000001.SZ,1d,2023-08-30,9.980822976933327,9.980822976933327,9.856837598337881,9.856837598337881,1375638.0,1537573550.5700002,20230830,11.13,1.1291654030981304,20250612,20250612,1.031331
000001.SZ,1d,2023-08-31,9.865693696808984,9.93654248457781,9.847981499866778,9.856837598337881,806474.0,900123574.83,20230831,11.13,1.1291654030981304,20250612,20250612,1.031331
000001.SZ,1d,2023-09-01,9.9099741891645,10.060527863173254,9.9099741891645,10.025103469288842,1138705.0,1285169019.19,20230901,11.32,1.1291654030981304,20250612,20250612,1.031331
000001.SZ,1d,2023-09-04,10.051671764702151,10.264218128008627,10.033959567759945,10.237649832595318,1410029.0,1621769196.4,20230904,11.56,1.1291654030981304,20250612,20250612,1.031331
000001.SZ,1d,2023-09-05,10.184513241768698,10.193369340239801,10.060527863173254,10.087096158586563,804177.0,917888858.57,20230905,11.389999999999999,1.1291654030981304,20250612,20250612,1.031331
000001.SZ,1d,2023-09-06,10.033959567759945,10.149088847884286,10.007391272346636,10.122520552470977,634841.0,721905681.98,20230906,11.430000000000001,1.1291654030981304,20250612,20250612,1.031331
000001.SZ,1d,2023-09-07,10.095952257057666,10.131376650942078,10.025103469288842,10.033959567759945,540042.0,613812175.9100001,20230907,11.33,1.1291654030981304,20250612,20250612,1.031331
000001.SZ,1d,2023-09-08,9.98967907540443,10.025103469288842,9.945398583048913,9.980822976933325,479030.0,539624962.82,20230908,11.27,1.1291654030981304,20250612,20250612,1.031331
000001.SZ,1d,2023-09-11,10.007391272346634,10.095952257057666,9.980822976933325,10.042815666231048,654486.0,741764911.22,20230911,11.34,1.1291654030981304,20250612,20250612,1.031331
000001.SZ,1d,2023-09-12,10.051671764702151,10.051671764702151,9.96311077999112,9.989679075404428,495485.0,559058535.52,20230912,11.28,1.1291654030981304,20250612,20250612,1.031331
000001.SZ,1d,2023-09-13,9.998535173875533,10.025103469288842,9.927686386106707,9.96311077999112,490218.0,551747627.6800001,20230913,11.25,1.1291654030981304,20250612,20250612,1.031331
000001.SZ,1d,2023-09-14,9.989679075404428,10.033959567759945,9.96311077999112,9.998535173875531,551650.0,622906052.62,20230914,11.29,1.1291654030981304,20250612,20250612,1.031331
000001.SZ,1d,2023-09-15,10.051671764702151,10.095952257057666,9.918830287635604,9.93654248457781,890476.0,1005529160.7700001,20230915,11.22,1.1291654030981304,20250612,20250612,1.031331
000001.SZ,1d,2023-09-18,9.93654248457781,9.954254681520016,9.865693696808984,9.945398583048913,501325.0,561449769.63,20230918,11.23,1.1291654030981304,20250612,20250612,1.031331
000001.SZ,1d,2023-09-19,9.93654248457781,9.945398583048913,9.88340589375119,9.927686386106707,503664.0,564044044.21,20230919,11.21,1.1291654030981304,20250612,20250612,1.031331
000001.SZ,1d,2023-09-20,9.918830287635604,9.93654248457781,9.874549795280087,9.874549795280087,558872.0,624785494.94,20230920,11.15,1.1291654030981304,20250612,20250612,1.031331
000001.SZ,1d,2023-09-21,9.865693696808984,9.865693696808984,9.777132712097952,9.785988810569055,843930.0,934673193.8699999,20230921,11.05,1.1291654030981304,20250612,20250612,1.031331
000001.SZ,1d,2023-09-22,9.768276613626847,9.96311077999112,9.768276613626847,9.954254681520016,911484.0,1017137921.82,20230922,11.24,1.1291654030981304,20250612,20250612,1.031331
000001.SZ,1d,2023-09-25,9.954254681520016,10.025103469288842,9.9099741891645,9.936542484577808,761211.0,856022502.11,20230925,11.219999999999999,1.1291654030981304,20250612,20250612,1.031331
000001.SZ,1d,2023-09-26,9.93654248457781,9.971966878462222,9.865693696808984,9.88340589375119,444980.0,497885810.84000003,20230926,11.16,1.1291654030981304,20250612,20250612,1.031331
000001.SZ,1d,2023-09-27,9.874549795280087,9.93654248457781,9.874549795280087,9.892261992222293,490311.0,547905820.77,20230927,11.17,1.1291654030981304,20250612,20250612,1.031331
000001.SZ,1d,2023-09-28,9.9099741891645,9.954254681520016,9.901118090693396,9.918830287635602,520697.0,583649730.0400001,20230928,11.2,1.1291654030981304,20250612,20250612,1.031331
000001.SZ,1d,2023-10-09,9.88340589375119,9.892261992222293,9.794844909040158,9.839125401395675,695828.0,772959353.15,20231009,11.110000000000001,1.1291654030981304,20250612,20250612,1.031331
000001.SZ,1d,2023-10-10,9.9099741891645,9.918830287635602,9.759420515155744,9.759420515155744,820749.0,910160341.9,20231010,11.02,1.1291654030981304,20250612,20250612,1.031331
000001.SZ,1d,2023-10-11,9.821413204453469,9.821413204453469,9.706283924329126,9.723996121271332,724116.0,797663827.0,20231011,10.98,1.1291654030981304,20250612,20250612,1.031331
000001.SZ,1d,2023-10-12,9.839125401395675,9.88340589375119,9.777132712097952,9.839125401395675,853058.0,947562324.75,20231012,11.110000000000001,1.1291654030981304,20250612,20250612,1.031331
000001.SZ,1d,2023-10-13,9.768276613626849,9.803701007511261,9.697427825858023,9.74170831821354,684483.0,753110725.51,20231013,11.000000000000002,1.1291654030981304,20250612,20250612,1.031331
000001.SZ,1d,2023-10-16,9.74170831821354,9.768276613626849,9.697427825858023,9.750564416684643,501624.0,550988719.63,20231016,11.010000000000002,1.1291654030981304,20250612,20250612,1.031331
000001.SZ,1d,2023-10-17,9.750564416684643,9.785988810569055,9.706283924329126,9.759420515155746,493525.0,543170900.73,20231017,11.020000000000001,1.1291654030981304,20250612,20250612,1.031331
000001.SZ,1d,2023-10-18,9.732852219742435,9.759420515155744,9.66200343197361,9.697427825858021,651825.0,713979896.11,20231018,10.95,1.1291654030981304,20250612,20250612,1.031331
000001.SZ,1d,2023-10-19,9.66200343197361,9.670859530444712,9.378608280898305,9.387464379369408,1188961.0,1271914676.53,20231019,10.6,1.1291654030981304,20250612,20250612,1.031331
000001.SZ,1d,2023-10-20,9.343183887013893,9.449457068667131,9.307759493129481,9.387464379369408,526139.0,557618632.37,20231020,10.6,1.1291654030981304,20250612,20250612,1.031331
000001.SZ,1d,2023-10-23,9.378608280898305,9.387464379369408,9.236910705360655,9.298903394658378,530404.0,557032228.65,20231023,10.5,1.1291654030981304,20250612,20250612,1.031331
000001.SZ,1d,2023-10-24,9.33432778854279,9.396320477840511,9.245766803831758,9.343183887013893,760653.0,801528403.6700001,20231024,10.549999999999999,1.1291654030981304,20250612,20250612,1.031331
000001.SZ,1d,2023-10-25,9.307759493129481,9.33432778854279,9.174918016062932,9.192630213005138,1411450.0,1470971923.59,20231025,10.379999999999999,1.1291654030981304,20250612,20250612,1.031331
000001.SZ,1d,2023-10-26,9.130637523707417,9.228054606889552,9.121781425236314,9.21919850841845,599991.0,621915276.9,20231026,10.41,1.1291654030981304,20250612,20250612,1.031331
000001.SZ,1d,2023-10-27,9.19263021300514,9.281191197716172,9.148349720649623,9.254622902302861,919771.0,957587534.4300001,20231027,10.45,1.1291654030981304,20250612,20250612,1.031331
000001.SZ,1d,2023-10-30,9.210342409947346,9.272335099245067,9.16606191759183,9.254622902302861,805690.0,837646002.0400001,20231030,10.45,1.1291654030981304,20250612,20250612,1.031331
000001.SZ,1d,2023-10-31,9.236910705360655,9.290047296187275,9.21919850841845,9.263479000773966,652855.0,682212137.64,20231031,10.46,1.1291654030981304,20250612,20250612,1.031331
000001.SZ,1d,2023-11-01,9.343183887013893,9.352039985484996,9.254622902302863,9.281191197716172,567300.0,595211885.0,20231101,10.48,1.1291654030981304,20250612,20250612,1.031331
000001.SZ,1d,2023-11-02,9.298903394658378,9.38746437936941,9.272335099245069,9.281191197716172,619430.0,652316669.9300001,20231102,10.48,1.1291654030981304,20250612,20250612,1.031331
000001.SZ,1d,2023-11-03,9.290047296187275,9.316615591600584,9.236910705360655,9.281191197716172,705463.0,738879704.3000001,20231103,10.48,1.1291654030981304,20250612,20250612,1.031331
000001.SZ,1d,2023-11-06,9.307759493129481,9.467169265609337,9.307759493129481,9.467169265609337,1007062.0,1069206837.6800001,20231106,10.69,1.1291654030981304,20250612,20250612,1.031331
000001.SZ,1d,2023-11-07,9.440600970196028,9.440600970196028,9.369752182427202,9.387464379369408,640866.0,679815569.19,20231107,10.6,1.1291654030981304,20250612,20250612,1.031331
000001.SZ,1d,2023-11-08,9.369752182427204,9.38746437936941,9.254622902302863,9.298903394658378,877819.0,923622008.1100001,20231108,10.500000000000002,1.1291654030981304,20250612,20250612,1.031331
000001.SZ,1d,2023-11-09,9.263479000773964,9.316615591600584,9.236910705360655,9.290047296187275,639136.0,669639052.44,20231109,10.49,1.1291654030981304,20250612,20250612,1.031331
000001.SZ,1d,2023-11-10,9.254622902302863,9.272335099245069,9.112925326765211,9.121781425236314,1045044.0,1080649733.9800003,20231110,10.3,1.1291654030981304,20250612,20250612,1.031331
000001.SZ,1d,2023-11-13,9.130637523707417,9.148349720649623,9.050932637467488,9.077500932880797,770043.0,789007117.83,20231113,10.25,1.1291654030981304,20250612,20250612,1.031331
000001.SZ,1d,2023-11-14,9.068644834409694,9.148349720649623,9.059788735938591,9.095213129823003,596859.0,613377697.97,20231114,10.27,1.1291654030981304,20250612,20250612,1.031331
000001.SZ,1d,2023-11-15,9.183774114534035,9.254622902302861,9.157205819120726,9.183774114534035,1109140.0,1152154780.3400002,20231115,10.37,1.1291654030981304,20250612,20250612,1.031331
000001.SZ,1d,2023-11-16,9.19263021300514,9.201486311476243,9.059788735938591,9.068644834409694,922622.0,948395097.3299999,20231116,10.24,1.1291654030981304,20250612,20250612,1.031331
000001.SZ,1d,2023-11-17,9.050932637467488,9.077500932880799,8.962371652756456,8.988939948169765,903362.0,917616681.2800001,20231117,10.15,1.1291654030981304,20250612,20250612,1.031331
000001.SZ,1d,2023-11-20,8.988939948169765,9.050932637467486,8.944659455814248,9.024364342054177,639528.0,650077370.01,20231120,10.19,1.1291654030981304,20250612,20250612,1.031331
000001.SZ,1d,2023-11-21,9.059788735938591,9.166061917591831,9.050932637467488,9.104069228294108,1041166.0,1072311504.28,20231121,10.280000000000001,1.1291654030981304,20250612,20250612,1.031331
000001.SZ,1d,2023-11-22,9.0863570313519,9.130637523707417,8.980083849698662,8.997796046640868,737490.0,753064757.94,20231122,10.16,1.1291654030981304,20250612,20250612,1.031331
000001.SZ,1d,2023-11-23,8.988939948169765,8.997796046640868,8.91809116040094,8.988939948169765,846656.0,855904311.98,20231123,10.15,1.1291654030981304,20250612,20250612,1.031331
000001.SZ,1d,2023-11-24,8.953515554285351,8.971227751227559,8.926947258872042,8.944659455814248,684695.0,691423444.34,20231124,10.1,1.1291654030981304,20250612,20250612,1.031331
000001.SZ,1d,2023-11-27,8.935803357343145,8.935803357343145,8.829530175689907,8.86495456957432,836188.0,836268368.7500001,20231127,10.01,1.1291654030981304,20250612,20250612,1.031331
000001.SZ,1d,2023-11-28,8.847242372632113,8.873810668045424,8.811817978747701,8.811817978747701,786175.0,784405804.65,20231128,9.950000000000001,1.1291654030981304,20250612,20250612,1.031331
000001.SZ,1d,2023-11-29,8.811817978747701,8.829530175689907,8.59041551697012,8.608127713912326,1467597.0,1438320264.1100001,20231129,9.72,1.1291654030981304,20250612,20250612,1.031331
000001.SZ,1d,2023-11-30,8.581559418499017,8.61698381238343,8.519566729201296,8.572703320027914,901765.0,871481712.43,20231130,9.680000000000001,1.1291654030981304,20250612,20250612,1.031331
000001.SZ,1d,2023-12-01,8.546135024614605,8.572703320027914,8.484142335316882,8.554991123085708,778057.0,749668363.8499999,20231201,9.66,1.1291654030981304,20250612,20250612,1.031331
000001.SZ,1d,2023-12-04,8.563847221556811,8.572703320027914,8.510710630730191,8.528422827672397,605438.0,583664338.41,20231204,9.629999999999999,1.1291654030981304,20250612,20250612,1.031331
000001.SZ,1d,2023-12-05,8.510710630730193,8.519566729201296,8.386725252134747,8.39558135060585,787378.0,750961219.91,20231205,9.48,1.1291654030981304,20250612,20250612,1.031331
000001.SZ,1d,2023-12-06,8.360156956721436,8.475286236845779,8.324732562837024,8.413293547548056,753056.0,714029468.7,20231206,9.5,1.1291654030981304,20250612,20250612,1.031331
000001.SZ,1d,2023-12-07,8.404437449076953,8.404437449076953,8.307020365894818,8.360156956721438,585380.0,552224831.1700001,20231207,9.440000000000001,1.1291654030981304,20250612,20250612,1.031331
000001.SZ,1d,2023-12-08,8.333588661308127,8.369013055192541,8.236171578125992,8.236171578125992,1021152.0,957664580.59,20231208,9.3,1.1291654030981304,20250612,20250612,1.031331
000001.SZ,1d,2023-12-11,8.165322790357166,8.307020365894818,8.085617904117237,8.280452070481509,1133663.0,1044765734.9000001,20231211,9.350000000000001,1.1291654030981304,20250612,20250612,1.031331
000001.SZ,1d,2023-12-12,8.245027676597095,8.413293547548056,8.236171578125992,8.34244475977923,855016.0,805067628.4599999,20231212,9.42,1.1291654030981304,20250612,20250612,1.031331
000001.SZ,1d,2023-12-13,8.307020365894818,8.315876464365921,8.103330101059443,8.112186199530546,1061302.0,981001231.48,20231213,9.16,1.1291654030981304,20250612,20250612,1.031331
000001.SZ,1d,2023-12-14,8.156466691886063,8.218459381183786,8.103330101059443,8.103330101059443,742901.0,683211465.8,20231214,9.15,1.1291654030981304,20250612,20250612,1.031331
000001.SZ,1d,2023-12-15,8.147610593414958,8.280452070481507,8.138754494943855,8.156466691886061,988939.0,915126127.17,20231215,9.209999999999999,1.1291654030981304,20250612,20250612,1.031331
000001.SZ,1d,2023-12-18,8.129898396472752,8.183034987299372,8.050193510232823,8.085617904117235,654426.0,599379044.02,20231218,9.129999999999999,1.1291654030981304,20250612,20250612,1.031331
000001.SZ,1d,2023-12-19,8.076761805646134,8.12104229800165,8.032481313290617,8.059049608703926,644071.0,586716664.2800001,20231219,9.1,1.1291654030981304,20250612,20250612,1.031331
000001.SZ,1d,2023-12-20,8.06790570717503,8.103330101059441,7.997056919406204,7.997056919406204,715634.0,650511342.87,20231220,9.03,1.1291654030981304,20250612,20250612,1.031331
000001.SZ,1d,2023-12-21,7.979344722463998,8.138754494943855,7.961632525521792,8.12104229800165,1017047.0,925407072.91,20231221,9.17,1.1291654030981304,20250612,20250612,1.031331
000001.SZ,1d,2023-12-22,8.138754494943855,8.218459381183784,8.06790570717503,8.147610593414958,1005645.0,924998769.19,20231222,9.2,1.1291654030981304,20250612,20250612,1.031331
000001.SZ,1d,2023-12-25,8.129898396472752,8.14761059341496,8.09447400258834,8.138754494943857,413971.0,379638233.73,20231225,9.190000000000001,1.1291654030981304,20250612,20250612,1.031331
000001.SZ,1d,2023-12-26,8.138754494943855,8.14761059341496,8.032481313290617,8.059049608703926,541896.0,493746622.76,20231226,9.1,1.1291654030981304,20250612,20250612,1.031331
000001.SZ,1d,2023-12-27,8.059049608703926,8.085617904117235,7.988200820935101,8.076761805646132,641534.0,582036660.6800001,20231227,9.12,1.1291654030981304,20250612,20250612,1.031331
000001.SZ,1d,2023-12-28,8.06790570717503,8.386725252134747,8.04133741176172,8.36901305519254,1661592.0,1550256590.5900002,20231228,9.45,1.1291654030981304,20250612,20250612,1.031331
000001.SZ,1d,2023-12-29,8.34244475977923,8.39558135060585,8.280452070481507,8.31587646436592,853853.0,803196743.82,20231229,9.389999999999999,1.1291654030981304,20250612,20250612,1.031331
000001.SZ,1d,2024-01-02,8.315876464365921,8.342444759779232,8.156466691886063,8.156466691886063,1158366.0,1075742252.45,20240102,9.21,1.1291654030981304,20250612,20250612,1.031331
000001.SZ,1d,2024-01-03,8.138754494943855,8.165322790357166,8.103330101059443,8.14761059341496,733610.0,673673613.54,20240103,9.200000000000001,1.1291654030981304,20250612,20250612,1.031331
000001.SZ,1d,2024-01-04,8.138754494943855,8.138754494943855,8.04133741176172,8.06790570717503,864194.0,787470082.3700001,20240104,9.11,1.1291654030981304,20250612,20250612,1.031331
000001.SZ,1d,2024-01-05,8.059049608703926,8.360156956721436,8.032481313290617,8.209603282712681,1991622.0,1852659692.14,20240105,9.27,1.1291654030981304,20250612,20250612,1.031331
000001.SZ,1d,2024-01-08,8.174178888828267,8.23617157812599,8.06790570717503,8.103330101059441,1121156.0,1029006548.7299999,20240108,9.149999999999999,1.1291654030981304,20250612,20250612,1.031331
000001.SZ,1d,2024-01-09,8.112186199530546,8.138754494943855,8.050193510232823,8.129898396472752,766194.0,700375720.2,20240109,9.18,1.1291654030981304,20250612,20250612,1.031331
000001.SZ,1d,2024-01-10,8.112186199530546,8.138754494943855,8.050193510232823,8.050193510232823,858621.0,783771150.0100001,20240110,9.09,1.1291654030981304,20250612,20250612,1.031331
000001.SZ,1d,2024-01-11,8.04133741176172,8.165322790357164,7.997056919406204,8.12104229800165,934686.0,853890237.2900001,20240111,9.17,1.1291654030981304,20250612,20250612,1.031331
000001.SZ,1d,2024-01-12,8.085617904117235,8.209603282712681,8.06790570717503,8.138754494943855,772582.0,711018266.0699999,20240112,9.19,1.1291654030981304,20250612,20250612,1.031331
000001.SZ,1d,2024-01-15,8.112186199530546,8.227315479654889,8.085617904117237,8.156466691886063,745133.0,685950951.4499999,20240115,9.21,1.1291654030981304,20250612,20250612,1.031331
000001.SZ,1d,2024-01-16,8.138754494943855,8.280452070481507,8.112186199530546,8.271595972010404,1438313.0,1334465408.5300002,20240116,9.34,1.1291654030981304,20250612,20250612,1.031331
000001.SZ,1d,2024-01-17,8.262739873539301,8.315876464365921,8.17417888882827,8.17417888882827,1482296.0,1380725065.0300002,20240117,9.23,1.1291654030981304,20250612,20250612,1.031331
000001.SZ,1d,2024-01-18,8.156466691886063,8.183034987299372,7.970488623992895,8.147610593414958,1755132.0,1597853726.63,20240118,9.2,1.1291654030981304,20250612,20250612,1.031331
000001.SZ,1d,2024-01-19,8.112186199530546,8.147610593414958,8.059049608703926,8.12104229800165,963981.0,881865023.89,20240119,9.17,1.1291654030981304,20250612,20250612,1.031331
000001.SZ,1d,2024-01-22,8.112186199530546,8.20074718424158,8.005913017877308,8.059049608703928,1580320.0,1449858241.68,20240122,9.100000000000001,1.1291654030981304,20250612,20250612,1.031331
000001.SZ,1d,2024-01-23,8.014769116348411,8.129898396472754,7.935064230108483,8.112186199530546,1135545.0,1030898421.0400001,20240123,9.16,1.1291654030981304,20250612,20250612,1.031331
000001.SZ,1d,2024-01-24,8.17417888882827,8.271595972010404,8.032481313290617,8.262739873539301,1759123.0,1620099272.06,20240124,9.33,1.1291654030981304,20250612,20250612,1.031331
000001.SZ,1d,2024-01-25,8.262739873539301,8.448717941432468,8.209603282712681,8.413293547548056,2162514.0,2037648413.07,20240125,9.5,1.1291654030981304,20250612,20250612,1.031331
000001.SZ,1d,2024-01-26,8.386725252134745,8.563847221556811,8.360156956721436,8.519566729201294,2272287.0,2172799799.0099998,20240126,9.62,1.1291654030981304,20250612,20250612,1.031331
000001.SZ,1d,2024-01-29,8.581559418499017,8.749825289449978,8.484142335316882,8.59041551697012,2376252.0,2312173346.33,20240129,9.7,1.1291654030981304,20250612,20250612,1.031331
000001.SZ,1d,2024-01-30,8.510710630730191,8.59041551697012,8.404437449076953,8.413293547548056,1579122.0,1515156603.9600003,20240130,9.5,1.1291654030981304,20250612,20250612,1.031331
000001.SZ,1d,2024-01-31,8.377869153663644,8.466430138374676,8.307020365894818,8.377869153663644,1357217.0,1286857396.81,20240131,9.46,1.1291654030981304,20250612,20250612,1.031331
000001.SZ,1d,2024-02-01,8.333588661308127,8.39558135060585,8.271595972010404,8.333588661308127,1055260.0,993481907.01,20240201,9.41,1.1291654030981304,20250612,20250612,1.031331
000001.SZ,1d,2024-02-02,8.34244475977923,8.386725252134747,8.032481313290617,8.209603282712681,1634214.0,1520605694.69,20240202,9.27,1.1291654030981304,20250612,20250612,1.031331
000001.SZ,1d,2024-02-05,8.138754494943855,8.351300858250333,8.06790570717503,8.307020365894816,1803592.0,1674566499.4600003,20240205,9.379999999999999,1.1291654030981304,20250612,20250612,1.031331
000001.SZ,1d,2024-02-06,8.236171578125992,8.572703320027914,8.227315479654889,8.572703320027914,1995410.0,1900324218.2000003,20240206,9.680000000000001,1.1291654030981304,20250612,20250612,1.031331
000001.SZ,1d,2024-02-07,8.519566729201296,8.563847221556811,8.39558135060585,8.510710630730193,2062015.0,1975435102.1200001,20240207,9.610000000000001,1.1291654030981304,20250612,20250612,1.031331
000001.SZ,1d,2024-02-08,8.484142335316882,8.563847221556811,8.431005744490262,8.563847221556811,1656814.0,1593505690.1299999,20240208,9.67,1.1291654030981304,20250612,20250612,1.031331
000001.SZ,1d,2024-02-19,8.643552107796738,8.687832600152255,8.546135024614605,8.687832600152255,1605243.0,1564088444.93,20240219,9.81,1.1291654030981304,20250612,20250612,1.031331
000001.SZ,1d,2024-02-20,8.67012040321005,8.714400895565564,8.61698381238343,8.696688698623358,1123564.0,1098987813.26,20240220,9.82,1.1291654030981304,20250612,20250612,1.031331
000001.SZ,1d,2024-02-21,8.661264304738944,9.564586348791472,8.652408206267841,9.564586348791472,5055285.0,5295259396.809999,20240221,10.799999999999999,1.1291654030981304,20250612,20250612,1.031331
000001.SZ,1d,2024-02-22,9.431744871724925,9.66200343197361,9.405176576311616,9.653147333502506,4922325.0,5307736374.06,20240222,10.9,1.1291654030981304,20250612,20250612,1.031331
000001.SZ,1d,2024-02-23,9.635435136560298,9.954254681520016,9.600010742675886,9.60886684114699,3567480.0,3917316281.52,20240223,10.85,1.1291654030981304,20250612,20250612,1.031331
000001.SZ,1d,2024-02-26,9.546874151849266,9.6354351365603,9.298903394658378,9.325471690071687,2862609.0,3048205024.7799997,20240226,10.53,1.1291654030981304,20250612,20250612,1.031331
000001.SZ,1d,2024-02-27,9.290047296187275,9.38746437936941,9.263479000773966,9.298903394658378,1981905.0,2083027074.06,20240227,10.5,1.1291654030981304,20250612,20250612,1.031331
000001.SZ,1d,2024-02-28,9.307759493129481,9.476025364080442,9.210342409947346,9.290047296187275,3082693.0,3253340358.41,20240228,10.49,1.1291654030981304,20250612,20250612,1.031331
000001.SZ,1d,2024-02-29,9.228054606889552,9.378608280898305,9.21919850841845,9.378608280898305,1845344.0,1936020982.56,20240229,10.59,1.1291654030981304,20250612,20250612,1.031331
000001.SZ,1d,2024-03-01,9.378608280898305,9.387464379369408,9.236910705360655,9.290047296187275,1828103.0,1917689306.77,20240301,10.49,1.1291654030981304,20250612,20250612,1.031331
000001.SZ,1d,2024-03-04,9.254622902302863,9.298903394658378,9.13949362217852,9.148349720649623,1655930.0,1719562862.03,20240304,10.33,1.1291654030981304,20250612,20250612,1.031331
000001.SZ,1d,2024-03-05,9.121781425236312,9.272335099245069,9.0863570313519,9.236910705360655,1817319.0,1889144330.1599998,20240305,10.43,1.1291654030981304,20250612,20250612,1.031331
000001.SZ,1d,2024-03-06,9.210342409947346,9.254622902302861,9.148349720649623,9.148349720649623,1345640.0,1396940060.4199998,20240306,10.33,1.1291654030981304,20250612,20250612,1.031331
000001.SZ,1d,2024-03-07,9.148349720649623,9.422888773253822,9.148349720649623,9.19263021300514,2016166.0,2109589237.19,20240307,10.38,1.1291654030981304,20250612,20250612,1.031331
000001.SZ,1d,2024-03-08,9.166061917591831,9.24576680383176,9.121781425236314,9.19263021300514,1113974.0,1154491251.2299998,20240308,10.38,1.1291654030981304,20250612,20250612,1.031331
000001.SZ,1d,2024-03-11,9.192630213005138,9.272335099245069,9.157205819120726,9.272335099245069,1210673.0,1260212019.6599998,20240311,10.47,1.1291654030981304,20250612,20250612,1.031331
000001.SZ,1d,2024-03-12,9.281191197716172,9.378608280898305,9.21919850841845,9.352039985484996,1641262.0,1721999708.11,20240312,10.56,1.1291654030981304,20250612,20250612,1.031331
000001.SZ,1d,2024-03-13,9.325471690071687,9.343183887013893,9.121781425236314,9.148349720649623,1768039.0,1834654994.4,20240313,10.33,1.1291654030981304,20250612,20250612,1.031331
000001.SZ,1d,2024-03-14,9.121781425236314,9.19263021300514,9.033220440525282,9.059788735938591,1409400.0,1448499697.91,20240314,10.23,1.1291654030981304,20250612,20250612,1.031331
000001.SZ,1d,2024-03-15,9.343183887013893,9.520305856435957,9.298903394658378,9.387464379369408,3750208.0,3973799130.9,20240315,10.6,1.1291654030981304,20250612,20250612,1.031331
000001.SZ,1d,2024-03-18,9.352039985484996,9.396320477840511,9.290047296187275,9.33432778854279,1671397.0,1761249149.98,20240318,10.540000000000001,1.1291654030981304,20250612,20250612,1.031331
000001.SZ,1d,2024-03-19,9.325471690071687,9.33432778854279,9.201486311476243,9.210342409947346,1293216.0,1351069630.23,20240319,10.4,1.1291654030981304,20250612,20250612,1.031331
000001.SZ,1d,2024-03-20,9.19263021300514,9.272335099245069,9.183774114534037,9.254622902302863,872663.0,910278572.98,20240320,10.450000000000001,1.1291654030981304,20250612,20250612,1.031331
000001.SZ,1d,2024-03-21,9.254622902302861,9.316615591600584,9.228054606889552,9.272335099245069,864466.0,905422293.6700001,20240321,10.47,1.1291654030981304,20250612,20250612,1.031331
000001.SZ,1d,2024-03-22,9.254622902302863,9.254622902302863,9.130637523707417,9.174918016062934,1028142.0,1065535606.11,20240322,10.360000000000001,1.1291654030981304,20250612,20250612,1.031331
000001.SZ,1d,2024-03-25,9.16606191759183,9.290047296187275,9.13949362217852,9.210342409947346,953202.0,993304120.45,20240325,10.4,1.1291654030981304,20250612,20250612,1.031331
000001.SZ,1d,2024-03-26,9.254622902302861,9.440600970196028,9.228054606889552,9.387464379369408,1740021.0,1835376190.72,20240326,10.6,1.1291654030981304,20250612,20250612,1.031331
000001.SZ,1d,2024-03-27,9.352039985484996,9.414032674782717,9.307759493129481,9.325471690071687,1274136.0,1347397150.36,20240327,10.53,1.1291654030981304,20250612,20250612,1.031331
000001.SZ,1d,2024-03-28,9.307759493129481,9.3608960839561,9.19263021300514,9.290047296187275,1302189.0,1362980388.48,20240328,10.49,1.1291654030981304,20250612,20250612,1.031331
000001.SZ,1d,2024-03-29,9.254622902302861,9.3608960839561,9.236910705360655,9.316615591600584,872759.0,917332315.96,20240329,10.52,1.1291654030981304,20250612,20250612,1.031331
000001.SZ,1d,2024-04-01,9.316615591600584,9.431744871724925,9.307759493129481,9.422888773253822,1191088.0,1261770380.39,20240401,10.64,1.1291654030981304,20250612,20250612,1.031331
000001.SZ,1d,2024-04-02,9.414032674782717,9.458313167138234,9.325471690071687,9.343183887013893,1085458.0,1149700799.95,20240402,10.549999999999999,1.1291654030981304,20250612,20250612,1.031331
000001.SZ,1d,2024-04-03,9.325471690071687,9.343183887013893,9.228054606889552,9.263479000773964,981846.0,1028648883.4300001,20240403,10.459999999999999,1.1291654030981304,20250612,20250612,1.031331
000001.SZ,1d,2024-04-08,9.228054606889554,9.290047296187275,9.183774114534037,9.236910705360657,906361.0,945290441.32,20240408,10.430000000000001,1.1291654030981304,20250612,20250612,1.031331
000001.SZ,1d,2024-04-09,9.236910705360655,9.272335099245067,9.174918016062932,9.210342409947344,857157.0,891468991.0099999,20240409,10.399999999999999,1.1291654030981304,20250612,20250612,1.031331
000001.SZ,1d,2024-04-10,9.192630213005138,9.21919850841845,9.095213129823003,9.104069228294106,1246391.0,1288696196.29,20240410,10.28,1.1291654030981304,20250612,20250612,1.031331
000001.SZ,1d,2024-04-11,9.068644834409694,9.112925326765211,8.962371652756456,9.077500932880799,1010213.0,1030820137.3900001,20240411,10.250000000000002,1.1291654030981304,20250612,20250612,1.031331
000001.SZ,1d,2024-04-12,9.050932637467488,9.095213129823005,8.89152286498763,8.909235061929836,1305454.0,1322011753.93,20240412,10.06,1.1291654030981304,20250612,20250612,1.031331
000001.SZ,1d,2024-04-15,8.91809116040094,9.13949362217852,8.909235061929836,9.112925326765211,1453203.0,1486326196.0100002,20240415,10.290000000000001,1.1291654030981304,20250612,20250612,1.031331
000001.SZ,1d,2024-04-16,9.104069228294108,9.201486311476243,9.050932637467488,9.104069228294108,1478036.0,1523138499.07,20240416,10.280000000000001,1.1291654030981304,20250612,20250612,1.031331
000001.SZ,1d,2024-04-17,9.086357031351902,9.41403267478272,9.042076538996385,9.405176576311616,2232641.0,2337576586.88,20240417,10.620000000000001,1.1291654030981304,20250612,20250612,1.031331
000001.SZ,1d,2024-04-18,9.369752182427202,9.768276613626849,9.352039985484996,9.564586348791474,3165914.0,3427338981.81,20240418,10.8,1.1291654030981304,20250612,20250612,1.031331
000001.SZ,1d,2024-04-19,9.484881462551545,9.58229854573368,9.440600970196028,9.467169265609337,1457675.0,1562376146.58,20240419,10.69,1.1291654030981304,20250612,20250612,1.031331
000001.SZ,1d,2024-04-22,9.422888773253822,9.573442447262577,9.254622902302863,9.298903394658378,2009818.0,2125722741.4099998,20240422,10.500000000000002,1.1291654030981304,20250612,20250612,1.031331
000001.SZ,1d,2024-04-23,9.307759493129481,9.431744871724925,9.263479000773966,9.33432778854279,1240027.0,1308866093.1299999,20240423,10.540000000000001,1.1291654030981304,20250612,20250612,1.031331
000001.SZ,1d,2024-04-24,9.316615591600584,9.3608960839561,9.263479000773966,9.325471690071687,941568.0,989093538.21,20240424,10.530000000000001,1.1291654030981304,20250612,20250612,1.031331
000001.SZ,1d,2024-04-25,9.298903394658378,9.405176576311616,9.281191197716172,9.396320477840513,1113812.0,1176304524.8600001,20240425,10.610000000000001,1.1291654030981304,20250612,20250612,1.031331
000001.SZ,1d,2024-04-26,9.378608280898305,9.449457068667131,9.281191197716172,9.387464379369408,1607628.0,1698581436.96,20240426,10.6,1.1291654030981304,20250612,20250612,1.031331
000001.SZ,1d,2024-04-29,9.352039985484996,9.653147333502506,9.316615591600584,9.573442447262575,2169177.0,2337350883.73,20240429,10.809999999999999,1.1291654030981304,20250612,20250612,1.031331
000001.SZ,1d,2024-04-30,9.564586348791474,9.6354351365603,9.502593659493751,9.555730250320371,1324557.0,1431407709.3700001,20240430,10.790000000000001,1.1291654030981304,20250612,20250612,1.031331
000001.SZ,1d,2024-05-06,9.706283924329124,9.839125401395673,9.600010742675886,9.644291235031403,1784101.0,1953817493.43,20240506,10.89,1.1291654030981304,20250612,20250612,1.031331
000001.SZ,1d,2024-05-07,9.626579038089195,9.644291235031403,9.52916195490706,9.635435136560298,1087057.0,1176786412.82,20240507,10.879999999999999,1.1291654030981304,20250612,20250612,1.031331
000001.SZ,1d,2024-05-08,9.600010742675888,9.6354351365603,9.484881462551545,9.502593659493751,1221791.0,1318611999.65,20240508,10.73,1.1291654030981304,20250612,20250612,1.031331
000001.SZ,1d,2024-05-09,9.484881462551545,9.58229854573368,9.484881462551545,9.529161954907062,1069461.0,1150726857.51,20240509,10.760000000000002,1.1291654030981304,20250612,20250612,1.031331
000001.SZ,1d,2024-05-10,9.538018053378163,9.706283924329124,9.52916195490706,9.688571727386918,1767836.0,1923452176.8400002,20240510,10.94,1.1291654030981304,20250612,20250612,1.031331
000001.SZ,1d,2024-05-13,9.653147333502506,9.750564416684641,9.573442447262577,9.71514002280023,1402499.0,1530058919.54,20240513,10.97,1.1291654030981304,20250612,20250612,1.031331
000001.SZ,1d,2024-05-14,9.741708318213538,9.794844909040158,9.6354351365603,9.66200343197361,1075784.0,1176577328.23,20240514,10.91,1.1291654030981304,20250612,20250612,1.031331
000001.SZ,1d,2024-05-15,9.653147333502506,9.670859530444712,9.573442447262577,9.591154644204783,868297.0,942907950.4999999,20240515,10.83,1.1291654030981304,20250612,20250612,1.031331
000001.SZ,1d,2024-05-16,9.60886684114699,9.927686386106707,9.591154644204783,9.892261992222293,3076292.0,3410151917.15,20240516,11.17,1.1291654030981304,20250612,20250612,1.031331
000001.SZ,1d,2024-05-17,9.901118090693398,10.113664453999872,9.856837598337881,10.113664453999872,2841749.0,3200736554.36,20240517,11.42,1.1291654030981304,20250612,20250612,1.031331
000001.SZ,1d,2024-05-20,10.122520552470975,10.21108153718201,10.016247370817739,10.07824006011546,2170210.0,2475290152.11,20240520,11.38,1.1291654030981304,20250612,20250612,1.031331
000001.SZ,1d,2024-05-21,10.025103469288842,10.290786423421938,10.016247370817739,10.228793734124215,2030049.0,2336192874.9700003,20240521,11.55,1.1291654030981304,20250612,20250612,1.031331
000001.SZ,1d,2024-05-22,10.237649832595318,10.397059605075176,10.149088847884286,10.237649832595318,2115531.0,2458448969.6600003,20240522,11.56,1.1291654030981304,20250612,20250612,1.031331
000001.SZ,1d,2024-05-23,10.21108153718201,10.264218128008629,10.069383961644357,10.095952257057666,1841623.0,2110799281.76,20240523,11.4,1.1291654030981304,20250612,20250612,1.031331
000001.SZ,1d,2024-05-24,10.069383961644357,10.175657143297595,10.007391272346636,10.016247370817739,1398276.0,1593330336.42,20240524,11.31,1.1291654030981304,20250612,20250612,1.031331
000001.SZ,1d,2024-05-27,10.016247370817739,10.21108153718201,10.016247370817739,10.193369340239801,1454361.0,1663272117.57,20240527,11.51,1.1291654030981304,20250612,20250612,1.031331
000001.SZ,1d,2024-05-28,10.184513241768698,10.255362029537524,10.060527863173254,10.095952257057666,1204323.0,1377107203.9099998,20240528,11.399999999999999,1.1291654030981304,20250612,20250612,1.031331
000001.SZ,1d,2024-05-29,10.07824006011546,10.140232749413183,9.945398583048913,9.971966878462222,1444811.0,1635445613.13,20240529,11.26,1.1291654030981304,20250612,20250612,1.031331
000001.SZ,1d,2024-05-30,9.954254681520016,10.042815666231048,9.794844909040158,9.847981499866778,1325496.0,1481608711.0200002,20240530,11.120000000000001,1.1291654030981304,20250612,20250612,1.031331
000001.SZ,1d,2024-05-31,9.865693696808982,9.9099741891645,9.839125401395673,9.839125401395673,826707.0,921248145.59,20240531,11.11,1.1291654030981304,20250612,20250612,1.031331
000001.SZ,1d,2024-06-03,9.847981499866778,9.856837598337881,9.66200343197361,9.723996121271332,1326697.0,1456086023.6200001,20240603,10.98,1.1291654030981304,20250612,20250612,1.031331
000001.SZ,1d,2024-06-04,9.697427825858021,9.785988810569055,9.66200343197361,9.759420515155744,981005.0,1079356560.6100001,20240604,11.02,1.1291654030981304,20250612,20250612,1.031331
000001.SZ,1d,2024-06-05,9.777132712097952,9.803701007511261,9.626579038089197,9.626579038089197,1018968.0,1114155998.81,20240605,10.870000000000001,1.1291654030981304,20250612,20250612,1.031331
000001.SZ,1d,2024-06-06,9.653147333502506,9.723996121271332,9.6354351365603,9.653147333502506,1049332.0,1145989425.79,20240606,10.9,1.1291654030981304,20250612,20250612,1.031331
000001.SZ,1d,2024-06-07,9.670859530444712,9.750564416684641,9.644291235031403,9.732852219742435,1170126.0,1281662985.8,20240607,10.99,1.1291654030981304,20250612,20250612,1.031331
000001.SZ,1d,2024-06-11,9.723996121271332,9.759420515155746,9.555730250320371,9.626579038089197,1337629.0,1452841956.8899999,20240611,10.870000000000001,1.1291654030981304,20250612,20250612,1.031331
000001.SZ,1d,2024-06-12,9.60886684114699,9.66200343197361,9.546874151849266,9.635435136560298,957426.0,1037927497.39,20240612,10.879999999999999,1.1291654030981304,20250612,20250612,1.031331
000001.SZ,1d,2024-06-13,9.644291235031403,9.679715628915817,9.564586348791474,9.564586348791474,1203508.0,1304403407.0500002,20240613,10.8,1.1291654030981304,20250612,20250612,1.031331
000001.SZ,1d,2024-06-14,9.631001950787635,9.706911325769212,9.47918320082448,9.659467966405726,1637990.0,1657433954.94,20240614,10.18,1.053888271632,20250612,20250612,1.031331
000001.SZ,1d,2024-06-17,9.612024607042242,9.640490622660332,9.564581247678754,9.583558591424149,681217.0,688669914.12,20240617,10.1,1.053888271632,20250612,20250612,1.031331
000001.SZ,1d,2024-06-18,9.593047263296848,9.640490622660332,9.526626560187967,9.564581247678754,700653.0,707829471.51,20240618,10.08,1.053888271632,20250612,20250612,1.031331
000001.SZ,1d,2024-06-19,9.583558591424149,9.68793398202382,9.564581247678754,9.631001950787635,796184.0,807676192.22,20240619,10.15,1.053888271632,20250612,20250612,1.031331
000001.SZ,1d,2024-06-20,9.640490622660332,9.64997929453303,9.536115232060665,9.536115232060665,629628.0,635070262.4,20240620,10.05,1.053888271632,20250612,20250612,1.031331
000001.SZ,1d,2024-06-21,9.536115232060665,9.574069919551453,9.441228513333693,9.488671872697179,830545.0,831176895.4200001,20240621,10.000000000000002,1.053888271632,20250612,20250612,1.031331
000001.SZ,1d,2024-06-24,9.460205857079087,9.555092575806057,9.374807810224812,9.469694528951784,947082.0,944907465.65,20240624,9.98,1.053888271632,20250612,20250612,1.031331
000001.SZ,1d,2024-06-25,9.47918320082448,9.612024607042242,9.469694528951784,9.564581247678754,769993.0,775332071.89,20240625,10.08,1.053888271632,20250612,20250612,1.031331
000001.SZ,1d,2024-06-26,9.54560390393336,9.61202460704224,9.507649216442571,9.564581247678754,628599.0,633763882.0899999,20240626,10.08,1.053888271632,20250612,20250612,1.031331
000001.SZ,1d,2024-06-27,9.545603903933362,9.68793398202382,9.488671872697177,9.612024607042242,928882.0,938954397.5,20240627,10.13,1.053888271632,20250612,20250612,1.031331
000001.SZ,1d,2024-06-28,9.583558591424149,9.735377341387304,9.574069919551452,9.631001950787635,918090.0,933947813.42,20240628,10.15,1.053888271632,20250612,20250612,1.031331
000001.SZ,1d,2024-07-01,9.574069919551453,9.82077538824158,9.526626560187967,9.82077538824158,1343051.0,1372549619.58,20240701,10.350000000000001,1.053888271632,20250612,20250612,1.031331
000001.SZ,1d,2024-07-02,9.773332028878091,9.94412812258664,9.754354685132698,9.868218747605063,1384386.0,1440864390.61,20240702,10.399999999999999,1.053888271632,20250612,20250612,1.031331
000001.SZ,1d,2024-07-03,9.868218747605065,9.896684763223158,9.763843357005397,9.78282070075079,713067.0,737326421.1600001,20240703,10.31,1.053888271632,20250612,20250612,1.031331
000001.SZ,1d,2024-07-04,9.773332028878093,9.84924140385967,9.725888669514607,9.735377341387304,735044.0,757464386.79,20240704,10.26,1.053888271632,20250612,20250612,1.031331
000001.SZ,1d,2024-07-05,9.735377341387304,9.763843357005396,9.4127624977156,9.460205857079087,1713354.0,1721256576.49,20240705,9.97,1.053888271632,20250612,20250612,1.031331
000001.SZ,1d,2024-07-08,9.431739841460994,9.507649216442571,9.346341794606719,9.422251169588296,868660.0,864791776.33,20240708,9.93,1.053888271632,20250612,20250612,1.031331
000001.SZ,1d,2024-07-09,9.431739841460994,9.583558591424149,9.403273825842904,9.555092575806057,1032485.0,1034316510.76,20240709,10.07,1.053888271632,20250612,20250612,1.031331
000001.SZ,1d,2024-07-10,9.555092575806057,9.678445310151123,9.536115232060665,9.62151327891494,873865.0,886626727.3,20240710,10.14,1.053888271632,20250612,20250612,1.031331
000001.SZ,1d,2024-07-11,9.68793398202382,9.706911325769212,9.555092575806057,9.612024607042242,721392.0,731789332.33,20240711,10.13,1.053888271632,20250612,20250612,1.031331
000001.SZ,1d,2024-07-12,9.602535935169545,9.78282070075079,9.602535935169545,9.78282070075079,1214164.0,1246877665.6,20240712,10.31,1.053888271632,20250612,20250612,1.031331
000001.SZ,1d,2024-07-15,9.78282070075079,9.820775388241579,9.735377341387304,9.801798044496184,869412.0,896975833.1600001,20240715,10.33,1.053888271632,20250612,20250612,1.031331
000001.SZ,1d,2024-07-16,9.801798044496184,9.839752731986975,9.71639999764191,9.773332028878093,943008.0,971564894.83,20240716,10.3,1.053888271632,20250612,20250612,1.031331
000001.SZ,1d,2024-07-17,9.773332028878091,9.887196091350459,9.754354685132698,9.868218747605063,1220168.0,1266412580.0,20240717,10.399999999999999,1.053888271632,20250612,20250612,1.031331
000001.SZ,1d,2024-07-18,9.84924140385967,9.896684763223158,9.773332028878093,9.877707419477762,1087061.0,1127365070.67,20240718,10.41,1.053888271632,20250612,20250612,1.031331
000001.SZ,1d,2024-07-19,9.84924140385967,9.88719609135046,9.763843357005397,9.839752731986975,898723.0,929722661.62,20240719,10.370000000000001,1.053888271632,20250612,20250612,1.031331
000001.SZ,1d,2024-07-22,9.830264060114276,9.849241403859669,9.668956638278424,9.70691132576921,994481.0,1018663805.8,20240722,10.229999999999999,1.053888271632,20250612,20250612,1.031331
000001.SZ,1d,2024-07-23,9.725888669514607,9.801798044496184,9.640490622660332,9.659467966405726,1020154.0,1046994471.4000001,20240723,10.18,1.053888271632,20250612,20250612,1.031331
000001.SZ,1d,2024-07-24,9.659467966405728,9.71639999764191,9.602535935169545,9.612024607042242,724518.0,736332832.11,20240724,10.13,1.053888271632,20250612,20250612,1.031331
000001.SZ,1d,2024-07-25,9.602535935169543,9.631001950787635,9.488671872697177,9.574069919551452,856404.0,861750365.5400001,20240725,10.09,1.053888271632,20250612,20250612,1.031331
000001.SZ,1d,2024-07-26,9.58355859142415,9.602535935169545,9.460205857079087,9.51713788831527,929552.0,931879546.46,20240726,10.030000000000001,1.053888271632,20250612,20250612,1.031331
000001.SZ,1d,2024-07-29,9.507649216442573,9.62151327891494,9.460205857079087,9.593047263296848,781552.0,788019058.6100001,20240729,10.110000000000001,1.053888271632,20250612,20250612,1.031331
000001.SZ,1d,2024-07-30,9.583558591424149,9.61202460704224,9.517137888315268,9.564581247678754,613268.0,618056610.32,20240730,10.08,1.053888271632,20250612,20250612,1.031331
000001.SZ,1d,2024-07-31,9.564581247678754,9.7543546851327,9.555092575806057,9.744866013260001,1096906.0,1117768674.6999998,20240731,10.27,1.053888271632,20250612,20250612,1.031331
000001.SZ,1d,2024-08-01,9.725888669514607,9.792309372623487,9.64997929453303,9.744866013260001,733884.0,752688220.0,20240801,10.27,1.053888271632,20250612,20250612,1.031331
000001.SZ,1d,2024-08-02,9.697422653896515,9.725888669514607,9.612024607042242,9.62151327891494,590229.0,601173370.8399999,20240802,10.14,1.053888271632,20250612,20250612,1.031331
000001.SZ,1d,2024-08-05,9.593047263296848,9.697422653896515,9.536115232060665,9.536115232060665,758979.0,768980624.53,20240805,10.05,1.053888271632,20250612,20250612,1.031331
000001.SZ,1d,2024-08-06,9.555092575806057,9.602535935169545,9.38429648209751,9.422251169588296,1265537.0,1261997756.88,20240806,9.93,1.053888271632,20250612,20250612,1.031331
000001.SZ,1d,2024-08-07,9.44122851333369,9.469694528951784,9.403273825842904,9.422251169588296,517608.0,514848813.1,20240807,9.93,1.053888271632,20250612,20250612,1.031331
000001.SZ,1d,2024-08-08,9.4127624977156,9.469694528951784,9.393785153970207,9.431739841460994,500411.0,497548149.01,20240808,9.94,1.053888271632,20250612,20250612,1.031331
000001.SZ,1d,2024-08-09,9.450717185206388,9.583558591424149,9.431739841460994,9.526626560187966,730274.0,732886455.92,20240809,10.04,1.053888271632,20250612,20250612,1.031331
000001.SZ,1d,2024-08-12,9.507649216442571,9.536115232060665,9.469694528951784,9.498160544569874,353013.0,353251351.40000004,20240812,10.01,1.053888271632,20250612,20250612,1.031331
000001.SZ,1d,2024-08-13,9.507649216442571,9.517137888315268,9.4127624977156,9.44122851333369,622077.0,620061491.9200001,20240813,9.95,1.053888271632,20250612,20250612,1.031331
000001.SZ,1d,2024-08-14,9.431739841460994,9.469694528951784,9.403273825842904,9.4127624977156,436380.0,433380446.81000006,20240814,9.92,1.053888271632,20250612,20250612,1.031331
000001.SZ,1d,2024-08-15,9.412762497715601,9.545603903933362,9.365319138352115,9.51713788831527,776247.0,775851460.98,20240815,10.030000000000001,1.053888271632,20250612,20250612,1.031331
000001.SZ,1d,2024-08-16,9.564581247678754,9.68793398202382,9.536115232060665,9.612024607042242,1260368.0,1277042000.97,20240816,10.13,1.053888271632,20250612,20250612,1.031331
000001.SZ,1d,2024-08-19,9.612024607042242,9.773332028878093,9.602535935169545,9.763843357005397,1482985.0,1520594687.5500002,20240819,10.290000000000001,1.053888271632,20250612,20250612,1.031331
000001.SZ,1d,2024-08-20,9.792309372623485,9.896684763223156,9.754354685132698,9.811286716368881,1569187.0,1623147686.3600001,20240820,10.34,1.053888271632,20250612,20250612,1.031331
000001.SZ,1d,2024-08-21,9.773332028878093,9.84924140385967,9.68793398202382,9.82077538824158,1034888.0,1068207868.1500001,20240821,10.350000000000001,1.053888271632,20250612,20250612,1.031331
000001.SZ,1d,2024-08-22,9.811286716368881,9.91566210696855,9.792309372623487,9.84924140385967,1109030.0,1153871815.8000002,20240822,10.38,1.053888271632,20250612,20250612,1.031331
000001.SZ,1d,2024-08-23,9.858730075732367,9.963105466332037,9.792309372623487,9.934639450713945,1071906.0,1117475768.1799998,20240823,10.47,1.053888271632,20250612,20250612,1.031331
000001.SZ,1d,2024-08-26,9.963105466332037,10.010548825695523,9.887196091350459,9.95361679445934,740675.0,775921848.78,20240826,10.49,1.053888271632,20250612,20250612,1.031331
000001.SZ,1d,2024-08-27,9.934639450713945,9.982082810077433,9.839752731986975,9.896684763223158,723137.0,755583764.04,20240827,10.430000000000001,1.053888271632,20250612,20250612,1.031331
000001.SZ,1d,2024-08-28,9.877707419477762,9.896684763223156,9.754354685132698,9.801798044496184,942548.0,973872155.01,20240828,10.33,1.053888271632,20250612,20250612,1.031331
000001.SZ,1d,2024-08-29,9.782820700750788,9.849241403859669,9.593047263296846,9.61202460704224,1197676.0,1221351092.1299999,20240829,10.129999999999999,1.053888271632,20250612,20250612,1.031331
000001.SZ,1d,2024-08-30,9.593047263296846,9.735377341387304,9.593047263296846,9.640490622660332,1294059.0,1318858687.52,20240830,10.16,1.053888271632,20250612,20250612,1.031331
000001.SZ,1d,2024-09-02,9.602535935169543,9.687933982023818,9.574069919551452,9.593047263296846,968836.0,983898750.95,20240902,10.11,1.053888271632,20250612,20250612,1.031331
000001.SZ,1d,2024-09-03,9.593047263296846,9.612024607042242,9.488671872697177,9.564581247678754,916581.0,920884663.15,20240903,10.08,1.053888271632,20250612,20250612,1.031331
000001.SZ,1d,2024-09-04,9.536115232060665,9.631001950787635,9.488671872697177,9.507649216442571,847992.0,852224669.89,20240904,10.02,1.053888271632,20250612,20250612,1.031331
000001.SZ,1d,2024-09-05,9.51713788831527,9.564581247678754,9.469694528951784,9.555092575806057,594209.0,595845842.53,20240905,10.07,1.053888271632,20250612,20250612,1.031331
000001.SZ,1d,2024-09-06,9.545603903933362,9.68793398202382,9.536115232060665,9.564581247678754,878865.0,891507833.6099999,20240906,10.08,1.053888271632,20250612,20250612,1.031331
000001.SZ,1d,2024-09-09,9.536115232060665,9.555092575806057,9.336853122734022,9.346341794606719,1639175.0,1624857668.46,20240909,9.85,1.053888271632,20250612,20250612,1.031331
000001.SZ,1d,2024-09-10,9.355830466479416,9.4127624977156,9.279921091497839,9.393785153970205,767901.0,756124763.92,20240910,9.899999999999999,1.053888271632,20250612,20250612,1.031331
000001.SZ,1d,2024-09-11,9.374807810224812,9.374807810224812,9.137591013407382,9.156568357152777,1108727.0,1078602467.68,20240911,9.65,1.053888271632,20250612,20250612,1.031331
000001.SZ,1d,2024-09-12,9.156568357152775,9.270432419625141,9.118613669661986,9.241966404007051,581834.0,564923215.58,20240912,9.74,1.053888271632,20250612,20250612,1.031331
000001.SZ,1d,2024-09-13,9.232477732134354,9.317875778988629,9.204011716516263,9.204011716516263,566462.0,553269703.6,20240913,9.700000000000001,1.053888271632,20250612,20250612,1.031331
000001.SZ,1d,2024-09-18,9.222989060261657,9.279921091497839,9.166057029025474,9.270432419625141,443611.0,431665627.32,20240918,9.77,1.053888271632,20250612,20250612,1.031331
000001.SZ,1d,2024-09-19,9.289409763370536,9.336853122734022,9.185034372770868,9.308387107115932,684293.0,669341181.7,20240919,9.81,1.053888271632,20250612,20250612,1.031331
000001.SZ,1d,2024-09-20,9.30838710711593,9.393785153970205,9.279921091497839,9.393785153970205,797297.0,785121198.9100001,20240920,9.899999999999999,1.053888271632,20250612,20250612,1.031331
000001.SZ,1d,2024-09-23,9.38429648209751,9.574069919551453,9.365319138352115,9.526626560187967,896908.0,897428029.52,20240923,10.040000000000001,1.053888271632,20250612,20250612,1.031331
000001.SZ,1d,2024-09-24,9.593047263296846,9.839752731986973,9.564581247678754,9.839752731986973,1638213.0,1678174481.91,20240924,10.37,1.053888271632,20250612,20250612,1.031331
000001.SZ,1d,2024-09-25,9.982082810077433,10.15287890378598,9.91566210696855,9.963105466332038,2160694.0,2285995369.39,20240925,10.500000000000002,1.053888271632,20250612,20250612,1.031331
000001.SZ,1d,2024-09-26,9.963105466332037,10.579869138057353,9.963105466332037,10.579869138057353,3086457.0,3341759455.52,20240926,11.15,1.053888271632,20250612,20250612,1.031331
000001.SZ,1d,2024-09-27,10.769642575511297,10.968904684837936,10.466005075584986,10.836063278620177,3840016.0,4337985142.5,20240927,11.42,1.053888271632,20250612,20250612,1.031331
000001.SZ,1d,2024-09-30,11.02583671607412,11.671066403417528,10.968904684837938,11.585668356563254,5430284.0,6467438837.700001,20240930,12.21,1.053888271632,20250612,20250612,1.031331
000001.SZ,1d,2024-10-08,12.74328632503231,12.74328632503231,11.709021090908317,12.221409372033964,5888978.0,7602664023.92,20241008,12.879999999999999,1.053888271632,20250612,20250612,1.031331
000001.SZ,1d,2024-10-09,11.984192575216536,11.984192575216536,11.06379140356491,11.082768747310302,4269345.0,5172049702.2300005,20241009,11.68,1.053888271632,20250612,20250612,1.031331
000001.SZ,1d,2024-10-10,11.266993816728093,11.887551135377489,11.247601400520299,11.616057308468378,3426422.0,4095573500.6400003,20241010,11.98,1.031331,20250612,20250612,1.031331
000001.SZ,1d,2024-10-11,11.635449724676171,11.800285262442417,11.228208984312506,11.363955897767061,2070891.0,2455848197.41,20241011,11.72,1.031331,20250612,20250612,1.031331
000001.SZ,1d,2024-10-14,11.616057308468378,11.809981470546315,11.43182935449434,11.654842140883966,2400595.0,2881934271.8500004,20241014,12.020000000000001,1.031331,20250612,20250612,1.031331
000001.SZ,1d,2024-10-15,11.577272476052793,11.858462511065799,11.51909522742941,11.538487643637204,2072841.0,2500974426.85,20241015,11.9,1.031331,20250612,20250612,1.031331
000001.SZ,1d,2024-10-16,11.441525562598235,11.809981470546314,11.412436938286545,11.693626973299551,1914494.0,2301340929.27,20241016,12.059999999999999,1.031331,20250612,20250612,1.031331
000001.SZ,1d,2024-10-17,11.70332318140345,11.858462511065799,11.567576267948894,11.586968684156687,1653708.0,1993261646.25,20241017,11.95,1.031331,20250612,20250612,1.031331
000001.SZ,1d,2024-10-18,11.5481838517411,11.809981470546314,11.325171065351473,11.674234557091758,2604654.0,3105820972.95,20241018,12.04,1.031331,20250612,20250612,1.031331
000001.SZ,1d,2024-10-21,11.577272476052793,11.577272476052793,11.276690024831991,11.451221770702132,2806655.0,3302020181.42,20241021,11.81,1.031331,20250612,20250612,1.031331
000001.SZ,1d,2024-10-22,11.402740730182648,11.567576267948896,11.363955897767061,11.43182935449434,1617787.0,1908438724.93,20241022,11.790000000000001,1.031331,20250612,20250612,1.031331
000001.SZ,1d,2024-10-23,11.460917978806028,11.528791435533307,11.393044522078752,11.499702811221615,1511866.0,1787236762.42,20241023,11.86,1.031331,20250612,20250612,1.031331
000001.SZ,1d,2024-10-24,11.451221770702132,11.499702811221617,11.363955897767061,11.393044522078752,885299.0,1042818619.0899999,20241024,11.75,1.031331,20250612,20250612,1.031331
000001.SZ,1d,2024-10-25,11.412436938286545,11.422133146390442,11.33486727345537,11.354259689663163,1105755.0,1296844369.0400002,20241025,11.709999999999999,1.031331,20250612,20250612,1.031331
000001.SZ,1d,2024-10-28,11.325171065351473,11.325171065351473,11.17972794379302,11.286386232935886,1169487.0,1356008963.4,20241028,11.639999999999999,1.031331,20250612,20250612,1.031331
000001.SZ,1d,2024-10-29,11.266993816728093,11.383348313974855,11.17972794379302,11.189424151896917,1198025.0,1391150258.93,20241029,11.54,1.031331,20250612,20250612,1.031331
000001.SZ,1d,2024-10-30,11.15063931948133,11.228208984312506,10.927626533091704,10.97610757361119,1482403.0,1686501657.86,20241030,11.32,1.031331,20250612,20250612,1.031331
000001.SZ,1d,2024-10-31,10.985803781715084,11.09246207085795,10.898537908780014,11.03428482223457,1250205.0,1419624319.2700002,20241031,11.38,1.031331,20250612,20250612,1.031331
000001.SZ,1d,2024-11-01,11.034284822234568,11.199120360000816,10.995499989818981,11.082765862754053,1589811.0,1821423447.0600002,20241101,11.43,1.031331,20250612,20250612,1.031331
000001.SZ,1d,2024-11-04,11.082765862754053,11.111854487065743,10.917930324987807,11.111854487065743,1131516.0,1285874126.16,20241104,11.459999999999999,1.031331,20250612,20250612,1.031331
000001.SZ,1d,2024-11-05,11.073069654650157,11.30577864914368,11.043981030338466,11.296082441039783,1665418.0,1925260700.3500001,20241105,11.65,1.031331,20250612,20250612,1.031331
000001.SZ,1d,2024-11-06,11.266993816728094,11.286386232935888,11.121550695169642,11.199120360000816,1462286.0,1689977500.7700002,20241106,11.55,1.031331,20250612,20250612,1.031331
000001.SZ,1d,2024-11-07,11.15063931948133,11.567576267948894,11.131246903273539,11.5481838517411,2242844.0,2627007560.7099996,20241107,11.91,1.031331,20250612,20250612,1.031331
000001.SZ,1d,2024-11-08,11.577272476052793,11.64514593278007,11.344563481559268,11.363955897767061,1895104.0,2239060533.97,20241108,11.72,1.031331,20250612,20250612,1.031331
000001.SZ,1d,2024-11-11,11.276690024831991,11.325171065351475,11.121550695169642,11.2476014005203,1486952.0,1717961561.94,20241111,11.600000000000001,1.031331,20250612,20250612,1.031331
000001.SZ,1d,2024-11-12,11.228208984312506,11.480310395013822,11.160335527585227,11.189424151896917,1717663.0,2005791407.67,20241112,11.54,1.031331,20250612,20250612,1.031331
000001.SZ,1d,2024-11-13,11.15063931948133,11.344563481559268,11.131246903273539,11.257297608624198,1086263.0,1260161857.3200002,20241113,11.610000000000001,1.031331,20250612,20250612,1.031331
000001.SZ,1d,2024-11-14,11.237905192416402,11.344563481559266,11.17972794379302,11.189424151896917,1159783.0,1348378228.9699998,20241114,11.54,1.031331,20250612,20250612,1.031331
000001.SZ,1d,2024-11-15,11.15063931948133,11.257297608624196,11.073069654650157,11.09246207085795,1215784.0,1399308729.48,20241115,11.44,1.031331,20250612,20250612,1.031331
000001.SZ,1d,2024-11-18,11.276690024831991,11.67423455709176,11.266993816728094,11.393044522078753,3797324.0,4493249093.24,20241118,11.750000000000002,1.031331,20250612,20250612,1.031331
000001.SZ,1d,2024-11-19,11.393044522078752,11.596664892260584,11.199120360000816,11.325171065351475,2430037.0,2849661696.39,20241119,11.680000000000001,1.031331,20250612,20250612,1.031331
000001.SZ,1d,2024-11-20,11.315474857247576,11.393044522078752,11.257297608624196,11.286386232935886,1286572.0,1498818033.91,20241120,11.639999999999999,1.031331,20250612,20250612,1.031331
000001.SZ,1d,2024-11-21,11.266993816728094,11.296082441039783,11.208816568104712,11.237905192416402,883408.0,1023998431.6800001,20241121,11.59,1.031331,20250612,20250612,1.031331
000001.SZ,1d,2024-11-22,11.237905192416402,11.257297608624196,10.9373227411956,10.9373227411956,1625317.0,1858071592.3899999,20241122,11.28,1.031331,20250612,20250612,1.031331
000001.SZ,1d,2024-11-25,10.937322741195603,10.995499989818981,10.801575827741047,10.840360660156632,1166020.0,1310130629.1100001,20241125,11.18,1.031331,20250612,20250612,1.031331
000001.SZ,1d,2024-11-26,10.840360660156632,10.966411365507293,10.801575827741047,10.927626533091706,831078.0,933733854.73,20241126,11.270000000000001,1.031331,20250612,20250612,1.031331
000001.SZ,1d,2024-11-27,10.898537908780014,11.043981030338466,10.811272035844944,11.043981030338466,895178.0,1010001963.8100001,20241127,11.39,1.031331,20250612,20250612,1.031331
000001.SZ,1d,2024-11-28,11.043981030338466,11.073069654650157,10.97610757361119,10.995499989818981,733169.0,833121339.08,20241128,11.34,1.031331,20250612,20250612,1.031331
000001.SZ,1d,2024-11-29,11.024588614130671,11.111854487065743,10.995499989818981,11.034284822234568,1028488.0,1173316153.6000001,20241129,11.379999999999999,1.031331,20250612,20250612,1.031331
000001.SZ,1d,2024-12-02,11.043981030338466,11.053677238442363,10.966411365507293,11.043981030338466,975434.0,1108785597.4,20241202,11.39,1.031331,20250612,20250612,1.031331
000001.SZ,1d,2024-12-03,11.024588614130671,11.15063931948133,11.005196197922878,11.140943111377434,1082559.0,1236992678.1000001,20241203,11.49,1.031331,20250612,20250612,1.031331
000001.SZ,1d,2024-12-04,11.092462070857952,11.179727943793022,11.024588614130673,11.111854487065745,1007471.0,1154623369.68,20241204,11.46,1.031331,20250612,20250612,1.031331
000001.SZ,1d,2024-12-05,11.09246207085795,11.15063931948133,11.06337344654626,11.09246207085795,687109.0,786137963.74,20241205,11.44,1.031331,20250612,20250612,1.031331
000001.SZ,1d,2024-12-06,11.09246207085795,11.344563481559266,11.082765862754053,11.30577864914368,1726269.0,2004270465.7899997,20241206,11.66,1.031331,20250612,20250612,1.031331
000001.SZ,1d,2024-12-09,11.27669002483199,11.363955897767061,11.237905192416402,11.315474857247576,964063.0,1123441854.9,20241209,11.67,1.031331,20250612,20250612,1.031331
000001.SZ,1d,2024-12-10,11.538487643637204,11.586968684156687,11.393044522078752,11.431829354494338,2167807.0,2564600676.79,20241210,11.79,1.031331,20250612,20250612,1.031331
000001.SZ,1d,2024-12-11,11.43182935449434,11.470614186909925,11.363955897767061,11.373652105870958,967691.0,1138374174.98,20241211,11.73,1.031331,20250612,20250612,1.031331
000001.SZ,1d,2024-12-12,11.373652105870958,11.509399019325514,11.354259689663165,11.49000660311772,986235.0,1164062448.2300003,20241212,11.850000000000001,1.031331,20250612,20250612,1.031331
000001.SZ,1d,2024-12-13,11.43182935449434,11.441525562598237,11.208816568104712,11.208816568104712,1343793.0,1565589089.3600001,20241213,11.56,1.031331,20250612,20250612,1.031331
000001.SZ,1d,2024-12-16,11.20881656810471,11.30577864914368,11.17972794379302,11.218512776208607,805718.0,934226189.29,20241216,11.569999999999999,1.031331,20250612,20250612,1.031331
000001.SZ,1d,2024-12-17,11.218512776208609,11.296082441039783,11.170031735689124,11.17972794379302,802120.0,929225455.3,20241217,11.53,1.031331,20250612,20250612,1.031331
000001.SZ,1d,2024-12-18,11.228208984312506,11.383348313974855,11.218512776208609,11.296082441039783,1016590.0,1186285805.48,20241218,11.65,1.031331,20250612,20250612,1.031331
000001.SZ,1d,2024-12-19,11.237905192416404,11.286386232935888,11.189424151896919,11.237905192416404,697379.0,808465663.92,20241219,11.590000000000002,1.031331,20250612,20250612,1.031331
000001.SZ,1d,2024-12-20,11.237905192416402,11.344563481559266,11.228208984312506,11.266993816728093,714646.0,831437460.3,20241220,11.62,1.031331,20250612,20250612,1.031331
000001.SZ,1d,2024-12-23,11.286386232935888,11.480310395013822,11.286386232935888,11.373652105870958,1659405.0,1953519499.0699997,20241223,11.73,1.031331,20250612,20250612,1.031331
000001.SZ,1d,2024-12-24,11.363955897767061,11.509399019325514,11.363955897767061,11.499702811221617,1350837.0,1595698790.02,20241224,11.860000000000001,1.031331,20250612,20250612,1.031331
000001.SZ,1d,2024-12-25,11.499702811221615,11.654842140883964,11.480310395013822,11.557880059844997,1475283.0,1759956630.3400002,20241225,11.92,1.031331,20250612,20250612,1.031331
000001.SZ,1d,2024-12-26,11.557880059844997,11.567576267948894,11.422133146390442,11.499702811221615,1000075.0,1183745518.53,20241226,11.86,1.031331,20250612,20250612,1.031331
000001.SZ,1d,2024-12-27,11.509399019325514,11.538487643637204,11.30577864914368,11.470614186909925,1290012.0,1518383345.1100001,20241227,11.83,1.031331,20250612,20250612,1.031331
000001.SZ,1d,2024-12-30,11.422133146390442,11.606361100364479,11.422133146390442,11.586968684156687,1351846.0,1610892096.2500002,20241230,11.95,1.031331,20250612,20250612,1.031331
000001.SZ,1d,2024-12-31,11.567576267948896,11.625753516572274,11.344563481559268,11.344563481559268,1475367.0,1747242074.23,20241231,11.700000000000001,1.031331,20250612,20250612,1.031331
000001.SZ,1d,2025-01-02,11.373652105870958,11.412436938286547,11.043981030338466,11.082765862754053,1819597.0,2102923078.1100001,20250102,11.43,1.031331,20250612,20250612,1.031331
000001.SZ,1d,2025-01-03,11.09246207085795,11.189424151896917,11.014892406026775,11.034284822234568,1154680.0,1320520977.5900002,20250103,11.379999999999999,1.031331,20250612,20250612,1.031331
000001.SZ,1d,2025-01-06,11.03428482223457,11.131246903273539,10.87914549257222,11.092462070857952,1085536.0,1234305778.04,20250106,11.440000000000001,1.031331,20250612,20250612,1.031331
000001.SZ,1d,2025-01-07,11.073069654650158,11.179727943793022,11.024588614130673,11.160335527585229,747863.0,858329048.54,20250107,11.510000000000002,1.031331,20250612,20250612,1.031331
000001.SZ,1d,2025-01-08,11.15063931948133,11.276690024831991,11.053677238442363,11.15063931948133,1062386.0,1223598996.56,20250108,11.5,1.031331,20250612,20250612,1.031331
000001.SZ,1d,2025-01-09,11.15063931948133,11.15063931948133,11.005196197922878,11.053677238442363,751483.0,857836086.0799999,20250109,11.4,1.031331,20250612,20250612,1.031331
000001.SZ,1d,2025-01-10,11.053677238442361,11.111854487065743,10.9373227411956,10.956715157403394,798134.0,905005040.97,20250110,11.299999999999999,1.031331,20250612,20250612,1.031331
000001.SZ,1d,2025-01-13,10.90823411688391,10.917930324987807,10.743398579117665,10.859753076364425,934966.0,1044904415.8399999,20250113,11.2,1.031331,20250612,20250612,1.031331
000001.SZ,1d,2025-01-14,10.859753076364425,11.053677238442363,10.850056868260529,11.034284822234568,824629.0,934467766.3900001,20250114,11.379999999999999,1.031331,20250612,20250612,1.031331
000001.SZ,1d,2025-01-15,11.034284822234568,11.228208984312506,11.014892406026775,11.131246903273537,1031631.0,1185403653.4299998,20250115,11.479999999999999,1.031331,20250612,20250612,1.031331
000001.SZ,1d,2025-01-16,11.199120360000816,11.237905192416402,11.121550695169642,11.218512776208609,872964.0,1007689273.6599998,20250116,11.57,1.031331,20250612,20250612,1.031331
000001.SZ,1d,2025-01-17,11.17972794379302,11.199120360000816,11.073069654650157,11.102158278961847,689765.0,791230418.6400001,20250117,11.45,1.031331,20250612,20250612,1.031331
000001.SZ,1d,2025-01-20,11.15063931948133,11.170031735689124,11.053677238442363,11.073069654650157,832029.0,953092179.1700001,20250120,11.42,1.031331,20250612,20250612,1.031331
000001.SZ,1d,2025-01-21,11.102158278961848,11.102158278961848,10.97610757361119,10.985803781715084,902069.0,1024879174.22,20250121,11.33,1.031331,20250612,20250612,1.031331
000001.SZ,1d,2025-01-22,10.97610757361119,10.985803781715084,10.743398579117665,10.753094787221562,1347129.0,1504818607.18,20250122,11.09,1.031331,20250612,20250612,1.031331
000001.SZ,1d,2025-01-23,10.830664452052735,11.053677238442363,10.830664452052735,10.97610757361119,1514920.0,1715172472.4700003,20250123,11.32,1.031331,20250612,20250612,1.031331
000001.SZ,1d,2025-01-24,10.97610757361119,11.043981030338466,10.87914549257222,10.995499989818981,944944.0,1069899088.2800001,20250124,11.34,1.031331,20250612,20250612,1.031331
000001.SZ,1d,2025-01-27,11.03428482223457,11.199120360000816,11.03428482223457,11.121550695169642,1151935.0,1324270606.5500002,20250127,11.47,1.031331,20250612,20250612,1.031331
000001.SZ,1d,2025-02-05,11.15063931948133,11.170031735689124,10.985803781715084,11.024588614130671,843434.0,961193578.9000001,20250205,11.37,1.031331,20250612,20250612,1.031331
000001.SZ,1d,2025-02-06,11.00519619792288,11.102158278961848,10.956715157403396,11.014892406026776,955603.0,1084793176.2600002,20250206,11.360000000000001,1.031331,20250612,20250612,1.031331
000001.SZ,1d,2025-02-07,11.014892406026776,11.102158278961848,10.966411365507293,11.03428482223457,1407493.0,1601621979.76,20250207,11.38,1.031331,20250612,20250612,1.031331
000001.SZ,1d,2025-02-10,11.034284822234568,11.15063931948133,11.014892406026775,11.082765862754053,1026591.0,1174044624.1399999,20250210,11.43,1.031331,20250612,20250612,1.031331
000001.SZ,1d,2025-02-11,11.053677238442363,11.121550695169642,11.024588614130673,11.073069654650158,844520.0,963865614.95,20250211,11.420000000000002,1.031331,20250612,20250612,1.031331
000001.SZ,1d,2025-02-12,11.06337344654626,11.082765862754053,10.995499989818981,11.073069654650157,988807.0,1125323632.69,20250212,11.42,1.031331,20250612,20250612,1.031331
000001.SZ,1d,2025-02-13,11.073069654650157,11.199120360000816,11.053677238442363,11.15063931948133,1358639.0,1560709510.83,20250213,11.5,1.031331,20250612,20250612,1.031331
000001.SZ,1d,2025-02-14,11.140943111377434,11.199120360000814,11.082765862754053,11.199120360000814,973058.0,1118355996.56,20250214,11.549999999999999,1.031331,20250612,20250612,1.031331
000001.SZ,1d,2025-02-17,11.2476014005203,11.441525562598237,11.199120360000816,11.422133146390443,2061965.0,2413146066.57,20250217,11.780000000000001,1.031331,20250612,20250612,1.031331
000001.SZ,1d,2025-02-18,11.402740730182648,11.596664892260584,11.402740730182648,11.451221770702132,1996610.0,2371071466.8900003,20250218,11.81,1.031331,20250612,20250612,1.031331
000001.SZ,1d,2025-02-19,11.441525562598235,11.451221770702132,11.325171065351473,11.354259689663163,1177749.0,1382467174.27,20250219,11.709999999999999,1.031331,20250612,20250612,1.031331
000001.SZ,1d,2025-02-20,11.354259689663165,11.402740730182648,11.296082441039783,11.30577864914368,784396.0,917231443.37,20250220,11.66,1.031331,20250612,20250612,1.031331
000001.SZ,1d,2025-02-21,11.334867273455371,11.354259689663165,11.199120360000816,11.286386232935888,973969.0,1131033823.93,20250221,11.64,1.031331,20250612,20250612,1.031331
000001.SZ,1d,2025-02-24,11.276690024831991,11.334867273455371,11.208816568104712,11.237905192416402,949956.0,1103548964.32,20250224,11.59,1.031331,20250612,20250612,1.031331
000001.SZ,1d,2025-02-25,11.208816568104712,11.228208984312506,11.111854487065745,11.121550695169642,917156.0,1055685157.06,20250225,11.47,1.031331,20250612,20250612,1.031331
000001.SZ,1d,2025-02-26,11.121550695169642,11.2476014005203,11.121550695169642,11.170031735689125,841646.0,970641211.48,20250226,11.520000000000001,1.031331,20250612,20250612,1.031331
000001.SZ,1d,2025-02-27,11.179727943793022,11.276690024831991,11.111854487065745,11.266993816728094,977310.0,1130386662.02,20250227,11.620000000000001,1.031331,20250612,20250612,1.031331
000001.SZ,1d,2025-02-28,11.228208984312506,11.325171065351473,11.15063931948133,11.17972794379302,949088.0,1100335054.0800002,20250228,11.53,1.031331,20250612,20250612,1.031331
000001.SZ,1d,2025-03-03,11.170031735689125,11.208816568104712,11.102158278961848,11.160335527585229,830457.0,955266366.31,20250303,11.510000000000002,1.031331,20250612,20250612,1.031331
000001.SZ,1d,2025-03-04,11.12155069516964,11.199120360000814,11.09246207085795,11.160335527585227,683179.0,785447989.4499999,20250304,11.51,1.031331,20250612,20250612,1.031331
000001.SZ,1d,2025-03-05,11.170031735689124,11.315474857247576,11.131246903273539,11.30577864914368,1080645.0,1254892073.9300003,20250305,11.66,1.031331,20250612,20250612,1.031331
000001.SZ,1d,2025-03-06,11.33486727345537,11.344563481559266,11.247601400520299,11.27669002483199,877408.0,1021780609.28,20250306,11.629999999999999,1.031331,20250612,20250612,1.031331
000001.SZ,1d,2025-03-07,11.27669002483199,11.33486727345537,11.247601400520299,11.315474857247576,835537.0,973236689.8000002,20250307,11.67,1.031331,20250612,20250612,1.031331
000001.SZ,1d,2025-03-10,11.30577864914368,11.315474857247576,11.199120360000816,11.237905192416402,663834.0,769261385.33,20250310,11.59,1.031331,20250612,20250612,1.031331
000001.SZ,1d,2025-03-11,11.189424151896917,11.257297608624196,11.170031735689124,11.257297608624196,608975.0,704240463.95,20250311,11.61,1.031331,20250612,20250612,1.031331
000001.SZ,1d,2025-03-12,11.247601400520299,11.509399019325514,11.208816568104712,11.490006603117719,1877318.0,2210904482.32,20250312,11.85,1.031331,20250612,20250612,1.031331
000001.SZ,1d,2025-03-13,11.45122177070213,11.5481838517411,11.422133146390442,11.480310395013822,1312371.0,1555123173.93,20250313,11.84,1.031331,20250612,20250612,1.031331
000001.SZ,1d,2025-03-14,11.460917978806028,11.635449724676171,11.460917978806028,11.60636110036448,1722418.0,2057970454.3999999,20250314,11.97,1.031331,20250612,20250612,1.031331
000001.SZ,1d,2025-03-17,11.276690024831991,11.315474857247578,11.111854487065745,11.15063931948133,4603612.0,5315522816.990001,20250317,11.5,1.031331,20250612,20250612,1.031331
000001.SZ,1d,2025-03-18,11.170031735689124,11.189424151896919,11.131246903273539,11.140943111377434,1605290.0,1846500421.28,20250318,11.49,1.031331,20250612,20250612,1.031331
000001.SZ,1d,2025-03-19,11.131246903273539,11.179727943793022,11.111854487065745,11.170031735689125,1362455.0,1566452160.69,20250319,11.520000000000001,1.031331,20250612,20250612,1.031331
000001.SZ,1d,2025-03-20,11.160335527585227,11.257297608624196,11.140943111377434,11.140943111377434,1101157.0,1268849139.57,20250320,11.49,1.031331,20250612,20250612,1.031331
000001.SZ,1d,2025-03-21,11.140943111377434,11.170031735689125,11.043981030338466,11.073069654650157,1376389.0,1576151833.21,20250321,11.42,1.031331,20250612,20250612,1.031331
000001.SZ,1d,2025-03-24,11.06337344654626,11.09246207085795,10.995499989818981,11.034284822234568,1164577.0,1325564001.84,20250324,11.379999999999999,1.031331,20250612,20250612,1.031331
000001.SZ,1d,2025-03-25,11.034284822234568,11.082765862754053,11.014892406026775,11.082765862754053,735609.0,839142044.4599999,20250325,11.43,1.031331,20250612,20250612,1.031331
000001.SZ,1d,2025-03-26,11.073069654650158,11.082765862754055,11.024588614130673,11.03428482223457,740863.0,843536936.1899999,20250326,11.38,1.031331,20250612,20250612,1.031331
000001.SZ,1d,2025-03-27,11.024588614130671,11.06337344654626,11.005196197922878,11.043981030338465,553349.0,629863382.77,20250327,11.389999999999999,1.031331,20250612,20250612,1.031331
000001.SZ,1d,2025-03-28,11.043981030338466,11.053677238442363,10.995499989818981,11.005196197922878,644946.0,732420873.5500001,20250328,11.35,1.031331,20250612,20250612,1.031331
000001.SZ,1d,2025-03-31,11.014892406026775,11.034284822234568,10.917930324987807,10.917930324987807,1116126.0,1262598263.31,20250331,11.26,1.031331,20250612,20250612,1.031331
000001.SZ,1d,2025-04-01,10.927626533091706,10.956715157403396,10.87914549257222,10.927626533091706,681470.0,767424131.4,20250401,11.270000000000001,1.031331,20250612,20250612,1.031331
000001.SZ,1d,2025-04-02,10.90823411688391,11.06337344654626,10.90823411688391,11.024588614130671,932642.0,1058747240.7,20250402,11.37,1.031331,20250612,20250612,1.031331
000001.SZ,1d,2025-04-03,10.966411365507293,11.043981030338466,10.956715157403396,10.995499989818981,643914.0,730375807.9300001,20250403,11.34,1.031331,20250612,20250612,1.031331
000001.SZ,1d,2025-04-07,10.665828914286491,10.714309954805975,10.161626092883857,10.374942671169586,2545560.0,2751055412.0600004,20250407,10.700000000000001,1.031331,20250612,20250612,1.031331
000001.SZ,1d,2025-04-08,10.355550254961793,10.520385792728039,10.336157838754,10.491297168416349,1463988.0,1576590039.8600001,20250408,10.82,1.031331,20250612,20250612,1.031331
000001.SZ,1d,2025-04-09,10.404031295481277,10.500993376520245,10.336157838754,10.471904752208555,1064394.0,1145238957.6699998,20250409,10.8,1.031331,20250612,20250612,1.031331
000001.SZ,1d,2025-04-10,10.530082000831934,10.597955457559213,10.491297168416349,10.568866833247522,866548.0,943352301.94,20250410,10.9,1.031331,20250612,20250612,1.031331
000001.SZ,1d,2025-04-11,10.53977820893583,10.568866833247522,10.500993376520245,10.559170625143626,583879.0,634311779.86,20250411,10.89,1.031331,20250612,20250612,1.031331
000001.SZ,1d,2025-04-14,10.617347873767006,10.704613746702076,10.588259249455316,10.597955457559213,785993.0,862557143.66,20250414,10.93,1.031331,20250612,20250612,1.031331
000001.SZ,1d,2025-04-15,10.588259249455316,10.636740289974801,10.568866833247522,10.617347873767008,722754.0,790139077.0999999,20250415,10.950000000000001,1.031331,20250612,20250612,1.031331
000001.SZ,1d,2025-04-16,10.597955457559213,10.675525122390388,10.57856304135142,10.665828914286491,842822.0,923316062.54,20250416,11.0,1.031331,20250612,20250612,1.031331
000001.SZ,1d,2025-04-17,10.617347873767006,10.743398579117665,10.597955457559213,10.724006162909872,823919.0,907597513.1000001,20250417,11.06,1.031331,20250612,20250612,1.031331
000001.SZ,1d,2025-04-18,10.704613746702076,10.850056868260529,10.69491753859818,10.840360660156632,727098.0,810031605.1,20250418,11.18,1.031331,20250612,20250612,1.031331
000001.SZ,1d,2025-04-21,10.665828914286491,10.79187961963715,10.636740289974801,10.685221330494285,1114184.0,1230804536.03,20250421,11.020000000000001,1.031331,20250612,20250612,1.031331
000001.SZ,1d,2025-04-22,10.685221330494283,10.724006162909872,10.646436498078698,10.704613746702078,831129.0,915967678.2800001,20250422,11.040000000000001,1.031331,20250612,20250612,1.031331
000001.SZ,1d,2025-04-23,10.704613746702078,10.714309954805975,10.636740289974801,10.675525122390388,586383.0,645842400.13,20250423,11.01,1.031331,20250612,20250612,1.031331
000001.SZ,1d,2025-04-24,10.665828914286491,10.724006162909872,10.656132706182595,10.69491753859818,689256.0,760348555.36,20250424,11.03,1.031331,20250612,20250612,1.031331
000001.SZ,1d,2025-04-25,10.704613746702078,10.714309954805975,10.656132706182595,10.675525122390388,637547.0,702315255.47,20250425,11.01,1.031331,20250612,20250612,1.031331
000001.SZ,1d,2025-04-28,10.665828914286491,10.704613746702078,10.627044081870904,10.665828914286491,642018.0,706520175.9200001,20250428,11.0,1.031331,20250612,20250612,1.031331
000001.SZ,1d,2025-04-29,10.665828914286493,10.685221330494285,10.617347873767008,10.646436498078698,649045.0,712792543.41,20250429,10.98,1.031331,20250612,20250612,1.031331
000001.SZ,1d,2025-04-30,10.627044081870904,10.636740289974801,10.559170625143626,10.57856304135142,869835.0,949911030.4,20250430,10.91,1.031331,20250612,20250612,1.031331
000001.SZ,1d,2025-05-06,10.588259249455316,10.665828914286491,10.559170625143626,10.627044081870904,854671.0,935212114.4900001,20250506,10.96,1.031331,20250612,20250612,1.031331
000001.SZ,1d,2025-05-07,10.675525122390388,10.704613746702078,10.636740289974801,10.694917538598181,1126270.0,1240098147.39,20250507,11.030000000000001,1.031331,20250612,20250612,1.031331
000001.SZ,1d,2025-05-08,10.665828914286491,10.743398579117665,10.656132706182595,10.743398579117665,1056614.0,1167913497.8799999,20250508,11.08,1.031331,20250612,20250612,1.031331
000001.SZ,1d,2025-05-09,10.733702371013768,10.830664452052735,10.724006162909872,10.811272035844944,999897.0,1113688152.8,20250509,11.15,1.031331,20250612,20250612,1.031331
000001.SZ,1d,2025-05-12,10.82096824394884,10.87914549257222,10.79187961963715,10.82096824394884,895605.0,1000478411.1800001,20250512,11.16,1.031331,20250612,20250612,1.031331
000001.SZ,1d,2025-05-13,10.850056868260529,10.985803781715084,10.811272035844944,10.9470189492995,1261031.0,1420501315.06,20250513,11.290000000000001,1.031331,20250612,20250612,1.031331
000001.SZ,1d,2025-05-14,10.947018949299498,11.121550695169642,10.90823411688391,11.082765862754053,1683514.0,1912995432.6399999,20250514,11.43,1.031331,20250612,20250612,1.031331
000001.SZ,1d,2025-05-15,11.082765862754055,11.15063931948133,11.03428482223457,11.043981030338466,1035460.0,1183732832.12,20250515,11.39,1.031331,20250612,20250612,1.031331
000001.SZ,1d,2025-05-16,11.024588614130673,11.082765862754053,10.966411365507293,11.03428482223457,914744.0,1039223622.8500001,20250516,11.38,1.031331,20250612,20250612,1.031331
000001.SZ,1d,2025-05-19,11.053677238442361,11.12155069516964,11.014892406026775,11.024588614130671,831391.0,949883545.3299999,20250519,11.37,1.031331,20250612,20250612,1.031331
000001.SZ,1d,2025-05-20,11.053677238442363,11.121550695169642,11.024588614130673,11.043981030338466,643635.0,734455265.82,20250520,11.39,1.031331,20250612,20250612,1.031331
000001.SZ,1d,2025-05-21,11.053677238442363,11.237905192416402,11.043981030338466,11.131246903273539,1328278.0,1528350367.92,20250521,11.48,1.031331,20250612,20250612,1.031331
000001.SZ,1d,2025-05-22,11.102158278961847,11.20881656810471,11.09246207085795,11.199120360000814,1002968.0,1155265063.51,20250522,11.549999999999999,1.031331,20250612,20250612,1.031331
000001.SZ,1d,2025-05-23,11.199120360000814,11.247601400520299,11.082765862754053,11.111854487065743,962643.0,1108636100.5700002,20250523,11.459999999999999,1.031331,20250612,20250612,1.031331
000001.SZ,1d,2025-05-26,11.09246207085795,11.15063931948133,11.053677238442363,11.073069654650157,699159.0,800495684.57,20250526,11.42,1.031331,20250612,20250612,1.031331
000001.SZ,1d,2025-05-27,11.102158278961847,11.189424151896917,11.073069654650157,11.140943111377434,801915.0,921912281.33,20250527,11.49,1.031331,20250612,20250612,1.031331
000001.SZ,1d,2025-05-28,11.15063931948133,11.199120360000814,11.09246207085795,11.17972794379302,658179.0,757571318.99,20250528,11.53,1.031331,20250612,20250612,1.031331
000001.SZ,1d,2025-05-29,11.170031735689125,11.199120360000816,11.102158278961848,11.111854487065745,919807.0,1056726384.22,20250529,11.46,1.031331,20250612,20250612,1.031331
000001.SZ,1d,2025-05-30,11.12155069516964,11.228208984312506,11.09246207085795,11.20881656810471,1130849.0,1303433716.3799999,20250530,11.559999999999999,1.031331,20250612,20250612,1.031331
000001.SZ,1d,2025-06-03,11.189424151896917,11.5481838517411,11.17972794379302,11.45122177070213,2192480.0,2580962600.64,20250603,11.809999999999999,1.031331,20250612,20250612,1.031331
000001.SZ,1d,2025-06-04,11.460917978806027,11.519095227429409,11.422133146390442,11.480310395013822,1167960.0,1383019682.25,20250604,11.84,1.031331,20250612,20250612,1.031331
000001.SZ,1d,2025-06-05,11.51909522742941,11.5481838517411,11.30577864914368,11.315474857247576,1166803.0,1369212336.43,20250605,11.67,1.031331,20250612,20250612,1.031331
000001.SZ,1d,2025-06-06,11.344563481559266,11.431829354494338,11.325171065351473,11.344563481559266,682353.0,799900023.53,20250606,11.7,1.031331,20250612,20250612,1.031331
000001.SZ,1d,2025-06-09,11.373652105870958,11.393044522078752,11.296082441039783,11.354259689663165,773255.0,905092604.93,20250609,11.71,1.031331,20250612,20250612,1.031331
000001.SZ,1d,2025-06-10,11.363955897767061,11.528791435533307,11.354259689663165,11.451221770702132,1428132.0,1689018780.1299999,20250610,11.81,1.031331,20250612,20250612,1.031331
000001.SZ,1d,2025-06-11,11.460917978806028,11.567576267948896,11.43182935449434,11.49000660311772,1094667.0,1298656315.3500001,20250611,11.850000000000001,1.031331,20250612,20250612,1.031331
000001.SZ,1d,2025-06-12,11.559999999999999,11.7,11.52,11.68,1290220.0,1500287176.22,20250612,11.68,1.0,20250612,20250612,1.031331
