stock,period,datetime,open,high,low,close,volume,amount
513530.SH,1d,2023-01-03,0.9092182083670765,0.9189377421785807,0.8924299226926601,0.9154033662471247,355212.0,36689430.0
513530.SH,1d,2023-01-04,0.9154033662471247,0.9242393060757649,0.9154033662471247,0.9198213361614447,220412.0,22940374.0
513530.SH,1d,2023-01-05,0.9233557120929008,0.927773682007221,0.9154033662471247,0.9154033662471247,241625.0,25200301.0
513530.SH,1d,2023-01-06,0.9171705542128527,0.9215885241271727,0.9136361782813966,0.9145197722642605,174581.0,18126753.0
513530.SH,1d,2023-01-09,0.9171705542128527,0.9233557120929008,0.9136361782813966,0.9171705542128527,161579.0,16771641.000000002
513530.SH,1d,2023-01-10,0.9162869602299886,0.9189377421785807,0.9118689903156686,0.9154033662471247,197414.0,20450058.0
513530.SH,1d,2023-01-11,0.9162869602299886,0.9295408699729488,0.9162869602299886,0.9251229000586287,225945.0,23684572.0
513530.SH,1d,2023-01-12,0.9233557120929008,0.9304244639558129,0.9198213361614447,0.9268900880243568,150672.0,15778660.0
513530.SH,1d,2023-01-13,0.927773682007221,0.9295408699729489,0.9224721181100368,0.9286572759900849,196261.0,20591743.0
513530.SH,1d,2023-01-16,0.9260064940414929,0.937493215818725,0.9260064940414929,0.9286572759900849,134659.0,14199360.999999998
513530.SH,1d,2023-01-17,0.9286572759900849,0.933958839887269,0.9207049301443088,0.9242393060757649,106689.0,11186286.000000002
513530.SH,1d,2023-01-18,0.9268900880243568,0.933075245904405,0.9260064940414929,0.9304244639558129,126653.0,13330098.000000002
513530.SH,1d,2023-01-19,0.9286572759900849,0.933958839887269,0.9242393060757649,0.933075245904405,57565.0,6056280.0
513530.SH,1d,2023-01-20,0.933958839887269,0.9463291556473653,0.9295408699729489,0.9454455616645013,123961.0,13207350.0
513530.SH,1d,2023-01-30,0.9648846292875096,0.9648846292875096,0.9410275917501811,0.9410275917501811,144629.0,15508043.0
513530.SH,1d,2023-01-31,0.9410275917501811,0.9480963436130934,0.931308057938677,0.933958839887269,152212.0,16172708.0
513530.SH,1d,2023-02-01,0.9348424338701329,0.9472127496302292,0.933958839887269,0.9463291556473653,140473.0,14934393.000000002
513530.SH,1d,2023-02-02,0.9480963436130934,0.9507471255616855,0.9401439977673173,0.9427947797159092,82876.0,8861736.000000002
513530.SH,1d,2023-02-03,0.9436783736987733,0.9436783736987733,0.9260064940414929,0.9295408699729489,133858.0,14084056.0
513530.SH,1d,2023-02-06,0.927773682007221,0.9295408699729489,0.9189377421785807,0.9233557120929008,150394.0,15738554.0
513530.SH,1d,2023-02-07,0.9242393060757649,0.933075245904405,0.9242393060757649,0.9286572759900849,85399.0,8991919.0
513530.SH,1d,2023-02-08,0.9304244639558129,0.938376809801589,0.9304244639558129,0.933958839887269,115114.0,12181676.0
513530.SH,1d,2023-02-09,0.9330752459044048,0.938376809801589,0.932191651921541,0.9357260278529971,114405.0,12117900.0
513530.SH,1d,2023-02-10,0.9357260278529971,0.937493215818725,0.9295408699729489,0.932191651921541,93870.0,9906205.0
513530.SH,1d,2023-02-13,0.927773682007221,0.9348424338701331,0.9260064940414929,0.9295408699729489,91135.0,9596264.0
513530.SH,1d,2023-02-14,0.932191651921541,0.933958839887269,0.9304244639558129,0.9313080579386769,58560.0,6176083.0
513530.SH,1d,2023-02-15,0.9313080579386769,0.9313080579386769,0.9198213361614447,0.9198213361614447,102753.0,10747718.0
513530.SH,1d,2023-02-16,0.9224721181100366,0.933958839887269,0.9198213361614447,0.9233557120929008,208572.0,21897987.0
513530.SH,1d,2023-02-17,0.9242393060757649,0.932191651921541,0.9242393060757649,0.9260064940414929,146474.0,15401349.0
513530.SH,1d,2023-02-20,0.9242393060757649,0.9445619676816372,0.9242393060757649,0.9445619676816372,147157.0,15631477.000000002
513530.SH,1d,2023-02-21,0.9419111857330453,0.9560486894588696,0.9419111857330453,0.9489799375959574,203696.0,21912264.0
513530.SH,1d,2023-02-22,0.9480963436130934,0.9480963436130934,0.9427947797159092,0.9454455616645011,196627.0,21036180.000000004
513530.SH,1d,2023-02-23,0.9436783736987732,0.9516307195445494,0.9427947797159092,0.9480963436130934,359983.0,38599547.0
513530.SH,1d,2023-02-24,0.9454455616645013,0.9480963436130934,0.9401439977673173,0.9472127496302294,328681.0,35152453.99999999
513530.SH,1d,2023-02-27,0.9445619676816372,0.9445619676816372,0.933075245904405,0.933075245904405,141420.0,15042607.000000002
513530.SH,1d,2023-02-28,0.9366096218358612,0.9392604037844531,0.9242393060757649,0.9295408699729489,214262.0,22582531.0
513530.SH,1d,2023-03-01,0.9268900880243568,0.9498635315788214,0.9268900880243568,0.9498635315788214,534248.0,56969208.00000001
513530.SH,1d,2023-03-02,0.9463291556473653,0.9622338473389177,0.9427947797159092,0.9613502533560535,220885.0,23829611.0
513530.SH,1d,2023-03-03,0.9675354112361018,0.9772549450476059,0.9622338473389177,0.9754877570818778,229891.0,25254031.0
513530.SH,1d,2023-03-06,0.9754877570818778,0.9878580728419741,0.974604163099014,0.9860908848762461,293840.0,32603808.000000004
513530.SH,1d,2023-03-07,0.9869744788591103,1.0081807344478468,0.9807893209790622,0.9860908848762463,493029.0,55617956.0
513530.SH,1d,2023-03-08,0.9869744788591103,0.9869744788591103,0.971953381150422,0.9807893209790622,232421.0,25689760.0
513530.SH,1d,2023-03-09,0.9834401029276542,0.9869744788591103,0.9790221330133342,0.979905726996198,396002.0,44043225.0
513530.SH,1d,2023-03-10,0.979905726996198,0.979905726996198,0.9560486894588696,0.9569322834417335,288301.0,31543347.0
513530.SH,1d,2023-03-13,0.9542815014931416,0.9693025992018298,0.9507471255616855,0.9666518172532379,602237.0,65470442.99999999
513530.SH,1d,2023-03-14,0.9666518172532379,0.9675354112361018,0.9436783736987733,0.9445619676816372,246209.0,26586646.0
513530.SH,1d,2023-03-15,0.9542815014931416,0.9684190052189658,0.9542815014931416,0.9666518172532379,309167.0,33692413.00000001
513530.SH,1d,2023-03-16,0.9622338473389177,0.9622338473389177,0.9480963436130934,0.9498635315788214,280474.0,30367509.0
513530.SH,1d,2023-03-17,0.9560486894588696,0.971953381150422,0.9560486894588696,0.9631174413217818,266494.0,29080571.000000004
513530.SH,1d,2023-03-20,0.9560486894588696,0.9684190052189658,0.9401439977673173,0.9419111857330453,335467.0,36231380.0
513530.SH,1d,2023-03-21,0.9480963436130934,0.9533979075102774,0.9401439977673173,0.9454455616645013,257332.0,27512558.999999996
513530.SH,1d,2023-03-22,0.9463291556473653,0.9648846292875096,0.9463291556473653,0.9569322834417335,189457.0,20561451.0
513530.SH,1d,2023-03-23,0.9560486894588696,0.9693025992018298,0.9560486894588696,0.9657682232703737,298414.0,32581515.999999996
513530.SH,1d,2023-03-24,0.9675354112361018,0.9701861931846938,0.9586994714074616,0.9595830653903255,165712.0,18044137.000000004
513530.SH,1d,2023-03-27,0.9586994714074616,0.9586994714074616,0.9445619676816372,0.9507471255616853,158685.0,17027566.000000004
513530.SH,1d,2023-03-28,0.9507471255616853,0.9613502533560535,0.9480963436130934,0.9569322834417335,295278.0,31906563.000000004
513530.SH,1d,2023-03-29,0.9578158774245975,0.9728369751332859,0.9498635315788214,0.9551650954760055,187672.0,20283356.0
513530.SH,1d,2023-03-30,0.9525143135274133,0.9648846292875096,0.9498635315788214,0.9640010353046456,267477.0,28990171.000000004
513530.SH,1d,2023-03-31,0.9657682232703737,0.9693025992018298,0.9595830653903257,0.9648846292875098,265180.0,28958741.000000004
513530.SH,1d,2023-04-03,0.9648846292875098,0.9728369751332859,0.9578158774245976,0.9604666593731896,318953.0,34787929.00000001
513530.SH,1d,2023-04-04,0.9631174413217818,0.9710697871675579,0.9595830653903257,0.9701861931846939,275790.0,30175914.0
513530.SH,1d,2023-04-06,0.9675354112361018,0.9684190052189657,0.9604666593731896,0.9631174413217816,224337.0,24501442.0
513530.SH,1d,2023-04-07,0.9675354112361018,0.9719533811504217,0.9657682232703737,0.9719533811504217,111127.0,12192276.0
513530.SH,1d,2023-04-10,0.9719533811504217,0.9719533811504217,0.9640010353046456,0.9684190052189657,31144.0,3407487.0000000005
513530.SH,1d,2023-04-11,0.9701861931846939,0.979905726996198,0.9701861931846939,0.974604163099014,256114.0,28227204.000000004
513530.SH,1d,2023-04-12,0.97372056911615,0.9905088547905663,0.97372056911615,0.9887416668248383,180454.0,20143844.0
513530.SH,1d,2023-04-13,0.979022133013334,0.9896252608077022,0.97813853903047,0.9852072908933822,206889.0,23081305.0
513530.SH,1d,2023-04-14,0.9896252608077022,0.9984612006363424,0.9887416668248383,0.9975776066534785,228923.0,25776771.0
513530.SH,1d,2023-04-17,0.9975776066534785,1.0205510502079431,0.9975776066534785,1.019667456225079,301578.0,34581940.00000001
513530.SH,1d,2023-04-18,1.019667456225079,1.024085426139399,1.0152494863107588,1.0214346441908069,280567.0,32390596.0
513530.SH,1d,2023-04-19,1.024085426139399,1.024085426139399,1.013482298345031,1.0143658923278949,261392.0,30086586.0
513530.SH,1d,2023-04-20,1.0081807344478468,1.0205510502079431,1.0081807344478468,1.018783862242215,285162.0,32707544.999999996
513530.SH,1d,2023-04-21,1.018783862242215,1.022318238173671,1.0072971404649829,1.0081807344478468,279266.0,32115478.000000004
513530.SH,1d,2023-04-24,1.0090643284307108,1.0152494863107588,0.9966940126706145,0.9975776066534785,241495.0,27521410.0
513530.SH,1d,2023-04-25,1.0002283886020706,1.0081807344478468,0.9949268247048865,0.9993447946192066,224665.0,25441199.0
513530.SH,1d,2023-04-26,1.0002283886020706,1.0019955765677986,0.9913924487734305,0.9966940126706145,258849.0,29204272.999999996
513530.SH,1d,2023-04-27,0.9975776066534785,1.0028791705506626,0.9896252608077024,0.9984612006363426,156376.0,17620695.0
513530.SH,1d,2023-04-28,1.0037627645335265,1.018783862242215,1.0011119825849346,1.018783862242215,144458.0,16541945.0
513530.SH,1d,2023-05-04,1.0125987043621667,1.024969020122263,0.9922760427562943,1.024085426139399,256058.0,29342464.999999996
513530.SH,1d,2023-05-05,1.0320377719851752,1.0408737118138154,1.022318238173671,1.0293869900365833,325494.0,37973077.0
513530.SH,1d,2023-05-08,1.0338049599509032,1.069148719265464,1.0338049599509032,1.069148719265464,465674.0,55582438.00000001
513530.SH,1d,2023-05-09,1.0726830951969202,1.0824026290084243,1.0532440275739117,1.0576619974882318,640368.0,77640549.00000001
513530.SH,1d,2023-05-10,1.0550112155396398,1.064730749351144,1.0470588696938636,1.0479424636767276,424478.0,50599280.0
513530.SH,1d,2023-05-11,1.0479424636767276,1.0567784035053678,1.0417573057966796,1.0444080877452715,271423.0,32181288.0
513530.SH,1d,2023-05-12,1.0461752757109994,1.0497096516424556,1.023201832156535,1.024085426139399,346353.0,40540095.0
513530.SH,1d,2023-05-15,1.0249690201222632,1.0391065238480877,1.017900268259351,1.0338049599509034,409785.0,47596717.0
513530.SH,1d,2023-05-16,1.0346885539337674,1.0470588696938636,1.0276198020708551,1.028503396053719,244128.0,28698918.0
513530.SH,1d,2023-05-17,1.030270584019447,1.0338049599509032,1.022318238173671,1.023201832156535,209426.0,24320913.0
513530.SH,1d,2023-05-18,1.023201832156535,1.0391065238480874,1.023201832156535,1.031154178002311,324435.0,37951214.0
513530.SH,1d,2023-05-19,1.0329213659680394,1.0382229298652235,1.024085426139399,1.0311541780023112,294466.0,34378090.0
513530.SH,1d,2023-05-22,1.0311541780023112,1.0382229298652235,1.0276198020708551,1.0320377719851752,369543.0,43205884.0
513530.SH,1d,2023-05-23,1.030270584019447,1.0373393358823593,1.019667456225079,1.0214346441908069,199227.0,23255742.0
513530.SH,1d,2023-05-24,1.019667456225079,1.019667456225079,1.0046463585163907,1.0055299524992545,233647.0,26733537.0
513530.SH,1d,2023-05-25,0.9975776066534785,1.0011119825849346,0.9816729149619261,0.9887416668248383,422875.0,47377210.0
513530.SH,1d,2023-05-26,0.9869744788591103,0.9869744788591103,0.9790221330133342,0.9852072908933822,100921.0,11215141.0
513530.SH,1d,2023-05-29,0.9984612006363426,0.9984612006363426,0.9860908848762463,0.9905088547905663,353594.0,39673012.0
513530.SH,1d,2023-05-30,0.9860908848762463,0.9931596367391585,0.9754877570818781,0.9790221330133342,436297.0,48519195.0
513530.SH,1d,2023-05-31,0.9763713510647419,0.97813853903047,0.9516307195445494,0.9551650954760055,419606.0,45607895.0
513530.SH,1d,2023-06-01,0.9551650954760055,0.9648846292875096,0.9498635315788214,0.9595830653903255,464512.0,50393404.0
513530.SH,1d,2023-06-02,0.9754877570818778,0.980789320979062,0.9675354112361018,0.9763713510647419,261420.0,28872279.0
513530.SH,1d,2023-06-05,0.980789320979062,0.9852072908933822,0.9728369751332859,0.9834401029276542,237389.0,26321872.000000004
513530.SH,1d,2023-06-06,0.9869744788591103,1.0011119825849346,0.9825565089447902,0.9825565089447902,390265.0,43834428.0
513530.SH,1d,2023-06-07,0.9860908848762463,0.9940432307220224,0.9860908848762463,0.9896252608077024,343012.0,38462347.0
513530.SH,1d,2023-06-08,0.9905088547905663,1.0099479224135748,0.9905088547905663,1.0072971404649826,481257.0,54538093.0
513530.SH,1d,2023-06-09,1.0072971404649826,1.0125987043621667,1.0028791705506626,1.0099479224135748,286534.0,32655259.0
513530.SH,1d,2023-06-12,1.0099479224135748,1.0117151103793027,1.0019955765677986,1.0046463585163907,290525.0,33102660.000000004
513530.SH,1d,2023-06-13,1.0037627645335268,1.0046463585163907,0.9913924487734305,0.9993447946192066,234302.0,26424291.999999996
513530.SH,1d,2023-06-14,0.9993447946192066,1.0099479224135748,0.9905088547905663,0.9922760427562943,195333.0,22071947.0
513530.SH,1d,2023-06-15,0.9949268247048865,1.0037627645335268,0.9896252608077024,1.0037627645335268,132116.0,14897161.000000002
513530.SH,1d,2023-06-16,1.0037627645335268,1.0152494863107588,1.0037627645335268,1.0090643284307108,165918.0,18975952.000000004
513530.SH,1d,2023-06-19,1.0090643284307106,1.0099479224135748,1.0028791705506626,1.0037627645335265,141587.0,16109414.0
513530.SH,1d,2023-06-20,1.0037627645335268,1.0072971404649829,0.9931596367391585,0.9949268247048865,96540.0,10912479.000000002
513530.SH,1d,2023-06-21,0.9922760427562943,0.9966940126706145,0.9896252608077024,0.9896252608077024,122294.0,13753874.999999998
513530.SH,1d,2023-06-26,0.9878580728419744,0.9878580728419744,0.971953381150422,0.9754877570818781,151098.0,16750401.0
513530.SH,1d,2023-06-27,0.97813853903047,1.0002283886020704,0.97813853903047,0.9975776066534785,183909.0,20608158.0
513530.SH,1d,2023-06-28,0.9984612006363426,1.0011119825849346,0.9949268247048865,1.0002283886020706,100771.0,11385609.0
513530.SH,1d,2023-06-29,1.0002283886020704,1.0028791705506626,0.9922760427562943,0.9922760427562943,94636.0,10663754.0
513530.SH,1d,2023-06-30,0.9922760427562943,1.0125987043621667,0.9922760427562943,1.0081807344478468,145948.0,16606553.0
513530.SH,1d,2023-07-03,1.0081807344478468,1.024969020122263,1.0081807344478468,1.022318238173671,210160.0,24217125.0
513530.SH,1d,2023-07-04,1.0223182381736708,1.028503396053719,1.019667456225079,1.0214346441908069,155067.0,17973576.0
513530.SH,1d,2023-07-05,1.021434644190807,1.0249690201222632,1.0143658923278949,1.016133080293623,146356.0,16866686.0
513530.SH,1d,2023-07-06,1.0152494863107588,1.018783862242215,1.0019955765677986,1.0064135464821187,249661.0,28580127.0
513530.SH,1d,2023-07-07,1.0028791705506626,1.0037627645335268,0.9913924487734305,0.9958104186877504,137792.0,15529481.000000002
513530.SH,1d,2023-07-10,1.0055299524992545,1.0072971404649826,0.9869744788591103,0.9887416668248383,83416.0,9378927.0
513530.SH,1d,2023-07-11,0.9940432307220224,0.9949268247048865,0.9860908848762463,0.9878580728419744,63003.0,7056858.0
513530.SH,1d,2023-07-12,0.9887416668248383,0.9940432307220224,0.9887416668248383,0.9896252608077022,69987.0,7850442.999999999
513530.SH,1d,2023-07-13,0.9922760427562943,1.0037627645335265,0.9922760427562943,1.0028791705506626,59405.0,6727021.0
513530.SH,1d,2023-07-14,1.0046463585163907,1.0099479224135748,1.0028791705506626,1.0064135464821187,50955.0,5806734.0
513530.SH,1d,2023-07-17,1.0064135464821187,1.0072971404649826,0.9958104186877504,0.9984612006363424,67153.0,7582788.000000001
513530.SH,1d,2023-07-18,1.0002283886020704,1.0037627645335265,0.9922760427562943,0.9922760427562943,98030.0,11049796.0
513530.SH,1d,2023-07-19,0.9913924487734305,1.0055299524992547,0.9896252608077024,1.0046463585163907,216539.0,24492771.000000004
513530.SH,1d,2023-07-20,1.0046463585163907,1.0117151103793027,1.0019955765677986,1.0037627645335268,121520.0,13867957.0
513530.SH,1d,2023-07-21,1.0037627645335265,1.0046463585163907,0.9958104186877504,1.0002283886020704,92538.0,10476299.0
513530.SH,1d,2023-07-24,0.9984612006363426,1.0055299524992547,0.9896252608077024,0.9913924487734305,100367.0,11320553.0
513530.SH,1d,2023-07-25,0.9993447946192066,1.0179002682593508,0.9993447946192066,1.0143658923278949,100889.0,11544774.0
513530.SH,1d,2023-07-26,1.017900268259351,1.021434644190807,1.012598704362167,1.017016674276487,186571.0,21456282.0
513530.SH,1d,2023-07-27,1.018783862242215,1.0249690201222632,1.016133080293623,1.017016674276487,124325.0,14368121.0
513530.SH,1d,2023-07-28,1.013482298345031,1.0355721479166313,1.0117151103793027,1.0355721479166313,142497.0,16551069.0
513530.SH,1d,2023-07-31,1.0523604335910475,1.0532440275739117,1.0373393358823593,1.0417573057966794,159851.0,18829821.0
513530.SH,1d,2023-08-01,1.0408737118138154,1.0435244937624073,1.0267362080879912,1.029386990036583,121420.0,14220975.0
513530.SH,1d,2023-08-02,1.0285033960537193,1.0338049599509034,1.012598704362167,1.013482298345031,84960.0,9839434.0
513530.SH,1d,2023-08-03,1.012598704362167,1.021434644190807,1.0072971404649829,1.017016674276487,103233.0,11864319.000000002
513530.SH,1d,2023-08-04,1.021434644190807,1.0293869900365833,1.016133080293623,1.017016674276487,101587.0,11757806.0
513530.SH,1d,2023-08-07,1.0152494863107588,1.021434644190807,1.010831516396439,1.0196674562250791,85201.0,9812432.000000002
513530.SH,1d,2023-08-08,1.017016674276487,1.0258526141051272,1.013482298345031,1.022318238173671,104553.0,12098814.999999998
513530.SH,1d,2023-08-09,1.0196674562250791,1.021434644190807,1.016133080293623,1.017900268259351,110246.0,12702466.000000002
513530.SH,1d,2023-08-10,1.019667456225079,1.031154178002311,1.019667456225079,1.025852614105127,176341.0,20468864.0
513530.SH,1d,2023-08-11,1.0258526141051272,1.0258526141051272,1.012598704362167,1.012598704362167,129459.0,14906395.0
513530.SH,1d,2023-08-14,1.010831516396439,1.010831516396439,0.9984612006363426,1.0055299524992547,197680.0,22471679.0
513530.SH,1d,2023-08-15,1.0072971404649829,1.0143658923278949,1.0055299524992547,1.0117151103793027,160701.0,18378705.0
513530.SH,1d,2023-08-16,1.0108315163964388,1.0108315163964388,0.9922760427562943,0.9922760427562943,115731.0,13093365.000000002
513530.SH,1d,2023-08-17,0.9887416668248383,0.9887416668248383,0.9754877570818781,0.9878580728419744,246563.0,27429088.000000004
513530.SH,1d,2023-08-18,0.9887416668248383,0.9993447946192066,0.9807893209790622,0.9807893209790622,151823.0,17019607.000000004
513530.SH,1d,2023-08-21,0.9754877570818778,0.9763713510647419,0.9551650954760055,0.9578158774245975,215516.0,23427232.0
513530.SH,1d,2023-08-22,0.9586994714074616,0.974604163099014,0.9578158774245976,0.9693025992018298,257600.0,28186345.000000004
513530.SH,1d,2023-08-23,0.9710697871675579,0.97813853903047,0.9675354112361018,0.9675354112361018,224229.0,24672107.000000004
513530.SH,1d,2023-08-24,0.9710697871675579,0.9772549450476059,0.9693025992018298,0.9719533811504217,298385.0,32845465.0
513530.SH,1d,2023-08-25,0.9719533811504217,0.979905726996198,0.9693025992018298,0.9728369751332859,280330.0,30905622.999999996
513530.SH,1d,2023-08-28,1.0028791705506626,1.0081807344478468,0.97813853903047,0.979905726996198,250726.0,27984568.0
513530.SH,1d,2023-08-29,0.979905726996198,0.9922760427562943,0.979905726996198,0.9896252608077022,204858.0,22896260.0
513530.SH,1d,2023-08-30,0.9896252608077024,0.9975776066534785,0.9860908848762463,0.9860908848762463,145839.0,16372267.0
513530.SH,1d,2023-08-31,0.9869744788591103,0.9896252608077024,0.9790221330133342,0.9816729149619261,187976.0,20902750.0
513530.SH,1d,2023-09-01,0.979905726996198,0.9896252608077022,0.974604163099014,0.9852072908933822,82529.0,9163032.999999998
513530.SH,1d,2023-09-04,0.9852072908933822,1.0125987043621667,0.9852072908933822,1.0072971404649826,203293.0,23161269.000000004
513530.SH,1d,2023-09-05,1.0099479224135748,1.010831516396439,1.0019955765677986,1.0081807344478468,94667.0,10780552.0
513530.SH,1d,2023-09-06,1.0081807344478468,1.0081807344478468,0.9984612006363426,1.0019955765677986,235484.0,26672607.0
513530.SH,1d,2023-09-07,1.0002283886020706,1.0064135464821187,0.9984612006363426,1.0019955765677986,189635.0,21533652.999999996
513530.SH,1d,2023-09-08,1.0028791705506626,1.0046463585163907,0.9949268247048865,0.9966940126706145,40223.0,4541303.0
513530.SH,1d,2023-09-11,0.9966940126706145,1.0037627645335268,0.9931596367391585,0.9931596367391585,150790.0,17027547.0
513530.SH,1d,2023-09-12,0.9975776066534785,0.9993447946192066,0.9834401029276542,0.9852072908933822,210860.0,23585707.0
513530.SH,1d,2023-09-13,0.9905088547905663,0.9931596367391583,0.979905726996198,0.9825565089447901,134915.0,15070596.999999998
513530.SH,1d,2023-09-14,0.9825565089447902,1.0046463585163907,0.9825565089447902,1.0037627645335268,179467.0,20216734.0
513530.SH,1d,2023-09-15,1.0081807344478468,1.0205510502079431,1.0081807344478468,1.0117151103793027,255632.0,29371311.0
513530.SH,1d,2023-09-18,1.0125987043621667,1.0125987043621667,0.9993447946192066,1.0072971404649826,173948.0,19811518.0
513530.SH,1d,2023-09-19,1.0081807344478468,1.0258526141051272,1.0081807344478468,1.024085426139399,260487.0,30047355.000000004
513530.SH,1d,2023-09-20,1.024969020122263,1.0311541780023112,1.018783862242215,1.0267362080879912,221068.0,25679745.000000004
513530.SH,1d,2023-09-21,1.0161330802936228,1.028503396053719,1.0152494863107588,1.0152494863107588,148552.0,17170339.999999996
513530.SH,1d,2023-09-22,1.0117151103793027,1.024969020122263,1.0099479224135748,1.024085426139399,224893.0,25892800.0
513530.SH,1d,2023-09-25,1.0249690201222632,1.0285033960537193,1.016133080293623,1.017016674276487,210411.0,24333602.0
513530.SH,1d,2023-09-26,1.013482298345031,1.017016674276487,1.0028791705506626,1.0046463585163907,136781.0,15639330.0
513530.SH,1d,2023-09-27,1.0037627645335268,1.0064135464821187,1.0002283886020706,1.0028791705506626,158924.0,18047036.0
513530.SH,1d,2023-09-28,1.0090643284307108,1.010831516396439,0.9984612006363426,1.0002283886020706,211953.0,24109903.0
513530.SH,1d,2023-10-09,0.9940432307220224,0.9940432307220224,0.971953381150422,0.9878580728419744,150416.0,16737347.0
513530.SH,1d,2023-10-10,0.9913924487734302,0.9966940126706144,0.9816729149619261,0.984323696910518,135761.0,15207089.0
513530.SH,1d,2023-10-11,0.9860908848762463,0.9922760427562943,0.9843236969105182,0.9860908848762463,144439.0,16159529.0
513530.SH,1d,2023-10-12,0.9905088547905663,1.0046463585163907,0.9905088547905663,0.9993447946192066,177257.0,20020300.000000004
513530.SH,1d,2023-10-13,0.9949268247048865,0.9966940126706145,0.9878580728419744,0.9905088547905663,181640.0,20417143.000000004
513530.SH,1d,2023-10-16,0.9913924487734305,0.9975776066534785,0.9860908848762463,0.9860908848762463,103293.0,11581167.0
513530.SH,1d,2023-10-17,0.9887416668248383,0.9949268247048864,0.9852072908933822,0.9940432307220224,106128.0,11890701.0
513530.SH,1d,2023-10-18,0.9931596367391585,0.9966940126706145,0.9878580728419744,0.9905088547905663,156506.0,17559091.0
513530.SH,1d,2023-10-19,0.9860908848762463,0.9860908848762463,0.9701861931846939,0.9701861931846939,170270.0,18776810.000000004
513530.SH,1d,2023-10-20,0.9684190052189657,0.9737205691161498,0.9622338473389177,0.9648846292875096,174722.0,19116422.000000004
513530.SH,1d,2023-10-23,0.9631174413217818,0.9631174413217818,0.9542815014931416,0.9569322834417335,64076.0,6952709.000000001
513530.SH,1d,2023-10-24,0.9578158774245976,0.9595830653903257,0.9489799375959574,0.9533979075102774,280232.0,30234651.000000004
513530.SH,1d,2023-10-25,0.9710697871675579,0.9728369751332859,0.9551650954760055,0.9569322834417335,169950.0,18531711.000000004
513530.SH,1d,2023-10-26,0.9569322834417335,0.9604666593731896,0.9489799375959574,0.9569322834417335,182694.0,19741977.0
513530.SH,1d,2023-10-27,0.9578158774245975,0.9728369751332859,0.9569322834417335,0.9666518172532377,168769.0,18423430.0
513530.SH,1d,2023-10-30,0.9648846292875098,0.9666518172532379,0.9525143135274136,0.9569322834417335,197093.0,21349604.000000004
513530.SH,1d,2023-10-31,0.9569322834417335,0.9578158774245976,0.9472127496302294,0.9533979075102774,156067.0,16841867.0
513530.SH,1d,2023-11-01,0.9569322834417335,0.9595830653903257,0.9454455616645013,0.9551650954760055,183973.0,19811873.0
513530.SH,1d,2023-11-02,0.9578158774245976,0.9666518172532379,0.9578158774245976,0.9604666593731896,145716.0,15849247.0
513530.SH,1d,2023-11-03,0.9640010353046456,0.971953381150422,0.9631174413217818,0.9693025992018298,236073.0,25841591.0
513530.SH,1d,2023-11-06,0.9816729149619261,0.9816729149619261,0.9586994714074616,0.9613502533560535,356243.0,38812267.0
513530.SH,1d,2023-11-07,0.9586994714074616,0.9586994714074616,0.9480963436130934,0.9498635315788214,215191.0,23176416.0
513530.SH,1d,2023-11-08,0.9498635315788214,0.9498635315788214,0.9401439977673173,0.9419111857330453,124854.0,13331749.0
513530.SH,1d,2023-11-09,0.9427947797159092,0.9489799375959574,0.9419111857330453,0.9480963436130934,187820.0,20092802.999999996
513530.SH,1d,2023-11-10,0.9454455616645011,0.9463291556473653,0.937493215818725,0.9445619676816372,121888.0,12978169.000000002
513530.SH,1d,2023-11-13,0.9445619676816372,0.9480963436130934,0.9392604037844531,0.9480963436130934,131860.0,14074691.000000002
513530.SH,1d,2023-11-14,0.9498635315788214,0.9586994714074616,0.9498635315788214,0.9551650954760055,139045.0,15016781.000000002
513530.SH,1d,2023-11-15,0.9622338473389177,0.9754877570818778,0.9622338473389177,0.9701861931846938,201496.0,22086239.0
513530.SH,1d,2023-11-16,0.9728369751332859,0.974604163099014,0.9657682232703737,0.9710697871675579,152372.0,16718733.000000002
513530.SH,1d,2023-11-17,0.9684190052189657,0.9684190052189657,0.9551650954760055,0.9569322834417335,146263.0,15897280.0
513530.SH,1d,2023-11-20,0.9586994714074616,0.9657682232703737,0.9542815014931416,0.9595830653903257,235886.0,25644882.0
513530.SH,1d,2023-11-21,0.9648846292875096,0.9728369751332859,0.9622338473389177,0.9640010353046456,163192.0,17909779.000000004
513530.SH,1d,2023-11-22,0.9631174413217818,0.9640010353046456,0.9578158774245976,0.9586994714074616,93592.0,10171401.0
513530.SH,1d,2023-11-23,0.9586994714074616,0.9648846292875098,0.9560486894588696,0.9648846292875098,156009.0,16943979.000000004
513530.SH,1d,2023-11-24,0.9657682232703737,0.9675354112361018,0.9622338473389177,0.9648846292875096,166139.0,18154501.0
513530.SH,1d,2023-11-27,0.9684190052189658,0.9684190052189658,0.9560486894588696,0.9613502533560537,167621.0,18237520.0
513530.SH,1d,2023-11-28,0.9613502533560537,0.9622338473389177,0.9578158774245976,0.9613502533560537,131150.0,14257969.0
513530.SH,1d,2023-11-29,0.9595830653903257,0.9613502533560537,0.9419111857330453,0.9436783736987733,204624.0,22042285.0
513530.SH,1d,2023-11-30,0.9436783736987732,0.9507471255616853,0.9410275917501811,0.9498635315788214,164788.0,17629025.000000004
513530.SH,1d,2023-12-01,0.9480963436130934,0.9542815014931416,0.9472127496302294,0.9516307195445494,189072.0,20344876.0
513530.SH,1d,2023-12-04,0.9533979075102774,0.9578158774245975,0.9480963436130934,0.9507471255616853,179050.0,19344451.000000004
513530.SH,1d,2023-12-05,0.9507471255616853,0.9507471255616853,0.9304244639558129,0.9304244639558129,147374.0,15706336.999999998
513530.SH,1d,2023-12-06,0.932191651921541,0.9419111857330453,0.927773682007221,0.9392604037844531,207635.0,21995110.0
513530.SH,1d,2023-12-07,0.9392604037844531,0.940143997767317,0.9233557120929008,0.9277736820072208,162645.0,17053895.000000004
513530.SH,1d,2023-12-08,0.9286572759900849,0.932191651921541,0.9260064940414929,0.927773682007221,106103.0,11160812.0
513530.SH,1d,2023-12-11,0.9260064940414927,0.9286572759900849,0.9109853963328045,0.9233557120929008,207234.0,21530886.0
513530.SH,1d,2023-12-12,0.9251229000586287,0.9401439977673173,0.9242393060757649,0.9401439977673173,157672.0,16635124.0
513530.SH,1d,2023-12-13,0.940143997767317,0.940143997767317,0.9162869602299886,0.9171705542128525,112587.0,11808230.0
513530.SH,1d,2023-12-14,0.9233557120929008,0.9295408699729489,0.9189377421785807,0.9198213361614447,143320.0,14970609.0
513530.SH,1d,2023-12-15,0.9242393060757649,0.9472127496302294,0.9242393060757649,0.937493215818725,190700.0,20265102.000000004
513530.SH,1d,2023-12-18,0.9304244639558129,0.9551650954760055,0.9304244639558129,0.9516307195445494,292000.0,31390200.0
513530.SH,1d,2023-12-19,0.9525143135274133,0.9551650954760055,0.9463291556473653,0.9498635315788214,145259.0,15606518.000000002
513530.SH,1d,2023-12-20,0.9525143135274133,0.9560486894588694,0.9427947797159092,0.9427947797159092,109483.0,11766765.0
513530.SH,1d,2023-12-21,0.9427947797159092,0.9569322834417335,0.9392604037844531,0.9542815014931414,174207.0,18701429.0
513530.SH,1d,2023-12-22,0.9551650954760055,0.9728369751332859,0.9551650954760055,0.9648846292875096,334406.0,36510706.0
513530.SH,1d,2023-12-25,0.9657682232703737,0.9675354112361018,0.9595830653903257,0.9613502533560537,61672.0,6714732.000000001
513530.SH,1d,2023-12-26,0.9622338473389177,0.9640010353046456,0.9604666593731896,0.9604666593731896,25493.0,2773599.0000000005
513530.SH,1d,2023-12-27,0.9604666593731896,0.9701861931846938,0.9516307195445494,0.9675354112361018,192204.0,20906014.000000004
513530.SH,1d,2023-12-28,0.9675354112361018,0.979905726996198,0.9657682232703737,0.97813853903047,257116.0,28332147.0
513530.SH,1d,2023-12-29,0.9728369751332859,0.9772549450476059,0.9693025992018298,0.9737205691161498,121494.0,13379375.0
513530.SH,1d,2024-01-02,0.97813853903047,0.9860908848762463,0.9754877570818781,0.9816729149619261,171803.0,19106969.0
513530.SH,1d,2024-01-03,0.9790221330133342,0.9922760427562943,0.97372056911615,0.9913924487734305,287955.0,32132179.0
513530.SH,1d,2024-01-04,0.9931596367391583,1.0011119825849346,0.9922760427562943,0.9940432307220224,266627.0,30103835.000000004
513530.SH,1d,2024-01-05,0.9940432307220224,1.0143658923278949,0.9940432307220224,0.9993447946192066,394756.0,44847169.00000001
513530.SH,1d,2024-01-08,1.0037627645335265,1.0090643284307106,0.9834401029276542,0.984323696910518,276001.0,31012093.000000004
513530.SH,1d,2024-01-09,0.9825565089447901,0.9825565089447901,0.9657682232703737,0.9772549450476059,243528.0,26854465.999999996
513530.SH,1d,2024-01-10,0.9693025992018298,0.9772549450476061,0.9631174413217818,0.9640010353046456,253353.0,27859879.0
513530.SH,1d,2024-01-11,0.9657682232703737,0.9763713510647419,0.9648846292875098,0.9701861931846939,224318.0,24642274.0
513530.SH,1d,2024-01-12,0.9701861931846939,0.9790221330133342,0.9701861931846939,0.9763713510647419,324258.0,35816456.99999999
513530.SH,1d,2024-01-15,0.9772549450476061,0.9860908848762463,0.9754877570818781,0.979905726996198,351124.0,38916503.0
513530.SH,1d,2024-01-16,0.9772549450476059,0.9869744788591103,0.9693025992018298,0.9728369751332859,301169.0,33314521.0
513530.SH,1d,2024-01-17,0.9728369751332859,0.9728369751332859,0.933958839887269,0.9348424338701329,415092.0,44717969.0
513530.SH,1d,2024-01-18,0.933958839887269,0.9498635315788214,0.9304244639558129,0.9463291556473653,421748.0,44804692.0
513530.SH,1d,2024-01-19,0.9480963436130934,0.9489799375959574,0.931308057938677,0.933958839887269,291798.0,31108943.0
513530.SH,1d,2024-01-22,0.933958839887269,0.9366096218358612,0.9065674264184844,0.9109853963328045,248158.0,25923989.000000004
513530.SH,1d,2024-01-23,0.9127525842985325,0.937493215818725,0.9109853963328045,0.932191651921541,278259.0,29107978.000000004
513530.SH,1d,2024-01-24,0.9357260278529971,0.9551650954760055,0.9348424338701331,0.9551650954760055,255207.0,27284502.0
513530.SH,1d,2024-01-25,0.9604666593731896,0.9878580728419744,0.9578158774245976,0.9878580728419744,325233.0,35948489.0
513530.SH,1d,2024-01-26,0.9843236969105182,0.9931596367391585,0.9807893209790622,0.9887416668248383,406209.0,45409560.0
513530.SH,1d,2024-01-29,0.9940432307220224,0.9984612006363426,0.9843236969105182,0.9869744788591103,389960.0,43716151.0
513530.SH,1d,2024-01-30,0.9852072908933822,0.9852072908933822,0.9657682232703737,0.9657682232703737,383229.0,42293992.0
513530.SH,1d,2024-01-31,0.9648846292875096,0.9710697871675579,0.9551650954760055,0.9613502533560535,466344.0,50935142.0
513530.SH,1d,2024-02-01,0.9569322834417335,0.9693025992018298,0.9542815014931416,0.9586994714074616,323579.0,35208304.0
513530.SH,1d,2024-02-02,0.9631174413217818,0.9763713510647419,0.9489799375959574,0.9595830653903257,473484.0,51739699.00000001
513530.SH,1d,2024-02-05,0.9578158774245976,0.9622338473389177,0.9454455616645013,0.9551650954760055,349180.0,37722977.0
513530.SH,1d,2024-02-06,0.9560486894588696,0.9825565089447902,0.9560486894588696,0.9816729149619261,297219.0,32654704.0
513530.SH,1d,2024-02-07,0.9825565089447901,0.9896252608077022,0.97813853903047,0.97813853903047,238806.0,26561534.0
513530.SH,1d,2024-02-08,0.979905726996198,0.9869744788591103,0.9728369751332859,0.974604163099014,247414.0,27386950.000000004
513530.SH,1d,2024-02-19,0.9754877570818781,0.9905088547905663,0.97372056911615,0.9896252608077024,241152.0,26833594.000000004
513530.SH,1d,2024-02-20,0.9843236969105182,1.0002283886020706,0.9843236969105182,0.9984612006363426,373291.0,41998148.0
513530.SH,1d,2024-02-21,0.9984612006363426,1.022318238173671,0.9966940126706145,1.012598704362167,490863.0,56347035.0
513530.SH,1d,2024-02-22,1.012598704362167,1.0373393358823595,1.012598704362167,1.0355721479166315,382449.0,44417727.0
513530.SH,1d,2024-02-23,1.0488260576595916,1.0558948095225038,1.0382229298652235,1.0417573057966796,419732.0,49682837.0
513530.SH,1d,2024-02-26,1.0399901178309514,1.0444080877452715,1.0258526141051272,1.0276198020708551,317140.0,37174680.0
513530.SH,1d,2024-02-27,1.0249690201222632,1.0258526141051272,1.0143658923278949,1.024085426139399,422508.0,48782768.0
513530.SH,1d,2024-02-28,1.0258526141051272,1.0329213659680394,1.0152494863107588,1.0161330802936228,621850.0,71977938.0
513530.SH,1d,2024-02-29,1.0161330802936228,1.023201832156535,1.013482298345031,1.017016674276487,381276.0,43976056.0
513530.SH,1d,2024-03-01,1.017900268259351,1.017900268259351,1.0072971404649829,1.0117151103793027,460953.0,52790378.0
513530.SH,1d,2024-03-04,1.0117151103793027,1.0179002682593508,1.0081807344478468,1.0125987043621667,322202.0,36943164.0
513530.SH,1d,2024-03-05,1.013482298345031,1.0152494863107588,1.0002283886020706,1.0055299524992547,262067.0,29928025.000000004
513530.SH,1d,2024-03-06,1.0064135464821187,1.013482298345031,1.0037627645335268,1.0090643284307108,242985.0,27715764.000000004
513530.SH,1d,2024-03-07,1.0090643284307108,1.0276198020708551,1.0090643284307108,1.0152494863107588,170628.0,19680794.000000004
513530.SH,1d,2024-03-08,1.0196674562250791,1.0364557418994953,1.016133080293623,1.0364557418994953,233699.0,27124867.0
513530.SH,1d,2024-03-11,1.0435244937624075,1.0505932456253197,1.0258526141051272,1.028503396053719,221389.0,25855829.0
513530.SH,1d,2024-03-12,1.029386990036583,1.0435244937624073,1.023201832156535,1.0426408997795436,313755.0,36713032.0
513530.SH,1d,2024-03-13,1.0408737118138154,1.0417573057966794,1.0338049599509032,1.0355721479166313,193069.0,22687978.0
513530.SH,1d,2024-03-14,1.0338049599509032,1.0417573057966796,1.0293869900365833,1.0311541780023112,219767.0,25793829.0
513530.SH,1d,2024-03-15,1.0267362080879912,1.030270584019447,1.0081807344478468,1.0143658923278949,207141.0,23836562.0
513530.SH,1d,2024-03-18,1.017016674276487,1.0205510502079431,1.012598704362167,1.017016674276487,287811.0,33087559.999999996
513530.SH,1d,2024-03-19,1.0152494863107588,1.017016674276487,1.0037627645335268,1.0055299524992547,146896.0,16788236.000000004
513530.SH,1d,2024-03-20,1.0046463585163907,1.013482298345031,1.0002283886020706,1.0099479224135748,194922.0,22205357.0
513530.SH,1d,2024-03-21,1.018783862242215,1.030270584019447,1.0117151103793027,1.0276198020708551,185892.0,21553435.0
513530.SH,1d,2024-03-22,1.024085426139399,1.024085426139399,0.9931596367391585,1.0028791705506626,310985.0,35317575.00000001
513530.SH,1d,2024-03-25,0.9993447946192066,1.0072971404649826,0.9940432307220224,0.9984612006363424,171040.0,19352518.0
513530.SH,1d,2024-03-26,1.0019955765677986,1.0028791705506626,0.9852072908933822,0.9922760427562943,242740.0,27286145.0
513530.SH,1d,2024-03-27,0.9887416668248383,0.9966940126706144,0.9834401029276542,0.9869744788591103,179048.0,20038760.0
513530.SH,1d,2024-03-28,0.9869744788591103,0.9922760427562943,0.97813853903047,0.9896252608077022,235309.0,26198328.0
513530.SH,1d,2024-03-29,0.9878580728419744,0.9922760427562943,0.9825565089447902,0.9913924487734305,70979.0,7923295.0
513530.SH,1d,2024-04-01,0.9922760427562943,0.9993447946192066,0.9887416668248383,0.9984612006363424,46028.0,5173331.0
513530.SH,1d,2024-04-02,1.0011119825849346,1.0161330802936228,1.0011119825849346,1.0072971404649826,320272.0,36626457.0
513530.SH,1d,2024-04-03,1.0055299524992545,1.0108315163964388,1.0028791705506626,1.0108315163964388,161689.0,18456091.0
513530.SH,1d,2024-04-08,1.0046463585163907,1.0214346441908069,0.9993447946192066,1.0152494863107588,203665.0,23342791.0
513530.SH,1d,2024-04-09,1.018783862242215,1.022318238173671,1.0090643284307108,1.010831516396439,195949.0,22466583.000000004
513530.SH,1d,2024-04-10,1.0117151103793027,1.0276198020708551,1.010831516396439,1.0267362080879912,218722.0,25287859.0
513530.SH,1d,2024-04-11,1.0249690201222632,1.0285033960537193,1.016133080293623,1.0267362080879912,273483.0,31562613.0
513530.SH,1d,2024-04-12,1.0267362080879912,1.0267362080879912,1.016133080293623,1.017016674276487,168411.0,19445587.0
513530.SH,1d,2024-04-15,1.016133080293623,1.0267362080879912,1.0090643284307108,1.0232018321565353,179783.0,20746017.0
513530.SH,1d,2024-04-16,1.022318238173671,1.024085426139399,1.0090643284307108,1.0117151103793027,214112.0,24672154.999999996
513530.SH,1d,2024-04-17,1.0090643284307108,1.016133080293623,1.0055299524992547,1.012598704362167,196669.0,22518949.0
513530.SH,1d,2024-04-18,1.0125987043621667,1.0276198020708551,1.0117151103793027,1.024085426139399,209896.0,24207398.000000004
513530.SH,1d,2024-04-19,1.018783862242215,1.0320377719851752,1.017016674276487,1.0311541780023112,280674.0,32605589.999999996
513530.SH,1d,2024-04-22,1.0355721479166313,1.0505932456253197,1.0311541780023112,1.0320377719851752,242964.0,28682951.999999996
513530.SH,1d,2024-04-23,1.0338049599509032,1.0364557418994953,1.024969020122263,1.024969020122263,247343.0,28829047.000000004
513530.SH,1d,2024-04-24,1.0276198020708551,1.0417573057966796,1.0276198020708551,1.0417573057966796,251905.0,29583572.0
513530.SH,1d,2024-04-25,1.0408737118138154,1.0594291854539597,1.0408737118138154,1.0532440275739117,364452.0,43333646.0
513530.SH,1d,2024-04-26,1.0558948095225038,1.0753338771455123,1.0558948095225038,1.0753338771455123,430347.0,52116993.0
513530.SH,1d,2024-04-29,1.0771010651112403,1.0894713808713365,1.0700323132483283,1.0779846590941042,322069.0,39379751.0
513530.SH,1d,2024-04-30,1.0788682530769684,1.109794042477209,1.0788682530769684,1.0947729447685208,639186.0,79403696.0
513530.SH,1d,2024-05-06,1.1009581026485689,1.1195135762887132,1.1009581026485689,1.1195135762887132,394483.0,49699598.0
513530.SH,1d,2024-05-07,1.1195135762887134,1.1407198318774499,1.1124448244258012,1.1407198318774499,558496.0,71670750.0
513530.SH,1d,2024-05-08,1.1407198318774499,1.1486721777232258,1.1301167040830815,1.1310002980659455,491633.0,63322664.00000001
513530.SH,1d,2024-05-09,1.1292331101002175,1.1663440573805064,1.1283495161173536,1.1583917115347302,604389.0,78915499.0
513530.SH,1d,2024-05-10,1.1795979671234667,1.203455004660795,1.1795979671234667,1.199920628729339,892230.0,120556602.0
513530.SH,1d,2024-05-13,1.201687816695067,1.2600050195640924,1.200804222712203,1.247634703803996,1165306.0,162602943.0
513530.SH,1d,2024-05-14,1.2635393954955487,1.3094862826044777,1.2052221926265232,1.207872974575115,3347015.0,471879066.0
513530.SH,1d,2024-05-15,1.2140581324551634,1.2255448542323957,1.197269846780747,1.2043385986436592,559986.0,76466061.0
513530.SH,1d,2024-05-16,1.2140581324551634,1.2175925083866195,1.2052221926265232,1.2105237565237075,1308886.0,179234933.99999997
513530.SH,1d,2024-05-17,1.2131745384722994,1.2246612602495317,1.2105237565237075,1.2220104783009396,875773.0,120660696.0
513530.SH,1d,2024-05-20,1.2264284482152596,1.237915169992492,1.2255448542323957,1.2343807940610358,1124909.0,156796336.0
513530.SH,1d,2024-05-21,1.2343807940610358,1.2343807940610358,1.2158253204208915,1.2193596963523476,465066.0,64358268.00000001
513530.SH,1d,2024-05-22,1.2184761023694834,1.2264284482152596,1.2175925083866195,1.2184761023694834,458435.0,63403172.0
513530.SH,1d,2024-05-23,1.2131745384722994,1.2149417264380273,1.197269846780747,1.2149417264380273,484398.0,66115220.0
513530.SH,1d,2024-05-24,1.2105237565237075,1.2167089144037555,1.1999206287293391,1.2034550046607952,293416.0,40101192.0
513530.SH,1d,2024-05-27,1.2069893805922511,1.238798763975356,1.2061057866093872,1.232613606095308,530400.0,73807637.0
513530.SH,1d,2024-05-28,1.2361479820267638,1.2529362677011802,1.2343807940610358,1.249401891769724,557906.0,78753557.0
513530.SH,1d,2024-05-29,1.2564706436326363,1.2573542376155005,1.2308464181295797,1.238798763975356,387662.0,54487321.0
513530.SH,1d,2024-05-30,1.2343807940610358,1.2361479820267638,1.2061057866093872,1.2096401625408433,350828.0,48499420.0
513530.SH,1d,2024-05-31,1.2158253204208913,1.2264284482152596,1.2096401625408433,1.2131745384722994,355714.0,49090799.0
513530.SH,1d,2024-06-03,1.2131745384722994,1.232613606095308,1.2131745384722994,1.2220104783009396,397681.0,55095901.0
513530.SH,1d,2024-06-04,1.2158253204208915,1.2193596963523476,1.2034550046607952,1.2167089144037555,259025.0,35489312.0
513530.SH,1d,2024-06-05,1.2122909444894354,1.2237776662666675,1.201687816695067,1.201687816695067,243808.0,33456322.0
513530.SH,1d,2024-06-06,1.2105237565237075,1.2220104783009396,1.2069893805922514,1.2114073505065712,363827.0,49978308.0
513530.SH,1d,2024-06-07,1.2158253204208913,1.2193596963523474,1.207872974575115,1.2140581324551634,224506.0,30832452.0
513530.SH,1d,2024-06-11,1.2175925083866195,1.2175925083866195,1.1681112453462343,1.1787143731406027,548057.0,73364606.0
513530.SH,1d,2024-06-12,1.1698784333119625,1.1813651550891946,1.1610424934833221,1.1778307791577385,434007.0,57459217.0
513530.SH,1d,2024-06-13,1.1813651550891946,1.1848995310206507,1.1707620272948263,1.1734128092434184,206972.0,27574463.0
513530.SH,1d,2024-06-14,1.1672276513633704,1.1910846889006987,1.1672276513633704,1.1857831250035147,381976.0,51200929.0
513530.SH,1d,2024-06-17,1.185783125003515,1.185783125003515,1.1681112453462343,1.1681112453462343,230483.0,30646136.0
513530.SH,1d,2024-06-18,1.1716456212776905,1.1902010949178348,1.1698784333119625,1.1884339069521068,389349.0,52111968.0
513530.SH,1d,2024-06-19,1.191084688900699,1.2193596963523476,1.191084688900699,1.2184761023694834,426880.0,58445260.0
513530.SH,1d,2024-06-20,1.2202432903352114,1.2502854857525882,1.2202432903352114,1.2334972000781717,840160.0,117578828.99999999
513530.SH,1d,2024-06-21,1.2290792301638518,1.2308464181295797,1.2069893805922514,1.2114073505065712,448186.0,61851389.0
513530.SH,1d,2024-06-24,1.2105237565237075,1.2114073505065712,1.196386252797883,1.1999206287293391,229735.0,31272065.0
513530.SH,1d,2024-06-25,1.208756568557979,1.2237776662666675,1.2043385986436592,1.2061057866093872,562235.0,77439119.0
513530.SH,1d,2024-06-26,1.2061057866093872,1.2122909444894354,1.1999206287293391,1.2069893805922514,386515.0,52723056.99999999
513530.SH,1d,2024-06-27,1.207872974575115,1.2122909444894354,1.1822487490720588,1.1822487490720588,538001.0,72698044.0
513530.SH,1d,2024-06-28,1.1822487490720586,1.2114073505065712,1.1778307791577385,1.199037034746475,558484.0,75911274.0
513530.SH,1d,2024-07-01,1.200804222712203,1.2220104783009396,1.200804222712203,1.2193596963523474,357700.0,49148552.0
513530.SH,1d,2024-07-02,1.2193596963523474,1.2423331399068118,1.2149417264380273,1.2281956361809876,605313.0,84289152.99999999
513530.SH,1d,2024-07-03,1.2281956361809876,1.2423331399068118,1.2273120421981236,1.2334972000781717,592591.0,82803729.0
513530.SH,1d,2024-07-04,1.242333139906812,1.2458675158382682,1.2334972000781719,1.2449839218554042,493964.0,69277573.0
513530.SH,1d,2024-07-05,1.24851829778686,1.2529362677011802,1.2202432903352114,1.2211268843180754,551033.0,76991223.0
513530.SH,1d,2024-07-08,1.2202432903352114,1.2202432903352114,1.1999206287293391,1.201687816695067,356542.0,48621860.0
513530.SH,1d,2024-07-09,1.201687816695067,1.207872974575115,1.1902010949178348,1.2043385986436592,421863.0,57274832.0
513530.SH,1d,2024-07-10,1.199920628729339,1.2043385986436592,1.1760635911920105,1.1787143731406025,572452.0,77058313.0
513530.SH,1d,2024-07-11,1.1787143731406025,1.1928518768664267,1.1778307791577385,1.1884339069521068,360325.0,48377753.99999999
513530.SH,1d,2024-07-12,1.1937354708492909,1.201687816695067,1.1866667189863787,1.1937354708492909,447025.0,60412808.0
513530.SH,1d,2024-07-15,1.196386252797883,1.200804222712203,1.1840159370377867,1.185783125003515,384756.0,51920777.0
513530.SH,1d,2024-07-16,1.1831323430549225,1.1831323430549225,1.1681112453462343,1.1707620272948263,379372.0,50362449.0
513530.SH,1d,2024-07-17,1.1707620272948263,1.1734128092434184,1.1442542078089057,1.1486721777232258,564973.0,73627842.99999999
513530.SH,1d,2024-07-18,1.153090147637546,1.1645768694147782,1.14513780179177,1.1645768694147782,447101.0,58566561.0
513530.SH,1d,2024-07-19,1.1672276513633704,1.1681112453462343,1.1239315462030333,1.1248151401858972,703973.0,90239439.00000001
513530.SH,1d,2024-07-22,1.1274659221344894,1.1327674860316737,1.1080268545114809,1.1310002980659455,587798.0,74535359.00000001
513530.SH,1d,2024-07-23,1.1363018619631295,1.1469049897574979,1.1327674860316737,1.1327674860316737,297041.0,38353296.0
513530.SH,1d,2024-07-24,1.1327674860316737,1.1380690499288577,1.1256987341687614,1.1336510800145374,297824.0,38220087.0
513530.SH,1d,2024-07-25,1.1363018619631295,1.1363018619631295,1.106259666545753,1.1089104484943448,322084.0,40609137.00000001
513530.SH,1d,2024-07-26,1.108910448494345,1.1265823281516254,1.103608884597161,1.108910448494345,375586.0,47327993.0
513530.SH,1d,2024-07-29,1.109794042477209,1.1292331101002175,1.109794042477209,1.1274659221344894,425159.0,53848599.99999999
513530.SH,1d,2024-07-30,1.1248151401858972,1.1248151401858972,1.104492478580025,1.110677636460073,253837.0,31876832.0
513530.SH,1d,2024-07-31,1.1089104484943448,1.1292331101002175,1.106259666545753,1.1274659221344894,431285.0,54587185.00000001
513530.SH,1d,2024-08-01,1.1301167040830813,1.1398362378945857,1.1256987341687614,1.1336510800145374,422552.0,54166008.0
513530.SH,1d,2024-08-02,1.1221643582373053,1.1221643582373053,1.109794042477209,1.1168627943401213,431426.0,54508815.0
513530.SH,1d,2024-08-05,1.108910448494345,1.108910448494345,1.064730749351144,1.070915907231192,762709.0,93575781.0
513530.SH,1d,2024-08-06,1.0921221628199287,1.0921221628199287,1.0673815312997361,1.070915907231192,624297.0,76027316.0
513530.SH,1d,2024-08-07,1.070915907231192,1.0965401327342486,1.070915907231192,1.0877041929056084,414389.0,50940584.00000001
513530.SH,1d,2024-08-08,1.0974237267171127,1.098307320699977,1.0753338771455123,1.0841698169741525,402632.0,49310412.0
513530.SH,1d,2024-08-09,1.0903549748542005,1.098307320699977,1.0859370049398807,1.0868205989227444,312454.0,38590670.0
513530.SH,1d,2024-08-12,1.0894713808713365,1.0965401327342488,1.0859370049398807,1.0930057568027927,354623.0,43765078.0
513530.SH,1d,2024-08-13,1.0956565387513846,1.1089104484943448,1.0956565387513846,1.1009581026485689,291808.0,36375680.0
513530.SH,1d,2024-08-14,1.104492478580025,1.104492478580025,1.0938893507856566,1.0947729447685206,251623.0,31270108.000000004
513530.SH,1d,2024-08-15,1.0912385688370647,1.1159792003572573,1.0894713808713365,1.109794042477209,458159.0,57352365.0
513530.SH,1d,2024-08-16,1.1186299823058492,1.1301167040830815,1.1159792003572573,1.1239315462030333,632093.0,80474154.99999999
513530.SH,1d,2024-08-19,1.1239315462030333,1.1327674860316737,1.1230479522201695,1.1248151401858975,572402.0,73051774.00000001
513530.SH,1d,2024-08-20,1.1274659221344894,1.1292331101002175,1.111561230442937,1.1142120123915291,200218.0,25280412.0
513530.SH,1d,2024-08-21,1.111561230442937,1.111561230442937,1.1027252906142968,1.111561230442937,237828.0,29790902.0
513530.SH,1d,2024-08-22,1.1142120123915291,1.1230479522201695,1.105376072562889,1.1221643582373053,209151.0,26342023.0
513530.SH,1d,2024-08-23,1.1159792003572573,1.1203971702715774,1.1124448244258012,1.1195135762887134,252720.0,31912735.0
513530.SH,1d,2024-08-26,1.1239315462030333,1.1310002980659455,1.1195135762887134,1.1292331101002175,180031.0,22962709.0
513530.SH,1d,2024-08-27,1.1274659221344894,1.1495557717060898,1.1221643582373053,1.1486721777232258,315311.0,40683280.99999999
513530.SH,1d,2024-08-28,1.1495557717060898,1.1504393656889538,1.1318838920488095,1.1380690499288575,269016.0,34694739.0
513530.SH,1d,2024-08-29,1.1371854559459937,1.1371854559459937,1.1159792003572573,1.1221643582373053,416596.0,53016022.0
513530.SH,1d,2024-08-30,1.1230479522201695,1.1398362378945857,1.1230479522201695,1.1327674860316737,554075.0,70985049.0
513530.SH,1d,2024-09-02,1.1230479522201695,1.1318838920488097,1.1142120123915291,1.1195135762887134,441745.0,56001863.0
513530.SH,1d,2024-09-03,1.1195135762887132,1.1283495161173533,1.109794042477209,1.109794042477209,315563.0,39805869.99999999
513530.SH,1d,2024-09-04,1.1027252906142968,1.109794042477209,1.0903549748542005,1.0921221628199287,297241.0,36856926.99999999
513530.SH,1d,2024-09-05,1.0930057568027927,1.098307320699977,1.0824026290084245,1.0832862229912883,255111.0,31409030.000000004
513530.SH,1d,2024-09-06,1.0841698169741525,1.0903549748542005,1.0806354410426964,1.0815190350255603,122714.0,15085196.0
513530.SH,1d,2024-09-09,1.0797518470598324,1.0815190350255603,1.0541276215567759,1.057661997488232,282328.0,34005560.00000001
513530.SH,1d,2024-09-10,1.060312779436824,1.065614343334008,1.0550112155396398,1.0611963734196879,237548.0,28473677.0
513530.SH,1d,2024-09-11,1.0550112155396398,1.057661997488232,1.0329213659680394,1.0408737118138154,489985.0,57628019.0
513530.SH,1d,2024-09-12,1.0444080877452715,1.0567784035053678,1.0391065238480874,1.0532440275739117,339730.0,40335698.0
513530.SH,1d,2024-09-13,1.0558948095225038,1.0726830951969202,1.0558948095225038,1.0620799674025518,304219.0,36699611.0
513530.SH,1d,2024-09-18,1.0726830951969202,1.0832862229912883,1.0726830951969202,1.0824026290084243,259673.0,31755818.0
513530.SH,1d,2024-09-19,1.0841698169741523,1.0974237267171127,1.0779846590941042,1.0965401327342486,421710.0,51954381.00000001
513530.SH,1d,2024-09-20,1.1000745086657047,1.1133284184086651,1.0921221628199287,1.1053760725628887,556475.0,69533176.0
513530.SH,1d,2024-09-23,1.1071432605286171,1.1265823281516254,1.1071432605286171,1.1203971702715774,309446.0,39158773.0
513530.SH,1d,2024-09-24,1.1301167040830815,1.1645768694147782,1.1301167040830815,1.1628096814490503,848167.0,110391537.0
513530.SH,1d,2024-09-25,1.185783125003515,1.2087565685579793,1.1681112453462343,1.1698784333119625,1715506.0,230917570.0
513530.SH,1d,2024-09-26,1.1822487490720588,1.1937354708492909,1.1681112453462343,1.192851876866427,832919.0,111411291.0
513530.SH,1d,2024-09-27,1.2299628241467155,1.254703455666908,1.199037034746475,1.2061057866093872,781968.0,107841203.0
513530.SH,1d,2024-09-30,1.2202432903352114,1.281211275152829,1.2193596963523476,1.2520526737183162,2080072.0,293134293.0
513530.SH,1d,2024-10-08,1.3722214553878231,1.376639425302143,1.237031576009628,1.2732589293070526,1740236.0,254362564.00000003
513530.SH,1d,2024-10-09,1.2635393954955485,1.2635393954955485,1.1813651550891946,1.2043385986436592,2096478.0,289687932.0
513530.SH,1d,2024-10-10,1.2193596963523476,1.279444087187101,1.2193596963523476,1.2494018917697243,1857802.0,262890383.0
513530.SH,1d,2024-10-11,1.2644229894784125,1.2644229894784125,1.2149417264380273,1.2220104783009396,697365.0,97871445.0
513530.SH,1d,2024-10-14,1.245867515838268,1.288280027015741,1.245867515838268,1.2741425232899166,1873938.0,269075446.0
513530.SH,1d,2024-10-15,1.2732589293070526,1.279444087187101,1.2361479820267638,1.2370315760096278,1135311.0,162530307.0
513530.SH,1d,2024-10-16,1.2334972000781719,1.2697245533755968,1.2334972000781719,1.2608886135469564,1853299.0,263963794.0
513530.SH,1d,2024-10-17,1.2688409593927326,1.282094869135693,1.243216733889676,1.24410032787254,1301551.0,186533033.0
513530.SH,1d,2024-10-18,1.24410032787254,1.2759097112556448,1.237915169992492,1.2635393954955485,1381596.0,195960246.0
513530.SH,1d,2024-10-21,1.2723753353241887,1.2767933052385085,1.2600050195640924,1.2644229894784123,903850.0,129580640.0
513530.SH,1d,2024-10-22,1.2635393954955485,1.2776768992213727,1.2626558015126845,1.2679573654098686,767092.0,110376430.0
513530.SH,1d,2024-10-23,1.2732589293070526,1.2873964330328769,1.2688409593927326,1.2785604932042367,739644.0,107072494.0
513530.SH,1d,2024-10-24,1.2714917413413247,1.279444087187101,1.2679573654098686,1.2759097112556448,640547.0,92320925.0
513530.SH,1d,2024-10-25,1.2785604932042367,1.285629245067149,1.2706081473584605,1.2714917413413245,813706.0,117758037.0
513530.SH,1d,2024-10-28,1.2741425232899166,1.2776768992213727,1.2670737714270044,1.2750261172727806,910699.0,131306823.00000001
513530.SH,1d,2024-10-29,1.282094869135693,1.283862057101421,1.2573542376155005,1.2573542376155005,1145623.0,164265561.00000003
513530.SH,1d,2024-10-30,1.2555870496497723,1.2653065834612767,1.237031576009628,1.240565951941084,1000190.0,141543993.00000003
513530.SH,1d,2024-10-31,1.243216733889676,1.2555870496497723,1.237915169992492,1.243216733889676,996014.0,140413750.0
513530.SH,1d,2024-11-01,1.250285485752588,1.2688409593927326,1.24410032787254,1.2591214255812282,1122248.0,160162435.00000003
513530.SH,1d,2024-11-04,1.2670737714270044,1.2688409593927326,1.2502854857525882,1.2626558015126845,894062.0,127340994.0
513530.SH,1d,2024-11-05,1.2608886135469564,1.290047214981469,1.2591214255812284,1.284745651084285,985821.0,142654293.00000003
513530.SH,1d,2024-11-06,1.2812112751528288,1.2962323728615173,1.2732589293070526,1.2750261172727808,1227602.0,178386575.0
513530.SH,1d,2024-11-07,1.2759097112556448,1.3103698765873415,1.2723753353241887,1.3068355006558854,1291339.0,189458728.0
513530.SH,1d,2024-11-08,1.3218565983645738,1.326274568278894,1.289163620998605,1.2918144029471972,768830.0,113160075.00000001
513530.SH,1d,2024-11-11,1.2776768992213727,1.283862057101421,1.2644229894784125,1.2723753353241887,495044.0,71260034.0
513530.SH,1d,2024-11-12,1.2732589293070526,1.2865128390500131,1.237031576009628,1.241449545923948,659737.0,94302189.0
513530.SH,1d,2024-11-13,1.23968235795822,1.2520526737183162,1.2352643880439,1.242333139906812,728504.0,102562598.0
513530.SH,1d,2024-11-14,1.245867515838268,1.249401891769724,1.2220104783009396,1.2228940722838035,451082.0,63172089.0
513530.SH,1d,2024-11-15,1.2264284482152596,1.237031576009628,1.2246612602495317,1.232613606095308,640838.0,89424365.0
513530.SH,1d,2024-11-18,1.238798763975356,1.2600050195640926,1.2334972000781719,1.2476347038039963,743057.0,104967389.00000001
513530.SH,1d,2024-11-19,1.2538198616840444,1.2573542376155005,1.241449545923948,1.249401891769724,479262.0,67813312.0
513530.SH,1d,2024-11-20,1.24851829778686,1.2564706436326363,1.247634703803996,1.2511690797354522,353619.0,50126899.0
513530.SH,1d,2024-11-21,1.24851829778686,1.2564706436326363,1.24851829778686,1.2502854857525882,281300.0,39873578.0
513530.SH,1d,2024-11-22,1.2476347038039963,1.2555870496497723,1.2087565685579793,1.2105237565237075,497156.0,69355144.0
513530.SH,1d,2024-11-25,1.2175925083866193,1.2264284482152596,1.2131745384722994,1.2211268843180754,337884.0,46655531.00000001
513530.SH,1d,2024-11-26,1.2149417264380273,1.2184761023694834,1.2052221926265232,1.207872974575115,328352.0,45015211.00000001
513530.SH,1d,2024-11-27,1.2069893805922511,1.2105237565237073,1.1955026588150188,1.2105237565237073,487020.0,66365406.0
513530.SH,1d,2024-11-28,1.2114073505065712,1.2131745384722994,1.1955026588150188,1.1963862527978828,307607.0,41878114.00000001
513530.SH,1d,2024-11-29,1.200804222712203,1.2087565685579793,1.194619064832155,1.197269846780747,405562.0,55074073.00000001
513530.SH,1d,2024-12-02,1.203455004660795,1.2175925083866193,1.202571410677931,1.2114073505065712,358553.0,49114560.0
513530.SH,1d,2024-12-03,1.2122909444894354,1.237031576009628,1.2122909444894354,1.2343807940610358,561636.0,77953170.99999999
513530.SH,1d,2024-12-04,1.2334972000781719,1.2476347038039963,1.2281956361809878,1.242333139906812,516171.0,72464344.0
513530.SH,1d,2024-12-05,1.2343807940610358,1.241449545923948,1.231730012112444,1.2343807940610358,262409.0,36708908.0
513530.SH,1d,2024-12-06,1.240565951941084,1.2555870496497723,1.240565951941084,1.2511690797354522,385528.0,54471454.0
513530.SH,1d,2024-12-09,1.2520526737183162,1.2653065834612764,1.2467511098211321,1.2600050195640924,519828.0,74031854.0
513530.SH,1d,2024-12-10,1.3077190946387494,1.3147878465016616,1.2653065834612764,1.2670737714270044,654676.0,95114434.00000001
513530.SH,1d,2024-12-11,1.2688409593927326,1.282094869135693,1.2626558015126845,1.2644229894784125,425304.0,61293979.0
513530.SH,1d,2024-12-12,1.2653065834612764,1.2803276811699649,1.2626558015126845,1.2776768992213727,399040.0,57520000.0
513530.SH,1d,2024-12-13,1.2714917413413247,1.2714917413413247,1.2502854857525882,1.2529362677011802,386130.0,54876920.0
513530.SH,1d,2024-12-16,1.2529362677011802,1.2679573654098684,1.2529362677011802,1.2661901774441404,788854.0,112797092.0
513530.SH,1d,2024-12-17,1.2617722075298203,1.2635393954955485,1.2511690797354522,1.2529362677011802,562464.0,80049586.0
513530.SH,1d,2024-12-18,1.2582378315983642,1.2653065834612764,1.2573542376155005,1.2608886135469564,314858.0,44935370.0
513530.SH,1d,2024-12-19,1.24851829778686,1.2591214255812284,1.2467511098211321,1.2573542376155005,333720.0,47311473.00000001
513530.SH,1d,2024-12-20,1.2538198616840444,1.2555870496497723,1.237031576009628,1.238798763975356,650991.0,91718538.99999999
513530.SH,1d,2024-12-23,1.24410032787254,1.2591214255812284,1.23968235795822,1.254703455666908,433320.0,61403548.0
513530.SH,1d,2024-12-24,1.2564706436326363,1.296232372861517,1.2564706436326363,1.294465184895789,1178983.0,171421168.0
513530.SH,1d,2024-12-25,1.2971159668443812,1.3298089442103498,1.2812112751528288,1.2997667487929732,881472.0,130708070.0
513530.SH,1d,2024-12-26,1.3041847187072935,1.330692538193214,1.2926979969300612,1.2997667487929734,1028935.0,152636625.0
513530.SH,1d,2024-12-27,1.295348778878653,1.295348778878653,1.279444087187101,1.2820948691356928,571334.0,83047221.0
513530.SH,1d,2024-12-30,1.284745651084285,1.3050683126901572,1.284745651084285,1.2935815909129251,691942.0,101494163.0
513530.SH,1d,2024-12-31,1.2944651848957893,1.3077190946387494,1.287396433032877,1.288280027015741,678593.0,99797623.0
513530.SH,1d,2025-01-02,1.288280027015741,1.292697996930061,1.2617722075298203,1.2653065834612764,603350.0,87302303.00000001
513530.SH,1d,2025-01-03,1.2706081473584605,1.2829784631185568,1.2679573654098686,1.2732589293070526,721456.0,104067463.0
513530.SH,1d,2025-01-06,1.2732589293070526,1.2829784631185568,1.2688409593927326,1.2706081473584605,542433.0,78339502.0
513530.SH,1d,2025-01-07,1.2679573654098686,1.2679573654098686,1.2467511098211321,1.2511690797354522,602803.0,85583985.0
513530.SH,1d,2025-01-08,1.2502854857525882,1.2608886135469564,1.240565951941084,1.2476347038039963,723951.0,102328068.00000001
513530.SH,1d,2025-01-09,1.249401891769724,1.249401891769724,1.232613606095308,1.237915169992492,485038.0,67980919.0
513530.SH,1d,2025-01-10,1.237031576009628,1.2458675158382682,1.2264284482152596,1.2290792301638518,343694.0,48012617.00000001
513530.SH,1d,2025-01-13,1.2255448542323957,1.2361479820267638,1.2193596963523476,1.2352643880439,539276.0,74980614.00000001
513530.SH,1d,2025-01-14,1.237031576009628,1.2494018917697243,1.2352643880439,1.2476347038039963,550301.0,77492424.00000001
513530.SH,1d,2025-01-15,1.2467511098211321,1.2564706436326363,1.243216733889676,1.245867515838268,366996.0,51870825.99999999
513530.SH,1d,2025-01-16,1.2591214255812282,1.2608886135469564,1.245867515838268,1.2511690797354522,390419.0,55376503.0
513530.SH,1d,2025-01-17,1.250285485752588,1.252052673718316,1.24410032787254,1.252052673718316,327381.0,46248791.00000001
513530.SH,1d,2025-01-20,1.254703455666908,1.2591214255812284,1.243216733889676,1.243216733889676,360336.0,50912713.0
513530.SH,1d,2025-01-21,1.2476347038039963,1.2494018917697243,1.238798763975356,1.241449545923948,377921.0,53155548.0
513530.SH,1d,2025-01-22,1.242333139906812,1.242333139906812,1.231730012112444,1.232613606095308,257889.0,36036409.0
513530.SH,1d,2025-01-23,1.2449839218554042,1.2494018917697243,1.238798763975356,1.241449545923948,423739.0,59687629.00000001
513530.SH,1d,2025-01-24,1.2423331399068118,1.2502854857525882,1.23968235795822,1.2502854857525882,558755.0,78834285.0
513530.SH,1d,2025-01-27,1.2520526737183162,1.2661901774441406,1.2520526737183162,1.2591214255812284,411282.0,58720116.99999999
513530.SH,1d,2025-02-05,1.2573542376155005,1.2635393954955485,1.2520526737183162,1.2582378315983642,344830.0,49077414.99999999
513530.SH,1d,2025-02-06,1.2582378315983642,1.2679573654098686,1.2573542376155005,1.2617722075298203,367141.0,52423032.0
513530.SH,1d,2025-02-07,1.2608886135469564,1.2653065834612764,1.2529362677011802,1.2591214255812282,500766.0,71382254.0
513530.SH,1d,2025-02-10,1.2679573654098684,1.2714917413413245,1.2617722075298203,1.2635393954955485,373433.0,53514348.0
513530.SH,1d,2025-02-11,1.2653065834612764,1.2723753353241887,1.2653065834612764,1.2688409593927326,418151.0,60009913.0
513530.SH,1d,2025-02-12,1.2714917413413247,1.2926979969300612,1.2714917413413247,1.2909308089643332,751726.0,109136189.0
513530.SH,1d,2025-02-13,1.2918144029471972,1.296232372861517,1.2723753353241887,1.285629245067149,1239944.0,180997871.0
513530.SH,1d,2025-02-14,1.284745651084285,1.285629245067149,1.2723753353241887,1.2767933052385085,902366.0,130721509.0
513530.SH,1d,2025-02-17,1.282094869135693,1.2926979969300612,1.2767933052385088,1.2918144029471972,553331.0,80377345.0
513530.SH,1d,2025-02-18,1.2918144029471972,1.3050683126901574,1.289163620998605,1.2935815909129251,449454.0,65920310.0
513530.SH,1d,2025-02-19,1.292697996930061,1.2971159668443812,1.288280027015741,1.290930808964333,277663.0,40615967.0
513530.SH,1d,2025-02-20,1.289163620998605,1.2909308089643332,1.278560493204237,1.285629245067149,306451.0,44546931.00000001
513530.SH,1d,2025-02-21,1.288280027015741,1.2971159668443812,1.288280027015741,1.295348778878653,413310.0,60457734.0
513530.SH,1d,2025-02-24,1.2944651848957893,1.2997667487929734,1.278560493204237,1.2926979969300612,417402.0,61066644.0
513530.SH,1d,2025-02-25,1.2750261172727806,1.286512839050013,1.2741425232899166,1.2759097112556448,307464.0,44572127.0
513530.SH,1d,2025-02-26,1.2785604932042367,1.294465184895789,1.2759097112556448,1.290047214981469,222674.0,32430386.0
513530.SH,1d,2025-02-27,1.2909308089643332,1.2918144029471972,1.282094869135693,1.2918144029471972,398093.0,58017880.0
513530.SH,1d,2025-02-28,1.2909308089643332,1.2918144029471972,1.2750261172727808,1.2776768992213727,270974.0,39362350.0
513530.SH,1d,2025-03-03,1.2812112751528288,1.2962323728615173,1.2803276811699649,1.289163620998605,404975.0,59155536.0
513530.SH,1d,2025-03-04,1.287396433032877,1.287396433032877,1.2679573654098686,1.2829784631185568,327999.0,47429146.00000001
513530.SH,1d,2025-03-05,1.2838620571014208,1.2979995608272452,1.2829784631185568,1.2971159668443812,293839.0,43030649.0
513530.SH,1d,2025-03-06,1.3006503427758374,1.3041847187072935,1.2926979969300612,1.2971159668443812,408990.0,59992978.0
513530.SH,1d,2025-03-07,1.2962323728615173,1.3059519066730214,1.2944651848957893,1.3006503427758374,240669.0,35470133.0
513530.SH,1d,2025-03-10,1.3006503427758374,1.3077190946387494,1.2944651848957893,1.3041847187072935,203453.0,29997966.0
513530.SH,1d,2025-03-11,1.2979995608272452,1.3068355006558856,1.2926979969300612,1.3059519066730214,149542.0,22009876.0
513530.SH,1d,2025-03-12,1.3068355006558856,1.3103698765873417,1.3033011247244295,1.3059519066730214,179488.0,26531188.0
513530.SH,1d,2025-03-13,1.3068355006558856,1.3139042525187976,1.2979995608272452,1.3033011247244295,255191.0,37715830.0
513530.SH,1d,2025-03-14,1.3059519066730214,1.3245073803131657,1.3059519066730214,1.3218565983645738,373533.0,55758686.0
513530.SH,1d,2025-03-17,1.3218565983645738,1.3333433201418061,1.3139042525187976,1.3333433201418061,282040.0,42366058.0
513530.SH,1d,2025-03-18,1.3404120720047181,1.3404120720047181,1.328925350227486,1.3386448840389902,324354.0,48982888.0
513530.SH,1d,2025-03-19,1.3386448840389902,1.3430628539533103,1.3351105081075343,1.3395284780218542,248032.0,37582317.0
513530.SH,1d,2025-03-20,1.3386448840389902,1.3430628539533103,1.3333433201418061,1.33422691412467,300881.0,45580995.00000001
513530.SH,1d,2025-03-21,1.33422691412467,1.3386448840389902,1.3121370645530697,1.3200894103988456,443709.0,66560575.0
513530.SH,1d,2025-03-24,1.32539097429603,1.3315761321760782,1.3174386284502537,1.32539097429603,343043.0,51403648.0
513530.SH,1d,2025-03-25,1.322740192347438,1.326274568278894,1.3103698765873417,1.3121370645530697,288239.0,42937416.00000001
513530.SH,1d,2025-03-26,1.3130206585359336,1.3200894103988456,1.3068355006558856,1.3094862826044775,164148.0,24406882.0
513530.SH,1d,2025-03-27,1.3077190946387494,1.3209730043817096,1.3077190946387494,1.3147878465016616,164092.0,24432408.000000004
513530.SH,1d,2025-03-28,1.3147878465016616,1.3183222224331177,1.2962323728615173,1.3024175307415653,913477.0,134716146.0
513530.SH,1d,2025-03-31,1.301533936758701,1.3147878465016616,1.2918144029471972,1.3050683126901572,572034.0,84505378.0
513530.SH,1d,2025-04-01,1.3077190946387494,1.3209730043817098,1.3068355006558856,1.3200894103988456,290915.0,43251801.0
513530.SH,1d,2025-04-02,1.3165550344673898,1.328925350227486,1.3147878465016616,1.32539097429603,202777.0,30370860.0
513530.SH,1d,2025-04-03,1.3165550344673898,1.3227401923474378,1.3077190946387494,1.3192058164159817,448390.0,66760894.0
513530.SH,1d,2025-04-07,1.237031576009628,1.2529362677011804,1.1875503129692428,1.1902010949178348,570713.0,78327791.0
513530.SH,1d,2025-04-08,1.197269846780747,1.2105237565237073,1.1937354708492909,1.201687816695067,562327.0,76439652.0
513530.SH,1d,2025-04-09,1.196386252797883,1.2140581324551634,1.1716456212776905,1.2069893805922514,655618.0,88747552.00000001
513530.SH,1d,2025-04-10,1.2228940722838038,1.2582378315983644,1.2228940722838038,1.237915169992492,660856.0,93282243.0
513530.SH,1d,2025-04-11,1.23968235795822,1.254703455666908,1.2273120421981236,1.24851829778686,484159.0,68217216.0
513530.SH,1d,2025-04-14,1.2582378315983642,1.2776768992213727,1.2582378315983642,1.2767933052385085,327438.0,47056355.0
513530.SH,1d,2025-04-15,1.2776768992213727,1.284745651084285,1.2759097112556448,1.279444087187101,226297.0,32789079.0
513530.SH,1d,2025-04-16,1.2776768992213727,1.2838620571014208,1.2653065834612764,1.2706081473584605,230065.0,33120613.0
513530.SH,1d,2025-04-17,1.2706081473584605,1.2812112751528288,1.2679573654098686,1.2750261172727808,188880.0,27306430.999999996
513530.SH,1d,2025-04-18,1.2785604932042367,1.2785604932042367,1.2688409593927326,1.2750261172727806,109603.0,15801312.000000002
513530.SH,1d,2025-04-21,1.284745651084285,1.284745651084285,1.2723753353241887,1.279444087187101,96284.0,13911529.0
513530.SH,1d,2025-04-22,1.2759097112556448,1.2820948691356928,1.2723753353241887,1.2803276811699646,241685.0,34914737.0
513530.SH,1d,2025-04-23,1.287396433032877,1.2926979969300612,1.283862057101421,1.287396433032877,186959.0,27238528.0
513530.SH,1d,2025-04-24,1.2873964330328769,1.2918144029471972,1.2812112751528288,1.2829784631185568,118681.0,17273519.0
513530.SH,1d,2025-04-25,1.2829784631185568,1.295348778878653,1.2829784631185568,1.290047214981469,168156.0,24579700.000000004
513530.SH,1d,2025-04-28,1.290930808964333,1.2997667487929732,1.284745651084285,1.2988831548101092,137888.0,20186438.000000004
513530.SH,1d,2025-04-29,1.2997667487929732,1.301533936758701,1.2918144029471972,1.295348778878653,273545.0,40141498.0
513530.SH,1d,2025-04-30,1.2926979969300612,1.2979995608272452,1.282094869135693,1.289163620998605,277416.0,40400156.0
513530.SH,1d,2025-05-06,1.2918144029471972,1.295348778878653,1.282094869135693,1.2935815909129251,382819.0,55822166.0
513530.SH,1d,2025-05-07,1.3165550344673898,1.3183222224331177,1.3006503427758374,1.3094862826044775,305021.0,45221022.00000001
513530.SH,1d,2025-05-08,1.3121370645530697,1.3121370645530697,1.3033011247244295,1.3033011247244295,161123.0,23833515.0
513530.SH,1d,2025-05-09,1.3059519066730214,1.3183222224331177,1.3041847187072935,1.3156714404845256,281045.0,41821526.00000001
513530.SH,1d,2025-05-12,1.3156714404845258,1.328925350227486,1.3156714404845258,1.3218565983645738,413923.0,62050875.0
513530.SH,1d,2025-05-13,1.33422691412467,1.342179259970446,1.32539097429603,1.3386448840389902,397862.0,60108234.0
513530.SH,1d,2025-05-14,1.3430628539533103,1.370454267422095,1.3404120720047183,1.368687079456367,278620.0,42889374.0
513530.SH,1d,2025-05-15,1.3713378614049587,1.3766394253021428,1.3616183275934546,1.3642691095420465,371968.0,57570100.00000001
513530.SH,1d,2025-05-16,1.3616183275934546,1.3633855155591827,1.3518987937819504,1.3598511396277266,298376.0,45875081.00000001
513530.SH,1d,2025-05-19,1.3554331697134065,1.372221455387823,1.3554331697134065,1.3669198914906386,225229.0,34840653.00000001
513530.SH,1d,2025-05-20,1.3713378614049587,1.3898933350451033,1.3704542674220948,1.3872425530965111,344356.0,53855688.0
513530.SH,1d,2025-05-21,1.3890097410622393,1.4031472447880637,1.3837081771650552,1.3978456808908795,346867.0,54769149.0
513530.SH,1d,2025-05-22,1.3987292748737434,1.4031472447880635,1.3934277109765594,1.3978456808908795,236178.0,37374596.0
513530.SH,1d,2025-05-23,1.3960784929251513,1.4040308387709277,1.3916605230108314,1.3925441169936952,291977.0,46138021.00000001
513530.SH,1d,2025-05-26,1.3907769290279675,1.4057980267366557,1.3890097410622393,1.3960784929251515,387351.0,61173935.99999999
513530.SH,1d,2025-05-27,1.3987292748737434,1.4013800568223356,1.3890097410622393,1.3907769290279675,361569.0,57069030.00000001
513530.SH,1d,2025-05-28,1.3916605230108314,1.4031472447880635,1.3916605230108314,1.3969620869080155,227887.0,36084911.0
513530.SH,1d,2025-05-29,1.3996128688566076,1.4049144327537917,1.3960784929251515,1.3996128688566076,327266.0,51850308.0
513530.SH,1d,2025-05-30,1.3960784929251513,1.4031472447880635,1.3934277109765594,1.3960784929251513,153994.0,24337672.0
513530.SH,1d,2025-06-03,1.3925441169936952,1.4084488086852476,1.3916605230108314,1.4040308387709277,245489.0,38881481.0
513530.SH,1d,2025-06-04,1.4040308387709277,1.4066816207195196,1.4004964628394716,1.4031472447880635,191609.0,30422136.000000004
513530.SH,1d,2025-06-05,1.4075652147023836,1.4084488086852476,1.3951948989422873,1.4004964628394716,396812.0,62889609.0
513530.SH,1d,2025-06-06,1.3996128688566076,1.4084488086852478,1.3978456808908795,1.4013800568223356,252134.0,40007603.0
513530.SH,1d,2025-06-09,1.4013800568223356,1.4075652147023836,1.4013800568223356,1.4075652147023836,351591.0,55905305.0
513530.SH,1d,2025-06-10,1.4084488086852478,1.4367238161368965,1.4084488086852478,1.4305386582568482,394257.0,63663452.0
513530.SH,1d,2025-06-11,1.4331894402054401,1.4517449138455847,1.4323058462225762,1.4455597559655364,502152.0,82201103.0
513530.SH,1d,2025-06-12,1.4482105379141286,1.4526285078284487,1.4429089740169445,1.4490941318969925,565087.0,92572642.0
513530.SH,1d,2025-06-13,1.4508613198627207,1.4667660115542729,1.4482105379141286,1.4596972596913609,443905.0,73368070.0
513530.SH,1d,2025-06-16,1.474830891929707,1.474830891929707,1.4569324587752204,1.469461361983361,421097.0,68860583.0
513530.SH,1d,2025-06-17,1.4703562836410853,1.4757258135874314,1.4605121454061176,1.461407067063842,896829.0,147124466.00000003
513530.SH,1d,2025-06-18,1.4649867536947392,1.4748308919297068,1.4542476938020472,1.4623019887215662,766211.0,125154046.0
513530.SH,1d,2025-06-19,1.464091832037015,1.464091832037015,1.4300848090434901,1.4309797307012144,1008211.0,162134887.0
513530.SH,1d,2025-06-20,1.4381391039630091,1.4569324587752204,1.431874652358939,1.447983242197977,542797.0,87852564.0
513530.SH,1d,2025-06-23,1.4542476938020472,1.4649867536947392,1.4408238689361823,1.4623019887215662,640330.0,104081550.00000001
513530.SH,1d,2025-06-24,1.4587223020906688,1.4730410486142582,1.4560375371174958,1.472146126956534,590409.0,96786122.0
513530.SH,1d,2025-06-25,1.4757258135874314,1.4757258135874314,1.4631969103792906,1.4712512052988096,399196.0,65527279.0
513530.SH,1d,2025-06-26,1.4739359702719825,1.4739359702719825,1.4631969103792906,1.4649867536947392,258047.0,42292269.00000001
513530.SH,1d,2025-06-27,1.4649867536947392,1.472146126956534,1.4470883205402525,1.451562928828874,407776.0,66488693.0
513530.SH,1d,2025-06-30,1.4515629288288743,1.453352772144323,1.4408238689361823,1.447983242197977,532170.0,86072704.0
513530.SH,1d,2025-07-01,1.451562928828874,1.4542476938020472,1.4488781638557011,1.4524578504865986,128795.0,20895670.0
513530.SH,1d,2025-07-02,1.4551426154597715,1.474830891929707,1.4551426154597715,1.472146126956534,421024.0,69021808.0
513530.SH,1d,2025-07-03,1.4712512052988096,1.480200421876053,1.4631969103792906,1.4712512052988096,333268.0,54790514.00000001
513530.SH,1d,2025-07-04,1.4685664403256367,1.4739359702719825,1.4631969103792906,1.4658816753524635,504327.0,82737678.0
513530.SH,1d,2025-07-07,1.4703562836410853,1.4703562836410853,1.4623019887215662,1.4685664403256367,650499.0,106610120.0
513530.SH,1d,2025-07-08,1.4712512052988096,1.4739359702719825,1.461407067063842,1.4623019887215662,1239820.0,202941929.0
513530.SH,1d,2025-07-09,1.4623019887215662,1.4703562836410853,1.4560375371174958,1.4685664403256367,776214.0,127004336.0
513530.SH,1d,2025-07-10,1.4676715186679123,1.4927293250841938,1.4676715186679123,1.4909394817687451,458180.0,75971057.0
513530.SH,1d,2025-07-11,1.4945191683996424,1.5186820531581993,1.4927293250841935,1.5115226798964045,773718.0,130576272.0
513530.SH,1d,2025-07-14,1.509522529991391,1.5230973728869972,1.5068075614122698,1.5104275195177648,480244.0,80338419.00000001
513530.SH,1d,2025-07-15,1.5140474776232598,1.5185724252551285,1.4968526766221588,1.5049975823595223,375125.0,62416650.0
513530.SH,1d,2025-07-16,1.5068075614122698,1.5149524671496335,1.503187603306775,1.5086175404650173,466023.0,77635552.0
513530.SH,1d,2025-07-17,1.5077125509386438,1.5095225299913912,1.4986626556749063,1.49956764520128,857117.0,142312306.99999997
513530.SH,1d,2025-07-18,1.5040925928331488,1.5077125509386438,1.4986626556749063,1.5049975823595223,613106.0,101924844.0
513530.SH,1d,2025-07-21,1.5086175404650173,1.5294322995716132,1.5086175404650173,1.5285273100452395,537840.0,90728307.00000001
513530.SH,1d,2025-07-22,1.5303372890979867,1.5556769958364514,1.5240023624133707,1.5502470586782091,578685.0,98498809.00000001
513530.SH,1d,2025-07-23,1.5520570377309566,1.5656318806265626,1.5502470586782093,1.5592969539419466,628865.0,108111149.00000001
513530.SH,1d,2025-07-24,1.5574869748891988,1.5692518387320575,1.5547720063100778,1.5656318806265626,637361.0,110155151.0
513530.SH,1d,2025-07-25,1.5656318806265626,1.578301733995795,1.5602019434683203,1.5692518387320575,498510.0,86480292.0
513530.SH,1d,2025-07-28,1.5737767863639263,1.577396744469421,1.5620119225210678,1.5647268911001888,357654.0,62004649.0
513530.SH,1d,2025-07-29,1.564726891100189,1.56744185967931,1.5520570377309566,1.5592969539419466,424872.0,73152157.00000001
513530.SH,1d,2025-07-30,1.5583919644155728,1.5755867654166738,1.557486974889199,1.563821901573815,396365.0,68680716.0
513530.SH,1d,2025-07-31,1.5656318806265626,1.5656318806265626,1.533957247203482,1.5366722157826032,829649.0,141647053.0
513530.SH,1d,2025-08-01,1.537577205308977,1.5448171215199669,1.5267173309924922,1.5330522576771082,398003.0,67510900.0
513530.SH,1d,2025-08-04,1.5312422786243607,1.5321472681507342,1.513142488096886,1.5276223205188657,692189.0,116517932.99999999
513530.SH,1d,2025-08-05,1.530337289097987,1.543912131993593,1.5249073519397447,1.5430071424672194,862313.0,145993160.0
513530.SH,1d,2025-08-06,1.543912131993593,1.557486974889199,1.5393871843617244,1.5457221110463404,719535.0,123030470.99999999
513530.SH,1d,2025-08-07,1.5493420691518354,1.5592969539419463,1.5384821948353506,1.5592969539419463,728032.0,124649488.0
513530.SH,1d,2025-08-08,1.5583919644155728,1.5629169120474413,1.5529620272573303,1.5583919644155728,753589.0,129829702.0
513530.SH,1d,2025-08-11,1.561106932994694,1.5620119225210678,1.5484370796254618,1.5529620272573303,709549.0,121802392.0
513530.SH,1d,2025-08-12,1.5547720063100778,1.5719668073111788,1.5547720063100778,1.571061817784805,1138279.0,197022535.0
513530.SH,1d,2025-08-13,1.5728717968375525,1.58192169210129,1.568346849205684,1.5773967444694212,978811.0,170171956.00000003
513530.SH,1d,2025-08-14,1.578301733995795,1.5864466397331585,1.5656318806265626,1.5701568282584313,787887.0,137137320.00000003
513530.SH,1d,2025-08-15,1.5701568282584315,1.571966807311179,1.561106932994694,1.571061817784805,589034.0,101981398.0
513530.SH,1d,2025-08-18,1.5703141977921617,1.572132743475766,1.5630400150577453,1.5657678335831513,580684.0,100101417.99999999
513530.SH,1d,2025-08-19,1.5648585607413494,1.5675863792667555,1.557584378006933,1.5594029236905371,376820.0,64745186.0
513530.SH,1d,2025-08-20,1.5584936508487348,1.560312196532339,1.5421267396962977,1.559402923690537,629062.0,107243354.0
513530.SH,1d,2025-08-21,1.559402923690537,1.5684956521085573,1.5566751051651306,1.5584936508487348,359492.0,61789490.0
513530.SH,1d,2025-08-22,1.563040015057745,1.5666771064249534,1.5494009224307141,1.5530380137979225,529585.0,90449643.0
513530.SH,1d,2025-08-25,1.5548565594815267,1.5657678335831513,1.5548565594815267,1.5621307422159432,796139.0,136645320.00000003
513530.SH,1d,2025-08-26,1.5584936508487348,1.559402923690537,1.545763831063506,1.548491649588912,486467.0,83070882.0
513530.SH,1d,2025-08-27,1.5494009224307141,1.5503101952725162,1.5239412828602565,1.5248505557020584,666098.0,112853681.0
513530.SH,1d,2025-08-28,1.5257598285438605,1.5412174668544956,1.5257598285438605,1.5384896483290895,1055919.0,178039289.0
513530.SH,1d,2025-08-29,1.5393989211708916,1.545763831063506,1.5193949186512463,1.5239412828602565,875469.0,147354624.0
513530.SH,1d,2025-09-01,1.5248505557020586,1.5257598285438607,1.5093929173914236,1.5121207359168298,596842.0,99531578.0
513530.SH,1d,2025-09-02,1.513030008758632,1.5212134643348503,1.5093929173914236,1.515757827284038,627376.0,104696901.0
513530.SH,1d,2025-09-03,1.5184856458094442,1.5230320100184545,1.5057558260242154,1.5075743717078196,546545.0,90977098.99999999
513530.SH,1d,2025-09-04,1.5112114630750277,1.5139392816004338,1.4912074605553824,1.5003001889734031,776558.0,127946939.0
513530.SH,1d,2025-09-05,1.5030280074988092,1.5221227371766526,1.4966630976061948,1.5212134643348503,827520.0,137518837.0
513530.SH,1d,2025-09-08,1.5203041914930482,1.532124738436475,1.5148485544422359,1.531215465594673,418316.0,70145732.00000001
513530.SH,1d,2025-09-09,1.532124738436475,1.5412174668544956,1.5275783742274647,1.533943284120079,268463.0,45296102.00000001
513530.SH,1d,2025-09-10,1.5375803754872872,1.559402923690537,1.5366711026454853,1.5575843780069327,411578.0,70151274.00000001
513530.SH,1d,2025-09-11,1.5557658323233285,1.5639492878995471,1.5494009224307141,1.563040015057745,686408.0,117630031.00000001
513530.SH,1d,2025-09-12,1.5666771064249534,1.5694049249503597,1.5548565594815267,1.5566751051651306,369807.0,63447728.0
513530.SH,1d,2025-09-15,1.5540538315942358,1.5586165263434848,1.5485785978951367,1.5513162147446862,379489.0,64548574.00000001
513530.SH,1d,2025-09-16,1.556791448443785,1.562266682142884,1.5412782862963383,1.5440159031458875,529879.0,89817045.0
513530.SH,1d,2025-09-17,1.5440159031458875,1.5513162147446862,1.5403657473464885,1.546753519995437,386557.0,65434950.0
513530.SH,1d,2025-09-18,1.5504036757948365,1.5504036757948365,1.5157271957005434,1.5202898904497923,399515.0,67042426.0
513530.SH,1d,2025-09-19,1.5202898904497923,1.53215289679784,1.5202898904497923,1.5257651241488914,322310.0,53899826.0
513530.SH,1d,2025-09-22,1.5266776630987413,1.5266776630987413,1.4993014946032468,1.502951650402646,283885.0,46883694.0
513530.SH,1d,2025-09-23,1.502951650402646,1.5102519620014445,1.493826260904148,1.497476416703547,355141.0,58387757.0
513530.SH,1d,2025-09-24,1.5002140335530967,1.5093394230515949,1.4947387998539978,1.5011265725029463,288417.0,47453177.00000001
513530.SH,1d,2025-09-25,1.5011265725029463,1.502951650402646,1.4819632545561003,1.48287579350595,308908.0,50397728.0
513530.SH,1d,2025-09-26,1.4810507156062505,1.4956513388038475,1.4764880208570015,1.4947387998539978,360609.0,58816524.0
513530.SH,1d,2025-09-29,1.4947387998539976,1.502951650402646,1.4865259493053493,1.5002140335530965,264645.0,43338249.99999999
513530.SH,1d,2025-09-30,1.497476416703547,1.5047767283023457,1.489263566154899,1.4956513388038475,247050.0,40481651.0
513530.SH,1d,2025-10-09,1.489263566154899,1.4983889556533971,1.4801381766564008,1.497476416703547,409012.0,66759406.0
513530.SH,1d,2025-10-10,1.4965638777536974,1.5139021178008438,1.489263566154899,1.502951650402646,382046.0,62994332.0
513530.SH,1d,2025-10-13,1.5002140335530967,1.5002140335530967,1.4764880208570015,1.492913721954298,497848.0,81024505.0
513530.SH,1d,2025-10-14,1.4993014946032468,1.5266776630987413,1.4965638777536974,1.5093394230515949,989560.0,164148904.0
513530.SH,1d,2025-10-15,1.5166397346503935,1.5321528967978402,1.5129895788509942,1.5294152799482907,715233.0,119330951.0
513530.SH,1d,2025-10-16,1.5330654357476898,1.552228753694536,1.5266776630987413,1.5494911368449866,716689.0,121379133.99999999
513530.SH,1d,2025-10-17,1.5522287536945358,1.5650042989924333,1.5312403578479903,1.53215289679784,838194.0,141829232.0
513530.SH,1d,2025-10-20,1.5470349524828044,1.5507052607923721,1.5314361421671414,1.5451997983280203,945470.0,158685535.0
513530.SH,1d,2025-10-21,1.5461173754054123,1.5543755691019399,1.5451997983280203,1.5488701066375883,423650.0,71515711.0
513530.SH,1d,2025-10-22,1.5433646441732365,1.5451997983280203,1.5341888733993172,1.5433646441732365,345657.0,57984483.99999999
513530.SH,1d,2025-10-23,1.5424470670958446,1.5635513398758591,1.5415294900184526,1.5617161857210753,632373.0,107013502.00000001
513530.SH,1d,2025-10-24,1.5607986086436836,1.5663040711080352,1.5571283003341156,1.5617161857210753,494911.0,84186817.0
513530.SH,1d,2025-10-27,1.565386494030643,1.5763974189593464,1.5589634544888995,1.5763974189593464,607793.0,103983716.0
513530.SH,1d,2025-10-28,1.5782325731141302,1.5782325731141302,1.5644689169532513,1.5690568023402107,516860.0,88422161.0
513530.SH,1d,2025-10-29,1.5699743794176027,1.5809853043463058,1.5690568023402107,1.580067727268914,170907.0,29372852.000000004
513530.SH,1d,2025-10-30,1.5809853043463058,1.5864907668106576,1.565386494030643,1.5754798418819542,722067.0,124086170.0
513530.SH,1d,2025-10-31,1.5754798418819542,1.581902881423698,1.565386494030643,1.5672216481854269,579175.0,99155848.00000001
513530.SH,1d,2025-11-03,1.5681392252628188,1.596584114661969,1.5672216481854269,1.594748960507185,708914.0,122566566.99999999
513530.SH,1d,2025-11-04,1.596584114661969,1.614018079132416,1.5919962292750094,1.5938313834297932,1080190.0,188763555.0
513530.SH,1d,2025-11-05,1.5938313834297932,1.598419268816753,1.5773149960367383,1.5938313834297932,494443.0,85486056.0
513530.SH,1d,2025-11-06,1.595666537584577,1.6204411186741592,1.595666537584577,1.6195235415967675,666415.0,117230097.99999999
513530.SH,1d,2025-11-07,1.625946581138511,1.6296168894480787,1.6204411186741592,1.6277817352932948,555997.0,98446450.99999999
513530.SH,1d,2025-11-10,1.6351223519124303,1.6479684309959175,1.6296168894480787,1.6461332768411334,563858.0,100807102.0
513530.SH,1d,2025-11-11,1.6498035851507014,1.6571442017698368,1.6332871977576464,1.638792660221998,731514.0,130905345.0
513530.SH,1d,2025-11-12,1.6433805456089579,1.6672375496211482,1.6433805456089579,1.6654023954663644,844939.0,152849685.0
513530.SH,1d,2025-11-13,1.6709078579307157,1.6745781662402834,1.6461332768411334,1.6571442017698368,1044957.0,188478808.00000003
513530.SH,1d,2025-11-14,1.6571442017698368,1.6571442017698368,1.6369575060672141,1.63971023729939,916361.0,164213024.0
513530.SH,1d,2025-11-17,1.639128025468014,1.639128025468014,1.6188463513621105,1.6225339284722748,833655.0,146963329.0
513530.SH,1d,2025-11-18,1.6225339284722748,1.6262215055824392,1.5921114173134197,1.596720888701125,856061.0,148834802.0
513530.SH,1d,2025-11-19,1.596720888701125,1.610549302864241,1.595798994423584,1.6013303600888305,761045.0,132188450.99999999
513530.SH,1d,2025-11-20,1.6031741486439124,1.6096274085867,1.594877100146043,1.596720888701125,839468.0,145885494.0
513530.SH,1d,2025-11-21,1.5921114173134194,1.5939552058685016,1.567220271819811,1.5681421660973518,682732.0,116642218.0
513530.SH,1d,2025-11-24,1.5727516374850572,1.5745954260401394,1.5570794347668593,1.5635326947096466,499070.0,84603949.0
513530.SH,1d,2025-11-25,1.567220271819811,1.581048685982927,1.5662983775422699,1.5755173203176807,394556.0,67353119.0
513530.SH,1d,2025-11-26,1.5773611088727624,1.58381436881555,1.5727516374850572,1.5736735317625983,515207.0,88072460.0
513530.SH,1d,2025-11-27,1.5718297432075163,1.5801267917053858,1.5644545889871877,1.5699859546524342,522338.0,89100641.99999999
513530.SH,1d,2025-11-28,1.570907848929975,1.5764392145952215,1.5607670118770236,1.5616889061545645,429492.0,72908363.00000001
513530.SH,1d,2025-12-01,1.5626108004321053,1.570907848929975,1.5616889061545645,1.569985954652434,1090859.0,185387575.0
513530.SH,1d,2025-12-02,1.5718297432075163,1.5875019459257143,1.5718297432075163,1.581970580260468,1177795.0,202022891.00000003
513530.SH,1d,2025-12-03,1.582892474538009,1.5902676287583377,1.5699859546524342,1.5736735317625985,1531365.0,262305610.0
513530.SH,1d,2025-12-04,1.5745954260401394,1.58381436881555,1.5745954260401394,1.581970580260468,428915.0,73543370.0
513530.SH,1d,2025-12-05,1.581970580260468,1.5865800516481734,1.5736735317625985,1.5847362630930912,623206.0,106748012.00000001
513530.SH,1d,2025-12-08,1.585658157370632,1.5875019459257143,1.5699859546524342,1.5718297432075163,1112231.0,190117930.0
513530.SH,1d,2025-12-09,1.5718297432075163,1.5718297432075163,1.5460167034363665,1.5487823862689896,913931.0,154155794.0
513530.SH,1d,2025-12-10,1.5497042805465306,1.5506261748240717,1.5183598751101344,1.5238912407753809,1170387.0,193993107.0
513530.SH,1d,2025-12-11,1.5312663949957095,1.5423291263262022,1.5220474522202987,1.5229693464978398,705324.0,117181723.00000001
513530.SH,1d,2025-12-12,1.5275788178855452,1.537719654938497,1.524813135052922,1.5349539721058736,727705.0,120838108.00000001
513530.SH,1d,2025-12-15,1.535660250062206,1.5468151671328758,1.5291532151043155,1.542167285020097,715092.0,118559902.0
513530.SH,1d,2025-12-16,1.5430968614426528,1.551463049245655,1.5096321102306434,1.5142799923434225,1345317.0,219829910.0
513530.SH,1d,2025-12-17,1.5152095687659781,1.5179982980336457,1.5068433809629758,1.516139145188534,697079.0,113546039.00000001
513530.SH,1d,2025-12-18,1.5170687216110896,1.520787027301313,1.5087025338080875,1.5189278744562014,710290.0,115821061.99999999
513530.SH,1d,2025-12-19,1.5245053329915363,1.5282236386817596,1.5142799923434225,1.5170687216110896,969792.0,158358395.0
513530.SH,1d,2025-12-22,1.5198574508787572,1.520787027301313,1.5087025338080875,1.5114912630757549,773991.0,125896023.0
513530.SH,1d,2025-12-23,1.5152095687659783,1.5282236386817598,1.511491263075755,1.5179982980336457,833717.0,136398862.0
513530.SH,1d,2025-12-24,1.5198574508787572,1.520787027301313,1.5096321102306434,1.5152095687659783,490405.0,79838692.0
513530.SH,1d,2025-12-25,1.5142799923434225,1.5152095687659783,1.511491263075755,1.5142799923434225,254951.0,41500120.0
513530.SH,1d,2025-12-26,1.5142799923434225,1.5198574508787572,1.5124208394983107,1.5189278744562014,318864.0,52003843.00000001
513530.SH,1d,2025-12-29,1.5189278744562016,1.5189278744562016,1.4984771931599736,1.501265922427641,1053009.0,170710376.0
513530.SH,1d,2025-12-30,1.501265922427641,1.5077729573855316,1.4975476167374178,1.5049842281178643,703799.0,113816925.0
513530.SH,1d,2025-12-31,1.50591380454042,1.50591380454042,1.4901110053569713,1.4947588874697502,696370.0,111918643.0
513530.SH,1d,2026-01-05,1.4984771931599736,1.5003363460050854,1.4854631232441922,1.4882518525118595,1074593.0,172251959.0
513530.SH,1d,2026-01-06,1.491040581779527,1.496618040314862,1.486392699666748,1.496618040314862,1127551.0,181039529.0
513530.SH,1d,2026-01-07,1.496618040314862,1.501265922427641,1.4891814289344154,1.4919701582020828,944970.0,151844218.00000003
513530.SH,1d,2026-01-08,1.4919701582020828,1.4928997346246387,1.481744817553969,1.4826743939765246,784575.0,125353603.00000001
513530.SH,1d,2026-01-09,1.485463123244192,1.4901110053569713,1.4826743939765246,1.486392699666748,1271302.0,203217737.00000003
513530.SH,1d,2026-01-12,1.4873222760893037,1.4901110053569713,1.475237782596078,1.4826743939765246,1163542.0,185295860.0
513530.SH,1d,2026-01-13,1.4845335468216363,1.501265922427641,1.4845335468216363,1.4938293110471945,1315838.0,211368028.0
513530.SH,1d,2026-01-14,1.495688463892306,1.5003363460050854,1.487322276089304,1.4928997346246387,1086296.0,174485039.0
513530.SH,1d,2026-01-15,1.4919701582020828,1.5049842281178643,1.4910405817795271,1.495688463892306,1122949.0,180950157.0
513530.SH,1d,2026-01-16,1.4975476167374178,1.501265922427641,1.4770969354411898,1.4826743939765246,892401.0,142959841.0
513530.SH,1d,2026-01-19,1.4826743939765246,1.4873222760893037,1.4733786297509666,1.4780265118637455,766269.0,121972214.0
513530.SH,1d,2026-01-20,1.475237782596078,1.4826743939765246,1.4687307476381875,1.480815241131413,883540.0,140396029.99999997
513530.SH,1d,2026-01-21,1.4798112985950524,1.485416644423064,1.4770086256810468,1.478877074290384,521734.0,82743707.0
513530.SH,1d,2026-01-22,1.4807455228997213,1.5022326819070988,1.4807455228997213,1.4994300089930932,924110.0,147936915.0
513530.SH,1d,2026-01-23,1.502232681907099,1.5069038034304418,1.4891535416417387,1.491021990251076,776314.0,124304134.99999999
513530.SH,1d,2026-01-26,1.4919562145557443,1.5069038034304418,1.4872850930324015,1.502232681907099,768661.0,123325591.00000001
513530.SH,1d,2026-01-27,1.5059695791257734,1.518114495086465,1.5041011305164362,1.5171802707817965,876266.0,141947066.0
513530.SH,1d,2026-01-28,1.518114495086465,1.5517465700545343,1.518114495086465,1.5508123457498657,1371562.0,225730403.00000003
513530.SH,1d,2026-01-29,1.5498781214451973,1.5722995047572434,1.546141224226523,1.568562607538569,1424568.0,238222110.0
513530.SH,1d,2026-01-30,1.568562607538569,1.5751021776712495,1.54147010270318,1.5498781214451973,1331606.0,221629124.0
513530.SH,1d,2026-02-02,1.5470754485311915,1.5470754485311915,1.5059695791257734,1.513443373563122,2316957.0,376802049.0
513530.SH,1d,2026-02-03,1.522785616609808,1.5396016540938426,1.5199829436958021,1.5358647568751682,1589462.0,260604052.0
513530.SH,1d,2026-02-04,1.5367989811798368,1.562023037405889,1.5358647568751684,1.5592203644918832,1371715.0,227634616.0
513530.SH,1d,2026-02-05,1.557351915882546,1.5629572617105576,1.54147010270318,1.5610888131012204,1113627.0,185110956.99999997
513530.SH,1d,2026-02-06,1.552680794359203,1.5648257103198948,1.5424043270078485,1.5601545887965518,679061.0,112981021.00000001
513530.SH,1d,2026-02-09,1.5648257103198948,1.5788390748899235,1.5648257103198948,1.573233729061912,986095.0,166049612.0
513530.SH,1d,2026-02-10,1.5760364019759179,1.5807075234992607,1.5704310561479062,1.5769706262805863,653705.0,110277009.00000001
513530.SH,1d,2026-02-11,1.5779048505852549,1.5835101964132665,1.5713652804525748,1.5816417478039293,814541.0,137659822.0
513530.SH,1d,2026-02-12,1.5853786450226037,1.5909839908506151,1.5788390748899235,1.5844444207179351,830382.0,140968886.00000003
513530.SH,1d,2026-02-13,1.5807075234992607,1.5807075234992607,1.5657599346245632,1.570431056147906,888293.0,149389039.0
513530.SH,1d,2026-02-24,1.5863128693272723,1.603128906811307,1.5853786450226037,1.5984577852879642,998464.0,170723011.0
513530.SH,1d,2026-02-25,1.6040631311159756,1.6115369255533245,1.5928524394599526,1.6003262338973014,1160648.0,199294723.99999997
513530.SH,1d,2026-02-26,1.6034184957928197,1.6034184957928197,1.581814145820216,1.5874500632043733,1098193.0,185801645.0
513530.SH,1d,2026-02-27,1.5789961871281373,1.5883893827683997,1.5696029914878746,1.5874500632043733,999220.0,167966103.0
513530.SH,1d,2026-03-02,1.5883893827683995,1.600600537100741,1.5705423110519008,1.593085980588531,1569444.0,264947587.0
513530.SH,1d,2026-03-03,1.5893287023324258,1.6165689696891874,1.5865107436403472,1.5977825784086623,2731783.0,465719792.99999994
513530.SH,1d,2026-03-04,1.5977825784086623,1.5977825784086623,1.5592704762835858,1.5649063936677434,2254178.0,377066509.0
513530.SH,1d,2026-03-05,1.5733602697439797,1.5977825784086623,1.5733602697439797,1.5836927849482685,2036235.0,344050475.0
513530.SH,1d,2026-03-06,1.578056867564111,1.596843258844636,1.5733602697439797,1.5959039392806098,1174338.0,198064818.99999997
513530.SH,1d,2026-03-09,1.5959039392806098,1.6015398566647674,1.5771175480000847,1.5799355066921634,1500264.0,253152587.00000003
513530.SH,1d,2026-03-10,1.5827534653842423,1.5921466610245048,1.5771175480000847,1.5827534653842423,1419883.0,239653386.0
513530.SH,1d,2026-03-11,1.5789961871281373,1.5987218979726885,1.5752389088720322,1.5977825784086623,1352795.0,228684047.00000003
513530.SH,1d,2026-03-12,1.5977825784086621,1.6015398566647672,1.585571424076321,1.596843258844636,1331815.0,226114368.00000003
513530.SH,1d,2026-03-13,1.5959039392806098,1.5959039392806098,1.5733602697439797,1.5752389088720322,1517582.0,255740898.00000003
513530.SH,1d,2026-03-16,1.5771175480000847,1.585571424076321,1.5696029914878746,1.5808748262561898,1042365.0,174975066.0
513530.SH,1d,2026-03-17,1.582753465384242,1.594025300152557,1.581814145820216,1.582753465384242,1000924.0,169161783.0
513530.SH,1d,2026-03-18,1.5846321045122949,1.5912073414604784,1.5752389088720322,1.5865107436403472,1021386.0,172212207.0
513530.SH,1d,2026-03-19,1.5865107436403472,1.5893287023324258,1.5799355066921634,1.581814145820216,961163.0,162129191.0
513530.SH,1d,2026-03-20,1.581814145820216,1.5874500632043733,1.5752389088720322,1.581814145820216,1286401.0,216751625.0
513530.SH,1d,2026-03-23,1.578000358099139,1.578000358099139,1.5335895695777861,1.53642430076,1251088.0,205324273.0
513530.SH,1d,2026-03-24,1.5477632254888563,1.5647716125821405,1.543983583912571,1.5628817917939979,1204440.0,198078870.0
513530.SH,1d,2026-03-25,1.566661433370283,1.5713859853406398,1.5562674190354984,1.5676063437643544,1175035.0,194813677.00000003
513530.SH,1d,2026-03-26,1.5732758061287824,1.5817799996754245,1.5676063437643544,1.5685512541584257,853794.0,142218082.99999997
513530.SH,1d,2026-03-27,1.566661433370283,1.5798901788872817,1.5619368813999264,1.5751656269169252,892569.0,148300701.00000003
513530.SH,1d,2026-03-30,1.5704410749465683,1.5732758061287824,1.5600470606117838,1.572330895734711,1162810.0,192808817.0
513530.SH,1d,2026-03-31,1.5713859853406398,1.5751656269169252,1.5515428670651417,1.5543775982473556,1171250.0,193440306.0
513530.SH,1d,2026-04-01,1.563826702188069,1.5742207165228537,1.5619368813999264,1.5694961645524972,900101.0,149497292.0
513530.SH,1d,2026-04-02,1.5676063437643544,1.574220716522854,1.560991971005855,1.5666614333702833,691339.0,114650029.0
513530.SH,1d,2026-04-03,1.568551254158426,1.574220716522854,1.5647716125821405,1.5666614333702833,471515.0,78342843.0
513530.SH,1d,2026-04-07,1.5666614333702833,1.5751656269169252,1.5647716125821405,1.568551254158426,615408.0,102262835.0
513530.SH,1d,2026-04-08,1.579890178887282,1.579890178887282,1.5647716125821405,1.5761105373109967,978351.0,162844329.0
513530.SH,1d,2026-04-09,1.574220716522854,1.579890178887282,1.568551254158426,1.5789452684932106,783981.0,130712909.0
513530.SH,1d,2026-04-10,1.583669820463567,1.591229103616138,1.582724910069496,1.588394372433924,817475.0,137323900.0
513530.SH,1d,2026-04-13,1.5789452684932106,1.5902841932220666,1.5789452684932106,1.589339282827995,638449.0,106961783.00000001
513530.SH,1d,2026-04-14,1.594063834798352,1.5950087451924233,1.588394372433924,1.5950087451924233,675990.0,113898175.0
513530.SH,1d,2026-04-15,1.5978434763746374,1.5978434763746374,1.5846147308576386,1.58555964125171,798326.0,134181993.00000001
513530.SH,1d,2026-04-16,1.5865045516457812,1.588394372433924,1.582724910069496,1.5874494620398525,707539.0,118707447.0
513530.SH,1d,2026-04-17,1.5874494620398525,1.5874494620398525,1.5751656269169252,1.5789452684932106,991106.0,165648168.0
513530.SH,1d,2026-04-20,1.5864908013097268,1.5864908013097268,1.5750771984226064,1.58268626701402,879453.0,146146513.99999997
513530.SH,1d,2026-04-21,1.5826862670140198,1.5998066713447003,1.581735133440093,1.5998066713447003,922309.0,154458865.0
513530.SH,1d,2026-04-22,1.5979044041968469,1.5988555377707734,1.584588534161873,1.5855396677357998,959158.0,160231924.0
513530.SH,1d,2026-04-23,1.5864908013097268,1.5931487363272134,1.58268626701402,1.5912464691793602,803389.0,134166261.0
513530.SH,1d,2026-04-24,1.5893442020315067,1.5931487363272134,1.5836374005879466,1.5921976027532867,680659.0,113722064.99999999
513530.SH,1d,2026-04-27,1.5931487363272134,1.5940998699011402,1.5836374005879466,1.5864908013097265,841663.0,140526197.0
513530.SH,1d,2026-04-28,1.5855396677358,1.5874419348836533,1.5769794655704599,1.5874419348836533,791014.0,131483668.0
513530.SH,1d,2026-04-29,1.5893442020315065,1.6055134727882605,1.58839306845758,1.603611205640407,1666669.0,280116176.0
513530.SH,1d,2026-04-30,1.603611205640407,1.603611205640407,1.58839306845758,1.5893442020315065,1211734.0,203165848.99999997
513530.SH,1d,2026-05-06,1.58839306845758,1.595051003475067,1.5798328662922398,1.5940998699011402,1032131.0,172104383.00000003
513530.SH,1d,2026-05-07,1.5950510034750667,1.5979044041968469,1.5864908013097265,1.59124646917936,777922.0,130084150.0
513530.SH,1d,2026-05-08,1.5874419348836533,1.58839306845758,1.5779305991443864,1.5826862670140198,1178719.0,195952685.0
513530.SH,1d,2026-05-11,1.58268626701402,1.5864908013097268,1.5807839998661666,1.5864908013097268,923297.0,153764946.0
513530.SH,1d,2026-05-12,1.5864908013097265,1.5931487363272134,1.5855396677358,1.5921976027532867,855235.0,143030507.0
513530.SH,1d,2026-05-13,1.5921976027532867,1.5940998699011402,1.5874419348836533,1.5902953356054332,911162.0,152360101.0
513530.SH,1d,2026-05-14,1.5912464691793602,1.5940998699011402,1.5836374005879466,1.5864908013097265,880928.0,146948972.0
513530.SH,1d,2026-05-15,1.5864908013097268,1.5883930684575802,1.5788817327183131,1.581735133440093,2058458.0,342701841.0
513530.SH,1d,2026-05-18,1.5874285315093293,1.5874285315093293,1.5730669947345164,1.5749818663044914,751040.0,123839846.0
513530.SH,1d,2026-05-19,1.5768967378744665,1.5835987883693792,1.5749818663044914,1.5807264810144166,647496.0,106868436.99999999
513530.SH,1d,2026-05-20,1.5807264810144166,1.5826413525843916,1.5730669947345164,1.575939302089479,618958.0,101999544.0
513530.SH,1d,2026-05-21,1.5788116094444415,1.5807264810144166,1.5682798158095788,1.5692372515945663,678658.0,111612175.0
513530.SH,1d,2026-05-22,1.5711521231645413,1.5721095589495289,1.5548757148197534,1.5634926368846411,890819.0,145304640.00000003
513530.SH,1d,2026-05-25,1.5625352010996536,1.5644500726696287,1.5567905863897284,1.5587054579597035,372174.0,60650671.00000001
513530.SH,1d,2026-05-26,1.5577480221747158,1.561577765314666,1.5500885358948155,1.5587054579597033,880303.0,142989683.0
513530.SH,1d,2026-05-27,1.5567905863897284,1.5567905863897284,1.5414716138299278,1.5472162285398532,896188.0,144846104.0
513530.SH,1d,2026-05-28,1.5462587927548654,1.5462587927548654,1.516578283420252,1.5194505907752145,2585335.0,411338113.00000006
513530.SH,1d,2026-05-29,1.5194505907752145,1.5405141780449403,1.518493154990227,1.5385993064749652,1310914.0,209783029.0
513530.SH,1d,2026-06-01,1.5347695633350151,1.561577765314666,1.5318972559800526,1.5606203295296786,915402.0,148541491.0
513530.SH,1d,2026-06-02,1.5625352010996534,1.5721095589495286,1.5558331506047407,1.5587054579597033,1121623.0,182998265.0
513530.SH,1d,2026-06-03,1.5606203295296783,1.561577765314666,1.5443439211848904,1.5539182790347656,834261.0,135032727.0
513530.SH,1d,2026-06-04,1.5539182790347656,1.5577480221747158,1.5472162285398532,1.5491311001098282,631701.0,102419512.00000001
513530.SH,1d,2026-06-05,1.5491311001098282,1.5567905863897284,1.5472162285398532,1.5529608432497783,857262.0,138941871.0
513530.SH,1d,2026-06-08,1.5481736643248405,1.559662893744691,1.5424290496149153,1.5529608432497781,825851.0,133840378.0
513530.SH,1d,2026-06-09,1.5529608432497781,1.5529608432497781,1.5424290496149153,1.549131100109828,804859.0,129993369.0
513530.SH,1d,2026-06-10,1.545301356969878,1.545301356969878,1.5242377697001523,1.5271100770551147,1449823.0,231967679.00000003
513530.SH,1d,2026-06-11,1.53285469176504,1.5366844349049902,1.5156208476352644,1.5232803339151646,1008211.0,160486783.0
513530.SH,1d,2026-06-12,1.5271100770551147,1.5414716138299278,1.5261526412701274,1.5414716138299278,878168.0,141001141.0
513530.SH,1d,2026-06-15,1.5462923030073399,1.5559085486728084,1.5357144327753247,1.539560931041512,1107866.0,177890400.0
513530.SH,1d,2026-06-16,1.539560931041512,1.5424458047411527,1.5212900642771219,1.5222516888436686,1047513.0,166634217.99999997
513530.SH,1d,2026-06-17,1.5241749379767624,1.526098187109856,1.5030191975127316,1.5059040712123721,955527.0,150289147.0
513530.SH,1d,2026-06-18,1.5030191975127316,1.5030191975127316,1.4597460920181233,1.4626309657177636,1637854.0,251077602.0
513530.SH,1d,2026-06-22,1.4635925902843105,1.4703239622501385,1.4385903515540925,1.4626309657177636,1759608.0,265794633.0
513530.SH,1d,2026-06-23,1.4626309657177636,1.466477463983951,1.4308973550217177,1.433782228721358,1450286.0,218530946.0
513530.SH,1d,2026-06-24,1.441475225253733,1.4453217235199205,1.4241659830558897,1.429935730455171,1352920.0,201545961.00000003
513530.SH,1d,2026-06-25,1.4299357304551708,1.4299357304551708,1.402048618025312,1.4039718671584056,1546166.0,227137394.99999997
513530.SH,1d,2026-06-26,1.4039718671584056,1.4087799899911402,1.383777751260922,1.3982021197591246,1803973.0,261574620.99999997
513530.SH,1d,2026-06-29,1.402048618025312,1.4107032391242336,1.3924323723598435,1.4058951162914994,1193656.0,173859092.0
513530.SH,1d,2026-06-30,1.4058951162914994,1.4068567408580464,1.3664685090630786,1.3674301336296253,1828883.0,261844759.00000003
513530.SH,1d,2026-07-01,1.3674301336296253,1.3828161266943748,1.3664685090630786,1.3712766318958127,921307.0,131702083.0
513530.SH,1d,2026-07-02,1.3789696284281876,1.3982021197591246,1.3722382564623596,1.3933939969263904,1433574.0,207144219.0
513530.SH,1d,2026-07-03,1.3991637443256713,1.4193578602231554,1.3982021197591246,1.414549737390421,1161254.0,170512649.00000003
513530.SH,1d,2026-07-06,1.415511361956968,1.435705477854452,1.4145497373904212,1.4337822287213582,1228112.0,182229992.0
513530.SH,1d,2026-07-07,1.435705477854452,1.4376287269875456,1.4126264882573274,1.4174346110900617,1516473.0,223991191.0
513530.SH,1d,2026-07-08,1.4232043584893428,1.448206597219561,1.4232043584893428,1.4453217235199203,1347721.0,201919696.0
513530.SH,1d,2026-07-09,1.4453217235199205,1.448206597219561,1.4318589795882646,1.434743853287905,1201098.0,179737587.0
513530.SH,1d,2026-07-10,1.4366671024209987,1.4424368498202798,1.4251276076224364,1.4385903515540925,1013303.0,151178003.0
513530.SH,1d,2026-07-13,1.4376287269875454,1.4462833480864672,1.434743853287905,1.4424368498202798,1256803.0,188389779.0
513530.SH,1d,2026-07-14,1.4453217235199203,1.467439088550498,1.4405136006871861,1.4655158394174044,1367960.0,206832942.0
513530.SH,1d,2026-07-15,1.468400713117045,1.4828250816152477,1.4635925902843105,1.4780169587825134,1478853.0,226596307.0
513530.SH,1d,2026-07-16,1.4857099553148883,1.4924413272807162,1.4751320850828729,1.4770553342159667,1367641.0,210990201.0
513530.SH,1d,2026-07-17,1.4780169587825136,1.4914797027141695,1.4645542148508577,1.4732088359497792,2090680.0,321007890.0
513530.SH,1d,2026-07-20,1.4791399747233132,1.5052083685337108,1.4714160061868988,1.5042428724666592,2331318.0,360871533.0
513530.SH,1d,2026-07-21,1.5052083685337108,1.512932337070125,1.4936224157290896,1.4965189039302447,1830586.0,284968082.0
513530.SH,1d,2026-07-22,1.4965189039302447,1.512932337070125,1.4955534078631931,1.511966841003073,1548657.0,241703518.0
513530.SH,1d,2026-07-23,1.5148633292042286,1.5399662269475747,1.5148633292042286,1.5399662269475747,1714795.0,271905341.0
513530.SH,1d,2026-07-24,1.5399662269475747,1.54286271514873,1.5274147780759018,1.5293457702100053,1822090.0,289788428.00000006
513530.SH,1d,2026-07-27,1.5206563056065392,1.5390007308805227,1.5206563056065392,1.5361042426793676,1063854.0,168841925.0
513530.SH,1d,2026-07-28,1.5361042426793676,1.5505866836851443,1.5332077544782123,1.5505866836851443,1656637.0,264813356.0
513530.SH,1d,2026-07-29,1.5544486679533513,1.5727930932273348,1.5544486679533513,1.571827597160283,1524364.0,247446687.00000003
513530.SH,1d,2026-07-30,1.5737585892943868,1.5824480538978525,1.5737585892943868,1.5824480538978525,1609962.0,263325521.0
513530.SH,1d,2026-07-31,1.5641036286238688,1.5727930932273348,1.555414164020403,1.5670001168250243,1955072.0,315932940.0
513530.SH,1d,2026-08-03,1.564103628623869,1.571827597160283,1.5486556915510408,1.5496211876180923,1851804.0,298846919.0
513530.SH,1d,2026-08-04,1.550586683685144,1.555414164020403,1.5245182898747462,1.525483785941798,1605104.0,255231463.0
513530.SH,1d,2026-08-05,1.5216218016735907,1.5235527938076945,1.5090703528019178,1.5206563056065392,1535521.0,241189031.0
513530.SH,1d,2026-08-06,1.5206563056065392,1.5206563056065392,1.5052083685337108,1.512932337070125,1757218.0,275085088.0
513530.SH,1d,2026-08-07,1.5148633292042286,1.5196908095394872,1.5071393606678143,1.511966841003073,1256671.0,196753029.00000003
513530.SH,1d,2026-08-10,1.5138978331371766,1.5322422584111604,1.5110013449360216,1.5283802741429533,1589623.0,251071168.00000003
513530.SH,1d,2026-08-11,1.5332077544782123,1.5418972190816782,1.5274147780759018,1.5293457702100053,1389526.0,220769851.00000003
513530.SH,1d,2026-08-12,1.5303112662770568,1.5303112662770568,1.512932337070125,1.5196908095394872,1452554.0,228351154.0
513530.SH,1d,2026-08-13,1.5158288252712802,1.5196908095394872,1.512932337070125,1.5148633292042286,1194877.0,187543988.0
513530.SH,1d,2026-08-14,1.5148633292042286,1.5225872977406427,1.5090703528019178,1.5225872977406427,1446760.0,227562149.0
513530.SH,1d,2026-08-17,1.568,1.586,1.568,1.583,1733836.0,274082401.0
513530.SH,1d,2026-08-18,1.581,1.593,1.577,1.593,1572083.0,249525832.0
513530.SH,1d,2026-08-19,1.5939999999999999,1.601,1.583,1.597,1674204.0,266835999.0
513530.SH,1d,2026-08-20,1.6,1.615,1.598,1.611,1807451.0,290338824.0
513530.SH,1d,2026-08-21,1.615,1.627,1.615,1.626,1663654.0,270047522.0
513530.SH,1d,2026-08-24,1.625,1.634,1.619,1.633,1948631.0,317135238.00000006
513530.SH,1d,2026-08-25,1.6340000000000001,1.637,1.618,1.622,1736731.0,282503420.0
513530.SH,1d,2026-08-26,1.619,1.619,1.619,1.619,5931.0,960229.0
